    0.06489256   -0.00000002    0.10280327    0.09752430   -0.00000003    0.16087182
    0.06489255    0.00000006    0.10280327    0.09752429    0.00000010    0.16087182
    0.06489254    0.00000014    0.10280327    0.09752427    0.00000022    0.16087182
    0.06489251    0.00000022    0.10280327    0.09752423    0.00000033    0.16087182
    0.06489248    0.00000029    0.10280327    0.09752418    0.00000044    0.16087182
    0.06489244    0.00000036    0.10280327    0.09752412    0.00000054    0.16087182
    0.06489238    0.00000042    0.10280327    0.09752404    0.00000064    0.16087182
    0.06489233    0.00000047    0.10280327    0.09752395    0.00000072    0.16087182
    0.06489226    0.00000052    0.10280327    0.09752385    0.00000079    0.16087182
    0.06489219    0.00000056    0.10280327    0.09752375    0.00000085    0.16087182
    0.06489212    0.00000059    0.10280327    0.09752363    0.00000090    0.16087182
    0.06489204    0.00000061    0.10280327    0.09752352    0.00000093    0.16087182
    0.06489196    0.00000062    0.10280327    0.09752340    0.00000094    0.16087182
    0.06489188    0.00000062    0.10280327    0.09752328    0.00000094    0.16087182
    0.06489180    0.00000061    0.10280327    0.09752316    0.00000093    0.16087182
    0.06489172    0.00000059    0.10280327    0.09752304    0.00000090    0.16087182
    0.06489164    0.00000056    0.10280327    0.09752293    0.00000085    0.16087182
    0.06489157    0.00000052    0.10280327    0.09752282    0.00000079    0.16087182
    0.06489151    0.00000047    0.10280327    0.09752272    0.00000072    0.16087182
    0.06489145    0.00000042    0.10280327    0.09752263    0.00000064    0.16087182
    0.06489140    0.00000036    0.10280327    0.09752256    0.00000054    0.16087182
    0.06489136    0.00000029    0.10280327    0.09752249    0.00000044    0.16087182
    0.06489132    0.00000022    0.10280327    0.09752244    0.00000033    0.16087182
    0.06489130    0.00000014    0.10280327    0.09752240    0.00000022    0.16087182
    0.06489128    0.00000006    0.10280327    0.09752238    0.00000010    0.16087182
    0.06489128   -0.00000002    0.10280327    0.09752237   -0.00000003    0.16087182
    0.06489128   -0.00000010    0.10280327    0.09752238   -0.00000015    0.16087182
    0.06489130   -0.00000018    0.10280327    0.09752240   -0.00000027    0.16087182
    0.06489132   -0.00000026    0.10280327    0.09752244   -0.00000038    0.16087182
    0.06489136   -0.00000033    0.10280327    0.09752249   -0.00000049    0.16087182
    0.06489140   -0.00000040    0.10280327    0.09752256   -0.00000059    0.16087182
    0.06489145   -0.00000046    0.10280327    0.09752263   -0.00000069    0.16087182
    0.06489151   -0.00000051    0.10280327    0.09752272   -0.00000077    0.16087182
    0.06489157   -0.00000056    0.10280327    0.09752282   -0.00000084    0.16087182
    0.06489164   -0.00000060    0.10280327    0.09752293   -0.00000090    0.16087182
    0.06489172   -0.00000063    0.10280327    0.09752304   -0.00000095    0.16087182
    0.06489180   -0.00000065    0.10280327    0.09752316   -0.00000098    0.16087182
    0.06489188   -0.00000066    0.10280327    0.09752328   -0.00000099    0.16087182
    0.06489196   -0.00000066    0.10280327    0.09752340   -0.00000099    0.16087182
    0.06489204   -0.00000065    0.10280327    0.09752352   -0.00000098    0.16087182
    0.06489212   -0.00000063    0.10280327    0.09752363   -0.00000095    0.16087182
    0.06489219   -0.00000060    0.10280327    0.09752375   -0.00000090    0.16087182
    0.06489226   -0.00000056    0.10280327    0.09752385   -0.00000084    0.16087182
    0.06489233   -0.00000051    0.10280327    0.09752395   -0.00000077    0.16087182
    0.06489238   -0.00000046    0.10280327    0.09752404   -0.00000069    0.16087182
    0.06489244   -0.00000040    0.10280327    0.09752412   -0.00000059    0.16087182
    0.06489248   -0.00000033    0.10280327    0.09752418   -0.00000049    0.16087182
    0.06489251   -0.00000026    0.10280327    0.09752423   -0.00000038    0.16087182
    0.06489254   -0.00000018    0.10280327    0.09752427   -0.00000027    0.16087182
    0.06489255   -0.00000010    0.10280327    0.09752429   -0.00000015    0.16087182
    0.06489832   -0.00000002    0.10280348    0.09753296   -0.00000003    0.16087214
    0.06489827    0.00000078    0.10280348    0.09753289    0.00000119    0.16087214
    0.06489812    0.00000157    0.10280348    0.09753266    0.00000238    0.16087214
    0.06489787    0.00000234    0.10280348    0.09753229    0.00000353    0.16087214
    0.06489753    0.00000307    0.10280348    0.09753177    0.00000463    0.16087214
    0.06489710    0.00000375    0.10280348    0.09753113    0.00000566    0.16087214
    0.06489659    0.00000437    0.10280348    0.09753035    0.00000660    0.16087214
    0.06489600    0.00000492    0.10280348    0.09752947    0.00000743    0.16087214
    0.06489535    0.00000539    0.10280348    0.09752849    0.00000814    0.16087214
    0.06489465    0.00000578    0.10280348    0.09752744    0.00000873    0.16087214
    0.06489390    0.00000607    0.10280348    0.09752631    0.00000917    0.16087214
    0.06489312    0.00000627    0.10280348    0.09752514    0.00000947    0.16087214
    0.06489232    0.00000637    0.10280348    0.09752394    0.00000963    0.16087214
    0.06489151    0.00000637    0.10280348    0.09752273    0.00000963    0.16087214
    0.06489072    0.00000627    0.10280348    0.09752153    0.00000947    0.16087214
    0.06488994    0.00000607    0.10280348    0.09752036    0.00000917    0.16087214
    0.06488919    0.00000578    0.10280348    0.09751924    0.00000873    0.16087214
    0.06488848    0.00000539    0.10280348    0.09751818    0.00000814    0.16087214
    0.06488783    0.00000492    0.10280348    0.09751720    0.00000743    0.16087214
    0.06488725    0.00000437    0.10280348    0.09751632    0.00000660    0.16087214
    0.06488673    0.00000375    0.10280348    0.09751555    0.00000566    0.16087214
    0.06488630    0.00000307    0.10280348    0.09751490    0.00000463    0.16087214
    0.06488596    0.00000234    0.10280348    0.09751438    0.00000353    0.16087214
    0.06488571    0.00000157    0.10280348    0.09751401    0.00000238    0.16087214
    0.06488556    0.00000078    0.10280348    0.09751378    0.00000119    0.16087214
    0.06488551   -0.00000002    0.10280348    0.09751371   -0.00000003    0.16087214
    0.06488556   -0.00000082    0.10280348    0.09751378   -0.00000124    0.16087214
    0.06488571   -0.00000161    0.10280348    0.09751401   -0.00000243    0.16087214
    0.06488596   -0.00000238    0.10280348    0.09751438   -0.00000359    0.16087214
    0.06488630   -0.00000311    0.10280348    0.09751490   -0.00000468    0.16087214
    0.06488673   -0.00000379    0.10280348    0.09751555   -0.00000571    0.16087214
    0.06488725   -0.00000441    0.10280348    0.09751632   -0.00000665    0.16087214
    0.06488783   -0.00000496    0.10280348    0.09751720   -0.00000748    0.16087214
    0.06488848   -0.00000543    0.10280348    0.09751818   -0.00000819    0.16087214
    0.06488919   -0.00000582    0.10280348    0.09751924   -0.00000878    0.16087214
    0.06488994   -0.00000611    0.10280348    0.09752036   -0.00000922    0.16087214
    0.06489072   -0.00000631    0.10280348    0.09752153   -0.00000953    0.16087214
    0.06489151   -0.00000641    0.10280348    0.09752273   -0.00000968    0.16087214
    0.06489232   -0.00000641    0.10280348    0.09752394   -0.00000968    0.16087214
    0.06489312   -0.00000631    0.10280348    0.09752514   -0.00000953    0.16087214
    0.06489390   -0.00000611    0.10280348    0.09752631   -0.00000922    0.16087214
    0.06489465   -0.00000582    0.10280348    0.09752744   -0.00000878    0.16087214
    0.06489535   -0.00000543    0.10280348    0.09752849   -0.00000819    0.16087214
    0.06489600   -0.00000496    0.10280348    0.09752947   -0.00000748    0.16087214
    0.06489659   -0.00000441    0.10280348    0.09753035   -0.00000665    0.16087214
    0.06489710   -0.00000379    0.10280348    0.09753113   -0.00000571    0.16087214
    0.06489753   -0.00000311    0.10280348    0.09753177   -0.00000468    0.16087214
    0.06489787   -0.00000238    0.10280348    0.09753229   -0.00000359    0.16087214
    0.06489812   -0.00000161    0.10280348    0.09753266   -0.00000243    0.16087214
    0.06489827   -0.00000082    0.10280348    0.09753289   -0.00000124    0.16087214
    0.06490470   -0.00000002    0.10280409    0.09754255   -0.00000003    0.16087310
    0.06490460    0.00000158    0.10280409    0.09754240    0.00000239    0.16087310
    0.06490430    0.00000316    0.10280409    0.09754195    0.00000478    0.16087310
    0.06490381    0.00000469    0.10280409    0.09754120    0.00000708    0.16087310
    0.06490312    0.00000614    0.10280409    0.09754018    0.00000927    0.16087310
    0.06490226    0.00000750    0.10280409    0.09753888    0.00001132    0.16087310
    0.06490124    0.00000873    0.10280409    0.09753735    0.00001319    0.16087310
    0.06490007    0.00000983    0.10280409    0.09753559    0.00001485    0.16087310
    0.06489877    0.00001078    0.10280409    0.09753363    0.00001627    0.16087310
    0.06489736    0.00001155    0.10280409    0.09753152    0.00001744    0.16087310
    0.06489587    0.00001214    0.10280409    0.09752927    0.00001833    0.16087310
    0.06489431    0.00001254    0.10280409    0.09752694    0.00001894    0.16087310
    0.06489272    0.00001274    0.10280409    0.09752454    0.00001924    0.16087310
    0.06489111    0.00001274    0.10280409    0.09752213    0.00001924    0.16087310
    0.06488952    0.00001254    0.10280409    0.09751973    0.00001894    0.16087310
    0.06488797    0.00001214    0.10280409    0.09751740    0.00001833    0.16087310
    0.06488647    0.00001155    0.10280409    0.09751515    0.00001744    0.16087310
    0.06488507    0.00001078    0.10280409    0.09751304    0.00001627    0.16087310
    0.06488377    0.00000983    0.10280409    0.09751109    0.00001485    0.16087310
    0.06488260    0.00000873    0.10280409    0.09750933    0.00001319    0.16087310
    0.06488157    0.00000750    0.10280409    0.09750779    0.00001132    0.16087310
    0.06488071    0.00000614    0.10280409    0.09750649    0.00000927    0.16087310
    0.06488003    0.00000469    0.10280409    0.09750547    0.00000708    0.16087310
    0.06487953    0.00000316    0.10280409    0.09750472    0.00000478    0.16087310
    0.06487923    0.00000158    0.10280409    0.09750427    0.00000239    0.16087310
    0.06487913   -0.00000002    0.10280409    0.09750412   -0.00000003    0.16087310
    0.06487923   -0.00000162    0.10280409    0.09750427   -0.00000244    0.16087310
    0.06487953   -0.00000320    0.10280409    0.09750472   -0.00000483    0.16087310
    0.06488003   -0.00000473    0.10280409    0.09750547   -0.00000713    0.16087310
    0.06488071   -0.00000618    0.10280409    0.09750649   -0.00000932    0.16087310
    0.06488157   -0.00000754    0.10280409    0.09750779   -0.00001137    0.16087310
    0.06488260   -0.00000877    0.10280409    0.09750933   -0.00001324    0.16087310
    0.06488377   -0.00000987    0.10280409    0.09751109   -0.00001490    0.16087310
    0.06488507   -0.00001082    0.10280409    0.09751304   -0.00001632    0.16087310
    0.06488647   -0.00001159    0.10280409    0.09751515   -0.00001749    0.16087310
    0.06488797   -0.00001218    0.10280409    0.09751740   -0.00001838    0.16087310
    0.06488952   -0.00001258    0.10280409    0.09751973   -0.00001899    0.16087310
    0.06489111   -0.00001278    0.10280409    0.09752213   -0.00001929    0.16087310
    0.06489272   -0.00001278    0.10280409    0.09752454   -0.00001929    0.16087310
    0.06489431   -0.00001258    0.10280409    0.09752694   -0.00001899    0.16087310
    0.06489587   -0.00001218    0.10280409    0.09752927   -0.00001838    0.16087310
    0.06489736   -0.00001159    0.10280409    0.09753152   -0.00001749    0.16087310
    0.06489877   -0.00001082    0.10280409    0.09753363   -0.00001632    0.16087310
    0.06490007   -0.00000987    0.10280409    0.09753559   -0.00001490    0.16087310
    0.06490124   -0.00000877    0.10280409    0.09753735   -0.00001324    0.16087310
    0.06490226   -0.00000754    0.10280409    0.09753888   -0.00001137    0.16087310
    0.06490312   -0.00000618    0.10280409    0.09754018   -0.00000932    0.16087310
    0.06490381   -0.00000473    0.10280409    0.09754120   -0.00000713    0.16087310
    0.06490430   -0.00000320    0.10280409    0.09754195   -0.00000483    0.16087310
    0.06490460   -0.00000162    0.10280409    0.09754240   -0.00000244    0.16087310
    0.06491103   -0.00000002    0.10280511    0.09755206   -0.00000003    0.16087470
    0.06491088    0.00000238    0.10280511    0.09755184    0.00000359    0.16087470
    0.06491043    0.00000473    0.10280511    0.09755116    0.00000715    0.16087470
    0.06490969    0.00000702    0.10280511    0.09755005    0.00001060    0.16087470
    0.06490867    0.00000919    0.10280511    0.09754851    0.00001388    0.16087470
    0.06490738    0.00001122    0.10280511    0.09754658    0.00001693    0.16087470
    0.06490585    0.00001307    0.10280511    0.09754428    0.00001973    0.16087470
    0.06490410    0.00001471    0.10280511    0.09754165    0.00002221    0.16087470
    0.06490216    0.00001612    0.10280511    0.09753873    0.00002434    0.16087470
    0.06490006    0.00001728    0.10280511    0.09753557    0.00002608    0.16087470
    0.06489782    0.00001816    0.10280511    0.09753221    0.00002742    0.16087470
    0.06489550    0.00001876    0.10280511    0.09752872    0.00002832    0.16087470
    0.06489312    0.00001906    0.10280511    0.09752514    0.00002877    0.16087470
    0.06489072    0.00001906    0.10280511    0.09752153    0.00002877    0.16087470
    0.06488834    0.00001876    0.10280511    0.09751795    0.00002832    0.16087470
    0.06488601    0.00001816    0.10280511    0.09751446    0.00002742    0.16087470
    0.06488378    0.00001728    0.10280511    0.09751110    0.00002608    0.16087470
    0.06488167    0.00001612    0.10280511    0.09750794    0.00002434    0.16087470
    0.06487973    0.00001471    0.10280511    0.09750502    0.00002221    0.16087470
    0.06487798    0.00001307    0.10280511    0.09750239    0.00001973    0.16087470
    0.06487645    0.00001122    0.10280511    0.09750009    0.00001693    0.16087470
    0.06487517    0.00000919    0.10280511    0.09749816    0.00001388    0.16087470
    0.06487414    0.00000702    0.10280511    0.09749662    0.00001060    0.16087470
    0.06487340    0.00000473    0.10280511    0.09749551    0.00000715    0.16087470
    0.06487295    0.00000238    0.10280511    0.09749483    0.00000359    0.16087470
    0.06487280   -0.00000002    0.10280511    0.09749461   -0.00000003    0.16087470
    0.06487295   -0.00000242    0.10280511    0.09749483   -0.00000364    0.16087470
    0.06487340   -0.00000477    0.10280511    0.09749551   -0.00000720    0.16087470
    0.06487414   -0.00000706    0.10280511    0.09749662   -0.00001065    0.16087470
    0.06487517   -0.00000923    0.10280511    0.09749816   -0.00001393    0.16087470
    0.06487645   -0.00001126    0.10280511    0.09750009   -0.00001699    0.16087470
    0.06487798   -0.00001311    0.10280511    0.09750239   -0.00001978    0.16087470
    0.06487973   -0.00001475    0.10280511    0.09750502   -0.00002226    0.16087470
    0.06488167   -0.00001616    0.10280511    0.09750794   -0.00002439    0.16087470
    0.06488378   -0.00001732    0.10280511    0.09751110   -0.00002613    0.16087470
    0.06488601   -0.00001820    0.10280511    0.09751446   -0.00002747    0.16087470
    0.06488834   -0.00001880    0.10280511    0.09751795   -0.00002837    0.16087470
    0.06489072   -0.00001910    0.10280511    0.09752153   -0.00002882    0.16087470
    0.06489312   -0.00001910    0.10280511    0.09752514   -0.00002882    0.16087470
    0.06489550   -0.00001880    0.10280511    0.09752872   -0.00002837    0.16087470
    0.06489782   -0.00001820    0.10280511    0.09753221   -0.00002747    0.16087470
    0.06490006   -0.00001732    0.10280511    0.09753557   -0.00002613    0.16087470
    0.06490216   -0.00001616    0.10280511    0.09753873   -0.00002439    0.16087470
    0.06490410   -0.00001475    0.10280511    0.09754165   -0.00002226    0.16087470
    0.06490585   -0.00001311    0.10280511    0.09754428   -0.00001978    0.16087470
    0.06490738   -0.00001126    0.10280511    0.09754658   -0.00001699    0.16087470
    0.06490867   -0.00000923    0.10280511    0.09754851   -0.00001393    0.16087470
    0.06490969   -0.00000706    0.10280511    0.09755005   -0.00001065    0.16087470
    0.06491043   -0.00000477    0.10280511    0.09755116   -0.00000720    0.16087470
    0.06491088   -0.00000242    0.10280511    0.09755184   -0.00000364    0.16087470
    0.06491728   -0.00000002    0.10280654    0.09756146   -0.00000003    0.16087694
    0.06491708    0.00000316    0.10280654    0.09756116    0.00000477    0.16087694
    0.06491649    0.00000629    0.10280654    0.09756026    0.00000950    0.16087694
    0.06491550    0.00000932    0.10280654    0.09755878    0.00001407    0.16087694
    0.06491414    0.00001220    0.10280654    0.09755674    0.00001842    0.16087694
    0.06491244    0.00001489    0.10280654    0.09755418    0.00002248    0.16087694
    0.06491041    0.00001734    0.10280654    0.09755112    0.00002618    0.16087694
    0.06490809    0.00001952    0.10280654    0.09754763    0.00002948    0.16087694
    0.06490551    0.00002140    0.10280654    0.09754376    0.00003230    0.16087694
    0.06490272    0.00002293    0.10280654    0.09753957    0.00003462    0.16087694
    0.06489976    0.00002410    0.10280654    0.09753512    0.00003639    0.16087694
    0.06489667    0.00002490    0.10280654    0.09753048    0.00003758    0.16087694
    0.06489351    0.00002530    0.10280654    0.09752573    0.00003819    0.16087694
    0.06489032    0.00002530    0.10280654    0.09752094    0.00003819    0.16087694
    0.06488716    0.00002490    0.10280654    0.09751619    0.00003758    0.16087694
    0.06488408    0.00002410    0.10280654    0.09751156    0.00003639    0.16087694
    0.06488112    0.00002293    0.10280654    0.09750710    0.00003462    0.16087694
    0.06487833    0.00002140    0.10280654    0.09750291    0.00003230    0.16087694
    0.06487575    0.00001952    0.10280654    0.09749904    0.00002948    0.16087694
    0.06487343    0.00001734    0.10280654    0.09749555    0.00002618    0.16087694
    0.06487140    0.00001489    0.10280654    0.09749250    0.00002248    0.16087694
    0.06486969    0.00001220    0.10280654    0.09748993    0.00001842    0.16087694
    0.06486833    0.00000932    0.10280654    0.09748789    0.00001407    0.16087694
    0.06486735    0.00000629    0.10280654    0.09748641    0.00000950    0.16087694
    0.06486675    0.00000316    0.10280654    0.09748552    0.00000477    0.16087694
    0.06486655   -0.00000002    0.10280654    0.09748521   -0.00000003    0.16087694
    0.06486675   -0.00000320    0.10280654    0.09748552   -0.00000482    0.16087694
    0.06486735   -0.00000633    0.10280654    0.09748641   -0.00000955    0.16087694
    0.06486833   -0.00000936    0.10280654    0.09748789   -0.00001412    0.16087694
    0.06486969   -0.00001224    0.10280654    0.09748993   -0.00001847    0.16087694
    0.06487140   -0.00001493    0.10280654    0.09749250   -0.00002253    0.16087694
    0.06487343   -0.00001738    0.10280654    0.09749555   -0.00002624    0.16087694
    0.06487575   -0.00001956    0.10280654    0.09749904   -0.00002953    0.16087694
    0.06487833   -0.00002144    0.10280654    0.09750291   -0.00003235    0.16087694
    0.06488112   -0.00002297    0.10280654    0.09750710   -0.00003467    0.16087694
    0.06488408   -0.00002414    0.10280654    0.09751156   -0.00003644    0.16087694
    0.06488716   -0.00002494    0.10280654    0.09751619   -0.00003764    0.16087694
    0.06489032   -0.00002534    0.10280654    0.09752094   -0.00003824    0.16087694
    0.06489351   -0.00002534    0.10280654    0.09752573   -0.00003824    0.16087694
    0.06489667   -0.00002494    0.10280654    0.09753048   -0.00003764    0.16087694
    0.06489976   -0.00002414    0.10280654    0.09753512   -0.00003644    0.16087694
    0.06490272   -0.00002297    0.10280654    0.09753957   -0.00003467    0.16087694
    0.06490551   -0.00002144    0.10280654    0.09754376   -0.00003235    0.16087694
    0.06490809   -0.00001956    0.10280654    0.09754763   -0.00002953    0.16087694
    0.06491041   -0.00001738    0.10280654    0.09755112   -0.00002624    0.16087694
    0.06491244   -0.00001493    0.10280654    0.09755418   -0.00002253    0.16087694
    0.06491414   -0.00001224    0.10280654    0.09755674   -0.00001847    0.16087694
    0.06491550   -0.00000936    0.10280654    0.09755878   -0.00001412    0.16087694
    0.06491649   -0.00000633    0.10280654    0.09756026   -0.00000955    0.16087694
    0.06491708   -0.00000320    0.10280654    0.09756116   -0.00000482    0.16087694
    0.06492343   -0.00000002    0.10280836    0.09757069   -0.00000003    0.16087979
    0.06492318    0.00000393    0.10280836    0.09757032    0.00000594    0.16087979
    0.06492244    0.00000782    0.10280836    0.09756920    0.00001180    0.16087979
    0.06492122    0.00001158    0.10280836    0.09756737    0.00001748    0.16087979
    0.06491953    0.00001516    0.10280836    0.09756483    0.00002289    0.16087979
    0.06491741    0.00001850    0.10280836    0.09756165    0.00002793    0.16087979
    0.06491489    0.00002155    0.10280836    0.09755786    0.00003253    0.16087979
    0.06491200    0.00002426    0.10280836    0.09755352    0.00003662    0.16087979
    0.06490880    0.00002659    0.10280836    0.09754871    0.00004013    0.16087979
    0.06490533    0.00002849    0.10280836    0.09754350    0.00004301    0.16087979
    0.06490165    0.00002995    0.10280836    0.09753797    0.00004521    0.16087979
    0.06489782    0.00003093    0.10280836    0.09753221    0.00004670    0.16087979
    0.06489390    0.00003143    0.10280836    0.09752631    0.00004744    0.16087979
    0.06488994    0.00003143    0.10280836    0.09752036    0.00004744    0.16087979
    0.06488601    0.00003093    0.10280836    0.09751446    0.00004670    0.16087979
    0.06488218    0.00002995    0.10280836    0.09750870    0.00004521    0.16087979
    0.06487850    0.00002849    0.10280836    0.09750317    0.00004301    0.16087979
    0.06487503    0.00002659    0.10280836    0.09749796    0.00004013    0.16087979
    0.06487183    0.00002426    0.10280836    0.09749315    0.00003662    0.16087979
    0.06486895    0.00002155    0.10280836    0.09748881    0.00003253    0.16087979
    0.06486642    0.00001850    0.10280836    0.09748502    0.00002793    0.16087979
    0.06486430    0.00001516    0.10280836    0.09748184    0.00002289    0.16087979
    0.06486262    0.00001158    0.10280836    0.09747930    0.00001748    0.16087979
    0.06486140    0.00000782    0.10280836    0.09747747    0.00001180    0.16087979
    0.06486065    0.00000393    0.10280836    0.09747635    0.00000594    0.16087979
    0.06486041   -0.00000002    0.10280836    0.09747598   -0.00000003    0.16087979
    0.06486065   -0.00000397    0.10280836    0.09747635   -0.00000599    0.16087979
    0.06486140   -0.00000786    0.10280836    0.09747747   -0.00001185    0.16087979
    0.06486262   -0.00001162    0.10280836    0.09747930   -0.00001753    0.16087979
    0.06486430   -0.00001520    0.10280836    0.09748184   -0.00002294    0.16087979
    0.06486642   -0.00001854    0.10280836    0.09748502   -0.00002798    0.16087979
    0.06486895   -0.00002159    0.10280836    0.09748881   -0.00003259    0.16087979
    0.06487183   -0.00002430    0.10280836    0.09749315   -0.00003667    0.16087979
    0.06487503   -0.00002663    0.10280836    0.09749796   -0.00004018    0.16087979
    0.06487850   -0.00002853    0.10280836    0.09750317   -0.00004306    0.16087979
    0.06488218   -0.00002999    0.10280836    0.09750870   -0.00004526    0.16087979
    0.06488601   -0.00003097    0.10280836    0.09751446   -0.00004675    0.16087979
    0.06488994   -0.00003147    0.10280836    0.09752036   -0.00004750    0.16087979
    0.06489390   -0.00003147    0.10280836    0.09752631   -0.00004750    0.16087979
    0.06489782   -0.00003097    0.10280836    0.09753221   -0.00004675    0.16087979
    0.06490165   -0.00002999    0.10280836    0.09753797   -0.00004526    0.16087979
    0.06490533   -0.00002853    0.10280836    0.09754350   -0.00004306    0.16087979
    0.06490880   -0.00002663    0.10280836    0.09754871   -0.00004018    0.16087979
    0.06491200   -0.00002430    0.10280836    0.09755352   -0.00003667    0.16087979
    0.06491489   -0.00002159    0.10280836    0.09755786   -0.00003259    0.16087979
    0.06491741   -0.00001854    0.10280836    0.09756165   -0.00002798    0.16087979
    0.06491953   -0.00001520    0.10280836    0.09756483   -0.00002294    0.16087979
    0.06492122   -0.00001162    0.10280836    0.09756737   -0.00001753    0.16087979
    0.06492244   -0.00000786    0.10280836    0.09756920   -0.00001185    0.16087979
    0.06492318   -0.00000397    0.10280836    0.09757032   -0.00000599    0.16087979
    0.06492944   -0.00000002    0.10281058    0.09757973   -0.00000003    0.16088326
    0.06492915    0.00000468    0.10281058    0.09757929    0.00000707    0.16088326
    0.06492826    0.00000931    0.10281058    0.09757796    0.00001406    0.16088326
    0.06492681    0.00001379    0.10281058    0.09757577    0.00002083    0.16088326
    0.06492480    0.00001806    0.10281058    0.09757276    0.00002726    0.16088326
    0.06492228    0.00002204    0.10281058    0.09756896    0.00003327    0.16088326
    0.06491927    0.00002567    0.10281058    0.09756445    0.00003875    0.16088326
    0.06491584    0.00002889    0.10281058    0.09755928    0.00004362    0.16088326
    0.06491202    0.00003166    0.10281058    0.09755355    0.00004780    0.16088326
    0.06490790    0.00003393    0.10281058    0.09754735    0.00005123    0.16088326
    0.06490351    0.00003567    0.10281058    0.09754076    0.00005385    0.16088326
    0.06489895    0.00003684    0.10281058    0.09753390    0.00005562    0.16088326
    0.06489427    0.00003743    0.10281058    0.09752688    0.00005651    0.16088326
    0.06488956    0.00003743    0.10281058    0.09751979    0.00005651    0.16088326
    0.06488489    0.00003684    0.10281058    0.09751277    0.00005562    0.16088326
    0.06488032    0.00003567    0.10281058    0.09750591    0.00005385    0.16088326
    0.06487594    0.00003393    0.10281058    0.09749932    0.00005123    0.16088326
    0.06487181    0.00003166    0.10281058    0.09749312    0.00004780    0.16088326
    0.06486800    0.00002889    0.10281058    0.09748739    0.00004362    0.16088326
    0.06486456    0.00002567    0.10281058    0.09748222    0.00003875    0.16088326
    0.06486156    0.00002204    0.10281058    0.09747771    0.00003327    0.16088326
    0.06485903    0.00001806    0.10281058    0.09747391    0.00002726    0.16088326
    0.06485703    0.00001379    0.10281058    0.09747090    0.00002083    0.16088326
    0.06485557    0.00000931    0.10281058    0.09746871    0.00001406    0.16088326
    0.06485469    0.00000468    0.10281058    0.09746738    0.00000707    0.16088326
    0.06485439   -0.00000002    0.10281058    0.09746694   -0.00000003    0.16088326
    0.06485469   -0.00000472    0.10281058    0.09746738   -0.00000712    0.16088326
    0.06485557   -0.00000935    0.10281058    0.09746871   -0.00001411    0.16088326
    0.06485703   -0.00001383    0.10281058    0.09747090   -0.00002088    0.16088326
    0.06485903   -0.00001810    0.10281058    0.09747391   -0.00002731    0.16088326
    0.06486156   -0.00002208    0.10281058    0.09747771   -0.00003332    0.16088326
    0.06486456   -0.00002571    0.10281058    0.09748222   -0.00003880    0.16088326
    0.06486800   -0.00002894    0.10281058    0.09748739   -0.00004367    0.16088326
    0.06487181   -0.00003171    0.10281058    0.09749312   -0.00004785    0.16088326
    0.06487594   -0.00003398    0.10281058    0.09749932   -0.00005128    0.16088326
    0.06488032   -0.00003571    0.10281058    0.09750591   -0.00005390    0.16088326
    0.06488489   -0.00003688    0.10281058    0.09751277   -0.00005567    0.16088326
    0.06488956   -0.00003747    0.10281058    0.09751979   -0.00005656    0.16088326
    0.06489427   -0.00003747    0.10281058    0.09752688   -0.00005656    0.16088326
    0.06489895   -0.00003688    0.10281058    0.09753390   -0.00005567    0.16088326
    0.06490351   -0.00003571    0.10281058    0.09754076   -0.00005390    0.16088326
    0.06490790   -0.00003398    0.10281058    0.09754735   -0.00005128    0.16088326
    0.06491202   -0.00003171    0.10281058    0.09755355   -0.00004785    0.16088326
    0.06491584   -0.00002894    0.10281058    0.09755928   -0.00004367    0.16088326
    0.06491927   -0.00002571    0.10281058    0.09756445   -0.00003880    0.16088326
    0.06492228   -0.00002208    0.10281058    0.09756896   -0.00003332    0.16088326
    0.06492480   -0.00001810    0.10281058    0.09757276   -0.00002731    0.16088326
    0.06492681   -0.00001383    0.10281058    0.09757577   -0.00002088    0.16088326
    0.06492826   -0.00000935    0.10281058    0.09757796   -0.00001411    0.16088326
    0.06492915   -0.00000472    0.10281058    0.09757929   -0.00000712    0.16088326
    0.06493531   -0.00000002    0.10281317    0.09758854   -0.00000003    0.16088732
    0.06493496    0.00000542    0.10281317    0.09758803    0.00000818    0.16088732
    0.06493394    0.00001077    0.10281317    0.09758649    0.00001626    0.16088732
    0.06493226    0.00001595    0.10281317    0.09758396    0.00002408    0.16088732
    0.06492994    0.00002088    0.10281317    0.09758048    0.00003153    0.16088732
    0.06492702    0.00002548    0.10281317    0.09757609    0.00003847    0.16088732
    0.06492355    0.00002968    0.10281317    0.09757087    0.00004481    0.16088732
    0.06491957    0.00003341    0.10281317    0.09756490    0.00005044    0.16088732
    0.06491517    0.00003661    0.10281317    0.09755828    0.00005527    0.16088732
    0.06491039    0.00003924    0.10281317    0.09755110    0.00005923    0.16088732
    0.06490532    0.00004124    0.10281317    0.09754349    0.00006226    0.16088732
    0.06490005    0.00004260    0.10281317    0.09753555    0.00006431    0.16088732
    0.06489464    0.00004328    0.10281317    0.09752743    0.00006534    0.16088732
    0.06488919    0.00004328    0.10281317    0.09751924    0.00006534    0.16088732
    0.06488379    0.00004260    0.10281317    0.09751112    0.00006431    0.16088732
    0.06487851    0.00004124    0.10281317    0.09750319    0.00006226    0.16088732
    0.06487344    0.00003924    0.10281317    0.09749557    0.00005923    0.16088732
    0.06486867    0.00003661    0.10281317    0.09748840    0.00005527    0.16088732
    0.06486426    0.00003341    0.10281317    0.09748177    0.00005044    0.16088732
    0.06486029    0.00002968    0.10281317    0.09747580    0.00004481    0.16088732
    0.06485682    0.00002548    0.10281317    0.09747058    0.00003847    0.16088732
    0.06485390    0.00002088    0.10281317    0.09746619    0.00003153    0.16088732
    0.06485158    0.00001595    0.10281317    0.09746271    0.00002408    0.16088732
    0.06484989    0.00001077    0.10281317    0.09746018    0.00001626    0.16088732
    0.06484887    0.00000542    0.10281317    0.09745864    0.00000818    0.16088732
    0.06484853   -0.00000002    0.10281317    0.09745813   -0.00000003    0.16088732
    0.06484887   -0.00000546    0.10281317    0.09745864   -0.00000823    0.16088732
    0.06484989   -0.00001081    0.10281317    0.09746018   -0.00001631    0.16088732
    0.06485158   -0.00001599    0.10281317    0.09746271   -0.00002413    0.16088732
    0.06485390   -0.00002092    0.10281317    0.09746619   -0.00003158    0.16088732
    0.06485682   -0.00002552    0.10281317    0.09747058   -0.00003852    0.16088732
    0.06486029   -0.00002972    0.10281317    0.09747580   -0.00004486    0.16088732
    0.06486426   -0.00003345    0.10281317    0.09748177   -0.00005049    0.16088732
    0.06486867   -0.00003665    0.10281317    0.09748840   -0.00005532    0.16088732
    0.06487344   -0.00003928    0.10281317    0.09749557   -0.00005928    0.16088732
    0.06487851   -0.00004129    0.10281317    0.09750319   -0.00006231    0.16088732
    0.06488379   -0.00004264    0.10281317    0.09751112   -0.00006436    0.16088732
    0.06488919   -0.00004332    0.10281317    0.09751924   -0.00006539    0.16088732
    0.06489464   -0.00004332    0.10281317    0.09752743   -0.00006539    0.16088732
    0.06490005   -0.00004264    0.10281317    0.09753555   -0.00006436    0.16088732
    0.06490532   -0.00004129    0.10281317    0.09754349   -0.00006231    0.16088732
    0.06491039   -0.00003928    0.10281317    0.09755110   -0.00005928    0.16088732
    0.06491517   -0.00003665    0.10281317    0.09755828   -0.00005532    0.16088732
    0.06491957   -0.00003345    0.10281317    0.09756490   -0.00005049    0.16088732
    0.06492355   -0.00002972    0.10281317    0.09757087   -0.00004486    0.16088732
    0.06492702   -0.00002552    0.10281317    0.09757609   -0.00003852    0.16088732
    0.06492994   -0.00002092    0.10281317    0.09758048   -0.00003158    0.16088732
    0.06493226   -0.00001599    0.10281317    0.09758396   -0.00002413    0.16088732
    0.06493394   -0.00001081    0.10281317    0.09758649   -0.00001631    0.16088732
    0.06493496   -0.00000546    0.10281317    0.09758803   -0.00000823    0.16088732
    0.06494099   -0.00000002    0.10281614    0.09759708   -0.00000003    0.16089196
    0.06494060    0.00000613    0.10281614    0.09759650    0.00000926    0.16089196
    0.06493945    0.00001218    0.10281614    0.09759477    0.00001840    0.16089196
    0.06493754    0.00001804    0.10281614    0.09759190    0.00002724    0.16089196
    0.06493492    0.00002362    0.10281614    0.09758796    0.00003566    0.16089196
    0.06493162    0.00002882    0.10281614    0.09758300    0.00004351    0.16089196
    0.06492769    0.00003357    0.10281614    0.09757710    0.00005068    0.16089196
    0.06492320    0.00003779    0.10281614    0.09757034    0.00005705    0.16089196
    0.06491821    0.00004141    0.10281614    0.09756285    0.00006252    0.16089196
    0.06491281    0.00004438    0.10281614    0.09755474    0.00006700    0.16089196
    0.06490708    0.00004665    0.10281614    0.09754612    0.00007042    0.16089196
    0.06490111    0.00004818    0.10281614    0.09753715    0.00007273    0.16089196
    0.06489500    0.00004895    0.10281614    0.09752797    0.00007390    0.16089196
    0.06488884    0.00004895    0.10281614    0.09751870    0.00007390    0.16089196
    0.06488272    0.00004818    0.10281614    0.09750952    0.00007273    0.16089196
    0.06487675    0.00004665    0.10281614    0.09750055    0.00007042    0.16089196
    0.06487102    0.00004438    0.10281614    0.09749194    0.00006700    0.16089196
    0.06486562    0.00004141    0.10281614    0.09748382    0.00006252    0.16089196
    0.06486064    0.00003779    0.10281614    0.09747633    0.00005705    0.16089196
    0.06485615    0.00003357    0.10281614    0.09746958    0.00005068    0.16089196
    0.06485222    0.00002882    0.10281614    0.09746367    0.00004351    0.16089196
    0.06484892    0.00002362    0.10281614    0.09745871    0.00003566    0.16089196
    0.06484629    0.00001804    0.10281614    0.09745477    0.00002724    0.16089196
    0.06484439    0.00001218    0.10281614    0.09745190    0.00001840    0.16089196
    0.06484323    0.00000613    0.10281614    0.09745017    0.00000926    0.16089196
    0.06484285   -0.00000002    0.10281614    0.09744959   -0.00000003    0.16089196
    0.06484323   -0.00000617    0.10281614    0.09745017   -0.00000931    0.16089196
    0.06484439   -0.00001222    0.10281614    0.09745190   -0.00001845    0.16089196
    0.06484629   -0.00001808    0.10281614    0.09745477   -0.00002729    0.16089196
    0.06484892   -0.00002366    0.10281614    0.09745871   -0.00003571    0.16089196
    0.06485222   -0.00002886    0.10281614    0.09746367   -0.00004356    0.16089196
    0.06485615   -0.00003361    0.10281614    0.09746958   -0.00005073    0.16089196
    0.06486064   -0.00003783    0.10281614    0.09747633   -0.00005710    0.16089196
    0.06486562   -0.00004145    0.10281614    0.09748382   -0.00006257    0.16089196
    0.06487102   -0.00004442    0.10281614    0.09749194   -0.00006705    0.16089196
    0.06487675   -0.00004669    0.10281614    0.09750055   -0.00007047    0.16089196
    0.06488272   -0.00004822    0.10281614    0.09750952   -0.00007278    0.16089196
    0.06488884   -0.00004900    0.10281614    0.09751870   -0.00007395    0.16089196
    0.06489500   -0.00004900    0.10281614    0.09752797   -0.00007395    0.16089196
    0.06490111   -0.00004822    0.10281614    0.09753715   -0.00007278    0.16089196
    0.06490708   -0.00004669    0.10281614    0.09754612   -0.00007047    0.16089196
    0.06491281   -0.00004442    0.10281614    0.09755474   -0.00006705    0.16089196
    0.06491821   -0.00004145    0.10281614    0.09756285   -0.00006257    0.16089196
    0.06492320   -0.00003783    0.10281614    0.09757034   -0.00005710    0.16089196
    0.06492769   -0.00003361    0.10281614    0.09757710   -0.00005073    0.16089196
    0.06493162   -0.00002886    0.10281614    0.09758300   -0.00004356    0.16089196
    0.06493492   -0.00002366    0.10281614    0.09758796   -0.00003571    0.16089196
    0.06493754   -0.00001808    0.10281614    0.09759190   -0.00002729    0.16089196
    0.06493945   -0.00001222    0.10281614    0.09759477   -0.00001845    0.16089196
    0.06494060   -0.00000617    0.10281614    0.09759650   -0.00000931    0.16089196
    0.06494647   -0.00000002    0.10281946    0.09760532   -0.00000003    0.16089716
    0.06494604    0.00000682    0.10281946    0.09760468    0.00001030    0.16089716
    0.06494476    0.00001355    0.10281946    0.09760275    0.00002045    0.16089716
    0.06494264    0.00002006    0.10281946    0.09759956    0.00003029    0.16089716
    0.06493972    0.00002626    0.10281946    0.09759518    0.00003965    0.16089716
    0.06493605    0.00003205    0.10281946    0.09758966    0.00004838    0.16089716
    0.06493168    0.00003732    0.10281946    0.09758310    0.00005634    0.16089716
    0.06492669    0.00004201    0.10281946    0.09757560    0.00006342    0.16089716
    0.06492115    0.00004604    0.10281946    0.09756727    0.00006950    0.16089716
    0.06491514    0.00004934    0.10281946    0.09755824    0.00007448    0.16089716
    0.06490877    0.00005186    0.10281946    0.09754867    0.00007829    0.16089716
    0.06490214    0.00005357    0.10281946    0.09753870    0.00008086    0.16089716
    0.06489534    0.00005443    0.10281946    0.09752848    0.00008216    0.16089716
    0.06488849    0.00005443    0.10281946    0.09751819    0.00008216    0.16089716
    0.06488169    0.00005357    0.10281946    0.09750797    0.00008086    0.16089716
    0.06487506    0.00005186    0.10281946    0.09749800    0.00007829    0.16089716
    0.06486869    0.00004934    0.10281946    0.09748843    0.00007448    0.16089716
    0.06486269    0.00004604    0.10281946    0.09747941    0.00006950    0.16089716
    0.06485714    0.00004201    0.10281946    0.09747108    0.00006342    0.16089716
    0.06485215    0.00003732    0.10281946    0.09746357    0.00005634    0.16089716
    0.06484778    0.00003205    0.10281946    0.09745701    0.00004838    0.16089716
    0.06484411    0.00002626    0.10281946    0.09745149    0.00003965    0.16089716
    0.06484119    0.00002006    0.10281946    0.09744711    0.00003029    0.16089716
    0.06483908    0.00001355    0.10281946    0.09744393    0.00002045    0.16089716
    0.06483779    0.00000682    0.10281946    0.09744200    0.00001030    0.16089716
    0.06483736   -0.00000002    0.10281946    0.09744135   -0.00000003    0.16089716
    0.06483779   -0.00000686    0.10281946    0.09744200   -0.00001035    0.16089716
    0.06483908   -0.00001359    0.10281946    0.09744393   -0.00002050    0.16089716
    0.06484119   -0.00002010    0.10281946    0.09744711   -0.00003034    0.16089716
    0.06484411   -0.00002630    0.10281946    0.09745149   -0.00003970    0.16089716
    0.06484778   -0.00003209    0.10281946    0.09745701   -0.00004843    0.16089716
    0.06485215   -0.00003736    0.10281946    0.09746357   -0.00005639    0.16089716
    0.06485714   -0.00004205    0.10281946    0.09747108   -0.00006347    0.16089716
    0.06486269   -0.00004608    0.10281946    0.09747941   -0.00006955    0.16089716
    0.06486869   -0.00004938    0.10281946    0.09748843   -0.00007453    0.16089716
    0.06487506   -0.00005190    0.10281946    0.09749800   -0.00007834    0.16089716
    0.06488169   -0.00005361    0.10281946    0.09750797   -0.00008091    0.16089716
    0.06488849   -0.00005447    0.10281946    0.09751819   -0.00008221    0.16089716
    0.06489534   -0.00005447    0.10281946    0.09752848   -0.00008221    0.16089716
    0.06490214   -0.00005361    0.10281946    0.09753870   -0.00008091    0.16089716
    0.06490877   -0.00005190    0.10281946    0.09754867   -0.00007834    0.16089716
    0.06491514   -0.00004938    0.10281946    0.09755824   -0.00007453    0.16089716
    0.06492115   -0.00004608    0.10281946    0.09756727   -0.00006955    0.16089716
    0.06492669   -0.00004205    0.10281946    0.09757560   -0.00006347    0.16089716
    0.06493168   -0.00003736    0.10281946    0.09758310   -0.00005639    0.16089716
    0.06493605   -0.00003209    0.10281946    0.09758966   -0.00004843    0.16089716
    0.06493972   -0.00002630    0.10281946    0.09759518   -0.00003970    0.16089716
    0.06494264   -0.00002010    0.10281946    0.09759956   -0.00003034    0.16089716
    0.06494476   -0.00001359    0.10281946    0.09760275   -0.00002050    0.16089716
    0.06494604   -0.00000686    0.10281946    0.09760468   -0.00001035    0.16089716
    0.06495173   -0.00000002    0.10282313    0.09761322   -0.00000003    0.16090289
    0.06495126    0.00000748    0.10282313    0.09761251    0.00001129    0.16090289
    0.06494985    0.00001485    0.10282313    0.09761040    0.00002243    0.16090289
    0.06494753    0.00002200    0.10282313    0.09760691    0.00003321    0.16090289
    0.06494433    0.00002879    0.10282313    0.09760210    0.00004347    0.16090289
    0.06494031    0.00003514    0.10282313    0.09759606    0.00005304    0.16090289
    0.06493552    0.00004092    0.10282313    0.09758886    0.00006178    0.16090289
    0.06493004    0.00004606    0.10282313    0.09758063    0.00006954    0.16090289
    0.06492397    0.00005048    0.10282313    0.09757150    0.00007620    0.16090289
    0.06491738    0.00005410    0.10282313    0.09756161    0.00008166    0.16090289
    0.06491040    0.00005686    0.10282313    0.09755111    0.00008584    0.16090289
    0.06490312    0.00005873    0.10282313    0.09754018    0.00008866    0.16090289
    0.06489567    0.00005967    0.10282313    0.09752898    0.00009008    0.16090289
    0.06488816    0.00005967    0.10282313    0.09751769    0.00009008    0.16090289
    0.06488071    0.00005873    0.10282313    0.09750649    0.00008866    0.16090289
    0.06487343    0.00005686    0.10282313    0.09749556    0.00008584    0.16090289
    0.06486645    0.00005410    0.10282313    0.09748506    0.00008166    0.16090289
    0.06485987    0.00005048    0.10282313    0.09747517    0.00007620    0.16090289
    0.06485379    0.00004606    0.10282313    0.09746604    0.00006954    0.16090289
    0.06484832    0.00004092    0.10282313    0.09745781    0.00006178    0.16090289
    0.06484353    0.00003514    0.10282313    0.09745062    0.00005304    0.16090289
    0.06483950    0.00002879    0.10282313    0.09744457    0.00004347    0.16090289
    0.06483631    0.00002200    0.10282313    0.09743976    0.00003321    0.16090289
    0.06483399    0.00001485    0.10282313    0.09743627    0.00002243    0.16090289
    0.06483258    0.00000748    0.10282313    0.09743416    0.00001129    0.16090289
    0.06483211   -0.00000002    0.10282313    0.09743345   -0.00000003    0.16090289
    0.06483258   -0.00000752    0.10282313    0.09743416   -0.00001134    0.16090289
    0.06483399   -0.00001489    0.10282313    0.09743627   -0.00002248    0.16090289
    0.06483631   -0.00002204    0.10282313    0.09743976   -0.00003326    0.16090289
    0.06483950   -0.00002883    0.10282313    0.09744457   -0.00004352    0.16090289
    0.06484353   -0.00003518    0.10282313    0.09745062   -0.00005309    0.16090289
    0.06484832   -0.00004096    0.10282313    0.09745781   -0.00006183    0.16090289
    0.06485379   -0.00004611    0.10282313    0.09746604   -0.00006959    0.16090289
    0.06485987   -0.00005052    0.10282313    0.09747517   -0.00007625    0.16090289
    0.06486645   -0.00005414    0.10282313    0.09748506   -0.00008171    0.16090289
    0.06487343   -0.00005690    0.10282313    0.09749556   -0.00008589    0.16090289
    0.06488071   -0.00005877    0.10282313    0.09750649   -0.00008871    0.16090289
    0.06488816   -0.00005971    0.10282313    0.09751769   -0.00009013    0.16090289
    0.06489567   -0.00005971    0.10282313    0.09752898   -0.00009013    0.16090289
    0.06490312   -0.00005877    0.10282313    0.09754018   -0.00008871    0.16090289
    0.06491040   -0.00005690    0.10282313    0.09755111   -0.00008589    0.16090289
    0.06491738   -0.00005414    0.10282313    0.09756161   -0.00008171    0.16090289
    0.06492397   -0.00005052    0.10282313    0.09757150   -0.00007625    0.16090289
    0.06493004   -0.00004611    0.10282313    0.09758063   -0.00006959    0.16090289
    0.06493552   -0.00004096    0.10282313    0.09758886   -0.00006183    0.16090289
    0.06494031   -0.00003518    0.10282313    0.09759606   -0.00005309    0.16090289
    0.06494433   -0.00002883    0.10282313    0.09760210   -0.00004352    0.16090289
    0.06494753   -0.00002204    0.10282313    0.09760691   -0.00003326    0.16090289
    0.06494985   -0.00001489    0.10282313    0.09761040   -0.00002248    0.16090289
    0.06495126   -0.00000752    0.10282313    0.09761251   -0.00001134    0.16090289
    0.06495674   -0.00000002    0.10282713    0.09762076   -0.00000003    0.16090915
    0.06495623    0.00000810    0.10282713    0.09761999    0.00001224    0.16090915
    0.06495470    0.00001610    0.10282713    0.09761769    0.00002431    0.16090915
    0.06495219    0.00002384    0.10282713    0.09761391    0.00003599    0.16090915
    0.06494872    0.00003121    0.10282713    0.09760870    0.00004711    0.16090915
    0.06494436    0.00003808    0.10282713    0.09760215    0.00005749    0.16090915
    0.06493917    0.00004435    0.10282713    0.09759435    0.00006696    0.16090915
    0.06493324    0.00004993    0.10282713    0.09758543    0.00007537    0.16090915
    0.06492665    0.00005471    0.10282713    0.09757554    0.00008259    0.16090915
    0.06491952    0.00005863    0.10282713    0.09756481    0.00008851    0.16090915
    0.06491195    0.00006163    0.10282713    0.09755344    0.00009303    0.16090915
    0.06490406    0.00006365    0.10282713    0.09754159    0.00009609    0.16090915
    0.06489599    0.00006467    0.10282713    0.09752945    0.00009763    0.16090915
    0.06488785    0.00006467    0.10282713    0.09751722    0.00009763    0.16090915
    0.06487977    0.00006365    0.10282713    0.09750508    0.00009609    0.16090915
    0.06487189    0.00006163    0.10282713    0.09749323    0.00009303    0.16090915
    0.06486432    0.00005863    0.10282713    0.09748186    0.00008851    0.16090915
    0.06485718    0.00005471    0.10282713    0.09747114    0.00008259    0.16090915
    0.06485060    0.00004993    0.10282713    0.09746124    0.00007537    0.16090915
    0.06484466    0.00004435    0.10282713    0.09745232    0.00006696    0.16090915
    0.06483947    0.00003808    0.10282713    0.09744452    0.00005749    0.16090915
    0.06483511    0.00003121    0.10282713    0.09743797    0.00004711    0.16090915
    0.06483165    0.00002384    0.10282713    0.09743276    0.00003599    0.16090915
    0.06482913    0.00001610    0.10282713    0.09742898    0.00002431    0.16090915
    0.06482761    0.00000810    0.10282713    0.09742668    0.00001224    0.16090915
    0.06482709   -0.00000002    0.10282713    0.09742592   -0.00000003    0.16090915
    0.06482761   -0.00000814    0.10282713    0.09742668   -0.00001229    0.16090915
    0.06482913   -0.00001614    0.10282713    0.09742898   -0.00002436    0.16090915
    0.06483165   -0.00002388    0.10282713    0.09743276   -0.00003605    0.16090915
    0.06483511   -0.00003125    0.10282713    0.09743797   -0.00004716    0.16090915
    0.06483947   -0.00003812    0.10282713    0.09744452   -0.00005754    0.16090915
    0.06484466   -0.00004439    0.10282713    0.09745232   -0.00006701    0.16090915
    0.06485060   -0.00004997    0.10282713    0.09746124   -0.00007542    0.16090915
    0.06485718   -0.00005475    0.10282713    0.09747114   -0.00008264    0.16090915
    0.06486432   -0.00005867    0.10282713    0.09748186   -0.00008856    0.16090915
    0.06487189   -0.00006167    0.10282713    0.09749323   -0.00009308    0.16090915
    0.06487977   -0.00006370    0.10282713    0.09750508   -0.00009614    0.16090915
    0.06488785   -0.00006472    0.10282713    0.09751722   -0.00009768    0.16090915
    0.06489599   -0.00006472    0.10282713    0.09752945   -0.00009768    0.16090915
    0.06490406   -0.00006370    0.10282713    0.09754159   -0.00009614    0.16090915
    0.06491195   -0.00006167    0.10282713    0.09755344   -0.00009308    0.16090915
    0.06491952   -0.00005867    0.10282713    0.09756481   -0.00008856    0.16090915
    0.06492665   -0.00005475    0.10282713    0.09757554   -0.00008264    0.16090915
    0.06493324   -0.00004997    0.10282713    0.09758543   -0.00007542    0.16090915
    0.06493917   -0.00004439    0.10282713    0.09759435   -0.00006701    0.16090915
    0.06494436   -0.00003812    0.10282713    0.09760215   -0.00005754    0.16090915
    0.06494872   -0.00003125    0.10282713    0.09760870   -0.00004716    0.16090915
    0.06495219   -0.00002388    0.10282713    0.09761391   -0.00003605    0.16090915
    0.06495470   -0.00001614    0.10282713    0.09761769   -0.00002436    0.16090915
    0.06495623   -0.00000814    0.10282713    0.09761999   -0.00001229    0.16090915
    0.06496149   -0.00000002    0.10283144    0.09762789   -0.00000003    0.16091589
    0.06496094    0.00000870    0.10283144    0.09762706    0.00001314    0.16091589
    0.06495930    0.00001728    0.10283144    0.09762460    0.00002609    0.16091589
    0.06495660    0.00002559    0.10283144    0.09762054    0.00003863    0.16091589
    0.06495288    0.00003349    0.10283144    0.09761495    0.00005056    0.16091589
    0.06494820    0.00004087    0.10283144    0.09760792    0.00006170    0.16091589
    0.06494263    0.00004760    0.10283144    0.09759955    0.00007186    0.16091589
    0.06493626    0.00005358    0.10283144    0.09758998    0.00008089    0.16091589
    0.06492919    0.00005872    0.10283144    0.09757936    0.00008864    0.16091589
    0.06492154    0.00006293    0.10283144    0.09756785    0.00009499    0.16091589
    0.06491341    0.00006614    0.10283144    0.09755564    0.00009985    0.16091589
    0.06490495    0.00006832    0.10283144    0.09754293    0.00010312    0.16091589
    0.06489629    0.00006941    0.10283144    0.09752990    0.00010478    0.16091589
    0.06488755    0.00006941    0.10283144    0.09751677    0.00010478    0.16091589
    0.06487888    0.00006832    0.10283144    0.09750374    0.00010312    0.16091589
    0.06487042    0.00006614    0.10283144    0.09749103    0.00009985    0.16091589
    0.06486230    0.00006293    0.10283144    0.09747882    0.00009499    0.16091589
    0.06485464    0.00005872    0.10283144    0.09746731    0.00008864    0.16091589
    0.06484757    0.00005358    0.10283144    0.09745669    0.00008089    0.16091589
    0.06484120    0.00004760    0.10283144    0.09744712    0.00007186    0.16091589
    0.06483564    0.00004087    0.10283144    0.09743875    0.00006170    0.16091589
    0.06483095    0.00003349    0.10283144    0.09743172    0.00005056    0.16091589
    0.06482723    0.00002559    0.10283144    0.09742613    0.00003863    0.16091589
    0.06482453    0.00001728    0.10283144    0.09742207    0.00002609    0.16091589
    0.06482290    0.00000870    0.10283144    0.09741961    0.00001314    0.16091589
    0.06482235   -0.00000002    0.10283144    0.09741878   -0.00000003    0.16091589
    0.06482290   -0.00000874    0.10283144    0.09741961   -0.00001319    0.16091589
    0.06482453   -0.00001732    0.10283144    0.09742207   -0.00002614    0.16091589
    0.06482723   -0.00002563    0.10283144    0.09742613   -0.00003868    0.16091589
    0.06483095   -0.00003354    0.10283144    0.09743172   -0.00005061    0.16091589
    0.06483564   -0.00004091    0.10283144    0.09743875   -0.00006175    0.16091589
    0.06484120   -0.00004764    0.10283144    0.09744712   -0.00007191    0.16091589
    0.06484757   -0.00005362    0.10283144    0.09745669   -0.00008094    0.16091589
    0.06485464   -0.00005876    0.10283144    0.09746731   -0.00008869    0.16091589
    0.06486230   -0.00006297    0.10283144    0.09747882   -0.00009504    0.16091589
    0.06487042   -0.00006618    0.10283144    0.09749103   -0.00009990    0.16091589
    0.06487888   -0.00006836    0.10283144    0.09750374   -0.00010318    0.16091589
    0.06488755   -0.00006945    0.10283144    0.09751677   -0.00010483    0.16091589
    0.06489629   -0.00006945    0.10283144    0.09752990   -0.00010483    0.16091589
    0.06490495   -0.00006836    0.10283144    0.09754293   -0.00010318    0.16091589
    0.06491341   -0.00006618    0.10283144    0.09755564   -0.00009990    0.16091589
    0.06492154   -0.00006297    0.10283144    0.09756785   -0.00009504    0.16091589
    0.06492919   -0.00005876    0.10283144    0.09757936   -0.00008869    0.16091589
    0.06493626   -0.00005362    0.10283144    0.09758998   -0.00008094    0.16091589
    0.06494263   -0.00004764    0.10283144    0.09759955   -0.00007191    0.16091589
    0.06494820   -0.00004091    0.10283144    0.09760792   -0.00006175    0.16091589
    0.06495288   -0.00003354    0.10283144    0.09761495   -0.00005061    0.16091589
    0.06495660   -0.00002563    0.10283144    0.09762054   -0.00003868    0.16091589
    0.06495930   -0.00001732    0.10283144    0.09762460   -0.00002614    0.16091589
    0.06496094   -0.00000874    0.10283144    0.09762706   -0.00001319    0.16091589
    0.06496594   -0.00000002    0.10283604    0.09763459   -0.00000003    0.16092310
    0.06496536    0.00000926    0.10283604    0.09763371    0.00001398    0.16092310
    0.06496362    0.00001839    0.10283604    0.09763109    0.00002776    0.16092310
    0.06496075    0.00002723    0.10283604    0.09762678    0.00004111    0.16092310
    0.06495679    0.00003564    0.10283604    0.09762083    0.00005381    0.16092310
    0.06495181    0.00004349    0.10283604    0.09761334    0.00006565    0.16092310
    0.06494588    0.00005066    0.10283604    0.09760444    0.00007647    0.16092310
    0.06493910    0.00005702    0.10283604    0.09759425    0.00008607    0.16092310
    0.06493158    0.00006248    0.10283604    0.09758295    0.00009432    0.16092310
    0.06492344    0.00006696    0.10283604    0.09757070    0.00010108    0.16092310
    0.06491479    0.00007038    0.10283604    0.09755771    0.00010625    0.16092310
    0.06490579    0.00007270    0.10283604    0.09754418    0.00010974    0.16092310
    0.06489657    0.00007386    0.10283604    0.09753032    0.00011150    0.16092310
    0.06488727    0.00007386    0.10283604    0.09751635    0.00011150    0.16092310
    0.06487805    0.00007270    0.10283604    0.09750249    0.00010974    0.16092310
    0.06486904    0.00007038    0.10283604    0.09748896    0.00010625    0.16092310
    0.06486040    0.00006696    0.10283604    0.09747597    0.00010108    0.16092310
    0.06485225    0.00006248    0.10283604    0.09746372    0.00009432    0.16092310
    0.06484473    0.00005702    0.10283604    0.09745242    0.00008607    0.16092310
    0.06483795    0.00005066    0.10283604    0.09744224    0.00007647    0.16092310
    0.06483203    0.00004349    0.10283604    0.09743333    0.00006565    0.16092310
    0.06482705    0.00003564    0.10283604    0.09742584    0.00005381    0.16092310
    0.06482309    0.00002723    0.10283604    0.09741989    0.00004111    0.16092310
    0.06482021    0.00001839    0.10283604    0.09741558    0.00002776    0.16092310
    0.06481847    0.00000926    0.10283604    0.09741296    0.00001398    0.16092310
    0.06481789   -0.00000002    0.10283604    0.09741208   -0.00000003    0.16092310
    0.06481847   -0.00000930    0.10283604    0.09741296   -0.00001403    0.16092310
    0.06482021   -0.00001843    0.10283604    0.09741558   -0.00002781    0.16092310
    0.06482309   -0.00002727    0.10283604    0.09741989   -0.00004116    0.16092310
    0.06482705   -0.00003568    0.10283604    0.09742584   -0.00005386    0.16092310
    0.06483203   -0.00004353    0.10283604    0.09743333   -0.00006571    0.16092310
    0.06483795   -0.00005070    0.10283604    0.09744224   -0.00007652    0.16092310
    0.06484473   -0.00005706    0.10283604    0.09745242   -0.00008612    0.16092310
    0.06485225   -0.00006252    0.10283604    0.09746372   -0.00009437    0.16092310
    0.06486040   -0.00006700    0.10283604    0.09747597   -0.00010113    0.16092310
    0.06486904   -0.00007043    0.10283604    0.09748896   -0.00010630    0.16092310
    0.06487805   -0.00007274    0.10283604    0.09750249   -0.00010979    0.16092310
    0.06488727   -0.00007390    0.10283604    0.09751635   -0.00011155    0.16092310
    0.06489657   -0.00007390    0.10283604    0.09753032   -0.00011155    0.16092310
    0.06490579   -0.00007274    0.10283604    0.09754418   -0.00010979    0.16092310
    0.06491479   -0.00007043    0.10283604    0.09755771   -0.00010630    0.16092310
    0.06492344   -0.00006700    0.10283604    0.09757070   -0.00010113    0.16092310
    0.06493158   -0.00006252    0.10283604    0.09758295   -0.00009437    0.16092310
    0.06493910   -0.00005706    0.10283604    0.09759425   -0.00008612    0.16092310
    0.06494588   -0.00005070    0.10283604    0.09760444   -0.00007652    0.16092310
    0.06495181   -0.00004353    0.10283604    0.09761334   -0.00006571    0.16092310
    0.06495679   -0.00003568    0.10283604    0.09762083   -0.00005386    0.16092310
    0.06496075   -0.00002727    0.10283604    0.09762678   -0.00004116    0.16092310
    0.06496362   -0.00001843    0.10283604    0.09763109   -0.00002781    0.16092310
    0.06496536   -0.00000930    0.10283604    0.09763371   -0.00001403    0.16092310
    0.06497010   -0.00000002    0.10284092    0.09764083   -0.00000003    0.16093074
    0.06496948    0.00000978    0.10284092    0.09763991    0.00001477    0.16093074
    0.06496764    0.00001942    0.10284092    0.09763714    0.00002932    0.16093074
    0.06496461    0.00002876    0.10284092    0.09763258    0.00004342    0.16093074
    0.06496043    0.00003764    0.10284092    0.09762630    0.00005683    0.16093074
    0.06495517    0.00004593    0.10284092    0.09761839    0.00006934    0.16093074
    0.06494891    0.00005350    0.10284092    0.09760899    0.00008076    0.16093074
    0.06494175    0.00006022    0.10284092    0.09759823    0.00009091    0.16093074
    0.06493381    0.00006599    0.10284092    0.09758629    0.00009962    0.16093074
    0.06492521    0.00007072    0.10284092    0.09757336    0.00010676    0.16093074
    0.06491608    0.00007434    0.10284092    0.09755964    0.00011221    0.16093074
    0.06490657    0.00007678    0.10284092    0.09754535    0.00011590    0.16093074
    0.06489683    0.00007801    0.10284092    0.09753071    0.00011776    0.16093074
    0.06488701    0.00007801    0.10284092    0.09751596    0.00011776    0.16093074
    0.06487727    0.00007678    0.10284092    0.09750132    0.00011590    0.16093074
    0.06486776    0.00007434    0.10284092    0.09748703    0.00011221    0.16093074
    0.06485863    0.00007072    0.10284092    0.09747331    0.00010676    0.16093074
    0.06485002    0.00006599    0.10284092    0.09746038    0.00009962    0.16093074
    0.06484208    0.00006022    0.10284092    0.09744844    0.00009091    0.16093074
    0.06483492    0.00005350    0.10284092    0.09743768    0.00008076    0.16093074
    0.06482867    0.00004593    0.10284092    0.09742828    0.00006934    0.16093074
    0.06482340    0.00003764    0.10284092    0.09742037    0.00005683    0.16093074
    0.06481922    0.00002876    0.10284092    0.09741409    0.00004342    0.16093074
    0.06481619    0.00001942    0.10284092    0.09740953    0.00002932    0.16093074
    0.06481435    0.00000978    0.10284092    0.09740676    0.00001477    0.16093074
    0.06481373   -0.00000002    0.10284092    0.09740584   -0.00000003    0.16093074
    0.06481435   -0.00000982    0.10284092    0.09740676   -0.00001482    0.16093074
    0.06481619   -0.00001946    0.10284092    0.09740953   -0.00002937    0.16093074
    0.06481922   -0.00002880    0.10284092    0.09741409   -0.00004347    0.16093074
    0.06482340   -0.00003769    0.10284092    0.09742037   -0.00005688    0.16093074
    0.06482867   -0.00004598    0.10284092    0.09742828   -0.00006939    0.16093074
    0.06483492   -0.00005354    0.10284092    0.09743768   -0.00008081    0.16093074
    0.06484208   -0.00006026    0.10284092    0.09744844   -0.00009096    0.16093074
    0.06485002   -0.00006603    0.10284092    0.09746038   -0.00009967    0.16093074
    0.06485863   -0.00007076    0.10284092    0.09747331   -0.00010681    0.16093074
    0.06486776   -0.00007438    0.10284092    0.09748703   -0.00011226    0.16093074
    0.06487727   -0.00007682    0.10284092    0.09750132   -0.00011595    0.16093074
    0.06488701   -0.00007805    0.10284092    0.09751596   -0.00011781    0.16093074
    0.06489683   -0.00007805    0.10284092    0.09753071   -0.00011781    0.16093074
    0.06490657   -0.00007682    0.10284092    0.09754535   -0.00011595    0.16093074
    0.06491608   -0.00007438    0.10284092    0.09755964   -0.00011226    0.16093074
    0.06492521   -0.00007076    0.10284092    0.09757336   -0.00010681    0.16093074
    0.06493381   -0.00006603    0.10284092    0.09758629   -0.00009967    0.16093074
    0.06494175   -0.00006026    0.10284092    0.09759823   -0.00009096    0.16093074
    0.06494891   -0.00005354    0.10284092    0.09760899   -0.00008081    0.16093074
    0.06495517   -0.00004598    0.10284092    0.09761839   -0.00006939    0.16093074
    0.06496043   -0.00003769    0.10284092    0.09762630   -0.00005688    0.16093074
    0.06496461   -0.00002880    0.10284092    0.09763258   -0.00004347    0.16093074
    0.06496764   -0.00001946    0.10284092    0.09763714   -0.00002937    0.16093074
    0.06496948   -0.00000982    0.10284092    0.09763991   -0.00001482    0.16093074
    0.06497393   -0.00000002    0.10284606    0.09764660   -0.00000003    0.16093878
    0.06497329    0.00001026    0.10284606    0.09764562    0.00001549    0.16093878
    0.06497136    0.00002038    0.10284606    0.09764272    0.00003076    0.16093878
    0.06496817    0.00003017    0.10284606    0.09763794    0.00004555    0.16093878
    0.06496379    0.00003949    0.10284606    0.09763135    0.00005962    0.16093878
    0.06495827    0.00004819    0.10284606    0.09762306    0.00007274    0.16093878
    0.06495171    0.00005612    0.10284606    0.09761319    0.00008472    0.16093878
    0.06494420    0.00006317    0.10284606    0.09760190    0.00009537    0.16093878
    0.06493586    0.00006923    0.10284606    0.09758938    0.00010450    0.16093878
    0.06492684    0.00007419    0.10284606    0.09757582    0.00011199    0.16093878
    0.06491726    0.00007798    0.10284606    0.09756143    0.00011772    0.16093878
    0.06490729    0.00008054    0.10284606    0.09754643    0.00012158    0.16093878
    0.06489707    0.00008183    0.10284606    0.09753108    0.00012353    0.16093878
    0.06488677    0.00008183    0.10284606    0.09751560    0.00012353    0.16093878
    0.06487655    0.00008054    0.10284606    0.09750024    0.00012158    0.16093878
    0.06486657    0.00007798    0.10284606    0.09748525    0.00011772    0.16093878
    0.06485700    0.00007419    0.10284606    0.09747085    0.00011199    0.16093878
    0.06484797    0.00006923    0.10284606    0.09745729    0.00010450    0.16093878
    0.06483964    0.00006317    0.10284606    0.09744477    0.00009537    0.16093878
    0.06483213    0.00005612    0.10284606    0.09743348    0.00008472    0.16093878
    0.06482556    0.00004819    0.10284606    0.09742362    0.00007274    0.16093878
    0.06482004    0.00003949    0.10284606    0.09741532    0.00005962    0.16093878
    0.06481566    0.00003017    0.10284606    0.09740873    0.00004555    0.16093878
    0.06481248    0.00002038    0.10284606    0.09740395    0.00003076    0.16093878
    0.06481055    0.00001026    0.10284606    0.09740105    0.00001549    0.16093878
    0.06480990   -0.00000002    0.10284606    0.09740008   -0.00000003    0.16093878
    0.06481055   -0.00001030    0.10284606    0.09740105   -0.00001554    0.16093878
    0.06481248   -0.00002042    0.10284606    0.09740395   -0.00003081    0.16093878
    0.06481566   -0.00003021    0.10284606    0.09740873   -0.00004560    0.16093878
    0.06482004   -0.00003953    0.10284606    0.09741532   -0.00005967    0.16093878
    0.06482556   -0.00004823    0.10284606    0.09742362   -0.00007279    0.16093878
    0.06483213   -0.00005617    0.10284606    0.09743348   -0.00008477    0.16093878
    0.06483964   -0.00006322    0.10284606    0.09744477   -0.00009542    0.16093878
    0.06484797   -0.00006927    0.10284606    0.09745729   -0.00010455    0.16093878
    0.06485700   -0.00007423    0.10284606    0.09747085   -0.00011204    0.16093878
    0.06486657   -0.00007802    0.10284606    0.09748525   -0.00011777    0.16093878
    0.06487655   -0.00008058    0.10284606    0.09750024   -0.00012163    0.16093878
    0.06488677   -0.00008188    0.10284606    0.09751560   -0.00012358    0.16093878
    0.06489707   -0.00008188    0.10284606    0.09753108   -0.00012358    0.16093878
    0.06490729   -0.00008058    0.10284606    0.09754643   -0.00012163    0.16093878
    0.06491726   -0.00007802    0.10284606    0.09756143   -0.00011777    0.16093878
    0.06492684   -0.00007423    0.10284606    0.09757582   -0.00011204    0.16093878
    0.06493586   -0.00006927    0.10284606    0.09758938   -0.00010455    0.16093878
    0.06494420   -0.00006322    0.10284606    0.09760190   -0.00009542    0.16093878
    0.06495171   -0.00005617    0.10284606    0.09761319   -0.00008477    0.16093878
    0.06495827   -0.00004823    0.10284606    0.09762306   -0.00007279    0.16093878
    0.06496379   -0.00003953    0.10284606    0.09763135   -0.00005967    0.16093878
    0.06496817   -0.00003021    0.10284606    0.09763794   -0.00004560    0.16093878
    0.06497136   -0.00002042    0.10284606    0.09764272   -0.00003081    0.16093878
    0.06497329   -0.00001030    0.10284606    0.09764562   -0.00001554    0.16093878
    0.06497743   -0.00000002    0.10285143    0.09765185   -0.00000003    0.16094718
    0.06497676    0.00001070    0.10285143    0.09765084    0.00001615    0.16094718
    0.06497474    0.00002125    0.10285143    0.09764781    0.00003208    0.16094718
    0.06497143    0.00003146    0.10285143    0.09764283    0.00004749    0.16094718
    0.06496685    0.00004118    0.10285143    0.09763595    0.00006216    0.16094718
    0.06496110    0.00005024    0.10285143    0.09762731    0.00007585    0.16094718
    0.06495425    0.00005852    0.10285143    0.09761702    0.00008834    0.16094718
    0.06494643    0.00006587    0.10285143    0.09760525    0.00009943    0.16094718
    0.06493774    0.00007218    0.10285143    0.09759220    0.00010896    0.16094718
    0.06492833    0.00007736    0.10285143    0.09757805    0.00011677    0.16094718
    0.06491834    0.00008131    0.10285143    0.09756305    0.00012274    0.16094718
    0.06490794    0.00008398    0.10285143    0.09754742    0.00012677    0.16094718
    0.06489729    0.00008533    0.10285143    0.09753141    0.00012880    0.16094718
    0.06488655    0.00008533    0.10285143    0.09751527    0.00012880    0.16094718
    0.06487589    0.00008398    0.10285143    0.09749925    0.00012677    0.16094718
    0.06486549    0.00008131    0.10285143    0.09748362    0.00012274    0.16094718
    0.06485551    0.00007736    0.10285143    0.09746862    0.00011677    0.16094718
    0.06484610    0.00007218    0.10285143    0.09745447    0.00010896    0.16094718
    0.06483741    0.00006587    0.10285143    0.09744142    0.00009943    0.16094718
    0.06482958    0.00005852    0.10285143    0.09742965    0.00008834    0.16094718
    0.06482273    0.00005024    0.10285143    0.09741936    0.00007585    0.16094718
    0.06481698    0.00004118    0.10285143    0.09741072    0.00006216    0.16094718
    0.06481241    0.00003146    0.10285143    0.09740384    0.00004749    0.16094718
    0.06480909    0.00002125    0.10285143    0.09739886    0.00003208    0.16094718
    0.06480708    0.00001070    0.10285143    0.09739583    0.00001615    0.16094718
    0.06480640   -0.00000002    0.10285143    0.09739482   -0.00000003    0.16094718
    0.06480708   -0.00001074    0.10285143    0.09739583   -0.00001620    0.16094718
    0.06480909   -0.00002129    0.10285143    0.09739886   -0.00003213    0.16094718
    0.06481241   -0.00003150    0.10285143    0.09740384   -0.00004754    0.16094718
    0.06481698   -0.00004122    0.10285143    0.09741072   -0.00006221    0.16094718
    0.06482273   -0.00005028    0.10285143    0.09741936   -0.00007590    0.16094718
    0.06482958   -0.00005856    0.10285143    0.09742965   -0.00008839    0.16094718
    0.06483741   -0.00006591    0.10285143    0.09744142   -0.00009948    0.16094718
    0.06484610   -0.00007222    0.10285143    0.09745447   -0.00010901    0.16094718
    0.06485551   -0.00007740    0.10285143    0.09746862   -0.00011682    0.16094718
    0.06486549   -0.00008135    0.10285143    0.09748362   -0.00012279    0.16094718
    0.06487589   -0.00008402    0.10285143    0.09749925   -0.00012682    0.16094718
    0.06488655   -0.00008537    0.10285143    0.09751527   -0.00012885    0.16094718
    0.06489729   -0.00008537    0.10285143    0.09753141   -0.00012885    0.16094718
    0.06490794   -0.00008402    0.10285143    0.09754742   -0.00012682    0.16094718
    0.06491834   -0.00008135    0.10285143    0.09756305   -0.00012279    0.16094718
    0.06492833   -0.00007740    0.10285143    0.09757805   -0.00011682    0.16094718
    0.06493774   -0.00007222    0.10285143    0.09759220   -0.00010901    0.16094718
    0.06494643   -0.00006591    0.10285143    0.09760525   -0.00009948    0.16094718
    0.06495425   -0.00005856    0.10285143    0.09761702   -0.00008839    0.16094718
    0.06496110   -0.00005028    0.10285143    0.09762731   -0.00007590    0.16094718
    0.06496685   -0.00004122    0.10285143    0.09763595   -0.00006221    0.16094718
    0.06497143   -0.00003150    0.10285143    0.09764283   -0.00004754    0.16094718
    0.06497474   -0.00002129    0.10285143    0.09764781   -0.00003213    0.16094718
    0.06497676   -0.00001074    0.10285143    0.09765084   -0.00001620    0.16094718
    0.06498058   -0.00000002    0.10285702    0.09765658   -0.00000003    0.16095592
    0.06497988    0.00001109    0.10285702    0.09765553    0.00001675    0.16095592
    0.06497779    0.00002203    0.10285702    0.09765239    0.00003326    0.16095592
    0.06497435    0.00003262    0.10285702    0.09764722    0.00004924    0.16095592
    0.06496961    0.00004269    0.10285702    0.09764010    0.00006445    0.16095592
    0.06496364    0.00005209    0.10285702    0.09763113    0.00007864    0.16095592
    0.06495655    0.00006067    0.10285702    0.09762047    0.00009159    0.16095592
    0.06494843    0.00006829    0.10285702    0.09760827    0.00010309    0.16095592
    0.06493942    0.00007484    0.10285702    0.09759473    0.00011297    0.16095592
    0.06492967    0.00008020    0.10285702    0.09758007    0.00012107    0.16095592
    0.06491931    0.00008430    0.10285702    0.09756451    0.00012725    0.16095592
    0.06490853    0.00008707    0.10285702    0.09754830    0.00013143    0.16095592
    0.06489748    0.00008846    0.10285702    0.09753170    0.00013354    0.16095592
    0.06488635    0.00008846    0.10285702    0.09751497    0.00013354    0.16095592
    0.06487530    0.00008707    0.10285702    0.09749837    0.00013143    0.16095592
    0.06486452    0.00008430    0.10285702    0.09748216    0.00012725    0.16095592
    0.06485417    0.00008020    0.10285702    0.09746660    0.00012107    0.16095592
    0.06484441    0.00007484    0.10285702    0.09745194    0.00011297    0.16095592
    0.06483540    0.00006829    0.10285702    0.09743840    0.00010309    0.16095592
    0.06482729    0.00006067    0.10285702    0.09742621    0.00009159    0.16095592
    0.06482019    0.00005209    0.10285702    0.09741554    0.00007864    0.16095592
    0.06481422    0.00004269    0.10285702    0.09740657    0.00006445    0.16095592
    0.06480948    0.00003262    0.10285702    0.09739945    0.00004924    0.16095592
    0.06480604    0.00002203    0.10285702    0.09739428    0.00003326    0.16095592
    0.06480396    0.00001109    0.10285702    0.09739114    0.00001675    0.16095592
    0.06480326   -0.00000002    0.10285702    0.09739009   -0.00000003    0.16095592
    0.06480396   -0.00001113    0.10285702    0.09739114   -0.00001680    0.16095592
    0.06480604   -0.00002207    0.10285702    0.09739428   -0.00003331    0.16095592
    0.06480948   -0.00003266    0.10285702    0.09739945   -0.00004929    0.16095592
    0.06481422   -0.00004273    0.10285702    0.09740657   -0.00006450    0.16095592
    0.06482019   -0.00005213    0.10285702    0.09741554   -0.00007869    0.16095592
    0.06482729   -0.00006071    0.10285702    0.09742621   -0.00009164    0.16095592
    0.06483540   -0.00006833    0.10285702    0.09743840   -0.00010314    0.16095592
    0.06484441   -0.00007488    0.10285702    0.09745194   -0.00011302    0.16095592
    0.06485417   -0.00008024    0.10285702    0.09746660   -0.00012112    0.16095592
    0.06486452   -0.00008434    0.10285702    0.09748216   -0.00012730    0.16095592
    0.06487530   -0.00008711    0.10285702    0.09749837   -0.00013148    0.16095592
    0.06488635   -0.00008851    0.10285702    0.09751497   -0.00013359    0.16095592
    0.06489748   -0.00008851    0.10285702    0.09753170   -0.00013359    0.16095592
    0.06490853   -0.00008711    0.10285702    0.09754830   -0.00013148    0.16095592
    0.06491931   -0.00008434    0.10285702    0.09756451   -0.00012730    0.16095592
    0.06492967   -0.00008024    0.10285702    0.09758007   -0.00012112    0.16095592
    0.06493942   -0.00007488    0.10285702    0.09759473   -0.00011302    0.16095592
    0.06494843   -0.00006833    0.10285702    0.09760827   -0.00010314    0.16095592
    0.06495655   -0.00006071    0.10285702    0.09762047   -0.00009164    0.16095592
    0.06496364   -0.00005213    0.10285702    0.09763113   -0.00007869    0.16095592
    0.06496961   -0.00004273    0.10285702    0.09764010   -0.00006450    0.16095592
    0.06497435   -0.00003266    0.10285702    0.09764722   -0.00004929    0.16095592
    0.06497779   -0.00002207    0.10285702    0.09765239   -0.00003331    0.16095592
    0.06497988   -0.00001113    0.10285702    0.09765553   -0.00001680    0.16095592
    0.06498336   -0.00000002    0.10286279    0.09766076   -0.00000003    0.16096496
    0.06498264    0.00001144    0.10286279    0.09765968    0.00001727    0.16096496
    0.06498049    0.00002272    0.10286279    0.09765644    0.00003430    0.16096496
    0.06497694    0.00003364    0.10286279    0.09765111    0.00005079    0.16096496
    0.06497205    0.00004403    0.10286279    0.09764376    0.00006647    0.16096496
    0.06496589    0.00005373    0.10286279    0.09763451    0.00008110    0.16096496
    0.06495857    0.00006258    0.10286279    0.09762351    0.00009446    0.16096496
    0.06495020    0.00007044    0.10286279    0.09761093    0.00010633    0.16096496
    0.06494091    0.00007719    0.10286279    0.09759697    0.00011651    0.16096496
    0.06493085    0.00008272    0.10286279    0.09758185    0.00012486    0.16096496
    0.06492017    0.00008695    0.10286279    0.09756580    0.00013125    0.16096496
    0.06490905    0.00008980    0.10286279    0.09754909    0.00013556    0.16096496
    0.06489766    0.00009124    0.10286279    0.09753196    0.00013773    0.16096496
    0.06488618    0.00009124    0.10286279    0.09751471    0.00013773    0.16096496
    0.06487478    0.00008980    0.10286279    0.09749759    0.00013556    0.16096496
    0.06486366    0.00008695    0.10286279    0.09748087    0.00013125    0.16096496
    0.06485298    0.00008272    0.10286279    0.09746482    0.00012486    0.16096496
    0.06484292    0.00007719    0.10286279    0.09744970    0.00011651    0.16096496
    0.06483363    0.00007044    0.10286279    0.09743574    0.00010633    0.16096496
    0.06482526    0.00006258    0.10286279    0.09742316    0.00009446    0.16096496
    0.06481794    0.00005373    0.10286279    0.09741216    0.00008110    0.16096496
    0.06481179    0.00004403    0.10286279    0.09740291    0.00006647    0.16096496
    0.06480690    0.00003364    0.10286279    0.09739556    0.00005079    0.16096496
    0.06480335    0.00002272    0.10286279    0.09739023    0.00003430    0.16096496
    0.06480120    0.00001144    0.10286279    0.09738700    0.00001727    0.16096496
    0.06480048   -0.00000002    0.10286279    0.09738591   -0.00000003    0.16096496
    0.06480120   -0.00001148    0.10286279    0.09738700   -0.00001732    0.16096496
    0.06480335   -0.00002276    0.10286279    0.09739023   -0.00003435    0.16096496
    0.06480690   -0.00003368    0.10286279    0.09739556   -0.00005084    0.16096496
    0.06481179   -0.00004407    0.10286279    0.09740291   -0.00006652    0.16096496
    0.06481794   -0.00005377    0.10286279    0.09741216   -0.00008116    0.16096496
    0.06482526   -0.00006262    0.10286279    0.09742316   -0.00009451    0.16096496
    0.06483363   -0.00007048    0.10286279    0.09743574   -0.00010638    0.16096496
    0.06484292   -0.00007723    0.10286279    0.09744970   -0.00011656    0.16096496
    0.06485298   -0.00008276    0.10286279    0.09746482   -0.00012492    0.16096496
    0.06486366   -0.00008699    0.10286279    0.09748087   -0.00013130    0.16096496
    0.06487478   -0.00008984    0.10286279    0.09749759   -0.00013561    0.16096496
    0.06488618   -0.00009128    0.10286279    0.09751471   -0.00013778    0.16096496
    0.06489766   -0.00009128    0.10286279    0.09753196   -0.00013778    0.16096496
    0.06490905   -0.00008984    0.10286279    0.09754909   -0.00013561    0.16096496
    0.06492017   -0.00008699    0.10286279    0.09756580   -0.00013130    0.16096496
    0.06493085   -0.00008276    0.10286279    0.09758185   -0.00012492    0.16096496
    0.06494091   -0.00007723    0.10286279    0.09759697   -0.00011656    0.16096496
    0.06495020   -0.00007048    0.10286279    0.09761093   -0.00010638    0.16096496
    0.06495857   -0.00006262    0.10286279    0.09762351   -0.00009451    0.16096496
    0.06496589   -0.00005377    0.10286279    0.09763451   -0.00008116    0.16096496
    0.06497205   -0.00004407    0.10286279    0.09764376   -0.00006652    0.16096496
    0.06497694   -0.00003368    0.10286279    0.09765111   -0.00005084    0.16096496
    0.06498049   -0.00002276    0.10286279    0.09765644   -0.00003435    0.16096496
    0.06498264   -0.00001148    0.10286279    0.09765968   -0.00001732    0.16096496
    0.06498576   -0.00000002    0.10286873    0.09766437   -0.00000003    0.16097426
    0.06498502    0.00001174    0.10286873    0.09766326    0.00001773    0.16097426
    0.06498282    0.00002332    0.10286873    0.09765994    0.00003520    0.16097426
    0.06497917    0.00003453    0.10286873    0.09765447    0.00005212    0.16097426
    0.06497416    0.00004519    0.10286873    0.09764693    0.00006822    0.16097426
    0.06496784    0.00005514    0.10286873    0.09763744    0.00008324    0.16097426
    0.06496033    0.00006422    0.10286873    0.09762615    0.00009695    0.16097426
    0.06495174    0.00007229    0.10286873    0.09761324    0.00010912    0.16097426
    0.06494220    0.00007922    0.10286873    0.09759891    0.00011958    0.16097426
    0.06493188    0.00008489    0.10286873    0.09758339    0.00012815    0.16097426
    0.06492092    0.00008923    0.10286873    0.09756692    0.00013470    0.16097426
    0.06490950    0.00009216    0.10286873    0.09754976    0.00013912    0.16097426
    0.06489781    0.00009364    0.10286873    0.09753219    0.00014135    0.16097426
    0.06488602    0.00009364    0.10286873    0.09751448    0.00014135    0.16097426
    0.06487433    0.00009216    0.10286873    0.09749691    0.00013912    0.16097426
    0.06486292    0.00008923    0.10286873    0.09747975    0.00013470    0.16097426
    0.06485196    0.00008489    0.10286873    0.09746328    0.00012815    0.16097426
    0.06484163    0.00007922    0.10286873    0.09744776    0.00011958    0.16097426
    0.06483210    0.00007229    0.10286873    0.09743343    0.00010912    0.16097426
    0.06482351    0.00006422    0.10286873    0.09742052    0.00009695    0.16097426
    0.06481599    0.00005514    0.10286873    0.09740923    0.00008324    0.16097426
    0.06480968    0.00004519    0.10286873    0.09739974    0.00006822    0.16097426
    0.06480466    0.00003453    0.10286873    0.09739220    0.00005212    0.16097426
    0.06480102    0.00002332    0.10286873    0.09738673    0.00003520    0.16097426
    0.06479881    0.00001174    0.10286873    0.09738341    0.00001773    0.16097426
    0.06479807   -0.00000002    0.10286873    0.09738230   -0.00000003    0.16097426
    0.06479881   -0.00001178    0.10286873    0.09738341   -0.00001778    0.16097426
    0.06480102   -0.00002336    0.10286873    0.09738673   -0.00003525    0.16097426
    0.06480466   -0.00003457    0.10286873    0.09739220   -0.00005217    0.16097426
    0.06480968   -0.00004523    0.10286873    0.09739974   -0.00006827    0.16097426
    0.06481599   -0.00005518    0.10286873    0.09740923   -0.00008329    0.16097426
    0.06482351   -0.00006426    0.10286873    0.09742052   -0.00009700    0.16097426
    0.06483210   -0.00007233    0.10286873    0.09743343   -0.00010917    0.16097426
    0.06484163   -0.00007926    0.10286873    0.09744776   -0.00011963    0.16097426
    0.06485196   -0.00008494    0.10286873    0.09746328   -0.00012820    0.16097426
    0.06486292   -0.00008927    0.10286873    0.09747975   -0.00013475    0.16097426
    0.06487433   -0.00009220    0.10286873    0.09749691   -0.00013917    0.16097426
    0.06488602   -0.00009368    0.10286873    0.09751448   -0.00014140    0.16097426
    0.06489781   -0.00009368    0.10286873    0.09753219   -0.00014140    0.16097426
    0.06490950   -0.00009220    0.10286873    0.09754976   -0.00013917    0.16097426
    0.06492092   -0.00008927    0.10286873    0.09756692   -0.00013475    0.16097426
    0.06493188   -0.00008494    0.10286873    0.09758339   -0.00012820    0.16097426
    0.06494220   -0.00007926    0.10286873    0.09759891   -0.00011963    0.16097426
    0.06495174   -0.00007233    0.10286873    0.09761324   -0.00010917    0.16097426
    0.06496033   -0.00006426    0.10286873    0.09762615   -0.00009700    0.16097426
    0.06496784   -0.00005518    0.10286873    0.09763744   -0.00008329    0.16097426
    0.06497416   -0.00004523    0.10286873    0.09764693   -0.00006827    0.16097426
    0.06497917   -0.00003457    0.10286873    0.09765447   -0.00005217    0.16097426
    0.06498282   -0.00002336    0.10286873    0.09765994   -0.00003525    0.16097426
    0.06498502   -0.00001178    0.10286873    0.09766326   -0.00001778    0.16097426
    0.06498778   -0.00000002    0.10287482    0.09766741   -0.00000003    0.16098378
    0.06498703    0.00001199    0.10287482    0.09766627    0.00001811    0.16098378
    0.06498477    0.00002382    0.10287482    0.09766288    0.00003596    0.16098378
    0.06498105    0.00003527    0.10287482    0.09765729    0.00005324    0.16098378
    0.06497593    0.00004616    0.10287482    0.09764959    0.00006969    0.16098378
    0.06496947    0.00005633    0.10287482    0.09763989    0.00008503    0.16098378
    0.06496180    0.00006560    0.10287482    0.09762836    0.00009903    0.16098378
    0.06495302    0.00007385    0.10287482    0.09761517    0.00011147    0.16098378
    0.06494329    0.00008092    0.10287482    0.09760053    0.00012215    0.16098378
    0.06493274    0.00008672    0.10287482    0.09758468    0.00013091    0.16098378
    0.06492154    0.00009115    0.10287482    0.09756786    0.00013760    0.16098378
    0.06490988    0.00009415    0.10287482    0.09755033    0.00014212    0.16098378
    0.06489794    0.00009566    0.10287482    0.09753238    0.00014440    0.16098378
    0.06488590    0.00009566    0.10287482    0.09751429    0.00014440    0.16098378
    0.06487395    0.00009415    0.10287482    0.09749634    0.00014212    0.16098378
    0.06486229    0.00009115    0.10287482    0.09747881    0.00013760    0.16098378
    0.06485110    0.00008672    0.10287482    0.09746199    0.00013091    0.16098378
    0.06484055    0.00008092    0.10287482    0.09744614    0.00012215    0.16098378
    0.06483081    0.00007385    0.10287482    0.09743150    0.00011147    0.16098378
    0.06482203    0.00006560    0.10287482    0.09741831    0.00009903    0.16098378
    0.06481436    0.00005633    0.10287482    0.09740678    0.00008503    0.16098378
    0.06480791    0.00004616    0.10287482    0.09739708    0.00006969    0.16098378
    0.06480278    0.00003527    0.10287482    0.09738938    0.00005324    0.16098378
    0.06479906    0.00002382    0.10287482    0.09738379    0.00003596    0.16098378
    0.06479681    0.00001199    0.10287482    0.09738040    0.00001811    0.16098378
    0.06479605   -0.00000002    0.10287482    0.09737926   -0.00000003    0.16098378
    0.06479681   -0.00001204    0.10287482    0.09738040   -0.00001816    0.16098378
    0.06479906   -0.00002386    0.10287482    0.09738379   -0.00003601    0.16098378
    0.06480278   -0.00003531    0.10287482    0.09738938   -0.00005330    0.16098378
    0.06480791   -0.00004620    0.10287482    0.09739708   -0.00006974    0.16098378
    0.06481436   -0.00005637    0.10287482    0.09740678   -0.00008508    0.16098378
    0.06482203   -0.00006565    0.10287482    0.09741831   -0.00009908    0.16098378
    0.06483081   -0.00007389    0.10287482    0.09743150   -0.00011152    0.16098378
    0.06484055   -0.00008096    0.10287482    0.09744614   -0.00012220    0.16098378
    0.06485110   -0.00008676    0.10287482    0.09746199   -0.00013096    0.16098378
    0.06486229   -0.00009120    0.10287482    0.09747881   -0.00013765    0.16098378
    0.06487395   -0.00009419    0.10287482    0.09749634   -0.00014217    0.16098378
    0.06488590   -0.00009570    0.10287482    0.09751429   -0.00014445    0.16098378
    0.06489794   -0.00009570    0.10287482    0.09753238   -0.00014445    0.16098378
    0.06490988   -0.00009419    0.10287482    0.09755033   -0.00014217    0.16098378
    0.06492154   -0.00009120    0.10287482    0.09756786   -0.00013765    0.16098378
    0.06493274   -0.00008676    0.10287482    0.09758468   -0.00013096    0.16098378
    0.06494329   -0.00008096    0.10287482    0.09760053   -0.00012220    0.16098378
    0.06495302   -0.00007389    0.10287482    0.09761517   -0.00011152    0.16098378
    0.06496180   -0.00006565    0.10287482    0.09762836   -0.00009908    0.16098378
    0.06496947   -0.00005637    0.10287482    0.09763989   -0.00008508    0.16098378
    0.06497593   -0.00004620    0.10287482    0.09764959   -0.00006974    0.16098378
    0.06498105   -0.00003531    0.10287482    0.09765729   -0.00005330    0.16098378
    0.06498477   -0.00002386    0.10287482    0.09766288   -0.00003601    0.16098378
    0.06498703   -0.00001204    0.10287482    0.09766627   -0.00001816    0.16098378
    0.06498941   -0.00000002    0.10288102    0.09766985   -0.00000003    0.16099348
    0.06498864    0.00001220    0.10288102    0.09766870    0.00001842    0.16099348
    0.06498635    0.00002423    0.10288102    0.09766525    0.00003657    0.16099348
    0.06498256    0.00003587    0.10288102    0.09765956    0.00005415    0.16099348
    0.06497735    0.00004695    0.10288102    0.09765173    0.00007087    0.16099348
    0.06497079    0.00005728    0.10288102    0.09764187    0.00008647    0.16099348
    0.06496299    0.00006672    0.10288102    0.09763014    0.00010071    0.16099348
    0.06495406    0.00007510    0.10288102    0.09761673    0.00011336    0.16099348
    0.06494416    0.00008230    0.10288102    0.09760184    0.00012423    0.16099348
    0.06493343    0.00008819    0.10288102    0.09758572    0.00013313    0.16099348
    0.06492204    0.00009270    0.10288102    0.09756861    0.00013993    0.16099348
    0.06491019    0.00009575    0.10288102    0.09755079    0.00014453    0.16099348
    0.06489804    0.00009728    0.10288102    0.09753254    0.00014685    0.16099348
    0.06488580    0.00009728    0.10288102    0.09751414    0.00014685    0.16099348
    0.06487365    0.00009575    0.10288102    0.09749588    0.00014453    0.16099348
    0.06486179    0.00009270    0.10288102    0.09747806    0.00013993    0.16099348
    0.06485041    0.00008819    0.10288102    0.09746095    0.00013313    0.16099348
    0.06483968    0.00008230    0.10288102    0.09744483    0.00012423    0.16099348
    0.06482977    0.00007510    0.10288102    0.09742994    0.00011336    0.16099348
    0.06482085    0.00006672    0.10288102    0.09741653    0.00010071    0.16099348
    0.06481304    0.00005728    0.10288102    0.09740480    0.00008647    0.16099348
    0.06480648    0.00004695    0.10288102    0.09739494    0.00007087    0.16099348
    0.06480127    0.00003587    0.10288102    0.09738711    0.00005415    0.16099348
    0.06479749    0.00002423    0.10288102    0.09738142    0.00003657    0.16099348
    0.06479519    0.00001220    0.10288102    0.09737797    0.00001842    0.16099348
    0.06479442   -0.00000002    0.10288102    0.09737682   -0.00000003    0.16099348
    0.06479519   -0.00001224    0.10288102    0.09737797   -0.00001847    0.16099348
    0.06479749   -0.00002427    0.10288102    0.09738142   -0.00003662    0.16099348
    0.06480127   -0.00003591    0.10288102    0.09738711   -0.00005420    0.16099348
    0.06480648   -0.00004699    0.10288102    0.09739494   -0.00007092    0.16099348
    0.06481304   -0.00005733    0.10288102    0.09740480   -0.00008652    0.16099348
    0.06482085   -0.00006676    0.10288102    0.09741653   -0.00010076    0.16099348
    0.06482977   -0.00007514    0.10288102    0.09742994   -0.00011341    0.16099348
    0.06483968   -0.00008234    0.10288102    0.09744483   -0.00012428    0.16099348
    0.06485041   -0.00008823    0.10288102    0.09746095   -0.00013318    0.16099348
    0.06486179   -0.00009274    0.10288102    0.09747806   -0.00013998    0.16099348
    0.06487365   -0.00009579    0.10288102    0.09749588   -0.00014458    0.16099348
    0.06488580   -0.00009732    0.10288102    0.09751414   -0.00014690    0.16099348
    0.06489804   -0.00009732    0.10288102    0.09753254   -0.00014690    0.16099348
    0.06491019   -0.00009579    0.10288102    0.09755079   -0.00014458    0.16099348
    0.06492204   -0.00009274    0.10288102    0.09756861   -0.00013998    0.16099348
    0.06493343   -0.00008823    0.10288102    0.09758572   -0.00013318    0.16099348
    0.06494416   -0.00008234    0.10288102    0.09760184   -0.00012428    0.16099348
    0.06495406   -0.00007514    0.10288102    0.09761673   -0.00011341    0.16099348
    0.06496299   -0.00006676    0.10288102    0.09763014   -0.00010076    0.16099348
    0.06497079   -0.00005733    0.10288102    0.09764187   -0.00008652    0.16099348
    0.06497735   -0.00004699    0.10288102    0.09765173   -0.00007092    0.16099348
    0.06498256   -0.00003591    0.10288102    0.09765956   -0.00005420    0.16099348
    0.06498635   -0.00002427    0.10288102    0.09766525   -0.00003662    0.16099348
    0.06498864   -0.00001224    0.10288102    0.09766870   -0.00001847    0.16099348
    0.06499064   -0.00000002    0.10288731    0.09767169   -0.00000003    0.16100333
    0.06498986    0.00001235    0.10288731    0.09767053    0.00001865    0.16100333
    0.06498753    0.00002453    0.10288731    0.09766703    0.00003703    0.16100333
    0.06498370    0.00003632    0.10288731    0.09766128    0.00005483    0.16100333
    0.06497842    0.00004754    0.10288731    0.09765334    0.00007176    0.16100333
    0.06497178    0.00005800    0.10288731    0.09764336    0.00008756    0.16100333
    0.06496388    0.00006756    0.10288731    0.09763148    0.00010198    0.16100333
    0.06495484    0.00007604    0.10288731    0.09761790    0.00011479    0.16100333
    0.06494481    0.00008333    0.10288731    0.09760283    0.00012579    0.16100333
    0.06493395    0.00008930    0.10288731    0.09758650    0.00013480    0.16100333
    0.06492242    0.00009387    0.10288731    0.09756918    0.00014169    0.16100333
    0.06491041    0.00009695    0.10288731    0.09755114    0.00014635    0.16100333
    0.06489812    0.00009850    0.10288731    0.09753265    0.00014869    0.16100333
    0.06488572    0.00009850    0.10288731    0.09751402    0.00014869    0.16100333
    0.06487342    0.00009695    0.10288731    0.09749554    0.00014635    0.16100333
    0.06486141    0.00009387    0.10288731    0.09747749    0.00014169    0.16100333
    0.06484988    0.00008930    0.10288731    0.09746017    0.00013480    0.16100333
    0.06483902    0.00008333    0.10288731    0.09744384    0.00012579    0.16100333
    0.06482899    0.00007604    0.10288731    0.09742877    0.00011479    0.16100333
    0.06481995    0.00006756    0.10288731    0.09741519    0.00010198    0.16100333
    0.06481205    0.00005800    0.10288731    0.09740331    0.00008756    0.16100333
    0.06480541    0.00004754    0.10288731    0.09739333    0.00007176    0.16100333
    0.06480013    0.00003632    0.10288731    0.09738539    0.00005483    0.16100333
    0.06479630    0.00002453    0.10288731    0.09737964    0.00003703    0.16100333
    0.06479398    0.00001235    0.10288731    0.09737615    0.00001865    0.16100333
    0.06479320   -0.00000002    0.10288731    0.09737498   -0.00000003    0.16100333
    0.06479398   -0.00001239    0.10288731    0.09737615   -0.00001870    0.16100333
    0.06479630   -0.00002457    0.10288731    0.09737964   -0.00003708    0.16100333
    0.06480013   -0.00003636    0.10288731    0.09738539   -0.00005488    0.16100333
    0.06480541   -0.00004758    0.10288731    0.09739333   -0.00007181    0.16100333
    0.06481205   -0.00005805    0.10288731    0.09740331   -0.00008761    0.16100333
    0.06481995   -0.00006760    0.10288731    0.09741519   -0.00010203    0.16100333
    0.06482899   -0.00007608    0.10288731    0.09742877   -0.00011484    0.16100333
    0.06483902   -0.00008337    0.10288731    0.09744384   -0.00012584    0.16100333
    0.06484988   -0.00008934    0.10288731    0.09746017   -0.00013485    0.16100333
    0.06486141   -0.00009391    0.10288731    0.09747749   -0.00014174    0.16100333
    0.06487342   -0.00009699    0.10288731    0.09749554   -0.00014640    0.16100333
    0.06488572   -0.00009854    0.10288731    0.09751402   -0.00014874    0.16100333
    0.06489812   -0.00009854    0.10288731    0.09753265   -0.00014874    0.16100333
    0.06491041   -0.00009699    0.10288731    0.09755114   -0.00014640    0.16100333
    0.06492242   -0.00009391    0.10288731    0.09756918   -0.00014174    0.16100333
    0.06493395   -0.00008934    0.10288731    0.09758650   -0.00013485    0.16100333
    0.06494481   -0.00008337    0.10288731    0.09760283   -0.00012584    0.16100333
    0.06495484   -0.00007608    0.10288731    0.09761790   -0.00011484    0.16100333
    0.06496388   -0.00006760    0.10288731    0.09763148   -0.00010203    0.16100333
    0.06497178   -0.00005805    0.10288731    0.09764336   -0.00008761    0.16100333
    0.06497842   -0.00004758    0.10288731    0.09765334   -0.00007181    0.16100333
    0.06498370   -0.00003636    0.10288731    0.09766128   -0.00005488    0.16100333
    0.06498753   -0.00002457    0.10288731    0.09766703   -0.00003708    0.16100333
    0.06498986   -0.00001239    0.10288731    0.09767053   -0.00001870    0.16100333
    0.06499145   -0.00000002    0.10289367    0.09767293   -0.00000003    0.16101328
    0.06499067    0.00001246    0.10289367    0.09767175    0.00001881    0.16101328
    0.06498833    0.00002473    0.10289367    0.09766823    0.00003734    0.16101328
    0.06498447    0.00003662    0.10289367    0.09766242    0.00005528    0.16101328
    0.06497914    0.00004793    0.10289367    0.09765442    0.00007236    0.16101328
    0.06497244    0.00005849    0.10289367    0.09764436    0.00008829    0.16101328
    0.06496448    0.00006812    0.10289367    0.09763238    0.00010283    0.16101328
    0.06495536    0.00007667    0.10289367    0.09761869    0.00011574    0.16101328
    0.06494525    0.00008402    0.10289367    0.09760349    0.00012683    0.16101328
    0.06493430    0.00009004    0.10289367    0.09758703    0.00013592    0.16101328
    0.06492268    0.00009465    0.10289367    0.09756956    0.00014287    0.16101328
    0.06491057    0.00009775    0.10289367    0.09755137    0.00014756    0.16101328
    0.06489817    0.00009932    0.10289367    0.09753273    0.00014993    0.16101328
    0.06488567    0.00009932    0.10289367    0.09751394    0.00014993    0.16101328
    0.06487327    0.00009775    0.10289367    0.09749530    0.00014756    0.16101328
    0.06486116    0.00009465    0.10289367    0.09747711    0.00014287    0.16101328
    0.06484954    0.00009004    0.10289367    0.09745964    0.00013592    0.16101328
    0.06483858    0.00008402    0.10289367    0.09744318    0.00012683    0.16101328
    0.06482847    0.00007667    0.10289367    0.09742798    0.00011574    0.16101328
    0.06481936    0.00006812    0.10289367    0.09741429    0.00010283    0.16101328
    0.06481139    0.00005849    0.10289367    0.09740231    0.00008829    0.16101328
    0.06480469    0.00004793    0.10289367    0.09739225    0.00007236    0.16101328
    0.06479937    0.00003662    0.10289367    0.09738425    0.00005528    0.16101328
    0.06479551    0.00002473    0.10289367    0.09737844    0.00003734    0.16101328
    0.06479316    0.00001246    0.10289367    0.09737492    0.00001881    0.16101328
    0.06479238   -0.00000002    0.10289367    0.09737374   -0.00000003    0.16101328
    0.06479316   -0.00001250    0.10289367    0.09737492   -0.00001886    0.16101328
    0.06479551   -0.00002477    0.10289367    0.09737844   -0.00003739    0.16101328
    0.06479937   -0.00003666    0.10289367    0.09738425   -0.00005534    0.16101328
    0.06480469   -0.00004797    0.10289367    0.09739225   -0.00007241    0.16101328
    0.06481139   -0.00005853    0.10289367    0.09740231   -0.00008834    0.16101328
    0.06481936   -0.00006816    0.10289367    0.09741429   -0.00010288    0.16101328
    0.06482847   -0.00007672    0.10289367    0.09742798   -0.00011579    0.16101328
    0.06483858   -0.00008406    0.10289367    0.09744318   -0.00012688    0.16101328
    0.06484954   -0.00009008    0.10289367    0.09745964   -0.00013597    0.16101328
    0.06486116   -0.00009469    0.10289367    0.09747711   -0.00014292    0.16101328
    0.06487327   -0.00009780    0.10289367    0.09749530   -0.00014761    0.16101328
    0.06488567   -0.00009936    0.10289367    0.09751394   -0.00014998    0.16101328
    0.06489817   -0.00009936    0.10289367    0.09753273   -0.00014998    0.16101328
    0.06491057   -0.00009780    0.10289367    0.09755137   -0.00014761    0.16101328
    0.06492268   -0.00009469    0.10289367    0.09756956   -0.00014292    0.16101328
    0.06493430   -0.00009008    0.10289367    0.09758703   -0.00013597    0.16101328
    0.06494525   -0.00008406    0.10289367    0.09760349   -0.00012688    0.16101328
    0.06495536   -0.00007672    0.10289367    0.09761869   -0.00011579    0.16101328
    0.06496448   -0.00006816    0.10289367    0.09763238   -0.00010288    0.16101328
    0.06497244   -0.00005853    0.10289367    0.09764436   -0.00008834    0.16101328
    0.06497914   -0.00004797    0.10289367    0.09765442   -0.00007241    0.16101328
    0.06498447   -0.00003666    0.10289367    0.09766242   -0.00005534    0.16101328
    0.06498833   -0.00002477    0.10289367    0.09766823   -0.00003739    0.16101328
    0.06499067   -0.00001250    0.10289367    0.09767175   -0.00001886    0.16101328
    0.06499187   -0.00000002    0.10290006    0.09767354   -0.00000003    0.16102329
    0.06499108    0.00001251    0.10290006    0.09767236    0.00001888    0.16102329
    0.06498873    0.00002484    0.10290006    0.09766883    0.00003749    0.16102329
    0.06498485    0.00003677    0.10290006    0.09766300    0.00005551    0.16102329
    0.06497950    0.00004813    0.10290006    0.09765496    0.00007266    0.16102329
    0.06497278    0.00005873    0.10290006    0.09764486    0.00008865    0.16102329
    0.06496478    0.00006840    0.10290006    0.09763283    0.00010325    0.16102329
    0.06495563    0.00007699    0.10290006    0.09761908    0.00011622    0.16102329
    0.06494547    0.00008437    0.10290006    0.09760382    0.00012736    0.16102329
    0.06493447    0.00009042    0.10290006    0.09758729    0.00013648    0.16102329
    0.06492280    0.00009504    0.10290006    0.09756975    0.00014346    0.16102329
    0.06491065    0.00009816    0.10290006    0.09755148    0.00014817    0.16102329
    0.06489819    0.00009973    0.10290006    0.09753277    0.00015054    0.16102329
    0.06488564    0.00009973    0.10290006    0.09751390    0.00015054    0.16102329
    0.06487319    0.00009816    0.10290006    0.09749519    0.00014817    0.16102329
    0.06486103    0.00009504    0.10290006    0.09747692    0.00014346    0.16102329
    0.06484936    0.00009042    0.10290006    0.09745938    0.00013648    0.16102329
    0.06483836    0.00008437    0.10290006    0.09744285    0.00012736    0.16102329
    0.06482821    0.00007699    0.10290006    0.09742759    0.00011622    0.16102329
    0.06481906    0.00006840    0.10290006    0.09741384    0.00010325    0.16102329
    0.06481106    0.00005873    0.10290006    0.09740181    0.00008865    0.16102329
    0.06480433    0.00004813    0.10290006    0.09739171    0.00007266    0.16102329
    0.06479899    0.00003677    0.10290006    0.09738368    0.00005551    0.16102329
    0.06479511    0.00002484    0.10290006    0.09737785    0.00003749    0.16102329
    0.06479276    0.00001251    0.10290006    0.09737431    0.00001888    0.16102329
    0.06479197   -0.00000002    0.10290006    0.09737313   -0.00000003    0.16102329
    0.06479276   -0.00001255    0.10290006    0.09737431   -0.00001893    0.16102329
    0.06479511   -0.00002488    0.10290006    0.09737785   -0.00003754    0.16102329
    0.06479899   -0.00003681    0.10290006    0.09738368   -0.00005556    0.16102329
    0.06480433   -0.00004817    0.10290006    0.09739171   -0.00007271    0.16102329
    0.06481106   -0.00005877    0.10290006    0.09740181   -0.00008870    0.16102329
    0.06481906   -0.00006844    0.10290006    0.09741384   -0.00010330    0.16102329
    0.06482821   -0.00007703    0.10290006    0.09742759   -0.00011627    0.16102329
    0.06483836   -0.00008441    0.10290006    0.09744285   -0.00012741    0.16102329
    0.06484936   -0.00009046    0.10290006    0.09745938   -0.00013653    0.16102329
    0.06486103   -0.00009508    0.10290006    0.09747692   -0.00014351    0.16102329
    0.06487319   -0.00009820    0.10290006    0.09749519   -0.00014822    0.16102329
    0.06488564   -0.00009977    0.10290006    0.09751390   -0.00015060    0.16102329
    0.06489819   -0.00009977    0.10290006    0.09753277   -0.00015060    0.16102329
    0.06491065   -0.00009820    0.10290006    0.09755148   -0.00014822    0.16102329
    0.06492280   -0.00009508    0.10290006    0.09756975   -0.00014351    0.16102329
    0.06493447   -0.00009046    0.10290006    0.09758729   -0.00013653    0.16102329
    0.06494547   -0.00008441    0.10290006    0.09760382   -0.00012741    0.16102329
    0.06495563   -0.00007703    0.10290006    0.09761908   -0.00011627    0.16102329
    0.06496478   -0.00006844    0.10290006    0.09763283   -0.00010330    0.16102329
    0.06497278   -0.00005877    0.10290006    0.09764486   -0.00008870    0.16102329
    0.06497950   -0.00004817    0.10290006    0.09765496   -0.00007271    0.16102329
    0.06498485   -0.00003681    0.10290006    0.09766300   -0.00005556    0.16102329
    0.06498873   -0.00002488    0.10290006    0.09766883   -0.00003754    0.16102329
    0.06499108   -0.00001255    0.10290006    0.09767236   -0.00001893    0.16102329
    0.06499187   -0.00000002    0.10290648    0.09767354   -0.00000003    0.16103332
    0.06499108    0.00001251    0.10290648    0.09767236    0.00001888    0.16103332
    0.06498873    0.00002484    0.10290648    0.09766883    0.00003749    0.16103332
    0.06498485    0.00003677    0.10290648    0.09766300    0.00005551    0.16103332
    0.06497950    0.00004813    0.10290648    0.09765496    0.00007266    0.16103332
    0.06497278    0.00005873    0.10290648    0.09764486    0.00008865    0.16103332
    0.06496478    0.00006840    0.10290648    0.09763283    0.00010325    0.16103332
    0.06495563    0.00007699    0.10290648    0.09761908    0.00011622    0.16103332
    0.06494547    0.00008437    0.10290648    0.09760382    0.00012736    0.16103332
    0.06493447    0.00009042    0.10290648    0.09758729    0.00013648    0.16103332
    0.06492280    0.00009504    0.10290648    0.09756975    0.00014346    0.16103332
    0.06491065    0.00009816    0.10290648    0.09755148    0.00014817    0.16103332
    0.06489819    0.00009973    0.10290648    0.09753277    0.00015054    0.16103332
    0.06488564    0.00009973    0.10290648    0.09751390    0.00015054    0.16103332
    0.06487319    0.00009816    0.10290648    0.09749519    0.00014817    0.16103332
    0.06486103    0.00009504    0.10290648    0.09747692    0.00014346    0.16103332
    0.06484936    0.00009042    0.10290648    0.09745938    0.00013648    0.16103332
    0.06483836    0.00008437    0.10290648    0.09744285    0.00012736    0.16103332
    0.06482821    0.00007699    0.10290648    0.09742759    0.00011622    0.16103332
    0.06481906    0.00006840    0.10290648    0.09741384    0.00010325    0.16103332
    0.06481106    0.00005873    0.10290648    0.09740181    0.00008865    0.16103332
    0.06480433    0.00004813    0.10290648    0.09739171    0.00007266    0.16103332
    0.06479899    0.00003677    0.10290648    0.09738368    0.00005551    0.16103332
    0.06479511    0.00002484    0.10290648    0.09737785    0.00003749    0.16103332
    0.06479276    0.00001251    0.10290648    0.09737431    0.00001888    0.16103332
    0.06479197   -0.00000002    0.10290648    0.09737313   -0.00000003    0.16103332
    0.06479276   -0.00001255    0.10290648    0.09737431   -0.00001893    0.16103332
    0.06479511   -0.00002488    0.10290648    0.09737785   -0.00003754    0.16103332
    0.06479899   -0.00003681    0.10290648    0.09738368   -0.00005556    0.16103332
    0.06480433   -0.00004817    0.10290648    0.09739171   -0.00007271    0.16103332
    0.06481106   -0.00005877    0.10290648    0.09740181   -0.00008870    0.16103332
    0.06481906   -0.00006844    0.10290648    0.09741384   -0.00010330    0.16103332
    0.06482821   -0.00007703    0.10290648    0.09742759   -0.00011627    0.16103332
    0.06483836   -0.00008441    0.10290648    0.09744285   -0.00012741    0.16103332
    0.06484936   -0.00009046    0.10290648    0.09745938   -0.00013653    0.16103332
    0.06486103   -0.00009508    0.10290648    0.09747692   -0.00014351    0.16103332
    0.06487319   -0.00009820    0.10290648    0.09749519   -0.00014822    0.16103332
    0.06488564   -0.00009977    0.10290648    0.09751390   -0.00015060    0.16103332
    0.06489819   -0.00009977    0.10290648    0.09753277   -0.00015060    0.16103332
    0.06491065   -0.00009820    0.10290648    0.09755148   -0.00014822    0.16103332
    0.06492280   -0.00009508    0.10290648    0.09756975   -0.00014351    0.16103332
    0.06493447   -0.00009046    0.10290648    0.09758729   -0.00013653    0.16103332
    0.06494547   -0.00008441    0.10290648    0.09760382   -0.00012741    0.16103332
    0.06495563   -0.00007703    0.10290648    0.09761908   -0.00011627    0.16103332
    0.06496478   -0.00006844    0.10290648    0.09763283   -0.00010330    0.16103332
    0.06497278   -0.00005877    0.10290648    0.09764486   -0.00008870    0.16103332
    0.06497950   -0.00004817    0.10290648    0.09765496   -0.00007271    0.16103332
    0.06498485   -0.00003681    0.10290648    0.09766300   -0.00005556    0.16103332
    0.06498873   -0.00002488    0.10290648    0.09766883   -0.00003754    0.16103332
    0.06499108   -0.00001255    0.10290648    0.09767236   -0.00001893    0.16103332
    0.06499145   -0.00000002    0.10291287    0.09767293   -0.00000003    0.16104333
    0.06499067    0.00001246    0.10291287    0.09767175    0.00001881    0.16104333
    0.06498833    0.00002473    0.10291287    0.09766823    0.00003734    0.16104333
    0.06498447    0.00003662    0.10291287    0.09766242    0.00005528    0.16104333
    0.06497914    0.00004793    0.10291287    0.09765442    0.00007236    0.16104333
    0.06497244    0.00005849    0.10291287    0.09764436    0.00008829    0.16104333
    0.06496448    0.00006812    0.10291287    0.09763238    0.00010283    0.16104333
    0.06495536    0.00007667    0.10291287    0.09761869    0.00011574    0.16104333
    0.06494525    0.00008402    0.10291287    0.09760349    0.00012683    0.16104333
    0.06493430    0.00009004    0.10291287    0.09758703    0.00013592    0.16104333
    0.06492268    0.00009465    0.10291287    0.09756956    0.00014287    0.16104333
    0.06491057    0.00009775    0.10291287    0.09755137    0.00014756    0.16104333
    0.06489817    0.00009932    0.10291287    0.09753273    0.00014993    0.16104333
    0.06488567    0.00009932    0.10291287    0.09751394    0.00014993    0.16104333
    0.06487327    0.00009775    0.10291287    0.09749530    0.00014756    0.16104333
    0.06486116    0.00009465    0.10291287    0.09747711    0.00014287    0.16104333
    0.06484954    0.00009004    0.10291287    0.09745964    0.00013592    0.16104333
    0.06483858    0.00008402    0.10291287    0.09744318    0.00012683    0.16104333
    0.06482847    0.00007667    0.10291287    0.09742798    0.00011574    0.16104333
    0.06481936    0.00006812    0.10291287    0.09741429    0.00010283    0.16104333
    0.06481139    0.00005849    0.10291287    0.09740231    0.00008829    0.16104333
    0.06480469    0.00004793    0.10291287    0.09739225    0.00007236    0.16104333
    0.06479937    0.00003662    0.10291287    0.09738425    0.00005528    0.16104333
    0.06479551    0.00002473    0.10291287    0.09737844    0.00003734    0.16104333
    0.06479316    0.00001246    0.10291287    0.09737492    0.00001881    0.16104333
    0.06479238   -0.00000002    0.10291287    0.09737374   -0.00000003    0.16104333
    0.06479316   -0.00001250    0.10291287    0.09737492   -0.00001886    0.16104333
    0.06479551   -0.00002477    0.10291287    0.09737844   -0.00003739    0.16104333
    0.06479937   -0.00003666    0.10291287    0.09738425   -0.00005534    0.16104333
    0.06480469   -0.00004797    0.10291287    0.09739225   -0.00007241    0.16104333
    0.06481139   -0.00005853    0.10291287    0.09740231   -0.00008834    0.16104333
    0.06481936   -0.00006816    0.10291287    0.09741429   -0.00010288    0.16104333
    0.06482847   -0.00007672    0.10291287    0.09742798   -0.00011579    0.16104333
    0.06483858   -0.00008406    0.10291287    0.09744318   -0.00012688    0.16104333
    0.06484954   -0.00009008    0.10291287    0.09745964   -0.00013597    0.16104333
    0.06486116   -0.00009469    0.10291287    0.09747711   -0.00014292    0.16104333
    0.06487327   -0.00009780    0.10291287    0.09749530   -0.00014761    0.16104333
    0.06488567   -0.00009936    0.10291287    0.09751394   -0.00014998    0.16104333
    0.06489817   -0.00009936    0.10291287    0.09753273   -0.00014998    0.16104333
    0.06491057   -0.00009780    0.10291287    0.09755137   -0.00014761    0.16104333
    0.06492268   -0.00009469    0.10291287    0.09756956   -0.00014292    0.16104333
    0.06493430   -0.00009008    0.10291287    0.09758703   -0.00013597    0.16104333
    0.06494525   -0.00008406    0.10291287    0.09760349   -0.00012688    0.16104333
    0.06495536   -0.00007672    0.10291287    0.09761869   -0.00011579    0.16104333
    0.06496448   -0.00006816    0.10291287    0.09763238   -0.00010288    0.16104333
    0.06497244   -0.00005853    0.10291287    0.09764436   -0.00008834    0.16104333
    0.06497914   -0.00004797    0.10291287    0.09765442   -0.00007241    0.16104333
    0.06498447   -0.00003666    0.10291287    0.09766242   -0.00005534    0.16104333
    0.06498833   -0.00002477    0.10291287    0.09766823   -0.00003739    0.16104333
    0.06499067   -0.00001250    0.10291287    0.09767175   -0.00001886    0.16104333
    0.06499064   -0.00000002    0.10291923    0.09767169   -0.00000003    0.16105328
    0.06498986    0.00001235    0.10291923    0.09767053    0.00001865    0.16105328
    0.06498753    0.00002453    0.10291923    0.09766703    0.00003703    0.16105328
    0.06498370    0.00003632    0.10291923    0.09766128    0.00005483    0.16105328
    0.06497842    0.00004754    0.10291923    0.09765334    0.00007176    0.16105328
    0.06497178    0.00005800    0.10291923    0.09764336    0.00008756    0.16105328
    0.06496388    0.00006756    0.10291923    0.09763148    0.00010198    0.16105328
    0.06495484    0.00007604    0.10291923    0.09761790    0.00011479    0.16105328
    0.06494481    0.00008333    0.10291923    0.09760283    0.00012579    0.16105328
    0.06493395    0.00008930    0.10291923    0.09758650    0.00013480    0.16105328
    0.06492242    0.00009387    0.10291923    0.09756918    0.00014169    0.16105328
    0.06491041    0.00009695    0.10291923    0.09755114    0.00014635    0.16105328
    0.06489812    0.00009850    0.10291923    0.09753265    0.00014869    0.16105328
    0.06488572    0.00009850    0.10291923    0.09751402    0.00014869    0.16105328
    0.06487342    0.00009695    0.10291923    0.09749554    0.00014635    0.16105328
    0.06486141    0.00009387    0.10291923    0.09747749    0.00014169    0.16105328
    0.06484988    0.00008930    0.10291923    0.09746017    0.00013480    0.16105328
    0.06483902    0.00008333    0.10291923    0.09744384    0.00012579    0.16105328
    0.06482899    0.00007604    0.10291923    0.09742877    0.00011479    0.16105328
    0.06481995    0.00006756    0.10291923    0.09741519    0.00010198    0.16105328
    0.06481205    0.00005800    0.10291923    0.09740331    0.00008756    0.16105328
    0.06480541    0.00004754    0.10291923    0.09739333    0.00007176    0.16105328
    0.06480013    0.00003632    0.10291923    0.09738539    0.00005483    0.16105328
    0.06479630    0.00002453    0.10291923    0.09737964    0.00003703    0.16105328
    0.06479398    0.00001235    0.10291923    0.09737615    0.00001865    0.16105328
    0.06479320   -0.00000002    0.10291923    0.09737498   -0.00000003    0.16105328
    0.06479398   -0.00001239    0.10291923    0.09737615   -0.00001870    0.16105328
    0.06479630   -0.00002457    0.10291923    0.09737964   -0.00003708    0.16105328
    0.06480013   -0.00003636    0.10291923    0.09738539   -0.00005488    0.16105328
    0.06480541   -0.00004758    0.10291923    0.09739333   -0.00007181    0.16105328
    0.06481205   -0.00005805    0.10291923    0.09740331   -0.00008761    0.16105328
    0.06481995   -0.00006760    0.10291923    0.09741519   -0.00010203    0.16105328
    0.06482899   -0.00007608    0.10291923    0.09742877   -0.00011484    0.16105328
    0.06483902   -0.00008337    0.10291923    0.09744384   -0.00012584    0.16105328
    0.06484988   -0.00008934    0.10291923    0.09746017   -0.00013485    0.16105328
    0.06486141   -0.00009391    0.10291923    0.09747749   -0.00014174    0.16105328
    0.06487342   -0.00009699    0.10291923    0.09749554   -0.00014640    0.16105328
    0.06488572   -0.00009854    0.10291923    0.09751402   -0.00014874    0.16105328
    0.06489812   -0.00009854    0.10291923    0.09753265   -0.00014874    0.16105328
    0.06491041   -0.00009699    0.10291923    0.09755114   -0.00014640    0.16105328
    0.06492242   -0.00009391    0.10291923    0.09756918   -0.00014174    0.16105328
    0.06493395   -0.00008934    0.10291923    0.09758650   -0.00013485    0.16105328
    0.06494481   -0.00008337    0.10291923    0.09760283   -0.00012584    0.16105328
    0.06495484   -0.00007608    0.10291923    0.09761790   -0.00011484    0.16105328
    0.06496388   -0.00006760    0.10291923    0.09763148   -0.00010203    0.16105328
    0.06497178   -0.00005805    0.10291923    0.09764336   -0.00008761    0.16105328
    0.06497842   -0.00004758    0.10291923    0.09765334   -0.00007181    0.16105328
    0.06498370   -0.00003636    0.10291923    0.09766128   -0.00005488    0.16105328
    0.06498753   -0.00002457    0.10291923    0.09766703   -0.00003708    0.16105328
    0.06498986   -0.00001239    0.10291923    0.09767053   -0.00001870    0.16105328
    0.06498941   -0.00000002    0.10292552    0.09766985   -0.00000003    0.16106313
    0.06498864    0.00001220    0.10292552    0.09766870    0.00001842    0.16106313
    0.06498635    0.00002423    0.10292552    0.09766525    0.00003657    0.16106313
    0.06498256    0.00003587    0.10292552    0.09765956    0.00005415    0.16106313
    0.06497735    0.00004695    0.10292552    0.09765173    0.00007087    0.16106313
    0.06497079    0.00005728    0.10292552    0.09764187    0.00008647    0.16106313
    0.06496299    0.00006672    0.10292552    0.09763014    0.00010071    0.16106313
    0.06495406    0.00007510    0.10292552    0.09761673    0.00011336    0.16106313
    0.06494416    0.00008230    0.10292552    0.09760184    0.00012423    0.16106313
    0.06493343    0.00008819    0.10292552    0.09758572    0.00013313    0.16106313
    0.06492204    0.00009270    0.10292552    0.09756861    0.00013993    0.16106313
    0.06491019    0.00009575    0.10292552    0.09755079    0.00014453    0.16106313
    0.06489804    0.00009728    0.10292552    0.09753254    0.00014685    0.16106313
    0.06488580    0.00009728    0.10292552    0.09751414    0.00014685    0.16106313
    0.06487365    0.00009575    0.10292552    0.09749588    0.00014453    0.16106313
    0.06486179    0.00009270    0.10292552    0.09747806    0.00013993    0.16106313
    0.06485041    0.00008819    0.10292552    0.09746095    0.00013313    0.16106313
    0.06483968    0.00008230    0.10292552    0.09744483    0.00012423    0.16106313
    0.06482977    0.00007510    0.10292552    0.09742994    0.00011336    0.16106313
    0.06482085    0.00006672    0.10292552    0.09741653    0.00010071    0.16106313
    0.06481304    0.00005728    0.10292552    0.09740480    0.00008647    0.16106313
    0.06480648    0.00004695    0.10292552    0.09739494    0.00007087    0.16106313
    0.06480127    0.00003587    0.10292552    0.09738711    0.00005415    0.16106313
    0.06479749    0.00002423    0.10292552    0.09738142    0.00003657    0.16106313
    0.06479519    0.00001220    0.10292552    0.09737797    0.00001842    0.16106313
    0.06479442   -0.00000002    0.10292552    0.09737682   -0.00000003    0.16106313
    0.06479519   -0.00001224    0.10292552    0.09737797   -0.00001847    0.16106313
    0.06479749   -0.00002427    0.10292552    0.09738142   -0.00003662    0.16106313
    0.06480127   -0.00003591    0.10292552    0.09738711   -0.00005420    0.16106313
    0.06480648   -0.00004699    0.10292552    0.09739494   -0.00007092    0.16106313
    0.06481304   -0.00005733    0.10292552    0.09740480   -0.00008652    0.16106313
    0.06482085   -0.00006676    0.10292552    0.09741653   -0.00010076    0.16106313
    0.06482977   -0.00007514    0.10292552    0.09742994   -0.00011341    0.16106313
    0.06483968   -0.00008234    0.10292552    0.09744483   -0.00012428    0.16106313
    0.06485041   -0.00008823    0.10292552    0.09746095   -0.00013318    0.16106313
    0.06486179   -0.00009274    0.10292552    0.09747806   -0.00013998    0.16106313
    0.06487365   -0.00009579    0.10292552    0.09749588   -0.00014458    0.16106313
    0.06488580   -0.00009732    0.10292552    0.09751414   -0.00014690    0.16106313
    0.06489804   -0.00009732    0.10292552    0.09753254   -0.00014690    0.16106313
    0.06491019   -0.00009579    0.10292552    0.09755079   -0.00014458    0.16106313
    0.06492204   -0.00009274    0.10292552    0.09756861   -0.00013998    0.16106313
    0.06493343   -0.00008823    0.10292552    0.09758572   -0.00013318    0.16106313
    0.06494416   -0.00008234    0.10292552    0.09760184   -0.00012428    0.16106313
    0.06495406   -0.00007514    0.10292552    0.09761673   -0.00011341    0.16106313
    0.06496299   -0.00006676    0.10292552    0.09763014   -0.00010076    0.16106313
    0.06497079   -0.00005733    0.10292552    0.09764187   -0.00008652    0.16106313
    0.06497735   -0.00004699    0.10292552    0.09765173   -0.00007092    0.16106313
    0.06498256   -0.00003591    0.10292552    0.09765956   -0.00005420    0.16106313
    0.06498635   -0.00002427    0.10292552    0.09766525   -0.00003662    0.16106313
    0.06498864   -0.00001224    0.10292552    0.09766870   -0.00001847    0.16106313
    0.06498778   -0.00000002    0.10293172    0.09766741   -0.00000003    0.16107283
    0.06498703    0.00001199    0.10293172    0.09766627    0.00001811    0.16107283
    0.06498477    0.00002382    0.10293172    0.09766288    0.00003596    0.16107283
    0.06498105    0.00003527    0.10293172    0.09765729    0.00005324    0.16107283
    0.06497593    0.00004616    0.10293172    0.09764959    0.00006969    0.16107283
    0.06496947    0.00005633    0.10293172    0.09763989    0.00008503    0.16107283
    0.06496180    0.00006560    0.10293172    0.09762836    0.00009903    0.16107283
    0.06495302    0.00007385    0.10293172    0.09761517    0.00011147    0.16107283
    0.06494329    0.00008092    0.10293172    0.09760053    0.00012215    0.16107283
    0.06493274    0.00008672    0.10293172    0.09758468    0.00013091    0.16107283
    0.06492154    0.00009115    0.10293172    0.09756786    0.00013760    0.16107283
    0.06490988    0.00009415    0.10293172    0.09755033    0.00014212    0.16107283
    0.06489794    0.00009566    0.10293172    0.09753238    0.00014440    0.16107283
    0.06488590    0.00009566    0.10293172    0.09751429    0.00014440    0.16107283
    0.06487395    0.00009415    0.10293172    0.09749634    0.00014212    0.16107283
    0.06486229    0.00009115    0.10293172    0.09747881    0.00013760    0.16107283
    0.06485110    0.00008672    0.10293172    0.09746199    0.00013091    0.16107283
    0.06484055    0.00008092    0.10293172    0.09744614    0.00012215    0.16107283
    0.06483081    0.00007385    0.10293172    0.09743150    0.00011147    0.16107283
    0.06482203    0.00006560    0.10293172    0.09741831    0.00009903    0.16107283
    0.06481436    0.00005633    0.10293172    0.09740678    0.00008503    0.16107283
    0.06480791    0.00004616    0.10293172    0.09739708    0.00006969    0.16107283
    0.06480278    0.00003527    0.10293172    0.09738938    0.00005324    0.16107283
    0.06479906    0.00002382    0.10293172    0.09738379    0.00003596    0.16107283
    0.06479681    0.00001199    0.10293172    0.09738040    0.00001811    0.16107283
    0.06479605   -0.00000002    0.10293172    0.09737926   -0.00000003    0.16107283
    0.06479681   -0.00001204    0.10293172    0.09738040   -0.00001816    0.16107283
    0.06479906   -0.00002386    0.10293172    0.09738379   -0.00003601    0.16107283
    0.06480278   -0.00003531    0.10293172    0.09738938   -0.00005330    0.16107283
    0.06480791   -0.00004620    0.10293172    0.09739708   -0.00006974    0.16107283
    0.06481436   -0.00005637    0.10293172    0.09740678   -0.00008508    0.16107283
    0.06482203   -0.00006565    0.10293172    0.09741831   -0.00009908    0.16107283
    0.06483081   -0.00007389    0.10293172    0.09743150   -0.00011152    0.16107283
    0.06484055   -0.00008096    0.10293172    0.09744614   -0.00012220    0.16107283
    0.06485110   -0.00008676    0.10293172    0.09746199   -0.00013096    0.16107283
    0.06486229   -0.00009120    0.10293172    0.09747881   -0.00013765    0.16107283
    0.06487395   -0.00009419    0.10293172    0.09749634   -0.00014217    0.16107283
    0.06488590   -0.00009570    0.10293172    0.09751429   -0.00014445    0.16107283
    0.06489794   -0.00009570    0.10293172    0.09753238   -0.00014445    0.16107283
    0.06490988   -0.00009419    0.10293172    0.09755033   -0.00014217    0.16107283
    0.06492154   -0.00009120    0.10293172    0.09756786   -0.00013765    0.16107283
    0.06493274   -0.00008676    0.10293172    0.09758468   -0.00013096    0.16107283
    0.06494329   -0.00008096    0.10293172    0.09760053   -0.00012220    0.16107283
    0.06495302   -0.00007389    0.10293172    0.09761517   -0.00011152    0.16107283
    0.06496180   -0.00006565    0.10293172    0.09762836   -0.00009908    0.16107283
    0.06496947   -0.00005637    0.10293172    0.09763989   -0.00008508    0.16107283
    0.06497593   -0.00004620    0.10293172    0.09764959   -0.00006974    0.16107283
    0.06498105   -0.00003531    0.10293172    0.09765729   -0.00005330    0.16107283
    0.06498477   -0.00002386    0.10293172    0.09766288   -0.00003601    0.16107283
    0.06498703   -0.00001204    0.10293172    0.09766627   -0.00001816    0.16107283
    0.06498576   -0.00000002    0.10293781    0.09766437   -0.00000003    0.16108235
    0.06498502    0.00001174    0.10293781    0.09766326    0.00001773    0.16108235
    0.06498282    0.00002332    0.10293781    0.09765994    0.00003520    0.16108235
    0.06497917    0.00003453    0.10293781    0.09765447    0.00005212    0.16108235
    0.06497416    0.00004519    0.10293781    0.09764693    0.00006822    0.16108235
    0.06496784    0.00005514    0.10293781    0.09763744    0.00008324    0.16108235
    0.06496033    0.00006422    0.10293781    0.09762615    0.00009695    0.16108235
    0.06495174    0.00007229    0.10293781    0.09761324    0.00010912    0.16108235
    0.06494220    0.00007922    0.10293781    0.09759891    0.00011958    0.16108235
    0.06493188    0.00008489    0.10293781    0.09758339    0.00012815    0.16108235
    0.06492092    0.00008923    0.10293781    0.09756692    0.00013470    0.16108235
    0.06490950    0.00009216    0.10293781    0.09754976    0.00013912    0.16108235
    0.06489781    0.00009364    0.10293781    0.09753219    0.00014135    0.16108235
    0.06488602    0.00009364    0.10293781    0.09751448    0.00014135    0.16108235
    0.06487433    0.00009216    0.10293781    0.09749691    0.00013912    0.16108235
    0.06486292    0.00008923    0.10293781    0.09747975    0.00013470    0.16108235
    0.06485196    0.00008489    0.10293781    0.09746328    0.00012815    0.16108235
    0.06484163    0.00007922    0.10293781    0.09744776    0.00011958    0.16108235
    0.06483210    0.00007229    0.10293781    0.09743343    0.00010912    0.16108235
    0.06482351    0.00006422    0.10293781    0.09742052    0.00009695    0.16108235
    0.06481599    0.00005514    0.10293781    0.09740923    0.00008324    0.16108235
    0.06480968    0.00004519    0.10293781    0.09739974    0.00006822    0.16108235
    0.06480466    0.00003453    0.10293781    0.09739220    0.00005212    0.16108235
    0.06480102    0.00002332    0.10293781    0.09738673    0.00003520    0.16108235
    0.06479881    0.00001174    0.10293781    0.09738341    0.00001773    0.16108235
    0.06479807   -0.00000002    0.10293781    0.09738230   -0.00000003    0.16108235
    0.06479881   -0.00001178    0.10293781    0.09738341   -0.00001778    0.16108235
    0.06480102   -0.00002336    0.10293781    0.09738673   -0.00003525    0.16108235
    0.06480466   -0.00003457    0.10293781    0.09739220   -0.00005217    0.16108235
    0.06480968   -0.00004523    0.10293781    0.09739974   -0.00006827    0.16108235
    0.06481599   -0.00005518    0.10293781    0.09740923   -0.00008329    0.16108235
    0.06482351   -0.00006426    0.10293781    0.09742052   -0.00009700    0.16108235
    0.06483210   -0.00007233    0.10293781    0.09743343   -0.00010917    0.16108235
    0.06484163   -0.00007926    0.10293781    0.09744776   -0.00011963    0.16108235
    0.06485196   -0.00008494    0.10293781    0.09746328   -0.00012820    0.16108235
    0.06486292   -0.00008927    0.10293781    0.09747975   -0.00013475    0.16108235
    0.06487433   -0.00009220    0.10293781    0.09749691   -0.00013917    0.16108235
    0.06488602   -0.00009368    0.10293781    0.09751448   -0.00014140    0.16108235
    0.06489781   -0.00009368    0.10293781    0.09753219   -0.00014140    0.16108235
    0.06490950   -0.00009220    0.10293781    0.09754976   -0.00013917    0.16108235
    0.06492092   -0.00008927    0.10293781    0.09756692   -0.00013475    0.16108235
    0.06493188   -0.00008494    0.10293781    0.09758339   -0.00012820    0.16108235
    0.06494220   -0.00007926    0.10293781    0.09759891   -0.00011963    0.16108235
    0.06495174   -0.00007233    0.10293781    0.09761324   -0.00010917    0.16108235
    0.06496033   -0.00006426    0.10293781    0.09762615   -0.00009700    0.16108235
    0.06496784   -0.00005518    0.10293781    0.09763744   -0.00008329    0.16108235
    0.06497416   -0.00004523    0.10293781    0.09764693   -0.00006827    0.16108235
    0.06497917   -0.00003457    0.10293781    0.09765447   -0.00005217    0.16108235
    0.06498282   -0.00002336    0.10293781    0.09765994   -0.00003525    0.16108235
    0.06498502   -0.00001178    0.10293781    0.09766326   -0.00001778    0.16108235
    0.06498336   -0.00000002    0.10294375    0.09766076   -0.00000003    0.16109165
    0.06498264    0.00001144    0.10294375    0.09765968    0.00001727    0.16109165
    0.06498049    0.00002272    0.10294375    0.09765644    0.00003430    0.16109165
    0.06497694    0.00003364    0.10294375    0.09765111    0.00005079    0.16109165
    0.06497205    0.00004403    0.10294375    0.09764376    0.00006647    0.16109165
    0.06496589    0.00005373    0.10294375    0.09763451    0.00008110    0.16109165
    0.06495857    0.00006258    0.10294375    0.09762351    0.00009446    0.16109165
    0.06495020    0.00007044    0.10294375    0.09761093    0.00010633    0.16109165
    0.06494091    0.00007719    0.10294375    0.09759697    0.00011651    0.16109165
    0.06493085    0.00008272    0.10294375    0.09758185    0.00012486    0.16109165
    0.06492017    0.00008695    0.10294375    0.09756580    0.00013125    0.16109165
    0.06490905    0.00008980    0.10294375    0.09754909    0.00013556    0.16109165
    0.06489766    0.00009124    0.10294375    0.09753196    0.00013773    0.16109165
    0.06488618    0.00009124    0.10294375    0.09751471    0.00013773    0.16109165
    0.06487478    0.00008980    0.10294375    0.09749759    0.00013556    0.16109165
    0.06486366    0.00008695    0.10294375    0.09748087    0.00013125    0.16109165
    0.06485298    0.00008272    0.10294375    0.09746482    0.00012486    0.16109165
    0.06484292    0.00007719    0.10294375    0.09744970    0.00011651    0.16109165
    0.06483363    0.00007044    0.10294375    0.09743574    0.00010633    0.16109165
    0.06482526    0.00006258    0.10294375    0.09742316    0.00009446    0.16109165
    0.06481794    0.00005373    0.10294375    0.09741216    0.00008110    0.16109165
    0.06481179    0.00004403    0.10294375    0.09740291    0.00006647    0.16109165
    0.06480690    0.00003364    0.10294375    0.09739556    0.00005079    0.16109165
    0.06480335    0.00002272    0.10294375    0.09739023    0.00003430    0.16109165
    0.06480120    0.00001144    0.10294375    0.09738700    0.00001727    0.16109165
    0.06480048   -0.00000002    0.10294375    0.09738591   -0.00000003    0.16109165
    0.06480120   -0.00001148    0.10294375    0.09738700   -0.00001732    0.16109165
    0.06480335   -0.00002276    0.10294375    0.09739023   -0.00003435    0.16109165
    0.06480690   -0.00003368    0.10294375    0.09739556   -0.00005084    0.16109165
    0.06481179   -0.00004407    0.10294375    0.09740291   -0.00006652    0.16109165
    0.06481794   -0.00005377    0.10294375    0.09741216   -0.00008116    0.16109165
    0.06482526   -0.00006262    0.10294375    0.09742316   -0.00009451    0.16109165
    0.06483363   -0.00007048    0.10294375    0.09743574   -0.00010638    0.16109165
    0.06484292   -0.00007723    0.10294375    0.09744970   -0.00011656    0.16109165
    0.06485298   -0.00008276    0.10294375    0.09746482   -0.00012492    0.16109165
    0.06486366   -0.00008699    0.10294375    0.09748087   -0.00013130    0.16109165
    0.06487478   -0.00008984    0.10294375    0.09749759   -0.00013561    0.16109165
    0.06488618   -0.00009128    0.10294375    0.09751471   -0.00013778    0.16109165
    0.06489766   -0.00009128    0.10294375    0.09753196   -0.00013778    0.16109165
    0.06490905   -0.00008984    0.10294375    0.09754909   -0.00013561    0.16109165
    0.06492017   -0.00008699    0.10294375    0.09756580   -0.00013130    0.16109165
    0.06493085   -0.00008276    0.10294375    0.09758185   -0.00012492    0.16109165
    0.06494091   -0.00007723    0.10294375    0.09759697   -0.00011656    0.16109165
    0.06495020   -0.00007048    0.10294375    0.09761093   -0.00010638    0.16109165
    0.06495857   -0.00006262    0.10294375    0.09762351   -0.00009451    0.16109165
    0.06496589   -0.00005377    0.10294375    0.09763451   -0.00008116    0.16109165
    0.06497205   -0.00004407    0.10294375    0.09764376   -0.00006652    0.16109165
    0.06497694   -0.00003368    0.10294375    0.09765111   -0.00005084    0.16109165
    0.06498049   -0.00002276    0.10294375    0.09765644   -0.00003435    0.16109165
    0.06498264   -0.00001148    0.10294375    0.09765968   -0.00001732    0.16109165
    0.06498058   -0.00000002    0.10294952    0.09765658   -0.00000003    0.16110068
    0.06497988    0.00001109    0.10294952    0.09765553    0.00001675    0.16110068
    0.06497779    0.00002203    0.10294952    0.09765239    0.00003326    0.16110068
    0.06497435    0.00003262    0.10294952    0.09764722    0.00004924    0.16110068
    0.06496961    0.00004269    0.10294952    0.09764010    0.00006445    0.16110068
    0.06496364    0.00005209    0.10294952    0.09763113    0.00007864    0.16110068
    0.06495655    0.00006067    0.10294952    0.09762047    0.00009159    0.16110068
    0.06494843    0.00006829    0.10294952    0.09760827    0.00010309    0.16110068
    0.06493942    0.00007484    0.10294952    0.09759473    0.00011297    0.16110068
    0.06492967    0.00008020    0.10294952    0.09758007    0.00012107    0.16110068
    0.06491931    0.00008430    0.10294952    0.09756451    0.00012725    0.16110068
    0.06490853    0.00008707    0.10294952    0.09754830    0.00013143    0.16110068
    0.06489748    0.00008846    0.10294952    0.09753170    0.00013354    0.16110068
    0.06488635    0.00008846    0.10294952    0.09751497    0.00013354    0.16110068
    0.06487530    0.00008707    0.10294952    0.09749837    0.00013143    0.16110068
    0.06486452    0.00008430    0.10294952    0.09748216    0.00012725    0.16110068
    0.06485417    0.00008020    0.10294952    0.09746660    0.00012107    0.16110068
    0.06484441    0.00007484    0.10294952    0.09745194    0.00011297    0.16110068
    0.06483540    0.00006829    0.10294952    0.09743840    0.00010309    0.16110068
    0.06482729    0.00006067    0.10294952    0.09742621    0.00009159    0.16110068
    0.06482019    0.00005209    0.10294952    0.09741554    0.00007864    0.16110068
    0.06481422    0.00004269    0.10294952    0.09740657    0.00006445    0.16110068
    0.06480948    0.00003262    0.10294952    0.09739945    0.00004924    0.16110068
    0.06480604    0.00002203    0.10294952    0.09739428    0.00003326    0.16110068
    0.06480396    0.00001109    0.10294952    0.09739114    0.00001675    0.16110068
    0.06480326   -0.00000002    0.10294952    0.09739009   -0.00000003    0.16110068
    0.06480396   -0.00001113    0.10294952    0.09739114   -0.00001680    0.16110068
    0.06480604   -0.00002207    0.10294952    0.09739428   -0.00003331    0.16110068
    0.06480948   -0.00003266    0.10294952    0.09739945   -0.00004929    0.16110068
    0.06481422   -0.00004273    0.10294952    0.09740657   -0.00006450    0.16110068
    0.06482019   -0.00005213    0.10294952    0.09741554   -0.00007869    0.16110068
    0.06482729   -0.00006071    0.10294952    0.09742621   -0.00009164    0.16110068
    0.06483540   -0.00006833    0.10294952    0.09743840   -0.00010314    0.16110068
    0.06484441   -0.00007488    0.10294952    0.09745194   -0.00011302    0.16110068
    0.06485417   -0.00008024    0.10294952    0.09746660   -0.00012112    0.16110068
    0.06486452   -0.00008434    0.10294952    0.09748216   -0.00012730    0.16110068
    0.06487530   -0.00008711    0.10294952    0.09749837   -0.00013148    0.16110068
    0.06488635   -0.00008851    0.10294952    0.09751497   -0.00013359    0.16110068
    0.06489748   -0.00008851    0.10294952    0.09753170   -0.00013359    0.16110068
    0.06490853   -0.00008711    0.10294952    0.09754830   -0.00013148    0.16110068
    0.06491931   -0.00008434    0.10294952    0.09756451   -0.00012730    0.16110068
    0.06492967   -0.00008024    0.10294952    0.09758007   -0.00012112    0.16110068
    0.06493942   -0.00007488    0.10294952    0.09759473   -0.00011302    0.16110068
    0.06494843   -0.00006833    0.10294952    0.09760827   -0.00010314    0.16110068
    0.06495655   -0.00006071    0.10294952    0.09762047   -0.00009164    0.16110068
    0.06496364   -0.00005213    0.10294952    0.09763113   -0.00007869    0.16110068
    0.06496961   -0.00004273    0.10294952    0.09764010   -0.00006450    0.16110068
    0.06497435   -0.00003266    0.10294952    0.09764722   -0.00004929    0.16110068
    0.06497779   -0.00002207    0.10294952    0.09765239   -0.00003331    0.16110068
    0.06497988   -0.00001113    0.10294952    0.09765553   -0.00001680    0.16110068
    0.06497743   -0.00000002    0.10295511    0.09765185   -0.00000003    0.16110942
    0.06497676    0.00001070    0.10295511    0.09765084    0.00001615    0.16110942
    0.06497474    0.00002125    0.10295511    0.09764781    0.00003208    0.16110942
    0.06497143    0.00003146    0.10295511    0.09764283    0.00004749    0.16110942
    0.06496685    0.00004118    0.10295511    0.09763595    0.00006216    0.16110942
    0.06496110    0.00005024    0.10295511    0.09762731    0.00007585    0.16110942
    0.06495425    0.00005852    0.10295511    0.09761702    0.00008834    0.16110942
    0.06494643    0.00006587    0.10295511    0.09760525    0.00009943    0.16110942
    0.06493774    0.00007218    0.10295511    0.09759220    0.00010896    0.16110942
    0.06492833    0.00007736    0.10295511    0.09757805    0.00011677    0.16110942
    0.06491834    0.00008131    0.10295511    0.09756305    0.00012274    0.16110942
    0.06490794    0.00008398    0.10295511    0.09754742    0.00012677    0.16110942
    0.06489729    0.00008533    0.10295511    0.09753141    0.00012880    0.16110942
    0.06488655    0.00008533    0.10295511    0.09751527    0.00012880    0.16110942
    0.06487589    0.00008398    0.10295511    0.09749925    0.00012677    0.16110942
    0.06486549    0.00008131    0.10295511    0.09748362    0.00012274    0.16110942
    0.06485551    0.00007736    0.10295511    0.09746862    0.00011677    0.16110942
    0.06484610    0.00007218    0.10295511    0.09745447    0.00010896    0.16110942
    0.06483741    0.00006587    0.10295511    0.09744142    0.00009943    0.16110942
    0.06482958    0.00005852    0.10295511    0.09742965    0.00008834    0.16110942
    0.06482273    0.00005024    0.10295511    0.09741936    0.00007585    0.16110942
    0.06481698    0.00004118    0.10295511    0.09741072    0.00006216    0.16110942
    0.06481241    0.00003146    0.10295511    0.09740384    0.00004749    0.16110942
    0.06480909    0.00002125    0.10295511    0.09739886    0.00003208    0.16110942
    0.06480708    0.00001070    0.10295511    0.09739583    0.00001615    0.16110942
    0.06480640   -0.00000002    0.10295511    0.09739482   -0.00000003    0.16110942
    0.06480708   -0.00001074    0.10295511    0.09739583   -0.00001620    0.16110942
    0.06480909   -0.00002129    0.10295511    0.09739886   -0.00003213    0.16110942
    0.06481241   -0.00003150    0.10295511    0.09740384   -0.00004754    0.16110942
    0.06481698   -0.00004122    0.10295511    0.09741072   -0.00006221    0.16110942
    0.06482273   -0.00005028    0.10295511    0.09741936   -0.00007590    0.16110942
    0.06482958   -0.00005856    0.10295511    0.09742965   -0.00008839    0.16110942
    0.06483741   -0.00006591    0.10295511    0.09744142   -0.00009948    0.16110942
    0.06484610   -0.00007222    0.10295511    0.09745447   -0.00010901    0.16110942
    0.06485551   -0.00007740    0.10295511    0.09746862   -0.00011682    0.16110942
    0.06486549   -0.00008135    0.10295511    0.09748362   -0.00012279    0.16110942
    0.06487589   -0.00008402    0.10295511    0.09749925   -0.00012682    0.16110942
    0.06488655   -0.00008537    0.10295511    0.09751527   -0.00012885    0.16110942
    0.06489729   -0.00008537    0.10295511    0.09753141   -0.00012885    0.16110942
    0.06490794   -0.00008402    0.10295511    0.09754742   -0.00012682    0.16110942
    0.06491834   -0.00008135    0.10295511    0.09756305   -0.00012279    0.16110942
    0.06492833   -0.00007740    0.10295511    0.09757805   -0.00011682    0.16110942
    0.06493774   -0.00007222    0.10295511    0.09759220   -0.00010901    0.16110942
    0.06494643   -0.00006591    0.10295511    0.09760525   -0.00009948    0.16110942
    0.06495425   -0.00005856    0.10295511    0.09761702   -0.00008839    0.16110942
    0.06496110   -0.00005028    0.10295511    0.09762731   -0.00007590    0.16110942
    0.06496685   -0.00004122    0.10295511    0.09763595   -0.00006221    0.16110942
    0.06497143   -0.00003150    0.10295511    0.09764283   -0.00004754    0.16110942
    0.06497474   -0.00002129    0.10295511    0.09764781   -0.00003213    0.16110942
    0.06497676   -0.00001074    0.10295511    0.09765084   -0.00001620    0.16110942
    0.06497393   -0.00000002    0.10296048    0.09764660   -0.00000003    0.16111783
    0.06497329    0.00001026    0.10296048    0.09764562    0.00001549    0.16111783
    0.06497136    0.00002038    0.10296048    0.09764272    0.00003076    0.16111783
    0.06496817    0.00003017    0.10296048    0.09763794    0.00004555    0.16111783
    0.06496379    0.00003949    0.10296048    0.09763135    0.00005962    0.16111783
    0.06495827    0.00004819    0.10296048    0.09762306    0.00007274    0.16111783
    0.06495171    0.00005612    0.10296048    0.09761319    0.00008472    0.16111783
    0.06494420    0.00006317    0.10296048    0.09760190    0.00009537    0.16111783
    0.06493586    0.00006923    0.10296048    0.09758938    0.00010450    0.16111783
    0.06492684    0.00007419    0.10296048    0.09757582    0.00011199    0.16111783
    0.06491726    0.00007798    0.10296048    0.09756143    0.00011772    0.16111783
    0.06490729    0.00008054    0.10296048    0.09754643    0.00012158    0.16111783
    0.06489707    0.00008183    0.10296048    0.09753108    0.00012353    0.16111783
    0.06488677    0.00008183    0.10296048    0.09751560    0.00012353    0.16111783
    0.06487655    0.00008054    0.10296048    0.09750024    0.00012158    0.16111783
    0.06486657    0.00007798    0.10296048    0.09748525    0.00011772    0.16111783
    0.06485700    0.00007419    0.10296048    0.09747085    0.00011199    0.16111783
    0.06484797    0.00006923    0.10296048    0.09745729    0.00010450    0.16111783
    0.06483964    0.00006317    0.10296048    0.09744477    0.00009537    0.16111783
    0.06483213    0.00005612    0.10296048    0.09743348    0.00008472    0.16111783
    0.06482556    0.00004819    0.10296048    0.09742362    0.00007274    0.16111783
    0.06482004    0.00003949    0.10296048    0.09741532    0.00005962    0.16111783
    0.06481566    0.00003017    0.10296048    0.09740873    0.00004555    0.16111783
    0.06481248    0.00002038    0.10296048    0.09740395    0.00003076    0.16111783
    0.06481055    0.00001026    0.10296048    0.09740105    0.00001549    0.16111783
    0.06480990   -0.00000002    0.10296048    0.09740008   -0.00000003    0.16111783
    0.06481055   -0.00001030    0.10296048    0.09740105   -0.00001554    0.16111783
    0.06481248   -0.00002042    0.10296048    0.09740395   -0.00003081    0.16111783
    0.06481566   -0.00003021    0.10296048    0.09740873   -0.00004560    0.16111783
    0.06482004   -0.00003953    0.10296048    0.09741532   -0.00005967    0.16111783
    0.06482556   -0.00004823    0.10296048    0.09742362   -0.00007279    0.16111783
    0.06483213   -0.00005617    0.10296048    0.09743348   -0.00008477    0.16111783
    0.06483964   -0.00006322    0.10296048    0.09744477   -0.00009542    0.16111783
    0.06484797   -0.00006927    0.10296048    0.09745729   -0.00010455    0.16111783
    0.06485700   -0.00007423    0.10296048    0.09747085   -0.00011204    0.16111783
    0.06486657   -0.00007802    0.10296048    0.09748525   -0.00011777    0.16111783
    0.06487655   -0.00008058    0.10296048    0.09750024   -0.00012163    0.16111783
    0.06488677   -0.00008188    0.10296048    0.09751560   -0.00012358    0.16111783
    0.06489707   -0.00008188    0.10296048    0.09753108   -0.00012358    0.16111783
    0.06490729   -0.00008058    0.10296048    0.09754643   -0.00012163    0.16111783
    0.06491726   -0.00007802    0.10296048    0.09756143   -0.00011777    0.16111783
    0.06492684   -0.00007423    0.10296048    0.09757582   -0.00011204    0.16111783
    0.06493586   -0.00006927    0.10296048    0.09758938   -0.00010455    0.16111783
    0.06494420   -0.00006322    0.10296048    0.09760190   -0.00009542    0.16111783
    0.06495171   -0.00005617    0.10296048    0.09761319   -0.00008477    0.16111783
    0.06495827   -0.00004823    0.10296048    0.09762306   -0.00007279    0.16111783
    0.06496379   -0.00003953    0.10296048    0.09763135   -0.00005967    0.16111783
    0.06496817   -0.00003021    0.10296048    0.09763794   -0.00004560    0.16111783
    0.06497136   -0.00002042    0.10296048    0.09764272   -0.00003081    0.16111783
    0.06497329   -0.00001030    0.10296048    0.09764562   -0.00001554    0.16111783
    0.06497010   -0.00000002    0.10296562    0.09764083   -0.00000003    0.16112587
    0.06496948    0.00000978    0.10296562    0.09763991    0.00001477    0.16112587
    0.06496764    0.00001942    0.10296562    0.09763714    0.00002932    0.16112587
    0.06496461    0.00002876    0.10296562    0.09763258    0.00004342    0.16112587
    0.06496043    0.00003764    0.10296562    0.09762630    0.00005683    0.16112587
    0.06495517    0.00004593    0.10296562    0.09761839    0.00006934    0.16112587
    0.06494891    0.00005350    0.10296562    0.09760899    0.00008076    0.16112587
    0.06494175    0.00006022    0.10296562    0.09759823    0.00009091    0.16112587
    0.06493381    0.00006599    0.10296562    0.09758629    0.00009962    0.16112587
    0.06492521    0.00007072    0.10296562    0.09757336    0.00010676    0.16112587
    0.06491608    0.00007434    0.10296562    0.09755964    0.00011221    0.16112587
    0.06490657    0.00007678    0.10296562    0.09754535    0.00011590    0.16112587
    0.06489683    0.00007801    0.10296562    0.09753071    0.00011776    0.16112587
    0.06488701    0.00007801    0.10296562    0.09751596    0.00011776    0.16112587
    0.06487727    0.00007678    0.10296562    0.09750132    0.00011590    0.16112587
    0.06486776    0.00007434    0.10296562    0.09748703    0.00011221    0.16112587
    0.06485863    0.00007072    0.10296562    0.09747331    0.00010676    0.16112587
    0.06485002    0.00006599    0.10296562    0.09746038    0.00009962    0.16112587
    0.06484208    0.00006022    0.10296562    0.09744844    0.00009091    0.16112587
    0.06483492    0.00005350    0.10296562    0.09743768    0.00008076    0.16112587
    0.06482867    0.00004593    0.10296562    0.09742828    0.00006934    0.16112587
    0.06482340    0.00003764    0.10296562    0.09742037    0.00005683    0.16112587
    0.06481922    0.00002876    0.10296562    0.09741409    0.00004342    0.16112587
    0.06481619    0.00001942    0.10296562    0.09740953    0.00002932    0.16112587
    0.06481435    0.00000978    0.10296562    0.09740676    0.00001477    0.16112587
    0.06481373   -0.00000002    0.10296562    0.09740584   -0.00000003    0.16112587
    0.06481435   -0.00000982    0.10296562    0.09740676   -0.00001482    0.16112587
    0.06481619   -0.00001946    0.10296562    0.09740953   -0.00002937    0.16112587
    0.06481922   -0.00002880    0.10296562    0.09741409   -0.00004347    0.16112587
    0.06482340   -0.00003769    0.10296562    0.09742037   -0.00005688    0.16112587
    0.06482867   -0.00004598    0.10296562    0.09742828   -0.00006939    0.16112587
    0.06483492   -0.00005354    0.10296562    0.09743768   -0.00008081    0.16112587
    0.06484208   -0.00006026    0.10296562    0.09744844   -0.00009096    0.16112587
    0.06485002   -0.00006603    0.10296562    0.09746038   -0.00009967    0.16112587
    0.06485863   -0.00007076    0.10296562    0.09747331   -0.00010681    0.16112587
    0.06486776   -0.00007438    0.10296562    0.09748703   -0.00011226    0.16112587
    0.06487727   -0.00007682    0.10296562    0.09750132   -0.00011595    0.16112587
    0.06488701   -0.00007805    0.10296562    0.09751596   -0.00011781    0.16112587
    0.06489683   -0.00007805    0.10296562    0.09753071   -0.00011781    0.16112587
    0.06490657   -0.00007682    0.10296562    0.09754535   -0.00011595    0.16112587
    0.06491608   -0.00007438    0.10296562    0.09755964   -0.00011226    0.16112587
    0.06492521   -0.00007076    0.10296562    0.09757336   -0.00010681    0.16112587
    0.06493381   -0.00006603    0.10296562    0.09758629   -0.00009967    0.16112587
    0.06494175   -0.00006026    0.10296562    0.09759823   -0.00009096    0.16112587
    0.06494891   -0.00005354    0.10296562    0.09760899   -0.00008081    0.16112587
    0.06495517   -0.00004598    0.10296562    0.09761839   -0.00006939    0.16112587
    0.06496043   -0.00003769    0.10296562    0.09762630   -0.00005688    0.16112587
    0.06496461   -0.00002880    0.10296562    0.09763258   -0.00004347    0.16112587
    0.06496764   -0.00001946    0.10296562    0.09763714   -0.00002937    0.16112587
    0.06496948   -0.00000982    0.10296562    0.09763991   -0.00001482    0.16112587
    0.06496594   -0.00000002    0.10297050    0.09763459   -0.00000003    0.16113351
    0.06496536    0.00000926    0.10297050    0.09763371    0.00001398    0.16113351
    0.06496362    0.00001839    0.10297050    0.09763109    0.00002776    0.16113351
    0.06496075    0.00002723    0.10297050    0.09762678    0.00004111    0.16113351
    0.06495679    0.00003564    0.10297050    0.09762083    0.00005381    0.16113351
    0.06495181    0.00004349    0.10297050    0.09761334    0.00006565    0.16113351
    0.06494588    0.00005066    0.10297050    0.09760444    0.00007647    0.16113351
    0.06493910    0.00005702    0.10297050    0.09759425    0.00008607    0.16113351
    0.06493158    0.00006248    0.10297050    0.09758295    0.00009432    0.16113351
    0.06492344    0.00006696    0.10297050    0.09757070    0.00010108    0.16113351
    0.06491479    0.00007038    0.10297050    0.09755771    0.00010625    0.16113351
    0.06490579    0.00007270    0.10297050    0.09754418    0.00010974    0.16113351
    0.06489657    0.00007386    0.10297050    0.09753032    0.00011150    0.16113351
    0.06488727    0.00007386    0.10297050    0.09751635    0.00011150    0.16113351
    0.06487805    0.00007270    0.10297050    0.09750249    0.00010974    0.16113351
    0.06486904    0.00007038    0.10297050    0.09748896    0.00010625    0.16113351
    0.06486040    0.00006696    0.10297050    0.09747597    0.00010108    0.16113351
    0.06485225    0.00006248    0.10297050    0.09746372    0.00009432    0.16113351
    0.06484473    0.00005702    0.10297050    0.09745242    0.00008607    0.16113351
    0.06483795    0.00005066    0.10297050    0.09744224    0.00007647    0.16113351
    0.06483203    0.00004349    0.10297050    0.09743333    0.00006565    0.16113351
    0.06482705    0.00003564    0.10297050    0.09742584    0.00005381    0.16113351
    0.06482309    0.00002723    0.10297050    0.09741989    0.00004111    0.16113351
    0.06482021    0.00001839    0.10297050    0.09741558    0.00002776    0.16113351
    0.06481847    0.00000926    0.10297050    0.09741296    0.00001398    0.16113351
    0.06481789   -0.00000002    0.10297050    0.09741208   -0.00000003    0.16113351
    0.06481847   -0.00000930    0.10297050    0.09741296   -0.00001403    0.16113351
    0.06482021   -0.00001843    0.10297050    0.09741558   -0.00002781    0.16113351
    0.06482309   -0.00002727    0.10297050    0.09741989   -0.00004116    0.16113351
    0.06482705   -0.00003568    0.10297050    0.09742584   -0.00005386    0.16113351
    0.06483203   -0.00004353    0.10297050    0.09743333   -0.00006571    0.16113351
    0.06483795   -0.00005070    0.10297050    0.09744224   -0.00007652    0.16113351
    0.06484473   -0.00005706    0.10297050    0.09745242   -0.00008612    0.16113351
    0.06485225   -0.00006252    0.10297050    0.09746372   -0.00009437    0.16113351
    0.06486040   -0.00006700    0.10297050    0.09747597   -0.00010113    0.16113351
    0.06486904   -0.00007043    0.10297050    0.09748896   -0.00010630    0.16113351
    0.06487805   -0.00007274    0.10297050    0.09750249   -0.00010979    0.16113351
    0.06488727   -0.00007390    0.10297050    0.09751635   -0.00011155    0.16113351
    0.06489657   -0.00007390    0.10297050    0.09753032   -0.00011155    0.16113351
    0.06490579   -0.00007274    0.10297050    0.09754418   -0.00010979    0.16113351
    0.06491479   -0.00007043    0.10297050    0.09755771   -0.00010630    0.16113351
    0.06492344   -0.00006700    0.10297050    0.09757070   -0.00010113    0.16113351
    0.06493158   -0.00006252    0.10297050    0.09758295   -0.00009437    0.16113351
    0.06493910   -0.00005706    0.10297050    0.09759425   -0.00008612    0.16113351
    0.06494588   -0.00005070    0.10297050    0.09760444   -0.00007652    0.16113351
    0.06495181   -0.00004353    0.10297050    0.09761334   -0.00006571    0.16113351
    0.06495679   -0.00003568    0.10297050    0.09762083   -0.00005386    0.16113351
    0.06496075   -0.00002727    0.10297050    0.09762678   -0.00004116    0.16113351
    0.06496362   -0.00001843    0.10297050    0.09763109   -0.00002781    0.16113351
    0.06496536   -0.00000930    0.10297050    0.09763371   -0.00001403    0.16113351
    0.06496149   -0.00000002    0.10297511    0.09762789   -0.00000003    0.16114071
    0.06496094    0.00000870    0.10297511    0.09762706    0.00001314    0.16114071
    0.06495930    0.00001728    0.10297511    0.09762460    0.00002609    0.16114071
    0.06495660    0.00002559    0.10297511    0.09762054    0.00003863    0.16114071
    0.06495288    0.00003349    0.10297511    0.09761495    0.00005056    0.16114071
    0.06494820    0.00004087    0.10297511    0.09760792    0.00006170    0.16114071
    0.06494263    0.00004760    0.10297511    0.09759955    0.00007186    0.16114071
    0.06493626    0.00005358    0.10297511    0.09758998    0.00008089    0.16114071
    0.06492919    0.00005872    0.10297511    0.09757936    0.00008864    0.16114071
    0.06492154    0.00006293    0.10297511    0.09756785    0.00009499    0.16114071
    0.06491341    0.00006614    0.10297511    0.09755564    0.00009985    0.16114071
    0.06490495    0.00006832    0.10297511    0.09754293    0.00010312    0.16114071
    0.06489629    0.00006941    0.10297511    0.09752990    0.00010478    0.16114071
    0.06488755    0.00006941    0.10297511    0.09751677    0.00010478    0.16114071
    0.06487888    0.00006832    0.10297511    0.09750374    0.00010312    0.16114071
    0.06487042    0.00006614    0.10297511    0.09749103    0.00009985    0.16114071
    0.06486230    0.00006293    0.10297511    0.09747882    0.00009499    0.16114071
    0.06485464    0.00005872    0.10297511    0.09746731    0.00008864    0.16114071
    0.06484757    0.00005358    0.10297511    0.09745669    0.00008089    0.16114071
    0.06484120    0.00004760    0.10297511    0.09744712    0.00007186    0.16114071
    0.06483564    0.00004087    0.10297511    0.09743875    0.00006170    0.16114071
    0.06483095    0.00003349    0.10297511    0.09743172    0.00005056    0.16114071
    0.06482723    0.00002559    0.10297511    0.09742613    0.00003863    0.16114071
    0.06482453    0.00001728    0.10297511    0.09742207    0.00002609    0.16114071
    0.06482290    0.00000870    0.10297511    0.09741961    0.00001314    0.16114071
    0.06482235   -0.00000002    0.10297511    0.09741878   -0.00000003    0.16114071
    0.06482290   -0.00000874    0.10297511    0.09741961   -0.00001319    0.16114071
    0.06482453   -0.00001732    0.10297511    0.09742207   -0.00002614    0.16114071
    0.06482723   -0.00002563    0.10297511    0.09742613   -0.00003868    0.16114071
    0.06483095   -0.00003354    0.10297511    0.09743172   -0.00005061    0.16114071
    0.06483564   -0.00004091    0.10297511    0.09743875   -0.00006175    0.16114071
    0.06484120   -0.00004764    0.10297511    0.09744712   -0.00007191    0.16114071
    0.06484757   -0.00005362    0.10297511    0.09745669   -0.00008094    0.16114071
    0.06485464   -0.00005876    0.10297511    0.09746731   -0.00008869    0.16114071
    0.06486230   -0.00006297    0.10297511    0.09747882   -0.00009504    0.16114071
    0.06487042   -0.00006618    0.10297511    0.09749103   -0.00009990    0.16114071
    0.06487888   -0.00006836    0.10297511    0.09750374   -0.00010318    0.16114071
    0.06488755   -0.00006945    0.10297511    0.09751677   -0.00010483    0.16114071
    0.06489629   -0.00006945    0.10297511    0.09752990   -0.00010483    0.16114071
    0.06490495   -0.00006836    0.10297511    0.09754293   -0.00010318    0.16114071
    0.06491341   -0.00006618    0.10297511    0.09755564   -0.00009990    0.16114071
    0.06492154   -0.00006297    0.10297511    0.09756785   -0.00009504    0.16114071
    0.06492919   -0.00005876    0.10297511    0.09757936   -0.00008869    0.16114071
    0.06493626   -0.00005362    0.10297511    0.09758998   -0.00008094    0.16114071
    0.06494263   -0.00004764    0.10297511    0.09759955   -0.00007191    0.16114071
    0.06494820   -0.00004091    0.10297511    0.09760792   -0.00006175    0.16114071
    0.06495288   -0.00003354    0.10297511    0.09761495   -0.00005061    0.16114071
    0.06495660   -0.00002563    0.10297511    0.09762054   -0.00003868    0.16114071
    0.06495930   -0.00001732    0.10297511    0.09762460   -0.00002614    0.16114071
    0.06496094   -0.00000874    0.10297511    0.09762706   -0.00001319    0.16114071
    0.06495674   -0.00000002    0.10297941    0.09762076   -0.00000003    0.16114746
    0.06495623    0.00000810    0.10297941    0.09761999    0.00001224    0.16114746
    0.06495470    0.00001610    0.10297941    0.09761769    0.00002431    0.16114746
    0.06495219    0.00002384    0.10297941    0.09761391    0.00003599    0.16114746
    0.06494872    0.00003121    0.10297941    0.09760870    0.00004711    0.16114746
    0.06494436    0.00003808    0.10297941    0.09760215    0.00005749    0.16114746
    0.06493917    0.00004435    0.10297941    0.09759435    0.00006696    0.16114746
    0.06493324    0.00004993    0.10297941    0.09758543    0.00007537    0.16114746
    0.06492665    0.00005471    0.10297941    0.09757554    0.00008259    0.16114746
    0.06491952    0.00005863    0.10297941    0.09756481    0.00008851    0.16114746
    0.06491195    0.00006163    0.10297941    0.09755344    0.00009303    0.16114746
    0.06490406    0.00006365    0.10297941    0.09754159    0.00009609    0.16114746
    0.06489599    0.00006467    0.10297941    0.09752945    0.00009763    0.16114746
    0.06488785    0.00006467    0.10297941    0.09751722    0.00009763    0.16114746
    0.06487977    0.00006365    0.10297941    0.09750508    0.00009609    0.16114746
    0.06487189    0.00006163    0.10297941    0.09749323    0.00009303    0.16114746
    0.06486432    0.00005863    0.10297941    0.09748186    0.00008851    0.16114746
    0.06485718    0.00005471    0.10297941    0.09747114    0.00008259    0.16114746
    0.06485060    0.00004993    0.10297941    0.09746124    0.00007537    0.16114746
    0.06484466    0.00004435    0.10297941    0.09745232    0.00006696    0.16114746
    0.06483947    0.00003808    0.10297941    0.09744452    0.00005749    0.16114746
    0.06483511    0.00003121    0.10297941    0.09743797    0.00004711    0.16114746
    0.06483165    0.00002384    0.10297941    0.09743276    0.00003599    0.16114746
    0.06482913    0.00001610    0.10297941    0.09742898    0.00002431    0.16114746
    0.06482761    0.00000810    0.10297941    0.09742668    0.00001224    0.16114746
    0.06482709   -0.00000002    0.10297941    0.09742592   -0.00000003    0.16114746
    0.06482761   -0.00000814    0.10297941    0.09742668   -0.00001229    0.16114746
    0.06482913   -0.00001614    0.10297941    0.09742898   -0.00002436    0.16114746
    0.06483165   -0.00002388    0.10297941    0.09743276   -0.00003605    0.16114746
    0.06483511   -0.00003125    0.10297941    0.09743797   -0.00004716    0.16114746
    0.06483947   -0.00003812    0.10297941    0.09744452   -0.00005754    0.16114746
    0.06484466   -0.00004439    0.10297941    0.09745232   -0.00006701    0.16114746
    0.06485060   -0.00004997    0.10297941    0.09746124   -0.00007542    0.16114746
    0.06485718   -0.00005475    0.10297941    0.09747114   -0.00008264    0.16114746
    0.06486432   -0.00005867    0.10297941    0.09748186   -0.00008856    0.16114746
    0.06487189   -0.00006167    0.10297941    0.09749323   -0.00009308    0.16114746
    0.06487977   -0.00006370    0.10297941    0.09750508   -0.00009614    0.16114746
    0.06488785   -0.00006472    0.10297941    0.09751722   -0.00009768    0.16114746
    0.06489599   -0.00006472    0.10297941    0.09752945   -0.00009768    0.16114746
    0.06490406   -0.00006370    0.10297941    0.09754159   -0.00009614    0.16114746
    0.06491195   -0.00006167    0.10297941    0.09755344   -0.00009308    0.16114746
    0.06491952   -0.00005867    0.10297941    0.09756481   -0.00008856    0.16114746
    0.06492665   -0.00005475    0.10297941    0.09757554   -0.00008264    0.16114746
    0.06493324   -0.00004997    0.10297941    0.09758543   -0.00007542    0.16114746
    0.06493917   -0.00004439    0.10297941    0.09759435   -0.00006701    0.16114746
    0.06494436   -0.00003812    0.10297941    0.09760215   -0.00005754    0.16114746
    0.06494872   -0.00003125    0.10297941    0.09760870   -0.00004716    0.16114746
    0.06495219   -0.00002388    0.10297941    0.09761391   -0.00003605    0.16114746
    0.06495470   -0.00001614    0.10297941    0.09761769   -0.00002436    0.16114746
    0.06495623   -0.00000814    0.10297941    0.09761999   -0.00001229    0.16114746
    0.06495173   -0.00000002    0.10298341    0.09761322   -0.00000003    0.16115371
    0.06495126    0.00000748    0.10298341    0.09761251    0.00001129    0.16115371
    0.06494985    0.00001485    0.10298341    0.09761040    0.00002243    0.16115371
    0.06494753    0.00002200    0.10298341    0.09760691    0.00003321    0.16115371
    0.06494433    0.00002879    0.10298341    0.09760210    0.00004347    0.16115371
    0.06494031    0.00003514    0.10298341    0.09759606    0.00005304    0.16115371
    0.06493552    0.00004092    0.10298341    0.09758886    0.00006178    0.16115371
    0.06493004    0.00004606    0.10298341    0.09758063    0.00006954    0.16115371
    0.06492397    0.00005048    0.10298341    0.09757150    0.00007620    0.16115371
    0.06491738    0.00005410    0.10298341    0.09756161    0.00008166    0.16115371
    0.06491040    0.00005686    0.10298341    0.09755111    0.00008584    0.16115371
    0.06490312    0.00005873    0.10298341    0.09754018    0.00008866    0.16115371
    0.06489567    0.00005967    0.10298341    0.09752898    0.00009008    0.16115371
    0.06488816    0.00005967    0.10298341    0.09751769    0.00009008    0.16115371
    0.06488071    0.00005873    0.10298341    0.09750649    0.00008866    0.16115371
    0.06487343    0.00005686    0.10298341    0.09749556    0.00008584    0.16115371
    0.06486645    0.00005410    0.10298341    0.09748506    0.00008166    0.16115371
    0.06485987    0.00005048    0.10298341    0.09747517    0.00007620    0.16115371
    0.06485379    0.00004606    0.10298341    0.09746604    0.00006954    0.16115371
    0.06484832    0.00004092    0.10298341    0.09745781    0.00006178    0.16115371
    0.06484353    0.00003514    0.10298341    0.09745062    0.00005304    0.16115371
    0.06483950    0.00002879    0.10298341    0.09744457    0.00004347    0.16115371
    0.06483631    0.00002200    0.10298341    0.09743976    0.00003321    0.16115371
    0.06483399    0.00001485    0.10298341    0.09743627    0.00002243    0.16115371
    0.06483258    0.00000748    0.10298341    0.09743416    0.00001129    0.16115371
    0.06483211   -0.00000002    0.10298341    0.09743345   -0.00000003    0.16115371
    0.06483258   -0.00000752    0.10298341    0.09743416   -0.00001134    0.16115371
    0.06483399   -0.00001489    0.10298341    0.09743627   -0.00002248    0.16115371
    0.06483631   -0.00002204    0.10298341    0.09743976   -0.00003326    0.16115371
    0.06483950   -0.00002883    0.10298341    0.09744457   -0.00004352    0.16115371
    0.06484353   -0.00003518    0.10298341    0.09745062   -0.00005309    0.16115371
    0.06484832   -0.00004096    0.10298341    0.09745781   -0.00006183    0.16115371
    0.06485379   -0.00004611    0.10298341    0.09746604   -0.00006959    0.16115371
    0.06485987   -0.00005052    0.10298341    0.09747517   -0.00007625    0.16115371
    0.06486645   -0.00005414    0.10298341    0.09748506   -0.00008171    0.16115371
    0.06487343   -0.00005690    0.10298341    0.09749556   -0.00008589    0.16115371
    0.06488071   -0.00005877    0.10298341    0.09750649   -0.00008871    0.16115371
    0.06488816   -0.00005971    0.10298341    0.09751769   -0.00009013    0.16115371
    0.06489567   -0.00005971    0.10298341    0.09752898   -0.00009013    0.16115371
    0.06490312   -0.00005877    0.10298341    0.09754018   -0.00008871    0.16115371
    0.06491040   -0.00005690    0.10298341    0.09755111   -0.00008589    0.16115371
    0.06491738   -0.00005414    0.10298341    0.09756161   -0.00008171    0.16115371
    0.06492397   -0.00005052    0.10298341    0.09757150   -0.00007625    0.16115371
    0.06493004   -0.00004611    0.10298341    0.09758063   -0.00006959    0.16115371
    0.06493552   -0.00004096    0.10298341    0.09758886   -0.00006183    0.16115371
    0.06494031   -0.00003518    0.10298341    0.09759606   -0.00005309    0.16115371
    0.06494433   -0.00002883    0.10298341    0.09760210   -0.00004352    0.16115371
    0.06494753   -0.00002204    0.10298341    0.09760691   -0.00003326    0.16115371
    0.06494985   -0.00001489    0.10298341    0.09761040   -0.00002248    0.16115371
    0.06495126   -0.00000752    0.10298341    0.09761251   -0.00001134    0.16115371
    0.06494647   -0.00000002    0.10298708    0.09760532   -0.00000003    0.16115945
    0.06494604    0.00000682    0.10298708    0.09760468    0.00001030    0.16115945
    0.06494476    0.00001355    0.10298708    0.09760275    0.00002045    0.16115945
    0.06494264    0.00002006    0.10298708    0.09759956    0.00003029    0.16115945
    0.06493972    0.00002626    0.10298708    0.09759518    0.00003965    0.16115945
    0.06493605    0.00003205    0.10298708    0.09758966    0.00004838    0.16115945
    0.06493168    0.00003732    0.10298708    0.09758310    0.00005634    0.16115945
    0.06492669    0.00004201    0.10298708    0.09757560    0.00006342    0.16115945
    0.06492115    0.00004604    0.10298708    0.09756727    0.00006950    0.16115945
    0.06491514    0.00004934    0.10298708    0.09755824    0.00007448    0.16115945
    0.06490877    0.00005186    0.10298708    0.09754867    0.00007829    0.16115945
    0.06490214    0.00005357    0.10298708    0.09753870    0.00008086    0.16115945
    0.06489534    0.00005443    0.10298708    0.09752848    0.00008216    0.16115945
    0.06488849    0.00005443    0.10298708    0.09751819    0.00008216    0.16115945
    0.06488169    0.00005357    0.10298708    0.09750797    0.00008086    0.16115945
    0.06487506    0.00005186    0.10298708    0.09749800    0.00007829    0.16115945
    0.06486869    0.00004934    0.10298708    0.09748843    0.00007448    0.16115945
    0.06486269    0.00004604    0.10298708    0.09747941    0.00006950    0.16115945
    0.06485714    0.00004201    0.10298708    0.09747108    0.00006342    0.16115945
    0.06485215    0.00003732    0.10298708    0.09746357    0.00005634    0.16115945
    0.06484778    0.00003205    0.10298708    0.09745701    0.00004838    0.16115945
    0.06484411    0.00002626    0.10298708    0.09745149    0.00003965    0.16115945
    0.06484119    0.00002006    0.10298708    0.09744711    0.00003029    0.16115945
    0.06483908    0.00001355    0.10298708    0.09744393    0.00002045    0.16115945
    0.06483779    0.00000682    0.10298708    0.09744200    0.00001030    0.16115945
    0.06483736   -0.00000002    0.10298708    0.09744135   -0.00000003    0.16115945
    0.06483779   -0.00000686    0.10298708    0.09744200   -0.00001035    0.16115945
    0.06483908   -0.00001359    0.10298708    0.09744393   -0.00002050    0.16115945
    0.06484119   -0.00002010    0.10298708    0.09744711   -0.00003034    0.16115945
    0.06484411   -0.00002630    0.10298708    0.09745149   -0.00003970    0.16115945
    0.06484778   -0.00003209    0.10298708    0.09745701   -0.00004843    0.16115945
    0.06485215   -0.00003736    0.10298708    0.09746357   -0.00005639    0.16115945
    0.06485714   -0.00004205    0.10298708    0.09747108   -0.00006347    0.16115945
    0.06486269   -0.00004608    0.10298708    0.09747941   -0.00006955    0.16115945
    0.06486869   -0.00004938    0.10298708    0.09748843   -0.00007453    0.16115945
    0.06487506   -0.00005190    0.10298708    0.09749800   -0.00007834    0.16115945
    0.06488169   -0.00005361    0.10298708    0.09750797   -0.00008091    0.16115945
    0.06488849   -0.00005447    0.10298708    0.09751819   -0.00008221    0.16115945
    0.06489534   -0.00005447    0.10298708    0.09752848   -0.00008221    0.16115945
    0.06490214   -0.00005361    0.10298708    0.09753870   -0.00008091    0.16115945
    0.06490877   -0.00005190    0.10298708    0.09754867   -0.00007834    0.16115945
    0.06491514   -0.00004938    0.10298708    0.09755824   -0.00007453    0.16115945
    0.06492115   -0.00004608    0.10298708    0.09756727   -0.00006955    0.16115945
    0.06492669   -0.00004205    0.10298708    0.09757560   -0.00006347    0.16115945
    0.06493168   -0.00003736    0.10298708    0.09758310   -0.00005639    0.16115945
    0.06493605   -0.00003209    0.10298708    0.09758966   -0.00004843    0.16115945
    0.06493972   -0.00002630    0.10298708    0.09759518   -0.00003970    0.16115945
    0.06494264   -0.00002010    0.10298708    0.09759956   -0.00003034    0.16115945
    0.06494476   -0.00001359    0.10298708    0.09760275   -0.00002050    0.16115945
    0.06494604   -0.00000686    0.10298708    0.09760468   -0.00001035    0.16115945
    0.06494099   -0.00000002    0.10299040    0.09759708   -0.00000003    0.16116465
    0.06494060    0.00000613    0.10299040    0.09759650    0.00000926    0.16116465
    0.06493945    0.00001218    0.10299040    0.09759477    0.00001840    0.16116465
    0.06493754    0.00001804    0.10299040    0.09759190    0.00002724    0.16116465
    0.06493492    0.00002362    0.10299040    0.09758796    0.00003566    0.16116465
    0.06493162    0.00002882    0.10299040    0.09758300    0.00004351    0.16116465
    0.06492769    0.00003357    0.10299040    0.09757710    0.00005068    0.16116465
    0.06492320    0.00003779    0.10299040    0.09757034    0.00005705    0.16116465
    0.06491821    0.00004141    0.10299040    0.09756285    0.00006252    0.16116465
    0.06491281    0.00004438    0.10299040    0.09755474    0.00006700    0.16116465
    0.06490708    0.00004665    0.10299040    0.09754612    0.00007042    0.16116465
    0.06490111    0.00004818    0.10299040    0.09753715    0.00007273    0.16116465
    0.06489500    0.00004895    0.10299040    0.09752797    0.00007390    0.16116465
    0.06488884    0.00004895    0.10299040    0.09751870    0.00007390    0.16116465
    0.06488272    0.00004818    0.10299040    0.09750952    0.00007273    0.16116465
    0.06487675    0.00004665    0.10299040    0.09750055    0.00007042    0.16116465
    0.06487102    0.00004438    0.10299040    0.09749194    0.00006700    0.16116465
    0.06486562    0.00004141    0.10299040    0.09748382    0.00006252    0.16116465
    0.06486064    0.00003779    0.10299040    0.09747633    0.00005705    0.16116465
    0.06485615    0.00003357    0.10299040    0.09746958    0.00005068    0.16116465
    0.06485222    0.00002882    0.10299040    0.09746367    0.00004351    0.16116465
    0.06484892    0.00002362    0.10299040    0.09745871    0.00003566    0.16116465
    0.06484629    0.00001804    0.10299040    0.09745477    0.00002724    0.16116465
    0.06484439    0.00001218    0.10299040    0.09745190    0.00001840    0.16116465
    0.06484323    0.00000613    0.10299040    0.09745017    0.00000926    0.16116465
    0.06484285   -0.00000002    0.10299040    0.09744959   -0.00000003    0.16116465
    0.06484323   -0.00000617    0.10299040    0.09745017   -0.00000931    0.16116465
    0.06484439   -0.00001222    0.10299040    0.09745190   -0.00001845    0.16116465
    0.06484629   -0.00001808    0.10299040    0.09745477   -0.00002729    0.16116465
    0.06484892   -0.00002366    0.10299040    0.09745871   -0.00003571    0.16116465
    0.06485222   -0.00002886    0.10299040    0.09746367   -0.00004356    0.16116465
    0.06485615   -0.00003361    0.10299040    0.09746958   -0.00005073    0.16116465
    0.06486064   -0.00003783    0.10299040    0.09747633   -0.00005710    0.16116465
    0.06486562   -0.00004145    0.10299040    0.09748382   -0.00006257    0.16116465
    0.06487102   -0.00004442    0.10299040    0.09749194   -0.00006705    0.16116465
    0.06487675   -0.00004669    0.10299040    0.09750055   -0.00007047    0.16116465
    0.06488272   -0.00004822    0.10299040    0.09750952   -0.00007278    0.16116465
    0.06488884   -0.00004900    0.10299040    0.09751870   -0.00007395    0.16116465
    0.06489500   -0.00004900    0.10299040    0.09752797   -0.00007395    0.16116465
    0.06490111   -0.00004822    0.10299040    0.09753715   -0.00007278    0.16116465
    0.06490708   -0.00004669    0.10299040    0.09754612   -0.00007047    0.16116465
    0.06491281   -0.00004442    0.10299040    0.09755474   -0.00006705    0.16116465
    0.06491821   -0.00004145    0.10299040    0.09756285   -0.00006257    0.16116465
    0.06492320   -0.00003783    0.10299040    0.09757034   -0.00005710    0.16116465
    0.06492769   -0.00003361    0.10299040    0.09757710   -0.00005073    0.16116465
    0.06493162   -0.00002886    0.10299040    0.09758300   -0.00004356    0.16116465
    0.06493492   -0.00002366    0.10299040    0.09758796   -0.00003571    0.16116465
    0.06493754   -0.00001808    0.10299040    0.09759190   -0.00002729    0.16116465
    0.06493945   -0.00001222    0.10299040    0.09759477   -0.00001845    0.16116465
    0.06494060   -0.00000617    0.10299040    0.09759650   -0.00000931    0.16116465
    0.06493531   -0.00000002    0.10299337    0.09758854   -0.00000003    0.16116929
    0.06493496    0.00000542    0.10299337    0.09758803    0.00000818    0.16116929
    0.06493394    0.00001077    0.10299337    0.09758649    0.00001626    0.16116929
    0.06493226    0.00001595    0.10299337    0.09758396    0.00002408    0.16116929
    0.06492994    0.00002088    0.10299337    0.09758048    0.00003153    0.16116929
    0.06492702    0.00002548    0.10299337    0.09757609    0.00003847    0.16116929
    0.06492355    0.00002968    0.10299337    0.09757087    0.00004481    0.16116929
    0.06491957    0.00003341    0.10299337    0.09756490    0.00005044    0.16116929
    0.06491517    0.00003661    0.10299337    0.09755828    0.00005527    0.16116929
    0.06491039    0.00003924    0.10299337    0.09755110    0.00005923    0.16116929
    0.06490532    0.00004124    0.10299337    0.09754349    0.00006226    0.16116929
    0.06490005    0.00004260    0.10299337    0.09753555    0.00006431    0.16116929
    0.06489464    0.00004328    0.10299337    0.09752743    0.00006534    0.16116929
    0.06488919    0.00004328    0.10299337    0.09751924    0.00006534    0.16116929
    0.06488379    0.00004260    0.10299337    0.09751112    0.00006431    0.16116929
    0.06487851    0.00004124    0.10299337    0.09750319    0.00006226    0.16116929
    0.06487344    0.00003924    0.10299337    0.09749557    0.00005923    0.16116929
    0.06486867    0.00003661    0.10299337    0.09748840    0.00005527    0.16116929
    0.06486426    0.00003341    0.10299337    0.09748177    0.00005044    0.16116929
    0.06486029    0.00002968    0.10299337    0.09747580    0.00004481    0.16116929
    0.06485682    0.00002548    0.10299337    0.09747058    0.00003847    0.16116929
    0.06485390    0.00002088    0.10299337    0.09746619    0.00003153    0.16116929
    0.06485158    0.00001595    0.10299337    0.09746271    0.00002408    0.16116929
    0.06484989    0.00001077    0.10299337    0.09746018    0.00001626    0.16116929
    0.06484887    0.00000542    0.10299337    0.09745864    0.00000818    0.16116929
    0.06484853   -0.00000002    0.10299337    0.09745813   -0.00000003    0.16116929
    0.06484887   -0.00000546    0.10299337    0.09745864   -0.00000823    0.16116929
    0.06484989   -0.00001081    0.10299337    0.09746018   -0.00001631    0.16116929
    0.06485158   -0.00001599    0.10299337    0.09746271   -0.00002413    0.16116929
    0.06485390   -0.00002092    0.10299337    0.09746619   -0.00003158    0.16116929
    0.06485682   -0.00002552    0.10299337    0.09747058   -0.00003852    0.16116929
    0.06486029   -0.00002972    0.10299337    0.09747580   -0.00004486    0.16116929
    0.06486426   -0.00003345    0.10299337    0.09748177   -0.00005049    0.16116929
    0.06486867   -0.00003665    0.10299337    0.09748840   -0.00005532    0.16116929
    0.06487344   -0.00003928    0.10299337    0.09749557   -0.00005928    0.16116929
    0.06487851   -0.00004129    0.10299337    0.09750319   -0.00006231    0.16116929
    0.06488379   -0.00004264    0.10299337    0.09751112   -0.00006436    0.16116929
    0.06488919   -0.00004332    0.10299337    0.09751924   -0.00006539    0.16116929
    0.06489464   -0.00004332    0.10299337    0.09752743   -0.00006539    0.16116929
    0.06490005   -0.00004264    0.10299337    0.09753555   -0.00006436    0.16116929
    0.06490532   -0.00004129    0.10299337    0.09754349   -0.00006231    0.16116929
    0.06491039   -0.00003928    0.10299337    0.09755110   -0.00005928    0.16116929
    0.06491517   -0.00003665    0.10299337    0.09755828   -0.00005532    0.16116929
    0.06491957   -0.00003345    0.10299337    0.09756490   -0.00005049    0.16116929
    0.06492355   -0.00002972    0.10299337    0.09757087   -0.00004486    0.16116929
    0.06492702   -0.00002552    0.10299337    0.09757609   -0.00003852    0.16116929
    0.06492994   -0.00002092    0.10299337    0.09758048   -0.00003158    0.16116929
    0.06493226   -0.00001599    0.10299337    0.09758396   -0.00002413    0.16116929
    0.06493394   -0.00001081    0.10299337    0.09758649   -0.00001631    0.16116929
    0.06493496   -0.00000546    0.10299337    0.09758803   -0.00000823    0.16116929
    0.06492944   -0.00000002    0.10299596    0.09757973   -0.00000003    0.16117335
    0.06492915    0.00000468    0.10299596    0.09757929    0.00000707    0.16117335
    0.06492826    0.00000931    0.10299596    0.09757796    0.00001406    0.16117335
    0.06492681    0.00001379    0.10299596    0.09757577    0.00002083    0.16117335
    0.06492480    0.00001806    0.10299596    0.09757276    0.00002726    0.16117335
    0.06492228    0.00002204    0.10299596    0.09756896    0.00003327    0.16117335
    0.06491927    0.00002567    0.10299596    0.09756445    0.00003875    0.16117335
    0.06491584    0.00002889    0.10299596    0.09755928    0.00004362    0.16117335
    0.06491202    0.00003166    0.10299596    0.09755355    0.00004780    0.16117335
    0.06490790    0.00003393    0.10299596    0.09754735    0.00005123    0.16117335
    0.06490351    0.00003567    0.10299596    0.09754076    0.00005385    0.16117335
    0.06489895    0.00003684    0.10299596    0.09753390    0.00005562    0.16117335
    0.06489427    0.00003743    0.10299596    0.09752688    0.00005651    0.16117335
    0.06488956    0.00003743    0.10299596    0.09751979    0.00005651    0.16117335
    0.06488489    0.00003684    0.10299596    0.09751277    0.00005562    0.16117335
    0.06488032    0.00003567    0.10299596    0.09750591    0.00005385    0.16117335
    0.06487594    0.00003393    0.10299596    0.09749932    0.00005123    0.16117335
    0.06487181    0.00003166    0.10299596    0.09749312    0.00004780    0.16117335
    0.06486800    0.00002889    0.10299596    0.09748739    0.00004362    0.16117335
    0.06486456    0.00002567    0.10299596    0.09748222    0.00003875    0.16117335
    0.06486156    0.00002204    0.10299596    0.09747771    0.00003327    0.16117335
    0.06485903    0.00001806    0.10299596    0.09747391    0.00002726    0.16117335
    0.06485703    0.00001379    0.10299596    0.09747090    0.00002083    0.16117335
    0.06485557    0.00000931    0.10299596    0.09746871    0.00001406    0.16117335
    0.06485469    0.00000468    0.10299596    0.09746738    0.00000707    0.16117335
    0.06485439   -0.00000002    0.10299596    0.09746694   -0.00000003    0.16117335
    0.06485469   -0.00000472    0.10299596    0.09746738   -0.00000712    0.16117335
    0.06485557   -0.00000935    0.10299596    0.09746871   -0.00001411    0.16117335
    0.06485703   -0.00001383    0.10299596    0.09747090   -0.00002088    0.16117335
    0.06485903   -0.00001810    0.10299596    0.09747391   -0.00002731    0.16117335
    0.06486156   -0.00002208    0.10299596    0.09747771   -0.00003332    0.16117335
    0.06486456   -0.00002571    0.10299596    0.09748222   -0.00003880    0.16117335
    0.06486800   -0.00002894    0.10299596    0.09748739   -0.00004367    0.16117335
    0.06487181   -0.00003171    0.10299596    0.09749312   -0.00004785    0.16117335
    0.06487594   -0.00003398    0.10299596    0.09749932   -0.00005128    0.16117335
    0.06488032   -0.00003571    0.10299596    0.09750591   -0.00005390    0.16117335
    0.06488489   -0.00003688    0.10299596    0.09751277   -0.00005567    0.16117335
    0.06488956   -0.00003747    0.10299596    0.09751979   -0.00005656    0.16117335
    0.06489427   -0.00003747    0.10299596    0.09752688   -0.00005656    0.16117335
    0.06489895   -0.00003688    0.10299596    0.09753390   -0.00005567    0.16117335
    0.06490351   -0.00003571    0.10299596    0.09754076   -0.00005390    0.16117335
    0.06490790   -0.00003398    0.10299596    0.09754735   -0.00005128    0.16117335
    0.06491202   -0.00003171    0.10299596    0.09755355   -0.00004785    0.16117335
    0.06491584   -0.00002894    0.10299596    0.09755928   -0.00004367    0.16117335
    0.06491927   -0.00002571    0.10299596    0.09756445   -0.00003880    0.16117335
    0.06492228   -0.00002208    0.10299596    0.09756896   -0.00003332    0.16117335
    0.06492480   -0.00001810    0.10299596    0.09757276   -0.00002731    0.16117335
    0.06492681   -0.00001383    0.10299596    0.09757577   -0.00002088    0.16117335
    0.06492826   -0.00000935    0.10299596    0.09757796   -0.00001411    0.16117335
    0.06492915   -0.00000472    0.10299596    0.09757929   -0.00000712    0.16117335
    0.06492343   -0.00000002    0.10299818    0.09757069   -0.00000003    0.16117682
    0.06492318    0.00000393    0.10299818    0.09757032    0.00000594    0.16117682
    0.06492244    0.00000782    0.10299818    0.09756920    0.00001180    0.16117682
    0.06492122    0.00001158    0.10299818    0.09756737    0.00001748    0.16117682
    0.06491953    0.00001516    0.10299818    0.09756483    0.00002289    0.16117682
    0.06491741    0.00001850    0.10299818    0.09756165    0.00002793    0.16117682
    0.06491489    0.00002155    0.10299818    0.09755786    0.00003253    0.16117682
    0.06491200    0.00002426    0.10299818    0.09755352    0.00003662    0.16117682
    0.06490880    0.00002659    0.10299818    0.09754871    0.00004013    0.16117682
    0.06490533    0.00002849    0.10299818    0.09754350    0.00004301    0.16117682
    0.06490165    0.00002995    0.10299818    0.09753797    0.00004521    0.16117682
    0.06489782    0.00003093    0.10299818    0.09753221    0.00004670    0.16117682
    0.06489390    0.00003143    0.10299818    0.09752631    0.00004744    0.16117682
    0.06488994    0.00003143    0.10299818    0.09752036    0.00004744    0.16117682
    0.06488601    0.00003093    0.10299818    0.09751446    0.00004670    0.16117682
    0.06488218    0.00002995    0.10299818    0.09750870    0.00004521    0.16117682
    0.06487850    0.00002849    0.10299818    0.09750317    0.00004301    0.16117682
    0.06487503    0.00002659    0.10299818    0.09749796    0.00004013    0.16117682
    0.06487183    0.00002426    0.10299818    0.09749315    0.00003662    0.16117682
    0.06486895    0.00002155    0.10299818    0.09748881    0.00003253    0.16117682
    0.06486642    0.00001850    0.10299818    0.09748502    0.00002793    0.16117682
    0.06486430    0.00001516    0.10299818    0.09748184    0.00002289    0.16117682
    0.06486262    0.00001158    0.10299818    0.09747930    0.00001748    0.16117682
    0.06486140    0.00000782    0.10299818    0.09747747    0.00001180    0.16117682
    0.06486065    0.00000393    0.10299818    0.09747635    0.00000594    0.16117682
    0.06486041   -0.00000002    0.10299818    0.09747598   -0.00000003    0.16117682
    0.06486065   -0.00000397    0.10299818    0.09747635   -0.00000599    0.16117682
    0.06486140   -0.00000786    0.10299818    0.09747747   -0.00001185    0.16117682
    0.06486262   -0.00001162    0.10299818    0.09747930   -0.00001753    0.16117682
    0.06486430   -0.00001520    0.10299818    0.09748184   -0.00002294    0.16117682
    0.06486642   -0.00001854    0.10299818    0.09748502   -0.00002798    0.16117682
    0.06486895   -0.00002159    0.10299818    0.09748881   -0.00003259    0.16117682
    0.06487183   -0.00002430    0.10299818    0.09749315   -0.00003667    0.16117682
    0.06487503   -0.00002663    0.10299818    0.09749796   -0.00004018    0.16117682
    0.06487850   -0.00002853    0.10299818    0.09750317   -0.00004306    0.16117682
    0.06488218   -0.00002999    0.10299818    0.09750870   -0.00004526    0.16117682
    0.06488601   -0.00003097    0.10299818    0.09751446   -0.00004675    0.16117682
    0.06488994   -0.00003147    0.10299818    0.09752036   -0.00004750    0.16117682
    0.06489390   -0.00003147    0.10299818    0.09752631   -0.00004750    0.16117682
    0.06489782   -0.00003097    0.10299818    0.09753221   -0.00004675    0.16117682
    0.06490165   -0.00002999    0.10299818    0.09753797   -0.00004526    0.16117682
    0.06490533   -0.00002853    0.10299818    0.09754350   -0.00004306    0.16117682
    0.06490880   -0.00002663    0.10299818    0.09754871   -0.00004018    0.16117682
    0.06491200   -0.00002430    0.10299818    0.09755352   -0.00003667    0.16117682
    0.06491489   -0.00002159    0.10299818    0.09755786   -0.00003259    0.16117682
    0.06491741   -0.00001854    0.10299818    0.09756165   -0.00002798    0.16117682
    0.06491953   -0.00001520    0.10299818    0.09756483   -0.00002294    0.16117682
    0.06492122   -0.00001162    0.10299818    0.09756737   -0.00001753    0.16117682
    0.06492244   -0.00000786    0.10299818    0.09756920   -0.00001185    0.16117682
    0.06492318   -0.00000397    0.10299818    0.09757032   -0.00000599    0.16117682
    0.06491728   -0.00000002    0.10300000    0.09756146   -0.00000003    0.16117967
    0.06491708    0.00000316    0.10300000    0.09756116    0.00000477    0.16117967
    0.06491649    0.00000629    0.10300000    0.09756026    0.00000950    0.16117967
    0.06491550    0.00000932    0.10300000    0.09755878    0.00001407    0.16117967
    0.06491414    0.00001220    0.10300000    0.09755674    0.00001842    0.16117967
    0.06491244    0.00001489    0.10300000    0.09755418    0.00002248    0.16117967
    0.06491041    0.00001734    0.10300000    0.09755112    0.00002618    0.16117967
    0.06490809    0.00001952    0.10300000    0.09754763    0.00002948    0.16117967
    0.06490551    0.00002140    0.10300000    0.09754376    0.00003230    0.16117967
    0.06490272    0.00002293    0.10300000    0.09753957    0.00003462    0.16117967
    0.06489976    0.00002410    0.10300000    0.09753512    0.00003639    0.16117967
    0.06489667    0.00002490    0.10300000    0.09753048    0.00003758    0.16117967
    0.06489351    0.00002530    0.10300000    0.09752573    0.00003819    0.16117967
    0.06489032    0.00002530    0.10300000    0.09752094    0.00003819    0.16117967
    0.06488716    0.00002490    0.10300000    0.09751619    0.00003758    0.16117967
    0.06488408    0.00002410    0.10300000    0.09751156    0.00003639    0.16117967
    0.06488112    0.00002293    0.10300000    0.09750710    0.00003462    0.16117967
    0.06487833    0.00002140    0.10300000    0.09750291    0.00003230    0.16117967
    0.06487575    0.00001952    0.10300000    0.09749904    0.00002948    0.16117967
    0.06487343    0.00001734    0.10300000    0.09749555    0.00002618    0.16117967
    0.06487140    0.00001489    0.10300000    0.09749250    0.00002248    0.16117967
    0.06486969    0.00001220    0.10300000    0.09748993    0.00001842    0.16117967
    0.06486833    0.00000932    0.10300000    0.09748789    0.00001407    0.16117967
    0.06486735    0.00000629    0.10300000    0.09748641    0.00000950    0.16117967
    0.06486675    0.00000316    0.10300000    0.09748552    0.00000477    0.16117967
    0.06486655   -0.00000002    0.10300000    0.09748521   -0.00000003    0.16117967
    0.06486675   -0.00000320    0.10300000    0.09748552   -0.00000482    0.16117967
    0.06486735   -0.00000633    0.10300000    0.09748641   -0.00000955    0.16117967
    0.06486833   -0.00000936    0.10300000    0.09748789   -0.00001412    0.16117967
    0.06486969   -0.00001224    0.10300000    0.09748993   -0.00001847    0.16117967
    0.06487140   -0.00001493    0.10300000    0.09749250   -0.00002253    0.16117967
    0.06487343   -0.00001738    0.10300000    0.09749555   -0.00002624    0.16117967
    0.06487575   -0.00001956    0.10300000    0.09749904   -0.00002953    0.16117967
    0.06487833   -0.00002144    0.10300000    0.09750291   -0.00003235    0.16117967
    0.06488112   -0.00002297    0.10300000    0.09750710   -0.00003467    0.16117967
    0.06488408   -0.00002414    0.10300000    0.09751156   -0.00003644    0.16117967
    0.06488716   -0.00002494    0.10300000    0.09751619   -0.00003764    0.16117967
    0.06489032   -0.00002534    0.10300000    0.09752094   -0.00003824    0.16117967
    0.06489351   -0.00002534    0.10300000    0.09752573   -0.00003824    0.16117967
    0.06489667   -0.00002494    0.10300000    0.09753048   -0.00003764    0.16117967
    0.06489976   -0.00002414    0.10300000    0.09753512   -0.00003644    0.16117967
    0.06490272   -0.00002297    0.10300000    0.09753957   -0.00003467    0.16117967
    0.06490551   -0.00002144    0.10300000    0.09754376   -0.00003235    0.16117967
    0.06490809   -0.00001956    0.10300000    0.09754763   -0.00002953    0.16117967
    0.06491041   -0.00001738    0.10300000    0.09755112   -0.00002624    0.16117967
    0.06491244   -0.00001493    0.10300000    0.09755418   -0.00002253    0.16117967
    0.06491414   -0.00001224    0.10300000    0.09755674   -0.00001847    0.16117967
    0.06491550   -0.00000936    0.10300000    0.09755878   -0.00001412    0.16117967
    0.06491649   -0.00000633    0.10300000    0.09756026   -0.00000955    0.16117967
    0.06491708   -0.00000320    0.10300000    0.09756116   -0.00000482    0.16117967
    0.06491103   -0.00000002    0.10300143    0.09755206   -0.00000003    0.16118190
    0.06491088    0.00000238    0.10300143    0.09755184    0.00000359    0.16118190
    0.06491043    0.00000473    0.10300143    0.09755116    0.00000715    0.16118190
    0.06490969    0.00000702    0.10300143    0.09755005    0.00001060    0.16118190
    0.06490867    0.00000919    0.10300143    0.09754851    0.00001388    0.16118190
    0.06490738    0.00001122    0.10300143    0.09754658    0.00001693    0.16118190
    0.06490585    0.00001307    0.10300143    0.09754428    0.00001973    0.16118190
    0.06490410    0.00001471    0.10300143    0.09754165    0.00002221    0.16118190
    0.06490216    0.00001612    0.10300143    0.09753873    0.00002434    0.16118190
    0.06490006    0.00001728    0.10300143    0.09753557    0.00002608    0.16118190
    0.06489782    0.00001816    0.10300143    0.09753221    0.00002742    0.16118190
    0.06489550    0.00001876    0.10300143    0.09752872    0.00002832    0.16118190
    0.06489312    0.00001906    0.10300143    0.09752514    0.00002877    0.16118190
    0.06489072    0.00001906    0.10300143    0.09752153    0.00002877    0.16118190
    0.06488834    0.00001876    0.10300143    0.09751795    0.00002832    0.16118190
    0.06488601    0.00001816    0.10300143    0.09751446    0.00002742    0.16118190
    0.06488378    0.00001728    0.10300143    0.09751110    0.00002608    0.16118190
    0.06488167    0.00001612    0.10300143    0.09750794    0.00002434    0.16118190
    0.06487973    0.00001471    0.10300143    0.09750502    0.00002221    0.16118190
    0.06487798    0.00001307    0.10300143    0.09750239    0.00001973    0.16118190
    0.06487645    0.00001122    0.10300143    0.09750009    0.00001693    0.16118190
    0.06487517    0.00000919    0.10300143    0.09749816    0.00001388    0.16118190
    0.06487414    0.00000702    0.10300143    0.09749662    0.00001060    0.16118190
    0.06487340    0.00000473    0.10300143    0.09749551    0.00000715    0.16118190
    0.06487295    0.00000238    0.10300143    0.09749483    0.00000359    0.16118190
    0.06487280   -0.00000002    0.10300143    0.09749461   -0.00000003    0.16118190
    0.06487295   -0.00000242    0.10300143    0.09749483   -0.00000364    0.16118190
    0.06487340   -0.00000477    0.10300143    0.09749551   -0.00000720    0.16118190
    0.06487414   -0.00000706    0.10300143    0.09749662   -0.00001065    0.16118190
    0.06487517   -0.00000923    0.10300143    0.09749816   -0.00001393    0.16118190
    0.06487645   -0.00001126    0.10300143    0.09750009   -0.00001699    0.16118190
    0.06487798   -0.00001311    0.10300143    0.09750239   -0.00001978    0.16118190
    0.06487973   -0.00001475    0.10300143    0.09750502   -0.00002226    0.16118190
    0.06488167   -0.00001616    0.10300143    0.09750794   -0.00002439    0.16118190
    0.06488378   -0.00001732    0.10300143    0.09751110   -0.00002613    0.16118190
    0.06488601   -0.00001820    0.10300143    0.09751446   -0.00002747    0.16118190
    0.06488834   -0.00001880    0.10300143    0.09751795   -0.00002837    0.16118190
    0.06489072   -0.00001910    0.10300143    0.09752153   -0.00002882    0.16118190
    0.06489312   -0.00001910    0.10300143    0.09752514   -0.00002882    0.16118190
    0.06489550   -0.00001880    0.10300143    0.09752872   -0.00002837    0.16118190
    0.06489782   -0.00001820    0.10300143    0.09753221   -0.00002747    0.16118190
    0.06490006   -0.00001732    0.10300143    0.09753557   -0.00002613    0.16118190
    0.06490216   -0.00001616    0.10300143    0.09753873   -0.00002439    0.16118190
    0.06490410   -0.00001475    0.10300143    0.09754165   -0.00002226    0.16118190
    0.06490585   -0.00001311    0.10300143    0.09754428   -0.00001978    0.16118190
    0.06490738   -0.00001126    0.10300143    0.09754658   -0.00001699    0.16118190
    0.06490867   -0.00000923    0.10300143    0.09754851   -0.00001393    0.16118190
    0.06490969   -0.00000706    0.10300143    0.09755005   -0.00001065    0.16118190
    0.06491043   -0.00000477    0.10300143    0.09755116   -0.00000720    0.16118190
    0.06491088   -0.00000242    0.10300143    0.09755184   -0.00000364    0.16118190
    0.06490470   -0.00000002    0.10300245    0.09754255   -0.00000003    0.16118350
    0.06490460    0.00000158    0.10300245    0.09754240    0.00000239    0.16118350
    0.06490430    0.00000316    0.10300245    0.09754195    0.00000478    0.16118350
    0.06490381    0.00000469    0.10300245    0.09754120    0.00000708    0.16118350
    0.06490312    0.00000614    0.10300245    0.09754018    0.00000927    0.16118350
    0.06490226    0.00000750    0.10300245    0.09753888    0.00001132    0.16118350
    0.06490124    0.00000873    0.10300245    0.09753735    0.00001319    0.16118350
    0.06490007    0.00000983    0.10300245    0.09753559    0.00001485    0.16118350
    0.06489877    0.00001078    0.10300245    0.09753363    0.00001627    0.16118350
    0.06489736    0.00001155    0.10300245    0.09753152    0.00001744    0.16118350
    0.06489587    0.00001214    0.10300245    0.09752927    0.00001833    0.16118350
    0.06489431    0.00001254    0.10300245    0.09752694    0.00001894    0.16118350
    0.06489272    0.00001274    0.10300245    0.09752454    0.00001924    0.16118350
    0.06489111    0.00001274    0.10300245    0.09752213    0.00001924    0.16118350
    0.06488952    0.00001254    0.10300245    0.09751973    0.00001894    0.16118350
    0.06488797    0.00001214    0.10300245    0.09751740    0.00001833    0.16118350
    0.06488647    0.00001155    0.10300245    0.09751515    0.00001744    0.16118350
    0.06488507    0.00001078    0.10300245    0.09751304    0.00001627    0.16118350
    0.06488377    0.00000983    0.10300245    0.09751109    0.00001485    0.16118350
    0.06488260    0.00000873    0.10300245    0.09750933    0.00001319    0.16118350
    0.06488157    0.00000750    0.10300245    0.09750779    0.00001132    0.16118350
    0.06488071    0.00000614    0.10300245    0.09750649    0.00000927    0.16118350
    0.06488003    0.00000469    0.10300245    0.09750547    0.00000708    0.16118350
    0.06487953    0.00000316    0.10300245    0.09750472    0.00000478    0.16118350
    0.06487923    0.00000158    0.10300245    0.09750427    0.00000239    0.16118350
    0.06487913   -0.00000002    0.10300245    0.09750412   -0.00000003    0.16118350
    0.06487923   -0.00000162    0.10300245    0.09750427   -0.00000244    0.16118350
    0.06487953   -0.00000320    0.10300245    0.09750472   -0.00000483    0.16118350
    0.06488003   -0.00000473    0.10300245    0.09750547   -0.00000713    0.16118350
    0.06488071   -0.00000618    0.10300245    0.09750649   -0.00000932    0.16118350
    0.06488157   -0.00000754    0.10300245    0.09750779   -0.00001137    0.16118350
    0.06488260   -0.00000877    0.10300245    0.09750933   -0.00001324    0.16118350
    0.06488377   -0.00000987    0.10300245    0.09751109   -0.00001490    0.16118350
    0.06488507   -0.00001082    0.10300245    0.09751304   -0.00001632    0.16118350
    0.06488647   -0.00001159    0.10300245    0.09751515   -0.00001749    0.16118350
    0.06488797   -0.00001218    0.10300245    0.09751740   -0.00001838    0.16118350
    0.06488952   -0.00001258    0.10300245    0.09751973   -0.00001899    0.16118350
    0.06489111   -0.00001278    0.10300245    0.09752213   -0.00001929    0.16118350
    0.06489272   -0.00001278    0.10300245    0.09752454   -0.00001929    0.16118350
    0.06489431   -0.00001258    0.10300245    0.09752694   -0.00001899    0.16118350
    0.06489587   -0.00001218    0.10300245    0.09752927   -0.00001838    0.16118350
    0.06489736   -0.00001159    0.10300245    0.09753152   -0.00001749    0.16118350
    0.06489877   -0.00001082    0.10300245    0.09753363   -0.00001632    0.16118350
    0.06490007   -0.00000987    0.10300245    0.09753559   -0.00001490    0.16118350
    0.06490124   -0.00000877    0.10300245    0.09753735   -0.00001324    0.16118350
    0.06490226   -0.00000754    0.10300245    0.09753888   -0.00001137    0.16118350
    0.06490312   -0.00000618    0.10300245    0.09754018   -0.00000932    0.16118350
    0.06490381   -0.00000473    0.10300245    0.09754120   -0.00000713    0.16118350
    0.06490430   -0.00000320    0.10300245    0.09754195   -0.00000483    0.16118350
    0.06490460   -0.00000162    0.10300245    0.09754240   -0.00000244    0.16118350
    0.06489832   -0.00000002    0.10300306    0.09753296   -0.00000003    0.16118447
    0.06489827    0.00000078    0.10300306    0.09753289    0.00000119    0.16118447
    0.06489812    0.00000157    0.10300306    0.09753266    0.00000238    0.16118447
    0.06489787    0.00000234    0.10300306    0.09753229    0.00000353    0.16118447
    0.06489753    0.00000307    0.10300306    0.09753177    0.00000463    0.16118447
    0.06489710    0.00000375    0.10300306    0.09753113    0.00000566    0.16118447
    0.06489659    0.00000437    0.10300306    0.09753035    0.00000660    0.16118447
    0.06489600    0.00000492    0.10300306    0.09752947    0.00000743    0.16118447
    0.06489535    0.00000539    0.10300306    0.09752849    0.00000814    0.16118447
    0.06489465    0.00000578    0.10300306    0.09752744    0.00000873    0.16118447
    0.06489390    0.00000607    0.10300306    0.09752631    0.00000917    0.16118447
    0.06489312    0.00000627    0.10300306    0.09752514    0.00000947    0.16118447
    0.06489232    0.00000637    0.10300306    0.09752394    0.00000963    0.16118447
    0.06489151    0.00000637    0.10300306    0.09752273    0.00000963    0.16118447
    0.06489072    0.00000627    0.10300306    0.09752153    0.00000947    0.16118447
    0.06488994    0.00000607    0.10300306    0.09752036    0.00000917    0.16118447
    0.06488919    0.00000578    0.10300306    0.09751924    0.00000873    0.16118447
    0.06488848    0.00000539    0.10300306    0.09751818    0.00000814    0.16118447
    0.06488783    0.00000492    0.10300306    0.09751720    0.00000743    0.16118447
    0.06488725    0.00000437    0.10300306    0.09751632    0.00000660    0.16118447
    0.06488673    0.00000375    0.10300306    0.09751555    0.00000566    0.16118447
    0.06488630    0.00000307    0.10300306    0.09751490    0.00000463    0.16118447
    0.06488596    0.00000234    0.10300306    0.09751438    0.00000353    0.16118447
    0.06488571    0.00000157    0.10300306    0.09751401    0.00000238    0.16118447
    0.06488556    0.00000078    0.10300306    0.09751378    0.00000119    0.16118447
    0.06488551   -0.00000002    0.10300306    0.09751371   -0.00000003    0.16118447
    0.06488556   -0.00000082    0.10300306    0.09751378   -0.00000124    0.16118447
    0.06488571   -0.00000161    0.10300306    0.09751401   -0.00000243    0.16118447
    0.06488596   -0.00000238    0.10300306    0.09751438   -0.00000359    0.16118447
    0.06488630   -0.00000311    0.10300306    0.09751490   -0.00000468    0.16118447
    0.06488673   -0.00000379    0.10300306    0.09751555   -0.00000571    0.16118447
    0.06488725   -0.00000441    0.10300306    0.09751632   -0.00000665    0.16118447
    0.06488783   -0.00000496    0.10300306    0.09751720   -0.00000748    0.16118447
    0.06488848   -0.00000543    0.10300306    0.09751818   -0.00000819    0.16118447
    0.06488919   -0.00000582    0.10300306    0.09751924   -0.00000878    0.16118447
    0.06488994   -0.00000611    0.10300306    0.09752036   -0.00000922    0.16118447
    0.06489072   -0.00000631    0.10300306    0.09752153   -0.00000953    0.16118447
    0.06489151   -0.00000641    0.10300306    0.09752273   -0.00000968    0.16118447
    0.06489232   -0.00000641    0.10300306    0.09752394   -0.00000968    0.16118447
    0.06489312   -0.00000631    0.10300306    0.09752514   -0.00000953    0.16118447
    0.06489390   -0.00000611    0.10300306    0.09752631   -0.00000922    0.16118447
    0.06489465   -0.00000582    0.10300306    0.09752744   -0.00000878    0.16118447
    0.06489535   -0.00000543    0.10300306    0.09752849   -0.00000819    0.16118447
    0.06489600   -0.00000496    0.10300306    0.09752947   -0.00000748    0.16118447
    0.06489659   -0.00000441    0.10300306    0.09753035   -0.00000665    0.16118447
    0.06489710   -0.00000379    0.10300306    0.09753113   -0.00000571    0.16118447
    0.06489753   -0.00000311    0.10300306    0.09753177   -0.00000468    0.16118447
    0.06489787   -0.00000238    0.10300306    0.09753229   -0.00000359    0.16118447
    0.06489812   -0.00000161    0.10300306    0.09753266   -0.00000243    0.16118447
    0.06489827   -0.00000082    0.10300306    0.09753289   -0.00000124    0.16118447
    0.06489256   -0.00000002    0.10300327    0.09752430   -0.00000003    0.16118479
    0.06489255    0.00000006    0.10300327    0.09752429    0.00000010    0.16118479
    0.06489254    0.00000014    0.10300327    0.09752427    0.00000022    0.16118479
    0.06489251    0.00000022    0.10300327    0.09752423    0.00000033    0.16118479
    0.06489248    0.00000029    0.10300327    0.09752418    0.00000044    0.16118479
    0.06489244    0.00000036    0.10300327    0.09752412    0.00000054    0.16118479
    0.06489238    0.00000042    0.10300327    0.09752404    0.00000064    0.16118479
    0.06489233    0.00000047    0.10300327    0.09752395    0.00000072    0.16118479
    0.06489226    0.00000052    0.10300327    0.09752385    0.00000079    0.16118479
    0.06489219    0.00000056    0.10300327    0.09752375    0.00000085    0.16118479
    0.06489212    0.00000059    0.10300327    0.09752363    0.00000090    0.16118479
    0.06489204    0.00000061    0.10300327    0.09752352    0.00000093    0.16118479
    0.06489196    0.00000062    0.10300327    0.09752340    0.00000094    0.16118479
    0.06489188    0.00000062    0.10300327    0.09752328    0.00000094    0.16118479
    0.06489180    0.00000061    0.10300327    0.09752316    0.00000093    0.16118479
    0.06489172    0.00000059    0.10300327    0.09752304    0.00000090    0.16118479
    0.06489164    0.00000056    0.10300327    0.09752293    0.00000085    0.16118479
    0.06489157    0.00000052    0.10300327    0.09752282    0.00000079    0.16118479
    0.06489151    0.00000047    0.10300327    0.09752272    0.00000072    0.16118479
    0.06489145    0.00000042    0.10300327    0.09752263    0.00000064    0.16118479
    0.06489140    0.00000036    0.10300327    0.09752256    0.00000054    0.16118479
    0.06489136    0.00000029    0.10300327    0.09752249    0.00000044    0.16118479
    0.06489132    0.00000022    0.10300327    0.09752244    0.00000033    0.16118479
    0.06489130    0.00000014    0.10300327    0.09752240    0.00000022    0.16118479
    0.06489128    0.00000006    0.10300327    0.09752238    0.00000010    0.16118479
    0.06489128   -0.00000002    0.10300327    0.09752237   -0.00000003    0.16118479
    0.06489128   -0.00000010    0.10300327    0.09752238   -0.00000015    0.16118479
    0.06489130   -0.00000018    0.10300327    0.09752240   -0.00000027    0.16118479
    0.06489132   -0.00000026    0.10300327    0.09752244   -0.00000038    0.16118479
    0.06489136   -0.00000033    0.10300327    0.09752249   -0.00000049    0.16118479
    0.06489140   -0.00000040    0.10300327    0.09752256   -0.00000059    0.16118479
    0.06489145   -0.00000046    0.10300327    0.09752263   -0.00000069    0.16118479
    0.06489151   -0.00000051    0.10300327    0.09752272   -0.00000077    0.16118479
    0.06489157   -0.00000056    0.10300327    0.09752282   -0.00000084    0.16118479
    0.06489164   -0.00000060    0.10300327    0.09752293   -0.00000090    0.16118479
    0.06489172   -0.00000063    0.10300327    0.09752304   -0.00000095    0.16118479
    0.06489180   -0.00000065    0.10300327    0.09752316   -0.00000098    0.16118479
    0.06489188   -0.00000066    0.10300327    0.09752328   -0.00000099    0.16118479
    0.06489196   -0.00000066    0.10300327    0.09752340   -0.00000099    0.16118479
    0.06489204   -0.00000065    0.10300327    0.09752352   -0.00000098    0.16118479
    0.06489212   -0.00000063    0.10300327    0.09752363   -0.00000095    0.16118479
    0.06489219   -0.00000060    0.10300327    0.09752375   -0.00000090    0.16118479
    0.06489226   -0.00000056    0.10300327    0.09752385   -0.00000084    0.16118479
    0.06489233   -0.00000051    0.10300327    0.09752395   -0.00000077    0.16118479
    0.06489238   -0.00000046    0.10300327    0.09752404   -0.00000069    0.16118479
    0.06489244   -0.00000040    0.10300327    0.09752412   -0.00000059    0.16118479
    0.06489248   -0.00000033    0.10300327    0.09752418   -0.00000049    0.16118479
    0.06489251   -0.00000026    0.10300327    0.09752423   -0.00000038    0.16118479
    0.06489254   -0.00000018    0.10300327    0.09752427   -0.00000027    0.16118479
    0.06489255   -0.00000010    0.10300327    0.09752429   -0.00000015    0.16118479
