    0.17387540   -0.00000002    0.20060130    0.26433952   -0.00000003    0.31805334
    0.17387540    0.00000006    0.20060130    0.26433951    0.00000009    0.31805334
    0.17387538    0.00000014    0.20060130    0.26433949    0.00000021    0.31805334
    0.17387536    0.00000022    0.20060130    0.26433945    0.00000033    0.31805334
    0.17387532    0.00000029    0.20060130    0.26433940    0.00000044    0.31805334
    0.17387528    0.00000036    0.20060130    0.26433933    0.00000054    0.31805334
    0.17387523    0.00000042    0.20060130    0.26433926    0.00000063    0.31805334
    0.17387517    0.00000048    0.20060130    0.26433917    0.00000071    0.31805334
    0.17387511    0.00000052    0.20060130    0.26433907    0.00000078    0.31805334
    0.17387503    0.00000056    0.20060130    0.26433896    0.00000084    0.31805334
    0.17387496    0.00000059    0.20060130    0.26433885    0.00000089    0.31805334
    0.17387488    0.00000061    0.20060130    0.26433873    0.00000092    0.31805334
    0.17387480    0.00000062    0.20060130    0.26433861    0.00000093    0.31805334
    0.17387472    0.00000062    0.20060130    0.26433848    0.00000093    0.31805334
    0.17387464    0.00000061    0.20060130    0.26433836    0.00000092    0.31805334
    0.17387456    0.00000059    0.20060130    0.26433824    0.00000089    0.31805334
    0.17387449    0.00000056    0.20060130    0.26433813    0.00000084    0.31805334
    0.17387442    0.00000052    0.20060130    0.26433802    0.00000078    0.31805334
    0.17387435    0.00000048    0.20060130    0.26433792    0.00000071    0.31805334
    0.17387429    0.00000042    0.20060130    0.26433784    0.00000063    0.31805334
    0.17387424    0.00000036    0.20060130    0.26433776    0.00000054    0.31805334
    0.17387420    0.00000029    0.20060130    0.26433769    0.00000044    0.31805334
    0.17387417    0.00000022    0.20060130    0.26433764    0.00000033    0.31805334
    0.17387414    0.00000014    0.20060130    0.26433760    0.00000021    0.31805334
    0.17387413    0.00000006    0.20060130    0.26433758    0.00000009    0.31805334
    0.17387412   -0.00000002    0.20060130    0.26433757   -0.00000003    0.31805334
    0.17387413   -0.00000010    0.20060130    0.26433758   -0.00000015    0.31805334
    0.17387414   -0.00000018    0.20060130    0.26433760   -0.00000027    0.31805334
    0.17387417   -0.00000025    0.20060130    0.26433764   -0.00000038    0.31805334
    0.17387420   -0.00000033    0.20060130    0.26433769   -0.00000049    0.31805334
    0.17387424   -0.00000039    0.20060130    0.26433776   -0.00000059    0.31805334
    0.17387429   -0.00000046    0.20060130    0.26433784   -0.00000068    0.31805334
    0.17387435   -0.00000051    0.20060130    0.26433792   -0.00000077    0.31805334
    0.17387442   -0.00000056    0.20060130    0.26433802   -0.00000084    0.31805334
    0.17387449   -0.00000060    0.20060130    0.26433813   -0.00000090    0.31805334
    0.17387456   -0.00000063    0.20060130    0.26433824   -0.00000094    0.31805334
    0.17387464   -0.00000065    0.20060130    0.26433836   -0.00000097    0.31805334
    0.17387472   -0.00000066    0.20060130    0.26433848   -0.00000099    0.31805334
    0.17387480   -0.00000066    0.20060130    0.26433861   -0.00000099    0.31805334
    0.17387488   -0.00000065    0.20060130    0.26433873   -0.00000097    0.31805334
    0.17387496   -0.00000063    0.20060130    0.26433885   -0.00000094    0.31805334
    0.17387503   -0.00000060    0.20060130    0.26433896   -0.00000090    0.31805334
    0.17387511   -0.00000056    0.20060130    0.26433907   -0.00000084    0.31805334
    0.17387517   -0.00000051    0.20060130    0.26433917   -0.00000077    0.31805334
    0.17387523   -0.00000046    0.20060130    0.26433926   -0.00000068    0.31805334
    0.17387528   -0.00000039    0.20060130    0.26433933   -0.00000059    0.31805334
    0.17387532   -0.00000033    0.20060130    0.26433940   -0.00000049    0.31805334
    0.17387536   -0.00000025    0.20060130    0.26433945   -0.00000038    0.31805334
    0.17387538   -0.00000018    0.20060130    0.26433949   -0.00000027    0.31805334
    0.17387540   -0.00000010    0.20060130    0.26433951   -0.00000015    0.31805334
    0.17388117   -0.00000002    0.20060150    0.26434829   -0.00000003    0.31805366
    0.17388112    0.00000079    0.20060150    0.26434821    0.00000118    0.31805366
    0.17388097    0.00000158    0.20060150    0.26434798    0.00000236    0.31805366
    0.17388072    0.00000234    0.20060150    0.26434760    0.00000351    0.31805366
    0.17388038    0.00000307    0.20060150    0.26434708    0.00000460    0.31805366
    0.17387995    0.00000375    0.20060150    0.26434643    0.00000561    0.31805366
    0.17387943    0.00000437    0.20060150    0.26434565    0.00000654    0.31805366
    0.17387885    0.00000492    0.20060150    0.26434475    0.00000737    0.31805366
    0.17387819    0.00000539    0.20060150    0.26434377    0.00000808    0.31805366
    0.17387749    0.00000578    0.20060150    0.26434269    0.00000866    0.31805366
    0.17387674    0.00000608    0.20060150    0.26434156    0.00000910    0.31805366
    0.17387596    0.00000628    0.20060150    0.26434037    0.00000940    0.31805366
    0.17387516    0.00000638    0.20060150    0.26433916    0.00000955    0.31805366
    0.17387436    0.00000638    0.20060150    0.26433793    0.00000955    0.31805366
    0.17387356    0.00000628    0.20060150    0.26433672    0.00000940    0.31805366
    0.17387278    0.00000608    0.20060150    0.26433554    0.00000910    0.31805366
    0.17387203    0.00000578    0.20060150    0.26433440    0.00000866    0.31805366
    0.17387133    0.00000539    0.20060150    0.26433333    0.00000808    0.31805366
    0.17387068    0.00000492    0.20060150    0.26433234    0.00000737    0.31805366
    0.17387009    0.00000437    0.20060150    0.26433145    0.00000654    0.31805366
    0.17386958    0.00000375    0.20060150    0.26433067    0.00000561    0.31805366
    0.17386915    0.00000307    0.20060150    0.26433001    0.00000460    0.31805366
    0.17386880    0.00000234    0.20060150    0.26432949    0.00000351    0.31805366
    0.17386856    0.00000158    0.20060150    0.26432911    0.00000236    0.31805366
    0.17386841    0.00000079    0.20060150    0.26432888    0.00000118    0.31805366
    0.17386835   -0.00000002    0.20060150    0.26432881   -0.00000003    0.31805366
    0.17386841   -0.00000082    0.20060150    0.26432888   -0.00000123    0.31805366
    0.17386856   -0.00000161    0.20060150    0.26432911   -0.00000241    0.31805366
    0.17386880   -0.00000238    0.20060150    0.26432949   -0.00000356    0.31805366
    0.17386915   -0.00000310    0.20060150    0.26433001   -0.00000465    0.31805366
    0.17386958   -0.00000378    0.20060150    0.26433067   -0.00000567    0.31805366
    0.17387009   -0.00000440    0.20060150    0.26433145   -0.00000660    0.31805366
    0.17387068   -0.00000495    0.20060150    0.26433234   -0.00000742    0.31805366
    0.17387133   -0.00000543    0.20060150    0.26433333   -0.00000813    0.31805366
    0.17387203   -0.00000582    0.20060150    0.26433440   -0.00000871    0.31805366
    0.17387278   -0.00000611    0.20060150    0.26433554   -0.00000916    0.31805366
    0.17387356   -0.00000631    0.20060150    0.26433672   -0.00000945    0.31805366
    0.17387436   -0.00000641    0.20060150    0.26433793   -0.00000961    0.31805366
    0.17387516   -0.00000641    0.20060150    0.26433916   -0.00000961    0.31805366
    0.17387596   -0.00000631    0.20060150    0.26434037   -0.00000945    0.31805366
    0.17387674   -0.00000611    0.20060150    0.26434156   -0.00000916    0.31805366
    0.17387749   -0.00000582    0.20060150    0.26434269   -0.00000871    0.31805366
    0.17387819   -0.00000543    0.20060150    0.26434377   -0.00000813    0.31805366
    0.17387885   -0.00000495    0.20060150    0.26434475   -0.00000742    0.31805366
    0.17387943   -0.00000440    0.20060150    0.26434565   -0.00000660    0.31805366
    0.17387995   -0.00000378    0.20060150    0.26434643   -0.00000567    0.31805366
    0.17388038   -0.00000310    0.20060150    0.26434708   -0.00000465    0.31805366
    0.17388072   -0.00000238    0.20060150    0.26434760   -0.00000356    0.31805366
    0.17388097   -0.00000161    0.20060150    0.26434798   -0.00000241    0.31805366
    0.17388112   -0.00000082    0.20060150    0.26434821   -0.00000123    0.31805366
    0.17388755   -0.00000002    0.20060212    0.26435799   -0.00000003    0.31805464
    0.17388745    0.00000158    0.20060212    0.26435783    0.00000237    0.31805464
    0.17388715    0.00000316    0.20060212    0.26435738    0.00000474    0.31805464
    0.17388665    0.00000469    0.20060212    0.26435662    0.00000703    0.31805464
    0.17388597    0.00000614    0.20060212    0.26435558    0.00000920    0.31805464
    0.17388511    0.00000750    0.20060212    0.26435427    0.00001123    0.31805464
    0.17388408    0.00000874    0.20060212    0.26435272    0.00001309    0.31805464
    0.17388291    0.00000984    0.20060212    0.26435094    0.00001473    0.31805464
    0.17388161    0.00001078    0.20060212    0.26434896    0.00001615    0.31805464
    0.17388021    0.00001155    0.20060212    0.26434682    0.00001731    0.31805464
    0.17387871    0.00001214    0.20060212    0.26434455    0.00001819    0.31805464
    0.17387716    0.00001254    0.20060212    0.26434219    0.00001879    0.31805464
    0.17387556    0.00001274    0.20060212    0.26433977    0.00001909    0.31805464
    0.17387396    0.00001274    0.20060212    0.26433733    0.00001909    0.31805464
    0.17387237    0.00001254    0.20060212    0.26433490    0.00001879    0.31805464
    0.17387081    0.00001214    0.20060212    0.26433254    0.00001819    0.31805464
    0.17386932    0.00001155    0.20060212    0.26433027    0.00001731    0.31805464
    0.17386791    0.00001078    0.20060212    0.26432813    0.00001615    0.31805464
    0.17386661    0.00000984    0.20060212    0.26432615    0.00001473    0.31805464
    0.17386544    0.00000874    0.20060212    0.26432437    0.00001309    0.31805464
    0.17386442    0.00000750    0.20060212    0.26432282    0.00001123    0.31805464
    0.17386356    0.00000614    0.20060212    0.26432151    0.00000920    0.31805464
    0.17386287    0.00000469    0.20060212    0.26432047    0.00000703    0.31805464
    0.17386238    0.00000316    0.20060212    0.26431972    0.00000474    0.31805464
    0.17386207    0.00000158    0.20060212    0.26431926    0.00000237    0.31805464
    0.17386197   -0.00000002    0.20060212    0.26431910   -0.00000003    0.31805464
    0.17386207   -0.00000162    0.20060212    0.26431926   -0.00000243    0.31805464
    0.17386238   -0.00000320    0.20060212    0.26431972   -0.00000479    0.31805464
    0.17386287   -0.00000473    0.20060212    0.26432047   -0.00000708    0.31805464
    0.17386356   -0.00000618    0.20060212    0.26432151   -0.00000926    0.31805464
    0.17386442   -0.00000753    0.20060212    0.26432282   -0.00001129    0.31805464
    0.17386544   -0.00000877    0.20060212    0.26432437   -0.00001314    0.31805464
    0.17386661   -0.00000987    0.20060212    0.26432615   -0.00001479    0.31805464
    0.17386791   -0.00001081    0.20060212    0.26432813   -0.00001620    0.31805464
    0.17386932   -0.00001159    0.20060212    0.26433027   -0.00001736    0.31805464
    0.17387081   -0.00001218    0.20060212    0.26433254   -0.00001825    0.31805464
    0.17387237   -0.00001258    0.20060212    0.26433490   -0.00001884    0.31805464
    0.17387396   -0.00001278    0.20060212    0.26433733   -0.00001915    0.31805464
    0.17387556   -0.00001278    0.20060212    0.26433977   -0.00001915    0.31805464
    0.17387716   -0.00001258    0.20060212    0.26434219   -0.00001884    0.31805464
    0.17387871   -0.00001218    0.20060212    0.26434455   -0.00001825    0.31805464
    0.17388021   -0.00001159    0.20060212    0.26434682   -0.00001736    0.31805464
    0.17388161   -0.00001081    0.20060212    0.26434896   -0.00001620    0.31805464
    0.17388291   -0.00000987    0.20060212    0.26435094   -0.00001479    0.31805464
    0.17388408   -0.00000877    0.20060212    0.26435272   -0.00001314    0.31805464
    0.17388511   -0.00000753    0.20060212    0.26435427   -0.00001129    0.31805464
    0.17388597   -0.00000618    0.20060212    0.26435558   -0.00000926    0.31805464
    0.17388665   -0.00000473    0.20060212    0.26435662   -0.00000708    0.31805464
    0.17388715   -0.00000320    0.20060212    0.26435738   -0.00000479    0.31805464
    0.17388745   -0.00000162    0.20060212    0.26435783   -0.00000243    0.31805464
    0.17389388   -0.00000002    0.20060314    0.26436761   -0.00000003    0.31805626
    0.17389373    0.00000238    0.20060314    0.26436738    0.00000356    0.31805626
    0.17389328    0.00000474    0.20060314    0.26436669    0.00000709    0.31805626
    0.17389254    0.00000702    0.20060314    0.26436557    0.00001052    0.31805626
    0.17389151    0.00000919    0.20060314    0.26436401    0.00001377    0.31805626
    0.17389023    0.00001122    0.20060314    0.26436206    0.00001681    0.31805626
    0.17388870    0.00001307    0.20060314    0.26435973    0.00001958    0.31805626
    0.17388695    0.00001471    0.20060314    0.26435707    0.00002204    0.31805626
    0.17388500    0.00001612    0.20060314    0.26435412    0.00002415    0.31805626
    0.17388290    0.00001728    0.20060314    0.26435092    0.00002588    0.31805626
    0.17388067    0.00001816    0.20060314    0.26434753    0.00002721    0.31805626
    0.17387834    0.00001876    0.20060314    0.26434399    0.00002810    0.31805626
    0.17387596    0.00001906    0.20060314    0.26434037    0.00002855    0.31805626
    0.17387356    0.00001906    0.20060314    0.26433672    0.00002855    0.31805626
    0.17387118    0.00001876    0.20060314    0.26433310    0.00002810    0.31805626
    0.17386885    0.00001816    0.20060314    0.26432957    0.00002721    0.31805626
    0.17386662    0.00001728    0.20060314    0.26432617    0.00002588    0.31805626
    0.17386452    0.00001612    0.20060314    0.26432297    0.00002415    0.31805626
    0.17386258    0.00001471    0.20060314    0.26432002    0.00002204    0.31805626
    0.17386083    0.00001307    0.20060314    0.26431736    0.00001958    0.31805626
    0.17385930    0.00001122    0.20060314    0.26431503    0.00001681    0.31805626
    0.17385801    0.00000919    0.20060314    0.26431308    0.00001377    0.31805626
    0.17385699    0.00000702    0.20060314    0.26431153    0.00001052    0.31805626
    0.17385625    0.00000474    0.20060314    0.26431040    0.00000709    0.31805626
    0.17385580    0.00000238    0.20060314    0.26430971    0.00000356    0.31805626
    0.17385565   -0.00000002    0.20060314    0.26430948   -0.00000003    0.31805626
    0.17385580   -0.00000241    0.20060314    0.26430971   -0.00000362    0.31805626
    0.17385625   -0.00000477    0.20060314    0.26431040   -0.00000715    0.31805626
    0.17385699   -0.00000705    0.20060314    0.26431153   -0.00001057    0.31805626
    0.17385801   -0.00000923    0.20060314    0.26431308   -0.00001382    0.31805626
    0.17385930   -0.00001125    0.20060314    0.26431503   -0.00001686    0.31805626
    0.17386083   -0.00001310    0.20060314    0.26431736   -0.00001963    0.31805626
    0.17386258   -0.00001475    0.20060314    0.26432002   -0.00002209    0.31805626
    0.17386452   -0.00001616    0.20060314    0.26432297   -0.00002421    0.31805626
    0.17386662   -0.00001731    0.20060314    0.26432617   -0.00002594    0.31805626
    0.17386885   -0.00001820    0.20060314    0.26432957   -0.00002726    0.31805626
    0.17387118   -0.00001880    0.20060314    0.26433310   -0.00002816    0.31805626
    0.17387356   -0.00001910    0.20060314    0.26433672   -0.00002861    0.31805626
    0.17387596   -0.00001910    0.20060314    0.26434037   -0.00002861    0.31805626
    0.17387834   -0.00001880    0.20060314    0.26434399   -0.00002816    0.31805626
    0.17388067   -0.00001820    0.20060314    0.26434753   -0.00002726    0.31805626
    0.17388290   -0.00001731    0.20060314    0.26435092   -0.00002594    0.31805626
    0.17388500   -0.00001616    0.20060314    0.26435412   -0.00002421    0.31805626
    0.17388695   -0.00001475    0.20060314    0.26435707   -0.00002209    0.31805626
    0.17388870   -0.00001310    0.20060314    0.26435973   -0.00001963    0.31805626
    0.17389023   -0.00001125    0.20060314    0.26436206   -0.00001686    0.31805626
    0.17389151   -0.00000923    0.20060314    0.26436401   -0.00001382    0.31805626
    0.17389254   -0.00000705    0.20060314    0.26436557   -0.00001057    0.31805626
    0.17389328   -0.00000477    0.20060314    0.26436669   -0.00000715    0.31805626
    0.17389373   -0.00000241    0.20060314    0.26436738   -0.00000362    0.31805626
    0.17390013   -0.00000002    0.20060456    0.26437711   -0.00000003    0.31805852
    0.17389993    0.00000316    0.20060456    0.26437680    0.00000474    0.31805852
    0.17389933    0.00000629    0.20060456    0.26437590    0.00000942    0.31805852
    0.17389835    0.00000932    0.20060456    0.26437440    0.00001396    0.31805852
    0.17389699    0.00001220    0.20060456    0.26437234    0.00001828    0.31805852
    0.17389528    0.00001489    0.20060456    0.26436974    0.00002231    0.31805852
    0.17389325    0.00001735    0.20060456    0.26436666    0.00002599    0.31805852
    0.17389093    0.00001953    0.20060456    0.26436313    0.00002925    0.31805852
    0.17388835    0.00002140    0.20060456    0.26435921    0.00003206    0.31805852
    0.17388556    0.00002293    0.20060456    0.26435497    0.00003436    0.31805852
    0.17388260    0.00002411    0.20060456    0.26435046    0.00003611    0.31805852
    0.17387951    0.00002490    0.20060456    0.26434577    0.00003730    0.31805852
    0.17387635    0.00002530    0.20060456    0.26434097    0.00003790    0.31805852
    0.17387317    0.00002530    0.20060456    0.26433612    0.00003790    0.31805852
    0.17387001    0.00002490    0.20060456    0.26433132    0.00003730    0.31805852
    0.17386692    0.00002411    0.20060456    0.26432663    0.00003611    0.31805852
    0.17386396    0.00002293    0.20060456    0.26432213    0.00003436    0.31805852
    0.17386117    0.00002140    0.20060456    0.26431788    0.00003206    0.31805852
    0.17385859    0.00001953    0.20060456    0.26431397    0.00002925    0.31805852
    0.17385627    0.00001735    0.20060456    0.26431043    0.00002599    0.31805852
    0.17385424    0.00001489    0.20060456    0.26430735    0.00002231    0.31805852
    0.17385253    0.00001220    0.20060456    0.26430475    0.00001828    0.31805852
    0.17385118    0.00000932    0.20060456    0.26430269    0.00001396    0.31805852
    0.17385019    0.00000629    0.20060456    0.26430119    0.00000942    0.31805852
    0.17384960    0.00000316    0.20060456    0.26430029    0.00000474    0.31805852
    0.17384940   -0.00000002    0.20060456    0.26429998   -0.00000003    0.31805852
    0.17384960   -0.00000320    0.20060456    0.26430029   -0.00000479    0.31805852
    0.17385019   -0.00000633    0.20060456    0.26430119   -0.00000948    0.31805852
    0.17385118   -0.00000936    0.20060456    0.26430269   -0.00001402    0.31805852
    0.17385253   -0.00001224    0.20060456    0.26430475   -0.00001833    0.31805852
    0.17385424   -0.00001493    0.20060456    0.26430735   -0.00002236    0.31805852
    0.17385627   -0.00001738    0.20060456    0.26431043   -0.00002604    0.31805852
    0.17385859   -0.00001956    0.20060456    0.26431397   -0.00002931    0.31805852
    0.17386117   -0.00002143    0.20060456    0.26431788   -0.00003211    0.31805852
    0.17386396   -0.00002297    0.20060456    0.26432213   -0.00003441    0.31805852
    0.17386692   -0.00002414    0.20060456    0.26432663   -0.00003617    0.31805852
    0.17387001   -0.00002493    0.20060456    0.26433132   -0.00003735    0.31805852
    0.17387317   -0.00002533    0.20060456    0.26433612   -0.00003795    0.31805852
    0.17387635   -0.00002533    0.20060456    0.26434097   -0.00003795    0.31805852
    0.17387951   -0.00002493    0.20060456    0.26434577   -0.00003735    0.31805852
    0.17388260   -0.00002414    0.20060456    0.26435046   -0.00003617    0.31805852
    0.17388556   -0.00002297    0.20060456    0.26435497   -0.00003441    0.31805852
    0.17388835   -0.00002143    0.20060456    0.26435921   -0.00003211    0.31805852
    0.17389093   -0.00001956    0.20060456    0.26436313   -0.00002931    0.31805852
    0.17389325   -0.00001738    0.20060456    0.26436666   -0.00002604    0.31805852
    0.17389528   -0.00001493    0.20060456    0.26436974   -0.00002236    0.31805852
    0.17389699   -0.00001224    0.20060456    0.26437234   -0.00001833    0.31805852
    0.17389835   -0.00000936    0.20060456    0.26437440   -0.00001402    0.31805852
    0.17389933   -0.00000633    0.20060456    0.26437590   -0.00000948    0.31805852
    0.17389993   -0.00000320    0.20060456    0.26437680   -0.00000479    0.31805852
    0.17390627   -0.00000002    0.20060639    0.26438645   -0.00000003    0.31806141
    0.17390602    0.00000393    0.20060639    0.26438607    0.00000589    0.31806141
    0.17390528    0.00000782    0.20060639    0.26438495    0.00001171    0.31806141
    0.17390406    0.00001158    0.20060639    0.26438309    0.00001735    0.31806141
    0.17390237    0.00001516    0.20060639    0.26438053    0.00002271    0.31806141
    0.17390025    0.00001850    0.20060639    0.26437730    0.00002772    0.31806141
    0.17389773    0.00002155    0.20060639    0.26437347    0.00003229    0.31806141
    0.17389485    0.00002426    0.20060639    0.26436908    0.00003635    0.31806141
    0.17389165    0.00002659    0.20060639    0.26436421    0.00003983    0.31806141
    0.17388818    0.00002849    0.20060639    0.26435894    0.00004269    0.31806141
    0.17388450    0.00002995    0.20060639    0.26435335    0.00004487    0.31806141
    0.17388067    0.00003093    0.20060639    0.26434752    0.00004634    0.31806141
    0.17387674    0.00003143    0.20060639    0.26434155    0.00004709    0.31806141
    0.17387278    0.00003143    0.20060639    0.26433554    0.00004709    0.31806141
    0.17386886    0.00003093    0.20060639    0.26432957    0.00004634    0.31806141
    0.17386502    0.00002995    0.20060639    0.26432374    0.00004487    0.31806141
    0.17386135    0.00002849    0.20060639    0.26431815    0.00004269    0.31806141
    0.17385788    0.00002659    0.20060639    0.26431288    0.00003983    0.31806141
    0.17385468    0.00002426    0.20060639    0.26430801    0.00003635    0.31806141
    0.17385179    0.00002155    0.20060639    0.26430362    0.00003229    0.31806141
    0.17384927    0.00001850    0.20060639    0.26429979    0.00002772    0.31806141
    0.17384715    0.00001516    0.20060639    0.26429657    0.00002271    0.31806141
    0.17384546    0.00001158    0.20060639    0.26429400    0.00001735    0.31806141
    0.17384424    0.00000782    0.20060639    0.26429215    0.00001171    0.31806141
    0.17384350    0.00000393    0.20060639    0.26429102    0.00000589    0.31806141
    0.17384325   -0.00000002    0.20060639    0.26429064   -0.00000003    0.31806141
    0.17384350   -0.00000397    0.20060639    0.26429102   -0.00000594    0.31806141
    0.17384424   -0.00000785    0.20060639    0.26429215   -0.00001177    0.31806141
    0.17384546   -0.00001162    0.20060639    0.26429400   -0.00001740    0.31806141
    0.17384715   -0.00001520    0.20060639    0.26429657   -0.00002277    0.31806141
    0.17384927   -0.00001854    0.20060639    0.26429979   -0.00002777    0.31806141
    0.17385179   -0.00002159    0.20060639    0.26430362   -0.00003234    0.31806141
    0.17385468   -0.00002430    0.20060639    0.26430801   -0.00003640    0.31806141
    0.17385788   -0.00002662    0.20060639    0.26431288   -0.00003988    0.31806141
    0.17386135   -0.00002853    0.20060639    0.26431815   -0.00004274    0.31806141
    0.17386502   -0.00002999    0.20060639    0.26432374   -0.00004492    0.31806141
    0.17386886   -0.00003097    0.20060639    0.26432957   -0.00004640    0.31806141
    0.17387278   -0.00003147    0.20060639    0.26433554   -0.00004714    0.31806141
    0.17387674   -0.00003147    0.20060639    0.26434155   -0.00004714    0.31806141
    0.17388067   -0.00003097    0.20060639    0.26434752   -0.00004640    0.31806141
    0.17388450   -0.00002999    0.20060639    0.26435335   -0.00004492    0.31806141
    0.17388818   -0.00002853    0.20060639    0.26435894   -0.00004274    0.31806141
    0.17389165   -0.00002662    0.20060639    0.26436421   -0.00003988    0.31806141
    0.17389485   -0.00002430    0.20060639    0.26436908   -0.00003640    0.31806141
    0.17389773   -0.00002159    0.20060639    0.26437347   -0.00003234    0.31806141
    0.17390025   -0.00001854    0.20060639    0.26437730   -0.00002777    0.31806141
    0.17390237   -0.00001520    0.20060639    0.26438053   -0.00002277    0.31806141
    0.17390406   -0.00001162    0.20060639    0.26438309   -0.00001740    0.31806141
    0.17390528   -0.00000785    0.20060639    0.26438495   -0.00001177    0.31806141
    0.17390602   -0.00000397    0.20060639    0.26438607   -0.00000594    0.31806141
    0.17391229   -0.00000002    0.20060860    0.26439560   -0.00000003    0.31806492
    0.17391199    0.00000469    0.20060860    0.26439515    0.00000702    0.31806492
    0.17391111    0.00000931    0.20060860    0.26439380    0.00001395    0.31806492
    0.17390965    0.00001380    0.20060860    0.26439159    0.00002067    0.31806492
    0.17390765    0.00001806    0.20060860    0.26438854    0.00002706    0.31806492
    0.17390512    0.00002204    0.20060860    0.26438470    0.00003302    0.31806492
    0.17390212    0.00002567    0.20060860    0.26438013    0.00003846    0.31806492
    0.17389868    0.00002890    0.20060860    0.26437491    0.00004329    0.31806492
    0.17389487    0.00003167    0.20060860    0.26436912    0.00004744    0.31806492
    0.17389074    0.00003394    0.20060860    0.26436284    0.00005084    0.31806492
    0.17388636    0.00003567    0.20060860    0.26435618    0.00005344    0.31806492
    0.17388179    0.00003684    0.20060860    0.26434924    0.00005520    0.31806492
    0.17387712    0.00003743    0.20060860    0.26434213    0.00005608    0.31806492
    0.17387241    0.00003743    0.20060860    0.26433496    0.00005608    0.31806492
    0.17386773    0.00003684    0.20060860    0.26432786    0.00005520    0.31806492
    0.17386317    0.00003567    0.20060860    0.26432092    0.00005344    0.31806492
    0.17385878    0.00003394    0.20060860    0.26431425    0.00005084    0.31806492
    0.17385465    0.00003167    0.20060860    0.26430798    0.00004744    0.31806492
    0.17385084    0.00002890    0.20060860    0.26430218    0.00004329    0.31806492
    0.17384741    0.00002567    0.20060860    0.26429696    0.00003846    0.31806492
    0.17384440    0.00002204    0.20060860    0.26429239    0.00003302    0.31806492
    0.17384188    0.00001806    0.20060860    0.26428855    0.00002706    0.31806492
    0.17383987    0.00001380    0.20060860    0.26428550    0.00002067    0.31806492
    0.17383841    0.00000931    0.20060860    0.26428329    0.00001395    0.31806492
    0.17383753    0.00000469    0.20060860    0.26428194    0.00000702    0.31806492
    0.17383724   -0.00000002    0.20060860    0.26428149   -0.00000003    0.31806492
    0.17383753   -0.00000472    0.20060860    0.26428194   -0.00000707    0.31806492
    0.17383841   -0.00000935    0.20060860    0.26428329   -0.00001401    0.31806492
    0.17383987   -0.00001383    0.20060860    0.26428550   -0.00002072    0.31806492
    0.17384188   -0.00001810    0.20060860    0.26428855   -0.00002711    0.31806492
    0.17384440   -0.00002208    0.20060860    0.26429239   -0.00003307    0.31806492
    0.17384741   -0.00002571    0.20060860    0.26429696   -0.00003851    0.31806492
    0.17385084   -0.00002893    0.20060860    0.26430218   -0.00004334    0.31806492
    0.17385465   -0.00003170    0.20060860    0.26430798   -0.00004749    0.31806492
    0.17385878   -0.00003397    0.20060860    0.26431425   -0.00005089    0.31806492
    0.17386317   -0.00003571    0.20060860    0.26432092   -0.00005349    0.31806492
    0.17386773   -0.00003688    0.20060860    0.26432786   -0.00005525    0.31806492
    0.17387241   -0.00003747    0.20060860    0.26433496   -0.00005613    0.31806492
    0.17387712   -0.00003747    0.20060860    0.26434213   -0.00005613    0.31806492
    0.17388179   -0.00003688    0.20060860    0.26434924   -0.00005525    0.31806492
    0.17388636   -0.00003571    0.20060860    0.26435618   -0.00005349    0.31806492
    0.17389074   -0.00003397    0.20060860    0.26436284   -0.00005089    0.31806492
    0.17389487   -0.00003170    0.20060860    0.26436912   -0.00004749    0.31806492
    0.17389868   -0.00002893    0.20060860    0.26437491   -0.00004334    0.31806492
    0.17390212   -0.00002571    0.20060860    0.26438013   -0.00003851    0.31806492
    0.17390512   -0.00002208    0.20060860    0.26438470   -0.00003307    0.31806492
    0.17390765   -0.00001810    0.20060860    0.26438854   -0.00002711    0.31806492
    0.17390965   -0.00001383    0.20060860    0.26439159   -0.00002072    0.31806492
    0.17391111   -0.00000935    0.20060860    0.26439380   -0.00001401    0.31806492
    0.17391199   -0.00000472    0.20060860    0.26439515   -0.00000707    0.31806492
    0.17391815   -0.00000002    0.20061120    0.26440451   -0.00000003    0.31806904
    0.17391781    0.00000542    0.20061120    0.26440399    0.00000812    0.31806904
    0.17391679    0.00001077    0.20061120    0.26440244    0.00001614    0.31806904
    0.17391510    0.00001595    0.20061120    0.26439988    0.00002390    0.31806904
    0.17391278    0.00002088    0.20061120    0.26439635    0.00003129    0.31806904
    0.17390986    0.00002549    0.20061120    0.26439191    0.00003818    0.31806904
    0.17390639    0.00002968    0.20061120    0.26438663    0.00004447    0.31806904
    0.17390242    0.00003341    0.20061120    0.26438059    0.00005006    0.31806904
    0.17389801    0.00003662    0.20061120    0.26437389    0.00005485    0.31806904
    0.17389324    0.00003924    0.20061120    0.26436663    0.00005879    0.31806904
    0.17388817    0.00004125    0.20061120    0.26435893    0.00006179    0.31806904
    0.17388289    0.00004260    0.20061120    0.26435091    0.00006382    0.31806904
    0.17387749    0.00004328    0.20061120    0.26434269    0.00006484    0.31806904
    0.17387204    0.00004328    0.20061120    0.26433440    0.00006484    0.31806904
    0.17386663    0.00004260    0.20061120    0.26432619    0.00006382    0.31806904
    0.17386135    0.00004125    0.20061120    0.26431816    0.00006179    0.31806904
    0.17385629    0.00003924    0.20061120    0.26431046    0.00005879    0.31806904
    0.17385151    0.00003662    0.20061120    0.26430320    0.00005485    0.31806904
    0.17384710    0.00003341    0.20061120    0.26429650    0.00005006    0.31806904
    0.17384313    0.00002968    0.20061120    0.26429046    0.00004447    0.31806904
    0.17383966    0.00002549    0.20061120    0.26428518    0.00003818    0.31806904
    0.17383674    0.00002088    0.20061120    0.26428074    0.00003129    0.31806904
    0.17383442    0.00001595    0.20061120    0.26427722    0.00002390    0.31806904
    0.17383274    0.00001077    0.20061120    0.26427466    0.00001614    0.31806904
    0.17383172    0.00000542    0.20061120    0.26427310    0.00000812    0.31806904
    0.17383137   -0.00000002    0.20061120    0.26427258   -0.00000003    0.31806904
    0.17383172   -0.00000546    0.20061120    0.26427310   -0.00000817    0.31806904
    0.17383274   -0.00001081    0.20061120    0.26427466   -0.00001619    0.31806904
    0.17383442   -0.00001599    0.20061120    0.26427722   -0.00002395    0.31806904
    0.17383674   -0.00002092    0.20061120    0.26428074   -0.00003134    0.31806904
    0.17383966   -0.00002552    0.20061120    0.26428518   -0.00003823    0.31806904
    0.17384313   -0.00002972    0.20061120    0.26429046   -0.00004452    0.31806904
    0.17384710   -0.00003345    0.20061120    0.26429650   -0.00005011    0.31806904
    0.17385151   -0.00003665    0.20061120    0.26430320   -0.00005491    0.31806904
    0.17385629   -0.00003928    0.20061120    0.26431046   -0.00005884    0.31806904
    0.17386135   -0.00004128    0.20061120    0.26431816   -0.00006184    0.31806904
    0.17386663   -0.00004264    0.20061120    0.26432619   -0.00006387    0.31806904
    0.17387204   -0.00004332    0.20061120    0.26433440   -0.00006490    0.31806904
    0.17387749   -0.00004332    0.20061120    0.26434269   -0.00006490    0.31806904
    0.17388289   -0.00004264    0.20061120    0.26435091   -0.00006387    0.31806904
    0.17388817   -0.00004128    0.20061120    0.26435893   -0.00006184    0.31806904
    0.17389324   -0.00003928    0.20061120    0.26436663   -0.00005884    0.31806904
    0.17389801   -0.00003665    0.20061120    0.26437389   -0.00005491    0.31806904
    0.17390242   -0.00003345    0.20061120    0.26438059   -0.00005011    0.31806904
    0.17390639   -0.00002972    0.20061120    0.26438663   -0.00004452    0.31806904
    0.17390986   -0.00002552    0.20061120    0.26439191   -0.00003823    0.31806904
    0.17391278   -0.00002092    0.20061120    0.26439635   -0.00003134    0.31806904
    0.17391510   -0.00001599    0.20061120    0.26439988   -0.00002395    0.31806904
    0.17391679   -0.00001081    0.20061120    0.26440244   -0.00001619    0.31806904
    0.17391781   -0.00000546    0.20061120    0.26440399   -0.00000817    0.31806904
    0.17392383   -0.00000002    0.20061416    0.26441315   -0.00000003    0.31807374
    0.17392345    0.00000613    0.20061416    0.26441256    0.00000919    0.31807374
    0.17392229    0.00001219    0.20061416    0.26441080    0.00001826    0.31807374
    0.17392039    0.00001805    0.20061416    0.26440791    0.00002704    0.31807374
    0.17391776    0.00002362    0.20061416    0.26440392    0.00003539    0.31807374
    0.17391446    0.00002883    0.20061416    0.26439890    0.00004318    0.31807374
    0.17391053    0.00003357    0.20061416    0.26439293    0.00005030    0.31807374
    0.17390604    0.00003779    0.20061416    0.26438610    0.00005662    0.31807374
    0.17390106    0.00004141    0.20061416    0.26437852    0.00006204    0.31807374
    0.17389566    0.00004438    0.20061416    0.26437031    0.00006649    0.31807374
    0.17388993    0.00004665    0.20061416    0.26436160    0.00006989    0.31807374
    0.17388396    0.00004818    0.20061416    0.26435253    0.00007218    0.31807374
    0.17387784    0.00004896    0.20061416    0.26434323    0.00007334    0.31807374
    0.17387168    0.00004896    0.20061416    0.26433386    0.00007334    0.31807374
    0.17386557    0.00004818    0.20061416    0.26432457    0.00007218    0.31807374
    0.17385960    0.00004665    0.20061416    0.26431549    0.00006989    0.31807374
    0.17385387    0.00004438    0.20061416    0.26430678    0.00006649    0.31807374
    0.17384847    0.00004141    0.20061416    0.26429857    0.00006204    0.31807374
    0.17384348    0.00003779    0.20061416    0.26429099    0.00005662    0.31807374
    0.17383899    0.00003357    0.20061416    0.26428416    0.00005030    0.31807374
    0.17383506    0.00002883    0.20061416    0.26427819    0.00004318    0.31807374
    0.17383176    0.00002362    0.20061416    0.26427317    0.00003539    0.31807374
    0.17382914    0.00001805    0.20061416    0.26426918    0.00002704    0.31807374
    0.17382723    0.00001219    0.20061416    0.26426629    0.00001826    0.31807374
    0.17382608    0.00000613    0.20061416    0.26426453    0.00000919    0.31807374
    0.17382569   -0.00000002    0.20061416    0.26426394   -0.00000003    0.31807374
    0.17382608   -0.00000617    0.20061416    0.26426453   -0.00000924    0.31807374
    0.17382723   -0.00001222    0.20061416    0.26426629   -0.00001831    0.31807374
    0.17382914   -0.00001808    0.20061416    0.26426918   -0.00002709    0.31807374
    0.17383176   -0.00002366    0.20061416    0.26427317   -0.00003544    0.31807374
    0.17383506   -0.00002886    0.20061416    0.26427819   -0.00004324    0.31807374
    0.17383899   -0.00003361    0.20061416    0.26428416   -0.00005035    0.31807374
    0.17384348   -0.00003783    0.20061416    0.26429099   -0.00005667    0.31807374
    0.17384847   -0.00004145    0.20061416    0.26429857   -0.00006210    0.31807374
    0.17385387   -0.00004442    0.20061416    0.26430678   -0.00006654    0.31807374
    0.17385960   -0.00004669    0.20061416    0.26431549   -0.00006994    0.31807374
    0.17386557   -0.00004822    0.20061416    0.26432457   -0.00007224    0.31807374
    0.17387168   -0.00004899    0.20061416    0.26433386   -0.00007339    0.31807374
    0.17387784   -0.00004899    0.20061416    0.26434323   -0.00007339    0.31807374
    0.17388396   -0.00004822    0.20061416    0.26435253   -0.00007224    0.31807374
    0.17388993   -0.00004669    0.20061416    0.26436160   -0.00006994    0.31807374
    0.17389566   -0.00004442    0.20061416    0.26437031   -0.00006654    0.31807374
    0.17390106   -0.00004145    0.20061416    0.26437852   -0.00006210    0.31807374
    0.17390604   -0.00003783    0.20061416    0.26438610   -0.00005667    0.31807374
    0.17391053   -0.00003361    0.20061416    0.26439293   -0.00005035    0.31807374
    0.17391446   -0.00002886    0.20061416    0.26439890   -0.00004324    0.31807374
    0.17391776   -0.00002366    0.20061416    0.26440392   -0.00003544    0.31807374
    0.17392039   -0.00001808    0.20061416    0.26440791   -0.00002709    0.31807374
    0.17392229   -0.00001222    0.20061416    0.26441080   -0.00001831    0.31807374
    0.17392345   -0.00000617    0.20061416    0.26441256   -0.00000924    0.31807374
    0.17392932   -0.00000002    0.20061749    0.26442148   -0.00000003    0.31807901
    0.17392889    0.00000682    0.20061749    0.26442083    0.00001022    0.31807901
    0.17392760    0.00001355    0.20061749    0.26441888    0.00002030    0.31807901
    0.17392548    0.00002006    0.20061749    0.26441566    0.00003006    0.31807901
    0.17392257    0.00002626    0.20061749    0.26441122    0.00003934    0.31807901
    0.17391890    0.00003205    0.20061749    0.26440564    0.00004801    0.31807901
    0.17391453    0.00003733    0.20061749    0.26439900    0.00005592    0.31807901
    0.17390954    0.00004202    0.20061749    0.26439141    0.00006294    0.31807901
    0.17390399    0.00004604    0.20061749    0.26438299    0.00006898    0.31807901
    0.17389799    0.00004934    0.20061749    0.26437386    0.00007392    0.31807901
    0.17389162    0.00005187    0.20061749    0.26436417    0.00007770    0.31807901
    0.17388498    0.00005357    0.20061749    0.26435409    0.00008025    0.31807901
    0.17387819    0.00005443    0.20061749    0.26434375    0.00008154    0.31807901
    0.17387134    0.00005443    0.20061749    0.26433334    0.00008154    0.31807901
    0.17386454    0.00005357    0.20061749    0.26432301    0.00008025    0.31807901
    0.17385790    0.00005187    0.20061749    0.26431292    0.00007770    0.31807901
    0.17385153    0.00004934    0.20061749    0.26430323    0.00007392    0.31807901
    0.17384553    0.00004604    0.20061749    0.26429411    0.00006898    0.31807901
    0.17383999    0.00004202    0.20061749    0.26428568    0.00006294    0.31807901
    0.17383499    0.00003733    0.20061749    0.26427809    0.00005592    0.31807901
    0.17383063    0.00003205    0.20061749    0.26427145    0.00004801    0.31807901
    0.17382696    0.00002626    0.20061749    0.26426587    0.00003934    0.31807901
    0.17382404    0.00002006    0.20061749    0.26426143    0.00003006    0.31807901
    0.17382192    0.00001355    0.20061749    0.26425821    0.00002030    0.31807901
    0.17382064    0.00000682    0.20061749    0.26425626    0.00001022    0.31807901
    0.17382021   -0.00000002    0.20061749    0.26425561   -0.00000003    0.31807901
    0.17382064   -0.00000686    0.20061749    0.26425626   -0.00001027    0.31807901
    0.17382192   -0.00001358    0.20061749    0.26425821   -0.00002035    0.31807901
    0.17382404   -0.00002010    0.20061749    0.26426143   -0.00003011    0.31807901
    0.17382696   -0.00002630    0.20061749    0.26426587   -0.00003940    0.31807901
    0.17383063   -0.00003208    0.20061749    0.26427145   -0.00004806    0.31807901
    0.17383499   -0.00003736    0.20061749    0.26427809   -0.00005597    0.31807901
    0.17383999   -0.00004205    0.20061749    0.26428568   -0.00006300    0.31807901
    0.17384553   -0.00004608    0.20061749    0.26429411   -0.00006903    0.31807901
    0.17385153   -0.00004938    0.20061749    0.26430323   -0.00007397    0.31807901
    0.17385790   -0.00005190    0.20061749    0.26431292   -0.00007775    0.31807901
    0.17386454   -0.00005361    0.20061749    0.26432301   -0.00008030    0.31807901
    0.17387134   -0.00005446    0.20061749    0.26433334   -0.00008159    0.31807901
    0.17387819   -0.00005446    0.20061749    0.26434375   -0.00008159    0.31807901
    0.17388498   -0.00005361    0.20061749    0.26435409   -0.00008030    0.31807901
    0.17389162   -0.00005190    0.20061749    0.26436417   -0.00007775    0.31807901
    0.17389799   -0.00004938    0.20061749    0.26437386   -0.00007397    0.31807901
    0.17390399   -0.00004608    0.20061749    0.26438299   -0.00006903    0.31807901
    0.17390954   -0.00004205    0.20061749    0.26439141   -0.00006300    0.31807901
    0.17391453   -0.00003736    0.20061749    0.26439900   -0.00005597    0.31807901
    0.17391890   -0.00003208    0.20061749    0.26440564   -0.00004806    0.31807901
    0.17392257   -0.00002630    0.20061749    0.26441122   -0.00003940    0.31807901
    0.17392548   -0.00002010    0.20061749    0.26441566   -0.00003011    0.31807901
    0.17392760   -0.00001358    0.20061749    0.26441888   -0.00002035    0.31807901
    0.17392889   -0.00000686    0.20061749    0.26442083   -0.00001027    0.31807901
    0.17393457   -0.00000002    0.20062115    0.26442948   -0.00000003    0.31808482
    0.17393410    0.00000748    0.20062115    0.26442876    0.00001120    0.31808482
    0.17393269    0.00001486    0.20062115    0.26442662    0.00002226    0.31808482
    0.17393037    0.00002200    0.20062115    0.26442309    0.00003296    0.31808482
    0.17392717    0.00002880    0.20062115    0.26441823    0.00004314    0.31808482
    0.17392315    0.00003514    0.20062115    0.26441211    0.00005264    0.31808482
    0.17391836    0.00004093    0.20062115    0.26440483    0.00006131    0.31808482
    0.17391289    0.00004607    0.20062115    0.26439651    0.00006901    0.31808482
    0.17390681    0.00005048    0.20062115    0.26438727    0.00007563    0.31808482
    0.17390023    0.00005410    0.20062115    0.26437726    0.00008105    0.31808482
    0.17389324    0.00005687    0.20062115    0.26436664    0.00008519    0.31808482
    0.17388597    0.00005873    0.20062115    0.26435558    0.00008799    0.31808482
    0.17387852    0.00005968    0.20062115    0.26434426    0.00008940    0.31808482
    0.17387101    0.00005968    0.20062115    0.26433284    0.00008940    0.31808482
    0.17386355    0.00005873    0.20062115    0.26432151    0.00008799    0.31808482
    0.17385628    0.00005687    0.20062115    0.26431045    0.00008519    0.31808482
    0.17384930    0.00005410    0.20062115    0.26429983    0.00008105    0.31808482
    0.17384271    0.00005048    0.20062115    0.26428982    0.00007563    0.31808482
    0.17383664    0.00004607    0.20062115    0.26428059    0.00006901    0.31808482
    0.17383116    0.00004093    0.20062115    0.26427226    0.00006131    0.31808482
    0.17382637    0.00003514    0.20062115    0.26426498    0.00005264    0.31808482
    0.17382235    0.00002880    0.20062115    0.26425886    0.00004314    0.31808482
    0.17381915    0.00002200    0.20062115    0.26425400    0.00003296    0.31808482
    0.17381683    0.00001486    0.20062115    0.26425047    0.00002226    0.31808482
    0.17381542    0.00000748    0.20062115    0.26424833    0.00001120    0.31808482
    0.17381495   -0.00000002    0.20062115    0.26424762   -0.00000003    0.31808482
    0.17381542   -0.00000751    0.20062115    0.26424833   -0.00001126    0.31808482
    0.17381683   -0.00001489    0.20062115    0.26425047   -0.00002231    0.31808482
    0.17381915   -0.00002204    0.20062115    0.26425400   -0.00003301    0.31808482
    0.17382235   -0.00002883    0.20062115    0.26425886   -0.00004319    0.31808482
    0.17382637   -0.00003517    0.20062115    0.26426498   -0.00005269    0.31808482
    0.17383116   -0.00004096    0.20062115    0.26427226   -0.00006136    0.31808482
    0.17383664   -0.00004610    0.20062115    0.26428059   -0.00006907    0.31808482
    0.17384271   -0.00005052    0.20062115    0.26428982   -0.00007568    0.31808482
    0.17384930   -0.00005414    0.20062115    0.26429983   -0.00008110    0.31808482
    0.17385628   -0.00005690    0.20062115    0.26431045   -0.00008524    0.31808482
    0.17386355   -0.00005877    0.20062115    0.26432151   -0.00008804    0.31808482
    0.17387101   -0.00005971    0.20062115    0.26433284   -0.00008945    0.31808482
    0.17387852   -0.00005971    0.20062115    0.26434426   -0.00008945    0.31808482
    0.17388597   -0.00005877    0.20062115    0.26435558   -0.00008804    0.31808482
    0.17389324   -0.00005690    0.20062115    0.26436664   -0.00008524    0.31808482
    0.17390023   -0.00005414    0.20062115    0.26437726   -0.00008110    0.31808482
    0.17390681   -0.00005052    0.20062115    0.26438727   -0.00007568    0.31808482
    0.17391289   -0.00004610    0.20062115    0.26439651   -0.00006907    0.31808482
    0.17391836   -0.00004096    0.20062115    0.26440483   -0.00006136    0.31808482
    0.17392315   -0.00003517    0.20062115    0.26441211   -0.00005269    0.31808482
    0.17392717   -0.00002883    0.20062115    0.26441823   -0.00004319    0.31808482
    0.17393037   -0.00002204    0.20062115    0.26442309   -0.00003301    0.31808482
    0.17393269   -0.00001489    0.20062115    0.26442662   -0.00002231    0.31808482
    0.17393410   -0.00000751    0.20062115    0.26442876   -0.00001126    0.31808482
    0.17393958   -0.00000002    0.20062515    0.26443709   -0.00000003    0.31809116
    0.17393907    0.00000811    0.20062515    0.26443632    0.00001214    0.31809116
    0.17393755    0.00001610    0.20062515    0.26443400    0.00002412    0.31809116
    0.17393503    0.00002385    0.20062515    0.26443017    0.00003572    0.31809116
    0.17393157    0.00003121    0.20062515    0.26442491    0.00004676    0.31809116
    0.17392720    0.00003808    0.20062515    0.26441827    0.00005705    0.31809116
    0.17392202    0.00004436    0.20062515    0.26441038    0.00006645    0.31809116
    0.17391608    0.00004993    0.20062515    0.26440136    0.00007480    0.31809116
    0.17390950    0.00005471    0.20062515    0.26439135    0.00008197    0.31809116
    0.17390236    0.00005864    0.20062515    0.26438051    0.00008784    0.31809116
    0.17389479    0.00006163    0.20062515    0.26436900    0.00009233    0.31809116
    0.17388691    0.00006366    0.20062515    0.26435701    0.00009536    0.31809116
    0.17387883    0.00006468    0.20062515    0.26434473    0.00009689    0.31809116
    0.17387069    0.00006468    0.20062515    0.26433236    0.00009689    0.31809116
    0.17386262    0.00006366    0.20062515    0.26432008    0.00009536    0.31809116
    0.17385473    0.00006163    0.20062515    0.26430809    0.00009233    0.31809116
    0.17384716    0.00005864    0.20062515    0.26429659    0.00008784    0.31809116
    0.17384003    0.00005471    0.20062515    0.26428574    0.00008197    0.31809116
    0.17383344    0.00004993    0.20062515    0.26427573    0.00007480    0.31809116
    0.17382751    0.00004436    0.20062515    0.26426671    0.00006645    0.31809116
    0.17382232    0.00003808    0.20062515    0.26425882    0.00005705    0.31809116
    0.17381796    0.00003121    0.20062515    0.26425219    0.00004676    0.31809116
    0.17381449    0.00002385    0.20062515    0.26424692    0.00003572    0.31809116
    0.17381198    0.00001610    0.20062515    0.26424309    0.00002412    0.31809116
    0.17381045    0.00000811    0.20062515    0.26424077    0.00001214    0.31809116
    0.17380994   -0.00000002    0.20062515    0.26424000   -0.00000003    0.31809116
    0.17381045   -0.00000814    0.20062515    0.26424077   -0.00001220    0.31809116
    0.17381198   -0.00001614    0.20062515    0.26424309   -0.00002418    0.31809116
    0.17381449   -0.00002388    0.20062515    0.26424692   -0.00003577    0.31809116
    0.17381796   -0.00003125    0.20062515    0.26425219   -0.00004681    0.31809116
    0.17382232   -0.00003812    0.20062515    0.26425882   -0.00005711    0.31809116
    0.17382751   -0.00004439    0.20062515    0.26426671   -0.00006650    0.31809116
    0.17383344   -0.00004996    0.20062515    0.26427573   -0.00007485    0.31809116
    0.17384003   -0.00005475    0.20062515    0.26428574   -0.00008202    0.31809116
    0.17384716   -0.00005867    0.20062515    0.26429659   -0.00008789    0.31809116
    0.17385473   -0.00006167    0.20062515    0.26430809   -0.00009238    0.31809116
    0.17386262   -0.00006369    0.20062515    0.26432008   -0.00009542    0.31809116
    0.17387069   -0.00006471    0.20062515    0.26433236   -0.00009694    0.31809116
    0.17387883   -0.00006471    0.20062515    0.26434473   -0.00009694    0.31809116
    0.17388691   -0.00006369    0.20062515    0.26435701   -0.00009542    0.31809116
    0.17389479   -0.00006167    0.20062515    0.26436900   -0.00009238    0.31809116
    0.17390236   -0.00005867    0.20062515    0.26438051   -0.00008789    0.31809116
    0.17390950   -0.00005475    0.20062515    0.26439135   -0.00008202    0.31809116
    0.17391608   -0.00004996    0.20062515    0.26440136   -0.00007485    0.31809116
    0.17392202   -0.00004439    0.20062515    0.26441038   -0.00006650    0.31809116
    0.17392720   -0.00003812    0.20062515    0.26441827   -0.00005711    0.31809116
    0.17393157   -0.00003125    0.20062515    0.26442491   -0.00004681    0.31809116
    0.17393503   -0.00002388    0.20062515    0.26443017   -0.00003577    0.31809116
    0.17393755   -0.00001614    0.20062515    0.26443400   -0.00002418    0.31809116
    0.17393907   -0.00000814    0.20062515    0.26443632   -0.00001220    0.31809116
    0.17394433   -0.00000002    0.20062946    0.26444431   -0.00000003    0.31809799
    0.17394378    0.00000870    0.20062946    0.26444348    0.00001304    0.31809799
    0.17394214    0.00001728    0.20062946    0.26444099    0.00002589    0.31809799
    0.17393944    0.00002559    0.20062946    0.26443688    0.00003834    0.31809799
    0.17393572    0.00003350    0.20062946    0.26443123    0.00005018    0.31809799
    0.17393104    0.00004087    0.20062946    0.26442411    0.00006123    0.31809799
    0.17392547    0.00004760    0.20062946    0.26441564    0.00007132    0.31809799
    0.17391911    0.00005359    0.20062946    0.26440596    0.00008027    0.31809799
    0.17391204    0.00005872    0.20062946    0.26439522    0.00008797    0.31809799
    0.17390438    0.00006293    0.20062946    0.26438358    0.00009427    0.31809799
    0.17389626    0.00006615    0.20062946    0.26437123    0.00009909    0.31809799
    0.17388780    0.00006832    0.20062946    0.26435836    0.00010235    0.31809799
    0.17387913    0.00006941    0.20062946    0.26434519    0.00010399    0.31809799
    0.17387039    0.00006941    0.20062946    0.26433190    0.00010399    0.31809799
    0.17386173    0.00006832    0.20062946    0.26431873    0.00010235    0.31809799
    0.17385326    0.00006615    0.20062946    0.26430586    0.00009909    0.31809799
    0.17384514    0.00006293    0.20062946    0.26429351    0.00009427    0.31809799
    0.17383749    0.00005872    0.20062946    0.26428188    0.00008797    0.31809799
    0.17383042    0.00005359    0.20062946    0.26427113    0.00008027    0.31809799
    0.17382405    0.00004760    0.20062946    0.26426145    0.00007132    0.31809799
    0.17381848    0.00004087    0.20062946    0.26425298    0.00006123    0.31809799
    0.17381380    0.00003350    0.20062946    0.26424586    0.00005018    0.31809799
    0.17381008    0.00002559    0.20062946    0.26424021    0.00003834    0.31809799
    0.17380738    0.00001728    0.20062946    0.26423611    0.00002589    0.31809799
    0.17380574    0.00000870    0.20062946    0.26423362    0.00001304    0.31809799
    0.17380519   -0.00000002    0.20062946    0.26423278   -0.00000003    0.31809799
    0.17380574   -0.00000874    0.20062946    0.26423362   -0.00001309    0.31809799
    0.17380738   -0.00001732    0.20062946    0.26423611   -0.00002594    0.31809799
    0.17381008   -0.00002563    0.20062946    0.26424021   -0.00003839    0.31809799
    0.17381380   -0.00003353    0.20062946    0.26424586   -0.00005023    0.31809799
    0.17381848   -0.00004091    0.20062946    0.26425298   -0.00006128    0.31809799
    0.17382405   -0.00004764    0.20062946    0.26426145   -0.00007137    0.31809799
    0.17383042   -0.00005362    0.20062946    0.26427113   -0.00008033    0.31809799
    0.17383749   -0.00005876    0.20062946    0.26428188   -0.00008802    0.31809799
    0.17384514   -0.00006297    0.20062946    0.26429351   -0.00009433    0.31809799
    0.17385326   -0.00006618    0.20062946    0.26430586   -0.00009914    0.31809799
    0.17386173   -0.00006835    0.20062946    0.26431873   -0.00010240    0.31809799
    0.17387039   -0.00006945    0.20062946    0.26433190   -0.00010404    0.31809799
    0.17387913   -0.00006945    0.20062946    0.26434519   -0.00010404    0.31809799
    0.17388780   -0.00006835    0.20062946    0.26435836   -0.00010240    0.31809799
    0.17389626   -0.00006618    0.20062946    0.26437123   -0.00009914    0.31809799
    0.17390438   -0.00006297    0.20062946    0.26438358   -0.00009433    0.31809799
    0.17391204   -0.00005876    0.20062946    0.26439522   -0.00008802    0.31809799
    0.17391911   -0.00005362    0.20062946    0.26440596   -0.00008033    0.31809799
    0.17392547   -0.00004764    0.20062946    0.26441564   -0.00007137    0.31809799
    0.17393104   -0.00004091    0.20062946    0.26442411   -0.00006128    0.31809799
    0.17393572   -0.00003353    0.20062946    0.26443123   -0.00005023    0.31809799
    0.17393944   -0.00002563    0.20062946    0.26443688   -0.00003839    0.31809799
    0.17394214   -0.00001732    0.20062946    0.26444099   -0.00002594    0.31809799
    0.17394378   -0.00000874    0.20062946    0.26444348   -0.00001309    0.31809799
    0.17394879   -0.00000002    0.20063406    0.26445109   -0.00000003    0.31810529
    0.17394821    0.00000926    0.20063406    0.26445020    0.00001387    0.31810529
    0.17394646    0.00001839    0.20063406    0.26444755    0.00002755    0.31810529
    0.17394359    0.00002723    0.20063406    0.26444319    0.00004080    0.31810529
    0.17393963    0.00003565    0.20063406    0.26443717    0.00005340    0.31810529
    0.17393465    0.00004349    0.20063406    0.26442960    0.00006516    0.31810529
    0.17392873    0.00005066    0.20063406    0.26442059    0.00007589    0.31810529
    0.17392195    0.00005702    0.20063406    0.26441028    0.00008542    0.31810529
    0.17391443    0.00006249    0.20063406    0.26439885    0.00009361    0.31810529
    0.17390628    0.00006696    0.20063406    0.26438646    0.00010032    0.31810529
    0.17389764    0.00007039    0.20063406    0.26437332    0.00010544    0.31810529
    0.17388863    0.00007270    0.20063406    0.26435963    0.00010891    0.31810529
    0.17387941    0.00007386    0.20063406    0.26434561    0.00011065    0.31810529
    0.17387011    0.00007386    0.20063406    0.26433148    0.00011065    0.31810529
    0.17386089    0.00007270    0.20063406    0.26431746    0.00010891    0.31810529
    0.17385189    0.00007039    0.20063406    0.26430377    0.00010544    0.31810529
    0.17384324    0.00006696    0.20063406    0.26429063    0.00010032    0.31810529
    0.17383510    0.00006249    0.20063406    0.26427824    0.00009361    0.31810529
    0.17382757    0.00005702    0.20063406    0.26426681    0.00008542    0.31810529
    0.17382080    0.00005066    0.20063406    0.26425651    0.00007589    0.31810529
    0.17381487    0.00004349    0.20063406    0.26424750    0.00006516    0.31810529
    0.17380989    0.00003565    0.20063406    0.26423992    0.00005340    0.31810529
    0.17380593    0.00002723    0.20063406    0.26423391    0.00004080    0.31810529
    0.17380306    0.00001839    0.20063406    0.26422954    0.00002755    0.31810529
    0.17380132    0.00000926    0.20063406    0.26422689    0.00001387    0.31810529
    0.17380073   -0.00000002    0.20063406    0.26422600   -0.00000003    0.31810529
    0.17380132   -0.00000930    0.20063406    0.26422689   -0.00001393    0.31810529
    0.17380306   -0.00001843    0.20063406    0.26422954   -0.00002761    0.31810529
    0.17380593   -0.00002727    0.20063406    0.26423391   -0.00004085    0.31810529
    0.17380989   -0.00003568    0.20063406    0.26423992   -0.00005345    0.31810529
    0.17381487   -0.00004353    0.20063406    0.26424750   -0.00006521    0.31810529
    0.17382080   -0.00005069    0.20063406    0.26425651   -0.00007594    0.31810529
    0.17382757   -0.00005706    0.20063406    0.26426681   -0.00008548    0.31810529
    0.17383510   -0.00006252    0.20063406    0.26427824   -0.00009366    0.31810529
    0.17384324   -0.00006700    0.20063406    0.26429063   -0.00010037    0.31810529
    0.17385189   -0.00007042    0.20063406    0.26430377   -0.00010550    0.31810529
    0.17386089   -0.00007273    0.20063406    0.26431746   -0.00010896    0.31810529
    0.17387011   -0.00007390    0.20063406    0.26433148   -0.00011071    0.31810529
    0.17387941   -0.00007390    0.20063406    0.26434561   -0.00011071    0.31810529
    0.17388863   -0.00007273    0.20063406    0.26435963   -0.00010896    0.31810529
    0.17389764   -0.00007042    0.20063406    0.26437332   -0.00010550    0.31810529
    0.17390628   -0.00006700    0.20063406    0.26438646   -0.00010037    0.31810529
    0.17391443   -0.00006252    0.20063406    0.26439885   -0.00009366    0.31810529
    0.17392195   -0.00005706    0.20063406    0.26441028   -0.00008548    0.31810529
    0.17392873   -0.00005069    0.20063406    0.26442059   -0.00007594    0.31810529
    0.17393465   -0.00004353    0.20063406    0.26442960   -0.00006521    0.31810529
    0.17393963   -0.00003568    0.20063406    0.26443717   -0.00005345    0.31810529
    0.17394359   -0.00002727    0.20063406    0.26444319   -0.00004085    0.31810529
    0.17394646   -0.00001843    0.20063406    0.26444755   -0.00002761    0.31810529
    0.17394821   -0.00000930    0.20063406    0.26445020   -0.00001393    0.31810529
    0.17395294   -0.00000002    0.20063895    0.26445741   -0.00000003    0.31811303
    0.17395233    0.00000978    0.20063895    0.26445647    0.00001465    0.31811303
    0.17395049    0.00001943    0.20063895    0.26445367    0.00002910    0.31811303
    0.17394745    0.00002876    0.20063895    0.26444906    0.00004309    0.31811303
    0.17394327    0.00003765    0.20063895    0.26444270    0.00005640    0.31811303
    0.17393801    0.00004594    0.20063895    0.26443471    0.00006882    0.31811303
    0.17393175    0.00005350    0.20063895    0.26442519    0.00008015    0.31811303
    0.17392460    0.00006022    0.20063895    0.26441431    0.00009022    0.31811303
    0.17391665    0.00006599    0.20063895    0.26440223    0.00009886    0.31811303
    0.17390805    0.00007072    0.20063895    0.26438915    0.00010595    0.31811303
    0.17389892    0.00007434    0.20063895    0.26437528    0.00011136    0.31811303
    0.17388941    0.00007678    0.20063895    0.26436082    0.00011502    0.31811303
    0.17387967    0.00007801    0.20063895    0.26434601    0.00011687    0.31811303
    0.17386985    0.00007801    0.20063895    0.26433108    0.00011687    0.31811303
    0.17386011    0.00007678    0.20063895    0.26431627    0.00011502    0.31811303
    0.17385060    0.00007434    0.20063895    0.26430182    0.00011136    0.31811303
    0.17384147    0.00007072    0.20063895    0.26428794    0.00010595    0.31811303
    0.17383287    0.00006599    0.20063895    0.26427486    0.00009886    0.31811303
    0.17382493    0.00006022    0.20063895    0.26426278    0.00009022    0.31811303
    0.17381777    0.00005350    0.20063895    0.26425190    0.00008015    0.31811303
    0.17381151    0.00004594    0.20063895    0.26424239    0.00006882    0.31811303
    0.17380625    0.00003765    0.20063895    0.26423439    0.00005640    0.31811303
    0.17380207    0.00002876    0.20063895    0.26422803    0.00004309    0.31811303
    0.17379903    0.00001943    0.20063895    0.26422342    0.00002910    0.31811303
    0.17379720    0.00000978    0.20063895    0.26422062    0.00001465    0.31811303
    0.17379658   -0.00000002    0.20063895    0.26421969   -0.00000003    0.31811303
    0.17379720   -0.00000982    0.20063895    0.26422062   -0.00001471    0.31811303
    0.17379903   -0.00001946    0.20063895    0.26422342   -0.00002915    0.31811303
    0.17380207   -0.00002880    0.20063895    0.26422803   -0.00004314    0.31811303
    0.17380625   -0.00003768    0.20063895    0.26423439   -0.00005645    0.31811303
    0.17381151   -0.00004597    0.20063895    0.26424239   -0.00006887    0.31811303
    0.17381777   -0.00005354    0.20063895    0.26425190   -0.00008020    0.31811303
    0.17382493   -0.00006026    0.20063895    0.26426278   -0.00009027    0.31811303
    0.17383287   -0.00006603    0.20063895    0.26427486   -0.00009892    0.31811303
    0.17384147   -0.00007076    0.20063895    0.26428794   -0.00010600    0.31811303
    0.17385060   -0.00007437    0.20063895    0.26430182   -0.00011142    0.31811303
    0.17386011   -0.00007682    0.20063895    0.26431627   -0.00011508    0.31811303
    0.17386985   -0.00007805    0.20063895    0.26433108   -0.00011692    0.31811303
    0.17387967   -0.00007805    0.20063895    0.26434601   -0.00011692    0.31811303
    0.17388941   -0.00007682    0.20063895    0.26436082   -0.00011508    0.31811303
    0.17389892   -0.00007437    0.20063895    0.26437528   -0.00011142    0.31811303
    0.17390805   -0.00007076    0.20063895    0.26438915   -0.00010600    0.31811303
    0.17391665   -0.00006603    0.20063895    0.26440223   -0.00009892    0.31811303
    0.17392460   -0.00006026    0.20063895    0.26441431   -0.00009027    0.31811303
    0.17393175   -0.00005354    0.20063895    0.26442519   -0.00008020    0.31811303
    0.17393801   -0.00004597    0.20063895    0.26443471   -0.00006887    0.31811303
    0.17394327   -0.00003768    0.20063895    0.26444270   -0.00005645    0.31811303
    0.17394745   -0.00002880    0.20063895    0.26444906   -0.00004314    0.31811303
    0.17395049   -0.00001946    0.20063895    0.26445367   -0.00002915    0.31811303
    0.17395233   -0.00000982    0.20063895    0.26445647   -0.00001471    0.31811303
    0.17395678   -0.00000002    0.20064408    0.26446324   -0.00000003    0.31812118
    0.17395613    0.00001026    0.20064408    0.26446225    0.00001537    0.31812118
    0.17395420    0.00002038    0.20064408    0.26445932    0.00003053    0.31812118
    0.17395102    0.00003017    0.20064408    0.26445448    0.00004520    0.31812118
    0.17394663    0.00003949    0.20064408    0.26444781    0.00005917    0.31812118
    0.17394112    0.00004819    0.20064408    0.26443942    0.00007219    0.31812118
    0.17393455    0.00005613    0.20064408    0.26442944    0.00008408    0.31812118
    0.17392704    0.00006318    0.20064408    0.26441803    0.00009464    0.31812118
    0.17391871    0.00006923    0.20064408    0.26440536    0.00010371    0.31812118
    0.17390968    0.00007419    0.20064408    0.26439164    0.00011115    0.31812118
    0.17390011    0.00007799    0.20064408    0.26437708    0.00011683    0.31812118
    0.17389013    0.00008055    0.20064408    0.26436191    0.00012066    0.31812118
    0.17387991    0.00008184    0.20064408    0.26434638    0.00012260    0.31812118
    0.17386961    0.00008184    0.20064408    0.26433072    0.00012260    0.31812118
    0.17385939    0.00008055    0.20064408    0.26431518    0.00012066    0.31812118
    0.17384942    0.00007799    0.20064408    0.26430001    0.00011683    0.31812118
    0.17383984    0.00007419    0.20064408    0.26428546    0.00011115    0.31812118
    0.17383081    0.00006923    0.20064408    0.26427173    0.00010371    0.31812118
    0.17382248    0.00006318    0.20064408    0.26425907    0.00009464    0.31812118
    0.17381497    0.00005613    0.20064408    0.26424765    0.00008408    0.31812118
    0.17380841    0.00004819    0.20064408    0.26423767    0.00007219    0.31812118
    0.17380289    0.00003949    0.20064408    0.26422928    0.00005917    0.31812118
    0.17379850    0.00003017    0.20064408    0.26422261    0.00004520    0.31812118
    0.17379532    0.00002038    0.20064408    0.26421777    0.00003053    0.31812118
    0.17379339    0.00001026    0.20064408    0.26421484    0.00001537    0.31812118
    0.17379274   -0.00000002    0.20064408    0.26421386   -0.00000003    0.31812118
    0.17379339   -0.00001030    0.20064408    0.26421484   -0.00001543    0.31812118
    0.17379532   -0.00002041    0.20064408    0.26421777   -0.00003058    0.31812118
    0.17379850   -0.00003021    0.20064408    0.26422261   -0.00004526    0.31812118
    0.17380289   -0.00003953    0.20064408    0.26422928   -0.00005922    0.31812118
    0.17380841   -0.00004823    0.20064408    0.26423767   -0.00007225    0.31812118
    0.17381497   -0.00005616    0.20064408    0.26424765   -0.00008414    0.31812118
    0.17382248   -0.00006321    0.20064408    0.26425907   -0.00009470    0.31812118
    0.17383081   -0.00006927    0.20064408    0.26427173   -0.00010377    0.31812118
    0.17383984   -0.00007423    0.20064408    0.26428546   -0.00011120    0.31812118
    0.17384942   -0.00007802    0.20064408    0.26430001   -0.00011688    0.31812118
    0.17385939   -0.00008058    0.20064408    0.26431518   -0.00012072    0.31812118
    0.17386961   -0.00008187    0.20064408    0.26433072   -0.00012265    0.31812118
    0.17387991   -0.00008187    0.20064408    0.26434638   -0.00012265    0.31812118
    0.17389013   -0.00008058    0.20064408    0.26436191   -0.00012072    0.31812118
    0.17390011   -0.00007802    0.20064408    0.26437708   -0.00011688    0.31812118
    0.17390968   -0.00007423    0.20064408    0.26439164   -0.00011120    0.31812118
    0.17391871   -0.00006927    0.20064408    0.26440536   -0.00010377    0.31812118
    0.17392704   -0.00006321    0.20064408    0.26441803   -0.00009470    0.31812118
    0.17393455   -0.00005616    0.20064408    0.26442944   -0.00008414    0.31812118
    0.17394112   -0.00004823    0.20064408    0.26443942   -0.00007225    0.31812118
    0.17394663   -0.00003953    0.20064408    0.26444781   -0.00005922    0.31812118
    0.17395102   -0.00003021    0.20064408    0.26445448   -0.00004526    0.31812118
    0.17395420   -0.00002041    0.20064408    0.26445932   -0.00003058    0.31812118
    0.17395613   -0.00001030    0.20064408    0.26446225   -0.00001543    0.31812118
    0.17396028   -0.00000002    0.20064946    0.26446855   -0.00000003    0.31812970
    0.17395960    0.00001070    0.20064946    0.26446753    0.00001603    0.31812970
    0.17395759    0.00002125    0.20064946    0.26446447    0.00003183    0.31812970
    0.17395427    0.00003146    0.20064946    0.26445942    0.00004713    0.31812970
    0.17394970    0.00004118    0.20064946    0.26445247    0.00006169    0.31812970
    0.17394394    0.00005025    0.20064946    0.26444372    0.00007527    0.31812970
    0.17393710    0.00005852    0.20064946    0.26443332    0.00008767    0.31812970
    0.17392927    0.00006587    0.20064946    0.26442141    0.00009868    0.31812970
    0.17392058    0.00007218    0.20064946    0.26440821    0.00010814    0.31812970
    0.17391117    0.00007736    0.20064946    0.26439390    0.00011589    0.31812970
    0.17390119    0.00008131    0.20064946    0.26437872    0.00012181    0.31812970
    0.17389079    0.00008398    0.20064946    0.26436291    0.00012581    0.31812970
    0.17388013    0.00008533    0.20064946    0.26434671    0.00012783    0.31812970
    0.17386939    0.00008533    0.20064946    0.26433038    0.00012783    0.31812970
    0.17385874    0.00008398    0.20064946    0.26431419    0.00012581    0.31812970
    0.17384834    0.00008131    0.20064946    0.26429837    0.00012181    0.31812970
    0.17383835    0.00007736    0.20064946    0.26428319    0.00011589    0.31812970
    0.17382894    0.00007218    0.20064946    0.26426889    0.00010814    0.31812970
    0.17382025    0.00006587    0.20064946    0.26425568    0.00009868    0.31812970
    0.17381242    0.00005852    0.20064946    0.26424378    0.00008767    0.31812970
    0.17380558    0.00005025    0.20064946    0.26423337    0.00007527    0.31812970
    0.17379983    0.00004118    0.20064946    0.26422462    0.00006169    0.31812970
    0.17379525    0.00003146    0.20064946    0.26421767    0.00004713    0.31812970
    0.17379193    0.00002125    0.20064946    0.26421262    0.00003183    0.31812970
    0.17378992    0.00001070    0.20064946    0.26420957    0.00001603    0.31812970
    0.17378925   -0.00000002    0.20064946    0.26420854   -0.00000003    0.31812970
    0.17378992   -0.00001074    0.20064946    0.26420957   -0.00001608    0.31812970
    0.17379193   -0.00002128    0.20064946    0.26421262   -0.00003189    0.31812970
    0.17379525   -0.00003150    0.20064946    0.26421767   -0.00004719    0.31812970
    0.17379983   -0.00004121    0.20064946    0.26422462   -0.00006174    0.31812970
    0.17380558   -0.00005028    0.20064946    0.26423337   -0.00007533    0.31812970
    0.17381242   -0.00005856    0.20064946    0.26424378   -0.00008772    0.31812970
    0.17382025   -0.00006591    0.20064946    0.26425568   -0.00009873    0.31812970
    0.17382894   -0.00007222    0.20064946    0.26426889   -0.00010819    0.31812970
    0.17383835   -0.00007739    0.20064946    0.26428319   -0.00011594    0.31812970
    0.17384834   -0.00008135    0.20064946    0.26429837   -0.00012186    0.31812970
    0.17385874   -0.00008402    0.20064946    0.26431419   -0.00012586    0.31812970
    0.17386939   -0.00008536    0.20064946    0.26433038   -0.00012788    0.31812970
    0.17388013   -0.00008536    0.20064946    0.26434671   -0.00012788    0.31812970
    0.17389079   -0.00008402    0.20064946    0.26436291   -0.00012586    0.31812970
    0.17390119   -0.00008135    0.20064946    0.26437872   -0.00012186    0.31812970
    0.17391117   -0.00007739    0.20064946    0.26439390   -0.00011594    0.31812970
    0.17392058   -0.00007222    0.20064946    0.26440821   -0.00010819    0.31812970
    0.17392927   -0.00006591    0.20064946    0.26442141   -0.00009873    0.31812970
    0.17393710   -0.00005856    0.20064946    0.26443332   -0.00008772    0.31812970
    0.17394394   -0.00005028    0.20064946    0.26444372   -0.00007533    0.31812970
    0.17394970   -0.00004121    0.20064946    0.26445247   -0.00006174    0.31812970
    0.17395427   -0.00003150    0.20064946    0.26445942   -0.00004719    0.31812970
    0.17395759   -0.00002128    0.20064946    0.26446447   -0.00003189    0.31812970
    0.17395960   -0.00001074    0.20064946    0.26446753   -0.00001608    0.31812970
    0.17396342   -0.00000002    0.20065504    0.26447333   -0.00000003    0.31813855
    0.17396272    0.00001109    0.20065504    0.26447227    0.00001662    0.31813855
    0.17396064    0.00002203    0.20065504    0.26446910    0.00003300    0.31813855
    0.17395720    0.00003262    0.20065504    0.26446387    0.00004887    0.31813855
    0.17395246    0.00004269    0.20065504    0.26445666    0.00006396    0.31813855
    0.17394649    0.00005210    0.20065504    0.26444759    0.00007804    0.31813855
    0.17393939    0.00006067    0.20065504    0.26443680    0.00009089    0.31813855
    0.17393128    0.00006830    0.20065504    0.26442446    0.00010231    0.31813855
    0.17392227    0.00007484    0.20065504    0.26441077    0.00011212    0.31813855
    0.17391251    0.00008020    0.20065504    0.26439594    0.00012015    0.31813855
    0.17390216    0.00008430    0.20065504    0.26438020    0.00012629    0.31813855
    0.17389137    0.00008707    0.20065504    0.26436380    0.00013044    0.31813855
    0.17388033    0.00008847    0.20065504    0.26434701    0.00013253    0.31813855
    0.17386919    0.00008847    0.20065504    0.26433008    0.00013253    0.31813855
    0.17385815    0.00008707    0.20065504    0.26431329    0.00013044    0.31813855
    0.17384736    0.00008430    0.20065504    0.26429689    0.00012629    0.31813855
    0.17383701    0.00008020    0.20065504    0.26428116    0.00012015    0.31813855
    0.17382726    0.00007484    0.20065504    0.26426632    0.00011212    0.31813855
    0.17381825    0.00006830    0.20065504    0.26425263    0.00010231    0.31813855
    0.17381013    0.00006067    0.20065504    0.26424029    0.00009089    0.31813855
    0.17380303    0.00005210    0.20065504    0.26422950    0.00007804    0.31813855
    0.17379707    0.00004269    0.20065504    0.26422043    0.00006396    0.31813855
    0.17379233    0.00003262    0.20065504    0.26421322    0.00004887    0.31813855
    0.17378889    0.00002203    0.20065504    0.26420799    0.00003300    0.31813855
    0.17378680    0.00001109    0.20065504    0.26420482    0.00001662    0.31813855
    0.17378610   -0.00000002    0.20065504    0.26420376   -0.00000003    0.31813855
    0.17378680   -0.00001113    0.20065504    0.26420482   -0.00001667    0.31813855
    0.17378889   -0.00002207    0.20065504    0.26420799   -0.00003306    0.31813855
    0.17379233   -0.00003266    0.20065504    0.26421322   -0.00004892    0.31813855
    0.17379707   -0.00004273    0.20065504    0.26422043   -0.00006401    0.31813855
    0.17380303   -0.00005213    0.20065504    0.26422950   -0.00007810    0.31813855
    0.17381013   -0.00006071    0.20065504    0.26424029   -0.00009095    0.31813855
    0.17381825   -0.00006833    0.20065504    0.26425263   -0.00010237    0.31813855
    0.17382726   -0.00007488    0.20065504    0.26426632   -0.00011217    0.31813855
    0.17383701   -0.00008024    0.20065504    0.26428116   -0.00012020    0.31813855
    0.17384736   -0.00008434    0.20065504    0.26429689   -0.00012634    0.31813855
    0.17385815   -0.00008711    0.20065504    0.26431329   -0.00013049    0.31813855
    0.17386919   -0.00008850    0.20065504    0.26433008   -0.00013258    0.31813855
    0.17388033   -0.00008850    0.20065504    0.26434701   -0.00013258    0.31813855
    0.17389137   -0.00008711    0.20065504    0.26436380   -0.00013049    0.31813855
    0.17390216   -0.00008434    0.20065504    0.26438020   -0.00012634    0.31813855
    0.17391251   -0.00008024    0.20065504    0.26439594   -0.00012020    0.31813855
    0.17392227   -0.00007488    0.20065504    0.26441077   -0.00011217    0.31813855
    0.17393128   -0.00006833    0.20065504    0.26442446   -0.00010237    0.31813855
    0.17393939   -0.00006071    0.20065504    0.26443680   -0.00009095    0.31813855
    0.17394649   -0.00005213    0.20065504    0.26444759   -0.00007810    0.31813855
    0.17395246   -0.00004273    0.20065504    0.26445666   -0.00006401    0.31813855
    0.17395720   -0.00003266    0.20065504    0.26446387   -0.00004892    0.31813855
    0.17396064   -0.00002207    0.20065504    0.26446910   -0.00003306    0.31813855
    0.17396272   -0.00001113    0.20065504    0.26447227   -0.00001667    0.31813855
    0.17396620   -0.00000002    0.20066082    0.26447756   -0.00000003    0.31814771
    0.17396548    0.00001144    0.20066082    0.26447647    0.00001714    0.31814771
    0.17396333    0.00002272    0.20066082    0.26447319    0.00003404    0.31814771
    0.17395978    0.00003364    0.20066082    0.26446780    0.00005040    0.31814771
    0.17395489    0.00004403    0.20066082    0.26446037    0.00006597    0.31814771
    0.17394874    0.00005373    0.20066082    0.26445101    0.00008049    0.31814771
    0.17394142    0.00006258    0.20066082    0.26443988    0.00009375    0.31814771
    0.17393305    0.00007044    0.20066082    0.26442716    0.00010552    0.31814771
    0.17392376    0.00007719    0.20066082    0.26441303    0.00011563    0.31814771
    0.17391370    0.00008272    0.20066082    0.26439774    0.00012392    0.31814771
    0.17390302    0.00008695    0.20066082    0.26438150    0.00013025    0.31814771
    0.17389190    0.00008980    0.20066082    0.26436459    0.00013453    0.31814771
    0.17388050    0.00009124    0.20066082    0.26434727    0.00013669    0.31814771
    0.17386902    0.00009124    0.20066082    0.26432982    0.00013669    0.31814771
    0.17385763    0.00008980    0.20066082    0.26431250    0.00013453    0.31814771
    0.17384650    0.00008695    0.20066082    0.26429559    0.00013025    0.31814771
    0.17383583    0.00008272    0.20066082    0.26427936    0.00012392    0.31814771
    0.17382577    0.00007719    0.20066082    0.26426406    0.00011563    0.31814771
    0.17381647    0.00007044    0.20066082    0.26424993    0.00010552    0.31814771
    0.17380810    0.00006258    0.20066082    0.26423721    0.00009375    0.31814771
    0.17380078    0.00005373    0.20066082    0.26422608    0.00008049    0.31814771
    0.17379463    0.00004403    0.20066082    0.26421672    0.00006597    0.31814771
    0.17378974    0.00003364    0.20066082    0.26420929    0.00005040    0.31814771
    0.17378619    0.00002272    0.20066082    0.26420390    0.00003404    0.31814771
    0.17378404    0.00001144    0.20066082    0.26420063    0.00001714    0.31814771
    0.17378332   -0.00000002    0.20066082    0.26419953   -0.00000003    0.31814771
    0.17378404   -0.00001148    0.20066082    0.26420063   -0.00001720    0.31814771
    0.17378619   -0.00002276    0.20066082    0.26420390   -0.00003409    0.31814771
    0.17378974   -0.00003368    0.20066082    0.26420929   -0.00005045    0.31814771
    0.17379463   -0.00004407    0.20066082    0.26421672   -0.00006602    0.31814771
    0.17380078   -0.00005377    0.20066082    0.26422608   -0.00008054    0.31814771
    0.17380810   -0.00006261    0.20066082    0.26423721   -0.00009380    0.31814771
    0.17381647   -0.00007047    0.20066082    0.26424993   -0.00010558    0.31814771
    0.17382577   -0.00007722    0.20066082    0.26426406   -0.00011569    0.31814771
    0.17383583   -0.00008276    0.20066082    0.26427936   -0.00012397    0.31814771
    0.17384650   -0.00008698    0.20066082    0.26429559   -0.00013031    0.31814771
    0.17385763   -0.00008984    0.20066082    0.26431250   -0.00013459    0.31814771
    0.17386902   -0.00009128    0.20066082    0.26432982   -0.00013674    0.31814771
    0.17388050   -0.00009128    0.20066082    0.26434727   -0.00013674    0.31814771
    0.17389190   -0.00008984    0.20066082    0.26436459   -0.00013459    0.31814771
    0.17390302   -0.00008698    0.20066082    0.26438150   -0.00013031    0.31814771
    0.17391370   -0.00008276    0.20066082    0.26439774   -0.00012397    0.31814771
    0.17392376   -0.00007722    0.20066082    0.26441303   -0.00011569    0.31814771
    0.17393305   -0.00007047    0.20066082    0.26442716   -0.00010558    0.31814771
    0.17394142   -0.00006261    0.20066082    0.26443988   -0.00009380    0.31814771
    0.17394874   -0.00005377    0.20066082    0.26445101   -0.00008054    0.31814771
    0.17395489   -0.00004407    0.20066082    0.26446037   -0.00006602    0.31814771
    0.17395978   -0.00003368    0.20066082    0.26446780   -0.00005045    0.31814771
    0.17396333   -0.00002276    0.20066082    0.26447319   -0.00003409    0.31814771
    0.17396548   -0.00001148    0.20066082    0.26447647   -0.00001720    0.31814771
    0.17396861   -0.00000002    0.20066676    0.26448122   -0.00000003    0.31815713
    0.17396787    0.00001174    0.20066676    0.26448009    0.00001759    0.31815713
    0.17396566    0.00002332    0.20066676    0.26447674    0.00003494    0.31815713
    0.17396202    0.00003453    0.20066676    0.26447120    0.00005173    0.31815713
    0.17395700    0.00004519    0.20066676    0.26446357    0.00006770    0.31815713
    0.17395069    0.00005514    0.20066676    0.26445397    0.00008261    0.31815713
    0.17394317    0.00006422    0.20066676    0.26444255    0.00009621    0.31815713
    0.17393458    0.00007229    0.20066676    0.26442949    0.00010830    0.31815713
    0.17392505    0.00007922    0.20066676    0.26441499    0.00011868    0.31815713
    0.17391472    0.00008490    0.20066676    0.26439929    0.00012718    0.31815713
    0.17390376    0.00008924    0.20066676    0.26438263    0.00013368    0.31815713
    0.17389235    0.00009217    0.20066676    0.26436528    0.00013807    0.31815713
    0.17388065    0.00009364    0.20066676    0.26434750    0.00014028    0.31815713
    0.17386887    0.00009364    0.20066676    0.26432959    0.00014028    0.31815713
    0.17385718    0.00009217    0.20066676    0.26431181    0.00013807    0.31815713
    0.17384576    0.00008924    0.20066676    0.26429446    0.00013368    0.31815713
    0.17383480    0.00008490    0.20066676    0.26427780    0.00012718    0.31815713
    0.17382448    0.00007922    0.20066676    0.26426210    0.00011868    0.31815713
    0.17381494    0.00007229    0.20066676    0.26424760    0.00010830    0.31815713
    0.17380635    0.00006422    0.20066676    0.26423454    0.00009621    0.31815713
    0.17379884    0.00005514    0.20066676    0.26422312    0.00008261    0.31815713
    0.17379252    0.00004519    0.20066676    0.26421352    0.00006770    0.31815713
    0.17378751    0.00003453    0.20066676    0.26420589    0.00005173    0.31815713
    0.17378386    0.00002332    0.20066676    0.26420035    0.00003494    0.31815713
    0.17378165    0.00001174    0.20066676    0.26419700    0.00001759    0.31815713
    0.17378091   -0.00000002    0.20066676    0.26419587   -0.00000003    0.31815713
    0.17378165   -0.00001178    0.20066676    0.26419700   -0.00001765    0.31815713
    0.17378386   -0.00002336    0.20066676    0.26420035   -0.00003499    0.31815713
    0.17378751   -0.00003457    0.20066676    0.26420589   -0.00005178    0.31815713
    0.17379252   -0.00004523    0.20066676    0.26421352   -0.00006776    0.31815713
    0.17379884   -0.00005518    0.20066676    0.26422312   -0.00008266    0.31815713
    0.17380635   -0.00006426    0.20066676    0.26423454   -0.00009627    0.31815713
    0.17381494   -0.00007233    0.20066676    0.26424760   -0.00010835    0.31815713
    0.17382448   -0.00007926    0.20066676    0.26426210   -0.00011873    0.31815713
    0.17383480   -0.00008493    0.20066676    0.26427780   -0.00012724    0.31815713
    0.17384576   -0.00008927    0.20066676    0.26429446   -0.00013373    0.31815713
    0.17385718   -0.00009220    0.20066676    0.26431181   -0.00013813    0.31815713
    0.17386887   -0.00009368    0.20066676    0.26432959   -0.00014034    0.31815713
    0.17388065   -0.00009368    0.20066676    0.26434750   -0.00014034    0.31815713
    0.17389235   -0.00009220    0.20066676    0.26436528   -0.00013813    0.31815713
    0.17390376   -0.00008927    0.20066676    0.26438263   -0.00013373    0.31815713
    0.17391472   -0.00008493    0.20066676    0.26439929   -0.00012724    0.31815713
    0.17392505   -0.00007926    0.20066676    0.26441499   -0.00011873    0.31815713
    0.17393458   -0.00007233    0.20066676    0.26442949   -0.00010835    0.31815713
    0.17394317   -0.00006426    0.20066676    0.26444255   -0.00009627    0.31815713
    0.17395069   -0.00005518    0.20066676    0.26445397   -0.00008266    0.31815713
    0.17395700   -0.00004523    0.20066676    0.26446357   -0.00006776    0.31815713
    0.17396202   -0.00003457    0.20066676    0.26447120   -0.00005178    0.31815713
    0.17396566   -0.00002336    0.20066676    0.26447674   -0.00003499    0.31815713
    0.17396787   -0.00001178    0.20066676    0.26448009   -0.00001765    0.31815713
    0.17397063   -0.00000002    0.20067284    0.26448429   -0.00000003    0.31816678
    0.17396987    0.00001200    0.20067284    0.26448314    0.00001797    0.31816678
    0.17396762    0.00002382    0.20067284    0.26447971    0.00003569    0.31816678
    0.17396390    0.00003527    0.20067284    0.26447406    0.00005284    0.31816678
    0.17395877    0.00004617    0.20067284    0.26446626    0.00006916    0.31816678
    0.17395232    0.00005633    0.20067284    0.26445646    0.00008439    0.31816678
    0.17394465    0.00006561    0.20067284    0.26444479    0.00009828    0.31816678
    0.17393587    0.00007385    0.20067284    0.26443145    0.00011063    0.31816678
    0.17392613    0.00008093    0.20067284    0.26441664    0.00012123    0.31816678
    0.17391558    0.00008673    0.20067284    0.26440060    0.00012992    0.31816678
    0.17390439    0.00009116    0.20067284    0.26438358    0.00013656    0.31816678
    0.17389273    0.00009415    0.20067284    0.26436586    0.00014104    0.31816678
    0.17388078    0.00009566    0.20067284    0.26434770    0.00014330    0.31816678
    0.17386874    0.00009566    0.20067284    0.26432939    0.00014330    0.31816678
    0.17385680    0.00009415    0.20067284    0.26431124    0.00014104    0.31816678
    0.17384514    0.00009116    0.20067284    0.26429351    0.00013656    0.31816678
    0.17383394    0.00008673    0.20067284    0.26427649    0.00012992    0.31816678
    0.17382339    0.00008093    0.20067284    0.26426045    0.00012123    0.31816678
    0.17381365    0.00007385    0.20067284    0.26424564    0.00011063    0.31816678
    0.17380488    0.00006561    0.20067284    0.26423230    0.00009828    0.31816678
    0.17379720    0.00005633    0.20067284    0.26422064    0.00008439    0.31816678
    0.17379075    0.00004617    0.20067284    0.26421083    0.00006916    0.31816678
    0.17378563    0.00003527    0.20067284    0.26420304    0.00005284    0.31816678
    0.17378191    0.00002382    0.20067284    0.26419738    0.00003569    0.31816678
    0.17377965    0.00001200    0.20067284    0.26419395    0.00001797    0.31816678
    0.17377889   -0.00000002    0.20067284    0.26419280   -0.00000003    0.31816678
    0.17377965   -0.00001203    0.20067284    0.26419395   -0.00001803    0.31816678
    0.17378191   -0.00002386    0.20067284    0.26419738   -0.00003574    0.31816678
    0.17378563   -0.00003531    0.20067284    0.26420304   -0.00005289    0.31816678
    0.17379075   -0.00004620    0.20067284    0.26421083   -0.00006921    0.31816678
    0.17379720   -0.00005637    0.20067284    0.26422064   -0.00008444    0.31816678
    0.17380488   -0.00006564    0.20067284    0.26423230   -0.00009834    0.31816678
    0.17381365   -0.00007388    0.20067284    0.26424564   -0.00011068    0.31816678
    0.17382339   -0.00008096    0.20067284    0.26426045   -0.00012128    0.31816678
    0.17383394   -0.00008676    0.20067284    0.26427649   -0.00012997    0.31816678
    0.17384514   -0.00009119    0.20067284    0.26429351   -0.00013661    0.31816678
    0.17385680   -0.00009419    0.20067284    0.26431124   -0.00014110    0.31816678
    0.17386874   -0.00009570    0.20067284    0.26432939   -0.00014336    0.31816678
    0.17388078   -0.00009570    0.20067284    0.26434770   -0.00014336    0.31816678
    0.17389273   -0.00009419    0.20067284    0.26436586   -0.00014110    0.31816678
    0.17390439   -0.00009119    0.20067284    0.26438358   -0.00013661    0.31816678
    0.17391558   -0.00008676    0.20067284    0.26440060   -0.00012997    0.31816678
    0.17392613   -0.00008096    0.20067284    0.26441664   -0.00012128    0.31816678
    0.17393587   -0.00007388    0.20067284    0.26443145   -0.00011068    0.31816678
    0.17394465   -0.00006564    0.20067284    0.26444479   -0.00009834    0.31816678
    0.17395232   -0.00005637    0.20067284    0.26445646   -0.00008444    0.31816678
    0.17395877   -0.00004620    0.20067284    0.26446626   -0.00006921    0.31816678
    0.17396390   -0.00003531    0.20067284    0.26447406   -0.00005289    0.31816678
    0.17396762   -0.00002386    0.20067284    0.26447971   -0.00003574    0.31816678
    0.17396987   -0.00001203    0.20067284    0.26448314   -0.00001803    0.31816678
    0.17397225   -0.00000002    0.20067904    0.26448676   -0.00000003    0.31817661
    0.17397149    0.00001220    0.20067904    0.26448559    0.00001828    0.31817661
    0.17396919    0.00002423    0.20067904    0.26448211    0.00003629    0.31817661
    0.17396541    0.00003587    0.20067904    0.26447635    0.00005374    0.31817661
    0.17396020    0.00004695    0.20067904    0.26446843    0.00007033    0.31817661
    0.17395364    0.00005729    0.20067904    0.26445846    0.00008582    0.31817661
    0.17394583    0.00006672    0.20067904    0.26444659    0.00009995    0.31817661
    0.17393691    0.00007510    0.20067904    0.26443302    0.00011251    0.31817661
    0.17392700    0.00008230    0.20067904    0.26441796    0.00012329    0.31817661
    0.17391627    0.00008820    0.20067904    0.26440165    0.00013212    0.31817661
    0.17390489    0.00009270    0.20067904    0.26438435    0.00013888    0.31817661
    0.17389303    0.00009575    0.20067904    0.26436632    0.00014344    0.31817661
    0.17388088    0.00009728    0.20067904    0.26434785    0.00014574    0.31817661
    0.17386864    0.00009728    0.20067904    0.26432924    0.00014574    0.31817661
    0.17385649    0.00009575    0.20067904    0.26431077    0.00014344    0.31817661
    0.17384463    0.00009270    0.20067904    0.26429274    0.00013888    0.31817661
    0.17383325    0.00008820    0.20067904    0.26427544    0.00013212    0.31817661
    0.17382252    0.00008230    0.20067904    0.26425913    0.00012329    0.31817661
    0.17381262    0.00007510    0.20067904    0.26424407    0.00011251    0.31817661
    0.17380369    0.00006672    0.20067904    0.26423050    0.00009995    0.31817661
    0.17379589    0.00005729    0.20067904    0.26421864    0.00008582    0.31817661
    0.17378933    0.00004695    0.20067904    0.26420866    0.00007033    0.31817661
    0.17378412    0.00003587    0.20067904    0.26420074    0.00005374    0.31817661
    0.17378033    0.00002423    0.20067904    0.26419499    0.00003629    0.31817661
    0.17377804    0.00001220    0.20067904    0.26419150    0.00001828    0.31817661
    0.17377727   -0.00000002    0.20067904    0.26419033   -0.00000003    0.31817661
    0.17377804   -0.00001224    0.20067904    0.26419150   -0.00001833    0.31817661
    0.17378033   -0.00002426    0.20067904    0.26419499   -0.00003635    0.31817661
    0.17378412   -0.00003591    0.20067904    0.26420074   -0.00005379    0.31817661
    0.17378933   -0.00004699    0.20067904    0.26420866   -0.00007039    0.31817661
    0.17379589   -0.00005732    0.20067904    0.26421864   -0.00008587    0.31817661
    0.17380369   -0.00006676    0.20067904    0.26423050   -0.00010001    0.31817661
    0.17381262   -0.00007514    0.20067904    0.26424407   -0.00011256    0.31817661
    0.17382252   -0.00008233    0.20067904    0.26425913   -0.00012334    0.31817661
    0.17383325   -0.00008823    0.20067904    0.26427544   -0.00013218    0.31817661
    0.17384463   -0.00009274    0.20067904    0.26429274   -0.00013893    0.31817661
    0.17385649   -0.00009578    0.20067904    0.26431077   -0.00014349    0.31817661
    0.17386864   -0.00009732    0.20067904    0.26432924   -0.00014579    0.31817661
    0.17388088   -0.00009732    0.20067904    0.26434785   -0.00014579    0.31817661
    0.17389303   -0.00009578    0.20067904    0.26436632   -0.00014349    0.31817661
    0.17390489   -0.00009274    0.20067904    0.26438435   -0.00013893    0.31817661
    0.17391627   -0.00008823    0.20067904    0.26440165   -0.00013218    0.31817661
    0.17392700   -0.00008233    0.20067904    0.26441796   -0.00012334    0.31817661
    0.17393691   -0.00007514    0.20067904    0.26443302   -0.00011256    0.31817661
    0.17394583   -0.00006676    0.20067904    0.26444659   -0.00010001    0.31817661
    0.17395364   -0.00005732    0.20067904    0.26445846   -0.00008587    0.31817661
    0.17396020   -0.00004699    0.20067904    0.26446843   -0.00007039    0.31817661
    0.17396541   -0.00003591    0.20067904    0.26447635   -0.00005379    0.31817661
    0.17396919   -0.00002426    0.20067904    0.26448211   -0.00003635    0.31817661
    0.17397149   -0.00001224    0.20067904    0.26448559   -0.00001833    0.31817661
    0.17397348   -0.00000002    0.20068533    0.26448863   -0.00000003    0.31818658
    0.17397270    0.00001235    0.20068533    0.26448744    0.00001851    0.31818658
    0.17397038    0.00002453    0.20068533    0.26448391    0.00003675    0.31818658
    0.17396655    0.00003632    0.20068533    0.26447809    0.00005441    0.31818658
    0.17396127    0.00004754    0.20068533    0.26447006    0.00007122    0.31818658
    0.17395463    0.00005801    0.20068533    0.26445996    0.00008690    0.31818658
    0.17394672    0.00006756    0.20068533    0.26444795    0.00010121    0.31818658
    0.17393769    0.00007605    0.20068533    0.26443421    0.00011392    0.31818658
    0.17392766    0.00008333    0.20068533    0.26441896    0.00012484    0.31818658
    0.17391679    0.00008931    0.20068533    0.26440245    0.00013378    0.31818658
    0.17390527    0.00009387    0.20068533    0.26438492    0.00014062    0.31818658
    0.17389326    0.00009695    0.20068533    0.26436667    0.00014524    0.31818658
    0.17388096    0.00009851    0.20068533    0.26434797    0.00014757    0.31818658
    0.17386856    0.00009851    0.20068533    0.26432912    0.00014757    0.31818658
    0.17385626    0.00009695    0.20068533    0.26431042    0.00014524    0.31818658
    0.17384426    0.00009387    0.20068533    0.26429217    0.00014062    0.31818658
    0.17383273    0.00008931    0.20068533    0.26427465    0.00013378    0.31818658
    0.17382187    0.00008333    0.20068533    0.26425813    0.00012484    0.31818658
    0.17381184    0.00007605    0.20068533    0.26424288    0.00011392    0.31818658
    0.17380280    0.00006756    0.20068533    0.26422914    0.00010121    0.31818658
    0.17379490    0.00005801    0.20068533    0.26421713    0.00008690    0.31818658
    0.17378825    0.00004754    0.20068533    0.26420703    0.00007122    0.31818658
    0.17378298    0.00003632    0.20068533    0.26419901    0.00005441    0.31818658
    0.17377915    0.00002453    0.20068533    0.26419318    0.00003675    0.31818658
    0.17377682    0.00001235    0.20068533    0.26418965    0.00001851    0.31818658
    0.17377604   -0.00000002    0.20068533    0.26418847   -0.00000003    0.31818658
    0.17377682   -0.00001239    0.20068533    0.26418965   -0.00001856    0.31818658
    0.17377915   -0.00002457    0.20068533    0.26419318   -0.00003680    0.31818658
    0.17378298   -0.00003636    0.20068533    0.26419901   -0.00005447    0.31818658
    0.17378825   -0.00004758    0.20068533    0.26420703   -0.00007127    0.31818658
    0.17379490   -0.00005804    0.20068533    0.26421713   -0.00008695    0.31818658
    0.17380280   -0.00006760    0.20068533    0.26422914   -0.00010126    0.31818658
    0.17381184   -0.00007608    0.20068533    0.26424288   -0.00011398    0.31818658
    0.17382187   -0.00008337    0.20068533    0.26425813   -0.00012489    0.31818658
    0.17383273   -0.00008934    0.20068533    0.26427465   -0.00013384    0.31818658
    0.17384426   -0.00009390    0.20068533    0.26429217   -0.00014067    0.31818658
    0.17385626   -0.00009699    0.20068533    0.26431042   -0.00014529    0.31818658
    0.17386856   -0.00009854    0.20068533    0.26432912   -0.00014762    0.31818658
    0.17388096   -0.00009854    0.20068533    0.26434797   -0.00014762    0.31818658
    0.17389326   -0.00009699    0.20068533    0.26436667   -0.00014529    0.31818658
    0.17390527   -0.00009390    0.20068533    0.26438492   -0.00014067    0.31818658
    0.17391679   -0.00008934    0.20068533    0.26440245   -0.00013384    0.31818658
    0.17392766   -0.00008337    0.20068533    0.26441896   -0.00012489    0.31818658
    0.17393769   -0.00007608    0.20068533    0.26443421   -0.00011398    0.31818658
    0.17394672   -0.00006760    0.20068533    0.26444795   -0.00010126    0.31818658
    0.17395463   -0.00005804    0.20068533    0.26445996   -0.00008695    0.31818658
    0.17396127   -0.00004758    0.20068533    0.26447006   -0.00007127    0.31818658
    0.17396655   -0.00003636    0.20068533    0.26447809   -0.00005447    0.31818658
    0.17397038   -0.00002457    0.20068533    0.26448391   -0.00003680    0.31818658
    0.17397270   -0.00001239    0.20068533    0.26448744   -0.00001856    0.31818658
    0.17397430   -0.00000002    0.20069169    0.26448987   -0.00000003    0.31819666
    0.17397351    0.00001246    0.20069169    0.26448868    0.00001866    0.31819666
    0.17397117    0.00002474    0.20069169    0.26448512    0.00003706    0.31819666
    0.17396731    0.00003662    0.20069169    0.26447924    0.00005487    0.31819666
    0.17396199    0.00004793    0.20069169    0.26447115    0.00007181    0.31819666
    0.17395529    0.00005849    0.20069169    0.26446097    0.00008762    0.31819666
    0.17394732    0.00006812    0.20069169    0.26444886    0.00010205    0.31819666
    0.17393821    0.00007668    0.20069169    0.26443500    0.00011487    0.31819666
    0.17392810    0.00008402    0.20069169    0.26441963    0.00012587    0.31819666
    0.17391714    0.00009005    0.20069169    0.26440298    0.00013490    0.31819666
    0.17390552    0.00009465    0.20069169    0.26438531    0.00014179    0.31819666
    0.17389341    0.00009776    0.20069169    0.26436690    0.00014645    0.31819666
    0.17388101    0.00009932    0.20069169    0.26434805    0.00014879    0.31819666
    0.17386851    0.00009932    0.20069169    0.26432904    0.00014879    0.31819666
    0.17385611    0.00009776    0.20069169    0.26431019    0.00014645    0.31819666
    0.17384400    0.00009465    0.20069169    0.26429178    0.00014179    0.31819666
    0.17383238    0.00009005    0.20069169    0.26427411    0.00013490    0.31819666
    0.17382143    0.00008402    0.20069169    0.26425746    0.00012587    0.31819666
    0.17381131    0.00007668    0.20069169    0.26424209    0.00011487    0.31819666
    0.17380220    0.00006812    0.20069169    0.26422823    0.00010205    0.31819666
    0.17379423    0.00005849    0.20069169    0.26421612    0.00008762    0.31819666
    0.17378754    0.00004793    0.20069169    0.26420594    0.00007181    0.31819666
    0.17378221    0.00003662    0.20069169    0.26419785    0.00005487    0.31819666
    0.17377835    0.00002474    0.20069169    0.26419197    0.00003706    0.31819666
    0.17377601    0.00001246    0.20069169    0.26418841    0.00001866    0.31819666
    0.17377522   -0.00000002    0.20069169    0.26418722   -0.00000003    0.31819666
    0.17377601   -0.00001249    0.20069169    0.26418841   -0.00001872    0.31819666
    0.17377835   -0.00002477    0.20069169    0.26419197   -0.00003711    0.31819666
    0.17378221   -0.00003666    0.20069169    0.26419785   -0.00005492    0.31819666
    0.17378754   -0.00004797    0.20069169    0.26420594   -0.00007186    0.31819666
    0.17379423   -0.00005852    0.20069169    0.26421612   -0.00008767    0.31819666
    0.17380220   -0.00006816    0.20069169    0.26422823   -0.00010210    0.31819666
    0.17381131   -0.00007671    0.20069169    0.26424209   -0.00011492    0.31819666
    0.17382143   -0.00008406    0.20069169    0.26425746   -0.00012593    0.31819666
    0.17383238   -0.00009008    0.20069169    0.26427411   -0.00013495    0.31819666
    0.17384400   -0.00009468    0.20069169    0.26429178   -0.00014184    0.31819666
    0.17385611   -0.00009779    0.20069169    0.26431019   -0.00014650    0.31819666
    0.17386851   -0.00009936    0.20069169    0.26432904   -0.00014885    0.31819666
    0.17388101   -0.00009936    0.20069169    0.26434805   -0.00014885    0.31819666
    0.17389341   -0.00009779    0.20069169    0.26436690   -0.00014650    0.31819666
    0.17390552   -0.00009468    0.20069169    0.26438531   -0.00014184    0.31819666
    0.17391714   -0.00009008    0.20069169    0.26440298   -0.00013495    0.31819666
    0.17392810   -0.00008406    0.20069169    0.26441963   -0.00012593    0.31819666
    0.17393821   -0.00007671    0.20069169    0.26443500   -0.00011492    0.31819666
    0.17394732   -0.00006816    0.20069169    0.26444886   -0.00010210    0.31819666
    0.17395529   -0.00005852    0.20069169    0.26446097   -0.00008767    0.31819666
    0.17396199   -0.00004797    0.20069169    0.26447115   -0.00007186    0.31819666
    0.17396731   -0.00003666    0.20069169    0.26447924   -0.00005492    0.31819666
    0.17397117   -0.00002477    0.20069169    0.26448512   -0.00003711    0.31819666
    0.17397351   -0.00001249    0.20069169    0.26448868   -0.00001872    0.31819666
    0.17397471   -0.00000002    0.20069809    0.26449050   -0.00000003    0.31820681
    0.17397392    0.00001251    0.20069809    0.26448930    0.00001874    0.31820681
    0.17397157    0.00002484    0.20069809    0.26448572    0.00003721    0.31820681
    0.17396769    0.00003678    0.20069809    0.26447983    0.00005509    0.31820681
    0.17396235    0.00004813    0.20069809    0.26447170    0.00007211    0.31820681
    0.17395562    0.00005873    0.20069809    0.26446148    0.00008798    0.31820681
    0.17394762    0.00006840    0.20069809    0.26444931    0.00010247    0.31820681
    0.17393847    0.00007699    0.20069809    0.26443540    0.00011534    0.31820681
    0.17392832    0.00008437    0.20069809    0.26441996    0.00012639    0.31820681
    0.17391732    0.00009042    0.20069809    0.26440324    0.00013545    0.31820681
    0.17390565    0.00009504    0.20069809    0.26438550    0.00014237    0.31820681
    0.17389349    0.00009816    0.20069809    0.26436702    0.00014705    0.31820681
    0.17388104    0.00009973    0.20069809    0.26434809    0.00014941    0.31820681
    0.17386849    0.00009973    0.20069809    0.26432900    0.00014941    0.31820681
    0.17385603    0.00009816    0.20069809    0.26431007    0.00014705    0.31820681
    0.17384388    0.00009504    0.20069809    0.26429159    0.00014237    0.31820681
    0.17383221    0.00009042    0.20069809    0.26427385    0.00013545    0.31820681
    0.17382121    0.00008437    0.20069809    0.26425713    0.00012639    0.31820681
    0.17381105    0.00007699    0.20069809    0.26424169    0.00011534    0.31820681
    0.17380190    0.00006840    0.20069809    0.26422778    0.00010247    0.31820681
    0.17379390    0.00005873    0.20069809    0.26421562    0.00008798    0.31820681
    0.17378718    0.00004813    0.20069809    0.26420539    0.00007211    0.31820681
    0.17378183    0.00003678    0.20069809    0.26419727    0.00005509    0.31820681
    0.17377795    0.00002484    0.20069809    0.26419137    0.00003721    0.31820681
    0.17377560    0.00001251    0.20069809    0.26418779    0.00001874    0.31820681
    0.17377481   -0.00000002    0.20069809    0.26418660   -0.00000003    0.31820681
    0.17377560   -0.00001254    0.20069809    0.26418779   -0.00001879    0.31820681
    0.17377795   -0.00002487    0.20069809    0.26419137   -0.00003726    0.31820681
    0.17378183   -0.00003681    0.20069809    0.26419727   -0.00005515    0.31820681
    0.17378718   -0.00004817    0.20069809    0.26420539   -0.00007216    0.31820681
    0.17379390   -0.00005877    0.20069809    0.26421562   -0.00008804    0.31820681
    0.17380190   -0.00006844    0.20069809    0.26422778   -0.00010252    0.31820681
    0.17381105   -0.00007703    0.20069809    0.26424169   -0.00011540    0.31820681
    0.17382121   -0.00008441    0.20069809    0.26425713   -0.00012645    0.31820681
    0.17383221   -0.00009045    0.20069809    0.26427385   -0.00013551    0.31820681
    0.17384388   -0.00009507    0.20069809    0.26429159   -0.00014243    0.31820681
    0.17385603   -0.00009820    0.20069809    0.26431007   -0.00014710    0.31820681
    0.17386849   -0.00009977    0.20069809    0.26432900   -0.00014946    0.31820681
    0.17388104   -0.00009977    0.20069809    0.26434809   -0.00014946    0.31820681
    0.17389349   -0.00009820    0.20069809    0.26436702   -0.00014710    0.31820681
    0.17390565   -0.00009507    0.20069809    0.26438550   -0.00014243    0.31820681
    0.17391732   -0.00009045    0.20069809    0.26440324   -0.00013551    0.31820681
    0.17392832   -0.00008441    0.20069809    0.26441996   -0.00012645    0.31820681
    0.17393847   -0.00007703    0.20069809    0.26443540   -0.00011540    0.31820681
    0.17394762   -0.00006844    0.20069809    0.26444931   -0.00010252    0.31820681
    0.17395562   -0.00005877    0.20069809    0.26446148   -0.00008804    0.31820681
    0.17396235   -0.00004817    0.20069809    0.26447170   -0.00007216    0.31820681
    0.17396769   -0.00003681    0.20069809    0.26447983   -0.00005515    0.31820681
    0.17397157   -0.00002487    0.20069809    0.26448572   -0.00003726    0.31820681
    0.17397392   -0.00001254    0.20069809    0.26448930   -0.00001879    0.31820681
    0.17397471   -0.00000002    0.20070450    0.26449050   -0.00000003    0.31821697
    0.17397392    0.00001251    0.20070450    0.26448930    0.00001874    0.31821697
    0.17397157    0.00002484    0.20070450    0.26448572    0.00003721    0.31821697
    0.17396769    0.00003678    0.20070450    0.26447983    0.00005509    0.31821697
    0.17396235    0.00004813    0.20070450    0.26447170    0.00007211    0.31821697
    0.17395562    0.00005873    0.20070450    0.26446148    0.00008798    0.31821697
    0.17394762    0.00006840    0.20070450    0.26444931    0.00010247    0.31821697
    0.17393847    0.00007699    0.20070450    0.26443540    0.00011534    0.31821697
    0.17392832    0.00008437    0.20070450    0.26441996    0.00012639    0.31821697
    0.17391732    0.00009042    0.20070450    0.26440324    0.00013545    0.31821697
    0.17390565    0.00009504    0.20070450    0.26438550    0.00014237    0.31821697
    0.17389349    0.00009816    0.20070450    0.26436702    0.00014705    0.31821697
    0.17388104    0.00009973    0.20070450    0.26434809    0.00014941    0.31821697
    0.17386849    0.00009973    0.20070450    0.26432900    0.00014941    0.31821697
    0.17385603    0.00009816    0.20070450    0.26431007    0.00014705    0.31821697
    0.17384388    0.00009504    0.20070450    0.26429159    0.00014237    0.31821697
    0.17383221    0.00009042    0.20070450    0.26427385    0.00013545    0.31821697
    0.17382121    0.00008437    0.20070450    0.26425713    0.00012639    0.31821697
    0.17381105    0.00007699    0.20070450    0.26424169    0.00011534    0.31821697
    0.17380190    0.00006840    0.20070450    0.26422778    0.00010247    0.31821697
    0.17379390    0.00005873    0.20070450    0.26421562    0.00008798    0.31821697
    0.17378718    0.00004813    0.20070450    0.26420539    0.00007211    0.31821697
    0.17378183    0.00003678    0.20070450    0.26419727    0.00005509    0.31821697
    0.17377795    0.00002484    0.20070450    0.26419137    0.00003721    0.31821697
    0.17377560    0.00001251    0.20070450    0.26418779    0.00001874    0.31821697
    0.17377481   -0.00000002    0.20070450    0.26418660   -0.00000003    0.31821697
    0.17377560   -0.00001254    0.20070450    0.26418779   -0.00001879    0.31821697
    0.17377795   -0.00002487    0.20070450    0.26419137   -0.00003726    0.31821697
    0.17378183   -0.00003681    0.20070450    0.26419727   -0.00005515    0.31821697
    0.17378718   -0.00004817    0.20070450    0.26420539   -0.00007216    0.31821697
    0.17379390   -0.00005877    0.20070450    0.26421562   -0.00008804    0.31821697
    0.17380190   -0.00006844    0.20070450    0.26422778   -0.00010252    0.31821697
    0.17381105   -0.00007703    0.20070450    0.26424169   -0.00011540    0.31821697
    0.17382121   -0.00008441    0.20070450    0.26425713   -0.00012645    0.31821697
    0.17383221   -0.00009045    0.20070450    0.26427385   -0.00013551    0.31821697
    0.17384388   -0.00009507    0.20070450    0.26429159   -0.00014243    0.31821697
    0.17385603   -0.00009820    0.20070450    0.26431007   -0.00014710    0.31821697
    0.17386849   -0.00009977    0.20070450    0.26432900   -0.00014946    0.31821697
    0.17388104   -0.00009977    0.20070450    0.26434809   -0.00014946    0.31821697
    0.17389349   -0.00009820    0.20070450    0.26436702   -0.00014710    0.31821697
    0.17390565   -0.00009507    0.20070450    0.26438550   -0.00014243    0.31821697
    0.17391732   -0.00009045    0.20070450    0.26440324   -0.00013551    0.31821697
    0.17392832   -0.00008441    0.20070450    0.26441996   -0.00012645    0.31821697
    0.17393847   -0.00007703    0.20070450    0.26443540   -0.00011540    0.31821697
    0.17394762   -0.00006844    0.20070450    0.26444931   -0.00010252    0.31821697
    0.17395562   -0.00005877    0.20070450    0.26446148   -0.00008804    0.31821697
    0.17396235   -0.00004817    0.20070450    0.26447170   -0.00007216    0.31821697
    0.17396769   -0.00003681    0.20070450    0.26447983   -0.00005515    0.31821697
    0.17397157   -0.00002487    0.20070450    0.26448572   -0.00003726    0.31821697
    0.17397392   -0.00001254    0.20070450    0.26448930   -0.00001879    0.31821697
    0.17397430   -0.00000002    0.20071090    0.26448987   -0.00000003    0.31822711
    0.17397351    0.00001246    0.20071090    0.26448868    0.00001866    0.31822711
    0.17397117    0.00002474    0.20071090    0.26448512    0.00003706    0.31822711
    0.17396731    0.00003662    0.20071090    0.26447924    0.00005487    0.31822711
    0.17396199    0.00004793    0.20071090    0.26447115    0.00007181    0.31822711
    0.17395529    0.00005849    0.20071090    0.26446097    0.00008762    0.31822711
    0.17394732    0.00006812    0.20071090    0.26444886    0.00010205    0.31822711
    0.17393821    0.00007668    0.20071090    0.26443500    0.00011487    0.31822711
    0.17392810    0.00008402    0.20071090    0.26441963    0.00012587    0.31822711
    0.17391714    0.00009005    0.20071090    0.26440298    0.00013490    0.31822711
    0.17390552    0.00009465    0.20071090    0.26438531    0.00014179    0.31822711
    0.17389341    0.00009776    0.20071090    0.26436690    0.00014645    0.31822711
    0.17388101    0.00009932    0.20071090    0.26434805    0.00014879    0.31822711
    0.17386851    0.00009932    0.20071090    0.26432904    0.00014879    0.31822711
    0.17385611    0.00009776    0.20071090    0.26431019    0.00014645    0.31822711
    0.17384400    0.00009465    0.20071090    0.26429178    0.00014179    0.31822711
    0.17383238    0.00009005    0.20071090    0.26427411    0.00013490    0.31822711
    0.17382143    0.00008402    0.20071090    0.26425746    0.00012587    0.31822711
    0.17381131    0.00007668    0.20071090    0.26424209    0.00011487    0.31822711
    0.17380220    0.00006812    0.20071090    0.26422823    0.00010205    0.31822711
    0.17379423    0.00005849    0.20071090    0.26421612    0.00008762    0.31822711
    0.17378754    0.00004793    0.20071090    0.26420594    0.00007181    0.31822711
    0.17378221    0.00003662    0.20071090    0.26419785    0.00005487    0.31822711
    0.17377835    0.00002474    0.20071090    0.26419197    0.00003706    0.31822711
    0.17377601    0.00001246    0.20071090    0.26418841    0.00001866    0.31822711
    0.17377522   -0.00000002    0.20071090    0.26418722   -0.00000003    0.31822711
    0.17377601   -0.00001249    0.20071090    0.26418841   -0.00001872    0.31822711
    0.17377835   -0.00002477    0.20071090    0.26419197   -0.00003711    0.31822711
    0.17378221   -0.00003666    0.20071090    0.26419785   -0.00005492    0.31822711
    0.17378754   -0.00004797    0.20071090    0.26420594   -0.00007186    0.31822711
    0.17379423   -0.00005852    0.20071090    0.26421612   -0.00008767    0.31822711
    0.17380220   -0.00006816    0.20071090    0.26422823   -0.00010210    0.31822711
    0.17381131   -0.00007671    0.20071090    0.26424209   -0.00011492    0.31822711
    0.17382143   -0.00008406    0.20071090    0.26425746   -0.00012593    0.31822711
    0.17383238   -0.00009008    0.20071090    0.26427411   -0.00013495    0.31822711
    0.17384400   -0.00009468    0.20071090    0.26429178   -0.00014184    0.31822711
    0.17385611   -0.00009779    0.20071090    0.26431019   -0.00014650    0.31822711
    0.17386851   -0.00009936    0.20071090    0.26432904   -0.00014885    0.31822711
    0.17388101   -0.00009936    0.20071090    0.26434805   -0.00014885    0.31822711
    0.17389341   -0.00009779    0.20071090    0.26436690   -0.00014650    0.31822711
    0.17390552   -0.00009468    0.20071090    0.26438531   -0.00014184    0.31822711
    0.17391714   -0.00009008    0.20071090    0.26440298   -0.00013495    0.31822711
    0.17392810   -0.00008406    0.20071090    0.26441963   -0.00012593    0.31822711
    0.17393821   -0.00007671    0.20071090    0.26443500   -0.00011492    0.31822711
    0.17394732   -0.00006816    0.20071090    0.26444886   -0.00010210    0.31822711
    0.17395529   -0.00005852    0.20071090    0.26446097   -0.00008767    0.31822711
    0.17396199   -0.00004797    0.20071090    0.26447115   -0.00007186    0.31822711
    0.17396731   -0.00003666    0.20071090    0.26447924   -0.00005492    0.31822711
    0.17397117   -0.00002477    0.20071090    0.26448512   -0.00003711    0.31822711
    0.17397351   -0.00001249    0.20071090    0.26448868   -0.00001872    0.31822711
    0.17397348   -0.00000002    0.20071725    0.26448863   -0.00000003    0.31823719
    0.17397270    0.00001235    0.20071725    0.26448744    0.00001851    0.31823719
    0.17397038    0.00002453    0.20071725    0.26448391    0.00003675    0.31823719
    0.17396655    0.00003632    0.20071725    0.26447809    0.00005441    0.31823719
    0.17396127    0.00004754    0.20071725    0.26447006    0.00007122    0.31823719
    0.17395463    0.00005801    0.20071725    0.26445996    0.00008690    0.31823719
    0.17394672    0.00006756    0.20071725    0.26444795    0.00010121    0.31823719
    0.17393769    0.00007605    0.20071725    0.26443421    0.00011392    0.31823719
    0.17392766    0.00008333    0.20071725    0.26441896    0.00012484    0.31823719
    0.17391679    0.00008931    0.20071725    0.26440245    0.00013378    0.31823719
    0.17390527    0.00009387    0.20071725    0.26438492    0.00014062    0.31823719
    0.17389326    0.00009695    0.20071725    0.26436667    0.00014524    0.31823719
    0.17388096    0.00009851    0.20071725    0.26434797    0.00014757    0.31823719
    0.17386856    0.00009851    0.20071725    0.26432912    0.00014757    0.31823719
    0.17385626    0.00009695    0.20071725    0.26431042    0.00014524    0.31823719
    0.17384426    0.00009387    0.20071725    0.26429217    0.00014062    0.31823719
    0.17383273    0.00008931    0.20071725    0.26427465    0.00013378    0.31823719
    0.17382187    0.00008333    0.20071725    0.26425813    0.00012484    0.31823719
    0.17381184    0.00007605    0.20071725    0.26424288    0.00011392    0.31823719
    0.17380280    0.00006756    0.20071725    0.26422914    0.00010121    0.31823719
    0.17379490    0.00005801    0.20071725    0.26421713    0.00008690    0.31823719
    0.17378825    0.00004754    0.20071725    0.26420703    0.00007122    0.31823719
    0.17378298    0.00003632    0.20071725    0.26419901    0.00005441    0.31823719
    0.17377915    0.00002453    0.20071725    0.26419318    0.00003675    0.31823719
    0.17377682    0.00001235    0.20071725    0.26418965    0.00001851    0.31823719
    0.17377604   -0.00000002    0.20071725    0.26418847   -0.00000003    0.31823719
    0.17377682   -0.00001239    0.20071725    0.26418965   -0.00001856    0.31823719
    0.17377915   -0.00002457    0.20071725    0.26419318   -0.00003680    0.31823719
    0.17378298   -0.00003636    0.20071725    0.26419901   -0.00005447    0.31823719
    0.17378825   -0.00004758    0.20071725    0.26420703   -0.00007127    0.31823719
    0.17379490   -0.00005804    0.20071725    0.26421713   -0.00008695    0.31823719
    0.17380280   -0.00006760    0.20071725    0.26422914   -0.00010126    0.31823719
    0.17381184   -0.00007608    0.20071725    0.26424288   -0.00011398    0.31823719
    0.17382187   -0.00008337    0.20071725    0.26425813   -0.00012489    0.31823719
    0.17383273   -0.00008934    0.20071725    0.26427465   -0.00013384    0.31823719
    0.17384426   -0.00009390    0.20071725    0.26429217   -0.00014067    0.31823719
    0.17385626   -0.00009699    0.20071725    0.26431042   -0.00014529    0.31823719
    0.17386856   -0.00009854    0.20071725    0.26432912   -0.00014762    0.31823719
    0.17388096   -0.00009854    0.20071725    0.26434797   -0.00014762    0.31823719
    0.17389326   -0.00009699    0.20071725    0.26436667   -0.00014529    0.31823719
    0.17390527   -0.00009390    0.20071725    0.26438492   -0.00014067    0.31823719
    0.17391679   -0.00008934    0.20071725    0.26440245   -0.00013384    0.31823719
    0.17392766   -0.00008337    0.20071725    0.26441896   -0.00012489    0.31823719
    0.17393769   -0.00007608    0.20071725    0.26443421   -0.00011398    0.31823719
    0.17394672   -0.00006760    0.20071725    0.26444795   -0.00010126    0.31823719
    0.17395463   -0.00005804    0.20071725    0.26445996   -0.00008695    0.31823719
    0.17396127   -0.00004758    0.20071725    0.26447006   -0.00007127    0.31823719
    0.17396655   -0.00003636    0.20071725    0.26447809   -0.00005447    0.31823719
    0.17397038   -0.00002457    0.20071725    0.26448391   -0.00003680    0.31823719
    0.17397270   -0.00001239    0.20071725    0.26448744   -0.00001856    0.31823719
    0.17397225   -0.00000002    0.20072355    0.26448676   -0.00000003    0.31824717
    0.17397149    0.00001220    0.20072355    0.26448559    0.00001828    0.31824717
    0.17396919    0.00002423    0.20072355    0.26448211    0.00003629    0.31824717
    0.17396541    0.00003587    0.20072355    0.26447635    0.00005374    0.31824717
    0.17396020    0.00004695    0.20072355    0.26446843    0.00007033    0.31824717
    0.17395364    0.00005729    0.20072355    0.26445846    0.00008582    0.31824717
    0.17394583    0.00006672    0.20072355    0.26444659    0.00009995    0.31824717
    0.17393691    0.00007510    0.20072355    0.26443302    0.00011251    0.31824717
    0.17392700    0.00008230    0.20072355    0.26441796    0.00012329    0.31824717
    0.17391627    0.00008820    0.20072355    0.26440165    0.00013212    0.31824717
    0.17390489    0.00009270    0.20072355    0.26438435    0.00013888    0.31824717
    0.17389303    0.00009575    0.20072355    0.26436632    0.00014344    0.31824717
    0.17388088    0.00009728    0.20072355    0.26434785    0.00014574    0.31824717
    0.17386864    0.00009728    0.20072355    0.26432924    0.00014574    0.31824717
    0.17385649    0.00009575    0.20072355    0.26431077    0.00014344    0.31824717
    0.17384463    0.00009270    0.20072355    0.26429274    0.00013888    0.31824717
    0.17383325    0.00008820    0.20072355    0.26427544    0.00013212    0.31824717
    0.17382252    0.00008230    0.20072355    0.26425913    0.00012329    0.31824717
    0.17381262    0.00007510    0.20072355    0.26424407    0.00011251    0.31824717
    0.17380369    0.00006672    0.20072355    0.26423050    0.00009995    0.31824717
    0.17379589    0.00005729    0.20072355    0.26421864    0.00008582    0.31824717
    0.17378933    0.00004695    0.20072355    0.26420866    0.00007033    0.31824717
    0.17378412    0.00003587    0.20072355    0.26420074    0.00005374    0.31824717
    0.17378033    0.00002423    0.20072355    0.26419499    0.00003629    0.31824717
    0.17377804    0.00001220    0.20072355    0.26419150    0.00001828    0.31824717
    0.17377727   -0.00000002    0.20072355    0.26419033   -0.00000003    0.31824717
    0.17377804   -0.00001224    0.20072355    0.26419150   -0.00001833    0.31824717
    0.17378033   -0.00002426    0.20072355    0.26419499   -0.00003635    0.31824717
    0.17378412   -0.00003591    0.20072355    0.26420074   -0.00005379    0.31824717
    0.17378933   -0.00004699    0.20072355    0.26420866   -0.00007039    0.31824717
    0.17379589   -0.00005732    0.20072355    0.26421864   -0.00008587    0.31824717
    0.17380369   -0.00006676    0.20072355    0.26423050   -0.00010001    0.31824717
    0.17381262   -0.00007514    0.20072355    0.26424407   -0.00011256    0.31824717
    0.17382252   -0.00008233    0.20072355    0.26425913   -0.00012334    0.31824717
    0.17383325   -0.00008823    0.20072355    0.26427544   -0.00013218    0.31824717
    0.17384463   -0.00009274    0.20072355    0.26429274   -0.00013893    0.31824717
    0.17385649   -0.00009578    0.20072355    0.26431077   -0.00014349    0.31824717
    0.17386864   -0.00009732    0.20072355    0.26432924   -0.00014579    0.31824717
    0.17388088   -0.00009732    0.20072355    0.26434785   -0.00014579    0.31824717
    0.17389303   -0.00009578    0.20072355    0.26436632   -0.00014349    0.31824717
    0.17390489   -0.00009274    0.20072355    0.26438435   -0.00013893    0.31824717
    0.17391627   -0.00008823    0.20072355    0.26440165   -0.00013218    0.31824717
    0.17392700   -0.00008233    0.20072355    0.26441796   -0.00012334    0.31824717
    0.17393691   -0.00007514    0.20072355    0.26443302   -0.00011256    0.31824717
    0.17394583   -0.00006676    0.20072355    0.26444659   -0.00010001    0.31824717
    0.17395364   -0.00005732    0.20072355    0.26445846   -0.00008587    0.31824717
    0.17396020   -0.00004699    0.20072355    0.26446843   -0.00007039    0.31824717
    0.17396541   -0.00003591    0.20072355    0.26447635   -0.00005379    0.31824717
    0.17396919   -0.00002426    0.20072355    0.26448211   -0.00003635    0.31824717
    0.17397149   -0.00001224    0.20072355    0.26448559   -0.00001833    0.31824717
    0.17397063   -0.00000002    0.20072975    0.26448429   -0.00000003    0.31825700
    0.17396987    0.00001200    0.20072975    0.26448314    0.00001797    0.31825700
    0.17396762    0.00002382    0.20072975    0.26447971    0.00003569    0.31825700
    0.17396390    0.00003527    0.20072975    0.26447406    0.00005284    0.31825700
    0.17395877    0.00004617    0.20072975    0.26446626    0.00006916    0.31825700
    0.17395232    0.00005633    0.20072975    0.26445646    0.00008439    0.31825700
    0.17394465    0.00006561    0.20072975    0.26444479    0.00009828    0.31825700
    0.17393587    0.00007385    0.20072975    0.26443145    0.00011063    0.31825700
    0.17392613    0.00008093    0.20072975    0.26441664    0.00012123    0.31825700
    0.17391558    0.00008673    0.20072975    0.26440060    0.00012992    0.31825700
    0.17390439    0.00009116    0.20072975    0.26438358    0.00013656    0.31825700
    0.17389273    0.00009415    0.20072975    0.26436586    0.00014104    0.31825700
    0.17388078    0.00009566    0.20072975    0.26434770    0.00014330    0.31825700
    0.17386874    0.00009566    0.20072975    0.26432939    0.00014330    0.31825700
    0.17385680    0.00009415    0.20072975    0.26431124    0.00014104    0.31825700
    0.17384514    0.00009116    0.20072975    0.26429351    0.00013656    0.31825700
    0.17383394    0.00008673    0.20072975    0.26427649    0.00012992    0.31825700
    0.17382339    0.00008093    0.20072975    0.26426045    0.00012123    0.31825700
    0.17381365    0.00007385    0.20072975    0.26424564    0.00011063    0.31825700
    0.17380488    0.00006561    0.20072975    0.26423230    0.00009828    0.31825700
    0.17379720    0.00005633    0.20072975    0.26422064    0.00008439    0.31825700
    0.17379075    0.00004617    0.20072975    0.26421083    0.00006916    0.31825700
    0.17378563    0.00003527    0.20072975    0.26420304    0.00005284    0.31825700
    0.17378191    0.00002382    0.20072975    0.26419738    0.00003569    0.31825700
    0.17377965    0.00001200    0.20072975    0.26419395    0.00001797    0.31825700
    0.17377889   -0.00000002    0.20072975    0.26419280   -0.00000003    0.31825700
    0.17377965   -0.00001203    0.20072975    0.26419395   -0.00001803    0.31825700
    0.17378191   -0.00002386    0.20072975    0.26419738   -0.00003574    0.31825700
    0.17378563   -0.00003531    0.20072975    0.26420304   -0.00005289    0.31825700
    0.17379075   -0.00004620    0.20072975    0.26421083   -0.00006921    0.31825700
    0.17379720   -0.00005637    0.20072975    0.26422064   -0.00008444    0.31825700
    0.17380488   -0.00006564    0.20072975    0.26423230   -0.00009834    0.31825700
    0.17381365   -0.00007388    0.20072975    0.26424564   -0.00011068    0.31825700
    0.17382339   -0.00008096    0.20072975    0.26426045   -0.00012128    0.31825700
    0.17383394   -0.00008676    0.20072975    0.26427649   -0.00012997    0.31825700
    0.17384514   -0.00009119    0.20072975    0.26429351   -0.00013661    0.31825700
    0.17385680   -0.00009419    0.20072975    0.26431124   -0.00014110    0.31825700
    0.17386874   -0.00009570    0.20072975    0.26432939   -0.00014336    0.31825700
    0.17388078   -0.00009570    0.20072975    0.26434770   -0.00014336    0.31825700
    0.17389273   -0.00009419    0.20072975    0.26436586   -0.00014110    0.31825700
    0.17390439   -0.00009119    0.20072975    0.26438358   -0.00013661    0.31825700
    0.17391558   -0.00008676    0.20072975    0.26440060   -0.00012997    0.31825700
    0.17392613   -0.00008096    0.20072975    0.26441664   -0.00012128    0.31825700
    0.17393587   -0.00007388    0.20072975    0.26443145   -0.00011068    0.31825700
    0.17394465   -0.00006564    0.20072975    0.26444479   -0.00009834    0.31825700
    0.17395232   -0.00005637    0.20072975    0.26445646   -0.00008444    0.31825700
    0.17395877   -0.00004620    0.20072975    0.26446626   -0.00006921    0.31825700
    0.17396390   -0.00003531    0.20072975    0.26447406   -0.00005289    0.31825700
    0.17396762   -0.00002386    0.20072975    0.26447971   -0.00003574    0.31825700
    0.17396987   -0.00001203    0.20072975    0.26448314   -0.00001803    0.31825700
    0.17396861   -0.00000002    0.20073583    0.26448122   -0.00000003    0.31826664
    0.17396787    0.00001174    0.20073583    0.26448009    0.00001759    0.31826664
    0.17396566    0.00002332    0.20073583    0.26447674    0.00003494    0.31826664
    0.17396202    0.00003453    0.20073583    0.26447120    0.00005173    0.31826664
    0.17395700    0.00004519    0.20073583    0.26446357    0.00006770    0.31826664
    0.17395069    0.00005514    0.20073583    0.26445397    0.00008261    0.31826664
    0.17394317    0.00006422    0.20073583    0.26444255    0.00009621    0.31826664
    0.17393458    0.00007229    0.20073583    0.26442949    0.00010830    0.31826664
    0.17392505    0.00007922    0.20073583    0.26441499    0.00011868    0.31826664
    0.17391472    0.00008490    0.20073583    0.26439929    0.00012718    0.31826664
    0.17390376    0.00008924    0.20073583    0.26438263    0.00013368    0.31826664
    0.17389235    0.00009217    0.20073583    0.26436528    0.00013807    0.31826664
    0.17388065    0.00009364    0.20073583    0.26434750    0.00014028    0.31826664
    0.17386887    0.00009364    0.20073583    0.26432959    0.00014028    0.31826664
    0.17385718    0.00009217    0.20073583    0.26431181    0.00013807    0.31826664
    0.17384576    0.00008924    0.20073583    0.26429446    0.00013368    0.31826664
    0.17383480    0.00008490    0.20073583    0.26427780    0.00012718    0.31826664
    0.17382448    0.00007922    0.20073583    0.26426210    0.00011868    0.31826664
    0.17381494    0.00007229    0.20073583    0.26424760    0.00010830    0.31826664
    0.17380635    0.00006422    0.20073583    0.26423454    0.00009621    0.31826664
    0.17379884    0.00005514    0.20073583    0.26422312    0.00008261    0.31826664
    0.17379252    0.00004519    0.20073583    0.26421352    0.00006770    0.31826664
    0.17378751    0.00003453    0.20073583    0.26420589    0.00005173    0.31826664
    0.17378386    0.00002332    0.20073583    0.26420035    0.00003494    0.31826664
    0.17378165    0.00001174    0.20073583    0.26419700    0.00001759    0.31826664
    0.17378091   -0.00000002    0.20073583    0.26419587   -0.00000003    0.31826664
    0.17378165   -0.00001178    0.20073583    0.26419700   -0.00001765    0.31826664
    0.17378386   -0.00002336    0.20073583    0.26420035   -0.00003499    0.31826664
    0.17378751   -0.00003457    0.20073583    0.26420589   -0.00005178    0.31826664
    0.17379252   -0.00004523    0.20073583    0.26421352   -0.00006776    0.31826664
    0.17379884   -0.00005518    0.20073583    0.26422312   -0.00008266    0.31826664
    0.17380635   -0.00006426    0.20073583    0.26423454   -0.00009627    0.31826664
    0.17381494   -0.00007233    0.20073583    0.26424760   -0.00010835    0.31826664
    0.17382448   -0.00007926    0.20073583    0.26426210   -0.00011873    0.31826664
    0.17383480   -0.00008493    0.20073583    0.26427780   -0.00012724    0.31826664
    0.17384576   -0.00008927    0.20073583    0.26429446   -0.00013373    0.31826664
    0.17385718   -0.00009220    0.20073583    0.26431181   -0.00013813    0.31826664
    0.17386887   -0.00009368    0.20073583    0.26432959   -0.00014034    0.31826664
    0.17388065   -0.00009368    0.20073583    0.26434750   -0.00014034    0.31826664
    0.17389235   -0.00009220    0.20073583    0.26436528   -0.00013813    0.31826664
    0.17390376   -0.00008927    0.20073583    0.26438263   -0.00013373    0.31826664
    0.17391472   -0.00008493    0.20073583    0.26439929   -0.00012724    0.31826664
    0.17392505   -0.00007926    0.20073583    0.26441499   -0.00011873    0.31826664
    0.17393458   -0.00007233    0.20073583    0.26442949   -0.00010835    0.31826664
    0.17394317   -0.00006426    0.20073583    0.26444255   -0.00009627    0.31826664
    0.17395069   -0.00005518    0.20073583    0.26445397   -0.00008266    0.31826664
    0.17395700   -0.00004523    0.20073583    0.26446357   -0.00006776    0.31826664
    0.17396202   -0.00003457    0.20073583    0.26447120   -0.00005178    0.31826664
    0.17396566   -0.00002336    0.20073583    0.26447674   -0.00003499    0.31826664
    0.17396787   -0.00001178    0.20073583    0.26448009   -0.00001765    0.31826664
    0.17396620   -0.00000002    0.20074177    0.26447756   -0.00000003    0.31827607
    0.17396548    0.00001144    0.20074177    0.26447647    0.00001714    0.31827607
    0.17396333    0.00002272    0.20074177    0.26447319    0.00003404    0.31827607
    0.17395978    0.00003364    0.20074177    0.26446780    0.00005040    0.31827607
    0.17395489    0.00004403    0.20074177    0.26446037    0.00006597    0.31827607
    0.17394874    0.00005373    0.20074177    0.26445101    0.00008049    0.31827607
    0.17394142    0.00006258    0.20074177    0.26443988    0.00009375    0.31827607
    0.17393305    0.00007044    0.20074177    0.26442716    0.00010552    0.31827607
    0.17392376    0.00007719    0.20074177    0.26441303    0.00011563    0.31827607
    0.17391370    0.00008272    0.20074177    0.26439774    0.00012392    0.31827607
    0.17390302    0.00008695    0.20074177    0.26438150    0.00013025    0.31827607
    0.17389190    0.00008980    0.20074177    0.26436459    0.00013453    0.31827607
    0.17388050    0.00009124    0.20074177    0.26434727    0.00013669    0.31827607
    0.17386902    0.00009124    0.20074177    0.26432982    0.00013669    0.31827607
    0.17385763    0.00008980    0.20074177    0.26431250    0.00013453    0.31827607
    0.17384650    0.00008695    0.20074177    0.26429559    0.00013025    0.31827607
    0.17383583    0.00008272    0.20074177    0.26427936    0.00012392    0.31827607
    0.17382577    0.00007719    0.20074177    0.26426406    0.00011563    0.31827607
    0.17381647    0.00007044    0.20074177    0.26424993    0.00010552    0.31827607
    0.17380810    0.00006258    0.20074177    0.26423721    0.00009375    0.31827607
    0.17380078    0.00005373    0.20074177    0.26422608    0.00008049    0.31827607
    0.17379463    0.00004403    0.20074177    0.26421672    0.00006597    0.31827607
    0.17378974    0.00003364    0.20074177    0.26420929    0.00005040    0.31827607
    0.17378619    0.00002272    0.20074177    0.26420390    0.00003404    0.31827607
    0.17378404    0.00001144    0.20074177    0.26420063    0.00001714    0.31827607
    0.17378332   -0.00000002    0.20074177    0.26419953   -0.00000003    0.31827607
    0.17378404   -0.00001148    0.20074177    0.26420063   -0.00001720    0.31827607
    0.17378619   -0.00002276    0.20074177    0.26420390   -0.00003409    0.31827607
    0.17378974   -0.00003368    0.20074177    0.26420929   -0.00005045    0.31827607
    0.17379463   -0.00004407    0.20074177    0.26421672   -0.00006602    0.31827607
    0.17380078   -0.00005377    0.20074177    0.26422608   -0.00008054    0.31827607
    0.17380810   -0.00006261    0.20074177    0.26423721   -0.00009380    0.31827607
    0.17381647   -0.00007047    0.20074177    0.26424993   -0.00010558    0.31827607
    0.17382577   -0.00007722    0.20074177    0.26426406   -0.00011569    0.31827607
    0.17383583   -0.00008276    0.20074177    0.26427936   -0.00012397    0.31827607
    0.17384650   -0.00008698    0.20074177    0.26429559   -0.00013031    0.31827607
    0.17385763   -0.00008984    0.20074177    0.26431250   -0.00013459    0.31827607
    0.17386902   -0.00009128    0.20074177    0.26432982   -0.00013674    0.31827607
    0.17388050   -0.00009128    0.20074177    0.26434727   -0.00013674    0.31827607
    0.17389190   -0.00008984    0.20074177    0.26436459   -0.00013459    0.31827607
    0.17390302   -0.00008698    0.20074177    0.26438150   -0.00013031    0.31827607
    0.17391370   -0.00008276    0.20074177    0.26439774   -0.00012397    0.31827607
    0.17392376   -0.00007722    0.20074177    0.26441303   -0.00011569    0.31827607
    0.17393305   -0.00007047    0.20074177    0.26442716   -0.00010558    0.31827607
    0.17394142   -0.00006261    0.20074177    0.26443988   -0.00009380    0.31827607
    0.17394874   -0.00005377    0.20074177    0.26445101   -0.00008054    0.31827607
    0.17395489   -0.00004407    0.20074177    0.26446037   -0.00006602    0.31827607
    0.17395978   -0.00003368    0.20074177    0.26446780   -0.00005045    0.31827607
    0.17396333   -0.00002276    0.20074177    0.26447319   -0.00003409    0.31827607
    0.17396548   -0.00001148    0.20074177    0.26447647   -0.00001720    0.31827607
    0.17396342   -0.00000002    0.20074755    0.26447333   -0.00000003    0.31828522
    0.17396272    0.00001109    0.20074755    0.26447227    0.00001662    0.31828522
    0.17396064    0.00002203    0.20074755    0.26446910    0.00003300    0.31828522
    0.17395720    0.00003262    0.20074755    0.26446387    0.00004887    0.31828522
    0.17395246    0.00004269    0.20074755    0.26445666    0.00006396    0.31828522
    0.17394649    0.00005210    0.20074755    0.26444759    0.00007804    0.31828522
    0.17393939    0.00006067    0.20074755    0.26443680    0.00009089    0.31828522
    0.17393128    0.00006830    0.20074755    0.26442446    0.00010231    0.31828522
    0.17392227    0.00007484    0.20074755    0.26441077    0.00011212    0.31828522
    0.17391251    0.00008020    0.20074755    0.26439594    0.00012015    0.31828522
    0.17390216    0.00008430    0.20074755    0.26438020    0.00012629    0.31828522
    0.17389137    0.00008707    0.20074755    0.26436380    0.00013044    0.31828522
    0.17388033    0.00008847    0.20074755    0.26434701    0.00013253    0.31828522
    0.17386919    0.00008847    0.20074755    0.26433008    0.00013253    0.31828522
    0.17385815    0.00008707    0.20074755    0.26431329    0.00013044    0.31828522
    0.17384736    0.00008430    0.20074755    0.26429689    0.00012629    0.31828522
    0.17383701    0.00008020    0.20074755    0.26428116    0.00012015    0.31828522
    0.17382726    0.00007484    0.20074755    0.26426632    0.00011212    0.31828522
    0.17381825    0.00006830    0.20074755    0.26425263    0.00010231    0.31828522
    0.17381013    0.00006067    0.20074755    0.26424029    0.00009089    0.31828522
    0.17380303    0.00005210    0.20074755    0.26422950    0.00007804    0.31828522
    0.17379707    0.00004269    0.20074755    0.26422043    0.00006396    0.31828522
    0.17379233    0.00003262    0.20074755    0.26421322    0.00004887    0.31828522
    0.17378889    0.00002203    0.20074755    0.26420799    0.00003300    0.31828522
    0.17378680    0.00001109    0.20074755    0.26420482    0.00001662    0.31828522
    0.17378610   -0.00000002    0.20074755    0.26420376   -0.00000003    0.31828522
    0.17378680   -0.00001113    0.20074755    0.26420482   -0.00001667    0.31828522
    0.17378889   -0.00002207    0.20074755    0.26420799   -0.00003306    0.31828522
    0.17379233   -0.00003266    0.20074755    0.26421322   -0.00004892    0.31828522
    0.17379707   -0.00004273    0.20074755    0.26422043   -0.00006401    0.31828522
    0.17380303   -0.00005213    0.20074755    0.26422950   -0.00007810    0.31828522
    0.17381013   -0.00006071    0.20074755    0.26424029   -0.00009095    0.31828522
    0.17381825   -0.00006833    0.20074755    0.26425263   -0.00010237    0.31828522
    0.17382726   -0.00007488    0.20074755    0.26426632   -0.00011217    0.31828522
    0.17383701   -0.00008024    0.20074755    0.26428116   -0.00012020    0.31828522
    0.17384736   -0.00008434    0.20074755    0.26429689   -0.00012634    0.31828522
    0.17385815   -0.00008711    0.20074755    0.26431329   -0.00013049    0.31828522
    0.17386919   -0.00008850    0.20074755    0.26433008   -0.00013258    0.31828522
    0.17388033   -0.00008850    0.20074755    0.26434701   -0.00013258    0.31828522
    0.17389137   -0.00008711    0.20074755    0.26436380   -0.00013049    0.31828522
    0.17390216   -0.00008434    0.20074755    0.26438020   -0.00012634    0.31828522
    0.17391251   -0.00008024    0.20074755    0.26439594   -0.00012020    0.31828522
    0.17392227   -0.00007488    0.20074755    0.26441077   -0.00011217    0.31828522
    0.17393128   -0.00006833    0.20074755    0.26442446   -0.00010237    0.31828522
    0.17393939   -0.00006071    0.20074755    0.26443680   -0.00009095    0.31828522
    0.17394649   -0.00005213    0.20074755    0.26444759   -0.00007810    0.31828522
    0.17395246   -0.00004273    0.20074755    0.26445666   -0.00006401    0.31828522
    0.17395720   -0.00003266    0.20074755    0.26446387   -0.00004892    0.31828522
    0.17396064   -0.00002207    0.20074755    0.26446910   -0.00003306    0.31828522
    0.17396272   -0.00001113    0.20074755    0.26447227   -0.00001667    0.31828522
    0.17396028   -0.00000002    0.20075313    0.26446855   -0.00000003    0.31829408
    0.17395960    0.00001070    0.20075313    0.26446753    0.00001603    0.31829408
    0.17395759    0.00002125    0.20075313    0.26446447    0.00003183    0.31829408
    0.17395427    0.00003146    0.20075313    0.26445942    0.00004713    0.31829408
    0.17394970    0.00004118    0.20075313    0.26445247    0.00006169    0.31829408
    0.17394394    0.00005025    0.20075313    0.26444372    0.00007527    0.31829408
    0.17393710    0.00005852    0.20075313    0.26443332    0.00008767    0.31829408
    0.17392927    0.00006587    0.20075313    0.26442141    0.00009868    0.31829408
    0.17392058    0.00007218    0.20075313    0.26440821    0.00010814    0.31829408
    0.17391117    0.00007736    0.20075313    0.26439390    0.00011589    0.31829408
    0.17390119    0.00008131    0.20075313    0.26437872    0.00012181    0.31829408
    0.17389079    0.00008398    0.20075313    0.26436291    0.00012581    0.31829408
    0.17388013    0.00008533    0.20075313    0.26434671    0.00012783    0.31829408
    0.17386939    0.00008533    0.20075313    0.26433038    0.00012783    0.31829408
    0.17385874    0.00008398    0.20075313    0.26431419    0.00012581    0.31829408
    0.17384834    0.00008131    0.20075313    0.26429837    0.00012181    0.31829408
    0.17383835    0.00007736    0.20075313    0.26428319    0.00011589    0.31829408
    0.17382894    0.00007218    0.20075313    0.26426889    0.00010814    0.31829408
    0.17382025    0.00006587    0.20075313    0.26425568    0.00009868    0.31829408
    0.17381242    0.00005852    0.20075313    0.26424378    0.00008767    0.31829408
    0.17380558    0.00005025    0.20075313    0.26423337    0.00007527    0.31829408
    0.17379983    0.00004118    0.20075313    0.26422462    0.00006169    0.31829408
    0.17379525    0.00003146    0.20075313    0.26421767    0.00004713    0.31829408
    0.17379193    0.00002125    0.20075313    0.26421262    0.00003183    0.31829408
    0.17378992    0.00001070    0.20075313    0.26420957    0.00001603    0.31829408
    0.17378925   -0.00000002    0.20075313    0.26420854   -0.00000003    0.31829408
    0.17378992   -0.00001074    0.20075313    0.26420957   -0.00001608    0.31829408
    0.17379193   -0.00002128    0.20075313    0.26421262   -0.00003189    0.31829408
    0.17379525   -0.00003150    0.20075313    0.26421767   -0.00004719    0.31829408
    0.17379983   -0.00004121    0.20075313    0.26422462   -0.00006174    0.31829408
    0.17380558   -0.00005028    0.20075313    0.26423337   -0.00007533    0.31829408
    0.17381242   -0.00005856    0.20075313    0.26424378   -0.00008772    0.31829408
    0.17382025   -0.00006591    0.20075313    0.26425568   -0.00009873    0.31829408
    0.17382894   -0.00007222    0.20075313    0.26426889   -0.00010819    0.31829408
    0.17383835   -0.00007739    0.20075313    0.26428319   -0.00011594    0.31829408
    0.17384834   -0.00008135    0.20075313    0.26429837   -0.00012186    0.31829408
    0.17385874   -0.00008402    0.20075313    0.26431419   -0.00012586    0.31829408
    0.17386939   -0.00008536    0.20075313    0.26433038   -0.00012788    0.31829408
    0.17388013   -0.00008536    0.20075313    0.26434671   -0.00012788    0.31829408
    0.17389079   -0.00008402    0.20075313    0.26436291   -0.00012586    0.31829408
    0.17390119   -0.00008135    0.20075313    0.26437872   -0.00012186    0.31829408
    0.17391117   -0.00007739    0.20075313    0.26439390   -0.00011594    0.31829408
    0.17392058   -0.00007222    0.20075313    0.26440821   -0.00010819    0.31829408
    0.17392927   -0.00006591    0.20075313    0.26442141   -0.00009873    0.31829408
    0.17393710   -0.00005856    0.20075313    0.26443332   -0.00008772    0.31829408
    0.17394394   -0.00005028    0.20075313    0.26444372   -0.00007533    0.31829408
    0.17394970   -0.00004121    0.20075313    0.26445247   -0.00006174    0.31829408
    0.17395427   -0.00003150    0.20075313    0.26445942   -0.00004719    0.31829408
    0.17395759   -0.00002128    0.20075313    0.26446447   -0.00003189    0.31829408
    0.17395960   -0.00001074    0.20075313    0.26446753   -0.00001608    0.31829408
    0.17395678   -0.00000002    0.20075851    0.26446324   -0.00000003    0.31830260
    0.17395613    0.00001026    0.20075851    0.26446225    0.00001537    0.31830260
    0.17395420    0.00002038    0.20075851    0.26445932    0.00003053    0.31830260
    0.17395102    0.00003017    0.20075851    0.26445448    0.00004520    0.31830260
    0.17394663    0.00003949    0.20075851    0.26444781    0.00005917    0.31830260
    0.17394112    0.00004819    0.20075851    0.26443942    0.00007219    0.31830260
    0.17393455    0.00005613    0.20075851    0.26442944    0.00008408    0.31830260
    0.17392704    0.00006318    0.20075851    0.26441803    0.00009464    0.31830260
    0.17391871    0.00006923    0.20075851    0.26440536    0.00010371    0.31830260
    0.17390968    0.00007419    0.20075851    0.26439164    0.00011115    0.31830260
    0.17390011    0.00007799    0.20075851    0.26437708    0.00011683    0.31830260
    0.17389013    0.00008055    0.20075851    0.26436191    0.00012066    0.31830260
    0.17387991    0.00008184    0.20075851    0.26434638    0.00012260    0.31830260
    0.17386961    0.00008184    0.20075851    0.26433072    0.00012260    0.31830260
    0.17385939    0.00008055    0.20075851    0.26431518    0.00012066    0.31830260
    0.17384942    0.00007799    0.20075851    0.26430001    0.00011683    0.31830260
    0.17383984    0.00007419    0.20075851    0.26428546    0.00011115    0.31830260
    0.17383081    0.00006923    0.20075851    0.26427173    0.00010371    0.31830260
    0.17382248    0.00006318    0.20075851    0.26425907    0.00009464    0.31830260
    0.17381497    0.00005613    0.20075851    0.26424765    0.00008408    0.31830260
    0.17380841    0.00004819    0.20075851    0.26423767    0.00007219    0.31830260
    0.17380289    0.00003949    0.20075851    0.26422928    0.00005917    0.31830260
    0.17379850    0.00003017    0.20075851    0.26422261    0.00004520    0.31830260
    0.17379532    0.00002038    0.20075851    0.26421777    0.00003053    0.31830260
    0.17379339    0.00001026    0.20075851    0.26421484    0.00001537    0.31830260
    0.17379274   -0.00000002    0.20075851    0.26421386   -0.00000003    0.31830260
    0.17379339   -0.00001030    0.20075851    0.26421484   -0.00001543    0.31830260
    0.17379532   -0.00002041    0.20075851    0.26421777   -0.00003058    0.31830260
    0.17379850   -0.00003021    0.20075851    0.26422261   -0.00004526    0.31830260
    0.17380289   -0.00003953    0.20075851    0.26422928   -0.00005922    0.31830260
    0.17380841   -0.00004823    0.20075851    0.26423767   -0.00007225    0.31830260
    0.17381497   -0.00005616    0.20075851    0.26424765   -0.00008414    0.31830260
    0.17382248   -0.00006321    0.20075851    0.26425907   -0.00009470    0.31830260
    0.17383081   -0.00006927    0.20075851    0.26427173   -0.00010377    0.31830260
    0.17383984   -0.00007423    0.20075851    0.26428546   -0.00011120    0.31830260
    0.17384942   -0.00007802    0.20075851    0.26430001   -0.00011688    0.31830260
    0.17385939   -0.00008058    0.20075851    0.26431518   -0.00012072    0.31830260
    0.17386961   -0.00008187    0.20075851    0.26433072   -0.00012265    0.31830260
    0.17387991   -0.00008187    0.20075851    0.26434638   -0.00012265    0.31830260
    0.17389013   -0.00008058    0.20075851    0.26436191   -0.00012072    0.31830260
    0.17390011   -0.00007802    0.20075851    0.26437708   -0.00011688    0.31830260
    0.17390968   -0.00007423    0.20075851    0.26439164   -0.00011120    0.31830260
    0.17391871   -0.00006927    0.20075851    0.26440536   -0.00010377    0.31830260
    0.17392704   -0.00006321    0.20075851    0.26441803   -0.00009470    0.31830260
    0.17393455   -0.00005616    0.20075851    0.26442944   -0.00008414    0.31830260
    0.17394112   -0.00004823    0.20075851    0.26443942   -0.00007225    0.31830260
    0.17394663   -0.00003953    0.20075851    0.26444781   -0.00005922    0.31830260
    0.17395102   -0.00003021    0.20075851    0.26445448   -0.00004526    0.31830260
    0.17395420   -0.00002041    0.20075851    0.26445932   -0.00003058    0.31830260
    0.17395613   -0.00001030    0.20075851    0.26446225   -0.00001543    0.31830260
    0.17395294   -0.00000002    0.20076364    0.26445741   -0.00000003    0.31831074
    0.17395233    0.00000978    0.20076364    0.26445647    0.00001465    0.31831074
    0.17395049    0.00001943    0.20076364    0.26445367    0.00002910    0.31831074
    0.17394745    0.00002876    0.20076364    0.26444906    0.00004309    0.31831074
    0.17394327    0.00003765    0.20076364    0.26444270    0.00005640    0.31831074
    0.17393801    0.00004594    0.20076364    0.26443471    0.00006882    0.31831074
    0.17393175    0.00005350    0.20076364    0.26442519    0.00008015    0.31831074
    0.17392460    0.00006022    0.20076364    0.26441431    0.00009022    0.31831074
    0.17391665    0.00006599    0.20076364    0.26440223    0.00009886    0.31831074
    0.17390805    0.00007072    0.20076364    0.26438915    0.00010595    0.31831074
    0.17389892    0.00007434    0.20076364    0.26437528    0.00011136    0.31831074
    0.17388941    0.00007678    0.20076364    0.26436082    0.00011502    0.31831074
    0.17387967    0.00007801    0.20076364    0.26434601    0.00011687    0.31831074
    0.17386985    0.00007801    0.20076364    0.26433108    0.00011687    0.31831074
    0.17386011    0.00007678    0.20076364    0.26431627    0.00011502    0.31831074
    0.17385060    0.00007434    0.20076364    0.26430182    0.00011136    0.31831074
    0.17384147    0.00007072    0.20076364    0.26428794    0.00010595    0.31831074
    0.17383287    0.00006599    0.20076364    0.26427486    0.00009886    0.31831074
    0.17382493    0.00006022    0.20076364    0.26426278    0.00009022    0.31831074
    0.17381777    0.00005350    0.20076364    0.26425190    0.00008015    0.31831074
    0.17381151    0.00004594    0.20076364    0.26424239    0.00006882    0.31831074
    0.17380625    0.00003765    0.20076364    0.26423439    0.00005640    0.31831074
    0.17380207    0.00002876    0.20076364    0.26422803    0.00004309    0.31831074
    0.17379903    0.00001943    0.20076364    0.26422342    0.00002910    0.31831074
    0.17379720    0.00000978    0.20076364    0.26422062    0.00001465    0.31831074
    0.17379658   -0.00000002    0.20076364    0.26421969   -0.00000003    0.31831074
    0.17379720   -0.00000982    0.20076364    0.26422062   -0.00001471    0.31831074
    0.17379903   -0.00001946    0.20076364    0.26422342   -0.00002915    0.31831074
    0.17380207   -0.00002880    0.20076364    0.26422803   -0.00004314    0.31831074
    0.17380625   -0.00003768    0.20076364    0.26423439   -0.00005645    0.31831074
    0.17381151   -0.00004597    0.20076364    0.26424239   -0.00006887    0.31831074
    0.17381777   -0.00005354    0.20076364    0.26425190   -0.00008020    0.31831074
    0.17382493   -0.00006026    0.20076364    0.26426278   -0.00009027    0.31831074
    0.17383287   -0.00006603    0.20076364    0.26427486   -0.00009892    0.31831074
    0.17384147   -0.00007076    0.20076364    0.26428794   -0.00010600    0.31831074
    0.17385060   -0.00007437    0.20076364    0.26430182   -0.00011142    0.31831074
    0.17386011   -0.00007682    0.20076364    0.26431627   -0.00011508    0.31831074
    0.17386985   -0.00007805    0.20076364    0.26433108   -0.00011692    0.31831074
    0.17387967   -0.00007805    0.20076364    0.26434601   -0.00011692    0.31831074
    0.17388941   -0.00007682    0.20076364    0.26436082   -0.00011508    0.31831074
    0.17389892   -0.00007437    0.20076364    0.26437528   -0.00011142    0.31831074
    0.17390805   -0.00007076    0.20076364    0.26438915   -0.00010600    0.31831074
    0.17391665   -0.00006603    0.20076364    0.26440223   -0.00009892    0.31831074
    0.17392460   -0.00006026    0.20076364    0.26441431   -0.00009027    0.31831074
    0.17393175   -0.00005354    0.20076364    0.26442519   -0.00008020    0.31831074
    0.17393801   -0.00004597    0.20076364    0.26443471   -0.00006887    0.31831074
    0.17394327   -0.00003768    0.20076364    0.26444270   -0.00005645    0.31831074
    0.17394745   -0.00002880    0.20076364    0.26444906   -0.00004314    0.31831074
    0.17395049   -0.00001946    0.20076364    0.26445367   -0.00002915    0.31831074
    0.17395233   -0.00000982    0.20076364    0.26445647   -0.00001471    0.31831074
    0.17394879   -0.00000002    0.20076852    0.26445109   -0.00000003    0.31831848
    0.17394821    0.00000926    0.20076852    0.26445020    0.00001387    0.31831848
    0.17394646    0.00001839    0.20076852    0.26444755    0.00002755    0.31831848
    0.17394359    0.00002723    0.20076852    0.26444319    0.00004080    0.31831848
    0.17393963    0.00003565    0.20076852    0.26443717    0.00005340    0.31831848
    0.17393465    0.00004349    0.20076852    0.26442960    0.00006516    0.31831848
    0.17392873    0.00005066    0.20076852    0.26442059    0.00007589    0.31831848
    0.17392195    0.00005702    0.20076852    0.26441028    0.00008542    0.31831848
    0.17391443    0.00006249    0.20076852    0.26439885    0.00009361    0.31831848
    0.17390628    0.00006696    0.20076852    0.26438646    0.00010032    0.31831848
    0.17389764    0.00007039    0.20076852    0.26437332    0.00010544    0.31831848
    0.17388863    0.00007270    0.20076852    0.26435963    0.00010891    0.31831848
    0.17387941    0.00007386    0.20076852    0.26434561    0.00011065    0.31831848
    0.17387011    0.00007386    0.20076852    0.26433148    0.00011065    0.31831848
    0.17386089    0.00007270    0.20076852    0.26431746    0.00010891    0.31831848
    0.17385189    0.00007039    0.20076852    0.26430377    0.00010544    0.31831848
    0.17384324    0.00006696    0.20076852    0.26429063    0.00010032    0.31831848
    0.17383510    0.00006249    0.20076852    0.26427824    0.00009361    0.31831848
    0.17382757    0.00005702    0.20076852    0.26426681    0.00008542    0.31831848
    0.17382080    0.00005066    0.20076852    0.26425651    0.00007589    0.31831848
    0.17381487    0.00004349    0.20076852    0.26424750    0.00006516    0.31831848
    0.17380989    0.00003565    0.20076852    0.26423992    0.00005340    0.31831848
    0.17380593    0.00002723    0.20076852    0.26423391    0.00004080    0.31831848
    0.17380306    0.00001839    0.20076852    0.26422954    0.00002755    0.31831848
    0.17380132    0.00000926    0.20076852    0.26422689    0.00001387    0.31831848
    0.17380073   -0.00000002    0.20076852    0.26422600   -0.00000003    0.31831848
    0.17380132   -0.00000930    0.20076852    0.26422689   -0.00001393    0.31831848
    0.17380306   -0.00001843    0.20076852    0.26422954   -0.00002761    0.31831848
    0.17380593   -0.00002727    0.20076852    0.26423391   -0.00004085    0.31831848
    0.17380989   -0.00003568    0.20076852    0.26423992   -0.00005345    0.31831848
    0.17381487   -0.00004353    0.20076852    0.26424750   -0.00006521    0.31831848
    0.17382080   -0.00005069    0.20076852    0.26425651   -0.00007594    0.31831848
    0.17382757   -0.00005706    0.20076852    0.26426681   -0.00008548    0.31831848
    0.17383510   -0.00006252    0.20076852    0.26427824   -0.00009366    0.31831848
    0.17384324   -0.00006700    0.20076852    0.26429063   -0.00010037    0.31831848
    0.17385189   -0.00007042    0.20076852    0.26430377   -0.00010550    0.31831848
    0.17386089   -0.00007273    0.20076852    0.26431746   -0.00010896    0.31831848
    0.17387011   -0.00007390    0.20076852    0.26433148   -0.00011071    0.31831848
    0.17387941   -0.00007390    0.20076852    0.26434561   -0.00011071    0.31831848
    0.17388863   -0.00007273    0.20076852    0.26435963   -0.00010896    0.31831848
    0.17389764   -0.00007042    0.20076852    0.26437332   -0.00010550    0.31831848
    0.17390628   -0.00006700    0.20076852    0.26438646   -0.00010037    0.31831848
    0.17391443   -0.00006252    0.20076852    0.26439885   -0.00009366    0.31831848
    0.17392195   -0.00005706    0.20076852    0.26441028   -0.00008548    0.31831848
    0.17392873   -0.00005069    0.20076852    0.26442059   -0.00007594    0.31831848
    0.17393465   -0.00004353    0.20076852    0.26442960   -0.00006521    0.31831848
    0.17393963   -0.00003568    0.20076852    0.26443717   -0.00005345    0.31831848
    0.17394359   -0.00002727    0.20076852    0.26444319   -0.00004085    0.31831848
    0.17394646   -0.00001843    0.20076852    0.26444755   -0.00002761    0.31831848
    0.17394821   -0.00000930    0.20076852    0.26445020   -0.00001393    0.31831848
    0.17394433   -0.00000002    0.20077313    0.26444431   -0.00000003    0.31832578
    0.17394378    0.00000870    0.20077313    0.26444348    0.00001304    0.31832578
    0.17394214    0.00001728    0.20077313    0.26444099    0.00002589    0.31832578
    0.17393944    0.00002559    0.20077313    0.26443688    0.00003834    0.31832578
    0.17393572    0.00003350    0.20077313    0.26443123    0.00005018    0.31832578
    0.17393104    0.00004087    0.20077313    0.26442411    0.00006123    0.31832578
    0.17392547    0.00004760    0.20077313    0.26441564    0.00007132    0.31832578
    0.17391911    0.00005359    0.20077313    0.26440596    0.00008027    0.31832578
    0.17391204    0.00005872    0.20077313    0.26439522    0.00008797    0.31832578
    0.17390438    0.00006293    0.20077313    0.26438358    0.00009427    0.31832578
    0.17389626    0.00006615    0.20077313    0.26437123    0.00009909    0.31832578
    0.17388780    0.00006832    0.20077313    0.26435836    0.00010235    0.31832578
    0.17387913    0.00006941    0.20077313    0.26434519    0.00010399    0.31832578
    0.17387039    0.00006941    0.20077313    0.26433190    0.00010399    0.31832578
    0.17386173    0.00006832    0.20077313    0.26431873    0.00010235    0.31832578
    0.17385326    0.00006615    0.20077313    0.26430586    0.00009909    0.31832578
    0.17384514    0.00006293    0.20077313    0.26429351    0.00009427    0.31832578
    0.17383749    0.00005872    0.20077313    0.26428188    0.00008797    0.31832578
    0.17383042    0.00005359    0.20077313    0.26427113    0.00008027    0.31832578
    0.17382405    0.00004760    0.20077313    0.26426145    0.00007132    0.31832578
    0.17381848    0.00004087    0.20077313    0.26425298    0.00006123    0.31832578
    0.17381380    0.00003350    0.20077313    0.26424586    0.00005018    0.31832578
    0.17381008    0.00002559    0.20077313    0.26424021    0.00003834    0.31832578
    0.17380738    0.00001728    0.20077313    0.26423611    0.00002589    0.31832578
    0.17380574    0.00000870    0.20077313    0.26423362    0.00001304    0.31832578
    0.17380519   -0.00000002    0.20077313    0.26423278   -0.00000003    0.31832578
    0.17380574   -0.00000874    0.20077313    0.26423362   -0.00001309    0.31832578
    0.17380738   -0.00001732    0.20077313    0.26423611   -0.00002594    0.31832578
    0.17381008   -0.00002563    0.20077313    0.26424021   -0.00003839    0.31832578
    0.17381380   -0.00003353    0.20077313    0.26424586   -0.00005023    0.31832578
    0.17381848   -0.00004091    0.20077313    0.26425298   -0.00006128    0.31832578
    0.17382405   -0.00004764    0.20077313    0.26426145   -0.00007137    0.31832578
    0.17383042   -0.00005362    0.20077313    0.26427113   -0.00008033    0.31832578
    0.17383749   -0.00005876    0.20077313    0.26428188   -0.00008802    0.31832578
    0.17384514   -0.00006297    0.20077313    0.26429351   -0.00009433    0.31832578
    0.17385326   -0.00006618    0.20077313    0.26430586   -0.00009914    0.31832578
    0.17386173   -0.00006835    0.20077313    0.26431873   -0.00010240    0.31832578
    0.17387039   -0.00006945    0.20077313    0.26433190   -0.00010404    0.31832578
    0.17387913   -0.00006945    0.20077313    0.26434519   -0.00010404    0.31832578
    0.17388780   -0.00006835    0.20077313    0.26435836   -0.00010240    0.31832578
    0.17389626   -0.00006618    0.20077313    0.26437123   -0.00009914    0.31832578
    0.17390438   -0.00006297    0.20077313    0.26438358   -0.00009433    0.31832578
    0.17391204   -0.00005876    0.20077313    0.26439522   -0.00008802    0.31832578
    0.17391911   -0.00005362    0.20077313    0.26440596   -0.00008033    0.31832578
    0.17392547   -0.00004764    0.20077313    0.26441564   -0.00007137    0.31832578
    0.17393104   -0.00004091    0.20077313    0.26442411   -0.00006128    0.31832578
    0.17393572   -0.00003353    0.20077313    0.26443123   -0.00005023    0.31832578
    0.17393944   -0.00002563    0.20077313    0.26443688   -0.00003839    0.31832578
    0.17394214   -0.00001732    0.20077313    0.26444099   -0.00002594    0.31832578
    0.17394378   -0.00000874    0.20077313    0.26444348   -0.00001309    0.31832578
    0.17393958   -0.00000002    0.20077744    0.26443709   -0.00000003    0.31833261
    0.17393907    0.00000811    0.20077744    0.26443632    0.00001214    0.31833261
    0.17393755    0.00001610    0.20077744    0.26443400    0.00002412    0.31833261
    0.17393503    0.00002385    0.20077744    0.26443017    0.00003572    0.31833261
    0.17393157    0.00003121    0.20077744    0.26442491    0.00004676    0.31833261
    0.17392720    0.00003808    0.20077744    0.26441827    0.00005705    0.31833261
    0.17392202    0.00004436    0.20077744    0.26441038    0.00006645    0.31833261
    0.17391608    0.00004993    0.20077744    0.26440136    0.00007480    0.31833261
    0.17390950    0.00005471    0.20077744    0.26439135    0.00008197    0.31833261
    0.17390236    0.00005864    0.20077744    0.26438051    0.00008784    0.31833261
    0.17389479    0.00006163    0.20077744    0.26436900    0.00009233    0.31833261
    0.17388691    0.00006366    0.20077744    0.26435701    0.00009536    0.31833261
    0.17387883    0.00006468    0.20077744    0.26434473    0.00009689    0.31833261
    0.17387069    0.00006468    0.20077744    0.26433236    0.00009689    0.31833261
    0.17386262    0.00006366    0.20077744    0.26432008    0.00009536    0.31833261
    0.17385473    0.00006163    0.20077744    0.26430809    0.00009233    0.31833261
    0.17384716    0.00005864    0.20077744    0.26429659    0.00008784    0.31833261
    0.17384003    0.00005471    0.20077744    0.26428574    0.00008197    0.31833261
    0.17383344    0.00004993    0.20077744    0.26427573    0.00007480    0.31833261
    0.17382751    0.00004436    0.20077744    0.26426671    0.00006645    0.31833261
    0.17382232    0.00003808    0.20077744    0.26425882    0.00005705    0.31833261
    0.17381796    0.00003121    0.20077744    0.26425219    0.00004676    0.31833261
    0.17381449    0.00002385    0.20077744    0.26424692    0.00003572    0.31833261
    0.17381198    0.00001610    0.20077744    0.26424309    0.00002412    0.31833261
    0.17381045    0.00000811    0.20077744    0.26424077    0.00001214    0.31833261
    0.17380994   -0.00000002    0.20077744    0.26424000   -0.00000003    0.31833261
    0.17381045   -0.00000814    0.20077744    0.26424077   -0.00001220    0.31833261
    0.17381198   -0.00001614    0.20077744    0.26424309   -0.00002418    0.31833261
    0.17381449   -0.00002388    0.20077744    0.26424692   -0.00003577    0.31833261
    0.17381796   -0.00003125    0.20077744    0.26425219   -0.00004681    0.31833261
    0.17382232   -0.00003812    0.20077744    0.26425882   -0.00005711    0.31833261
    0.17382751   -0.00004439    0.20077744    0.26426671   -0.00006650    0.31833261
    0.17383344   -0.00004996    0.20077744    0.26427573   -0.00007485    0.31833261
    0.17384003   -0.00005475    0.20077744    0.26428574   -0.00008202    0.31833261
    0.17384716   -0.00005867    0.20077744    0.26429659   -0.00008789    0.31833261
    0.17385473   -0.00006167    0.20077744    0.26430809   -0.00009238    0.31833261
    0.17386262   -0.00006369    0.20077744    0.26432008   -0.00009542    0.31833261
    0.17387069   -0.00006471    0.20077744    0.26433236   -0.00009694    0.31833261
    0.17387883   -0.00006471    0.20077744    0.26434473   -0.00009694    0.31833261
    0.17388691   -0.00006369    0.20077744    0.26435701   -0.00009542    0.31833261
    0.17389479   -0.00006167    0.20077744    0.26436900   -0.00009238    0.31833261
    0.17390236   -0.00005867    0.20077744    0.26438051   -0.00008789    0.31833261
    0.17390950   -0.00005475    0.20077744    0.26439135   -0.00008202    0.31833261
    0.17391608   -0.00004996    0.20077744    0.26440136   -0.00007485    0.31833261
    0.17392202   -0.00004439    0.20077744    0.26441038   -0.00006650    0.31833261
    0.17392720   -0.00003812    0.20077744    0.26441827   -0.00005711    0.31833261
    0.17393157   -0.00003125    0.20077744    0.26442491   -0.00004681    0.31833261
    0.17393503   -0.00002388    0.20077744    0.26443017   -0.00003577    0.31833261
    0.17393755   -0.00001614    0.20077744    0.26443400   -0.00002418    0.31833261
    0.17393907   -0.00000814    0.20077744    0.26443632   -0.00001220    0.31833261
    0.17393457   -0.00000002    0.20078144    0.26442948   -0.00000003    0.31833895
    0.17393410    0.00000748    0.20078144    0.26442876    0.00001120    0.31833895
    0.17393269    0.00001486    0.20078144    0.26442662    0.00002226    0.31833895
    0.17393037    0.00002200    0.20078144    0.26442309    0.00003296    0.31833895
    0.17392717    0.00002880    0.20078144    0.26441823    0.00004314    0.31833895
    0.17392315    0.00003514    0.20078144    0.26441211    0.00005264    0.31833895
    0.17391836    0.00004093    0.20078144    0.26440483    0.00006131    0.31833895
    0.17391289    0.00004607    0.20078144    0.26439651    0.00006901    0.31833895
    0.17390681    0.00005048    0.20078144    0.26438727    0.00007563    0.31833895
    0.17390023    0.00005410    0.20078144    0.26437726    0.00008105    0.31833895
    0.17389324    0.00005687    0.20078144    0.26436664    0.00008519    0.31833895
    0.17388597    0.00005873    0.20078144    0.26435558    0.00008799    0.31833895
    0.17387852    0.00005968    0.20078144    0.26434426    0.00008940    0.31833895
    0.17387101    0.00005968    0.20078144    0.26433284    0.00008940    0.31833895
    0.17386355    0.00005873    0.20078144    0.26432151    0.00008799    0.31833895
    0.17385628    0.00005687    0.20078144    0.26431045    0.00008519    0.31833895
    0.17384930    0.00005410    0.20078144    0.26429983    0.00008105    0.31833895
    0.17384271    0.00005048    0.20078144    0.26428982    0.00007563    0.31833895
    0.17383664    0.00004607    0.20078144    0.26428059    0.00006901    0.31833895
    0.17383116    0.00004093    0.20078144    0.26427226    0.00006131    0.31833895
    0.17382637    0.00003514    0.20078144    0.26426498    0.00005264    0.31833895
    0.17382235    0.00002880    0.20078144    0.26425886    0.00004314    0.31833895
    0.17381915    0.00002200    0.20078144    0.26425400    0.00003296    0.31833895
    0.17381683    0.00001486    0.20078144    0.26425047    0.00002226    0.31833895
    0.17381542    0.00000748    0.20078144    0.26424833    0.00001120    0.31833895
    0.17381495   -0.00000002    0.20078144    0.26424762   -0.00000003    0.31833895
    0.17381542   -0.00000751    0.20078144    0.26424833   -0.00001126    0.31833895
    0.17381683   -0.00001489    0.20078144    0.26425047   -0.00002231    0.31833895
    0.17381915   -0.00002204    0.20078144    0.26425400   -0.00003301    0.31833895
    0.17382235   -0.00002883    0.20078144    0.26425886   -0.00004319    0.31833895
    0.17382637   -0.00003517    0.20078144    0.26426498   -0.00005269    0.31833895
    0.17383116   -0.00004096    0.20078144    0.26427226   -0.00006136    0.31833895
    0.17383664   -0.00004610    0.20078144    0.26428059   -0.00006907    0.31833895
    0.17384271   -0.00005052    0.20078144    0.26428982   -0.00007568    0.31833895
    0.17384930   -0.00005414    0.20078144    0.26429983   -0.00008110    0.31833895
    0.17385628   -0.00005690    0.20078144    0.26431045   -0.00008524    0.31833895
    0.17386355   -0.00005877    0.20078144    0.26432151   -0.00008804    0.31833895
    0.17387101   -0.00005971    0.20078144    0.26433284   -0.00008945    0.31833895
    0.17387852   -0.00005971    0.20078144    0.26434426   -0.00008945    0.31833895
    0.17388597   -0.00005877    0.20078144    0.26435558   -0.00008804    0.31833895
    0.17389324   -0.00005690    0.20078144    0.26436664   -0.00008524    0.31833895
    0.17390023   -0.00005414    0.20078144    0.26437726   -0.00008110    0.31833895
    0.17390681   -0.00005052    0.20078144    0.26438727   -0.00007568    0.31833895
    0.17391289   -0.00004610    0.20078144    0.26439651   -0.00006907    0.31833895
    0.17391836   -0.00004096    0.20078144    0.26440483   -0.00006136    0.31833895
    0.17392315   -0.00003517    0.20078144    0.26441211   -0.00005269    0.31833895
    0.17392717   -0.00002883    0.20078144    0.26441823   -0.00004319    0.31833895
    0.17393037   -0.00002204    0.20078144    0.26442309   -0.00003301    0.31833895
    0.17393269   -0.00001489    0.20078144    0.26442662   -0.00002231    0.31833895
    0.17393410   -0.00000751    0.20078144    0.26442876   -0.00001126    0.31833895
    0.17392932   -0.00000002    0.20078510    0.26442148   -0.00000003    0.31834477
    0.17392889    0.00000682    0.20078510    0.26442083    0.00001022    0.31834477
    0.17392760    0.00001355    0.20078510    0.26441888    0.00002030    0.31834477
    0.17392548    0.00002006    0.20078510    0.26441566    0.00003006    0.31834477
    0.17392257    0.00002626    0.20078510    0.26441122    0.00003934    0.31834477
    0.17391890    0.00003205    0.20078510    0.26440564    0.00004801    0.31834477
    0.17391453    0.00003733    0.20078510    0.26439900    0.00005592    0.31834477
    0.17390954    0.00004202    0.20078510    0.26439141    0.00006294    0.31834477
    0.17390399    0.00004604    0.20078510    0.26438299    0.00006898    0.31834477
    0.17389799    0.00004934    0.20078510    0.26437386    0.00007392    0.31834477
    0.17389162    0.00005187    0.20078510    0.26436417    0.00007770    0.31834477
    0.17388498    0.00005357    0.20078510    0.26435409    0.00008025    0.31834477
    0.17387819    0.00005443    0.20078510    0.26434375    0.00008154    0.31834477
    0.17387134    0.00005443    0.20078510    0.26433334    0.00008154    0.31834477
    0.17386454    0.00005357    0.20078510    0.26432301    0.00008025    0.31834477
    0.17385790    0.00005187    0.20078510    0.26431292    0.00007770    0.31834477
    0.17385153    0.00004934    0.20078510    0.26430323    0.00007392    0.31834477
    0.17384553    0.00004604    0.20078510    0.26429411    0.00006898    0.31834477
    0.17383999    0.00004202    0.20078510    0.26428568    0.00006294    0.31834477
    0.17383499    0.00003733    0.20078510    0.26427809    0.00005592    0.31834477
    0.17383063    0.00003205    0.20078510    0.26427145    0.00004801    0.31834477
    0.17382696    0.00002626    0.20078510    0.26426587    0.00003934    0.31834477
    0.17382404    0.00002006    0.20078510    0.26426143    0.00003006    0.31834477
    0.17382192    0.00001355    0.20078510    0.26425821    0.00002030    0.31834477
    0.17382064    0.00000682    0.20078510    0.26425626    0.00001022    0.31834477
    0.17382021   -0.00000002    0.20078510    0.26425561   -0.00000003    0.31834477
    0.17382064   -0.00000686    0.20078510    0.26425626   -0.00001027    0.31834477
    0.17382192   -0.00001358    0.20078510    0.26425821   -0.00002035    0.31834477
    0.17382404   -0.00002010    0.20078510    0.26426143   -0.00003011    0.31834477
    0.17382696   -0.00002630    0.20078510    0.26426587   -0.00003940    0.31834477
    0.17383063   -0.00003208    0.20078510    0.26427145   -0.00004806    0.31834477
    0.17383499   -0.00003736    0.20078510    0.26427809   -0.00005597    0.31834477
    0.17383999   -0.00004205    0.20078510    0.26428568   -0.00006300    0.31834477
    0.17384553   -0.00004608    0.20078510    0.26429411   -0.00006903    0.31834477
    0.17385153   -0.00004938    0.20078510    0.26430323   -0.00007397    0.31834477
    0.17385790   -0.00005190    0.20078510    0.26431292   -0.00007775    0.31834477
    0.17386454   -0.00005361    0.20078510    0.26432301   -0.00008030    0.31834477
    0.17387134   -0.00005446    0.20078510    0.26433334   -0.00008159    0.31834477
    0.17387819   -0.00005446    0.20078510    0.26434375   -0.00008159    0.31834477
    0.17388498   -0.00005361    0.20078510    0.26435409   -0.00008030    0.31834477
    0.17389162   -0.00005190    0.20078510    0.26436417   -0.00007775    0.31834477
    0.17389799   -0.00004938    0.20078510    0.26437386   -0.00007397    0.31834477
    0.17390399   -0.00004608    0.20078510    0.26438299   -0.00006903    0.31834477
    0.17390954   -0.00004205    0.20078510    0.26439141   -0.00006300    0.31834477
    0.17391453   -0.00003736    0.20078510    0.26439900   -0.00005597    0.31834477
    0.17391890   -0.00003208    0.20078510    0.26440564   -0.00004806    0.31834477
    0.17392257   -0.00002630    0.20078510    0.26441122   -0.00003940    0.31834477
    0.17392548   -0.00002010    0.20078510    0.26441566   -0.00003011    0.31834477
    0.17392760   -0.00001358    0.20078510    0.26441888   -0.00002035    0.31834477
    0.17392889   -0.00000686    0.20078510    0.26442083   -0.00001027    0.31834477
    0.17392383   -0.00000002    0.20078843    0.26441315   -0.00000003    0.31835003
    0.17392345    0.00000613    0.20078843    0.26441256    0.00000919    0.31835003
    0.17392229    0.00001219    0.20078843    0.26441080    0.00001826    0.31835003
    0.17392039    0.00001805    0.20078843    0.26440791    0.00002704    0.31835003
    0.17391776    0.00002362    0.20078843    0.26440392    0.00003539    0.31835003
    0.17391446    0.00002883    0.20078843    0.26439890    0.00004318    0.31835003
    0.17391053    0.00003357    0.20078843    0.26439293    0.00005030    0.31835003
    0.17390604    0.00003779    0.20078843    0.26438610    0.00005662    0.31835003
    0.17390106    0.00004141    0.20078843    0.26437852    0.00006204    0.31835003
    0.17389566    0.00004438    0.20078843    0.26437031    0.00006649    0.31835003
    0.17388993    0.00004665    0.20078843    0.26436160    0.00006989    0.31835003
    0.17388396    0.00004818    0.20078843    0.26435253    0.00007218    0.31835003
    0.17387784    0.00004896    0.20078843    0.26434323    0.00007334    0.31835003
    0.17387168    0.00004896    0.20078843    0.26433386    0.00007334    0.31835003
    0.17386557    0.00004818    0.20078843    0.26432457    0.00007218    0.31835003
    0.17385960    0.00004665    0.20078843    0.26431549    0.00006989    0.31835003
    0.17385387    0.00004438    0.20078843    0.26430678    0.00006649    0.31835003
    0.17384847    0.00004141    0.20078843    0.26429857    0.00006204    0.31835003
    0.17384348    0.00003779    0.20078843    0.26429099    0.00005662    0.31835003
    0.17383899    0.00003357    0.20078843    0.26428416    0.00005030    0.31835003
    0.17383506    0.00002883    0.20078843    0.26427819    0.00004318    0.31835003
    0.17383176    0.00002362    0.20078843    0.26427317    0.00003539    0.31835003
    0.17382914    0.00001805    0.20078843    0.26426918    0.00002704    0.31835003
    0.17382723    0.00001219    0.20078843    0.26426629    0.00001826    0.31835003
    0.17382608    0.00000613    0.20078843    0.26426453    0.00000919    0.31835003
    0.17382569   -0.00000002    0.20078843    0.26426394   -0.00000003    0.31835003
    0.17382608   -0.00000617    0.20078843    0.26426453   -0.00000924    0.31835003
    0.17382723   -0.00001222    0.20078843    0.26426629   -0.00001831    0.31835003
    0.17382914   -0.00001808    0.20078843    0.26426918   -0.00002709    0.31835003
    0.17383176   -0.00002366    0.20078843    0.26427317   -0.00003544    0.31835003
    0.17383506   -0.00002886    0.20078843    0.26427819   -0.00004324    0.31835003
    0.17383899   -0.00003361    0.20078843    0.26428416   -0.00005035    0.31835003
    0.17384348   -0.00003783    0.20078843    0.26429099   -0.00005667    0.31835003
    0.17384847   -0.00004145    0.20078843    0.26429857   -0.00006210    0.31835003
    0.17385387   -0.00004442    0.20078843    0.26430678   -0.00006654    0.31835003
    0.17385960   -0.00004669    0.20078843    0.26431549   -0.00006994    0.31835003
    0.17386557   -0.00004822    0.20078843    0.26432457   -0.00007224    0.31835003
    0.17387168   -0.00004899    0.20078843    0.26433386   -0.00007339    0.31835003
    0.17387784   -0.00004899    0.20078843    0.26434323   -0.00007339    0.31835003
    0.17388396   -0.00004822    0.20078843    0.26435253   -0.00007224    0.31835003
    0.17388993   -0.00004669    0.20078843    0.26436160   -0.00006994    0.31835003
    0.17389566   -0.00004442    0.20078843    0.26437031   -0.00006654    0.31835003
    0.17390106   -0.00004145    0.20078843    0.26437852   -0.00006210    0.31835003
    0.17390604   -0.00003783    0.20078843    0.26438610   -0.00005667    0.31835003
    0.17391053   -0.00003361    0.20078843    0.26439293   -0.00005035    0.31835003
    0.17391446   -0.00002886    0.20078843    0.26439890   -0.00004324    0.31835003
    0.17391776   -0.00002366    0.20078843    0.26440392   -0.00003544    0.31835003
    0.17392039   -0.00001808    0.20078843    0.26440791   -0.00002709    0.31835003
    0.17392229   -0.00001222    0.20078843    0.26441080   -0.00001831    0.31835003
    0.17392345   -0.00000617    0.20078843    0.26441256   -0.00000924    0.31835003
    0.17391815   -0.00000002    0.20079139    0.26440451   -0.00000003    0.31835474
    0.17391781    0.00000542    0.20079139    0.26440399    0.00000812    0.31835474
    0.17391679    0.00001077    0.20079139    0.26440244    0.00001614    0.31835474
    0.17391510    0.00001595    0.20079139    0.26439988    0.00002390    0.31835474
    0.17391278    0.00002088    0.20079139    0.26439635    0.00003129    0.31835474
    0.17390986    0.00002549    0.20079139    0.26439191    0.00003818    0.31835474
    0.17390639    0.00002968    0.20079139    0.26438663    0.00004447    0.31835474
    0.17390242    0.00003341    0.20079139    0.26438059    0.00005006    0.31835474
    0.17389801    0.00003662    0.20079139    0.26437389    0.00005485    0.31835474
    0.17389324    0.00003924    0.20079139    0.26436663    0.00005879    0.31835474
    0.17388817    0.00004125    0.20079139    0.26435893    0.00006179    0.31835474
    0.17388289    0.00004260    0.20079139    0.26435091    0.00006382    0.31835474
    0.17387749    0.00004328    0.20079139    0.26434269    0.00006484    0.31835474
    0.17387204    0.00004328    0.20079139    0.26433440    0.00006484    0.31835474
    0.17386663    0.00004260    0.20079139    0.26432619    0.00006382    0.31835474
    0.17386135    0.00004125    0.20079139    0.26431816    0.00006179    0.31835474
    0.17385629    0.00003924    0.20079139    0.26431046    0.00005879    0.31835474
    0.17385151    0.00003662    0.20079139    0.26430320    0.00005485    0.31835474
    0.17384710    0.00003341    0.20079139    0.26429650    0.00005006    0.31835474
    0.17384313    0.00002968    0.20079139    0.26429046    0.00004447    0.31835474
    0.17383966    0.00002549    0.20079139    0.26428518    0.00003818    0.31835474
    0.17383674    0.00002088    0.20079139    0.26428074    0.00003129    0.31835474
    0.17383442    0.00001595    0.20079139    0.26427722    0.00002390    0.31835474
    0.17383274    0.00001077    0.20079139    0.26427466    0.00001614    0.31835474
    0.17383172    0.00000542    0.20079139    0.26427310    0.00000812    0.31835474
    0.17383137   -0.00000002    0.20079139    0.26427258   -0.00000003    0.31835474
    0.17383172   -0.00000546    0.20079139    0.26427310   -0.00000817    0.31835474
    0.17383274   -0.00001081    0.20079139    0.26427466   -0.00001619    0.31835474
    0.17383442   -0.00001599    0.20079139    0.26427722   -0.00002395    0.31835474
    0.17383674   -0.00002092    0.20079139    0.26428074   -0.00003134    0.31835474
    0.17383966   -0.00002552    0.20079139    0.26428518   -0.00003823    0.31835474
    0.17384313   -0.00002972    0.20079139    0.26429046   -0.00004452    0.31835474
    0.17384710   -0.00003345    0.20079139    0.26429650   -0.00005011    0.31835474
    0.17385151   -0.00003665    0.20079139    0.26430320   -0.00005491    0.31835474
    0.17385629   -0.00003928    0.20079139    0.26431046   -0.00005884    0.31835474
    0.17386135   -0.00004128    0.20079139    0.26431816   -0.00006184    0.31835474
    0.17386663   -0.00004264    0.20079139    0.26432619   -0.00006387    0.31835474
    0.17387204   -0.00004332    0.20079139    0.26433440   -0.00006490    0.31835474
    0.17387749   -0.00004332    0.20079139    0.26434269   -0.00006490    0.31835474
    0.17388289   -0.00004264    0.20079139    0.26435091   -0.00006387    0.31835474
    0.17388817   -0.00004128    0.20079139    0.26435893   -0.00006184    0.31835474
    0.17389324   -0.00003928    0.20079139    0.26436663   -0.00005884    0.31835474
    0.17389801   -0.00003665    0.20079139    0.26437389   -0.00005491    0.31835474
    0.17390242   -0.00003345    0.20079139    0.26438059   -0.00005011    0.31835474
    0.17390639   -0.00002972    0.20079139    0.26438663   -0.00004452    0.31835474
    0.17390986   -0.00002552    0.20079139    0.26439191   -0.00003823    0.31835474
    0.17391278   -0.00002092    0.20079139    0.26439635   -0.00003134    0.31835474
    0.17391510   -0.00001599    0.20079139    0.26439988   -0.00002395    0.31835474
    0.17391679   -0.00001081    0.20079139    0.26440244   -0.00001619    0.31835474
    0.17391781   -0.00000546    0.20079139    0.26440399   -0.00000817    0.31835474
    0.17391229   -0.00000002    0.20079399    0.26439560   -0.00000003    0.31835885
    0.17391199    0.00000469    0.20079399    0.26439515    0.00000702    0.31835885
    0.17391111    0.00000931    0.20079399    0.26439380    0.00001395    0.31835885
    0.17390965    0.00001380    0.20079399    0.26439159    0.00002067    0.31835885
    0.17390765    0.00001806    0.20079399    0.26438854    0.00002706    0.31835885
    0.17390512    0.00002204    0.20079399    0.26438470    0.00003302    0.31835885
    0.17390212    0.00002567    0.20079399    0.26438013    0.00003846    0.31835885
    0.17389868    0.00002890    0.20079399    0.26437491    0.00004329    0.31835885
    0.17389487    0.00003167    0.20079399    0.26436912    0.00004744    0.31835885
    0.17389074    0.00003394    0.20079399    0.26436284    0.00005084    0.31835885
    0.17388636    0.00003567    0.20079399    0.26435618    0.00005344    0.31835885
    0.17388179    0.00003684    0.20079399    0.26434924    0.00005520    0.31835885
    0.17387712    0.00003743    0.20079399    0.26434213    0.00005608    0.31835885
    0.17387241    0.00003743    0.20079399    0.26433496    0.00005608    0.31835885
    0.17386773    0.00003684    0.20079399    0.26432786    0.00005520    0.31835885
    0.17386317    0.00003567    0.20079399    0.26432092    0.00005344    0.31835885
    0.17385878    0.00003394    0.20079399    0.26431425    0.00005084    0.31835885
    0.17385465    0.00003167    0.20079399    0.26430798    0.00004744    0.31835885
    0.17385084    0.00002890    0.20079399    0.26430218    0.00004329    0.31835885
    0.17384741    0.00002567    0.20079399    0.26429696    0.00003846    0.31835885
    0.17384440    0.00002204    0.20079399    0.26429239    0.00003302    0.31835885
    0.17384188    0.00001806    0.20079399    0.26428855    0.00002706    0.31835885
    0.17383987    0.00001380    0.20079399    0.26428550    0.00002067    0.31835885
    0.17383841    0.00000931    0.20079399    0.26428329    0.00001395    0.31835885
    0.17383753    0.00000469    0.20079399    0.26428194    0.00000702    0.31835885
    0.17383724   -0.00000002    0.20079399    0.26428149   -0.00000003    0.31835885
    0.17383753   -0.00000472    0.20079399    0.26428194   -0.00000707    0.31835885
    0.17383841   -0.00000935    0.20079399    0.26428329   -0.00001401    0.31835885
    0.17383987   -0.00001383    0.20079399    0.26428550   -0.00002072    0.31835885
    0.17384188   -0.00001810    0.20079399    0.26428855   -0.00002711    0.31835885
    0.17384440   -0.00002208    0.20079399    0.26429239   -0.00003307    0.31835885
    0.17384741   -0.00002571    0.20079399    0.26429696   -0.00003851    0.31835885
    0.17385084   -0.00002893    0.20079399    0.26430218   -0.00004334    0.31835885
    0.17385465   -0.00003170    0.20079399    0.26430798   -0.00004749    0.31835885
    0.17385878   -0.00003397    0.20079399    0.26431425   -0.00005089    0.31835885
    0.17386317   -0.00003571    0.20079399    0.26432092   -0.00005349    0.31835885
    0.17386773   -0.00003688    0.20079399    0.26432786   -0.00005525    0.31835885
    0.17387241   -0.00003747    0.20079399    0.26433496   -0.00005613    0.31835885
    0.17387712   -0.00003747    0.20079399    0.26434213   -0.00005613    0.31835885
    0.17388179   -0.00003688    0.20079399    0.26434924   -0.00005525    0.31835885
    0.17388636   -0.00003571    0.20079399    0.26435618   -0.00005349    0.31835885
    0.17389074   -0.00003397    0.20079399    0.26436284   -0.00005089    0.31835885
    0.17389487   -0.00003170    0.20079399    0.26436912   -0.00004749    0.31835885
    0.17389868   -0.00002893    0.20079399    0.26437491   -0.00004334    0.31835885
    0.17390212   -0.00002571    0.20079399    0.26438013   -0.00003851    0.31835885
    0.17390512   -0.00002208    0.20079399    0.26438470   -0.00003307    0.31835885
    0.17390765   -0.00001810    0.20079399    0.26438854   -0.00002711    0.31835885
    0.17390965   -0.00001383    0.20079399    0.26439159   -0.00002072    0.31835885
    0.17391111   -0.00000935    0.20079399    0.26439380   -0.00001401    0.31835885
    0.17391199   -0.00000472    0.20079399    0.26439515   -0.00000707    0.31835885
    0.17390627   -0.00000002    0.20079620    0.26438645   -0.00000003    0.31836236
    0.17390602    0.00000393    0.20079620    0.26438607    0.00000589    0.31836236
    0.17390528    0.00000782    0.20079620    0.26438495    0.00001171    0.31836236
    0.17390406    0.00001158    0.20079620    0.26438309    0.00001735    0.31836236
    0.17390237    0.00001516    0.20079620    0.26438053    0.00002271    0.31836236
    0.17390025    0.00001850    0.20079620    0.26437730    0.00002772    0.31836236
    0.17389773    0.00002155    0.20079620    0.26437347    0.00003229    0.31836236
    0.17389485    0.00002426    0.20079620    0.26436908    0.00003635    0.31836236
    0.17389165    0.00002659    0.20079620    0.26436421    0.00003983    0.31836236
    0.17388818    0.00002849    0.20079620    0.26435894    0.00004269    0.31836236
    0.17388450    0.00002995    0.20079620    0.26435335    0.00004487    0.31836236
    0.17388067    0.00003093    0.20079620    0.26434752    0.00004634    0.31836236
    0.17387674    0.00003143    0.20079620    0.26434155    0.00004709    0.31836236
    0.17387278    0.00003143    0.20079620    0.26433554    0.00004709    0.31836236
    0.17386886    0.00003093    0.20079620    0.26432957    0.00004634    0.31836236
    0.17386502    0.00002995    0.20079620    0.26432374    0.00004487    0.31836236
    0.17386135    0.00002849    0.20079620    0.26431815    0.00004269    0.31836236
    0.17385788    0.00002659    0.20079620    0.26431288    0.00003983    0.31836236
    0.17385468    0.00002426    0.20079620    0.26430801    0.00003635    0.31836236
    0.17385179    0.00002155    0.20079620    0.26430362    0.00003229    0.31836236
    0.17384927    0.00001850    0.20079620    0.26429979    0.00002772    0.31836236
    0.17384715    0.00001516    0.20079620    0.26429657    0.00002271    0.31836236
    0.17384546    0.00001158    0.20079620    0.26429400    0.00001735    0.31836236
    0.17384424    0.00000782    0.20079620    0.26429215    0.00001171    0.31836236
    0.17384350    0.00000393    0.20079620    0.26429102    0.00000589    0.31836236
    0.17384325   -0.00000002    0.20079620    0.26429064   -0.00000003    0.31836236
    0.17384350   -0.00000397    0.20079620    0.26429102   -0.00000594    0.31836236
    0.17384424   -0.00000785    0.20079620    0.26429215   -0.00001177    0.31836236
    0.17384546   -0.00001162    0.20079620    0.26429400   -0.00001740    0.31836236
    0.17384715   -0.00001520    0.20079620    0.26429657   -0.00002277    0.31836236
    0.17384927   -0.00001854    0.20079620    0.26429979   -0.00002777    0.31836236
    0.17385179   -0.00002159    0.20079620    0.26430362   -0.00003234    0.31836236
    0.17385468   -0.00002430    0.20079620    0.26430801   -0.00003640    0.31836236
    0.17385788   -0.00002662    0.20079620    0.26431288   -0.00003988    0.31836236
    0.17386135   -0.00002853    0.20079620    0.26431815   -0.00004274    0.31836236
    0.17386502   -0.00002999    0.20079620    0.26432374   -0.00004492    0.31836236
    0.17386886   -0.00003097    0.20079620    0.26432957   -0.00004640    0.31836236
    0.17387278   -0.00003147    0.20079620    0.26433554   -0.00004714    0.31836236
    0.17387674   -0.00003147    0.20079620    0.26434155   -0.00004714    0.31836236
    0.17388067   -0.00003097    0.20079620    0.26434752   -0.00004640    0.31836236
    0.17388450   -0.00002999    0.20079620    0.26435335   -0.00004492    0.31836236
    0.17388818   -0.00002853    0.20079620    0.26435894   -0.00004274    0.31836236
    0.17389165   -0.00002662    0.20079620    0.26436421   -0.00003988    0.31836236
    0.17389485   -0.00002430    0.20079620    0.26436908   -0.00003640    0.31836236
    0.17389773   -0.00002159    0.20079620    0.26437347   -0.00003234    0.31836236
    0.17390025   -0.00001854    0.20079620    0.26437730   -0.00002777    0.31836236
    0.17390237   -0.00001520    0.20079620    0.26438053   -0.00002277    0.31836236
    0.17390406   -0.00001162    0.20079620    0.26438309   -0.00001740    0.31836236
    0.17390528   -0.00000785    0.20079620    0.26438495   -0.00001177    0.31836236
    0.17390602   -0.00000397    0.20079620    0.26438607   -0.00000594    0.31836236
    0.17390013   -0.00000002    0.20079802    0.26437711   -0.00000003    0.31836525
    0.17389993    0.00000316    0.20079802    0.26437680    0.00000474    0.31836525
    0.17389933    0.00000629    0.20079802    0.26437590    0.00000942    0.31836525
    0.17389835    0.00000932    0.20079802    0.26437440    0.00001396    0.31836525
    0.17389699    0.00001220    0.20079802    0.26437234    0.00001828    0.31836525
    0.17389528    0.00001489    0.20079802    0.26436974    0.00002231    0.31836525
    0.17389325    0.00001735    0.20079802    0.26436666    0.00002599    0.31836525
    0.17389093    0.00001953    0.20079802    0.26436313    0.00002925    0.31836525
    0.17388835    0.00002140    0.20079802    0.26435921    0.00003206    0.31836525
    0.17388556    0.00002293    0.20079802    0.26435497    0.00003436    0.31836525
    0.17388260    0.00002411    0.20079802    0.26435046    0.00003611    0.31836525
    0.17387951    0.00002490    0.20079802    0.26434577    0.00003730    0.31836525
    0.17387635    0.00002530    0.20079802    0.26434097    0.00003790    0.31836525
    0.17387317    0.00002530    0.20079802    0.26433612    0.00003790    0.31836525
    0.17387001    0.00002490    0.20079802    0.26433132    0.00003730    0.31836525
    0.17386692    0.00002411    0.20079802    0.26432663    0.00003611    0.31836525
    0.17386396    0.00002293    0.20079802    0.26432213    0.00003436    0.31836525
    0.17386117    0.00002140    0.20079802    0.26431788    0.00003206    0.31836525
    0.17385859    0.00001953    0.20079802    0.26431397    0.00002925    0.31836525
    0.17385627    0.00001735    0.20079802    0.26431043    0.00002599    0.31836525
    0.17385424    0.00001489    0.20079802    0.26430735    0.00002231    0.31836525
    0.17385253    0.00001220    0.20079802    0.26430475    0.00001828    0.31836525
    0.17385118    0.00000932    0.20079802    0.26430269    0.00001396    0.31836525
    0.17385019    0.00000629    0.20079802    0.26430119    0.00000942    0.31836525
    0.17384960    0.00000316    0.20079802    0.26430029    0.00000474    0.31836525
    0.17384940   -0.00000002    0.20079802    0.26429998   -0.00000003    0.31836525
    0.17384960   -0.00000320    0.20079802    0.26430029   -0.00000479    0.31836525
    0.17385019   -0.00000633    0.20079802    0.26430119   -0.00000948    0.31836525
    0.17385118   -0.00000936    0.20079802    0.26430269   -0.00001402    0.31836525
    0.17385253   -0.00001224    0.20079802    0.26430475   -0.00001833    0.31836525
    0.17385424   -0.00001493    0.20079802    0.26430735   -0.00002236    0.31836525
    0.17385627   -0.00001738    0.20079802    0.26431043   -0.00002604    0.31836525
    0.17385859   -0.00001956    0.20079802    0.26431397   -0.00002931    0.31836525
    0.17386117   -0.00002143    0.20079802    0.26431788   -0.00003211    0.31836525
    0.17386396   -0.00002297    0.20079802    0.26432213   -0.00003441    0.31836525
    0.17386692   -0.00002414    0.20079802    0.26432663   -0.00003617    0.31836525
    0.17387001   -0.00002493    0.20079802    0.26433132   -0.00003735    0.31836525
    0.17387317   -0.00002533    0.20079802    0.26433612   -0.00003795    0.31836525
    0.17387635   -0.00002533    0.20079802    0.26434097   -0.00003795    0.31836525
    0.17387951   -0.00002493    0.20079802    0.26434577   -0.00003735    0.31836525
    0.17388260   -0.00002414    0.20079802    0.26435046   -0.00003617    0.31836525
    0.17388556   -0.00002297    0.20079802    0.26435497   -0.00003441    0.31836525
    0.17388835   -0.00002143    0.20079802    0.26435921   -0.00003211    0.31836525
    0.17389093   -0.00001956    0.20079802    0.26436313   -0.00002931    0.31836525
    0.17389325   -0.00001738    0.20079802    0.26436666   -0.00002604    0.31836525
    0.17389528   -0.00001493    0.20079802    0.26436974   -0.00002236    0.31836525
    0.17389699   -0.00001224    0.20079802    0.26437234   -0.00001833    0.31836525
    0.17389835   -0.00000936    0.20079802    0.26437440   -0.00001402    0.31836525
    0.17389933   -0.00000633    0.20079802    0.26437590   -0.00000948    0.31836525
    0.17389993   -0.00000320    0.20079802    0.26437680   -0.00000479    0.31836525
    0.17389388   -0.00000002    0.20079945    0.26436761   -0.00000003    0.31836751
    0.17389373    0.00000238    0.20079945    0.26436738    0.00000356    0.31836751
    0.17389328    0.00000474    0.20079945    0.26436669    0.00000709    0.31836751
    0.17389254    0.00000702    0.20079945    0.26436557    0.00001052    0.31836751
    0.17389151    0.00000919    0.20079945    0.26436401    0.00001377    0.31836751
    0.17389023    0.00001122    0.20079945    0.26436206    0.00001681    0.31836751
    0.17388870    0.00001307    0.20079945    0.26435973    0.00001958    0.31836751
    0.17388695    0.00001471    0.20079945    0.26435707    0.00002204    0.31836751
    0.17388500    0.00001612    0.20079945    0.26435412    0.00002415    0.31836751
    0.17388290    0.00001728    0.20079945    0.26435092    0.00002588    0.31836751
    0.17388067    0.00001816    0.20079945    0.26434753    0.00002721    0.31836751
    0.17387834    0.00001876    0.20079945    0.26434399    0.00002810    0.31836751
    0.17387596    0.00001906    0.20079945    0.26434037    0.00002855    0.31836751
    0.17387356    0.00001906    0.20079945    0.26433672    0.00002855    0.31836751
    0.17387118    0.00001876    0.20079945    0.26433310    0.00002810    0.31836751
    0.17386885    0.00001816    0.20079945    0.26432957    0.00002721    0.31836751
    0.17386662    0.00001728    0.20079945    0.26432617    0.00002588    0.31836751
    0.17386452    0.00001612    0.20079945    0.26432297    0.00002415    0.31836751
    0.17386258    0.00001471    0.20079945    0.26432002    0.00002204    0.31836751
    0.17386083    0.00001307    0.20079945    0.26431736    0.00001958    0.31836751
    0.17385930    0.00001122    0.20079945    0.26431503    0.00001681    0.31836751
    0.17385801    0.00000919    0.20079945    0.26431308    0.00001377    0.31836751
    0.17385699    0.00000702    0.20079945    0.26431153    0.00001052    0.31836751
    0.17385625    0.00000474    0.20079945    0.26431040    0.00000709    0.31836751
    0.17385580    0.00000238    0.20079945    0.26430971    0.00000356    0.31836751
    0.17385565   -0.00000002    0.20079945    0.26430948   -0.00000003    0.31836751
    0.17385580   -0.00000241    0.20079945    0.26430971   -0.00000362    0.31836751
    0.17385625   -0.00000477    0.20079945    0.26431040   -0.00000715    0.31836751
    0.17385699   -0.00000705    0.20079945    0.26431153   -0.00001057    0.31836751
    0.17385801   -0.00000923    0.20079945    0.26431308   -0.00001382    0.31836751
    0.17385930   -0.00001125    0.20079945    0.26431503   -0.00001686    0.31836751
    0.17386083   -0.00001310    0.20079945    0.26431736   -0.00001963    0.31836751
    0.17386258   -0.00001475    0.20079945    0.26432002   -0.00002209    0.31836751
    0.17386452   -0.00001616    0.20079945    0.26432297   -0.00002421    0.31836751
    0.17386662   -0.00001731    0.20079945    0.26432617   -0.00002594    0.31836751
    0.17386885   -0.00001820    0.20079945    0.26432957   -0.00002726    0.31836751
    0.17387118   -0.00001880    0.20079945    0.26433310   -0.00002816    0.31836751
    0.17387356   -0.00001910    0.20079945    0.26433672   -0.00002861    0.31836751
    0.17387596   -0.00001910    0.20079945    0.26434037   -0.00002861    0.31836751
    0.17387834   -0.00001880    0.20079945    0.26434399   -0.00002816    0.31836751
    0.17388067   -0.00001820    0.20079945    0.26434753   -0.00002726    0.31836751
    0.17388290   -0.00001731    0.20079945    0.26435092   -0.00002594    0.31836751
    0.17388500   -0.00001616    0.20079945    0.26435412   -0.00002421    0.31836751
    0.17388695   -0.00001475    0.20079945    0.26435707   -0.00002209    0.31836751
    0.17388870   -0.00001310    0.20079945    0.26435973   -0.00001963    0.31836751
    0.17389023   -0.00001125    0.20079945    0.26436206   -0.00001686    0.31836751
    0.17389151   -0.00000923    0.20079945    0.26436401   -0.00001382    0.31836751
    0.17389254   -0.00000705    0.20079945    0.26436557   -0.00001057    0.31836751
    0.17389328   -0.00000477    0.20079945    0.26436669   -0.00000715    0.31836751
    0.17389373   -0.00000241    0.20079945    0.26436738   -0.00000362    0.31836751
    0.17388755   -0.00000002    0.20080047    0.26435799   -0.00000003    0.31836914
    0.17388745    0.00000158    0.20080047    0.26435783    0.00000237    0.31836914
    0.17388715    0.00000316    0.20080047    0.26435738    0.00000474    0.31836914
    0.17388665    0.00000469    0.20080047    0.26435662    0.00000703    0.31836914
    0.17388597    0.00000614    0.20080047    0.26435558    0.00000920    0.31836914
    0.17388511    0.00000750    0.20080047    0.26435427    0.00001123    0.31836914
    0.17388408    0.00000874    0.20080047    0.26435272    0.00001309    0.31836914
    0.17388291    0.00000984    0.20080047    0.26435094    0.00001473    0.31836914
    0.17388161    0.00001078    0.20080047    0.26434896    0.00001615    0.31836914
    0.17388021    0.00001155    0.20080047    0.26434682    0.00001731    0.31836914
    0.17387871    0.00001214    0.20080047    0.26434455    0.00001819    0.31836914
    0.17387716    0.00001254    0.20080047    0.26434219    0.00001879    0.31836914
    0.17387556    0.00001274    0.20080047    0.26433977    0.00001909    0.31836914
    0.17387396    0.00001274    0.20080047    0.26433733    0.00001909    0.31836914
    0.17387237    0.00001254    0.20080047    0.26433490    0.00001879    0.31836914
    0.17387081    0.00001214    0.20080047    0.26433254    0.00001819    0.31836914
    0.17386932    0.00001155    0.20080047    0.26433027    0.00001731    0.31836914
    0.17386791    0.00001078    0.20080047    0.26432813    0.00001615    0.31836914
    0.17386661    0.00000984    0.20080047    0.26432615    0.00001473    0.31836914
    0.17386544    0.00000874    0.20080047    0.26432437    0.00001309    0.31836914
    0.17386442    0.00000750    0.20080047    0.26432282    0.00001123    0.31836914
    0.17386356    0.00000614    0.20080047    0.26432151    0.00000920    0.31836914
    0.17386287    0.00000469    0.20080047    0.26432047    0.00000703    0.31836914
    0.17386238    0.00000316    0.20080047    0.26431972    0.00000474    0.31836914
    0.17386207    0.00000158    0.20080047    0.26431926    0.00000237    0.31836914
    0.17386197   -0.00000002    0.20080047    0.26431910   -0.00000003    0.31836914
    0.17386207   -0.00000162    0.20080047    0.26431926   -0.00000243    0.31836914
    0.17386238   -0.00000320    0.20080047    0.26431972   -0.00000479    0.31836914
    0.17386287   -0.00000473    0.20080047    0.26432047   -0.00000708    0.31836914
    0.17386356   -0.00000618    0.20080047    0.26432151   -0.00000926    0.31836914
    0.17386442   -0.00000753    0.20080047    0.26432282   -0.00001129    0.31836914
    0.17386544   -0.00000877    0.20080047    0.26432437   -0.00001314    0.31836914
    0.17386661   -0.00000987    0.20080047    0.26432615   -0.00001479    0.31836914
    0.17386791   -0.00001081    0.20080047    0.26432813   -0.00001620    0.31836914
    0.17386932   -0.00001159    0.20080047    0.26433027   -0.00001736    0.31836914
    0.17387081   -0.00001218    0.20080047    0.26433254   -0.00001825    0.31836914
    0.17387237   -0.00001258    0.20080047    0.26433490   -0.00001884    0.31836914
    0.17387396   -0.00001278    0.20080047    0.26433733   -0.00001915    0.31836914
    0.17387556   -0.00001278    0.20080047    0.26433977   -0.00001915    0.31836914
    0.17387716   -0.00001258    0.20080047    0.26434219   -0.00001884    0.31836914
    0.17387871   -0.00001218    0.20080047    0.26434455   -0.00001825    0.31836914
    0.17388021   -0.00001159    0.20080047    0.26434682   -0.00001736    0.31836914
    0.17388161   -0.00001081    0.20080047    0.26434896   -0.00001620    0.31836914
    0.17388291   -0.00000987    0.20080047    0.26435094   -0.00001479    0.31836914
    0.17388408   -0.00000877    0.20080047    0.26435272   -0.00001314    0.31836914
    0.17388511   -0.00000753    0.20080047    0.26435427   -0.00001129    0.31836914
    0.17388597   -0.00000618    0.20080047    0.26435558   -0.00000926    0.31836914
    0.17388665   -0.00000473    0.20080047    0.26435662   -0.00000708    0.31836914
    0.17388715   -0.00000320    0.20080047    0.26435738   -0.00000479    0.31836914
    0.17388745   -0.00000162    0.20080047    0.26435783   -0.00000243    0.31836914
    0.17388117   -0.00000002    0.20080109    0.26434829   -0.00000003    0.31837011
    0.17388112    0.00000079    0.20080109    0.26434821    0.00000118    0.31837011
    0.17388097    0.00000158    0.20080109    0.26434798    0.00000236    0.31837011
    0.17388072    0.00000234    0.20080109    0.26434760    0.00000351    0.31837011
    0.17388038    0.00000307    0.20080109    0.26434708    0.00000460    0.31837011
    0.17387995    0.00000375    0.20080109    0.26434643    0.00000561    0.31837011
    0.17387943    0.00000437    0.20080109    0.26434565    0.00000654    0.31837011
    0.17387885    0.00000492    0.20080109    0.26434475    0.00000737    0.31837011
    0.17387819    0.00000539    0.20080109    0.26434377    0.00000808    0.31837011
    0.17387749    0.00000578    0.20080109    0.26434269    0.00000866    0.31837011
    0.17387674    0.00000608    0.20080109    0.26434156    0.00000910    0.31837011
    0.17387596    0.00000628    0.20080109    0.26434037    0.00000940    0.31837011
    0.17387516    0.00000638    0.20080109    0.26433916    0.00000955    0.31837011
    0.17387436    0.00000638    0.20080109    0.26433793    0.00000955    0.31837011
    0.17387356    0.00000628    0.20080109    0.26433672    0.00000940    0.31837011
    0.17387278    0.00000608    0.20080109    0.26433554    0.00000910    0.31837011
    0.17387203    0.00000578    0.20080109    0.26433440    0.00000866    0.31837011
    0.17387133    0.00000539    0.20080109    0.26433333    0.00000808    0.31837011
    0.17387068    0.00000492    0.20080109    0.26433234    0.00000737    0.31837011
    0.17387009    0.00000437    0.20080109    0.26433145    0.00000654    0.31837011
    0.17386958    0.00000375    0.20080109    0.26433067    0.00000561    0.31837011
    0.17386915    0.00000307    0.20080109    0.26433001    0.00000460    0.31837011
    0.17386880    0.00000234    0.20080109    0.26432949    0.00000351    0.31837011
    0.17386856    0.00000158    0.20080109    0.26432911    0.00000236    0.31837011
    0.17386841    0.00000079    0.20080109    0.26432888    0.00000118    0.31837011
    0.17386835   -0.00000002    0.20080109    0.26432881   -0.00000003    0.31837011
    0.17386841   -0.00000082    0.20080109    0.26432888   -0.00000123    0.31837011
    0.17386856   -0.00000161    0.20080109    0.26432911   -0.00000241    0.31837011
    0.17386880   -0.00000238    0.20080109    0.26432949   -0.00000356    0.31837011
    0.17386915   -0.00000310    0.20080109    0.26433001   -0.00000465    0.31837011
    0.17386958   -0.00000378    0.20080109    0.26433067   -0.00000567    0.31837011
    0.17387009   -0.00000440    0.20080109    0.26433145   -0.00000660    0.31837011
    0.17387068   -0.00000495    0.20080109    0.26433234   -0.00000742    0.31837011
    0.17387133   -0.00000543    0.20080109    0.26433333   -0.00000813    0.31837011
    0.17387203   -0.00000582    0.20080109    0.26433440   -0.00000871    0.31837011
    0.17387278   -0.00000611    0.20080109    0.26433554   -0.00000916    0.31837011
    0.17387356   -0.00000631    0.20080109    0.26433672   -0.00000945    0.31837011
    0.17387436   -0.00000641    0.20080109    0.26433793   -0.00000961    0.31837011
    0.17387516   -0.00000641    0.20080109    0.26433916   -0.00000961    0.31837011
    0.17387596   -0.00000631    0.20080109    0.26434037   -0.00000945    0.31837011
    0.17387674   -0.00000611    0.20080109    0.26434156   -0.00000916    0.31837011
    0.17387749   -0.00000582    0.20080109    0.26434269   -0.00000871    0.31837011
    0.17387819   -0.00000543    0.20080109    0.26434377   -0.00000813    0.31837011
    0.17387885   -0.00000495    0.20080109    0.26434475   -0.00000742    0.31837011
    0.17387943   -0.00000440    0.20080109    0.26434565   -0.00000660    0.31837011
    0.17387995   -0.00000378    0.20080109    0.26434643   -0.00000567    0.31837011
    0.17388038   -0.00000310    0.20080109    0.26434708   -0.00000465    0.31837011
    0.17388072   -0.00000238    0.20080109    0.26434760   -0.00000356    0.31837011
    0.17388097   -0.00000161    0.20080109    0.26434798   -0.00000241    0.31837011
    0.17388112   -0.00000082    0.20080109    0.26434821   -0.00000123    0.31837011
    0.17387540   -0.00000002    0.20080129    0.26433952   -0.00000003    0.31837043
    0.17387540    0.00000006    0.20080129    0.26433951    0.00000009    0.31837043
    0.17387538    0.00000014    0.20080129    0.26433949    0.00000021    0.31837043
    0.17387536    0.00000022    0.20080129    0.26433945    0.00000033    0.31837043
    0.17387532    0.00000029    0.20080129    0.26433940    0.00000044    0.31837043
    0.17387528    0.00000036    0.20080129    0.26433933    0.00000054    0.31837043
    0.17387523    0.00000042    0.20080129    0.26433926    0.00000063    0.31837043
    0.17387517    0.00000048    0.20080129    0.26433917    0.00000071    0.31837043
    0.17387511    0.00000052    0.20080129    0.26433907    0.00000078    0.31837043
    0.17387503    0.00000056    0.20080129    0.26433896    0.00000084    0.31837043
    0.17387496    0.00000059    0.20080129    0.26433885    0.00000089    0.31837043
    0.17387488    0.00000061    0.20080129    0.26433873    0.00000092    0.31837043
    0.17387480    0.00000062    0.20080129    0.26433861    0.00000093    0.31837043
    0.17387472    0.00000062    0.20080129    0.26433848    0.00000093    0.31837043
    0.17387464    0.00000061    0.20080129    0.26433836    0.00000092    0.31837043
    0.17387456    0.00000059    0.20080129    0.26433824    0.00000089    0.31837043
    0.17387449    0.00000056    0.20080129    0.26433813    0.00000084    0.31837043
    0.17387442    0.00000052    0.20080129    0.26433802    0.00000078    0.31837043
    0.17387435    0.00000048    0.20080129    0.26433792    0.00000071    0.31837043
    0.17387429    0.00000042    0.20080129    0.26433784    0.00000063    0.31837043
    0.17387424    0.00000036    0.20080129    0.26433776    0.00000054    0.31837043
    0.17387420    0.00000029    0.20080129    0.26433769    0.00000044    0.31837043
    0.17387417    0.00000022    0.20080129    0.26433764    0.00000033    0.31837043
    0.17387414    0.00000014    0.20080129    0.26433760    0.00000021    0.31837043
    0.17387413    0.00000006    0.20080129    0.26433758    0.00000009    0.31837043
    0.17387412   -0.00000002    0.20080129    0.26433757   -0.00000003    0.31837043
    0.17387413   -0.00000010    0.20080129    0.26433758   -0.00000015    0.31837043
    0.17387414   -0.00000018    0.20080129    0.26433760   -0.00000027    0.31837043
    0.17387417   -0.00000025    0.20080129    0.26433764   -0.00000038    0.31837043
    0.17387420   -0.00000033    0.20080129    0.26433769   -0.00000049    0.31837043
    0.17387424   -0.00000039    0.20080129    0.26433776   -0.00000059    0.31837043
    0.17387429   -0.00000046    0.20080129    0.26433784   -0.00000068    0.31837043
    0.17387435   -0.00000051    0.20080129    0.26433792   -0.00000077    0.31837043
    0.17387442   -0.00000056    0.20080129    0.26433802   -0.00000084    0.31837043
    0.17387449   -0.00000060    0.20080129    0.26433813   -0.00000090    0.31837043
    0.17387456   -0.00000063    0.20080129    0.26433824   -0.00000094    0.31837043
    0.17387464   -0.00000065    0.20080129    0.26433836   -0.00000097    0.31837043
    0.17387472   -0.00000066    0.20080129    0.26433848   -0.00000099    0.31837043
    0.17387480   -0.00000066    0.20080129    0.26433861   -0.00000099    0.31837043
    0.17387488   -0.00000065    0.20080129    0.26433873   -0.00000097    0.31837043
    0.17387496   -0.00000063    0.20080129    0.26433885   -0.00000094    0.31837043
    0.17387503   -0.00000060    0.20080129    0.26433896   -0.00000090    0.31837043
    0.17387511   -0.00000056    0.20080129    0.26433907   -0.00000084    0.31837043
    0.17387517   -0.00000051    0.20080129    0.26433917   -0.00000077    0.31837043
    0.17387523   -0.00000046    0.20080129    0.26433926   -0.00000068    0.31837043
    0.17387528   -0.00000039    0.20080129    0.26433933   -0.00000059    0.31837043
    0.17387532   -0.00000033    0.20080129    0.26433940   -0.00000049    0.31837043
    0.17387536   -0.00000025    0.20080129    0.26433945   -0.00000038    0.31837043
    0.17387538   -0.00000018    0.20080129    0.26433949   -0.00000027    0.31837043
    0.17387540   -0.00000010    0.20080129    0.26433951   -0.00000015    0.31837043
