    0.04727754   -0.00326333   -0.09508024    0.14878724    0.07105245    0.00492600
    0.04727747   -0.00326212   -0.09508024    0.14878724    0.07105234    0.00492418
    0.04727724   -0.00326094   -0.09508024    0.14878724    0.07105200    0.00492239
    0.04727687   -0.00325979   -0.09508024    0.14878724    0.07105144    0.00492066
    0.04727635   -0.00325869   -0.09508024    0.14878724    0.07105067    0.00491901
    0.04727571   -0.00325767   -0.09508024    0.14878724    0.07104969    0.00491747
    0.04727494   -0.00325674   -0.09508024    0.14878724    0.07104854    0.00491606
    0.04727406   -0.00325592   -0.09508024    0.14878724    0.07104721    0.00491481
    0.04727308   -0.00325521   -0.09508024    0.14878724    0.07104574    0.00491374
    0.04727202   -0.00325463   -0.09508024    0.14878724    0.07104415    0.00491286
    0.04727090   -0.00325418   -0.09508024    0.14878724    0.07104247    0.00491219
    0.04726973   -0.00325388   -0.09508024    0.14878724    0.07104071    0.00491174
    0.04726853   -0.00325373   -0.09508024    0.14878724    0.07103891    0.00491151
    0.04726732   -0.00325373   -0.09508024    0.14878724    0.07103709    0.00491151
    0.04726612   -0.00325388   -0.09508024    0.14878724    0.07103529    0.00491174
    0.04726495   -0.00325418   -0.09508024    0.14878724    0.07103353    0.00491219
    0.04726383   -0.00325463   -0.09508024    0.14878724    0.07103185    0.00491286
    0.04726277   -0.00325521   -0.09508024    0.14878724    0.07103026    0.00491374
    0.04726180   -0.00325592   -0.09508024    0.14878724    0.07102879    0.00491481
    0.04726092   -0.00325674   -0.09508024    0.14878724    0.07102746    0.00491606
    0.04726015   -0.00325767   -0.09508024    0.14878724    0.07102631    0.00491747
    0.04725950   -0.00325869   -0.09508024    0.14878724    0.07102533    0.00491901
    0.04725898   -0.00325979   -0.09508024    0.14878724    0.07102456    0.00492066
    0.04725861   -0.00326094   -0.09508024    0.14878724    0.07102400    0.00492239
    0.04725839   -0.00326212   -0.09508024    0.14878724    0.07102366    0.00492418
    0.04725831   -0.00326333   -0.09508024    0.14878724    0.07102355    0.00492600
    0.04725839   -0.00326453   -0.09508024    0.14878724    0.07102366    0.00492782
    0.04725861   -0.00326572   -0.09508024    0.14878724    0.07102400    0.00492961
    0.04725898   -0.00326687   -0.09508024    0.14878724    0.07102456    0.00493134
    0.04725950   -0.00326796   -0.09508024    0.14878724    0.07102533    0.00493299
    0.04726015   -0.00326898   -0.09508024    0.14878724    0.07102631    0.00493453
    0.04726092   -0.00326991   -0.09508024    0.14878724    0.07102746    0.00493594
    0.04726180   -0.00327074   -0.09508024    0.14878724    0.07102879    0.00493719
    0.04726277   -0.00327145   -0.09508024    0.14878724    0.07103026    0.00493826
    0.04726383   -0.00327203   -0.09508024    0.14878724    0.07103185    0.00493914
    0.04726495   -0.00327247   -0.09508024    0.14878724    0.07103353    0.00493981
    0.04726612   -0.00327277   -0.09508024    0.14878724    0.07103529    0.00494026
    0.04726732   -0.00327293   -0.09508024    0.14878724    0.07103709    0.00494049
    0.04726853   -0.00327293   -0.09508024    0.14878724    0.07103891    0.00494049
    0.04726973   -0.00327277   -0.09508024    0.14878724    0.07104071    0.00494026
    0.04727090   -0.00327247   -0.09508024    0.14878724    0.07104247    0.00493981
    0.04727202   -0.00327203   -0.09508024    0.14878724    0.07104415    0.00493914
    0.04727308   -0.00327145   -0.09508024    0.14878724    0.07104574    0.00493826
    0.04727406   -0.00327074   -0.09508024    0.14878724    0.07104721    0.00493719
    0.04727494   -0.00326991   -0.09508024    0.14878724    0.07104854    0.00493594
    0.04727571   -0.00326898   -0.09508024    0.14878724    0.07104969    0.00493453
    0.04727635   -0.00326796   -0.09508024    0.14878724    0.07105067    0.00493299
    0.04727687   -0.00326687   -0.09508024    0.14878724    0.07105144    0.00493134
    0.04727724   -0.00326572   -0.09508024    0.14878724    0.07105200    0.00492961
    0.04727747   -0.00326453   -0.09508024    0.14878724    0.07105234    0.00492782
    0.04736403   -0.00326333   -0.09507719    0.14878247    0.07118243    0.00492600
    0.04736327   -0.00325128   -0.09507719    0.14878247    0.07118130    0.00490782
    0.04736101   -0.00323943   -0.09507719    0.14878247    0.07117790    0.00488992
    0.04735728   -0.00322795   -0.09507719    0.14878247    0.07117229    0.00487260
    0.04735214   -0.00321703   -0.09507719    0.14878247    0.07116457    0.00485611
    0.04734568   -0.00320684   -0.09507719    0.14878247    0.07115485    0.00484073
    0.04733798   -0.00319754   -0.09507719    0.14878247    0.07114329    0.00482669
    0.04732919   -0.00318928   -0.09507719    0.14878247    0.07113007    0.00481422
    0.04731942   -0.00318218   -0.09507719    0.14878247    0.07111539    0.00480351
    0.04730885   -0.00317637   -0.09507719    0.14878247    0.07109950    0.00479474
    0.04729762   -0.00317193   -0.09507719    0.14878247    0.07108263    0.00478803
    0.04728593   -0.00316892   -0.09507719    0.14878247    0.07106506    0.00478350
    0.04727396   -0.00316741   -0.09507719    0.14878247    0.07104707    0.00478122
    0.04726189   -0.00316741   -0.09507719    0.14878247    0.07102893    0.00478122
    0.04724992   -0.00316892   -0.09507719    0.14878247    0.07101094    0.00478350
    0.04723823   -0.00317193   -0.09507719    0.14878247    0.07099337    0.00478803
    0.04722701   -0.00317637   -0.09507719    0.14878247    0.07097650    0.00479474
    0.04721643   -0.00318218   -0.09507719    0.14878247    0.07096061    0.00480351
    0.04720667   -0.00318928   -0.09507719    0.14878247    0.07094593    0.00481422
    0.04719787   -0.00319754   -0.09507719    0.14878247    0.07093271    0.00482669
    0.04719018   -0.00320684   -0.09507719    0.14878247    0.07092115    0.00484073
    0.04718371   -0.00321703   -0.09507719    0.14878247    0.07091143    0.00485611
    0.04717857   -0.00322795   -0.09507719    0.14878247    0.07090371    0.00487260
    0.04717484   -0.00323943   -0.09507719    0.14878247    0.07089810    0.00488992
    0.04717258   -0.00325128   -0.09507719    0.14878247    0.07089470    0.00490782
    0.04717182   -0.00326333   -0.09507719    0.14878247    0.07089357    0.00492600
    0.04717258   -0.00327537   -0.09507719    0.14878247    0.07089470    0.00494418
    0.04717484   -0.00328723   -0.09507719    0.14878247    0.07089810    0.00496208
    0.04717857   -0.00329871   -0.09507719    0.14878247    0.07090371    0.00497940
    0.04718371   -0.00330963   -0.09507719    0.14878247    0.07091143    0.00499589
    0.04719018   -0.00331982   -0.09507719    0.14878247    0.07092115    0.00501127
    0.04719787   -0.00332912   -0.09507719    0.14878247    0.07093271    0.00502531
    0.04720667   -0.00333738   -0.09507719    0.14878247    0.07094593    0.00503778
    0.04721643   -0.00334447   -0.09507719    0.14878247    0.07096061    0.00504849
    0.04722701   -0.00335029   -0.09507719    0.14878247    0.07097650    0.00505726
    0.04723823   -0.00335473   -0.09507719    0.14878247    0.07099337    0.00506397
    0.04724992   -0.00335773   -0.09507719    0.14878247    0.07101094    0.00506850
    0.04726189   -0.00335924   -0.09507719    0.14878247    0.07102893    0.00507078
    0.04727396   -0.00335924   -0.09507719    0.14878247    0.07104707    0.00507078
    0.04728593   -0.00335773   -0.09507719    0.14878247    0.07106506    0.00506850
    0.04729762   -0.00335473   -0.09507719    0.14878247    0.07108263    0.00506397
    0.04730885   -0.00335029   -0.09507719    0.14878247    0.07109950    0.00505726
    0.04731942   -0.00334447   -0.09507719    0.14878247    0.07111539    0.00504849
    0.04732919   -0.00333738   -0.09507719    0.14878247    0.07113007    0.00503778
    0.04733798   -0.00332912   -0.09507719    0.14878247    0.07114329    0.00502531
    0.04734568   -0.00331982   -0.09507719    0.14878247    0.07115485    0.00501127
    0.04735214   -0.00330963   -0.09507719    0.14878247    0.07116457    0.00499589
    0.04735728   -0.00329871   -0.09507719    0.14878247    0.07117229    0.00497940
    0.04736101   -0.00328723   -0.09507719    0.14878247    0.07117790    0.00496208
    0.04736327   -0.00327537   -0.09507719    0.14878247    0.07118130    0.00494418
    0.04745974   -0.00326333   -0.09506796    0.14876802    0.07132628    0.00492600
    0.04745823   -0.00323929   -0.09506796    0.14876802    0.07132400    0.00488971
    0.04745372   -0.00321562   -0.09506796    0.14876802    0.07131722    0.00485399
    0.04744627   -0.00319272   -0.09506796    0.14876802    0.07130603    0.00481941
    0.04743602   -0.00317092   -0.09506796    0.14876802    0.07129062    0.00478651
    0.04742311   -0.00315058   -0.09506796    0.14876802    0.07127122    0.00475581
    0.04740775   -0.00313202   -0.09506796    0.14876802    0.07124814    0.00472779
    0.04739019   -0.00311553   -0.09506796    0.14876802    0.07122175    0.00470290
    0.04737071   -0.00310137   -0.09506796    0.14876802    0.07119247    0.00468153
    0.04734960   -0.00308977   -0.09506796    0.14876802    0.07116074    0.00466401
    0.04732720   -0.00308090   -0.09506796    0.14876802    0.07112708    0.00465063
    0.04730387   -0.00307491   -0.09506796    0.14876802    0.07109202    0.00464158
    0.04727997   -0.00307189   -0.09506796    0.14876802    0.07105610    0.00463703
    0.04725588   -0.00307189   -0.09506796    0.14876802    0.07101990    0.00463703
    0.04723198   -0.00307491   -0.09506796    0.14876802    0.07098398    0.00464158
    0.04720865   -0.00308090   -0.09506796    0.14876802    0.07094892    0.00465063
    0.04718626   -0.00308977   -0.09506796    0.14876802    0.07091526    0.00466401
    0.04716515   -0.00310137   -0.09506796    0.14876802    0.07088353    0.00468153
    0.04714566   -0.00311553   -0.09506796    0.14876802    0.07085425    0.00470290
    0.04712810   -0.00313202   -0.09506796    0.14876802    0.07082786    0.00472779
    0.04711274   -0.00315058   -0.09506796    0.14876802    0.07080478    0.00475581
    0.04709984   -0.00317092   -0.09506796    0.14876802    0.07078538    0.00478651
    0.04708958   -0.00319272   -0.09506796    0.14876802    0.07076997    0.00481941
    0.04708214   -0.00321562   -0.09506796    0.14876802    0.07075878    0.00485399
    0.04707762   -0.00323929   -0.09506796    0.14876802    0.07075200    0.00488971
    0.04707611   -0.00326333   -0.09506796    0.14876802    0.07074972    0.00492600
    0.04707762   -0.00328737   -0.09506796    0.14876802    0.07075200    0.00496229
    0.04708214   -0.00331103   -0.09506796    0.14876802    0.07075878    0.00499801
    0.04708958   -0.00333394   -0.09506796    0.14876802    0.07076997    0.00503259
    0.04709984   -0.00335574   -0.09506796    0.14876802    0.07078538    0.00506549
    0.04711274   -0.00337607   -0.09506796    0.14876802    0.07080478    0.00509619
    0.04712810   -0.00339463   -0.09506796    0.14876802    0.07082786    0.00512421
    0.04714566   -0.00341112   -0.09506796    0.14876802    0.07085425    0.00514910
    0.04716515   -0.00342528   -0.09506796    0.14876802    0.07088353    0.00517047
    0.04718626   -0.00343689   -0.09506796    0.14876802    0.07091526    0.00518799
    0.04720865   -0.00344575   -0.09506796    0.14876802    0.07094892    0.00520137
    0.04723198   -0.00345175   -0.09506796    0.14876802    0.07098398    0.00521042
    0.04725588   -0.00345476   -0.09506796    0.14876802    0.07101990    0.00521497
    0.04727997   -0.00345476   -0.09506796    0.14876802    0.07105610    0.00521497
    0.04730387   -0.00345175   -0.09506796    0.14876802    0.07109202    0.00521042
    0.04732720   -0.00344575   -0.09506796    0.14876802    0.07112708    0.00520137
    0.04734960   -0.00343689   -0.09506796    0.14876802    0.07116074    0.00518799
    0.04737071   -0.00342528   -0.09506796    0.14876802    0.07119247    0.00517047
    0.04739019   -0.00341112   -0.09506796    0.14876802    0.07122175    0.00514910
    0.04740775   -0.00339463   -0.09506796    0.14876802    0.07124814    0.00512421
    0.04742311   -0.00337607   -0.09506796    0.14876802    0.07127122    0.00509619
    0.04743602   -0.00335574   -0.09506796    0.14876802    0.07129062    0.00506549
    0.04744627   -0.00333394   -0.09506796    0.14876802    0.07130603    0.00503259
    0.04745372   -0.00331103   -0.09506796    0.14876802    0.07131722    0.00499801
    0.04745823   -0.00328737   -0.09506796    0.14876802    0.07132400    0.00496229
    0.04755466   -0.00326333   -0.09505261    0.14874400    0.07146893    0.00492600
    0.04755240   -0.00322739   -0.09505261    0.14874400    0.07146553    0.00487175
    0.04754566   -0.00319202   -0.09505261    0.14874400    0.07145539    0.00481836
    0.04753453   -0.00315777   -0.09505261    0.14874400    0.07143867    0.00476666
    0.04751920   -0.00312519   -0.09505261    0.14874400    0.07141563    0.00471748
    0.04749990   -0.00309479   -0.09505261    0.14874400    0.07138663    0.00467159
    0.04747695   -0.00306704   -0.09505261    0.14874400    0.07135214    0.00462971
    0.04745070   -0.00304239   -0.09505261    0.14874400    0.07131269    0.00459250
    0.04742157   -0.00302123   -0.09505261    0.14874400    0.07126891    0.00456055
    0.04739001   -0.00300388   -0.09505261    0.14874400    0.07122148    0.00453436
    0.04735653   -0.00299062   -0.09505261    0.14874400    0.07117117    0.00451435
    0.04732166   -0.00298167   -0.09505261    0.14874400    0.07111875    0.00450084
    0.04728593   -0.00297716   -0.09505261    0.14874400    0.07106506    0.00449402
    0.04724992   -0.00297716   -0.09505261    0.14874400    0.07101094    0.00449402
    0.04721420   -0.00298167   -0.09505261    0.14874400    0.07095725    0.00450084
    0.04717932   -0.00299062   -0.09505261    0.14874400    0.07090483    0.00451435
    0.04714584   -0.00300388   -0.09505261    0.14874400    0.07085452    0.00453436
    0.04711428   -0.00302123   -0.09505261    0.14874400    0.07080709    0.00456055
    0.04708515   -0.00304239   -0.09505261    0.14874400    0.07076331    0.00459250
    0.04705890   -0.00306704   -0.09505261    0.14874400    0.07072386    0.00462971
    0.04703595   -0.00309479   -0.09505261    0.14874400    0.07068937    0.00467159
    0.04701666   -0.00312519   -0.09505261    0.14874400    0.07066037    0.00471748
    0.04700132   -0.00315777   -0.09505261    0.14874400    0.07063733    0.00476666
    0.04699020   -0.00319202   -0.09505261    0.14874400    0.07062061    0.00481836
    0.04698345   -0.00322739   -0.09505261    0.14874400    0.07061047    0.00487175
    0.04698119   -0.00326333   -0.09505261    0.14874400    0.07060707    0.00492600
    0.04698345   -0.00329927   -0.09505261    0.14874400    0.07061047    0.00498025
    0.04699020   -0.00333464   -0.09505261    0.14874400    0.07062061    0.00503364
    0.04700132   -0.00336888   -0.09505261    0.14874400    0.07063733    0.00508534
    0.04701666   -0.00340146   -0.09505261    0.14874400    0.07066037    0.00513452
    0.04703595   -0.00343187   -0.09505261    0.14874400    0.07068937    0.00518041
    0.04705890   -0.00345961   -0.09505261    0.14874400    0.07072386    0.00522229
    0.04708515   -0.00348426   -0.09505261    0.14874400    0.07076331    0.00525950
    0.04711428   -0.00350543   -0.09505261    0.14874400    0.07080709    0.00529145
    0.04714584   -0.00352278   -0.09505261    0.14874400    0.07085452    0.00531764
    0.04717932   -0.00353603   -0.09505261    0.14874400    0.07090483    0.00533765
    0.04721420   -0.00354499   -0.09505261    0.14874400    0.07095725    0.00535116
    0.04724992   -0.00354950   -0.09505261    0.14874400    0.07101094    0.00535798
    0.04728593   -0.00354950   -0.09505261    0.14874400    0.07106506    0.00535798
    0.04732166   -0.00354499   -0.09505261    0.14874400    0.07111875    0.00535116
    0.04735653   -0.00353603   -0.09505261    0.14874400    0.07117117    0.00533765
    0.04739001   -0.00352278   -0.09505261    0.14874400    0.07122148    0.00531764
    0.04742157   -0.00350543   -0.09505261    0.14874400    0.07126891    0.00529145
    0.04745070   -0.00348426   -0.09505261    0.14874400    0.07131269    0.00525950
    0.04747695   -0.00345961   -0.09505261    0.14874400    0.07135214    0.00522229
    0.04749990   -0.00343187   -0.09505261    0.14874400    0.07138663    0.00518041
    0.04751920   -0.00340146   -0.09505261    0.14874400    0.07141563    0.00513452
    0.04753453   -0.00336888   -0.09505261    0.14874400    0.07143867    0.00508534
    0.04754566   -0.00333464   -0.09505261    0.14874400    0.07145539    0.00503364
    0.04755240   -0.00329927   -0.09505261    0.14874400    0.07146553    0.00498025
    0.04764841   -0.00326333   -0.09503122    0.14871052    0.07160982    0.00492600
    0.04764541   -0.00321564   -0.09503122    0.14871052    0.07160531    0.00485402
    0.04763645   -0.00316871   -0.09503122    0.14871052    0.07159185    0.00478317
    0.04762169   -0.00312326   -0.09503122    0.14871052    0.07156966    0.00471457
    0.04760135   -0.00308003   -0.09503122    0.14871052    0.07153909    0.00464931
    0.04757574   -0.00303969   -0.09503122    0.14871052    0.07150061    0.00458841
    0.04754529   -0.00300287   -0.09503122    0.14871052    0.07145484    0.00453284
    0.04751045   -0.00297016   -0.09503122    0.14871052    0.07140249    0.00448346
    0.04747180   -0.00294208   -0.09503122    0.14871052    0.07134440    0.00444107
    0.04742993   -0.00291906   -0.09503122    0.14871052    0.07128147    0.00440632
    0.04738550   -0.00290147   -0.09503122    0.14871052    0.07121470    0.00437977
    0.04733922   -0.00288958   -0.09503122    0.14871052    0.07114515    0.00436183
    0.04729182   -0.00288360   -0.09503122    0.14871052    0.07107390    0.00435280
    0.04724404   -0.00288360   -0.09503122    0.14871052    0.07100210    0.00435280
    0.04719663   -0.00288958   -0.09503122    0.14871052    0.07093085    0.00436183
    0.04715035   -0.00290147   -0.09503122    0.14871052    0.07086130    0.00437977
    0.04710593   -0.00291906   -0.09503122    0.14871052    0.07079453    0.00440632
    0.04706405   -0.00294208   -0.09503122    0.14871052    0.07073160    0.00444107
    0.04702540   -0.00297016   -0.09503122    0.14871052    0.07067351    0.00448346
    0.04699057   -0.00300287   -0.09503122    0.14871052    0.07062116    0.00453284
    0.04696011   -0.00303969   -0.09503122    0.14871052    0.07057539    0.00458841
    0.04693451   -0.00308003   -0.09503122    0.14871052    0.07053691    0.00464931
    0.04691416   -0.00312326   -0.09503122    0.14871052    0.07050634    0.00471457
    0.04689940   -0.00316871   -0.09503122    0.14871052    0.07048415    0.00478317
    0.04689044   -0.00321564   -0.09503122    0.14871052    0.07047069    0.00485402
    0.04688744   -0.00326333   -0.09503122    0.14871052    0.07046618    0.00492600
    0.04689044   -0.00331101   -0.09503122    0.14871052    0.07047069    0.00499798
    0.04689940   -0.00335795   -0.09503122    0.14871052    0.07048415    0.00506883
    0.04691416   -0.00340339   -0.09503122    0.14871052    0.07050634    0.00513743
    0.04693451   -0.00344663   -0.09503122    0.14871052    0.07053691    0.00520269
    0.04696011   -0.00348697   -0.09503122    0.14871052    0.07057539    0.00526359
    0.04699057   -0.00352379   -0.09503122    0.14871052    0.07062116    0.00531916
    0.04702540   -0.00355649   -0.09503122    0.14871052    0.07067351    0.00536854
    0.04706405   -0.00358458   -0.09503122    0.14871052    0.07073160    0.00541093
    0.04710593   -0.00360760   -0.09503122    0.14871052    0.07079453    0.00544568
    0.04715035   -0.00362519   -0.09503122    0.14871052    0.07086130    0.00547223
    0.04719663   -0.00363707   -0.09503122    0.14871052    0.07093085    0.00549017
    0.04724404   -0.00364306   -0.09503122    0.14871052    0.07100210    0.00549920
    0.04729182   -0.00364306   -0.09503122    0.14871052    0.07107390    0.00549920
    0.04733922   -0.00363707   -0.09503122    0.14871052    0.07114515    0.00549017
    0.04738550   -0.00362519   -0.09503122    0.14871052    0.07121470    0.00547223
    0.04742993   -0.00360760   -0.09503122    0.14871052    0.07128147    0.00544568
    0.04747180   -0.00358458   -0.09503122    0.14871052    0.07134440    0.00541093
    0.04751045   -0.00355649   -0.09503122    0.14871052    0.07140249    0.00536854
    0.04754529   -0.00352379   -0.09503122    0.14871052    0.07145484    0.00531916
    0.04757574   -0.00348697   -0.09503122    0.14871052    0.07150061    0.00526359
    0.04760135   -0.00344663   -0.09503122    0.14871052    0.07153909    0.00520269
    0.04762169   -0.00340339   -0.09503122    0.14871052    0.07156966    0.00513743
    0.04763645   -0.00335795   -0.09503122    0.14871052    0.07159185    0.00506883
    0.04764541   -0.00331101   -0.09503122    0.14871052    0.07160531    0.00499798
    0.04774059   -0.00326333   -0.09500386    0.14866771    0.07174835    0.00492600
    0.04773686   -0.00320409   -0.09500386    0.14866771    0.07174275    0.00483658
    0.04772574   -0.00314578   -0.09500386    0.14866771    0.07172604    0.00474856
    0.04770740   -0.00308933   -0.09500386    0.14866771    0.07169847    0.00466335
    0.04768212   -0.00303562   -0.09500386    0.14866771    0.07166049    0.00458228
    0.04765032   -0.00298550   -0.09500386    0.14866771    0.07161269    0.00450662
    0.04761248   -0.00293977   -0.09500386    0.14866771    0.07155583    0.00443759
    0.04756921   -0.00289913   -0.09500386    0.14866771    0.07149080    0.00437625
    0.04752119   -0.00286425   -0.09500386    0.14866771    0.07141863    0.00432358
    0.04746918   -0.00283565   -0.09500386    0.14866771    0.07134045    0.00428042
    0.04741399   -0.00281380   -0.09500386    0.14866771    0.07125751    0.00424744
    0.04735649   -0.00279904   -0.09500386    0.14866771    0.07117111    0.00422515
    0.04729761   -0.00279160   -0.09500386    0.14866771    0.07108260    0.00421392
    0.04723825   -0.00279160   -0.09500386    0.14866771    0.07099340    0.00421392
    0.04717936   -0.00279904   -0.09500386    0.14866771    0.07090489    0.00422515
    0.04712187   -0.00281380   -0.09500386    0.14866771    0.07081849    0.00424744
    0.04706668   -0.00283565   -0.09500386    0.14866771    0.07073555    0.00428042
    0.04701466   -0.00286425   -0.09500386    0.14866771    0.07065737    0.00432358
    0.04696664   -0.00289913   -0.09500386    0.14866771    0.07058520    0.00437625
    0.04692337   -0.00293977   -0.09500386    0.14866771    0.07052017    0.00443759
    0.04688553   -0.00298550   -0.09500386    0.14866771    0.07046331    0.00450662
    0.04685373   -0.00303562   -0.09500386    0.14866771    0.07041551    0.00458228
    0.04682846   -0.00308933   -0.09500386    0.14866771    0.07037753    0.00466335
    0.04681011   -0.00314578   -0.09500386    0.14866771    0.07034996    0.00474856
    0.04679899   -0.00320409   -0.09500386    0.14866771    0.07033325    0.00483658
    0.04679526   -0.00326333   -0.09500386    0.14866771    0.07032765    0.00492600
    0.04679899   -0.00332257   -0.09500386    0.14866771    0.07033325    0.00501542
    0.04681011   -0.00338087   -0.09500386    0.14866771    0.07034996    0.00510344
    0.04682846   -0.00343733   -0.09500386    0.14866771    0.07037753    0.00518865
    0.04685373   -0.00349103   -0.09500386    0.14866771    0.07041551    0.00526972
    0.04688553   -0.00354115   -0.09500386    0.14866771    0.07046331    0.00534538
    0.04692337   -0.00358689   -0.09500386    0.14866771    0.07052017    0.00541441
    0.04696664   -0.00362752   -0.09500386    0.14866771    0.07058520    0.00547575
    0.04701466   -0.00366241   -0.09500386    0.14866771    0.07065737    0.00552842
    0.04706668   -0.00369101   -0.09500386    0.14866771    0.07073555    0.00557158
    0.04712187   -0.00371286   -0.09500386    0.14866771    0.07081849    0.00560456
    0.04717936   -0.00372762   -0.09500386    0.14866771    0.07090489    0.00562685
    0.04723825   -0.00373506   -0.09500386    0.14866771    0.07099340    0.00563808
    0.04729761   -0.00373506   -0.09500386    0.14866771    0.07108260    0.00563808
    0.04735649   -0.00372762   -0.09500386    0.14866771    0.07117111    0.00562685
    0.04741399   -0.00371286   -0.09500386    0.14866771    0.07125751    0.00560456
    0.04746918   -0.00369101   -0.09500386    0.14866771    0.07134045    0.00557158
    0.04752119   -0.00366241   -0.09500386    0.14866771    0.07141863    0.00552842
    0.04756921   -0.00362752   -0.09500386    0.14866771    0.07149080    0.00547575
    0.04761248   -0.00358689   -0.09500386    0.14866771    0.07155583    0.00541441
    0.04765032   -0.00354115   -0.09500386    0.14866771    0.07161269    0.00534538
    0.04768212   -0.00349103   -0.09500386    0.14866771    0.07166049    0.00526972
    0.04770740   -0.00343733   -0.09500386    0.14866771    0.07169847    0.00518865
    0.04772574   -0.00338087   -0.09500386    0.14866771    0.07172604    0.00510344
    0.04773686   -0.00332257   -0.09500386    0.14866771    0.07174275    0.00501542
    0.04783083   -0.00326333   -0.09497065    0.14861574    0.07188397    0.00492600
    0.04782639   -0.00319278   -0.09497065    0.14861574    0.07187730    0.00481950
    0.04781314   -0.00312334   -0.09497065    0.14861574    0.07185739    0.00471469
    0.04779130   -0.00305611   -0.09497065    0.14861574    0.07182456    0.00461320
    0.04776120   -0.00299215   -0.09497065    0.14861574    0.07177933    0.00451665
    0.04772332   -0.00293246   -0.09497065    0.14861574    0.07172241    0.00442656
    0.04767826   -0.00287800   -0.09497065    0.14861574    0.07165469    0.00434434
    0.04762673   -0.00282961   -0.09497065    0.14861574    0.07157724    0.00427130
    0.04756954   -0.00278805   -0.09497065    0.14861574    0.07149129    0.00420857
    0.04750760   -0.00275400   -0.09497065    0.14861574    0.07139820    0.00415717
    0.04744187   -0.00272798   -0.09497065    0.14861574    0.07129942    0.00411789
    0.04737340   -0.00271040   -0.09497065    0.14861574    0.07119652    0.00409135
    0.04730327   -0.00270154   -0.09497065    0.14861574    0.07109112    0.00407798
    0.04723258   -0.00270154   -0.09497065    0.14861574    0.07098488    0.00407798
    0.04716245   -0.00271040   -0.09497065    0.14861574    0.07087948    0.00409135
    0.04709398   -0.00272798   -0.09497065    0.14861574    0.07077658    0.00411789
    0.04702826   -0.00275400   -0.09497065    0.14861574    0.07067780    0.00415717
    0.04696631   -0.00278805   -0.09497065    0.14861574    0.07058471    0.00420857
    0.04690912   -0.00282961   -0.09497065    0.14861574    0.07049876    0.00427130
    0.04685759   -0.00287800   -0.09497065    0.14861574    0.07042131    0.00434434
    0.04681253   -0.00293246   -0.09497065    0.14861574    0.07035359    0.00442656
    0.04677465   -0.00299215   -0.09497065    0.14861574    0.07029667    0.00451665
    0.04674455   -0.00305611   -0.09497065    0.14861574    0.07025144    0.00461320
    0.04672271   -0.00312334   -0.09497065    0.14861574    0.07021861    0.00471469
    0.04670946   -0.00319278   -0.09497065    0.14861574    0.07019870    0.00481950
    0.04670503   -0.00326333   -0.09497065    0.14861574    0.07019203    0.00492600
    0.04670946   -0.00333388   -0.09497065    0.14861574    0.07019870    0.00503250
    0.04672271   -0.00340332   -0.09497065    0.14861574    0.07021861    0.00513731
    0.04674455   -0.00347054   -0.09497065    0.14861574    0.07025144    0.00523880
    0.04677465   -0.00353451   -0.09497065    0.14861574    0.07029667    0.00533535
    0.04681253   -0.00359419   -0.09497065    0.14861574    0.07035359    0.00542544
    0.04685759   -0.00364866   -0.09497065    0.14861574    0.07042131    0.00550766
    0.04690912   -0.00369705   -0.09497065    0.14861574    0.07049876    0.00558070
    0.04696631   -0.00373860   -0.09497065    0.14861574    0.07058471    0.00564343
    0.04702826   -0.00377265   -0.09497065    0.14861574    0.07067780    0.00569483
    0.04709398   -0.00379868   -0.09497065    0.14861574    0.07077658    0.00573411
    0.04716245   -0.00381626   -0.09497065    0.14861574    0.07087948    0.00576065
    0.04723258   -0.00382512   -0.09497065    0.14861574    0.07098488    0.00577402
    0.04730327   -0.00382512   -0.09497065    0.14861574    0.07109112    0.00577402
    0.04737340   -0.00381626   -0.09497065    0.14861574    0.07119652    0.00576065
    0.04744187   -0.00379868   -0.09497065    0.14861574    0.07129942    0.00573411
    0.04750760   -0.00377265   -0.09497065    0.14861574    0.07139820    0.00569483
    0.04756954   -0.00373860   -0.09497065    0.14861574    0.07149129    0.00564343
    0.04762673   -0.00369705   -0.09497065    0.14861574    0.07157724    0.00558070
    0.04767826   -0.00364866   -0.09497065    0.14861574    0.07165469    0.00550766
    0.04772332   -0.00359419   -0.09497065    0.14861574    0.07172241    0.00542544
    0.04776120   -0.00353451   -0.09497065    0.14861574    0.07177933    0.00533535
    0.04779130   -0.00347054   -0.09497065    0.14861574    0.07182456    0.00523880
    0.04781314   -0.00340332   -0.09497065    0.14861574    0.07185739    0.00513731
    0.04782639   -0.00333388   -0.09497065    0.14861574    0.07187730    0.00503250
    0.04791875   -0.00326333   -0.09493173    0.14855483    0.07201611    0.00492600
    0.04791362   -0.00318176   -0.09493173    0.14855483    0.07200840    0.00480287
    0.04789831   -0.00310147   -0.09493173    0.14855483    0.07198538    0.00468168
    0.04787305   -0.00302374   -0.09493173    0.14855483    0.07194743    0.00456435
    0.04783825   -0.00294979   -0.09493173    0.14855483    0.07189513    0.00445271
    0.04779446   -0.00288078   -0.09493173    0.14855483    0.07182931    0.00434855
    0.04774236   -0.00281781   -0.09493173    0.14855483    0.07175101    0.00425349
    0.04768278   -0.00276186   -0.09493173    0.14855483    0.07166147    0.00416903
    0.04761666   -0.00271382   -0.09493173    0.14855483    0.07156210    0.00409651
    0.04754503   -0.00267444   -0.09493173    0.14855483    0.07145446    0.00403708
    0.04746904   -0.00264436   -0.09493173    0.14855483    0.07134025    0.00399166
    0.04738988   -0.00262403   -0.09493173    0.14855483    0.07122128    0.00396098
    0.04730879   -0.00261379   -0.09493173    0.14855483    0.07109942    0.00394552
    0.04722706   -0.00261379   -0.09493173    0.14855483    0.07097658    0.00394552
    0.04714597   -0.00262403   -0.09493173    0.14855483    0.07085472    0.00396098
    0.04706681   -0.00264436   -0.09493173    0.14855483    0.07073575    0.00399166
    0.04699082   -0.00267444   -0.09493173    0.14855483    0.07062154    0.00403708
    0.04691920   -0.00271382   -0.09493173    0.14855483    0.07051390    0.00409651
    0.04685307   -0.00276186   -0.09493173    0.14855483    0.07041453    0.00416903
    0.04679350   -0.00281781   -0.09493173    0.14855483    0.07032499    0.00425349
    0.04674140   -0.00288078   -0.09493173    0.14855483    0.07024669    0.00434855
    0.04669760   -0.00294979   -0.09493173    0.14855483    0.07018087    0.00445271
    0.04666280   -0.00302374   -0.09493173    0.14855483    0.07012857    0.00456435
    0.04663755   -0.00310147   -0.09493173    0.14855483    0.07009062    0.00468168
    0.04662223   -0.00318176   -0.09493173    0.14855483    0.07006760    0.00480287
    0.04661710   -0.00326333   -0.09493173    0.14855483    0.07005989    0.00492600
    0.04662223   -0.00334490   -0.09493173    0.14855483    0.07006760    0.00504913
    0.04663755   -0.00342518   -0.09493173    0.14855483    0.07009062    0.00517032
    0.04666280   -0.00350291   -0.09493173    0.14855483    0.07012857    0.00528765
    0.04669760   -0.00357686   -0.09493173    0.14855483    0.07018087    0.00539929
    0.04674140   -0.00364587   -0.09493173    0.14855483    0.07024669    0.00550345
    0.04679350   -0.00370885   -0.09493173    0.14855483    0.07032499    0.00559851
    0.04685307   -0.00376480   -0.09493173    0.14855483    0.07041453    0.00568297
    0.04691920   -0.00381284   -0.09493173    0.14855483    0.07051390    0.00575549
    0.04699082   -0.00385221   -0.09493173    0.14855483    0.07062154    0.00581492
    0.04706681   -0.00388230   -0.09493173    0.14855483    0.07073575    0.00586034
    0.04714597   -0.00390263   -0.09493173    0.14855483    0.07085472    0.00589102
    0.04722706   -0.00391287   -0.09493173    0.14855483    0.07097658    0.00590648
    0.04730879   -0.00391287   -0.09493173    0.14855483    0.07109942    0.00590648
    0.04738988   -0.00390263   -0.09493173    0.14855483    0.07122128    0.00589102
    0.04746904   -0.00388230   -0.09493173    0.14855483    0.07134025    0.00586034
    0.04754503   -0.00385221   -0.09493173    0.14855483    0.07145446    0.00581492
    0.04761666   -0.00381284   -0.09493173    0.14855483    0.07156210    0.00575549
    0.04768278   -0.00376480   -0.09493173    0.14855483    0.07166147    0.00568297
    0.04774236   -0.00370885   -0.09493173    0.14855483    0.07175101    0.00559851
    0.04779446   -0.00364587   -0.09493173    0.14855483    0.07182931    0.00550345
    0.04783825   -0.00357686   -0.09493173    0.14855483    0.07189513    0.00539929
    0.04787305   -0.00350291   -0.09493173    0.14855483    0.07194743    0.00528765
    0.04789831   -0.00342518   -0.09493173    0.14855483    0.07198538    0.00517032
    0.04791362   -0.00334490   -0.09493173    0.14855483    0.07200840    0.00504913
    0.04800400   -0.00326333   -0.09488725    0.14848524    0.07214423    0.00492600
    0.04799820   -0.00317107   -0.09488725    0.14848524    0.07213551    0.00478674
    0.04798088   -0.00308027   -0.09488725    0.14848524    0.07210948    0.00464968
    0.04795231   -0.00299236   -0.09488725    0.14848524    0.07206655    0.00451697
    0.04791296   -0.00290872   -0.09488725    0.14848524    0.07200740    0.00439072
    0.04786342   -0.00283067   -0.09488725    0.14848524    0.07193296    0.00427291
    0.04780450   -0.00275945   -0.09488725    0.14848524    0.07184441    0.00416539
    0.04773712   -0.00269617   -0.09488725    0.14848524    0.07174314    0.00406988
    0.04766234   -0.00264184   -0.09488725    0.14848524    0.07163075    0.00398786
    0.04758133   -0.00259731   -0.09488725    0.14848524    0.07150901    0.00392064
    0.04749539   -0.00256328   -0.09488725    0.14848524    0.07137985    0.00386927
    0.04740585   -0.00254029   -0.09488725    0.14848524    0.07124529    0.00383457
    0.04731415   -0.00252870   -0.09488725    0.14848524    0.07110746    0.00381708
    0.04722171   -0.00252870   -0.09488725    0.14848524    0.07096854    0.00381708
    0.04713000   -0.00254029   -0.09488725    0.14848524    0.07083071    0.00383457
    0.04704047   -0.00256328   -0.09488725    0.14848524    0.07069615    0.00386927
    0.04695452   -0.00259731   -0.09488725    0.14848524    0.07056699    0.00392064
    0.04687352   -0.00264184   -0.09488725    0.14848524    0.07044525    0.00398786
    0.04679873   -0.00269617   -0.09488725    0.14848524    0.07033286    0.00406988
    0.04673135   -0.00275945   -0.09488725    0.14848524    0.07023159    0.00416539
    0.04667243   -0.00283067   -0.09488725    0.14848524    0.07014304    0.00427291
    0.04662290   -0.00290872   -0.09488725    0.14848524    0.07006860    0.00439072
    0.04658354   -0.00299236   -0.09488725    0.14848524    0.07000945    0.00451697
    0.04655498   -0.00308027   -0.09488725    0.14848524    0.06996652    0.00464968
    0.04653765   -0.00317107   -0.09488725    0.14848524    0.06994049    0.00478674
    0.04653185   -0.00326333   -0.09488725    0.14848524    0.06993177    0.00492600
    0.04653765   -0.00335558   -0.09488725    0.14848524    0.06994049    0.00506526
    0.04655498   -0.00344638   -0.09488725    0.14848524    0.06996652    0.00520232
    0.04658354   -0.00353430   -0.09488725    0.14848524    0.07000945    0.00533503
    0.04662290   -0.00361793   -0.09488725    0.14848524    0.07006860    0.00546128
    0.04667243   -0.00369598   -0.09488725    0.14848524    0.07014304    0.00557909
    0.04673135   -0.00376721   -0.09488725    0.14848524    0.07023159    0.00568661
    0.04679873   -0.00383048   -0.09488725    0.14848524    0.07033286    0.00578212
    0.04687352   -0.00388482   -0.09488725    0.14848524    0.07044525    0.00586414
    0.04695452   -0.00392935   -0.09488725    0.14848524    0.07056699    0.00593136
    0.04704047   -0.00396338   -0.09488725    0.14848524    0.07069615    0.00598273
    0.04713000   -0.00398637   -0.09488725    0.14848524    0.07083071    0.00601743
    0.04722171   -0.00399795   -0.09488725    0.14848524    0.07096854    0.00603492
    0.04731415   -0.00399795   -0.09488725    0.14848524    0.07110746    0.00603492
    0.04740585   -0.00398637   -0.09488725    0.14848524    0.07124529    0.00601743
    0.04749539   -0.00396338   -0.09488725    0.14848524    0.07137985    0.00598273
    0.04758133   -0.00392935   -0.09488725    0.14848524    0.07150901    0.00593136
    0.04766234   -0.00388482   -0.09488725    0.14848524    0.07163075    0.00586414
    0.04773712   -0.00383048   -0.09488725    0.14848524    0.07174314    0.00578212
    0.04780450   -0.00376721   -0.09488725    0.14848524    0.07184441    0.00568661
    0.04786342   -0.00369598   -0.09488725    0.14848524    0.07193296    0.00557909
    0.04791296   -0.00361793   -0.09488725    0.14848524    0.07200740    0.00546128
    0.04795231   -0.00353430   -0.09488725    0.14848524    0.07206655    0.00533503
    0.04798088   -0.00344638   -0.09488725    0.14848524    0.07210948    0.00520232
    0.04799820   -0.00335558   -0.09488725    0.14848524    0.07213551    0.00506526
    0.04808623   -0.00326333   -0.09483741    0.14840724    0.07226781    0.00492600
    0.04807978   -0.00316077   -0.09483741    0.14840724    0.07225811    0.00477118
    0.04806052   -0.00305982   -0.09483741    0.14840724    0.07222917    0.00461881
    0.04802876   -0.00296209   -0.09483741    0.14840724    0.07218145    0.00447128
    0.04798501   -0.00286911   -0.09483741    0.14840724    0.07211569    0.00433092
    0.04792995   -0.00278234   -0.09483741    0.14840724    0.07203294    0.00419995
    0.04786444   -0.00270316   -0.09483741    0.14840724    0.07193449    0.00408043
    0.04778953   -0.00263281   -0.09483741    0.14840724    0.07182191    0.00397424
    0.04770639   -0.00257241   -0.09483741    0.14840724    0.07169697    0.00388306
    0.04761634   -0.00252291   -0.09483741    0.14840724    0.07156163    0.00380833
    0.04752080   -0.00248508   -0.09483741    0.14840724    0.07141803    0.00375123
    0.04742126   -0.00245952   -0.09483741    0.14840724    0.07126844    0.00371265
    0.04731931   -0.00244664   -0.09483741    0.14840724    0.07111522    0.00369321
    0.04721654   -0.00244664   -0.09483741    0.14840724    0.07096078    0.00369321
    0.04711459   -0.00245952   -0.09483741    0.14840724    0.07080756    0.00371265
    0.04701506   -0.00248508   -0.09483741    0.14840724    0.07065797    0.00375123
    0.04691951   -0.00252291   -0.09483741    0.14840724    0.07051437    0.00380833
    0.04682946   -0.00257241   -0.09483741    0.14840724    0.07037903    0.00388306
    0.04674632   -0.00263281   -0.09483741    0.14840724    0.07025409    0.00397424
    0.04667141   -0.00270316   -0.09483741    0.14840724    0.07014151    0.00408043
    0.04660591   -0.00278234   -0.09483741    0.14840724    0.07004306    0.00419995
    0.04655084   -0.00286911   -0.09483741    0.14840724    0.06996031    0.00433092
    0.04650709   -0.00296209   -0.09483741    0.14840724    0.06989455    0.00447128
    0.04647533   -0.00305982   -0.09483741    0.14840724    0.06984683    0.00461881
    0.04645608   -0.00316077   -0.09483741    0.14840724    0.06981789    0.00477118
    0.04644962   -0.00326333   -0.09483741    0.14840724    0.06980819    0.00492600
    0.04645608   -0.00336589   -0.09483741    0.14840724    0.06981789    0.00508082
    0.04647533   -0.00346683   -0.09483741    0.14840724    0.06984683    0.00523319
    0.04650709   -0.00356456   -0.09483741    0.14840724    0.06989455    0.00538072
    0.04655084   -0.00365755   -0.09483741    0.14840724    0.06996031    0.00552108
    0.04660591   -0.00374431   -0.09483741    0.14840724    0.07004306    0.00565205
    0.04667141   -0.00382349   -0.09483741    0.14840724    0.07014151    0.00577157
    0.04674632   -0.00389384   -0.09483741    0.14840724    0.07025409    0.00587776
    0.04682946   -0.00395424   -0.09483741    0.14840724    0.07037903    0.00596894
    0.04691951   -0.00400375   -0.09483741    0.14840724    0.07051437    0.00604367
    0.04701506   -0.00404158   -0.09483741    0.14840724    0.07065797    0.00610077
    0.04711459   -0.00406714   -0.09483741    0.14840724    0.07080756    0.00613935
    0.04721654   -0.00408001   -0.09483741    0.14840724    0.07096078    0.00615879
    0.04731931   -0.00408001   -0.09483741    0.14840724    0.07111522    0.00615879
    0.04742126   -0.00406714   -0.09483741    0.14840724    0.07126844    0.00613935
    0.04752080   -0.00404158   -0.09483741    0.14840724    0.07141803    0.00610077
    0.04761634   -0.00400375   -0.09483741    0.14840724    0.07156163    0.00604367
    0.04770639   -0.00395424   -0.09483741    0.14840724    0.07169697    0.00596894
    0.04778953   -0.00389384   -0.09483741    0.14840724    0.07182191    0.00587776
    0.04786444   -0.00382349   -0.09483741    0.14840724    0.07193449    0.00577157
    0.04792995   -0.00374431   -0.09483741    0.14840724    0.07203294    0.00565205
    0.04798501   -0.00365755   -0.09483741    0.14840724    0.07211569    0.00552108
    0.04802876   -0.00356456   -0.09483741    0.14840724    0.07218145    0.00538072
    0.04806052   -0.00346683   -0.09483741    0.14840724    0.07222917    0.00523319
    0.04807978   -0.00336589   -0.09483741    0.14840724    0.07225811    0.00508082
    0.04816509   -0.00326333   -0.09478239    0.14832115    0.07238633    0.00492600
    0.04815802   -0.00315088   -0.09478239    0.14832115    0.07237570    0.00475626
    0.04813691   -0.00304021   -0.09478239    0.14832115    0.07234397    0.00458921
    0.04810209   -0.00293306   -0.09478239    0.14832115    0.07229165    0.00442746
    0.04805412   -0.00283111   -0.09478239    0.14832115    0.07221955    0.00427357
    0.04799375   -0.00273599   -0.09478239    0.14832115    0.07212882    0.00412998
    0.04792193   -0.00264918   -0.09478239    0.14832115    0.07202089    0.00399894
    0.04783980   -0.00257205   -0.09478239    0.14832115    0.07189746    0.00388251
    0.04774865   -0.00250583   -0.09478239    0.14832115    0.07176047    0.00378255
    0.04764992   -0.00245155   -0.09478239    0.14832115    0.07161209    0.00370062
    0.04754517   -0.00241007   -0.09478239    0.14832115    0.07145466    0.00363801
    0.04743604   -0.00238205   -0.09478239    0.14832115    0.07129065    0.00359571
    0.04732426   -0.00236793   -0.09478239    0.14832115    0.07112266    0.00357440
    0.04721159   -0.00236793   -0.09478239    0.14832115    0.07095334    0.00357440
    0.04709981   -0.00238205   -0.09478239    0.14832115    0.07078535    0.00359571
    0.04699069   -0.00241007   -0.09478239    0.14832115    0.07062134    0.00363801
    0.04688593   -0.00245155   -0.09478239    0.14832115    0.07046391    0.00370062
    0.04678720   -0.00250583   -0.09478239    0.14832115    0.07031553    0.00378255
    0.04669605   -0.00257205   -0.09478239    0.14832115    0.07017854    0.00388251
    0.04661392   -0.00264918   -0.09478239    0.14832115    0.07005511    0.00399894
    0.04654210   -0.00273599   -0.09478239    0.14832115    0.06994718    0.00412998
    0.04648173   -0.00283111   -0.09478239    0.14832115    0.06985645    0.00427357
    0.04643376   -0.00293306   -0.09478239    0.14832115    0.06978435    0.00442746
    0.04639895   -0.00304021   -0.09478239    0.14832115    0.06973203    0.00458921
    0.04637784   -0.00315088   -0.09478239    0.14832115    0.06970030    0.00475626
    0.04637076   -0.00326333   -0.09478239    0.14832115    0.06968967    0.00492600
    0.04637784   -0.00337577   -0.09478239    0.14832115    0.06970030    0.00509574
    0.04639895   -0.00348644   -0.09478239    0.14832115    0.06973203    0.00526279
    0.04643376   -0.00359360   -0.09478239    0.14832115    0.06978435    0.00542454
    0.04648173   -0.00369554   -0.09478239    0.14832115    0.06985645    0.00557843
    0.04654210   -0.00379067   -0.09478239    0.14832115    0.06994718    0.00572202
    0.04661392   -0.00387748   -0.09478239    0.14832115    0.07005511    0.00585306
    0.04669605   -0.00395461   -0.09478239    0.14832115    0.07017854    0.00596949
    0.04678720   -0.00402083   -0.09478239    0.14832115    0.07031553    0.00606945
    0.04688593   -0.00407511   -0.09478239    0.14832115    0.07046391    0.00615138
    0.04699069   -0.00411658   -0.09478239    0.14832115    0.07062134    0.00621399
    0.04709981   -0.00414460   -0.09478239    0.14832115    0.07078535    0.00625629
    0.04721159   -0.00415872   -0.09478239    0.14832115    0.07095334    0.00627760
    0.04732426   -0.00415872   -0.09478239    0.14832115    0.07112266    0.00627760
    0.04743604   -0.00414460   -0.09478239    0.14832115    0.07129065    0.00625629
    0.04754517   -0.00411658   -0.09478239    0.14832115    0.07145466    0.00621399
    0.04764992   -0.00407511   -0.09478239    0.14832115    0.07161209    0.00615138
    0.04774865   -0.00402083   -0.09478239    0.14832115    0.07176047    0.00606945
    0.04783980   -0.00395461   -0.09478239    0.14832115    0.07189746    0.00596949
    0.04792193   -0.00387748   -0.09478239    0.14832115    0.07202089    0.00585306
    0.04799375   -0.00379067   -0.09478239    0.14832115    0.07212882    0.00572202
    0.04805412   -0.00369554   -0.09478239    0.14832115    0.07221955    0.00557843
    0.04810209   -0.00359360   -0.09478239    0.14832115    0.07229165    0.00542454
    0.04813691   -0.00348644   -0.09478239    0.14832115    0.07234397    0.00526279
    0.04815802   -0.00337577   -0.09478239    0.14832115    0.07237570    0.00509574
    0.04824027   -0.00326333   -0.09472244    0.14822733    0.07249931    0.00492600
    0.04823260   -0.00314146   -0.09472244    0.14822733    0.07248779    0.00474204
    0.04820972   -0.00302152   -0.09472244    0.14822733    0.07245340    0.00456098
    0.04817199   -0.00290538   -0.09472244    0.14822733    0.07239670    0.00438568
    0.04812000   -0.00279490   -0.09472244    0.14822733    0.07231856    0.00421890
    0.04805457   -0.00269180   -0.09472244    0.14822733    0.07222023    0.00406328
    0.04797673   -0.00259771   -0.09472244    0.14822733    0.07210325    0.00392125
    0.04788772   -0.00251412   -0.09472244    0.14822733    0.07196948    0.00379508
    0.04778893   -0.00244235   -0.09472244    0.14822733    0.07182101    0.00368673
    0.04768193   -0.00238353   -0.09472244    0.14822733    0.07166020    0.00359794
    0.04756840   -0.00233857   -0.09472244    0.14822733    0.07148957    0.00353008
    0.04745013   -0.00230821   -0.09472244    0.14822733    0.07131182    0.00348424
    0.04732898   -0.00229290   -0.09472244    0.14822733    0.07112976    0.00346114
    0.04720687   -0.00229290   -0.09472244    0.14822733    0.07094624    0.00346114
    0.04708573   -0.00230821   -0.09472244    0.14822733    0.07076418    0.00348424
    0.04696746   -0.00233857   -0.09472244    0.14822733    0.07058643    0.00353008
    0.04685392   -0.00238353   -0.09472244    0.14822733    0.07041580    0.00359794
    0.04674692   -0.00244235   -0.09472244    0.14822733    0.07025499    0.00368673
    0.04664813   -0.00251412   -0.09472244    0.14822733    0.07010652    0.00379508
    0.04655912   -0.00259771   -0.09472244    0.14822733    0.06997275    0.00392125
    0.04648128   -0.00269180   -0.09472244    0.14822733    0.06985577    0.00406328
    0.04641586   -0.00279490   -0.09472244    0.14822733    0.06975744    0.00421890
    0.04636387   -0.00290538   -0.09472244    0.14822733    0.06967930    0.00438568
    0.04632613   -0.00302152   -0.09472244    0.14822733    0.06962260    0.00456098
    0.04630325   -0.00314146   -0.09472244    0.14822733    0.06958821    0.00474204
    0.04629558   -0.00326333   -0.09472244    0.14822733    0.06957669    0.00492600
    0.04630325   -0.00338519   -0.09472244    0.14822733    0.06958821    0.00510996
    0.04632613   -0.00350514   -0.09472244    0.14822733    0.06962260    0.00529102
    0.04636387   -0.00362127   -0.09472244    0.14822733    0.06967930    0.00546632
    0.04641586   -0.00373176   -0.09472244    0.14822733    0.06975744    0.00563310
    0.04648128   -0.00383486   -0.09472244    0.14822733    0.06985577    0.00578872
    0.04655912   -0.00392894   -0.09472244    0.14822733    0.06997275    0.00593075
    0.04664813   -0.00401253   -0.09472244    0.14822733    0.07010652    0.00605692
    0.04674692   -0.00408430   -0.09472244    0.14822733    0.07025499    0.00616527
    0.04685392   -0.00414313   -0.09472244    0.14822733    0.07041580    0.00625406
    0.04696746   -0.00418808   -0.09472244    0.14822733    0.07058643    0.00632192
    0.04708573   -0.00421845   -0.09472244    0.14822733    0.07076418    0.00636776
    0.04720687   -0.00423375   -0.09472244    0.14822733    0.07094624    0.00639086
    0.04732898   -0.00423375   -0.09472244    0.14822733    0.07112976    0.00639086
    0.04745013   -0.00421845   -0.09472244    0.14822733    0.07131182    0.00636776
    0.04756840   -0.00418808   -0.09472244    0.14822733    0.07148957    0.00632192
    0.04768193   -0.00414313   -0.09472244    0.14822733    0.07166020    0.00625406
    0.04778893   -0.00408430   -0.09472244    0.14822733    0.07182101    0.00616527
    0.04788772   -0.00401253   -0.09472244    0.14822733    0.07196948    0.00605692
    0.04797673   -0.00392894   -0.09472244    0.14822733    0.07210325    0.00593075
    0.04805457   -0.00383486   -0.09472244    0.14822733    0.07222023    0.00578872
    0.04812000   -0.00373176   -0.09472244    0.14822733    0.07231856    0.00563310
    0.04817199   -0.00362127   -0.09472244    0.14822733    0.07239670    0.00546632
    0.04820972   -0.00350514   -0.09472244    0.14822733    0.07245340    0.00529102
    0.04823260   -0.00338519   -0.09472244    0.14822733    0.07248779    0.00510996
    0.04831145   -0.00326333   -0.09465780    0.14812617    0.07260629    0.00492600
    0.04830322   -0.00313254   -0.09465780    0.14812617    0.07259392    0.00472857
    0.04827867   -0.00300381   -0.09465780    0.14812617    0.07255702    0.00453426
    0.04823817   -0.00287918   -0.09465780    0.14812617    0.07249616    0.00434613
    0.04818237   -0.00276061   -0.09465780    0.14812617    0.07241230    0.00416714
    0.04811216   -0.00264996   -0.09465780    0.14812617    0.07230677    0.00400012
    0.04802862   -0.00254899   -0.09465780    0.14812617    0.07218123    0.00384770
    0.04793309   -0.00245928   -0.09465780    0.14812617    0.07203767    0.00371229
    0.04782707   -0.00238225   -0.09465780    0.14812617    0.07187833    0.00359601
    0.04771224   -0.00231912   -0.09465780    0.14812617    0.07170575    0.00350072
    0.04759039   -0.00227088   -0.09465780    0.14812617    0.07152263    0.00342789
    0.04746346   -0.00223829   -0.09465780    0.14812617    0.07133187    0.00337870
    0.04733345   -0.00222186   -0.09465780    0.14812617    0.07113647    0.00335391
    0.04720240   -0.00222186   -0.09465780    0.14812617    0.07093953    0.00335391
    0.04707239   -0.00223829   -0.09465780    0.14812617    0.07074413    0.00337870
    0.04694546   -0.00227088   -0.09465780    0.14812617    0.07055337    0.00342789
    0.04682362   -0.00231912   -0.09465780    0.14812617    0.07037025    0.00350072
    0.04670878   -0.00238225   -0.09465780    0.14812617    0.07019767    0.00359601
    0.04660276   -0.00245928   -0.09465780    0.14812617    0.07003833    0.00371229
    0.04650723   -0.00254899   -0.09465780    0.14812617    0.06989477    0.00384770
    0.04642370   -0.00264996   -0.09465780    0.14812617    0.06976923    0.00400012
    0.04635348   -0.00276061   -0.09465780    0.14812617    0.06966370    0.00416714
    0.04629768   -0.00287918   -0.09465780    0.14812617    0.06957984    0.00434613
    0.04625719   -0.00300381   -0.09465780    0.14812617    0.06951898    0.00453426
    0.04623263   -0.00313254   -0.09465780    0.14812617    0.06948208    0.00472857
    0.04622440   -0.00326333   -0.09465780    0.14812617    0.06946971    0.00492600
    0.04623263   -0.00339412   -0.09465780    0.14812617    0.06948208    0.00512343
    0.04625719   -0.00352284   -0.09465780    0.14812617    0.06951898    0.00531774
    0.04629768   -0.00364747   -0.09465780    0.14812617    0.06957984    0.00550587
    0.04635348   -0.00376605   -0.09465780    0.14812617    0.06966370    0.00568486
    0.04642370   -0.00387670   -0.09465780    0.14812617    0.06976923    0.00585188
    0.04650723   -0.00397767   -0.09465780    0.14812617    0.06989477    0.00600430
    0.04660276   -0.00406738   -0.09465780    0.14812617    0.07003833    0.00613971
    0.04670878   -0.00414440   -0.09465780    0.14812617    0.07019767    0.00625599
    0.04682362   -0.00420754   -0.09465780    0.14812617    0.07037025    0.00635128
    0.04694546   -0.00425578   -0.09465780    0.14812617    0.07055337    0.00642411
    0.04707239   -0.00428837   -0.09465780    0.14812617    0.07074413    0.00647330
    0.04720240   -0.00430479   -0.09465780    0.14812617    0.07093953    0.00649809
    0.04733345   -0.00430479   -0.09465780    0.14812617    0.07113647    0.00649809
    0.04746346   -0.00428837   -0.09465780    0.14812617    0.07133187    0.00647330
    0.04759039   -0.00425578   -0.09465780    0.14812617    0.07152263    0.00642411
    0.04771224   -0.00420754   -0.09465780    0.14812617    0.07170575    0.00635128
    0.04782707   -0.00414440   -0.09465780    0.14812617    0.07187833    0.00625599
    0.04793309   -0.00406738   -0.09465780    0.14812617    0.07203767    0.00613971
    0.04802862   -0.00397767   -0.09465780    0.14812617    0.07218123    0.00600430
    0.04811216   -0.00387670   -0.09465780    0.14812617    0.07230677    0.00585188
    0.04818237   -0.00376605   -0.09465780    0.14812617    0.07241230    0.00568486
    0.04823817   -0.00364747   -0.09465780    0.14812617    0.07249616    0.00550587
    0.04827867   -0.00352284   -0.09465780    0.14812617    0.07255702    0.00531774
    0.04830322   -0.00339412   -0.09465780    0.14812617    0.07259392    0.00512343
    0.04837834   -0.00326333   -0.09458872    0.14801808    0.07270682    0.00492600
    0.04836959   -0.00312416   -0.09458872    0.14801808    0.07269366    0.00471592
    0.04834346   -0.00298718   -0.09458872    0.14801808    0.07265439    0.00450915
    0.04830037   -0.00285456   -0.09458872    0.14801808    0.07258963    0.00430896
    0.04824099   -0.00272838   -0.09458872    0.14801808    0.07250040    0.00411850
    0.04816627   -0.00261064   -0.09458872    0.14801808    0.07238811    0.00394077
    0.04807739   -0.00250319   -0.09458872    0.14801808    0.07225452    0.00377858
    0.04797573   -0.00240774   -0.09458872    0.14801808    0.07210175    0.00363448
    0.04786292   -0.00232577   -0.09458872    0.14801808    0.07193220    0.00351076
    0.04774072   -0.00225859   -0.09458872    0.14801808    0.07174855    0.00340935
    0.04761106   -0.00220726   -0.09458872    0.14801808    0.07155369    0.00333186
    0.04747600   -0.00217258   -0.09458872    0.14801808    0.07135071    0.00327951
    0.04733765   -0.00215510   -0.09458872    0.14801808    0.07114279    0.00325313
    0.04719820   -0.00215510   -0.09458872    0.14801808    0.07093321    0.00325313
    0.04705986   -0.00217258   -0.09458872    0.14801808    0.07072529    0.00327951
    0.04692479   -0.00220726   -0.09458872    0.14801808    0.07052231    0.00333186
    0.04679513   -0.00225859   -0.09458872    0.14801808    0.07032745    0.00340935
    0.04667294   -0.00232577   -0.09458872    0.14801808    0.07014380    0.00351076
    0.04656012   -0.00240774   -0.09458872    0.14801808    0.06997425    0.00363448
    0.04645847   -0.00250319   -0.09458872    0.14801808    0.06982148    0.00377858
    0.04636958   -0.00261064   -0.09458872    0.14801808    0.06968789    0.00394077
    0.04629486   -0.00272838   -0.09458872    0.14801808    0.06957560    0.00411850
    0.04623549   -0.00285456   -0.09458872    0.14801808    0.06948637    0.00430896
    0.04619240   -0.00298718   -0.09458872    0.14801808    0.06942161    0.00450915
    0.04616627   -0.00312416   -0.09458872    0.14801808    0.06938234    0.00471592
    0.04615751   -0.00326333   -0.09458872    0.14801808    0.06936918    0.00492600
    0.04616627   -0.00340250   -0.09458872    0.14801808    0.06938234    0.00513608
    0.04619240   -0.00353948   -0.09458872    0.14801808    0.06942161    0.00534285
    0.04623549   -0.00367210   -0.09458872    0.14801808    0.06948637    0.00554304
    0.04629486   -0.00379827   -0.09458872    0.14801808    0.06957560    0.00573350
    0.04636958   -0.00391601   -0.09458872    0.14801808    0.06968789    0.00591123
    0.04645847   -0.00402346   -0.09458872    0.14801808    0.06982148    0.00607342
    0.04656012   -0.00411892   -0.09458872    0.14801808    0.06997425    0.00621752
    0.04667294   -0.00420088   -0.09458872    0.14801808    0.07014380    0.00634124
    0.04679513   -0.00426806   -0.09458872    0.14801808    0.07032745    0.00644265
    0.04692479   -0.00431940   -0.09458872    0.14801808    0.07052231    0.00652014
    0.04705986   -0.00435408   -0.09458872    0.14801808    0.07072529    0.00657249
    0.04719820   -0.00437155   -0.09458872    0.14801808    0.07093321    0.00659887
    0.04733765   -0.00437155   -0.09458872    0.14801808    0.07114279    0.00659887
    0.04747600   -0.00435408   -0.09458872    0.14801808    0.07135071    0.00657249
    0.04761106   -0.00431940   -0.09458872    0.14801808    0.07155369    0.00652014
    0.04774072   -0.00426806   -0.09458872    0.14801808    0.07174855    0.00644265
    0.04786292   -0.00420088   -0.09458872    0.14801808    0.07193220    0.00634124
    0.04797573   -0.00411892   -0.09458872    0.14801808    0.07210175    0.00621752
    0.04807739   -0.00402346   -0.09458872    0.14801808    0.07225452    0.00607342
    0.04816627   -0.00391601   -0.09458872    0.14801808    0.07238811    0.00591123
    0.04824099   -0.00379827   -0.09458872    0.14801808    0.07250040    0.00573350
    0.04830037   -0.00367210   -0.09458872    0.14801808    0.07258963    0.00554304
    0.04834346   -0.00353948   -0.09458872    0.14801808    0.07265439    0.00534285
    0.04836959   -0.00340250   -0.09458872    0.14801808    0.07269366    0.00513608
    0.04844067   -0.00326333   -0.09451551    0.14790351    0.07280050    0.00492600
    0.04843143   -0.00311634   -0.09451551    0.14790351    0.07278660    0.00470413
    0.04840383   -0.00297168   -0.09451551    0.14790351    0.07274513    0.00448575
    0.04835832   -0.00283161   -0.09451551    0.14790351    0.07267673    0.00427432
    0.04829561   -0.00269835   -0.09451551    0.14790351    0.07258249    0.00407317
    0.04821670   -0.00257400   -0.09451551    0.14790351    0.07246389    0.00388546
    0.04812282   -0.00246053   -0.09451551    0.14790351    0.07232281    0.00371417
    0.04801546   -0.00235971   -0.09451551    0.14790351    0.07216146    0.00356199
    0.04789632   -0.00227314   -0.09451551    0.14790351    0.07198239    0.00343132
    0.04776726   -0.00220219   -0.09451551    0.14790351    0.07178844    0.00332422
    0.04763033   -0.00214798   -0.09451551    0.14790351    0.07158264    0.00324238
    0.04748768   -0.00211135   -0.09451551    0.14790351    0.07136826    0.00318709
    0.04734156   -0.00209289   -0.09451551    0.14790351    0.07114867    0.00315923
    0.04719429   -0.00209289   -0.09451551    0.14790351    0.07092733    0.00315923
    0.04704818   -0.00211135   -0.09451551    0.14790351    0.07070774    0.00318709
    0.04690553   -0.00214798   -0.09451551    0.14790351    0.07049336    0.00324238
    0.04676860   -0.00220219   -0.09451551    0.14790351    0.07028756    0.00332422
    0.04663954   -0.00227314   -0.09451551    0.14790351    0.07009361    0.00343132
    0.04652039   -0.00235971   -0.09451551    0.14790351    0.06991454    0.00356199
    0.04641303   -0.00246053   -0.09451551    0.14790351    0.06975319    0.00371417
    0.04631915   -0.00257400   -0.09451551    0.14790351    0.06961211    0.00388546
    0.04624024   -0.00269835   -0.09451551    0.14790351    0.06949351    0.00407317
    0.04617753   -0.00283161   -0.09451551    0.14790351    0.06939927    0.00427432
    0.04613202   -0.00297168   -0.09451551    0.14790351    0.06933087    0.00448575
    0.04610443   -0.00311634   -0.09451551    0.14790351    0.06928940    0.00470413
    0.04609518   -0.00326333   -0.09451551    0.14790351    0.06927550    0.00492600
    0.04610443   -0.00341031   -0.09451551    0.14790351    0.06928940    0.00514787
    0.04613202   -0.00355498   -0.09451551    0.14790351    0.06933087    0.00536625
    0.04617753   -0.00369504   -0.09451551    0.14790351    0.06939927    0.00557768
    0.04624024   -0.00382830   -0.09451551    0.14790351    0.06949351    0.00577883
    0.04631915   -0.00395265   -0.09451551    0.14790351    0.06961211    0.00596654
    0.04641303   -0.00406613   -0.09451551    0.14790351    0.06975319    0.00613783
    0.04652039   -0.00416694   -0.09451551    0.14790351    0.06991454    0.00629001
    0.04663954   -0.00425351   -0.09451551    0.14790351    0.07009361    0.00642068
    0.04676860   -0.00432446   -0.09451551    0.14790351    0.07028756    0.00652778
    0.04690553   -0.00437868   -0.09451551    0.14790351    0.07049336    0.00660962
    0.04704818   -0.00441530   -0.09451551    0.14790351    0.07070774    0.00666491
    0.04719429   -0.00443376   -0.09451551    0.14790351    0.07092733    0.00669277
    0.04734156   -0.00443376   -0.09451551    0.14790351    0.07114867    0.00669277
    0.04748768   -0.00441530   -0.09451551    0.14790351    0.07136826    0.00666491
    0.04763033   -0.00437868   -0.09451551    0.14790351    0.07158264    0.00660962
    0.04776726   -0.00432446   -0.09451551    0.14790351    0.07178844    0.00652778
    0.04789632   -0.00425351   -0.09451551    0.14790351    0.07198239    0.00642068
    0.04801546   -0.00416694   -0.09451551    0.14790351    0.07216146    0.00629001
    0.04812282   -0.00406613   -0.09451551    0.14790351    0.07232281    0.00613783
    0.04821670   -0.00395265   -0.09451551    0.14790351    0.07246389    0.00596654
    0.04829561   -0.00382830   -0.09451551    0.14790351    0.07258249    0.00577883
    0.04835832   -0.00369504   -0.09451551    0.14790351    0.07267673    0.00557768
    0.04840383   -0.00355498   -0.09451551    0.14790351    0.07274513    0.00536625
    0.04843143   -0.00341031   -0.09451551    0.14790351    0.07278660    0.00514787
    0.04849818   -0.00326333   -0.09443845    0.14778292    0.07288693    0.00492600
    0.04848848   -0.00310914   -0.09443845    0.14778292    0.07287235    0.00469325
    0.04845953   -0.00295737   -0.09443845    0.14778292    0.07282884    0.00446416
    0.04841179   -0.00281044   -0.09443845    0.14778292    0.07275709    0.00424236
    0.04834601   -0.00267065   -0.09443845    0.14778292    0.07265823    0.00403135
    0.04826323   -0.00254020   -0.09443845    0.14778292    0.07253382    0.00383444
    0.04816475   -0.00242116   -0.09443845    0.14778292    0.07238581    0.00365474
    0.04805212   -0.00231540   -0.09443845    0.14778292    0.07221655    0.00349510
    0.04792713   -0.00222459   -0.09443845    0.14778292    0.07202871    0.00335802
    0.04779175   -0.00215016   -0.09443845    0.14778292    0.07182524    0.00324567
    0.04764810   -0.00209328   -0.09443845    0.14778292    0.07160935    0.00315981
    0.04749845   -0.00205486   -0.09443845    0.14778292    0.07138445    0.00310182
    0.04734518   -0.00203550   -0.09443845    0.14778292    0.07115410    0.00307259
    0.04719068   -0.00203550   -0.09443845    0.14778292    0.07092190    0.00307259
    0.04703740   -0.00205486   -0.09443845    0.14778292    0.07069155    0.00310182
    0.04688776   -0.00209328   -0.09443845    0.14778292    0.07046665    0.00315981
    0.04674411   -0.00215016   -0.09443845    0.14778292    0.07025076    0.00324567
    0.04660872   -0.00222459   -0.09443845    0.14778292    0.07004729    0.00335802
    0.04648373   -0.00231540   -0.09443845    0.14778292    0.06985945    0.00349510
    0.04637111   -0.00242116   -0.09443845    0.14778292    0.06969019    0.00365474
    0.04627263   -0.00254020   -0.09443845    0.14778292    0.06954218    0.00383444
    0.04618984   -0.00267065   -0.09443845    0.14778292    0.06941777    0.00403135
    0.04612406   -0.00281044   -0.09443845    0.14778292    0.06931891    0.00424236
    0.04607632   -0.00295737   -0.09443845    0.14778292    0.06924716    0.00446416
    0.04604737   -0.00310914   -0.09443845    0.14778292    0.06920365    0.00469325
    0.04603767   -0.00326333   -0.09443845    0.14778292    0.06918907    0.00492600
    0.04604737   -0.00341752   -0.09443845    0.14778292    0.06920365    0.00515875
    0.04607632   -0.00356928   -0.09443845    0.14778292    0.06924716    0.00538784
    0.04612406   -0.00371622   -0.09443845    0.14778292    0.06931891    0.00560964
    0.04618984   -0.00385601   -0.09443845    0.14778292    0.06941777    0.00582065
    0.04627263   -0.00398646   -0.09443845    0.14778292    0.06954218    0.00601756
    0.04637111   -0.00410550   -0.09443845    0.14778292    0.06969019    0.00619726
    0.04648373   -0.00421126   -0.09443845    0.14778292    0.06985945    0.00635690
    0.04660872   -0.00430207   -0.09443845    0.14778292    0.07004729    0.00649398
    0.04674411   -0.00437650   -0.09443845    0.14778292    0.07025076    0.00660633
    0.04688776   -0.00443337   -0.09443845    0.14778292    0.07046665    0.00669219
    0.04703740   -0.00447179   -0.09443845    0.14778292    0.07069155    0.00675018
    0.04719068   -0.00449116   -0.09443845    0.14778292    0.07092190    0.00677941
    0.04734518   -0.00449116   -0.09443845    0.14778292    0.07115410    0.00677941
    0.04749845   -0.00447179   -0.09443845    0.14778292    0.07138445    0.00675018
    0.04764810   -0.00443337   -0.09443845    0.14778292    0.07160935    0.00669219
    0.04779175   -0.00437650   -0.09443845    0.14778292    0.07182524    0.00660633
    0.04792713   -0.00430207   -0.09443845    0.14778292    0.07202871    0.00649398
    0.04805212   -0.00421126   -0.09443845    0.14778292    0.07221655    0.00635690
    0.04816475   -0.00410550   -0.09443845    0.14778292    0.07238581    0.00619726
    0.04826323   -0.00398646   -0.09443845    0.14778292    0.07253382    0.00601756
    0.04834601   -0.00385601   -0.09443845    0.14778292    0.07265823    0.00582065
    0.04841179   -0.00371622   -0.09443845    0.14778292    0.07275709    0.00560964
    0.04845953   -0.00356928   -0.09443845    0.14778292    0.07282884    0.00538784
    0.04848848   -0.00341752   -0.09443845    0.14778292    0.07287235    0.00515875
    0.04855064   -0.00326333   -0.09435786    0.14765682    0.07296576    0.00492600
    0.04854053   -0.00310256   -0.09435786    0.14765682    0.07295056    0.00468332
    0.04851034   -0.00294433   -0.09435786    0.14765682    0.07290520    0.00444447
    0.04846056   -0.00279113   -0.09435786    0.14765682    0.07283039    0.00421322
    0.04839198   -0.00264538   -0.09435786    0.14765682    0.07272731    0.00399320
    0.04830566   -0.00250937   -0.09435786    0.14765682    0.07259759    0.00378789
    0.04820298   -0.00238525   -0.09435786    0.14765682    0.07244328    0.00360054
    0.04808556   -0.00227498   -0.09435786    0.14765682    0.07226680    0.00343409
    0.04795524   -0.00218030   -0.09435786    0.14765682    0.07207095    0.00329116
    0.04781408   -0.00210269   -0.09435786    0.14765682    0.07185880    0.00317402
    0.04766431   -0.00204339   -0.09435786    0.14765682    0.07163371    0.00308451
    0.04750828   -0.00200333   -0.09435786    0.14765682    0.07139923    0.00302404
    0.04734847   -0.00198314   -0.09435786    0.14765682    0.07115905    0.00299356
    0.04718738   -0.00198314   -0.09435786    0.14765682    0.07091695    0.00299356
    0.04702757   -0.00200333   -0.09435786    0.14765682    0.07067677    0.00302404
    0.04687155   -0.00204339   -0.09435786    0.14765682    0.07044229    0.00308451
    0.04672177   -0.00210269   -0.09435786    0.14765682    0.07021720    0.00317402
    0.04658061   -0.00218030   -0.09435786    0.14765682    0.07000505    0.00329116
    0.04645029   -0.00227498   -0.09435786    0.14765682    0.06980920    0.00343409
    0.04633287   -0.00238525   -0.09435786    0.14765682    0.06963272    0.00360054
    0.04623019   -0.00250937   -0.09435786    0.14765682    0.06947841    0.00378789
    0.04614388   -0.00264538   -0.09435786    0.14765682    0.06934869    0.00399320
    0.04607529   -0.00279113   -0.09435786    0.14765682    0.06924561    0.00421322
    0.04602551   -0.00294433   -0.09435786    0.14765682    0.06917080    0.00444447
    0.04599533   -0.00310256   -0.09435786    0.14765682    0.06912544    0.00468332
    0.04598521   -0.00326333   -0.09435786    0.14765682    0.06911024    0.00492600
    0.04599533   -0.00342409   -0.09435786    0.14765682    0.06912544    0.00516868
    0.04602551   -0.00358233   -0.09435786    0.14765682    0.06917080    0.00540753
    0.04607529   -0.00373553   -0.09435786    0.14765682    0.06924561    0.00563878
    0.04614388   -0.00388128   -0.09435786    0.14765682    0.06934869    0.00585880
    0.04623019   -0.00401729   -0.09435786    0.14765682    0.06947841    0.00606411
    0.04633287   -0.00414141   -0.09435786    0.14765682    0.06963272    0.00625146
    0.04645029   -0.00425168   -0.09435786    0.14765682    0.06980920    0.00641791
    0.04658061   -0.00434636   -0.09435786    0.14765682    0.07000505    0.00656084
    0.04672177   -0.00442396   -0.09435786    0.14765682    0.07021720    0.00667798
    0.04687155   -0.00448326   -0.09435786    0.14765682    0.07044229    0.00676749
    0.04702757   -0.00452332   -0.09435786    0.14765682    0.07067677    0.00682796
    0.04718738   -0.00454351   -0.09435786    0.14765682    0.07091695    0.00685844
    0.04734847   -0.00454351   -0.09435786    0.14765682    0.07115905    0.00685844
    0.04750828   -0.00452332   -0.09435786    0.14765682    0.07139923    0.00682796
    0.04766431   -0.00448326   -0.09435786    0.14765682    0.07163371    0.00676749
    0.04781408   -0.00442396   -0.09435786    0.14765682    0.07185880    0.00667798
    0.04795524   -0.00434636   -0.09435786    0.14765682    0.07207095    0.00656084
    0.04808556   -0.00425168   -0.09435786    0.14765682    0.07226680    0.00641791
    0.04820298   -0.00414141   -0.09435786    0.14765682    0.07244328    0.00625146
    0.04830566   -0.00401729   -0.09435786    0.14765682    0.07259759    0.00606411
    0.04839198   -0.00388128   -0.09435786    0.14765682    0.07272731    0.00585880
    0.04846056   -0.00373553   -0.09435786    0.14765682    0.07283039    0.00563878
    0.04851034   -0.00358233   -0.09435786    0.14765682    0.07290520    0.00540753
    0.04854053   -0.00342409   -0.09435786    0.14765682    0.07295056    0.00516868
    0.04859783   -0.00326333   -0.09427408    0.14752571    0.07303668    0.00492600
    0.04858734   -0.00309665   -0.09427408    0.14752571    0.07302092    0.00467440
    0.04855604   -0.00293259   -0.09427408    0.14752571    0.07297389    0.00442676
    0.04850444   -0.00277376   -0.09427408    0.14752571    0.07289632    0.00418700
    0.04843333   -0.00262264   -0.09427408    0.14752571    0.07278945    0.00395889
    0.04834384   -0.00248163   -0.09427408    0.14752571    0.07265496    0.00374603
    0.04823738   -0.00235295   -0.09427408    0.14752571    0.07249497    0.00355178
    0.04811564   -0.00223862   -0.09427408    0.14752571    0.07231201    0.00337921
    0.04798052   -0.00214046   -0.09427408    0.14752571    0.07210895    0.00323102
    0.04783417   -0.00206000   -0.09427408    0.14752571    0.07188900    0.00310957
    0.04767889   -0.00199852   -0.09427408    0.14752571    0.07165563    0.00301677
    0.04751712   -0.00195698   -0.09427408    0.14752571    0.07141251    0.00295407
    0.04735143   -0.00193605   -0.09427408    0.14752571    0.07116350    0.00292248
    0.04718442   -0.00193605   -0.09427408    0.14752571    0.07091250    0.00292248
    0.04701873   -0.00195698   -0.09427408    0.14752571    0.07066349    0.00295407
    0.04685697   -0.00199852   -0.09427408    0.14752571    0.07042037    0.00301677
    0.04670168   -0.00206000   -0.09427408    0.14752571    0.07018700    0.00310957
    0.04655533   -0.00214046   -0.09427408    0.14752571    0.06996705    0.00323102
    0.04642022   -0.00223862   -0.09427408    0.14752571    0.06976399    0.00337921
    0.04629847   -0.00235295   -0.09427408    0.14752571    0.06958103    0.00355178
    0.04619202   -0.00248163   -0.09427408    0.14752571    0.06942104    0.00374603
    0.04610253   -0.00262264   -0.09427408    0.14752571    0.06928655    0.00395889
    0.04603142   -0.00277376   -0.09427408    0.14752571    0.06917968    0.00418700
    0.04597981   -0.00293259   -0.09427408    0.14752571    0.06910211    0.00442676
    0.04594851   -0.00309665   -0.09427408    0.14752571    0.06905508    0.00467440
    0.04593803   -0.00326333   -0.09427408    0.14752571    0.06903932    0.00492600
    0.04594851   -0.00343001   -0.09427408    0.14752571    0.06905508    0.00517760
    0.04597981   -0.00359406   -0.09427408    0.14752571    0.06910211    0.00542524
    0.04603142   -0.00375290   -0.09427408    0.14752571    0.06917968    0.00566500
    0.04610253   -0.00390401   -0.09427408    0.14752571    0.06928655    0.00589311
    0.04619202   -0.00404502   -0.09427408    0.14752571    0.06942104    0.00610597
    0.04629847   -0.00417371   -0.09427408    0.14752571    0.06958103    0.00630022
    0.04642022   -0.00428803   -0.09427408    0.14752571    0.06976399    0.00647279
    0.04655533   -0.00438620   -0.09427408    0.14752571    0.06996705    0.00662098
    0.04670168   -0.00446666   -0.09427408    0.14752571    0.07018700    0.00674243
    0.04685697   -0.00452814   -0.09427408    0.14752571    0.07042037    0.00683523
    0.04701873   -0.00456967   -0.09427408    0.14752571    0.07066349    0.00689793
    0.04718442   -0.00459060   -0.09427408    0.14752571    0.07091250    0.00692952
    0.04735143   -0.00459060   -0.09427408    0.14752571    0.07116350    0.00692952
    0.04751712   -0.00456967   -0.09427408    0.14752571    0.07141251    0.00689793
    0.04767889   -0.00452814   -0.09427408    0.14752571    0.07165563    0.00683523
    0.04783417   -0.00446666   -0.09427408    0.14752571    0.07188900    0.00674243
    0.04798052   -0.00438620   -0.09427408    0.14752571    0.07210895    0.00662098
    0.04811564   -0.00428803   -0.09427408    0.14752571    0.07231201    0.00647279
    0.04823738   -0.00417371   -0.09427408    0.14752571    0.07249497    0.00630022
    0.04834384   -0.00404502   -0.09427408    0.14752571    0.07265496    0.00610597
    0.04843333   -0.00390401   -0.09427408    0.14752571    0.07278945    0.00589311
    0.04850444   -0.00375290   -0.09427408    0.14752571    0.07289632    0.00566500
    0.04855604   -0.00359406   -0.09427408    0.14752571    0.07297389    0.00542524
    0.04858734   -0.00343001   -0.09427408    0.14752571    0.07302092    0.00517760
    0.04863955   -0.00326333   -0.09418745    0.14739014    0.07309938    0.00492600
    0.04862873   -0.00309142   -0.09418745    0.14739014    0.07308312    0.00466650
    0.04859645   -0.00292222   -0.09418745    0.14739014    0.07303462    0.00441110
    0.04854323   -0.00275840   -0.09418745    0.14739014    0.07295462    0.00416381
    0.04846989   -0.00260254   -0.09418745    0.14739014    0.07284440    0.00392855
    0.04837759   -0.00245711   -0.09418745    0.14739014    0.07270569    0.00370901
    0.04826779   -0.00232439   -0.09418745    0.14739014    0.07254068    0.00350867
    0.04814223   -0.00220648   -0.09418745    0.14739014    0.07235197    0.00333068
    0.04800288   -0.00210523   -0.09418745    0.14739014    0.07214254    0.00317785
    0.04785193   -0.00202225   -0.09418745    0.14739014    0.07191569    0.00305259
    0.04769178   -0.00195884   -0.09418745    0.14739014    0.07167500    0.00295687
    0.04752494   -0.00191600   -0.09418745    0.14739014    0.07142426    0.00289221
    0.04735405   -0.00189441   -0.09418745    0.14739014    0.07116743    0.00285962
    0.04718180   -0.00189441   -0.09418745    0.14739014    0.07090857    0.00285962
    0.04701091   -0.00191600   -0.09418745    0.14739014    0.07065174    0.00289221
    0.04684407   -0.00195884   -0.09418745    0.14739014    0.07040100    0.00295687
    0.04668392   -0.00202225   -0.09418745    0.14739014    0.07016031    0.00305259
    0.04653298   -0.00210523   -0.09418745    0.14739014    0.06993346    0.00317785
    0.04639362   -0.00220648   -0.09418745    0.14739014    0.06972403    0.00333068
    0.04626806   -0.00232439   -0.09418745    0.14739014    0.06953532    0.00350867
    0.04615826   -0.00245711   -0.09418745    0.14739014    0.06937031    0.00370901
    0.04606597   -0.00260254   -0.09418745    0.14739014    0.06923160    0.00392855
    0.04599263   -0.00275840   -0.09418745    0.14739014    0.06912138    0.00416381
    0.04593940   -0.00292222   -0.09418745    0.14739014    0.06904138    0.00441110
    0.04590712   -0.00309142   -0.09418745    0.14739014    0.06899288    0.00466650
    0.04589631   -0.00326333   -0.09418745    0.14739014    0.06897662    0.00492600
    0.04590712   -0.00343524   -0.09418745    0.14739014    0.06899288    0.00518550
    0.04593940   -0.00360444   -0.09418745    0.14739014    0.06904138    0.00544090
    0.04599263   -0.00376825   -0.09418745    0.14739014    0.06912138    0.00568819
    0.04606597   -0.00392411   -0.09418745    0.14739014    0.06923160    0.00592345
    0.04615826   -0.00406954   -0.09418745    0.14739014    0.06937031    0.00614299
    0.04626806   -0.00420227   -0.09418745    0.14739014    0.06953532    0.00634333
    0.04639362   -0.00432018   -0.09418745    0.14739014    0.06972403    0.00652132
    0.04653298   -0.00442142   -0.09418745    0.14739014    0.06993346    0.00667415
    0.04668392   -0.00450441   -0.09418745    0.14739014    0.07016031    0.00679941
    0.04684407   -0.00456781   -0.09418745    0.14739014    0.07040100    0.00689513
    0.04701091   -0.00461065   -0.09418745    0.14739014    0.07065174    0.00695979
    0.04718180   -0.00463224   -0.09418745    0.14739014    0.07090857    0.00699238
    0.04735405   -0.00463224   -0.09418745    0.14739014    0.07116743    0.00699238
    0.04752494   -0.00461065   -0.09418745    0.14739014    0.07142426    0.00695979
    0.04769178   -0.00456781   -0.09418745    0.14739014    0.07167500    0.00689513
    0.04785193   -0.00450441   -0.09418745    0.14739014    0.07191569    0.00679941
    0.04800288   -0.00442142   -0.09418745    0.14739014    0.07214254    0.00667415
    0.04814223   -0.00432018   -0.09418745    0.14739014    0.07235197    0.00652132
    0.04826779   -0.00420227   -0.09418745    0.14739014    0.07254068    0.00634333
    0.04837759   -0.00406954   -0.09418745    0.14739014    0.07270569    0.00614299
    0.04846989   -0.00392411   -0.09418745    0.14739014    0.07284440    0.00592345
    0.04854323   -0.00376825   -0.09418745    0.14739014    0.07295462    0.00568819
    0.04859645   -0.00360444   -0.09418745    0.14739014    0.07303462    0.00544090
    0.04862873   -0.00343524   -0.09418745    0.14739014    0.07308312    0.00518550
    0.04867563   -0.00326333   -0.09409832    0.14725067    0.07315361    0.00492600
    0.04866453   -0.00308690   -0.09409832    0.14725067    0.07313693    0.00465968
    0.04863140   -0.00291325   -0.09409832    0.14725067    0.07308714    0.00439755
    0.04857678   -0.00274512   -0.09409832    0.14725067    0.07300504    0.00414376
    0.04850151   -0.00258516   -0.09409832    0.14725067    0.07289192    0.00390231
    0.04840678   -0.00243590   -0.09409832    0.14725067    0.07274956    0.00367700
    0.04829410   -0.00229969   -0.09409832    0.14725067    0.07258021    0.00347139
    0.04816523   -0.00217867   -0.09409832    0.14725067    0.07238654    0.00328871
    0.04802221   -0.00207476   -0.09409832    0.14725067    0.07217160    0.00313186
    0.04786730   -0.00198960   -0.09409832    0.14725067    0.07193878    0.00300331
    0.04770293   -0.00192452   -0.09409832    0.14725067    0.07169176    0.00290507
    0.04753170   -0.00188056   -0.09409832    0.14725067    0.07143443    0.00283871
    0.04735632   -0.00185840   -0.09409832    0.14725067    0.07117084    0.00280526
    0.04717954   -0.00185840   -0.09409832    0.14725067    0.07090516    0.00280526
    0.04700415   -0.00188056   -0.09409832    0.14725067    0.07064157    0.00283871
    0.04683292   -0.00192452   -0.09409832    0.14725067    0.07038424    0.00290507
    0.04666856   -0.00198960   -0.09409832    0.14725067    0.07013722    0.00300331
    0.04651364   -0.00207476   -0.09409832    0.14725067    0.06990440    0.00313186
    0.04637062   -0.00217867   -0.09409832    0.14725067    0.06968946    0.00328871
    0.04624176   -0.00229969   -0.09409832    0.14725067    0.06949579    0.00347139
    0.04612907   -0.00243590   -0.09409832    0.14725067    0.06932644    0.00367700
    0.04603435   -0.00258516   -0.09409832    0.14725067    0.06918408    0.00390231
    0.04595908   -0.00274512   -0.09409832    0.14725067    0.06907096    0.00414376
    0.04590445   -0.00291325   -0.09409832    0.14725067    0.06898886    0.00439755
    0.04587132   -0.00308690   -0.09409832    0.14725067    0.06893907    0.00465968
    0.04586022   -0.00326333   -0.09409832    0.14725067    0.06892239    0.00492600
    0.04587132   -0.00343976   -0.09409832    0.14725067    0.06893907    0.00519232
    0.04590445   -0.00361341   -0.09409832    0.14725067    0.06898886    0.00545445
    0.04595908   -0.00378154   -0.09409832    0.14725067    0.06907096    0.00570824
    0.04603435   -0.00394149   -0.09409832    0.14725067    0.06918408    0.00594969
    0.04612907   -0.00409075   -0.09409832    0.14725067    0.06932644    0.00617500
    0.04624176   -0.00422697   -0.09409832    0.14725067    0.06949579    0.00638061
    0.04637062   -0.00434798   -0.09409832    0.14725067    0.06968946    0.00656329
    0.04651364   -0.00445189   -0.09409832    0.14725067    0.06990440    0.00672014
    0.04666856   -0.00453705   -0.09409832    0.14725067    0.07013722    0.00684869
    0.04683292   -0.00460213   -0.09409832    0.14725067    0.07038424    0.00694693
    0.04700415   -0.00464610   -0.09409832    0.14725067    0.07064157    0.00701329
    0.04717954   -0.00466825   -0.09409832    0.14725067    0.07090516    0.00704674
    0.04735632   -0.00466825   -0.09409832    0.14725067    0.07117084    0.00704674
    0.04753170   -0.00464610   -0.09409832    0.14725067    0.07143443    0.00701329
    0.04770293   -0.00460213   -0.09409832    0.14725067    0.07169176    0.00694693
    0.04786730   -0.00453705   -0.09409832    0.14725067    0.07193878    0.00684869
    0.04802221   -0.00445189   -0.09409832    0.14725067    0.07217160    0.00672014
    0.04816523   -0.00434798   -0.09409832    0.14725067    0.07238654    0.00656329
    0.04829410   -0.00422697   -0.09409832    0.14725067    0.07258021    0.00638061
    0.04840678   -0.00409075   -0.09409832    0.14725067    0.07274956    0.00617500
    0.04850151   -0.00394149   -0.09409832    0.14725067    0.07289192    0.00594969
    0.04857678   -0.00378154   -0.09409832    0.14725067    0.07300504    0.00570824
    0.04863140   -0.00361341   -0.09409832    0.14725067    0.07308714    0.00545445
    0.04866453   -0.00343976   -0.09409832    0.14725067    0.07313693    0.00519232
    0.04870593   -0.00326333   -0.09400706    0.14710787    0.07319914    0.00492600
    0.04869459   -0.00308310   -0.09400706    0.14710787    0.07318210    0.00465394
    0.04866075   -0.00290571   -0.09400706    0.14710787    0.07313125    0.00438618
    0.04860495   -0.00273396   -0.09400706    0.14710787    0.07304738    0.00412692
    0.04852806   -0.00257056   -0.09400706    0.14710787    0.07293182    0.00388027
    0.04843129   -0.00241809   -0.09400706    0.14710787    0.07278640    0.00365011
    0.04831618   -0.00227895   -0.09400706    0.14710787    0.07261341    0.00344008
    0.04818454   -0.00215533   -0.09400706    0.14710787    0.07241556    0.00325347
    0.04803845   -0.00204918   -0.09400706    0.14710787    0.07219600    0.00309325
    0.04788020   -0.00196218   -0.09400706    0.14710787    0.07195817    0.00296192
    0.04771229   -0.00189571   -0.09400706    0.14710787    0.07170583    0.00286157
    0.04753738   -0.00185080   -0.09400706    0.14710787    0.07144296    0.00279378
    0.04735822   -0.00182816   -0.09400706    0.14710787    0.07117370    0.00275962
    0.04717763   -0.00182816   -0.09400706    0.14710787    0.07090230    0.00275962
    0.04699847   -0.00185080   -0.09400706    0.14710787    0.07063304    0.00279378
    0.04682356   -0.00189571   -0.09400706    0.14710787    0.07037017    0.00286157
    0.04665566   -0.00196218   -0.09400706    0.14710787    0.07011783    0.00296192
    0.04649741   -0.00204918   -0.09400706    0.14710787    0.06988000    0.00309325
    0.04635131   -0.00215533   -0.09400706    0.14710787    0.06966044    0.00325347
    0.04621967   -0.00227895   -0.09400706    0.14710787    0.06946259    0.00344008
    0.04610456   -0.00241809   -0.09400706    0.14710787    0.06928960    0.00365011
    0.04600780   -0.00257056   -0.09400706    0.14710787    0.06914418    0.00388027
    0.04593091   -0.00273396   -0.09400706    0.14710787    0.06902862    0.00412692
    0.04587510   -0.00290571   -0.09400706    0.14710787    0.06894475    0.00438618
    0.04584126   -0.00308310   -0.09400706    0.14710787    0.06889390    0.00465394
    0.04582992   -0.00326333   -0.09400706    0.14710787    0.06887686    0.00492600
    0.04584126   -0.00344356   -0.09400706    0.14710787    0.06889390    0.00519806
    0.04587510   -0.00362094   -0.09400706    0.14710787    0.06894475    0.00546582
    0.04593091   -0.00379269   -0.09400706    0.14710787    0.06902862    0.00572508
    0.04600780   -0.00395609   -0.09400706    0.14710787    0.06914418    0.00597173
    0.04610456   -0.00410856   -0.09400706    0.14710787    0.06928960    0.00620189
    0.04621967   -0.00424771   -0.09400706    0.14710787    0.06946259    0.00641192
    0.04635131   -0.00437133   -0.09400706    0.14710787    0.06966044    0.00659853
    0.04649741   -0.00447747   -0.09400706    0.14710787    0.06988000    0.00675875
    0.04665566   -0.00456447   -0.09400706    0.14710787    0.07011783    0.00689008
    0.04682356   -0.00463095   -0.09400706    0.14710787    0.07037017    0.00699043
    0.04699847   -0.00467586   -0.09400706    0.14710787    0.07063304    0.00705822
    0.04717763   -0.00469849   -0.09400706    0.14710787    0.07090230    0.00709238
    0.04735822   -0.00469849   -0.09400706    0.14710787    0.07117370    0.00709238
    0.04753738   -0.00467586   -0.09400706    0.14710787    0.07144296    0.00705822
    0.04771229   -0.00463095   -0.09400706    0.14710787    0.07170583    0.00699043
    0.04788020   -0.00456447   -0.09400706    0.14710787    0.07195817    0.00689008
    0.04803845   -0.00447747   -0.09400706    0.14710787    0.07219600    0.00675875
    0.04818454   -0.00437133   -0.09400706    0.14710787    0.07241556    0.00659853
    0.04831618   -0.00424771   -0.09400706    0.14710787    0.07261341    0.00641192
    0.04843129   -0.00410856   -0.09400706    0.14710787    0.07278640    0.00620189
    0.04852806   -0.00395609   -0.09400706    0.14710787    0.07293182    0.00597173
    0.04860495   -0.00379269   -0.09400706    0.14710787    0.07304738    0.00572508
    0.04866075   -0.00362094   -0.09400706    0.14710787    0.07313125    0.00546582
    0.04869459   -0.00344356   -0.09400706    0.14710787    0.07318210    0.00519806
    0.04873032   -0.00326333   -0.09391405    0.14696232    0.07323580    0.00492600
    0.04871879   -0.00308004   -0.09391405    0.14696232    0.07321847    0.00464933
    0.04868437   -0.00289965   -0.09391405    0.14696232    0.07316675    0.00437702
    0.04862762   -0.00272498   -0.09391405    0.14696232    0.07308146    0.00411337
    0.04854943   -0.00255881   -0.09391405    0.14696232    0.07296395    0.00386254
    0.04845103   -0.00240375   -0.09391405    0.14696232    0.07281606    0.00362847
    0.04833396   -0.00226225   -0.09391405    0.14696232    0.07264013    0.00341487
    0.04820009   -0.00213654   -0.09391405    0.14696232    0.07243893    0.00322510
    0.04805152   -0.00202859   -0.09391405    0.14696232    0.07221564    0.00306216
    0.04789058   -0.00194012   -0.09391405    0.14696232    0.07197378    0.00292861
    0.04771983   -0.00187251   -0.09391405    0.14696232    0.07171716    0.00282656
    0.04754195   -0.00182684   -0.09391405    0.14696232    0.07144983    0.00275762
    0.04735975   -0.00180382   -0.09391405    0.14696232    0.07117600    0.00272287
    0.04717610   -0.00180382   -0.09391405    0.14696232    0.07090000    0.00272287
    0.04699390   -0.00182684   -0.09391405    0.14696232    0.07062617    0.00275762
    0.04681602   -0.00187251   -0.09391405    0.14696232    0.07035884    0.00282656
    0.04664527   -0.00194012   -0.09391405    0.14696232    0.07010222    0.00292861
    0.04648434   -0.00202859   -0.09391405    0.14696232    0.06986036    0.00306216
    0.04633576   -0.00213654   -0.09391405    0.14696232    0.06963707    0.00322510
    0.04620189   -0.00226225   -0.09391405    0.14696232    0.06943587    0.00341487
    0.04608483   -0.00240375   -0.09391405    0.14696232    0.06925994    0.00362847
    0.04598642   -0.00255881   -0.09391405    0.14696232    0.06911205    0.00386254
    0.04590823   -0.00272498   -0.09391405    0.14696232    0.06899454    0.00411337
    0.04585148   -0.00289965   -0.09391405    0.14696232    0.06890925    0.00437702
    0.04581707   -0.00308004   -0.09391405    0.14696232    0.06885753    0.00464933
    0.04580553   -0.00326333   -0.09391405    0.14696232    0.06884020    0.00492600
    0.04581707   -0.00344661   -0.09391405    0.14696232    0.06885753    0.00520267
    0.04585148   -0.00362701   -0.09391405    0.14696232    0.06890925    0.00547498
    0.04590823   -0.00380167   -0.09391405    0.14696232    0.06899454    0.00573863
    0.04598642   -0.00396784   -0.09391405    0.14696232    0.06911205    0.00598946
    0.04608483   -0.00412290   -0.09391405    0.14696232    0.06925994    0.00622353
    0.04620189   -0.00426440   -0.09391405    0.14696232    0.06943587    0.00643713
    0.04633576   -0.00439012   -0.09391405    0.14696232    0.06963707    0.00662690
    0.04648434   -0.00449807   -0.09391405    0.14696232    0.06986036    0.00678984
    0.04664527   -0.00458654   -0.09391405    0.14696232    0.07010222    0.00692339
    0.04681602   -0.00465414   -0.09391405    0.14696232    0.07035884    0.00702544
    0.04699390   -0.00469982   -0.09391405    0.14696232    0.07062617    0.00709438
    0.04717610   -0.00472283   -0.09391405    0.14696232    0.07090000    0.00712913
    0.04735975   -0.00472283   -0.09391405    0.14696232    0.07117600    0.00712913
    0.04754195   -0.00469982   -0.09391405    0.14696232    0.07144983    0.00709438
    0.04771983   -0.00465414   -0.09391405    0.14696232    0.07171716    0.00702544
    0.04789058   -0.00458654   -0.09391405    0.14696232    0.07197378    0.00692339
    0.04805152   -0.00449807   -0.09391405    0.14696232    0.07221564    0.00678984
    0.04820009   -0.00439012   -0.09391405    0.14696232    0.07243893    0.00662690
    0.04833396   -0.00426440   -0.09391405    0.14696232    0.07264013    0.00643713
    0.04845103   -0.00412290   -0.09391405    0.14696232    0.07281606    0.00622353
    0.04854943   -0.00396784   -0.09391405    0.14696232    0.07296395    0.00598946
    0.04862762   -0.00380167   -0.09391405    0.14696232    0.07308146    0.00573863
    0.04868437   -0.00362701   -0.09391405    0.14696232    0.07316675    0.00547498
    0.04871879   -0.00344661   -0.09391405    0.14696232    0.07321847    0.00520267
    0.04874870   -0.00326333   -0.09381967    0.14681463    0.07326342    0.00492600
    0.04873702   -0.00307774   -0.09381967    0.14681463    0.07324587    0.00464585
    0.04870218   -0.00289507   -0.09381967    0.14681463    0.07319351    0.00437012
    0.04864471   -0.00271822   -0.09381967    0.14681463    0.07310715    0.00410316
    0.04856554   -0.00254996   -0.09381967    0.14681463    0.07298815    0.00384917
    0.04846590   -0.00239295   -0.09381967    0.14681463    0.07283840    0.00361216
    0.04834736   -0.00224967   -0.09381967    0.14681463    0.07266026    0.00339588
    0.04821181   -0.00212237   -0.09381967    0.14681463    0.07245654    0.00320373
    0.04806136   -0.00201307   -0.09381967    0.14681463    0.07223044    0.00303873
    0.04789841   -0.00192348   -0.09381967    0.14681463    0.07198554    0.00290350
    0.04772551   -0.00185503   -0.09381967    0.14681463    0.07172569    0.00280017
    0.04754540   -0.00180878   -0.09381967    0.14681463    0.07145500    0.00273036
    0.04736091   -0.00178548   -0.09381967    0.14681463    0.07117774    0.00269518
    0.04717495   -0.00178548   -0.09381967    0.14681463    0.07089826    0.00269518
    0.04699046   -0.00180878   -0.09381967    0.14681463    0.07062100    0.00273036
    0.04681034   -0.00185503   -0.09381967    0.14681463    0.07035031    0.00280017
    0.04663744   -0.00192348   -0.09381967    0.14681463    0.07009046    0.00290350
    0.04647449   -0.00201307   -0.09381967    0.14681463    0.06984556    0.00303873
    0.04632405   -0.00212237   -0.09381967    0.14681463    0.06961946    0.00320373
    0.04618849   -0.00224967   -0.09381967    0.14681463    0.06941574    0.00339588
    0.04606996   -0.00239295   -0.09381967    0.14681463    0.06923760    0.00361216
    0.04597032   -0.00254996   -0.09381967    0.14681463    0.06908785    0.00384917
    0.04589114   -0.00271822   -0.09381967    0.14681463    0.06896885    0.00410316
    0.04583368   -0.00289507   -0.09381967    0.14681463    0.06888249    0.00437012
    0.04579883   -0.00307774   -0.09381967    0.14681463    0.06883013    0.00464585
    0.04578715   -0.00326333   -0.09381967    0.14681463    0.06881258    0.00492600
    0.04579883   -0.00344892   -0.09381967    0.14681463    0.06883013    0.00520615
    0.04583368   -0.00363158   -0.09381967    0.14681463    0.06888249    0.00548188
    0.04589114   -0.00380844   -0.09381967    0.14681463    0.06896885    0.00574884
    0.04597032   -0.00397670   -0.09381967    0.14681463    0.06908785    0.00600283
    0.04606996   -0.00413370   -0.09381967    0.14681463    0.06923760    0.00623984
    0.04618849   -0.00427699   -0.09381967    0.14681463    0.06941574    0.00645612
    0.04632405   -0.00440428   -0.09381967    0.14681463    0.06961946    0.00664827
    0.04647449   -0.00451359   -0.09381967    0.14681463    0.06984556    0.00681327
    0.04663744   -0.00460317   -0.09381967    0.14681463    0.07009046    0.00694850
    0.04681034   -0.00467163   -0.09381967    0.14681463    0.07035031    0.00705183
    0.04699046   -0.00471787   -0.09381967    0.14681463    0.07062100    0.00712164
    0.04717495   -0.00474118   -0.09381967    0.14681463    0.07089826    0.00715682
    0.04736091   -0.00474118   -0.09381967    0.14681463    0.07117774    0.00715682
    0.04754540   -0.00471787   -0.09381967    0.14681463    0.07145500    0.00712164
    0.04772551   -0.00467163   -0.09381967    0.14681463    0.07172569    0.00705183
    0.04789841   -0.00460317   -0.09381967    0.14681463    0.07198554    0.00694850
    0.04806136   -0.00451359   -0.09381967    0.14681463    0.07223044    0.00681327
    0.04821181   -0.00440428   -0.09381967    0.14681463    0.07245654    0.00664827
    0.04834736   -0.00427699   -0.09381967    0.14681463    0.07266026    0.00645612
    0.04846590   -0.00413370   -0.09381967    0.14681463    0.07283840    0.00623984
    0.04856554   -0.00397670   -0.09381967    0.14681463    0.07298815    0.00600283
    0.04864471   -0.00380844   -0.09381967    0.14681463    0.07310715    0.00574884
    0.04870218   -0.00363158   -0.09381967    0.14681463    0.07319351    0.00548188
    0.04873702   -0.00344892   -0.09381967    0.14681463    0.07324587    0.00520615
    0.04876100   -0.00326333   -0.09372431    0.14666539    0.07328190    0.00492600
    0.04874922   -0.00307620   -0.09372431    0.14666539    0.07326421    0.00464353
    0.04871409   -0.00289202   -0.09372431    0.14666539    0.07321141    0.00436551
    0.04865615   -0.00271369   -0.09372431    0.14666539    0.07312433    0.00409632
    0.04857631   -0.00254404   -0.09372431    0.14666539    0.07300435    0.00384023
    0.04847584   -0.00238572   -0.09372431    0.14666539    0.07285336    0.00360126
    0.04835633   -0.00224125   -0.09372431    0.14666539    0.07267373    0.00338317
    0.04821964   -0.00211290   -0.09372431    0.14666539    0.07246832    0.00318942
    0.04806795   -0.00200269   -0.09372431    0.14666539    0.07224034    0.00302306
    0.04790364   -0.00191236   -0.09372431    0.14666539    0.07199341    0.00288671
    0.04772931   -0.00184333   -0.09372431    0.14666539    0.07173140    0.00278252
    0.04754770   -0.00179671   -0.09372431    0.14666539    0.07145847    0.00271213
    0.04736168   -0.00177320   -0.09372431    0.14666539    0.07117890    0.00267666
    0.04717418   -0.00177320   -0.09372431    0.14666539    0.07089710    0.00267666
    0.04698815   -0.00179671   -0.09372431    0.14666539    0.07061753    0.00271213
    0.04680654   -0.00184333   -0.09372431    0.14666539    0.07034460    0.00278252
    0.04663221   -0.00191236   -0.09372431    0.14666539    0.07008259    0.00288671
    0.04646790   -0.00200269   -0.09372431    0.14666539    0.06983566    0.00302306
    0.04631621   -0.00211290   -0.09372431    0.14666539    0.06960768    0.00318942
    0.04617953   -0.00224125   -0.09372431    0.14666539    0.06940227    0.00338317
    0.04606001   -0.00238572   -0.09372431    0.14666539    0.06922264    0.00360126
    0.04595954   -0.00254404   -0.09372431    0.14666539    0.06907165    0.00384023
    0.04587971   -0.00271369   -0.09372431    0.14666539    0.06895167    0.00409632
    0.04582177   -0.00289202   -0.09372431    0.14666539    0.06886459    0.00436551
    0.04578663   -0.00307620   -0.09372431    0.14666539    0.06881179    0.00464353
    0.04577486   -0.00326333   -0.09372431    0.14666539    0.06879410    0.00492600
    0.04578663   -0.00345046   -0.09372431    0.14666539    0.06881179    0.00520847
    0.04582177   -0.00363464   -0.09372431    0.14666539    0.06886459    0.00548649
    0.04587971   -0.00381296   -0.09372431    0.14666539    0.06895167    0.00575568
    0.04595954   -0.00398262   -0.09372431    0.14666539    0.06907165    0.00601177
    0.04606001   -0.00414093   -0.09372431    0.14666539    0.06922264    0.00625074
    0.04617953   -0.00428540   -0.09372431    0.14666539    0.06940227    0.00646883
    0.04631621   -0.00441376   -0.09372431    0.14666539    0.06960768    0.00666258
    0.04646790   -0.00452397   -0.09372431    0.14666539    0.06983566    0.00682894
    0.04663221   -0.00461430   -0.09372431    0.14666539    0.07008259    0.00696529
    0.04680654   -0.00468332   -0.09372431    0.14666539    0.07034460    0.00706948
    0.04698815   -0.00472995   -0.09372431    0.14666539    0.07061753    0.00713987
    0.04717418   -0.00475345   -0.09372431    0.14666539    0.07089710    0.00717534
    0.04736168   -0.00475345   -0.09372431    0.14666539    0.07117890    0.00717534
    0.04754770   -0.00472995   -0.09372431    0.14666539    0.07145847    0.00713987
    0.04772931   -0.00468332   -0.09372431    0.14666539    0.07173140    0.00706948
    0.04790364   -0.00461430   -0.09372431    0.14666539    0.07199341    0.00696529
    0.04806795   -0.00452397   -0.09372431    0.14666539    0.07224034    0.00682894
    0.04821964   -0.00441376   -0.09372431    0.14666539    0.07246832    0.00666258
    0.04835633   -0.00428540   -0.09372431    0.14666539    0.07267373    0.00646883
    0.04847584   -0.00414093   -0.09372431    0.14666539    0.07285336    0.00625074
    0.04857631   -0.00398262   -0.09372431    0.14666539    0.07300435    0.00601177
    0.04865615   -0.00381296   -0.09372431    0.14666539    0.07312433    0.00575568
    0.04871409   -0.00363464   -0.09372431    0.14666539    0.07321141    0.00548649
    0.04874922   -0.00345046   -0.09372431    0.14666539    0.07326421    0.00520847
    0.04876716   -0.00326333   -0.09362835    0.14651523    0.07329116    0.00492600
    0.04875533   -0.00307542   -0.09362835    0.14651523    0.07327339    0.00464236
    0.04872005   -0.00289048   -0.09362835    0.14651523    0.07322037    0.00436319
    0.04866187   -0.00271142   -0.09362835    0.14651523    0.07313294    0.00409290
    0.04858171   -0.00254107   -0.09362835    0.14651523    0.07301246    0.00383575
    0.04848083   -0.00238210   -0.09362835    0.14651523    0.07286085    0.00359579
    0.04836082   -0.00223703   -0.09362835    0.14651523    0.07268048    0.00337681
    0.04822357   -0.00210815   -0.09362835    0.14651523    0.07247422    0.00318226
    0.04807125   -0.00199749   -0.09362835    0.14651523    0.07224530    0.00301521
    0.04790627   -0.00190678   -0.09362835    0.14651523    0.07199735    0.00287829
    0.04773121   -0.00183748   -0.09362835    0.14651523    0.07173427    0.00277367
    0.04754885   -0.00179065   -0.09362835    0.14651523    0.07146020    0.00270300
    0.04736206   -0.00176706   -0.09362835    0.14651523    0.07117948    0.00266738
    0.04717379   -0.00176706   -0.09362835    0.14651523    0.07089652    0.00266738
    0.04698700   -0.00179065   -0.09362835    0.14651523    0.07061580    0.00270300
    0.04680464   -0.00183748   -0.09362835    0.14651523    0.07034173    0.00277367
    0.04662959   -0.00190678   -0.09362835    0.14651523    0.07007865    0.00287829
    0.04646460   -0.00199749   -0.09362835    0.14651523    0.06983070    0.00301521
    0.04631228   -0.00210815   -0.09362835    0.14651523    0.06960178    0.00318226
    0.04617504   -0.00223703   -0.09362835    0.14651523    0.06939552    0.00337681
    0.04605502   -0.00238210   -0.09362835    0.14651523    0.06921515    0.00359579
    0.04595414   -0.00254107   -0.09362835    0.14651523    0.06906354    0.00383575
    0.04587398   -0.00271142   -0.09362835    0.14651523    0.06894306    0.00409290
    0.04581580   -0.00289048   -0.09362835    0.14651523    0.06885563    0.00436319
    0.04578052   -0.00307542   -0.09362835    0.14651523    0.06880261    0.00464236
    0.04576870   -0.00326333   -0.09362835    0.14651523    0.06878484    0.00492600
    0.04578052   -0.00345123   -0.09362835    0.14651523    0.06880261    0.00520964
    0.04581580   -0.00363617   -0.09362835    0.14651523    0.06885563    0.00548881
    0.04587398   -0.00381523   -0.09362835    0.14651523    0.06894306    0.00575910
    0.04595414   -0.00398559   -0.09362835    0.14651523    0.06906354    0.00601625
    0.04605502   -0.00414455   -0.09362835    0.14651523    0.06921515    0.00625621
    0.04617504   -0.00428962   -0.09362835    0.14651523    0.06939552    0.00647519
    0.04631228   -0.00441850   -0.09362835    0.14651523    0.06960178    0.00666974
    0.04646460   -0.00452917   -0.09362835    0.14651523    0.06983070    0.00683679
    0.04662959   -0.00461987   -0.09362835    0.14651523    0.07007865    0.00697371
    0.04680464   -0.00468918   -0.09362835    0.14651523    0.07034173    0.00707833
    0.04698700   -0.00473600   -0.09362835    0.14651523    0.07061580    0.00714900
    0.04717379   -0.00475960   -0.09362835    0.14651523    0.07089652    0.00718462
    0.04736206   -0.00475960   -0.09362835    0.14651523    0.07117948    0.00718462
    0.04754885   -0.00473600   -0.09362835    0.14651523    0.07146020    0.00714900
    0.04773121   -0.00468918   -0.09362835    0.14651523    0.07173427    0.00707833
    0.04790627   -0.00461987   -0.09362835    0.14651523    0.07199735    0.00697371
    0.04807125   -0.00452917   -0.09362835    0.14651523    0.07224530    0.00683679
    0.04822357   -0.00441850   -0.09362835    0.14651523    0.07247422    0.00666974
    0.04836082   -0.00428962   -0.09362835    0.14651523    0.07268048    0.00647519
    0.04848083   -0.00414455   -0.09362835    0.14651523    0.07286085    0.00625621
    0.04858171   -0.00398559   -0.09362835    0.14651523    0.07301246    0.00601625
    0.04866187   -0.00381523   -0.09362835    0.14651523    0.07313294    0.00575910
    0.04872005   -0.00363617   -0.09362835    0.14651523    0.07322037    0.00548881
    0.04875533   -0.00345123   -0.09362835    0.14651523    0.07327339    0.00520964
    0.04876716   -0.00326333   -0.09353220    0.14636477    0.07329116    0.00492600
    0.04875533   -0.00307542   -0.09353220    0.14636477    0.07327339    0.00464236
    0.04872005   -0.00289048   -0.09353220    0.14636477    0.07322037    0.00436319
    0.04866187   -0.00271142   -0.09353220    0.14636477    0.07313294    0.00409290
    0.04858171   -0.00254107   -0.09353220    0.14636477    0.07301246    0.00383575
    0.04848083   -0.00238210   -0.09353220    0.14636477    0.07286085    0.00359579
    0.04836082   -0.00223703   -0.09353220    0.14636477    0.07268048    0.00337681
    0.04822357   -0.00210815   -0.09353220    0.14636477    0.07247422    0.00318226
    0.04807125   -0.00199749   -0.09353220    0.14636477    0.07224530    0.00301521
    0.04790627   -0.00190678   -0.09353220    0.14636477    0.07199735    0.00287829
    0.04773121   -0.00183748   -0.09353220    0.14636477    0.07173427    0.00277367
    0.04754885   -0.00179065   -0.09353220    0.14636477    0.07146020    0.00270300
    0.04736206   -0.00176706   -0.09353220    0.14636477    0.07117948    0.00266738
    0.04717379   -0.00176706   -0.09353220    0.14636477    0.07089652    0.00266738
    0.04698700   -0.00179065   -0.09353220    0.14636477    0.07061580    0.00270300
    0.04680464   -0.00183748   -0.09353220    0.14636477    0.07034173    0.00277367
    0.04662959   -0.00190678   -0.09353220    0.14636477    0.07007865    0.00287829
    0.04646460   -0.00199749   -0.09353220    0.14636477    0.06983070    0.00301521
    0.04631228   -0.00210815   -0.09353220    0.14636477    0.06960178    0.00318226
    0.04617504   -0.00223703   -0.09353220    0.14636477    0.06939552    0.00337681
    0.04605502   -0.00238210   -0.09353220    0.14636477    0.06921515    0.00359579
    0.04595414   -0.00254107   -0.09353220    0.14636477    0.06906354    0.00383575
    0.04587398   -0.00271142   -0.09353220    0.14636477    0.06894306    0.00409290
    0.04581580   -0.00289048   -0.09353220    0.14636477    0.06885563    0.00436319
    0.04578052   -0.00307542   -0.09353220    0.14636477    0.06880261    0.00464236
    0.04576870   -0.00326333   -0.09353220    0.14636477    0.06878484    0.00492600
    0.04578052   -0.00345123   -0.09353220    0.14636477    0.06880261    0.00520964
    0.04581580   -0.00363617   -0.09353220    0.14636477    0.06885563    0.00548881
    0.04587398   -0.00381523   -0.09353220    0.14636477    0.06894306    0.00575910
    0.04595414   -0.00398559   -0.09353220    0.14636477    0.06906354    0.00601625
    0.04605502   -0.00414455   -0.09353220    0.14636477    0.06921515    0.00625621
    0.04617504   -0.00428962   -0.09353220    0.14636477    0.06939552    0.00647519
    0.04631228   -0.00441850   -0.09353220    0.14636477    0.06960178    0.00666974
    0.04646460   -0.00452917   -0.09353220    0.14636477    0.06983070    0.00683679
    0.04662959   -0.00461987   -0.09353220    0.14636477    0.07007865    0.00697371
    0.04680464   -0.00468918   -0.09353220    0.14636477    0.07034173    0.00707833
    0.04698700   -0.00473600   -0.09353220    0.14636477    0.07061580    0.00714900
    0.04717379   -0.00475960   -0.09353220    0.14636477    0.07089652    0.00718462
    0.04736206   -0.00475960   -0.09353220    0.14636477    0.07117948    0.00718462
    0.04754885   -0.00473600   -0.09353220    0.14636477    0.07146020    0.00714900
    0.04773121   -0.00468918   -0.09353220    0.14636477    0.07173427    0.00707833
    0.04790627   -0.00461987   -0.09353220    0.14636477    0.07199735    0.00697371
    0.04807125   -0.00452917   -0.09353220    0.14636477    0.07224530    0.00683679
    0.04822357   -0.00441850   -0.09353220    0.14636477    0.07247422    0.00666974
    0.04836082   -0.00428962   -0.09353220    0.14636477    0.07268048    0.00647519
    0.04848083   -0.00414455   -0.09353220    0.14636477    0.07286085    0.00625621
    0.04858171   -0.00398559   -0.09353220    0.14636477    0.07301246    0.00601625
    0.04866187   -0.00381523   -0.09353220    0.14636477    0.07313294    0.00575910
    0.04872005   -0.00363617   -0.09353220    0.14636477    0.07322037    0.00548881
    0.04875533   -0.00345123   -0.09353220    0.14636477    0.07327339    0.00520964
    0.04876100   -0.00326333   -0.09343624    0.14621461    0.07328190    0.00492600
    0.04874922   -0.00307620   -0.09343624    0.14621461    0.07326421    0.00464353
    0.04871409   -0.00289202   -0.09343624    0.14621461    0.07321141    0.00436551
    0.04865615   -0.00271369   -0.09343624    0.14621461    0.07312433    0.00409632
    0.04857631   -0.00254404   -0.09343624    0.14621461    0.07300435    0.00384023
    0.04847584   -0.00238572   -0.09343624    0.14621461    0.07285336    0.00360126
    0.04835633   -0.00224125   -0.09343624    0.14621461    0.07267373    0.00338317
    0.04821964   -0.00211290   -0.09343624    0.14621461    0.07246832    0.00318942
    0.04806795   -0.00200269   -0.09343624    0.14621461    0.07224034    0.00302306
    0.04790364   -0.00191236   -0.09343624    0.14621461    0.07199341    0.00288671
    0.04772931   -0.00184333   -0.09343624    0.14621461    0.07173140    0.00278252
    0.04754770   -0.00179671   -0.09343624    0.14621461    0.07145847    0.00271213
    0.04736168   -0.00177320   -0.09343624    0.14621461    0.07117890    0.00267666
    0.04717418   -0.00177320   -0.09343624    0.14621461    0.07089710    0.00267666
    0.04698815   -0.00179671   -0.09343624    0.14621461    0.07061753    0.00271213
    0.04680654   -0.00184333   -0.09343624    0.14621461    0.07034460    0.00278252
    0.04663221   -0.00191236   -0.09343624    0.14621461    0.07008259    0.00288671
    0.04646790   -0.00200269   -0.09343624    0.14621461    0.06983566    0.00302306
    0.04631621   -0.00211290   -0.09343624    0.14621461    0.06960768    0.00318942
    0.04617953   -0.00224125   -0.09343624    0.14621461    0.06940227    0.00338317
    0.04606001   -0.00238572   -0.09343624    0.14621461    0.06922264    0.00360126
    0.04595954   -0.00254404   -0.09343624    0.14621461    0.06907165    0.00384023
    0.04587971   -0.00271369   -0.09343624    0.14621461    0.06895167    0.00409632
    0.04582177   -0.00289202   -0.09343624    0.14621461    0.06886459    0.00436551
    0.04578663   -0.00307620   -0.09343624    0.14621461    0.06881179    0.00464353
    0.04577486   -0.00326333   -0.09343624    0.14621461    0.06879410    0.00492600
    0.04578663   -0.00345046   -0.09343624    0.14621461    0.06881179    0.00520847
    0.04582177   -0.00363464   -0.09343624    0.14621461    0.06886459    0.00548649
    0.04587971   -0.00381296   -0.09343624    0.14621461    0.06895167    0.00575568
    0.04595954   -0.00398262   -0.09343624    0.14621461    0.06907165    0.00601177
    0.04606001   -0.00414093   -0.09343624    0.14621461    0.06922264    0.00625074
    0.04617953   -0.00428540   -0.09343624    0.14621461    0.06940227    0.00646883
    0.04631621   -0.00441376   -0.09343624    0.14621461    0.06960768    0.00666258
    0.04646790   -0.00452397   -0.09343624    0.14621461    0.06983566    0.00682894
    0.04663221   -0.00461430   -0.09343624    0.14621461    0.07008259    0.00696529
    0.04680654   -0.00468332   -0.09343624    0.14621461    0.07034460    0.00706948
    0.04698815   -0.00472995   -0.09343624    0.14621461    0.07061753    0.00713987
    0.04717418   -0.00475345   -0.09343624    0.14621461    0.07089710    0.00717534
    0.04736168   -0.00475345   -0.09343624    0.14621461    0.07117890    0.00717534
    0.04754770   -0.00472995   -0.09343624    0.14621461    0.07145847    0.00713987
    0.04772931   -0.00468332   -0.09343624    0.14621461    0.07173140    0.00706948
    0.04790364   -0.00461430   -0.09343624    0.14621461    0.07199341    0.00696529
    0.04806795   -0.00452397   -0.09343624    0.14621461    0.07224034    0.00682894
    0.04821964   -0.00441376   -0.09343624    0.14621461    0.07246832    0.00666258
    0.04835633   -0.00428540   -0.09343624    0.14621461    0.07267373    0.00646883
    0.04847584   -0.00414093   -0.09343624    0.14621461    0.07285336    0.00625074
    0.04857631   -0.00398262   -0.09343624    0.14621461    0.07300435    0.00601177
    0.04865615   -0.00381296   -0.09343624    0.14621461    0.07312433    0.00575568
    0.04871409   -0.00363464   -0.09343624    0.14621461    0.07321141    0.00548649
    0.04874922   -0.00345046   -0.09343624    0.14621461    0.07326421    0.00520847
    0.04874870   -0.00326333   -0.09334087    0.14606537    0.07326342    0.00492600
    0.04873702   -0.00307774   -0.09334087    0.14606537    0.07324587    0.00464585
    0.04870218   -0.00289507   -0.09334087    0.14606537    0.07319351    0.00437012
    0.04864471   -0.00271822   -0.09334087    0.14606537    0.07310715    0.00410316
    0.04856554   -0.00254996   -0.09334087    0.14606537    0.07298815    0.00384917
    0.04846590   -0.00239295   -0.09334087    0.14606537    0.07283840    0.00361216
    0.04834736   -0.00224967   -0.09334087    0.14606537    0.07266026    0.00339588
    0.04821181   -0.00212237   -0.09334087    0.14606537    0.07245654    0.00320373
    0.04806136   -0.00201307   -0.09334087    0.14606537    0.07223044    0.00303873
    0.04789841   -0.00192348   -0.09334087    0.14606537    0.07198554    0.00290350
    0.04772551   -0.00185503   -0.09334087    0.14606537    0.07172569    0.00280017
    0.04754540   -0.00180878   -0.09334087    0.14606537    0.07145500    0.00273036
    0.04736091   -0.00178548   -0.09334087    0.14606537    0.07117774    0.00269518
    0.04717495   -0.00178548   -0.09334087    0.14606537    0.07089826    0.00269518
    0.04699046   -0.00180878   -0.09334087    0.14606537    0.07062100    0.00273036
    0.04681034   -0.00185503   -0.09334087    0.14606537    0.07035031    0.00280017
    0.04663744   -0.00192348   -0.09334087    0.14606537    0.07009046    0.00290350
    0.04647449   -0.00201307   -0.09334087    0.14606537    0.06984556    0.00303873
    0.04632405   -0.00212237   -0.09334087    0.14606537    0.06961946    0.00320373
    0.04618849   -0.00224967   -0.09334087    0.14606537    0.06941574    0.00339588
    0.04606996   -0.00239295   -0.09334087    0.14606537    0.06923760    0.00361216
    0.04597032   -0.00254996   -0.09334087    0.14606537    0.06908785    0.00384917
    0.04589114   -0.00271822   -0.09334087    0.14606537    0.06896885    0.00410316
    0.04583368   -0.00289507   -0.09334087    0.14606537    0.06888249    0.00437012
    0.04579883   -0.00307774   -0.09334087    0.14606537    0.06883013    0.00464585
    0.04578715   -0.00326333   -0.09334087    0.14606537    0.06881258    0.00492600
    0.04579883   -0.00344892   -0.09334087    0.14606537    0.06883013    0.00520615
    0.04583368   -0.00363158   -0.09334087    0.14606537    0.06888249    0.00548188
    0.04589114   -0.00380844   -0.09334087    0.14606537    0.06896885    0.00574884
    0.04597032   -0.00397670   -0.09334087    0.14606537    0.06908785    0.00600283
    0.04606996   -0.00413370   -0.09334087    0.14606537    0.06923760    0.00623984
    0.04618849   -0.00427699   -0.09334087    0.14606537    0.06941574    0.00645612
    0.04632405   -0.00440428   -0.09334087    0.14606537    0.06961946    0.00664827
    0.04647449   -0.00451359   -0.09334087    0.14606537    0.06984556    0.00681327
    0.04663744   -0.00460317   -0.09334087    0.14606537    0.07009046    0.00694850
    0.04681034   -0.00467163   -0.09334087    0.14606537    0.07035031    0.00705183
    0.04699046   -0.00471787   -0.09334087    0.14606537    0.07062100    0.00712164
    0.04717495   -0.00474118   -0.09334087    0.14606537    0.07089826    0.00715682
    0.04736091   -0.00474118   -0.09334087    0.14606537    0.07117774    0.00715682
    0.04754540   -0.00471787   -0.09334087    0.14606537    0.07145500    0.00712164
    0.04772551   -0.00467163   -0.09334087    0.14606537    0.07172569    0.00705183
    0.04789841   -0.00460317   -0.09334087    0.14606537    0.07198554    0.00694850
    0.04806136   -0.00451359   -0.09334087    0.14606537    0.07223044    0.00681327
    0.04821181   -0.00440428   -0.09334087    0.14606537    0.07245654    0.00664827
    0.04834736   -0.00427699   -0.09334087    0.14606537    0.07266026    0.00645612
    0.04846590   -0.00413370   -0.09334087    0.14606537    0.07283840    0.00623984
    0.04856554   -0.00397670   -0.09334087    0.14606537    0.07298815    0.00600283
    0.04864471   -0.00380844   -0.09334087    0.14606537    0.07310715    0.00574884
    0.04870218   -0.00363158   -0.09334087    0.14606537    0.07319351    0.00548188
    0.04873702   -0.00344892   -0.09334087    0.14606537    0.07324587    0.00520615
    0.04873032   -0.00326333   -0.09324649    0.14591768    0.07323580    0.00492600
    0.04871879   -0.00308004   -0.09324649    0.14591768    0.07321847    0.00464933
    0.04868437   -0.00289965   -0.09324649    0.14591768    0.07316675    0.00437702
    0.04862762   -0.00272498   -0.09324649    0.14591768    0.07308146    0.00411337
    0.04854943   -0.00255881   -0.09324649    0.14591768    0.07296395    0.00386254
    0.04845103   -0.00240375   -0.09324649    0.14591768    0.07281606    0.00362847
    0.04833396   -0.00226225   -0.09324649    0.14591768    0.07264013    0.00341487
    0.04820009   -0.00213654   -0.09324649    0.14591768    0.07243893    0.00322510
    0.04805152   -0.00202859   -0.09324649    0.14591768    0.07221564    0.00306216
    0.04789058   -0.00194012   -0.09324649    0.14591768    0.07197378    0.00292861
    0.04771983   -0.00187251   -0.09324649    0.14591768    0.07171716    0.00282656
    0.04754195   -0.00182684   -0.09324649    0.14591768    0.07144983    0.00275762
    0.04735975   -0.00180382   -0.09324649    0.14591768    0.07117600    0.00272287
    0.04717610   -0.00180382   -0.09324649    0.14591768    0.07090000    0.00272287
    0.04699390   -0.00182684   -0.09324649    0.14591768    0.07062617    0.00275762
    0.04681602   -0.00187251   -0.09324649    0.14591768    0.07035884    0.00282656
    0.04664527   -0.00194012   -0.09324649    0.14591768    0.07010222    0.00292861
    0.04648434   -0.00202859   -0.09324649    0.14591768    0.06986036    0.00306216
    0.04633576   -0.00213654   -0.09324649    0.14591768    0.06963707    0.00322510
    0.04620189   -0.00226225   -0.09324649    0.14591768    0.06943587    0.00341487
    0.04608483   -0.00240375   -0.09324649    0.14591768    0.06925994    0.00362847
    0.04598642   -0.00255881   -0.09324649    0.14591768    0.06911205    0.00386254
    0.04590823   -0.00272498   -0.09324649    0.14591768    0.06899454    0.00411337
    0.04585148   -0.00289965   -0.09324649    0.14591768    0.06890925    0.00437702
    0.04581707   -0.00308004   -0.09324649    0.14591768    0.06885753    0.00464933
    0.04580553   -0.00326333   -0.09324649    0.14591768    0.06884020    0.00492600
    0.04581707   -0.00344661   -0.09324649    0.14591768    0.06885753    0.00520267
    0.04585148   -0.00362701   -0.09324649    0.14591768    0.06890925    0.00547498
    0.04590823   -0.00380167   -0.09324649    0.14591768    0.06899454    0.00573863
    0.04598642   -0.00396784   -0.09324649    0.14591768    0.06911205    0.00598946
    0.04608483   -0.00412290   -0.09324649    0.14591768    0.06925994    0.00622353
    0.04620189   -0.00426440   -0.09324649    0.14591768    0.06943587    0.00643713
    0.04633576   -0.00439012   -0.09324649    0.14591768    0.06963707    0.00662690
    0.04648434   -0.00449807   -0.09324649    0.14591768    0.06986036    0.00678984
    0.04664527   -0.00458654   -0.09324649    0.14591768    0.07010222    0.00692339
    0.04681602   -0.00465414   -0.09324649    0.14591768    0.07035884    0.00702544
    0.04699390   -0.00469982   -0.09324649    0.14591768    0.07062617    0.00709438
    0.04717610   -0.00472283   -0.09324649    0.14591768    0.07090000    0.00712913
    0.04735975   -0.00472283   -0.09324649    0.14591768    0.07117600    0.00712913
    0.04754195   -0.00469982   -0.09324649    0.14591768    0.07144983    0.00709438
    0.04771983   -0.00465414   -0.09324649    0.14591768    0.07171716    0.00702544
    0.04789058   -0.00458654   -0.09324649    0.14591768    0.07197378    0.00692339
    0.04805152   -0.00449807   -0.09324649    0.14591768    0.07221564    0.00678984
    0.04820009   -0.00439012   -0.09324649    0.14591768    0.07243893    0.00662690
    0.04833396   -0.00426440   -0.09324649    0.14591768    0.07264013    0.00643713
    0.04845103   -0.00412290   -0.09324649    0.14591768    0.07281606    0.00622353
    0.04854943   -0.00396784   -0.09324649    0.14591768    0.07296395    0.00598946
    0.04862762   -0.00380167   -0.09324649    0.14591768    0.07308146    0.00573863
    0.04868437   -0.00362701   -0.09324649    0.14591768    0.07316675    0.00547498
    0.04871879   -0.00344661   -0.09324649    0.14591768    0.07321847    0.00520267
    0.04870593   -0.00326333   -0.09315348    0.14577213    0.07319914    0.00492600
    0.04869459   -0.00308310   -0.09315348    0.14577213    0.07318210    0.00465394
    0.04866075   -0.00290571   -0.09315348    0.14577213    0.07313125    0.00438618
    0.04860495   -0.00273396   -0.09315348    0.14577213    0.07304738    0.00412692
    0.04852806   -0.00257056   -0.09315348    0.14577213    0.07293182    0.00388027
    0.04843129   -0.00241809   -0.09315348    0.14577213    0.07278640    0.00365011
    0.04831618   -0.00227895   -0.09315348    0.14577213    0.07261341    0.00344008
    0.04818454   -0.00215533   -0.09315348    0.14577213    0.07241556    0.00325347
    0.04803845   -0.00204918   -0.09315348    0.14577213    0.07219600    0.00309325
    0.04788020   -0.00196218   -0.09315348    0.14577213    0.07195817    0.00296192
    0.04771229   -0.00189571   -0.09315348    0.14577213    0.07170583    0.00286157
    0.04753738   -0.00185080   -0.09315348    0.14577213    0.07144296    0.00279378
    0.04735822   -0.00182816   -0.09315348    0.14577213    0.07117370    0.00275962
    0.04717763   -0.00182816   -0.09315348    0.14577213    0.07090230    0.00275962
    0.04699847   -0.00185080   -0.09315348    0.14577213    0.07063304    0.00279378
    0.04682356   -0.00189571   -0.09315348    0.14577213    0.07037017    0.00286157
    0.04665566   -0.00196218   -0.09315348    0.14577213    0.07011783    0.00296192
    0.04649741   -0.00204918   -0.09315348    0.14577213    0.06988000    0.00309325
    0.04635131   -0.00215533   -0.09315348    0.14577213    0.06966044    0.00325347
    0.04621967   -0.00227895   -0.09315348    0.14577213    0.06946259    0.00344008
    0.04610456   -0.00241809   -0.09315348    0.14577213    0.06928960    0.00365011
    0.04600780   -0.00257056   -0.09315348    0.14577213    0.06914418    0.00388027
    0.04593091   -0.00273396   -0.09315348    0.14577213    0.06902862    0.00412692
    0.04587510   -0.00290571   -0.09315348    0.14577213    0.06894475    0.00438618
    0.04584126   -0.00308310   -0.09315348    0.14577213    0.06889390    0.00465394
    0.04582992   -0.00326333   -0.09315348    0.14577213    0.06887686    0.00492600
    0.04584126   -0.00344356   -0.09315348    0.14577213    0.06889390    0.00519806
    0.04587510   -0.00362094   -0.09315348    0.14577213    0.06894475    0.00546582
    0.04593091   -0.00379269   -0.09315348    0.14577213    0.06902862    0.00572508
    0.04600780   -0.00395609   -0.09315348    0.14577213    0.06914418    0.00597173
    0.04610456   -0.00410856   -0.09315348    0.14577213    0.06928960    0.00620189
    0.04621967   -0.00424771   -0.09315348    0.14577213    0.06946259    0.00641192
    0.04635131   -0.00437133   -0.09315348    0.14577213    0.06966044    0.00659853
    0.04649741   -0.00447747   -0.09315348    0.14577213    0.06988000    0.00675875
    0.04665566   -0.00456447   -0.09315348    0.14577213    0.07011783    0.00689008
    0.04682356   -0.00463095   -0.09315348    0.14577213    0.07037017    0.00699043
    0.04699847   -0.00467586   -0.09315348    0.14577213    0.07063304    0.00705822
    0.04717763   -0.00469849   -0.09315348    0.14577213    0.07090230    0.00709238
    0.04735822   -0.00469849   -0.09315348    0.14577213    0.07117370    0.00709238
    0.04753738   -0.00467586   -0.09315348    0.14577213    0.07144296    0.00705822
    0.04771229   -0.00463095   -0.09315348    0.14577213    0.07170583    0.00699043
    0.04788020   -0.00456447   -0.09315348    0.14577213    0.07195817    0.00689008
    0.04803845   -0.00447747   -0.09315348    0.14577213    0.07219600    0.00675875
    0.04818454   -0.00437133   -0.09315348    0.14577213    0.07241556    0.00659853
    0.04831618   -0.00424771   -0.09315348    0.14577213    0.07261341    0.00641192
    0.04843129   -0.00410856   -0.09315348    0.14577213    0.07278640    0.00620189
    0.04852806   -0.00395609   -0.09315348    0.14577213    0.07293182    0.00597173
    0.04860495   -0.00379269   -0.09315348    0.14577213    0.07304738    0.00572508
    0.04866075   -0.00362094   -0.09315348    0.14577213    0.07313125    0.00546582
    0.04869459   -0.00344356   -0.09315348    0.14577213    0.07318210    0.00519806
    0.04867563   -0.00326333   -0.09306223    0.14562933    0.07315361    0.00492600
    0.04866453   -0.00308690   -0.09306223    0.14562933    0.07313693    0.00465968
    0.04863140   -0.00291325   -0.09306223    0.14562933    0.07308714    0.00439755
    0.04857678   -0.00274512   -0.09306223    0.14562933    0.07300504    0.00414376
    0.04850151   -0.00258516   -0.09306223    0.14562933    0.07289192    0.00390231
    0.04840678   -0.00243590   -0.09306223    0.14562933    0.07274956    0.00367700
    0.04829410   -0.00229969   -0.09306223    0.14562933    0.07258021    0.00347139
    0.04816523   -0.00217867   -0.09306223    0.14562933    0.07238654    0.00328871
    0.04802221   -0.00207476   -0.09306223    0.14562933    0.07217160    0.00313186
    0.04786730   -0.00198960   -0.09306223    0.14562933    0.07193878    0.00300331
    0.04770293   -0.00192452   -0.09306223    0.14562933    0.07169176    0.00290507
    0.04753170   -0.00188056   -0.09306223    0.14562933    0.07143443    0.00283871
    0.04735632   -0.00185840   -0.09306223    0.14562933    0.07117084    0.00280526
    0.04717954   -0.00185840   -0.09306223    0.14562933    0.07090516    0.00280526
    0.04700415   -0.00188056   -0.09306223    0.14562933    0.07064157    0.00283871
    0.04683292   -0.00192452   -0.09306223    0.14562933    0.07038424    0.00290507
    0.04666856   -0.00198960   -0.09306223    0.14562933    0.07013722    0.00300331
    0.04651364   -0.00207476   -0.09306223    0.14562933    0.06990440    0.00313186
    0.04637062   -0.00217867   -0.09306223    0.14562933    0.06968946    0.00328871
    0.04624176   -0.00229969   -0.09306223    0.14562933    0.06949579    0.00347139
    0.04612907   -0.00243590   -0.09306223    0.14562933    0.06932644    0.00367700
    0.04603435   -0.00258516   -0.09306223    0.14562933    0.06918408    0.00390231
    0.04595908   -0.00274512   -0.09306223    0.14562933    0.06907096    0.00414376
    0.04590445   -0.00291325   -0.09306223    0.14562933    0.06898886    0.00439755
    0.04587132   -0.00308690   -0.09306223    0.14562933    0.06893907    0.00465968
    0.04586022   -0.00326333   -0.09306223    0.14562933    0.06892239    0.00492600
    0.04587132   -0.00343976   -0.09306223    0.14562933    0.06893907    0.00519232
    0.04590445   -0.00361341   -0.09306223    0.14562933    0.06898886    0.00545445
    0.04595908   -0.00378154   -0.09306223    0.14562933    0.06907096    0.00570824
    0.04603435   -0.00394149   -0.09306223    0.14562933    0.06918408    0.00594969
    0.04612907   -0.00409075   -0.09306223    0.14562933    0.06932644    0.00617500
    0.04624176   -0.00422697   -0.09306223    0.14562933    0.06949579    0.00638061
    0.04637062   -0.00434798   -0.09306223    0.14562933    0.06968946    0.00656329
    0.04651364   -0.00445189   -0.09306223    0.14562933    0.06990440    0.00672014
    0.04666856   -0.00453705   -0.09306223    0.14562933    0.07013722    0.00684869
    0.04683292   -0.00460213   -0.09306223    0.14562933    0.07038424    0.00694693
    0.04700415   -0.00464610   -0.09306223    0.14562933    0.07064157    0.00701329
    0.04717954   -0.00466825   -0.09306223    0.14562933    0.07090516    0.00704674
    0.04735632   -0.00466825   -0.09306223    0.14562933    0.07117084    0.00704674
    0.04753170   -0.00464610   -0.09306223    0.14562933    0.07143443    0.00701329
    0.04770293   -0.00460213   -0.09306223    0.14562933    0.07169176    0.00694693
    0.04786730   -0.00453705   -0.09306223    0.14562933    0.07193878    0.00684869
    0.04802221   -0.00445189   -0.09306223    0.14562933    0.07217160    0.00672014
    0.04816523   -0.00434798   -0.09306223    0.14562933    0.07238654    0.00656329
    0.04829410   -0.00422697   -0.09306223    0.14562933    0.07258021    0.00638061
    0.04840678   -0.00409075   -0.09306223    0.14562933    0.07274956    0.00617500
    0.04850151   -0.00394149   -0.09306223    0.14562933    0.07289192    0.00594969
    0.04857678   -0.00378154   -0.09306223    0.14562933    0.07300504    0.00570824
    0.04863140   -0.00361341   -0.09306223    0.14562933    0.07308714    0.00545445
    0.04866453   -0.00343976   -0.09306223    0.14562933    0.07313693    0.00519232
    0.04863955   -0.00326333   -0.09297310    0.14548986    0.07309938    0.00492600
    0.04862873   -0.00309142   -0.09297310    0.14548986    0.07308312    0.00466650
    0.04859645   -0.00292222   -0.09297310    0.14548986    0.07303462    0.00441110
    0.04854323   -0.00275840   -0.09297310    0.14548986    0.07295462    0.00416381
    0.04846989   -0.00260254   -0.09297310    0.14548986    0.07284440    0.00392855
    0.04837759   -0.00245711   -0.09297310    0.14548986    0.07270569    0.00370901
    0.04826779   -0.00232439   -0.09297310    0.14548986    0.07254068    0.00350867
    0.04814223   -0.00220648   -0.09297310    0.14548986    0.07235197    0.00333068
    0.04800288   -0.00210523   -0.09297310    0.14548986    0.07214254    0.00317785
    0.04785193   -0.00202225   -0.09297310    0.14548986    0.07191569    0.00305259
    0.04769178   -0.00195884   -0.09297310    0.14548986    0.07167500    0.00295687
    0.04752494   -0.00191600   -0.09297310    0.14548986    0.07142426    0.00289221
    0.04735405   -0.00189441   -0.09297310    0.14548986    0.07116743    0.00285962
    0.04718180   -0.00189441   -0.09297310    0.14548986    0.07090857    0.00285962
    0.04701091   -0.00191600   -0.09297310    0.14548986    0.07065174    0.00289221
    0.04684407   -0.00195884   -0.09297310    0.14548986    0.07040100    0.00295687
    0.04668392   -0.00202225   -0.09297310    0.14548986    0.07016031    0.00305259
    0.04653298   -0.00210523   -0.09297310    0.14548986    0.06993346    0.00317785
    0.04639362   -0.00220648   -0.09297310    0.14548986    0.06972403    0.00333068
    0.04626806   -0.00232439   -0.09297310    0.14548986    0.06953532    0.00350867
    0.04615826   -0.00245711   -0.09297310    0.14548986    0.06937031    0.00370901
    0.04606597   -0.00260254   -0.09297310    0.14548986    0.06923160    0.00392855
    0.04599263   -0.00275840   -0.09297310    0.14548986    0.06912138    0.00416381
    0.04593940   -0.00292222   -0.09297310    0.14548986    0.06904138    0.00441110
    0.04590712   -0.00309142   -0.09297310    0.14548986    0.06899288    0.00466650
    0.04589631   -0.00326333   -0.09297310    0.14548986    0.06897662    0.00492600
    0.04590712   -0.00343524   -0.09297310    0.14548986    0.06899288    0.00518550
    0.04593940   -0.00360444   -0.09297310    0.14548986    0.06904138    0.00544090
    0.04599263   -0.00376825   -0.09297310    0.14548986    0.06912138    0.00568819
    0.04606597   -0.00392411   -0.09297310    0.14548986    0.06923160    0.00592345
    0.04615826   -0.00406954   -0.09297310    0.14548986    0.06937031    0.00614299
    0.04626806   -0.00420227   -0.09297310    0.14548986    0.06953532    0.00634333
    0.04639362   -0.00432018   -0.09297310    0.14548986    0.06972403    0.00652132
    0.04653298   -0.00442142   -0.09297310    0.14548986    0.06993346    0.00667415
    0.04668392   -0.00450441   -0.09297310    0.14548986    0.07016031    0.00679941
    0.04684407   -0.00456781   -0.09297310    0.14548986    0.07040100    0.00689513
    0.04701091   -0.00461065   -0.09297310    0.14548986    0.07065174    0.00695979
    0.04718180   -0.00463224   -0.09297310    0.14548986    0.07090857    0.00699238
    0.04735405   -0.00463224   -0.09297310    0.14548986    0.07116743    0.00699238
    0.04752494   -0.00461065   -0.09297310    0.14548986    0.07142426    0.00695979
    0.04769178   -0.00456781   -0.09297310    0.14548986    0.07167500    0.00689513
    0.04785193   -0.00450441   -0.09297310    0.14548986    0.07191569    0.00679941
    0.04800288   -0.00442142   -0.09297310    0.14548986    0.07214254    0.00667415
    0.04814223   -0.00432018   -0.09297310    0.14548986    0.07235197    0.00652132
    0.04826779   -0.00420227   -0.09297310    0.14548986    0.07254068    0.00634333
    0.04837759   -0.00406954   -0.09297310    0.14548986    0.07270569    0.00614299
    0.04846989   -0.00392411   -0.09297310    0.14548986    0.07284440    0.00592345
    0.04854323   -0.00376825   -0.09297310    0.14548986    0.07295462    0.00568819
    0.04859645   -0.00360444   -0.09297310    0.14548986    0.07303462    0.00544090
    0.04862873   -0.00343524   -0.09297310    0.14548986    0.07308312    0.00518550
    0.04859783   -0.00326333   -0.09288647    0.14535429    0.07303668    0.00492600
    0.04858734   -0.00309665   -0.09288647    0.14535429    0.07302092    0.00467440
    0.04855604   -0.00293259   -0.09288647    0.14535429    0.07297389    0.00442676
    0.04850444   -0.00277376   -0.09288647    0.14535429    0.07289632    0.00418700
    0.04843333   -0.00262264   -0.09288647    0.14535429    0.07278945    0.00395889
    0.04834384   -0.00248163   -0.09288647    0.14535429    0.07265496    0.00374603
    0.04823738   -0.00235295   -0.09288647    0.14535429    0.07249497    0.00355178
    0.04811564   -0.00223862   -0.09288647    0.14535429    0.07231201    0.00337921
    0.04798052   -0.00214046   -0.09288647    0.14535429    0.07210895    0.00323102
    0.04783417   -0.00206000   -0.09288647    0.14535429    0.07188900    0.00310957
    0.04767889   -0.00199852   -0.09288647    0.14535429    0.07165563    0.00301677
    0.04751712   -0.00195698   -0.09288647    0.14535429    0.07141251    0.00295407
    0.04735143   -0.00193605   -0.09288647    0.14535429    0.07116350    0.00292248
    0.04718442   -0.00193605   -0.09288647    0.14535429    0.07091250    0.00292248
    0.04701873   -0.00195698   -0.09288647    0.14535429    0.07066349    0.00295407
    0.04685697   -0.00199852   -0.09288647    0.14535429    0.07042037    0.00301677
    0.04670168   -0.00206000   -0.09288647    0.14535429    0.07018700    0.00310957
    0.04655533   -0.00214046   -0.09288647    0.14535429    0.06996705    0.00323102
    0.04642022   -0.00223862   -0.09288647    0.14535429    0.06976399    0.00337921
    0.04629847   -0.00235295   -0.09288647    0.14535429    0.06958103    0.00355178
    0.04619202   -0.00248163   -0.09288647    0.14535429    0.06942104    0.00374603
    0.04610253   -0.00262264   -0.09288647    0.14535429    0.06928655    0.00395889
    0.04603142   -0.00277376   -0.09288647    0.14535429    0.06917968    0.00418700
    0.04597981   -0.00293259   -0.09288647    0.14535429    0.06910211    0.00442676
    0.04594851   -0.00309665   -0.09288647    0.14535429    0.06905508    0.00467440
    0.04593803   -0.00326333   -0.09288647    0.14535429    0.06903932    0.00492600
    0.04594851   -0.00343001   -0.09288647    0.14535429    0.06905508    0.00517760
    0.04597981   -0.00359406   -0.09288647    0.14535429    0.06910211    0.00542524
    0.04603142   -0.00375290   -0.09288647    0.14535429    0.06917968    0.00566500
    0.04610253   -0.00390401   -0.09288647    0.14535429    0.06928655    0.00589311
    0.04619202   -0.00404502   -0.09288647    0.14535429    0.06942104    0.00610597
    0.04629847   -0.00417371   -0.09288647    0.14535429    0.06958103    0.00630022
    0.04642022   -0.00428803   -0.09288647    0.14535429    0.06976399    0.00647279
    0.04655533   -0.00438620   -0.09288647    0.14535429    0.06996705    0.00662098
    0.04670168   -0.00446666   -0.09288647    0.14535429    0.07018700    0.00674243
    0.04685697   -0.00452814   -0.09288647    0.14535429    0.07042037    0.00683523
    0.04701873   -0.00456967   -0.09288647    0.14535429    0.07066349    0.00689793
    0.04718442   -0.00459060   -0.09288647    0.14535429    0.07091250    0.00692952
    0.04735143   -0.00459060   -0.09288647    0.14535429    0.07116350    0.00692952
    0.04751712   -0.00456967   -0.09288647    0.14535429    0.07141251    0.00689793
    0.04767889   -0.00452814   -0.09288647    0.14535429    0.07165563    0.00683523
    0.04783417   -0.00446666   -0.09288647    0.14535429    0.07188900    0.00674243
    0.04798052   -0.00438620   -0.09288647    0.14535429    0.07210895    0.00662098
    0.04811564   -0.00428803   -0.09288647    0.14535429    0.07231201    0.00647279
    0.04823738   -0.00417371   -0.09288647    0.14535429    0.07249497    0.00630022
    0.04834384   -0.00404502   -0.09288647    0.14535429    0.07265496    0.00610597
    0.04843333   -0.00390401   -0.09288647    0.14535429    0.07278945    0.00589311
    0.04850444   -0.00375290   -0.09288647    0.14535429    0.07289632    0.00566500
    0.04855604   -0.00359406   -0.09288647    0.14535429    0.07297389    0.00542524
    0.04858734   -0.00343001   -0.09288647    0.14535429    0.07302092    0.00517760
    0.04855064   -0.00326333   -0.09280268    0.14522318    0.07296576    0.00492600
    0.04854053   -0.00310256   -0.09280268    0.14522318    0.07295056    0.00468332
    0.04851034   -0.00294433   -0.09280268    0.14522318    0.07290520    0.00444447
    0.04846056   -0.00279113   -0.09280268    0.14522318    0.07283039    0.00421322
    0.04839198   -0.00264538   -0.09280268    0.14522318    0.07272731    0.00399320
    0.04830566   -0.00250937   -0.09280268    0.14522318    0.07259759    0.00378789
    0.04820298   -0.00238525   -0.09280268    0.14522318    0.07244328    0.00360054
    0.04808556   -0.00227498   -0.09280268    0.14522318    0.07226680    0.00343409
    0.04795524   -0.00218030   -0.09280268    0.14522318    0.07207095    0.00329116
    0.04781408   -0.00210269   -0.09280268    0.14522318    0.07185880    0.00317402
    0.04766431   -0.00204339   -0.09280268    0.14522318    0.07163371    0.00308451
    0.04750828   -0.00200333   -0.09280268    0.14522318    0.07139923    0.00302404
    0.04734847   -0.00198314   -0.09280268    0.14522318    0.07115905    0.00299356
    0.04718738   -0.00198314   -0.09280268    0.14522318    0.07091695    0.00299356
    0.04702757   -0.00200333   -0.09280268    0.14522318    0.07067677    0.00302404
    0.04687155   -0.00204339   -0.09280268    0.14522318    0.07044229    0.00308451
    0.04672177   -0.00210269   -0.09280268    0.14522318    0.07021720    0.00317402
    0.04658061   -0.00218030   -0.09280268    0.14522318    0.07000505    0.00329116
    0.04645029   -0.00227498   -0.09280268    0.14522318    0.06980920    0.00343409
    0.04633287   -0.00238525   -0.09280268    0.14522318    0.06963272    0.00360054
    0.04623019   -0.00250937   -0.09280268    0.14522318    0.06947841    0.00378789
    0.04614388   -0.00264538   -0.09280268    0.14522318    0.06934869    0.00399320
    0.04607529   -0.00279113   -0.09280268    0.14522318    0.06924561    0.00421322
    0.04602551   -0.00294433   -0.09280268    0.14522318    0.06917080    0.00444447
    0.04599533   -0.00310256   -0.09280268    0.14522318    0.06912544    0.00468332
    0.04598521   -0.00326333   -0.09280268    0.14522318    0.06911024    0.00492600
    0.04599533   -0.00342409   -0.09280268    0.14522318    0.06912544    0.00516868
    0.04602551   -0.00358233   -0.09280268    0.14522318    0.06917080    0.00540753
    0.04607529   -0.00373553   -0.09280268    0.14522318    0.06924561    0.00563878
    0.04614388   -0.00388128   -0.09280268    0.14522318    0.06934869    0.00585880
    0.04623019   -0.00401729   -0.09280268    0.14522318    0.06947841    0.00606411
    0.04633287   -0.00414141   -0.09280268    0.14522318    0.06963272    0.00625146
    0.04645029   -0.00425168   -0.09280268    0.14522318    0.06980920    0.00641791
    0.04658061   -0.00434636   -0.09280268    0.14522318    0.07000505    0.00656084
    0.04672177   -0.00442396   -0.09280268    0.14522318    0.07021720    0.00667798
    0.04687155   -0.00448326   -0.09280268    0.14522318    0.07044229    0.00676749
    0.04702757   -0.00452332   -0.09280268    0.14522318    0.07067677    0.00682796
    0.04718738   -0.00454351   -0.09280268    0.14522318    0.07091695    0.00685844
    0.04734847   -0.00454351   -0.09280268    0.14522318    0.07115905    0.00685844
    0.04750828   -0.00452332   -0.09280268    0.14522318    0.07139923    0.00682796
    0.04766431   -0.00448326   -0.09280268    0.14522318    0.07163371    0.00676749
    0.04781408   -0.00442396   -0.09280268    0.14522318    0.07185880    0.00667798
    0.04795524   -0.00434636   -0.09280268    0.14522318    0.07207095    0.00656084
    0.04808556   -0.00425168   -0.09280268    0.14522318    0.07226680    0.00641791
    0.04820298   -0.00414141   -0.09280268    0.14522318    0.07244328    0.00625146
    0.04830566   -0.00401729   -0.09280268    0.14522318    0.07259759    0.00606411
    0.04839198   -0.00388128   -0.09280268    0.14522318    0.07272731    0.00585880
    0.04846056   -0.00373553   -0.09280268    0.14522318    0.07283039    0.00563878
    0.04851034   -0.00358233   -0.09280268    0.14522318    0.07290520    0.00540753
    0.04854053   -0.00342409   -0.09280268    0.14522318    0.07295056    0.00516868
    0.04849818   -0.00326333   -0.09272210    0.14509708    0.07288693    0.00492600
    0.04848848   -0.00310914   -0.09272210    0.14509708    0.07287235    0.00469325
    0.04845953   -0.00295737   -0.09272210    0.14509708    0.07282884    0.00446416
    0.04841179   -0.00281044   -0.09272210    0.14509708    0.07275709    0.00424236
    0.04834601   -0.00267065   -0.09272210    0.14509708    0.07265823    0.00403135
    0.04826323   -0.00254020   -0.09272210    0.14509708    0.07253382    0.00383444
    0.04816475   -0.00242116   -0.09272210    0.14509708    0.07238581    0.00365474
    0.04805212   -0.00231540   -0.09272210    0.14509708    0.07221655    0.00349510
    0.04792713   -0.00222459   -0.09272210    0.14509708    0.07202871    0.00335802
    0.04779175   -0.00215016   -0.09272210    0.14509708    0.07182524    0.00324567
    0.04764810   -0.00209328   -0.09272210    0.14509708    0.07160935    0.00315981
    0.04749845   -0.00205486   -0.09272210    0.14509708    0.07138445    0.00310182
    0.04734518   -0.00203550   -0.09272210    0.14509708    0.07115410    0.00307259
    0.04719068   -0.00203550   -0.09272210    0.14509708    0.07092190    0.00307259
    0.04703740   -0.00205486   -0.09272210    0.14509708    0.07069155    0.00310182
    0.04688776   -0.00209328   -0.09272210    0.14509708    0.07046665    0.00315981
    0.04674411   -0.00215016   -0.09272210    0.14509708    0.07025076    0.00324567
    0.04660872   -0.00222459   -0.09272210    0.14509708    0.07004729    0.00335802
    0.04648373   -0.00231540   -0.09272210    0.14509708    0.06985945    0.00349510
    0.04637111   -0.00242116   -0.09272210    0.14509708    0.06969019    0.00365474
    0.04627263   -0.00254020   -0.09272210    0.14509708    0.06954218    0.00383444
    0.04618984   -0.00267065   -0.09272210    0.14509708    0.06941777    0.00403135
    0.04612406   -0.00281044   -0.09272210    0.14509708    0.06931891    0.00424236
    0.04607632   -0.00295737   -0.09272210    0.14509708    0.06924716    0.00446416
    0.04604737   -0.00310914   -0.09272210    0.14509708    0.06920365    0.00469325
    0.04603767   -0.00326333   -0.09272210    0.14509708    0.06918907    0.00492600
    0.04604737   -0.00341752   -0.09272210    0.14509708    0.06920365    0.00515875
    0.04607632   -0.00356928   -0.09272210    0.14509708    0.06924716    0.00538784
    0.04612406   -0.00371622   -0.09272210    0.14509708    0.06931891    0.00560964
    0.04618984   -0.00385601   -0.09272210    0.14509708    0.06941777    0.00582065
    0.04627263   -0.00398646   -0.09272210    0.14509708    0.06954218    0.00601756
    0.04637111   -0.00410550   -0.09272210    0.14509708    0.06969019    0.00619726
    0.04648373   -0.00421126   -0.09272210    0.14509708    0.06985945    0.00635690
    0.04660872   -0.00430207   -0.09272210    0.14509708    0.07004729    0.00649398
    0.04674411   -0.00437650   -0.09272210    0.14509708    0.07025076    0.00660633
    0.04688776   -0.00443337   -0.09272210    0.14509708    0.07046665    0.00669219
    0.04703740   -0.00447179   -0.09272210    0.14509708    0.07069155    0.00675018
    0.04719068   -0.00449116   -0.09272210    0.14509708    0.07092190    0.00677941
    0.04734518   -0.00449116   -0.09272210    0.14509708    0.07115410    0.00677941
    0.04749845   -0.00447179   -0.09272210    0.14509708    0.07138445    0.00675018
    0.04764810   -0.00443337   -0.09272210    0.14509708    0.07160935    0.00669219
    0.04779175   -0.00437650   -0.09272210    0.14509708    0.07182524    0.00660633
    0.04792713   -0.00430207   -0.09272210    0.14509708    0.07202871    0.00649398
    0.04805212   -0.00421126   -0.09272210    0.14509708    0.07221655    0.00635690
    0.04816475   -0.00410550   -0.09272210    0.14509708    0.07238581    0.00619726
    0.04826323   -0.00398646   -0.09272210    0.14509708    0.07253382    0.00601756
    0.04834601   -0.00385601   -0.09272210    0.14509708    0.07265823    0.00582065
    0.04841179   -0.00371622   -0.09272210    0.14509708    0.07275709    0.00560964
    0.04845953   -0.00356928   -0.09272210    0.14509708    0.07282884    0.00538784
    0.04848848   -0.00341752   -0.09272210    0.14509708    0.07287235    0.00515875
    0.04844067   -0.00326333   -0.09264504    0.14497649    0.07280050    0.00492600
    0.04843143   -0.00311634   -0.09264504    0.14497649    0.07278660    0.00470413
    0.04840383   -0.00297168   -0.09264504    0.14497649    0.07274513    0.00448575
    0.04835832   -0.00283161   -0.09264504    0.14497649    0.07267673    0.00427432
    0.04829561   -0.00269835   -0.09264504    0.14497649    0.07258249    0.00407317
    0.04821670   -0.00257400   -0.09264504    0.14497649    0.07246389    0.00388546
    0.04812282   -0.00246053   -0.09264504    0.14497649    0.07232281    0.00371417
    0.04801546   -0.00235971   -0.09264504    0.14497649    0.07216146    0.00356199
    0.04789632   -0.00227314   -0.09264504    0.14497649    0.07198239    0.00343132
    0.04776726   -0.00220219   -0.09264504    0.14497649    0.07178844    0.00332422
    0.04763033   -0.00214798   -0.09264504    0.14497649    0.07158264    0.00324238
    0.04748768   -0.00211135   -0.09264504    0.14497649    0.07136826    0.00318709
    0.04734156   -0.00209289   -0.09264504    0.14497649    0.07114867    0.00315923
    0.04719429   -0.00209289   -0.09264504    0.14497649    0.07092733    0.00315923
    0.04704818   -0.00211135   -0.09264504    0.14497649    0.07070774    0.00318709
    0.04690553   -0.00214798   -0.09264504    0.14497649    0.07049336    0.00324238
    0.04676860   -0.00220219   -0.09264504    0.14497649    0.07028756    0.00332422
    0.04663954   -0.00227314   -0.09264504    0.14497649    0.07009361    0.00343132
    0.04652039   -0.00235971   -0.09264504    0.14497649    0.06991454    0.00356199
    0.04641303   -0.00246053   -0.09264504    0.14497649    0.06975319    0.00371417
    0.04631915   -0.00257400   -0.09264504    0.14497649    0.06961211    0.00388546
    0.04624024   -0.00269835   -0.09264504    0.14497649    0.06949351    0.00407317
    0.04617753   -0.00283161   -0.09264504    0.14497649    0.06939927    0.00427432
    0.04613202   -0.00297168   -0.09264504    0.14497649    0.06933087    0.00448575
    0.04610443   -0.00311634   -0.09264504    0.14497649    0.06928940    0.00470413
    0.04609518   -0.00326333   -0.09264504    0.14497649    0.06927550    0.00492600
    0.04610443   -0.00341031   -0.09264504    0.14497649    0.06928940    0.00514787
    0.04613202   -0.00355498   -0.09264504    0.14497649    0.06933087    0.00536625
    0.04617753   -0.00369504   -0.09264504    0.14497649    0.06939927    0.00557768
    0.04624024   -0.00382830   -0.09264504    0.14497649    0.06949351    0.00577883
    0.04631915   -0.00395265   -0.09264504    0.14497649    0.06961211    0.00596654
    0.04641303   -0.00406613   -0.09264504    0.14497649    0.06975319    0.00613783
    0.04652039   -0.00416694   -0.09264504    0.14497649    0.06991454    0.00629001
    0.04663954   -0.00425351   -0.09264504    0.14497649    0.07009361    0.00642068
    0.04676860   -0.00432446   -0.09264504    0.14497649    0.07028756    0.00652778
    0.04690553   -0.00437868   -0.09264504    0.14497649    0.07049336    0.00660962
    0.04704818   -0.00441530   -0.09264504    0.14497649    0.07070774    0.00666491
    0.04719429   -0.00443376   -0.09264504    0.14497649    0.07092733    0.00669277
    0.04734156   -0.00443376   -0.09264504    0.14497649    0.07114867    0.00669277
    0.04748768   -0.00441530   -0.09264504    0.14497649    0.07136826    0.00666491
    0.04763033   -0.00437868   -0.09264504    0.14497649    0.07158264    0.00660962
    0.04776726   -0.00432446   -0.09264504    0.14497649    0.07178844    0.00652778
    0.04789632   -0.00425351   -0.09264504    0.14497649    0.07198239    0.00642068
    0.04801546   -0.00416694   -0.09264504    0.14497649    0.07216146    0.00629001
    0.04812282   -0.00406613   -0.09264504    0.14497649    0.07232281    0.00613783
    0.04821670   -0.00395265   -0.09264504    0.14497649    0.07246389    0.00596654
    0.04829561   -0.00382830   -0.09264504    0.14497649    0.07258249    0.00577883
    0.04835832   -0.00369504   -0.09264504    0.14497649    0.07267673    0.00557768
    0.04840383   -0.00355498   -0.09264504    0.14497649    0.07274513    0.00536625
    0.04843143   -0.00341031   -0.09264504    0.14497649    0.07278660    0.00514787
    0.04837834   -0.00326333   -0.09257182    0.14486192    0.07270682    0.00492600
    0.04836959   -0.00312416   -0.09257182    0.14486192    0.07269366    0.00471592
    0.04834346   -0.00298718   -0.09257182    0.14486192    0.07265439    0.00450915
    0.04830037   -0.00285456   -0.09257182    0.14486192    0.07258963    0.00430896
    0.04824099   -0.00272838   -0.09257182    0.14486192    0.07250040    0.00411850
    0.04816627   -0.00261064   -0.09257182    0.14486192    0.07238811    0.00394077
    0.04807739   -0.00250319   -0.09257182    0.14486192    0.07225452    0.00377858
    0.04797573   -0.00240774   -0.09257182    0.14486192    0.07210175    0.00363448
    0.04786292   -0.00232577   -0.09257182    0.14486192    0.07193220    0.00351076
    0.04774072   -0.00225859   -0.09257182    0.14486192    0.07174855    0.00340935
    0.04761106   -0.00220726   -0.09257182    0.14486192    0.07155369    0.00333186
    0.04747600   -0.00217258   -0.09257182    0.14486192    0.07135071    0.00327951
    0.04733765   -0.00215510   -0.09257182    0.14486192    0.07114279    0.00325313
    0.04719820   -0.00215510   -0.09257182    0.14486192    0.07093321    0.00325313
    0.04705986   -0.00217258   -0.09257182    0.14486192    0.07072529    0.00327951
    0.04692479   -0.00220726   -0.09257182    0.14486192    0.07052231    0.00333186
    0.04679513   -0.00225859   -0.09257182    0.14486192    0.07032745    0.00340935
    0.04667294   -0.00232577   -0.09257182    0.14486192    0.07014380    0.00351076
    0.04656012   -0.00240774   -0.09257182    0.14486192    0.06997425    0.00363448
    0.04645847   -0.00250319   -0.09257182    0.14486192    0.06982148    0.00377858
    0.04636958   -0.00261064   -0.09257182    0.14486192    0.06968789    0.00394077
    0.04629486   -0.00272838   -0.09257182    0.14486192    0.06957560    0.00411850
    0.04623549   -0.00285456   -0.09257182    0.14486192    0.06948637    0.00430896
    0.04619240   -0.00298718   -0.09257182    0.14486192    0.06942161    0.00450915
    0.04616627   -0.00312416   -0.09257182    0.14486192    0.06938234    0.00471592
    0.04615751   -0.00326333   -0.09257182    0.14486192    0.06936918    0.00492600
    0.04616627   -0.00340250   -0.09257182    0.14486192    0.06938234    0.00513608
    0.04619240   -0.00353948   -0.09257182    0.14486192    0.06942161    0.00534285
    0.04623549   -0.00367210   -0.09257182    0.14486192    0.06948637    0.00554304
    0.04629486   -0.00379827   -0.09257182    0.14486192    0.06957560    0.00573350
    0.04636958   -0.00391601   -0.09257182    0.14486192    0.06968789    0.00591123
    0.04645847   -0.00402346   -0.09257182    0.14486192    0.06982148    0.00607342
    0.04656012   -0.00411892   -0.09257182    0.14486192    0.06997425    0.00621752
    0.04667294   -0.00420088   -0.09257182    0.14486192    0.07014380    0.00634124
    0.04679513   -0.00426806   -0.09257182    0.14486192    0.07032745    0.00644265
    0.04692479   -0.00431940   -0.09257182    0.14486192    0.07052231    0.00652014
    0.04705986   -0.00435408   -0.09257182    0.14486192    0.07072529    0.00657249
    0.04719820   -0.00437155   -0.09257182    0.14486192    0.07093321    0.00659887
    0.04733765   -0.00437155   -0.09257182    0.14486192    0.07114279    0.00659887
    0.04747600   -0.00435408   -0.09257182    0.14486192    0.07135071    0.00657249
    0.04761106   -0.00431940   -0.09257182    0.14486192    0.07155369    0.00652014
    0.04774072   -0.00426806   -0.09257182    0.14486192    0.07174855    0.00644265
    0.04786292   -0.00420088   -0.09257182    0.14486192    0.07193220    0.00634124
    0.04797573   -0.00411892   -0.09257182    0.14486192    0.07210175    0.00621752
    0.04807739   -0.00402346   -0.09257182    0.14486192    0.07225452    0.00607342
    0.04816627   -0.00391601   -0.09257182    0.14486192    0.07238811    0.00591123
    0.04824099   -0.00379827   -0.09257182    0.14486192    0.07250040    0.00573350
    0.04830037   -0.00367210   -0.09257182    0.14486192    0.07258963    0.00554304
    0.04834346   -0.00353948   -0.09257182    0.14486192    0.07265439    0.00534285
    0.04836959   -0.00340250   -0.09257182    0.14486192    0.07269366    0.00513608
    0.04831145   -0.00326333   -0.09250275    0.14475383    0.07260629    0.00492600
    0.04830322   -0.00313254   -0.09250275    0.14475383    0.07259392    0.00472857
    0.04827867   -0.00300381   -0.09250275    0.14475383    0.07255702    0.00453426
    0.04823817   -0.00287918   -0.09250275    0.14475383    0.07249616    0.00434613
    0.04818237   -0.00276061   -0.09250275    0.14475383    0.07241230    0.00416714
    0.04811216   -0.00264996   -0.09250275    0.14475383    0.07230677    0.00400012
    0.04802862   -0.00254899   -0.09250275    0.14475383    0.07218123    0.00384770
    0.04793309   -0.00245928   -0.09250275    0.14475383    0.07203767    0.00371229
    0.04782707   -0.00238225   -0.09250275    0.14475383    0.07187833    0.00359601
    0.04771224   -0.00231912   -0.09250275    0.14475383    0.07170575    0.00350072
    0.04759039   -0.00227088   -0.09250275    0.14475383    0.07152263    0.00342789
    0.04746346   -0.00223829   -0.09250275    0.14475383    0.07133187    0.00337870
    0.04733345   -0.00222186   -0.09250275    0.14475383    0.07113647    0.00335391
    0.04720240   -0.00222186   -0.09250275    0.14475383    0.07093953    0.00335391
    0.04707239   -0.00223829   -0.09250275    0.14475383    0.07074413    0.00337870
    0.04694546   -0.00227088   -0.09250275    0.14475383    0.07055337    0.00342789
    0.04682362   -0.00231912   -0.09250275    0.14475383    0.07037025    0.00350072
    0.04670878   -0.00238225   -0.09250275    0.14475383    0.07019767    0.00359601
    0.04660276   -0.00245928   -0.09250275    0.14475383    0.07003833    0.00371229
    0.04650723   -0.00254899   -0.09250275    0.14475383    0.06989477    0.00384770
    0.04642370   -0.00264996   -0.09250275    0.14475383    0.06976923    0.00400012
    0.04635348   -0.00276061   -0.09250275    0.14475383    0.06966370    0.00416714
    0.04629768   -0.00287918   -0.09250275    0.14475383    0.06957984    0.00434613
    0.04625719   -0.00300381   -0.09250275    0.14475383    0.06951898    0.00453426
    0.04623263   -0.00313254   -0.09250275    0.14475383    0.06948208    0.00472857
    0.04622440   -0.00326333   -0.09250275    0.14475383    0.06946971    0.00492600
    0.04623263   -0.00339412   -0.09250275    0.14475383    0.06948208    0.00512343
    0.04625719   -0.00352284   -0.09250275    0.14475383    0.06951898    0.00531774
    0.04629768   -0.00364747   -0.09250275    0.14475383    0.06957984    0.00550587
    0.04635348   -0.00376605   -0.09250275    0.14475383    0.06966370    0.00568486
    0.04642370   -0.00387670   -0.09250275    0.14475383    0.06976923    0.00585188
    0.04650723   -0.00397767   -0.09250275    0.14475383    0.06989477    0.00600430
    0.04660276   -0.00406738   -0.09250275    0.14475383    0.07003833    0.00613971
    0.04670878   -0.00414440   -0.09250275    0.14475383    0.07019767    0.00625599
    0.04682362   -0.00420754   -0.09250275    0.14475383    0.07037025    0.00635128
    0.04694546   -0.00425578   -0.09250275    0.14475383    0.07055337    0.00642411
    0.04707239   -0.00428837   -0.09250275    0.14475383    0.07074413    0.00647330
    0.04720240   -0.00430479   -0.09250275    0.14475383    0.07093953    0.00649809
    0.04733345   -0.00430479   -0.09250275    0.14475383    0.07113647    0.00649809
    0.04746346   -0.00428837   -0.09250275    0.14475383    0.07133187    0.00647330
    0.04759039   -0.00425578   -0.09250275    0.14475383    0.07152263    0.00642411
    0.04771224   -0.00420754   -0.09250275    0.14475383    0.07170575    0.00635128
    0.04782707   -0.00414440   -0.09250275    0.14475383    0.07187833    0.00625599
    0.04793309   -0.00406738   -0.09250275    0.14475383    0.07203767    0.00613971
    0.04802862   -0.00397767   -0.09250275    0.14475383    0.07218123    0.00600430
    0.04811216   -0.00387670   -0.09250275    0.14475383    0.07230677    0.00585188
    0.04818237   -0.00376605   -0.09250275    0.14475383    0.07241230    0.00568486
    0.04823817   -0.00364747   -0.09250275    0.14475383    0.07249616    0.00550587
    0.04827867   -0.00352284   -0.09250275    0.14475383    0.07255702    0.00531774
    0.04830322   -0.00339412   -0.09250275    0.14475383    0.07259392    0.00512343
    0.04824027   -0.00326333   -0.09243810    0.14465267    0.07249931    0.00492600
    0.04823260   -0.00314146   -0.09243810    0.14465267    0.07248779    0.00474204
    0.04820972   -0.00302152   -0.09243810    0.14465267    0.07245340    0.00456098
    0.04817199   -0.00290538   -0.09243810    0.14465267    0.07239670    0.00438568
    0.04812000   -0.00279490   -0.09243810    0.14465267    0.07231856    0.00421890
    0.04805457   -0.00269180   -0.09243810    0.14465267    0.07222023    0.00406328
    0.04797673   -0.00259771   -0.09243810    0.14465267    0.07210325    0.00392125
    0.04788772   -0.00251412   -0.09243810    0.14465267    0.07196948    0.00379508
    0.04778893   -0.00244235   -0.09243810    0.14465267    0.07182101    0.00368673
    0.04768193   -0.00238353   -0.09243810    0.14465267    0.07166020    0.00359794
    0.04756840   -0.00233857   -0.09243810    0.14465267    0.07148957    0.00353008
    0.04745013   -0.00230821   -0.09243810    0.14465267    0.07131182    0.00348424
    0.04732898   -0.00229290   -0.09243810    0.14465267    0.07112976    0.00346114
    0.04720687   -0.00229290   -0.09243810    0.14465267    0.07094624    0.00346114
    0.04708573   -0.00230821   -0.09243810    0.14465267    0.07076418    0.00348424
    0.04696746   -0.00233857   -0.09243810    0.14465267    0.07058643    0.00353008
    0.04685392   -0.00238353   -0.09243810    0.14465267    0.07041580    0.00359794
    0.04674692   -0.00244235   -0.09243810    0.14465267    0.07025499    0.00368673
    0.04664813   -0.00251412   -0.09243810    0.14465267    0.07010652    0.00379508
    0.04655912   -0.00259771   -0.09243810    0.14465267    0.06997275    0.00392125
    0.04648128   -0.00269180   -0.09243810    0.14465267    0.06985577    0.00406328
    0.04641586   -0.00279490   -0.09243810    0.14465267    0.06975744    0.00421890
    0.04636387   -0.00290538   -0.09243810    0.14465267    0.06967930    0.00438568
    0.04632613   -0.00302152   -0.09243810    0.14465267    0.06962260    0.00456098
    0.04630325   -0.00314146   -0.09243810    0.14465267    0.06958821    0.00474204
    0.04629558   -0.00326333   -0.09243810    0.14465267    0.06957669    0.00492600
    0.04630325   -0.00338519   -0.09243810    0.14465267    0.06958821    0.00510996
    0.04632613   -0.00350514   -0.09243810    0.14465267    0.06962260    0.00529102
    0.04636387   -0.00362127   -0.09243810    0.14465267    0.06967930    0.00546632
    0.04641586   -0.00373176   -0.09243810    0.14465267    0.06975744    0.00563310
    0.04648128   -0.00383486   -0.09243810    0.14465267    0.06985577    0.00578872
    0.04655912   -0.00392894   -0.09243810    0.14465267    0.06997275    0.00593075
    0.04664813   -0.00401253   -0.09243810    0.14465267    0.07010652    0.00605692
    0.04674692   -0.00408430   -0.09243810    0.14465267    0.07025499    0.00616527
    0.04685392   -0.00414313   -0.09243810    0.14465267    0.07041580    0.00625406
    0.04696746   -0.00418808   -0.09243810    0.14465267    0.07058643    0.00632192
    0.04708573   -0.00421845   -0.09243810    0.14465267    0.07076418    0.00636776
    0.04720687   -0.00423375   -0.09243810    0.14465267    0.07094624    0.00639086
    0.04732898   -0.00423375   -0.09243810    0.14465267    0.07112976    0.00639086
    0.04745013   -0.00421845   -0.09243810    0.14465267    0.07131182    0.00636776
    0.04756840   -0.00418808   -0.09243810    0.14465267    0.07148957    0.00632192
    0.04768193   -0.00414313   -0.09243810    0.14465267    0.07166020    0.00625406
    0.04778893   -0.00408430   -0.09243810    0.14465267    0.07182101    0.00616527
    0.04788772   -0.00401253   -0.09243810    0.14465267    0.07196948    0.00605692
    0.04797673   -0.00392894   -0.09243810    0.14465267    0.07210325    0.00593075
    0.04805457   -0.00383486   -0.09243810    0.14465267    0.07222023    0.00578872
    0.04812000   -0.00373176   -0.09243810    0.14465267    0.07231856    0.00563310
    0.04817199   -0.00362127   -0.09243810    0.14465267    0.07239670    0.00546632
    0.04820972   -0.00350514   -0.09243810    0.14465267    0.07245340    0.00529102
    0.04823260   -0.00338519   -0.09243810    0.14465267    0.07248779    0.00510996
    0.04816509   -0.00326333   -0.09237815    0.14455885    0.07238633    0.00492600
    0.04815802   -0.00315088   -0.09237815    0.14455885    0.07237570    0.00475626
    0.04813691   -0.00304021   -0.09237815    0.14455885    0.07234397    0.00458921
    0.04810209   -0.00293306   -0.09237815    0.14455885    0.07229165    0.00442746
    0.04805412   -0.00283111   -0.09237815    0.14455885    0.07221955    0.00427357
    0.04799375   -0.00273599   -0.09237815    0.14455885    0.07212882    0.00412998
    0.04792193   -0.00264918   -0.09237815    0.14455885    0.07202089    0.00399894
    0.04783980   -0.00257205   -0.09237815    0.14455885    0.07189746    0.00388251
    0.04774865   -0.00250583   -0.09237815    0.14455885    0.07176047    0.00378255
    0.04764992   -0.00245155   -0.09237815    0.14455885    0.07161209    0.00370062
    0.04754517   -0.00241007   -0.09237815    0.14455885    0.07145466    0.00363801
    0.04743604   -0.00238205   -0.09237815    0.14455885    0.07129065    0.00359571
    0.04732426   -0.00236793   -0.09237815    0.14455885    0.07112266    0.00357440
    0.04721159   -0.00236793   -0.09237815    0.14455885    0.07095334    0.00357440
    0.04709981   -0.00238205   -0.09237815    0.14455885    0.07078535    0.00359571
    0.04699069   -0.00241007   -0.09237815    0.14455885    0.07062134    0.00363801
    0.04688593   -0.00245155   -0.09237815    0.14455885    0.07046391    0.00370062
    0.04678720   -0.00250583   -0.09237815    0.14455885    0.07031553    0.00378255
    0.04669605   -0.00257205   -0.09237815    0.14455885    0.07017854    0.00388251
    0.04661392   -0.00264918   -0.09237815    0.14455885    0.07005511    0.00399894
    0.04654210   -0.00273599   -0.09237815    0.14455885    0.06994718    0.00412998
    0.04648173   -0.00283111   -0.09237815    0.14455885    0.06985645    0.00427357
    0.04643376   -0.00293306   -0.09237815    0.14455885    0.06978435    0.00442746
    0.04639895   -0.00304021   -0.09237815    0.14455885    0.06973203    0.00458921
    0.04637784   -0.00315088   -0.09237815    0.14455885    0.06970030    0.00475626
    0.04637076   -0.00326333   -0.09237815    0.14455885    0.06968967    0.00492600
    0.04637784   -0.00337577   -0.09237815    0.14455885    0.06970030    0.00509574
    0.04639895   -0.00348644   -0.09237815    0.14455885    0.06973203    0.00526279
    0.04643376   -0.00359360   -0.09237815    0.14455885    0.06978435    0.00542454
    0.04648173   -0.00369554   -0.09237815    0.14455885    0.06985645    0.00557843
    0.04654210   -0.00379067   -0.09237815    0.14455885    0.06994718    0.00572202
    0.04661392   -0.00387748   -0.09237815    0.14455885    0.07005511    0.00585306
    0.04669605   -0.00395461   -0.09237815    0.14455885    0.07017854    0.00596949
    0.04678720   -0.00402083   -0.09237815    0.14455885    0.07031553    0.00606945
    0.04688593   -0.00407511   -0.09237815    0.14455885    0.07046391    0.00615138
    0.04699069   -0.00411658   -0.09237815    0.14455885    0.07062134    0.00621399
    0.04709981   -0.00414460   -0.09237815    0.14455885    0.07078535    0.00625629
    0.04721159   -0.00415872   -0.09237815    0.14455885    0.07095334    0.00627760
    0.04732426   -0.00415872   -0.09237815    0.14455885    0.07112266    0.00627760
    0.04743604   -0.00414460   -0.09237815    0.14455885    0.07129065    0.00625629
    0.04754517   -0.00411658   -0.09237815    0.14455885    0.07145466    0.00621399
    0.04764992   -0.00407511   -0.09237815    0.14455885    0.07161209    0.00615138
    0.04774865   -0.00402083   -0.09237815    0.14455885    0.07176047    0.00606945
    0.04783980   -0.00395461   -0.09237815    0.14455885    0.07189746    0.00596949
    0.04792193   -0.00387748   -0.09237815    0.14455885    0.07202089    0.00585306
    0.04799375   -0.00379067   -0.09237815    0.14455885    0.07212882    0.00572202
    0.04805412   -0.00369554   -0.09237815    0.14455885    0.07221955    0.00557843
    0.04810209   -0.00359360   -0.09237815    0.14455885    0.07229165    0.00542454
    0.04813691   -0.00348644   -0.09237815    0.14455885    0.07234397    0.00526279
    0.04815802   -0.00337577   -0.09237815    0.14455885    0.07237570    0.00509574
    0.04808623   -0.00326333   -0.09232314    0.14447276    0.07226781    0.00492600
    0.04807978   -0.00316077   -0.09232314    0.14447276    0.07225811    0.00477118
    0.04806052   -0.00305982   -0.09232314    0.14447276    0.07222917    0.00461881
    0.04802876   -0.00296209   -0.09232314    0.14447276    0.07218145    0.00447128
    0.04798501   -0.00286911   -0.09232314    0.14447276    0.07211569    0.00433092
    0.04792995   -0.00278234   -0.09232314    0.14447276    0.07203294    0.00419995
    0.04786444   -0.00270316   -0.09232314    0.14447276    0.07193449    0.00408043
    0.04778953   -0.00263281   -0.09232314    0.14447276    0.07182191    0.00397424
    0.04770639   -0.00257241   -0.09232314    0.14447276    0.07169697    0.00388306
    0.04761634   -0.00252291   -0.09232314    0.14447276    0.07156163    0.00380833
    0.04752080   -0.00248508   -0.09232314    0.14447276    0.07141803    0.00375123
    0.04742126   -0.00245952   -0.09232314    0.14447276    0.07126844    0.00371265
    0.04731931   -0.00244664   -0.09232314    0.14447276    0.07111522    0.00369321
    0.04721654   -0.00244664   -0.09232314    0.14447276    0.07096078    0.00369321
    0.04711459   -0.00245952   -0.09232314    0.14447276    0.07080756    0.00371265
    0.04701506   -0.00248508   -0.09232314    0.14447276    0.07065797    0.00375123
    0.04691951   -0.00252291   -0.09232314    0.14447276    0.07051437    0.00380833
    0.04682946   -0.00257241   -0.09232314    0.14447276    0.07037903    0.00388306
    0.04674632   -0.00263281   -0.09232314    0.14447276    0.07025409    0.00397424
    0.04667141   -0.00270316   -0.09232314    0.14447276    0.07014151    0.00408043
    0.04660591   -0.00278234   -0.09232314    0.14447276    0.07004306    0.00419995
    0.04655084   -0.00286911   -0.09232314    0.14447276    0.06996031    0.00433092
    0.04650709   -0.00296209   -0.09232314    0.14447276    0.06989455    0.00447128
    0.04647533   -0.00305982   -0.09232314    0.14447276    0.06984683    0.00461881
    0.04645608   -0.00316077   -0.09232314    0.14447276    0.06981789    0.00477118
    0.04644962   -0.00326333   -0.09232314    0.14447276    0.06980819    0.00492600
    0.04645608   -0.00336589   -0.09232314    0.14447276    0.06981789    0.00508082
    0.04647533   -0.00346683   -0.09232314    0.14447276    0.06984683    0.00523319
    0.04650709   -0.00356456   -0.09232314    0.14447276    0.06989455    0.00538072
    0.04655084   -0.00365755   -0.09232314    0.14447276    0.06996031    0.00552108
    0.04660591   -0.00374431   -0.09232314    0.14447276    0.07004306    0.00565205
    0.04667141   -0.00382349   -0.09232314    0.14447276    0.07014151    0.00577157
    0.04674632   -0.00389384   -0.09232314    0.14447276    0.07025409    0.00587776
    0.04682946   -0.00395424   -0.09232314    0.14447276    0.07037903    0.00596894
    0.04691951   -0.00400375   -0.09232314    0.14447276    0.07051437    0.00604367
    0.04701506   -0.00404158   -0.09232314    0.14447276    0.07065797    0.00610077
    0.04711459   -0.00406714   -0.09232314    0.14447276    0.07080756    0.00613935
    0.04721654   -0.00408001   -0.09232314    0.14447276    0.07096078    0.00615879
    0.04731931   -0.00408001   -0.09232314    0.14447276    0.07111522    0.00615879
    0.04742126   -0.00406714   -0.09232314    0.14447276    0.07126844    0.00613935
    0.04752080   -0.00404158   -0.09232314    0.14447276    0.07141803    0.00610077
    0.04761634   -0.00400375   -0.09232314    0.14447276    0.07156163    0.00604367
    0.04770639   -0.00395424   -0.09232314    0.14447276    0.07169697    0.00596894
    0.04778953   -0.00389384   -0.09232314    0.14447276    0.07182191    0.00587776
    0.04786444   -0.00382349   -0.09232314    0.14447276    0.07193449    0.00577157
    0.04792995   -0.00374431   -0.09232314    0.14447276    0.07203294    0.00565205
    0.04798501   -0.00365755   -0.09232314    0.14447276    0.07211569    0.00552108
    0.04802876   -0.00356456   -0.09232314    0.14447276    0.07218145    0.00538072
    0.04806052   -0.00346683   -0.09232314    0.14447276    0.07222917    0.00523319
    0.04807978   -0.00336589   -0.09232314    0.14447276    0.07225811    0.00508082
    0.04800400   -0.00326333   -0.09227330    0.14439476    0.07214423    0.00492600
    0.04799820   -0.00317107   -0.09227330    0.14439476    0.07213551    0.00478674
    0.04798088   -0.00308027   -0.09227330    0.14439476    0.07210948    0.00464968
    0.04795231   -0.00299236   -0.09227330    0.14439476    0.07206655    0.00451697
    0.04791296   -0.00290872   -0.09227330    0.14439476    0.07200740    0.00439072
    0.04786342   -0.00283067   -0.09227330    0.14439476    0.07193296    0.00427291
    0.04780450   -0.00275945   -0.09227330    0.14439476    0.07184441    0.00416539
    0.04773712   -0.00269617   -0.09227330    0.14439476    0.07174314    0.00406988
    0.04766234   -0.00264184   -0.09227330    0.14439476    0.07163075    0.00398786
    0.04758133   -0.00259731   -0.09227330    0.14439476    0.07150901    0.00392064
    0.04749539   -0.00256328   -0.09227330    0.14439476    0.07137985    0.00386927
    0.04740585   -0.00254029   -0.09227330    0.14439476    0.07124529    0.00383457
    0.04731415   -0.00252870   -0.09227330    0.14439476    0.07110746    0.00381708
    0.04722171   -0.00252870   -0.09227330    0.14439476    0.07096854    0.00381708
    0.04713000   -0.00254029   -0.09227330    0.14439476    0.07083071    0.00383457
    0.04704047   -0.00256328   -0.09227330    0.14439476    0.07069615    0.00386927
    0.04695452   -0.00259731   -0.09227330    0.14439476    0.07056699    0.00392064
    0.04687352   -0.00264184   -0.09227330    0.14439476    0.07044525    0.00398786
    0.04679873   -0.00269617   -0.09227330    0.14439476    0.07033286    0.00406988
    0.04673135   -0.00275945   -0.09227330    0.14439476    0.07023159    0.00416539
    0.04667243   -0.00283067   -0.09227330    0.14439476    0.07014304    0.00427291
    0.04662290   -0.00290872   -0.09227330    0.14439476    0.07006860    0.00439072
    0.04658354   -0.00299236   -0.09227330    0.14439476    0.07000945    0.00451697
    0.04655498   -0.00308027   -0.09227330    0.14439476    0.06996652    0.00464968
    0.04653765   -0.00317107   -0.09227330    0.14439476    0.06994049    0.00478674
    0.04653185   -0.00326333   -0.09227330    0.14439476    0.06993177    0.00492600
    0.04653765   -0.00335558   -0.09227330    0.14439476    0.06994049    0.00506526
    0.04655498   -0.00344638   -0.09227330    0.14439476    0.06996652    0.00520232
    0.04658354   -0.00353430   -0.09227330    0.14439476    0.07000945    0.00533503
    0.04662290   -0.00361793   -0.09227330    0.14439476    0.07006860    0.00546128
    0.04667243   -0.00369598   -0.09227330    0.14439476    0.07014304    0.00557909
    0.04673135   -0.00376721   -0.09227330    0.14439476    0.07023159    0.00568661
    0.04679873   -0.00383048   -0.09227330    0.14439476    0.07033286    0.00578212
    0.04687352   -0.00388482   -0.09227330    0.14439476    0.07044525    0.00586414
    0.04695452   -0.00392935   -0.09227330    0.14439476    0.07056699    0.00593136
    0.04704047   -0.00396338   -0.09227330    0.14439476    0.07069615    0.00598273
    0.04713000   -0.00398637   -0.09227330    0.14439476    0.07083071    0.00601743
    0.04722171   -0.00399795   -0.09227330    0.14439476    0.07096854    0.00603492
    0.04731415   -0.00399795   -0.09227330    0.14439476    0.07110746    0.00603492
    0.04740585   -0.00398637   -0.09227330    0.14439476    0.07124529    0.00601743
    0.04749539   -0.00396338   -0.09227330    0.14439476    0.07137985    0.00598273
    0.04758133   -0.00392935   -0.09227330    0.14439476    0.07150901    0.00593136
    0.04766234   -0.00388482   -0.09227330    0.14439476    0.07163075    0.00586414
    0.04773712   -0.00383048   -0.09227330    0.14439476    0.07174314    0.00578212
    0.04780450   -0.00376721   -0.09227330    0.14439476    0.07184441    0.00568661
    0.04786342   -0.00369598   -0.09227330    0.14439476    0.07193296    0.00557909
    0.04791296   -0.00361793   -0.09227330    0.14439476    0.07200740    0.00546128
    0.04795231   -0.00353430   -0.09227330    0.14439476    0.07206655    0.00533503
    0.04798088   -0.00344638   -0.09227330    0.14439476    0.07210948    0.00520232
    0.04799820   -0.00335558   -0.09227330    0.14439476    0.07213551    0.00506526
    0.04791875   -0.00326333   -0.09222882    0.14432517    0.07201611    0.00492600
    0.04791362   -0.00318176   -0.09222882    0.14432517    0.07200840    0.00480287
    0.04789831   -0.00310147   -0.09222882    0.14432517    0.07198538    0.00468168
    0.04787305   -0.00302374   -0.09222882    0.14432517    0.07194743    0.00456435
    0.04783825   -0.00294979   -0.09222882    0.14432517    0.07189513    0.00445271
    0.04779446   -0.00288078   -0.09222882    0.14432517    0.07182931    0.00434855
    0.04774236   -0.00281781   -0.09222882    0.14432517    0.07175101    0.00425349
    0.04768278   -0.00276186   -0.09222882    0.14432517    0.07166147    0.00416903
    0.04761666   -0.00271382   -0.09222882    0.14432517    0.07156210    0.00409651
    0.04754503   -0.00267444   -0.09222882    0.14432517    0.07145446    0.00403708
    0.04746904   -0.00264436   -0.09222882    0.14432517    0.07134025    0.00399166
    0.04738988   -0.00262403   -0.09222882    0.14432517    0.07122128    0.00396098
    0.04730879   -0.00261379   -0.09222882    0.14432517    0.07109942    0.00394552
    0.04722706   -0.00261379   -0.09222882    0.14432517    0.07097658    0.00394552
    0.04714597   -0.00262403   -0.09222882    0.14432517    0.07085472    0.00396098
    0.04706681   -0.00264436   -0.09222882    0.14432517    0.07073575    0.00399166
    0.04699082   -0.00267444   -0.09222882    0.14432517    0.07062154    0.00403708
    0.04691920   -0.00271382   -0.09222882    0.14432517    0.07051390    0.00409651
    0.04685307   -0.00276186   -0.09222882    0.14432517    0.07041453    0.00416903
    0.04679350   -0.00281781   -0.09222882    0.14432517    0.07032499    0.00425349
    0.04674140   -0.00288078   -0.09222882    0.14432517    0.07024669    0.00434855
    0.04669760   -0.00294979   -0.09222882    0.14432517    0.07018087    0.00445271
    0.04666280   -0.00302374   -0.09222882    0.14432517    0.07012857    0.00456435
    0.04663755   -0.00310147   -0.09222882    0.14432517    0.07009062    0.00468168
    0.04662223   -0.00318176   -0.09222882    0.14432517    0.07006760    0.00480287
    0.04661710   -0.00326333   -0.09222882    0.14432517    0.07005989    0.00492600
    0.04662223   -0.00334490   -0.09222882    0.14432517    0.07006760    0.00504913
    0.04663755   -0.00342518   -0.09222882    0.14432517    0.07009062    0.00517032
    0.04666280   -0.00350291   -0.09222882    0.14432517    0.07012857    0.00528765
    0.04669760   -0.00357686   -0.09222882    0.14432517    0.07018087    0.00539929
    0.04674140   -0.00364587   -0.09222882    0.14432517    0.07024669    0.00550345
    0.04679350   -0.00370885   -0.09222882    0.14432517    0.07032499    0.00559851
    0.04685307   -0.00376480   -0.09222882    0.14432517    0.07041453    0.00568297
    0.04691920   -0.00381284   -0.09222882    0.14432517    0.07051390    0.00575549
    0.04699082   -0.00385221   -0.09222882    0.14432517    0.07062154    0.00581492
    0.04706681   -0.00388230   -0.09222882    0.14432517    0.07073575    0.00586034
    0.04714597   -0.00390263   -0.09222882    0.14432517    0.07085472    0.00589102
    0.04722706   -0.00391287   -0.09222882    0.14432517    0.07097658    0.00590648
    0.04730879   -0.00391287   -0.09222882    0.14432517    0.07109942    0.00590648
    0.04738988   -0.00390263   -0.09222882    0.14432517    0.07122128    0.00589102
    0.04746904   -0.00388230   -0.09222882    0.14432517    0.07134025    0.00586034
    0.04754503   -0.00385221   -0.09222882    0.14432517    0.07145446    0.00581492
    0.04761666   -0.00381284   -0.09222882    0.14432517    0.07156210    0.00575549
    0.04768278   -0.00376480   -0.09222882    0.14432517    0.07166147    0.00568297
    0.04774236   -0.00370885   -0.09222882    0.14432517    0.07175101    0.00559851
    0.04779446   -0.00364587   -0.09222882    0.14432517    0.07182931    0.00550345
    0.04783825   -0.00357686   -0.09222882    0.14432517    0.07189513    0.00539929
    0.04787305   -0.00350291   -0.09222882    0.14432517    0.07194743    0.00528765
    0.04789831   -0.00342518   -0.09222882    0.14432517    0.07198538    0.00517032
    0.04791362   -0.00334490   -0.09222882    0.14432517    0.07200840    0.00504913
    0.04783083   -0.00326333   -0.09218990    0.14426426    0.07188397    0.00492600
    0.04782639   -0.00319278   -0.09218990    0.14426426    0.07187730    0.00481950
    0.04781314   -0.00312334   -0.09218990    0.14426426    0.07185739    0.00471469
    0.04779130   -0.00305611   -0.09218990    0.14426426    0.07182456    0.00461320
    0.04776120   -0.00299215   -0.09218990    0.14426426    0.07177933    0.00451665
    0.04772332   -0.00293246   -0.09218990    0.14426426    0.07172241    0.00442656
    0.04767826   -0.00287800   -0.09218990    0.14426426    0.07165469    0.00434434
    0.04762673   -0.00282961   -0.09218990    0.14426426    0.07157724    0.00427130
    0.04756954   -0.00278805   -0.09218990    0.14426426    0.07149129    0.00420857
    0.04750760   -0.00275400   -0.09218990    0.14426426    0.07139820    0.00415717
    0.04744187   -0.00272798   -0.09218990    0.14426426    0.07129942    0.00411789
    0.04737340   -0.00271040   -0.09218990    0.14426426    0.07119652    0.00409135
    0.04730327   -0.00270154   -0.09218990    0.14426426    0.07109112    0.00407798
    0.04723258   -0.00270154   -0.09218990    0.14426426    0.07098488    0.00407798
    0.04716245   -0.00271040   -0.09218990    0.14426426    0.07087948    0.00409135
    0.04709398   -0.00272798   -0.09218990    0.14426426    0.07077658    0.00411789
    0.04702826   -0.00275400   -0.09218990    0.14426426    0.07067780    0.00415717
    0.04696631   -0.00278805   -0.09218990    0.14426426    0.07058471    0.00420857
    0.04690912   -0.00282961   -0.09218990    0.14426426    0.07049876    0.00427130
    0.04685759   -0.00287800   -0.09218990    0.14426426    0.07042131    0.00434434
    0.04681253   -0.00293246   -0.09218990    0.14426426    0.07035359    0.00442656
    0.04677465   -0.00299215   -0.09218990    0.14426426    0.07029667    0.00451665
    0.04674455   -0.00305611   -0.09218990    0.14426426    0.07025144    0.00461320
    0.04672271   -0.00312334   -0.09218990    0.14426426    0.07021861    0.00471469
    0.04670946   -0.00319278   -0.09218990    0.14426426    0.07019870    0.00481950
    0.04670503   -0.00326333   -0.09218990    0.14426426    0.07019203    0.00492600
    0.04670946   -0.00333388   -0.09218990    0.14426426    0.07019870    0.00503250
    0.04672271   -0.00340332   -0.09218990    0.14426426    0.07021861    0.00513731
    0.04674455   -0.00347054   -0.09218990    0.14426426    0.07025144    0.00523880
    0.04677465   -0.00353451   -0.09218990    0.14426426    0.07029667    0.00533535
    0.04681253   -0.00359419   -0.09218990    0.14426426    0.07035359    0.00542544
    0.04685759   -0.00364866   -0.09218990    0.14426426    0.07042131    0.00550766
    0.04690912   -0.00369705   -0.09218990    0.14426426    0.07049876    0.00558070
    0.04696631   -0.00373860   -0.09218990    0.14426426    0.07058471    0.00564343
    0.04702826   -0.00377265   -0.09218990    0.14426426    0.07067780    0.00569483
    0.04709398   -0.00379868   -0.09218990    0.14426426    0.07077658    0.00573411
    0.04716245   -0.00381626   -0.09218990    0.14426426    0.07087948    0.00576065
    0.04723258   -0.00382512   -0.09218990    0.14426426    0.07098488    0.00577402
    0.04730327   -0.00382512   -0.09218990    0.14426426    0.07109112    0.00577402
    0.04737340   -0.00381626   -0.09218990    0.14426426    0.07119652    0.00576065
    0.04744187   -0.00379868   -0.09218990    0.14426426    0.07129942    0.00573411
    0.04750760   -0.00377265   -0.09218990    0.14426426    0.07139820    0.00569483
    0.04756954   -0.00373860   -0.09218990    0.14426426    0.07149129    0.00564343
    0.04762673   -0.00369705   -0.09218990    0.14426426    0.07157724    0.00558070
    0.04767826   -0.00364866   -0.09218990    0.14426426    0.07165469    0.00550766
    0.04772332   -0.00359419   -0.09218990    0.14426426    0.07172241    0.00542544
    0.04776120   -0.00353451   -0.09218990    0.14426426    0.07177933    0.00533535
    0.04779130   -0.00347054   -0.09218990    0.14426426    0.07182456    0.00523880
    0.04781314   -0.00340332   -0.09218990    0.14426426    0.07185739    0.00513731
    0.04782639   -0.00333388   -0.09218990    0.14426426    0.07187730    0.00503250
    0.04774059   -0.00326333   -0.09215669    0.14421229    0.07174835    0.00492600
    0.04773686   -0.00320409   -0.09215669    0.14421229    0.07174275    0.00483658
    0.04772574   -0.00314578   -0.09215669    0.14421229    0.07172604    0.00474856
    0.04770740   -0.00308933   -0.09215669    0.14421229    0.07169847    0.00466335
    0.04768212   -0.00303562   -0.09215669    0.14421229    0.07166049    0.00458228
    0.04765032   -0.00298550   -0.09215669    0.14421229    0.07161269    0.00450662
    0.04761248   -0.00293977   -0.09215669    0.14421229    0.07155583    0.00443759
    0.04756921   -0.00289913   -0.09215669    0.14421229    0.07149080    0.00437625
    0.04752119   -0.00286425   -0.09215669    0.14421229    0.07141863    0.00432358
    0.04746918   -0.00283565   -0.09215669    0.14421229    0.07134045    0.00428042
    0.04741399   -0.00281380   -0.09215669    0.14421229    0.07125751    0.00424744
    0.04735649   -0.00279904   -0.09215669    0.14421229    0.07117111    0.00422515
    0.04729761   -0.00279160   -0.09215669    0.14421229    0.07108260    0.00421392
    0.04723825   -0.00279160   -0.09215669    0.14421229    0.07099340    0.00421392
    0.04717936   -0.00279904   -0.09215669    0.14421229    0.07090489    0.00422515
    0.04712187   -0.00281380   -0.09215669    0.14421229    0.07081849    0.00424744
    0.04706668   -0.00283565   -0.09215669    0.14421229    0.07073555    0.00428042
    0.04701466   -0.00286425   -0.09215669    0.14421229    0.07065737    0.00432358
    0.04696664   -0.00289913   -0.09215669    0.14421229    0.07058520    0.00437625
    0.04692337   -0.00293977   -0.09215669    0.14421229    0.07052017    0.00443759
    0.04688553   -0.00298550   -0.09215669    0.14421229    0.07046331    0.00450662
    0.04685373   -0.00303562   -0.09215669    0.14421229    0.07041551    0.00458228
    0.04682846   -0.00308933   -0.09215669    0.14421229    0.07037753    0.00466335
    0.04681011   -0.00314578   -0.09215669    0.14421229    0.07034996    0.00474856
    0.04679899   -0.00320409   -0.09215669    0.14421229    0.07033325    0.00483658
    0.04679526   -0.00326333   -0.09215669    0.14421229    0.07032765    0.00492600
    0.04679899   -0.00332257   -0.09215669    0.14421229    0.07033325    0.00501542
    0.04681011   -0.00338087   -0.09215669    0.14421229    0.07034996    0.00510344
    0.04682846   -0.00343733   -0.09215669    0.14421229    0.07037753    0.00518865
    0.04685373   -0.00349103   -0.09215669    0.14421229    0.07041551    0.00526972
    0.04688553   -0.00354115   -0.09215669    0.14421229    0.07046331    0.00534538
    0.04692337   -0.00358689   -0.09215669    0.14421229    0.07052017    0.00541441
    0.04696664   -0.00362752   -0.09215669    0.14421229    0.07058520    0.00547575
    0.04701466   -0.00366241   -0.09215669    0.14421229    0.07065737    0.00552842
    0.04706668   -0.00369101   -0.09215669    0.14421229    0.07073555    0.00557158
    0.04712187   -0.00371286   -0.09215669    0.14421229    0.07081849    0.00560456
    0.04717936   -0.00372762   -0.09215669    0.14421229    0.07090489    0.00562685
    0.04723825   -0.00373506   -0.09215669    0.14421229    0.07099340    0.00563808
    0.04729761   -0.00373506   -0.09215669    0.14421229    0.07108260    0.00563808
    0.04735649   -0.00372762   -0.09215669    0.14421229    0.07117111    0.00562685
    0.04741399   -0.00371286   -0.09215669    0.14421229    0.07125751    0.00560456
    0.04746918   -0.00369101   -0.09215669    0.14421229    0.07134045    0.00557158
    0.04752119   -0.00366241   -0.09215669    0.14421229    0.07141863    0.00552842
    0.04756921   -0.00362752   -0.09215669    0.14421229    0.07149080    0.00547575
    0.04761248   -0.00358689   -0.09215669    0.14421229    0.07155583    0.00541441
    0.04765032   -0.00354115   -0.09215669    0.14421229    0.07161269    0.00534538
    0.04768212   -0.00349103   -0.09215669    0.14421229    0.07166049    0.00526972
    0.04770740   -0.00343733   -0.09215669    0.14421229    0.07169847    0.00518865
    0.04772574   -0.00338087   -0.09215669    0.14421229    0.07172604    0.00510344
    0.04773686   -0.00332257   -0.09215669    0.14421229    0.07174275    0.00501542
    0.04764841   -0.00326333   -0.09212933    0.14416948    0.07160982    0.00492600
    0.04764541   -0.00321564   -0.09212933    0.14416948    0.07160531    0.00485402
    0.04763645   -0.00316871   -0.09212933    0.14416948    0.07159185    0.00478317
    0.04762169   -0.00312326   -0.09212933    0.14416948    0.07156966    0.00471457
    0.04760135   -0.00308003   -0.09212933    0.14416948    0.07153909    0.00464931
    0.04757574   -0.00303969   -0.09212933    0.14416948    0.07150061    0.00458841
    0.04754529   -0.00300287   -0.09212933    0.14416948    0.07145484    0.00453284
    0.04751045   -0.00297016   -0.09212933    0.14416948    0.07140249    0.00448346
    0.04747180   -0.00294208   -0.09212933    0.14416948    0.07134440    0.00444107
    0.04742993   -0.00291906   -0.09212933    0.14416948    0.07128147    0.00440632
    0.04738550   -0.00290147   -0.09212933    0.14416948    0.07121470    0.00437977
    0.04733922   -0.00288958   -0.09212933    0.14416948    0.07114515    0.00436183
    0.04729182   -0.00288360   -0.09212933    0.14416948    0.07107390    0.00435280
    0.04724404   -0.00288360   -0.09212933    0.14416948    0.07100210    0.00435280
    0.04719663   -0.00288958   -0.09212933    0.14416948    0.07093085    0.00436183
    0.04715035   -0.00290147   -0.09212933    0.14416948    0.07086130    0.00437977
    0.04710593   -0.00291906   -0.09212933    0.14416948    0.07079453    0.00440632
    0.04706405   -0.00294208   -0.09212933    0.14416948    0.07073160    0.00444107
    0.04702540   -0.00297016   -0.09212933    0.14416948    0.07067351    0.00448346
    0.04699057   -0.00300287   -0.09212933    0.14416948    0.07062116    0.00453284
    0.04696011   -0.00303969   -0.09212933    0.14416948    0.07057539    0.00458841
    0.04693451   -0.00308003   -0.09212933    0.14416948    0.07053691    0.00464931
    0.04691416   -0.00312326   -0.09212933    0.14416948    0.07050634    0.00471457
    0.04689940   -0.00316871   -0.09212933    0.14416948    0.07048415    0.00478317
    0.04689044   -0.00321564   -0.09212933    0.14416948    0.07047069    0.00485402
    0.04688744   -0.00326333   -0.09212933    0.14416948    0.07046618    0.00492600
    0.04689044   -0.00331101   -0.09212933    0.14416948    0.07047069    0.00499798
    0.04689940   -0.00335795   -0.09212933    0.14416948    0.07048415    0.00506883
    0.04691416   -0.00340339   -0.09212933    0.14416948    0.07050634    0.00513743
    0.04693451   -0.00344663   -0.09212933    0.14416948    0.07053691    0.00520269
    0.04696011   -0.00348697   -0.09212933    0.14416948    0.07057539    0.00526359
    0.04699057   -0.00352379   -0.09212933    0.14416948    0.07062116    0.00531916
    0.04702540   -0.00355649   -0.09212933    0.14416948    0.07067351    0.00536854
    0.04706405   -0.00358458   -0.09212933    0.14416948    0.07073160    0.00541093
    0.04710593   -0.00360760   -0.09212933    0.14416948    0.07079453    0.00544568
    0.04715035   -0.00362519   -0.09212933    0.14416948    0.07086130    0.00547223
    0.04719663   -0.00363707   -0.09212933    0.14416948    0.07093085    0.00549017
    0.04724404   -0.00364306   -0.09212933    0.14416948    0.07100210    0.00549920
    0.04729182   -0.00364306   -0.09212933    0.14416948    0.07107390    0.00549920
    0.04733922   -0.00363707   -0.09212933    0.14416948    0.07114515    0.00549017
    0.04738550   -0.00362519   -0.09212933    0.14416948    0.07121470    0.00547223
    0.04742993   -0.00360760   -0.09212933    0.14416948    0.07128147    0.00544568
    0.04747180   -0.00358458   -0.09212933    0.14416948    0.07134440    0.00541093
    0.04751045   -0.00355649   -0.09212933    0.14416948    0.07140249    0.00536854
    0.04754529   -0.00352379   -0.09212933    0.14416948    0.07145484    0.00531916
    0.04757574   -0.00348697   -0.09212933    0.14416948    0.07150061    0.00526359
    0.04760135   -0.00344663   -0.09212933    0.14416948    0.07153909    0.00520269
    0.04762169   -0.00340339   -0.09212933    0.14416948    0.07156966    0.00513743
    0.04763645   -0.00335795   -0.09212933    0.14416948    0.07159185    0.00506883
    0.04764541   -0.00331101   -0.09212933    0.14416948    0.07160531    0.00499798
    0.04755466   -0.00326333   -0.09210793    0.14413600    0.07146893    0.00492600
    0.04755240   -0.00322739   -0.09210793    0.14413600    0.07146553    0.00487175
    0.04754566   -0.00319202   -0.09210793    0.14413600    0.07145539    0.00481836
    0.04753453   -0.00315777   -0.09210793    0.14413600    0.07143867    0.00476666
    0.04751920   -0.00312519   -0.09210793    0.14413600    0.07141563    0.00471748
    0.04749990   -0.00309479   -0.09210793    0.14413600    0.07138663    0.00467159
    0.04747695   -0.00306704   -0.09210793    0.14413600    0.07135214    0.00462971
    0.04745070   -0.00304239   -0.09210793    0.14413600    0.07131269    0.00459250
    0.04742157   -0.00302123   -0.09210793    0.14413600    0.07126891    0.00456055
    0.04739001   -0.00300388   -0.09210793    0.14413600    0.07122148    0.00453436
    0.04735653   -0.00299062   -0.09210793    0.14413600    0.07117117    0.00451435
    0.04732166   -0.00298167   -0.09210793    0.14413600    0.07111875    0.00450084
    0.04728593   -0.00297716   -0.09210793    0.14413600    0.07106506    0.00449402
    0.04724992   -0.00297716   -0.09210793    0.14413600    0.07101094    0.00449402
    0.04721420   -0.00298167   -0.09210793    0.14413600    0.07095725    0.00450084
    0.04717932   -0.00299062   -0.09210793    0.14413600    0.07090483    0.00451435
    0.04714584   -0.00300388   -0.09210793    0.14413600    0.07085452    0.00453436
    0.04711428   -0.00302123   -0.09210793    0.14413600    0.07080709    0.00456055
    0.04708515   -0.00304239   -0.09210793    0.14413600    0.07076331    0.00459250
    0.04705890   -0.00306704   -0.09210793    0.14413600    0.07072386    0.00462971
    0.04703595   -0.00309479   -0.09210793    0.14413600    0.07068937    0.00467159
    0.04701666   -0.00312519   -0.09210793    0.14413600    0.07066037    0.00471748
    0.04700132   -0.00315777   -0.09210793    0.14413600    0.07063733    0.00476666
    0.04699020   -0.00319202   -0.09210793    0.14413600    0.07062061    0.00481836
    0.04698345   -0.00322739   -0.09210793    0.14413600    0.07061047    0.00487175
    0.04698119   -0.00326333   -0.09210793    0.14413600    0.07060707    0.00492600
    0.04698345   -0.00329927   -0.09210793    0.14413600    0.07061047    0.00498025
    0.04699020   -0.00333464   -0.09210793    0.14413600    0.07062061    0.00503364
    0.04700132   -0.00336888   -0.09210793    0.14413600    0.07063733    0.00508534
    0.04701666   -0.00340146   -0.09210793    0.14413600    0.07066037    0.00513452
    0.04703595   -0.00343187   -0.09210793    0.14413600    0.07068937    0.00518041
    0.04705890   -0.00345961   -0.09210793    0.14413600    0.07072386    0.00522229
    0.04708515   -0.00348426   -0.09210793    0.14413600    0.07076331    0.00525950
    0.04711428   -0.00350543   -0.09210793    0.14413600    0.07080709    0.00529145
    0.04714584   -0.00352278   -0.09210793    0.14413600    0.07085452    0.00531764
    0.04717932   -0.00353603   -0.09210793    0.14413600    0.07090483    0.00533765
    0.04721420   -0.00354499   -0.09210793    0.14413600    0.07095725    0.00535116
    0.04724992   -0.00354950   -0.09210793    0.14413600    0.07101094    0.00535798
    0.04728593   -0.00354950   -0.09210793    0.14413600    0.07106506    0.00535798
    0.04732166   -0.00354499   -0.09210793    0.14413600    0.07111875    0.00535116
    0.04735653   -0.00353603   -0.09210793    0.14413600    0.07117117    0.00533765
    0.04739001   -0.00352278   -0.09210793    0.14413600    0.07122148    0.00531764
    0.04742157   -0.00350543   -0.09210793    0.14413600    0.07126891    0.00529145
    0.04745070   -0.00348426   -0.09210793    0.14413600    0.07131269    0.00525950
    0.04747695   -0.00345961   -0.09210793    0.14413600    0.07135214    0.00522229
    0.04749990   -0.00343187   -0.09210793    0.14413600    0.07138663    0.00518041
    0.04751920   -0.00340146   -0.09210793    0.14413600    0.07141563    0.00513452
    0.04753453   -0.00336888   -0.09210793    0.14413600    0.07143867    0.00508534
    0.04754566   -0.00333464   -0.09210793    0.14413600    0.07145539    0.00503364
    0.04755240   -0.00329927   -0.09210793    0.14413600    0.07146553    0.00498025
    0.04745974   -0.00326333   -0.09209259    0.14411198    0.07132628    0.00492600
    0.04745823   -0.00323929   -0.09209259    0.14411198    0.07132400    0.00488971
    0.04745372   -0.00321562   -0.09209259    0.14411198    0.07131722    0.00485399
    0.04744627   -0.00319272   -0.09209259    0.14411198    0.07130603    0.00481941
    0.04743602   -0.00317092   -0.09209259    0.14411198    0.07129062    0.00478651
    0.04742311   -0.00315058   -0.09209259    0.14411198    0.07127122    0.00475581
    0.04740775   -0.00313202   -0.09209259    0.14411198    0.07124814    0.00472779
    0.04739019   -0.00311553   -0.09209259    0.14411198    0.07122175    0.00470290
    0.04737071   -0.00310137   -0.09209259    0.14411198    0.07119247    0.00468153
    0.04734960   -0.00308977   -0.09209259    0.14411198    0.07116074    0.00466401
    0.04732720   -0.00308090   -0.09209259    0.14411198    0.07112708    0.00465063
    0.04730387   -0.00307491   -0.09209259    0.14411198    0.07109202    0.00464158
    0.04727997   -0.00307189   -0.09209259    0.14411198    0.07105610    0.00463703
    0.04725588   -0.00307189   -0.09209259    0.14411198    0.07101990    0.00463703
    0.04723198   -0.00307491   -0.09209259    0.14411198    0.07098398    0.00464158
    0.04720865   -0.00308090   -0.09209259    0.14411198    0.07094892    0.00465063
    0.04718626   -0.00308977   -0.09209259    0.14411198    0.07091526    0.00466401
    0.04716515   -0.00310137   -0.09209259    0.14411198    0.07088353    0.00468153
    0.04714566   -0.00311553   -0.09209259    0.14411198    0.07085425    0.00470290
    0.04712810   -0.00313202   -0.09209259    0.14411198    0.07082786    0.00472779
    0.04711274   -0.00315058   -0.09209259    0.14411198    0.07080478    0.00475581
    0.04709984   -0.00317092   -0.09209259    0.14411198    0.07078538    0.00478651
    0.04708958   -0.00319272   -0.09209259    0.14411198    0.07076997    0.00481941
    0.04708214   -0.00321562   -0.09209259    0.14411198    0.07075878    0.00485399
    0.04707762   -0.00323929   -0.09209259    0.14411198    0.07075200    0.00488971
    0.04707611   -0.00326333   -0.09209259    0.14411198    0.07074972    0.00492600
    0.04707762   -0.00328737   -0.09209259    0.14411198    0.07075200    0.00496229
    0.04708214   -0.00331103   -0.09209259    0.14411198    0.07075878    0.00499801
    0.04708958   -0.00333394   -0.09209259    0.14411198    0.07076997    0.00503259
    0.04709984   -0.00335574   -0.09209259    0.14411198    0.07078538    0.00506549
    0.04711274   -0.00337607   -0.09209259    0.14411198    0.07080478    0.00509619
    0.04712810   -0.00339463   -0.09209259    0.14411198    0.07082786    0.00512421
    0.04714566   -0.00341112   -0.09209259    0.14411198    0.07085425    0.00514910
    0.04716515   -0.00342528   -0.09209259    0.14411198    0.07088353    0.00517047
    0.04718626   -0.00343689   -0.09209259    0.14411198    0.07091526    0.00518799
    0.04720865   -0.00344575   -0.09209259    0.14411198    0.07094892    0.00520137
    0.04723198   -0.00345175   -0.09209259    0.14411198    0.07098398    0.00521042
    0.04725588   -0.00345476   -0.09209259    0.14411198    0.07101990    0.00521497
    0.04727997   -0.00345476   -0.09209259    0.14411198    0.07105610    0.00521497
    0.04730387   -0.00345175   -0.09209259    0.14411198    0.07109202    0.00521042
    0.04732720   -0.00344575   -0.09209259    0.14411198    0.07112708    0.00520137
    0.04734960   -0.00343689   -0.09209259    0.14411198    0.07116074    0.00518799
    0.04737071   -0.00342528   -0.09209259    0.14411198    0.07119247    0.00517047
    0.04739019   -0.00341112   -0.09209259    0.14411198    0.07122175    0.00514910
    0.04740775   -0.00339463   -0.09209259    0.14411198    0.07124814    0.00512421
    0.04742311   -0.00337607   -0.09209259    0.14411198    0.07127122    0.00509619
    0.04743602   -0.00335574   -0.09209259    0.14411198    0.07129062    0.00506549
    0.04744627   -0.00333394   -0.09209259    0.14411198    0.07130603    0.00503259
    0.04745372   -0.00331103   -0.09209259    0.14411198    0.07131722    0.00499801
    0.04745823   -0.00328737   -0.09209259    0.14411198    0.07132400    0.00496229
    0.04736403   -0.00326333   -0.09208336    0.14409753    0.07118243    0.00492600
    0.04736327   -0.00325128   -0.09208336    0.14409753    0.07118130    0.00490782
    0.04736101   -0.00323943   -0.09208336    0.14409753    0.07117790    0.00488992
    0.04735728   -0.00322795   -0.09208336    0.14409753    0.07117229    0.00487260
    0.04735214   -0.00321703   -0.09208336    0.14409753    0.07116457    0.00485611
    0.04734568   -0.00320684   -0.09208336    0.14409753    0.07115485    0.00484073
    0.04733798   -0.00319754   -0.09208336    0.14409753    0.07114329    0.00482669
    0.04732919   -0.00318928   -0.09208336    0.14409753    0.07113007    0.00481422
    0.04731942   -0.00318218   -0.09208336    0.14409753    0.07111539    0.00480351
    0.04730885   -0.00317637   -0.09208336    0.14409753    0.07109950    0.00479474
    0.04729762   -0.00317193   -0.09208336    0.14409753    0.07108263    0.00478803
    0.04728593   -0.00316892   -0.09208336    0.14409753    0.07106506    0.00478350
    0.04727396   -0.00316741   -0.09208336    0.14409753    0.07104707    0.00478122
    0.04726189   -0.00316741   -0.09208336    0.14409753    0.07102893    0.00478122
    0.04724992   -0.00316892   -0.09208336    0.14409753    0.07101094    0.00478350
    0.04723823   -0.00317193   -0.09208336    0.14409753    0.07099337    0.00478803
    0.04722701   -0.00317637   -0.09208336    0.14409753    0.07097650    0.00479474
    0.04721643   -0.00318218   -0.09208336    0.14409753    0.07096061    0.00480351
    0.04720667   -0.00318928   -0.09208336    0.14409753    0.07094593    0.00481422
    0.04719787   -0.00319754   -0.09208336    0.14409753    0.07093271    0.00482669
    0.04719018   -0.00320684   -0.09208336    0.14409753    0.07092115    0.00484073
    0.04718371   -0.00321703   -0.09208336    0.14409753    0.07091143    0.00485611
    0.04717857   -0.00322795   -0.09208336    0.14409753    0.07090371    0.00487260
    0.04717484   -0.00323943   -0.09208336    0.14409753    0.07089810    0.00488992
    0.04717258   -0.00325128   -0.09208336    0.14409753    0.07089470    0.00490782
    0.04717182   -0.00326333   -0.09208336    0.14409753    0.07089357    0.00492600
    0.04717258   -0.00327537   -0.09208336    0.14409753    0.07089470    0.00494418
    0.04717484   -0.00328723   -0.09208336    0.14409753    0.07089810    0.00496208
    0.04717857   -0.00329871   -0.09208336    0.14409753    0.07090371    0.00497940
    0.04718371   -0.00330963   -0.09208336    0.14409753    0.07091143    0.00499589
    0.04719018   -0.00331982   -0.09208336    0.14409753    0.07092115    0.00501127
    0.04719787   -0.00332912   -0.09208336    0.14409753    0.07093271    0.00502531
    0.04720667   -0.00333738   -0.09208336    0.14409753    0.07094593    0.00503778
    0.04721643   -0.00334447   -0.09208336    0.14409753    0.07096061    0.00504849
    0.04722701   -0.00335029   -0.09208336    0.14409753    0.07097650    0.00505726
    0.04723823   -0.00335473   -0.09208336    0.14409753    0.07099337    0.00506397
    0.04724992   -0.00335773   -0.09208336    0.14409753    0.07101094    0.00506850
    0.04726189   -0.00335924   -0.09208336    0.14409753    0.07102893    0.00507078
    0.04727396   -0.00335924   -0.09208336    0.14409753    0.07104707    0.00507078
    0.04728593   -0.00335773   -0.09208336    0.14409753    0.07106506    0.00506850
    0.04729762   -0.00335473   -0.09208336    0.14409753    0.07108263    0.00506397
    0.04730885   -0.00335029   -0.09208336    0.14409753    0.07109950    0.00505726
    0.04731942   -0.00334447   -0.09208336    0.14409753    0.07111539    0.00504849
    0.04732919   -0.00333738   -0.09208336    0.14409753    0.07113007    0.00503778
    0.04733798   -0.00332912   -0.09208336    0.14409753    0.07114329    0.00502531
    0.04734568   -0.00331982   -0.09208336    0.14409753    0.07115485    0.00501127
    0.04735214   -0.00330963   -0.09208336    0.14409753    0.07116457    0.00499589
    0.04735728   -0.00329871   -0.09208336    0.14409753    0.07117229    0.00497940
    0.04736101   -0.00328723   -0.09208336    0.14409753    0.07117790    0.00496208
    0.04736327   -0.00327537   -0.09208336    0.14409753    0.07118130    0.00494418
    0.04727754   -0.00326333   -0.09208030    0.14409276    0.07105245    0.00492600
    0.04727747   -0.00326212   -0.09208030    0.14409276    0.07105234    0.00492418
    0.04727724   -0.00326094   -0.09208030    0.14409276    0.07105200    0.00492239
    0.04727687   -0.00325979   -0.09208030    0.14409276    0.07105144    0.00492066
    0.04727635   -0.00325869   -0.09208030    0.14409276    0.07105067    0.00491901
    0.04727571   -0.00325767   -0.09208030    0.14409276    0.07104969    0.00491747
    0.04727494   -0.00325674   -0.09208030    0.14409276    0.07104854    0.00491606
    0.04727406   -0.00325592   -0.09208030    0.14409276    0.07104721    0.00491481
    0.04727308   -0.00325521   -0.09208030    0.14409276    0.07104574    0.00491374
    0.04727202   -0.00325463   -0.09208030    0.14409276    0.07104415    0.00491286
    0.04727090   -0.00325418   -0.09208030    0.14409276    0.07104247    0.00491219
    0.04726973   -0.00325388   -0.09208030    0.14409276    0.07104071    0.00491174
    0.04726853   -0.00325373   -0.09208030    0.14409276    0.07103891    0.00491151
    0.04726732   -0.00325373   -0.09208030    0.14409276    0.07103709    0.00491151
    0.04726612   -0.00325388   -0.09208030    0.14409276    0.07103529    0.00491174
    0.04726495   -0.00325418   -0.09208030    0.14409276    0.07103353    0.00491219
    0.04726383   -0.00325463   -0.09208030    0.14409276    0.07103185    0.00491286
    0.04726277   -0.00325521   -0.09208030    0.14409276    0.07103026    0.00491374
    0.04726180   -0.00325592   -0.09208030    0.14409276    0.07102879    0.00491481
    0.04726092   -0.00325674   -0.09208030    0.14409276    0.07102746    0.00491606
    0.04726015   -0.00325767   -0.09208030    0.14409276    0.07102631    0.00491747
    0.04725950   -0.00325869   -0.09208030    0.14409276    0.07102533    0.00491901
    0.04725898   -0.00325979   -0.09208030    0.14409276    0.07102456    0.00492066
    0.04725861   -0.00326094   -0.09208030    0.14409276    0.07102400    0.00492239
    0.04725839   -0.00326212   -0.09208030    0.14409276    0.07102366    0.00492418
    0.04725831   -0.00326333   -0.09208030    0.14409276    0.07102355    0.00492600
    0.04725839   -0.00326453   -0.09208030    0.14409276    0.07102366    0.00492782
    0.04725861   -0.00326572   -0.09208030    0.14409276    0.07102400    0.00492961
    0.04725898   -0.00326687   -0.09208030    0.14409276    0.07102456    0.00493134
    0.04725950   -0.00326796   -0.09208030    0.14409276    0.07102533    0.00493299
    0.04726015   -0.00326898   -0.09208030    0.14409276    0.07102631    0.00493453
    0.04726092   -0.00326991   -0.09208030    0.14409276    0.07102746    0.00493594
    0.04726180   -0.00327074   -0.09208030    0.14409276    0.07102879    0.00493719
    0.04726277   -0.00327145   -0.09208030    0.14409276    0.07103026    0.00493826
    0.04726383   -0.00327203   -0.09208030    0.14409276    0.07103185    0.00493914
    0.04726495   -0.00327247   -0.09208030    0.14409276    0.07103353    0.00493981
    0.04726612   -0.00327277   -0.09208030    0.14409276    0.07103529    0.00494026
    0.04726732   -0.00327293   -0.09208030    0.14409276    0.07103709    0.00494049
    0.04726853   -0.00327293   -0.09208030    0.14409276    0.07103891    0.00494049
    0.04726973   -0.00327277   -0.09208030    0.14409276    0.07104071    0.00494026
    0.04727090   -0.00327247   -0.09208030    0.14409276    0.07104247    0.00493981
    0.04727202   -0.00327203   -0.09208030    0.14409276    0.07104415    0.00493914
    0.04727308   -0.00327145   -0.09208030    0.14409276    0.07104574    0.00493826
    0.04727406   -0.00327074   -0.09208030    0.14409276    0.07104721    0.00493719
    0.04727494   -0.00326991   -0.09208030    0.14409276    0.07104854    0.00493594
    0.04727571   -0.00326898   -0.09208030    0.14409276    0.07104969    0.00493453
    0.04727635   -0.00326796   -0.09208030    0.14409276    0.07105067    0.00493299
    0.04727687   -0.00326687   -0.09208030    0.14409276    0.07105144    0.00493134
    0.04727724   -0.00326572   -0.09208030    0.14409276    0.07105200    0.00492961
    0.04727747   -0.00326453   -0.09208030    0.14409276    0.07105234    0.00492782
