    0.18350900   -0.28661932   -0.13532971    0.20542226    0.26751917    0.44185849
    0.18350900   -0.28661924   -0.13532971    0.20542226    0.26751916    0.44185837
    0.18350898   -0.28661916   -0.13532971    0.20542226    0.26751914    0.44185825
    0.18350896   -0.28661908   -0.13532971    0.20542226    0.26751910    0.44185813
    0.18350893   -0.28661901   -0.13532971    0.20542226    0.26751905    0.44185802
    0.18350888   -0.28661894   -0.13532971    0.20542226    0.26751899    0.44185791
    0.18350883   -0.28661888   -0.13532971    0.20542226    0.26751891    0.44185782
    0.18350877   -0.28661882   -0.13532971    0.20542226    0.26751883    0.44185773
    0.18350871   -0.28661878   -0.13532971    0.20542226    0.26751873    0.44185766
    0.18350864   -0.28661874   -0.13532971    0.20542226    0.26751863    0.44185760
    0.18350856   -0.28661871   -0.13532971    0.20542226    0.26751852    0.44185755
    0.18350848   -0.28661869   -0.13532971    0.20542226    0.26751841    0.44185752
    0.18350840   -0.28661868   -0.13532971    0.20542226    0.26751829    0.44185751
    0.18350832   -0.28661868   -0.13532971    0.20542226    0.26751817    0.44185751
    0.18350824   -0.28661869   -0.13532971    0.20542226    0.26751806    0.44185752
    0.18350817   -0.28661871   -0.13532971    0.20542226    0.26751794    0.44185755
    0.18350809   -0.28661874   -0.13532971    0.20542226    0.26751784    0.44185760
    0.18350802   -0.28661878   -0.13532971    0.20542226    0.26751773    0.44185766
    0.18350795   -0.28661882   -0.13532971    0.20542226    0.26751764    0.44185773
    0.18350790   -0.28661888   -0.13532971    0.20542226    0.26751755    0.44185782
    0.18350784   -0.28661894   -0.13532971    0.20542226    0.26751748    0.44185791
    0.18350780   -0.28661901   -0.13532971    0.20542226    0.26751741    0.44185802
    0.18350777   -0.28661908   -0.13532971    0.20542226    0.26751736    0.44185813
    0.18350774   -0.28661916   -0.13532971    0.20542226    0.26751733    0.44185825
    0.18350773   -0.28661924   -0.13532971    0.20542226    0.26751731    0.44185837
    0.18350772   -0.28661932   -0.13532971    0.20542226    0.26751730    0.44185849
    0.18350773   -0.28661940   -0.13532971    0.20542226    0.26751731    0.44185862
    0.18350774   -0.28661948   -0.13532971    0.20542226    0.26751733    0.44185874
    0.18350777   -0.28661955   -0.13532971    0.20542226    0.26751736    0.44185886
    0.18350780   -0.28661963   -0.13532971    0.20542226    0.26751741    0.44185897
    0.18350784   -0.28661969   -0.13532971    0.20542226    0.26751748    0.44185907
    0.18350790   -0.28661976   -0.13532971    0.20542226    0.26751755    0.44185917
    0.18350795   -0.28661981   -0.13532971    0.20542226    0.26751764    0.44185925
    0.18350802   -0.28661986   -0.13532971    0.20542226    0.26751773    0.44185933
    0.18350809   -0.28661990   -0.13532971    0.20542226    0.26751784    0.44185939
    0.18350817   -0.28661993   -0.13532971    0.20542226    0.26751794    0.44185943
    0.18350824   -0.28661995   -0.13532971    0.20542226    0.26751806    0.44185946
    0.18350832   -0.28661996   -0.13532971    0.20542226    0.26751817    0.44185948
    0.18350840   -0.28661996   -0.13532971    0.20542226    0.26751829    0.44185948
    0.18350848   -0.28661995   -0.13532971    0.20542226    0.26751841    0.44185946
    0.18350856   -0.28661993   -0.13532971    0.20542226    0.26751852    0.44185943
    0.18350864   -0.28661990   -0.13532971    0.20542226    0.26751863    0.44185939
    0.18350871   -0.28661986   -0.13532971    0.20542226    0.26751873    0.44185933
    0.18350877   -0.28661981   -0.13532971    0.20542226    0.26751883    0.44185925
    0.18350883   -0.28661976   -0.13532971    0.20542226    0.26751891    0.44185917
    0.18350888   -0.28661969   -0.13532971    0.20542226    0.26751899    0.44185907
    0.18350893   -0.28661963   -0.13532971    0.20542226    0.26751905    0.44185897
    0.18350896   -0.28661955   -0.13532971    0.20542226    0.26751910    0.44185886
    0.18350898   -0.28661948   -0.13532971    0.20542226    0.26751914    0.44185874
    0.18350900   -0.28661940   -0.13532971    0.20542226    0.26751916    0.44185862
    0.18351477   -0.28661932   -0.13532950    0.20542195    0.26752757    0.44185849
    0.18351472   -0.28661851   -0.13532950    0.20542195    0.26752750    0.44185726
    0.18351457   -0.28661772   -0.13532950    0.20542195    0.26752728    0.44185604
    0.18351432   -0.28661696   -0.13532950    0.20542195    0.26752692    0.44185486
    0.18351398   -0.28661623   -0.13532950    0.20542195    0.26752642    0.44185373
    0.18351355   -0.28661555   -0.13532950    0.20542195    0.26752579    0.44185269
    0.18351303   -0.28661493   -0.13532950    0.20542195    0.26752504    0.44185173
    0.18351245   -0.28661438   -0.13532950    0.20542195    0.26752419    0.44185088
    0.18351180   -0.28661391   -0.13532950    0.20542195    0.26752324    0.44185015
    0.18351109   -0.28661352   -0.13532950    0.20542195    0.26752221    0.44184956
    0.18351034   -0.28661322   -0.13532950    0.20542195    0.26752112    0.44184910
    0.18350956   -0.28661302   -0.13532950    0.20542195    0.26751998    0.44184879
    0.18350877   -0.28661292   -0.13532950    0.20542195    0.26751882    0.44184864
    0.18350796   -0.28661292   -0.13532950    0.20542195    0.26751765    0.44184864
    0.18350716   -0.28661302   -0.13532950    0.20542195    0.26751648    0.44184879
    0.18350638   -0.28661322   -0.13532950    0.20542195    0.26751535    0.44184910
    0.18350564   -0.28661352   -0.13532950    0.20542195    0.26751426    0.44184956
    0.18350493   -0.28661391   -0.13532950    0.20542195    0.26751323    0.44185015
    0.18350428   -0.28661438   -0.13532950    0.20542195    0.26751228    0.44185088
    0.18350369   -0.28661493   -0.13532950    0.20542195    0.26751142    0.44185173
    0.18350318   -0.28661555   -0.13532950    0.20542195    0.26751068    0.44185269
    0.18350275   -0.28661623   -0.13532950    0.20542195    0.26751005    0.44185373
    0.18350241   -0.28661696   -0.13532950    0.20542195    0.26750955    0.44185486
    0.18350216   -0.28661772   -0.13532950    0.20542195    0.26750919    0.44185604
    0.18350201   -0.28661851   -0.13532950    0.20542195    0.26750897    0.44185726
    0.18350196   -0.28661932   -0.13532950    0.20542195    0.26750889    0.44185849
    0.18350201   -0.28662012   -0.13532950    0.20542195    0.26750897    0.44185973
    0.18350216   -0.28662091   -0.13532950    0.20542195    0.26750919    0.44186095
    0.18350241   -0.28662168   -0.13532950    0.20542195    0.26750955    0.44186213
    0.18350275   -0.28662240   -0.13532950    0.20542195    0.26751005    0.44186325
    0.18350318   -0.28662308   -0.13532950    0.20542195    0.26751068    0.44186430
    0.18350369   -0.28662370   -0.13532950    0.20542195    0.26751142    0.44186525
    0.18350428   -0.28662425   -0.13532950    0.20542195    0.26751228    0.44186610
    0.18350493   -0.28662473   -0.13532950    0.20542195    0.26751323    0.44186683
    0.18350564   -0.28662511   -0.13532950    0.20542195    0.26751426    0.44186743
    0.18350638   -0.28662541   -0.13532950    0.20542195    0.26751535    0.44186789
    0.18350716   -0.28662561   -0.13532950    0.20542195    0.26751648    0.44186820
    0.18350796   -0.28662571   -0.13532950    0.20542195    0.26751765    0.44186835
    0.18350877   -0.28662571   -0.13532950    0.20542195    0.26751882    0.44186835
    0.18350956   -0.28662561   -0.13532950    0.20542195    0.26751998    0.44186820
    0.18351034   -0.28662541   -0.13532950    0.20542195    0.26752112    0.44186789
    0.18351109   -0.28662511   -0.13532950    0.20542195    0.26752221    0.44186743
    0.18351180   -0.28662473   -0.13532950    0.20542195    0.26752324    0.44186683
    0.18351245   -0.28662425   -0.13532950    0.20542195    0.26752419    0.44186610
    0.18351303   -0.28662370   -0.13532950    0.20542195    0.26752504    0.44186525
    0.18351355   -0.28662308   -0.13532950    0.20542195    0.26752579    0.44186430
    0.18351398   -0.28662240   -0.13532950    0.20542195    0.26752642    0.44186325
    0.18351432   -0.28662168   -0.13532950    0.20542195    0.26752692    0.44186213
    0.18351457   -0.28662091   -0.13532950    0.20542195    0.26752728    0.44186095
    0.18351472   -0.28662012   -0.13532950    0.20542195    0.26752750    0.44185973
    0.18352115   -0.28661932   -0.13532889    0.20542101    0.26753688    0.44185849
    0.18352105   -0.28661771   -0.13532889    0.20542101    0.26753673    0.44185602
    0.18352075   -0.28661614   -0.13532889    0.20542101    0.26753629    0.44185359
    0.18352025   -0.28661461   -0.13532889    0.20542101    0.26753557    0.44185124
    0.18351957   -0.28661316   -0.13532889    0.20542101    0.26753457    0.44184900
    0.18351871   -0.28661180   -0.13532889    0.20542101    0.26753332    0.44184691
    0.18351769   -0.28661056   -0.13532889    0.20542101    0.26753182    0.44184500
    0.18351651   -0.28660946   -0.13532889    0.20542101    0.26753012    0.44184330
    0.18351522   -0.28660852   -0.13532889    0.20542101    0.26752822    0.44184185
    0.18351381   -0.28660775   -0.13532889    0.20542101    0.26752617    0.44184066
    0.18351232   -0.28660716   -0.13532889    0.20542101    0.26752399    0.44183974
    0.18351076   -0.28660676   -0.13532889    0.20542101    0.26752173    0.44183913
    0.18350917   -0.28660655   -0.13532889    0.20542101    0.26751940    0.44183882
    0.18350756   -0.28660655   -0.13532889    0.20542101    0.26751706    0.44183882
    0.18350597   -0.28660676   -0.13532889    0.20542101    0.26751474    0.44183913
    0.18350441   -0.28660716   -0.13532889    0.20542101    0.26751247    0.44183974
    0.18350292   -0.28660775   -0.13532889    0.20542101    0.26751030    0.44184066
    0.18350151   -0.28660852   -0.13532889    0.20542101    0.26750824    0.44184185
    0.18350021   -0.28660946   -0.13532889    0.20542101    0.26750635    0.44184330
    0.18349904   -0.28661056   -0.13532889    0.20542101    0.26750464    0.44184500
    0.18349802   -0.28661180   -0.13532889    0.20542101    0.26750315    0.44184691
    0.18349716   -0.28661316   -0.13532889    0.20542101    0.26750190    0.44184900
    0.18349647   -0.28661461   -0.13532889    0.20542101    0.26750090    0.44185124
    0.18349598   -0.28661614   -0.13532889    0.20542101    0.26750018    0.44185359
    0.18349568   -0.28661771   -0.13532889    0.20542101    0.26749974    0.44185602
    0.18349558   -0.28661932   -0.13532889    0.20542101    0.26749959    0.44185849
    0.18349568   -0.28662092   -0.13532889    0.20542101    0.26749974    0.44186096
    0.18349598   -0.28662250   -0.13532889    0.20542101    0.26750018    0.44186340
    0.18349647   -0.28662402   -0.13532889    0.20542101    0.26750090    0.44186575
    0.18349716   -0.28662548   -0.13532889    0.20542101    0.26750190    0.44186799
    0.18349802   -0.28662683   -0.13532889    0.20542101    0.26750315    0.44187008
    0.18349904   -0.28662807   -0.13532889    0.20542101    0.26750464    0.44187199
    0.18350021   -0.28662917   -0.13532889    0.20542101    0.26750635    0.44187368
    0.18350151   -0.28663011   -0.13532889    0.20542101    0.26750824    0.44187514
    0.18350292   -0.28663089   -0.13532889    0.20542101    0.26751030    0.44187633
    0.18350441   -0.28663148   -0.13532889    0.20542101    0.26751247    0.44187724
    0.18350597   -0.28663188   -0.13532889    0.20542101    0.26751474    0.44187786
    0.18350756   -0.28663208   -0.13532889    0.20542101    0.26751706    0.44187817
    0.18350917   -0.28663208   -0.13532889    0.20542101    0.26751940    0.44187817
    0.18351076   -0.28663188   -0.13532889    0.20542101    0.26752173    0.44187786
    0.18351232   -0.28663148   -0.13532889    0.20542101    0.26752399    0.44187724
    0.18351381   -0.28663089   -0.13532889    0.20542101    0.26752617    0.44187633
    0.18351522   -0.28663011   -0.13532889    0.20542101    0.26752822    0.44187514
    0.18351651   -0.28662917   -0.13532889    0.20542101    0.26753012    0.44187368
    0.18351769   -0.28662807   -0.13532889    0.20542101    0.26753182    0.44187199
    0.18351871   -0.28662683   -0.13532889    0.20542101    0.26753332    0.44187008
    0.18351957   -0.28662548   -0.13532889    0.20542101    0.26753457    0.44186799
    0.18352025   -0.28662402   -0.13532889    0.20542101    0.26753557    0.44186575
    0.18352075   -0.28662250   -0.13532889    0.20542101    0.26753629    0.44186340
    0.18352105   -0.28662092   -0.13532889    0.20542101    0.26753673    0.44186096
    0.18352748   -0.28661932   -0.13532786    0.20541946    0.26754610    0.44185849
    0.18352733   -0.28661692   -0.13532786    0.20541946    0.26754588    0.44185480
    0.18352688   -0.28661456   -0.13532786    0.20541946    0.26754523    0.44185116
    0.18352614   -0.28661228   -0.13532786    0.20541946    0.26754414    0.44184764
    0.18352511   -0.28661011   -0.13532786    0.20541946    0.26754265    0.44184430
    0.18352383   -0.28660808   -0.13532786    0.20541946    0.26754078    0.44184117
    0.18352230   -0.28660623   -0.13532786    0.20541946    0.26753855    0.44183832
    0.18352055   -0.28660459   -0.13532786    0.20541946    0.26753600    0.44183579
    0.18351861   -0.28660318   -0.13532786    0.20541946    0.26753317    0.44183361
    0.18351650   -0.28660202   -0.13532786    0.20541946    0.26753010    0.44183183
    0.18351427   -0.28660114   -0.13532786    0.20541946    0.26752685    0.44183047
    0.18351195   -0.28660054   -0.13532786    0.20541946    0.26752346    0.44182955
    0.18350956   -0.28660024   -0.13532786    0.20541946    0.26751998    0.44182908
    0.18350716   -0.28660024   -0.13532786    0.20541946    0.26751648    0.44182908
    0.18350478   -0.28660054   -0.13532786    0.20541946    0.26751301    0.44182955
    0.18350246   -0.28660114   -0.13532786    0.20541946    0.26750962    0.44183047
    0.18350022   -0.28660202   -0.13532786    0.20541946    0.26750637    0.44183183
    0.18349812   -0.28660318   -0.13532786    0.20541946    0.26750330    0.44183361
    0.18349618   -0.28660459   -0.13532786    0.20541946    0.26750047    0.44183579
    0.18349443   -0.28660623   -0.13532786    0.20541946    0.26749792    0.44183832
    0.18349290   -0.28660808   -0.13532786    0.20541946    0.26749569    0.44184117
    0.18349161   -0.28661011   -0.13532786    0.20541946    0.26749381    0.44184430
    0.18349059   -0.28661228   -0.13532786    0.20541946    0.26749232    0.44184764
    0.18348985   -0.28661456   -0.13532786    0.20541946    0.26749124    0.44185116
    0.18348940   -0.28661692   -0.13532786    0.20541946    0.26749059    0.44185480
    0.18348925   -0.28661932   -0.13532786    0.20541946    0.26749037    0.44185849
    0.18348940   -0.28662171   -0.13532786    0.20541946    0.26749059    0.44186219
    0.18348985   -0.28662407   -0.13532786    0.20541946    0.26749124    0.44186582
    0.18349059   -0.28662635   -0.13532786    0.20541946    0.26749232    0.44186934
    0.18349161   -0.28662853   -0.13532786    0.20541946    0.26749381    0.44187269
    0.18349290   -0.28663055   -0.13532786    0.20541946    0.26749569    0.44187581
    0.18349443   -0.28663240   -0.13532786    0.20541946    0.26749792    0.44187867
    0.18349618   -0.28663405   -0.13532786    0.20541946    0.26750047    0.44188120
    0.18349812   -0.28663546   -0.13532786    0.20541946    0.26750330    0.44188337
    0.18350022   -0.28663661   -0.13532786    0.20541946    0.26750637    0.44188516
    0.18350246   -0.28663750   -0.13532786    0.20541946    0.26750962    0.44188652
    0.18350478   -0.28663809   -0.13532786    0.20541946    0.26751301    0.44188744
    0.18350716   -0.28663840   -0.13532786    0.20541946    0.26751648    0.44188790
    0.18350956   -0.28663840   -0.13532786    0.20541946    0.26751998    0.44188790
    0.18351195   -0.28663809   -0.13532786    0.20541946    0.26752346    0.44188744
    0.18351427   -0.28663750   -0.13532786    0.20541946    0.26752685    0.44188652
    0.18351650   -0.28663661   -0.13532786    0.20541946    0.26753010    0.44188516
    0.18351861   -0.28663546   -0.13532786    0.20541946    0.26753317    0.44188337
    0.18352055   -0.28663405   -0.13532786    0.20541946    0.26753600    0.44188120
    0.18352230   -0.28663240   -0.13532786    0.20541946    0.26753855    0.44187867
    0.18352383   -0.28663055   -0.13532786    0.20541946    0.26754078    0.44187581
    0.18352511   -0.28662853   -0.13532786    0.20541946    0.26754265    0.44187269
    0.18352614   -0.28662635   -0.13532786    0.20541946    0.26754414    0.44186934
    0.18352688   -0.28662407   -0.13532786    0.20541946    0.26754523    0.44186582
    0.18352733   -0.28662171   -0.13532786    0.20541946    0.26754588    0.44186219
    0.18353373   -0.28661932   -0.13532644    0.20541730    0.26755521    0.44185849
    0.18353353   -0.28661614   -0.13532644    0.20541730    0.26755492    0.44185359
    0.18353293   -0.28661301   -0.13532644    0.20541730    0.26755405    0.44184877
    0.18353195   -0.28660998   -0.13532644    0.20541730    0.26755261    0.44184410
    0.18353059   -0.28660710   -0.13532644    0.20541730    0.26755064    0.44183965
    0.18352888   -0.28660441   -0.13532644    0.20541730    0.26754815    0.44183551
    0.18352685   -0.28660195   -0.13532644    0.20541730    0.26754519    0.44183172
    0.18352453   -0.28659977   -0.13532644    0.20541730    0.26754180    0.44182836
    0.18352196   -0.28659790   -0.13532644    0.20541730    0.26753805    0.44182548
    0.18351916   -0.28659637   -0.13532644    0.20541730    0.26753398    0.44182311
    0.18351620   -0.28659519   -0.13532644    0.20541730    0.26752966    0.44182130
    0.18351312   -0.28659440   -0.13532644    0.20541730    0.26752516    0.44182008
    0.18350996   -0.28659400   -0.13532644    0.20541730    0.26752056    0.44181947
    0.18350677   -0.28659400   -0.13532644    0.20541730    0.26751591    0.44181947
    0.18350361   -0.28659440   -0.13532644    0.20541730    0.26751130    0.44182008
    0.18350053   -0.28659519   -0.13532644    0.20541730    0.26750681    0.44182130
    0.18349756   -0.28659637   -0.13532644    0.20541730    0.26750249    0.44182311
    0.18349477   -0.28659790   -0.13532644    0.20541730    0.26749842    0.44182548
    0.18349219   -0.28659977   -0.13532644    0.20541730    0.26749466    0.44182836
    0.18348987   -0.28660195   -0.13532644    0.20541730    0.26749128    0.44183172
    0.18348784   -0.28660441   -0.13532644    0.20541730    0.26748832    0.44183551
    0.18348614   -0.28660710   -0.13532644    0.20541730    0.26748583    0.44183965
    0.18348478   -0.28660998   -0.13532644    0.20541730    0.26748385    0.44184410
    0.18348379   -0.28661301   -0.13532644    0.20541730    0.26748242    0.44184877
    0.18348320   -0.28661614   -0.13532644    0.20541730    0.26748155    0.44185359
    0.18348300   -0.28661932   -0.13532644    0.20541730    0.26748126    0.44185849
    0.18348320   -0.28662250   -0.13532644    0.20541730    0.26748155    0.44186339
    0.18348379   -0.28662563   -0.13532644    0.20541730    0.26748242    0.44186822
    0.18348478   -0.28662865   -0.13532644    0.20541730    0.26748385    0.44187289
    0.18348614   -0.28663154   -0.13532644    0.20541730    0.26748583    0.44187733
    0.18348784   -0.28663423   -0.13532644    0.20541730    0.26748832    0.44188148
    0.18348987   -0.28663668   -0.13532644    0.20541730    0.26749128    0.44188526
    0.18349219   -0.28663886   -0.13532644    0.20541730    0.26749466    0.44188862
    0.18349477   -0.28664073   -0.13532644    0.20541730    0.26749842    0.44189151
    0.18349756   -0.28664227   -0.13532644    0.20541730    0.26750249    0.44189388
    0.18350053   -0.28664344   -0.13532644    0.20541730    0.26750681    0.44189568
    0.18350361   -0.28664423   -0.13532644    0.20541730    0.26751130    0.44189690
    0.18350677   -0.28664463   -0.13532644    0.20541730    0.26751591    0.44189752
    0.18350996   -0.28664463   -0.13532644    0.20541730    0.26752056    0.44189752
    0.18351312   -0.28664423   -0.13532644    0.20541730    0.26752516    0.44189690
    0.18351620   -0.28664344   -0.13532644    0.20541730    0.26752966    0.44189568
    0.18351916   -0.28664227   -0.13532644    0.20541730    0.26753398    0.44189388
    0.18352196   -0.28664073   -0.13532644    0.20541730    0.26753805    0.44189151
    0.18352453   -0.28663886   -0.13532644    0.20541730    0.26754180    0.44188862
    0.18352685   -0.28663668   -0.13532644    0.20541730    0.26754519    0.44188526
    0.18352888   -0.28663423   -0.13532644    0.20541730    0.26754815    0.44188148
    0.18353059   -0.28663154   -0.13532644    0.20541730    0.26755064    0.44187733
    0.18353195   -0.28662865   -0.13532644    0.20541730    0.26755261    0.44187289
    0.18353293   -0.28662563   -0.13532644    0.20541730    0.26755405    0.44186822
    0.18353353   -0.28662250   -0.13532644    0.20541730    0.26755492    0.44186339
    0.18353987   -0.28661932   -0.13532461    0.20541453    0.26756417    0.44185849
    0.18353963   -0.28661537   -0.13532461    0.20541453    0.26756381    0.44185240
    0.18353888   -0.28661148   -0.13532461    0.20541453    0.26756273    0.44184641
    0.18353766   -0.28660772   -0.13532461    0.20541453    0.26756094    0.44184061
    0.18353598   -0.28660414   -0.13532461    0.20541453    0.26755849    0.44183509
    0.18353386   -0.28660080   -0.13532461    0.20541453    0.26755540    0.44182994
    0.18353133   -0.28659775   -0.13532461    0.20541453    0.26755172    0.44182524
    0.18352845   -0.28659504   -0.13532461    0.20541453    0.26754751    0.44182106
    0.18352525   -0.28659271   -0.13532461    0.20541453    0.26754285    0.44181748
    0.18352178   -0.28659081   -0.13532461    0.20541453    0.26753779    0.44181454
    0.18351810   -0.28658935   -0.13532461    0.20541453    0.26753243    0.44181229
    0.18351427   -0.28658836   -0.13532461    0.20541453    0.26752684    0.44181078
    0.18351034   -0.28658787   -0.13532461    0.20541453    0.26752112    0.44181001
    0.18350638   -0.28658787   -0.13532461    0.20541453    0.26751535    0.44181001
    0.18350246   -0.28658836   -0.13532461    0.20541453    0.26750963    0.44181078
    0.18349863   -0.28658935   -0.13532461    0.20541453    0.26750404    0.44181229
    0.18349495   -0.28659081   -0.13532461    0.20541453    0.26749867    0.44181454
    0.18349148   -0.28659271   -0.13532461    0.20541453    0.26749362    0.44181748
    0.18348828   -0.28659504   -0.13532461    0.20541453    0.26748895    0.44182106
    0.18348539   -0.28659775   -0.13532461    0.20541453    0.26748475    0.44182524
    0.18348287   -0.28660080   -0.13532461    0.20541453    0.26748107    0.44182994
    0.18348075   -0.28660414   -0.13532461    0.20541453    0.26747798    0.44183509
    0.18347907   -0.28660772   -0.13532461    0.20541453    0.26747552    0.44184061
    0.18347784   -0.28661148   -0.13532461    0.20541453    0.26747374    0.44184641
    0.18347710   -0.28661537   -0.13532461    0.20541453    0.26747266    0.44185240
    0.18347685   -0.28661932   -0.13532461    0.20541453    0.26747230    0.44185849
    0.18347710   -0.28662327   -0.13532461    0.20541453    0.26747266    0.44186458
    0.18347784   -0.28662715   -0.13532461    0.20541453    0.26747374    0.44187057
    0.18347907   -0.28663092   -0.13532461    0.20541453    0.26747552    0.44187638
    0.18348075   -0.28663450   -0.13532461    0.20541453    0.26747798    0.44188190
    0.18348287   -0.28663784   -0.13532461    0.20541453    0.26748107    0.44188705
    0.18348539   -0.28664089   -0.13532461    0.20541453    0.26748475    0.44189175
    0.18348828   -0.28664360   -0.13532461    0.20541453    0.26748895    0.44189592
    0.18349148   -0.28664592   -0.13532461    0.20541453    0.26749362    0.44189951
    0.18349495   -0.28664783   -0.13532461    0.20541453    0.26749867    0.44190245
    0.18349863   -0.28664929   -0.13532461    0.20541453    0.26750404    0.44190469
    0.18350246   -0.28665027   -0.13532461    0.20541453    0.26750963    0.44190621
    0.18350638   -0.28665077   -0.13532461    0.20541453    0.26751535    0.44190698
    0.18351034   -0.28665077   -0.13532461    0.20541453    0.26752112    0.44190698
    0.18351427   -0.28665027   -0.13532461    0.20541453    0.26752684    0.44190621
    0.18351810   -0.28664929   -0.13532461    0.20541453    0.26753243    0.44190469
    0.18352178   -0.28664783   -0.13532461    0.20541453    0.26753779    0.44190245
    0.18352525   -0.28664592   -0.13532461    0.20541453    0.26754285    0.44189951
    0.18352845   -0.28664360   -0.13532461    0.20541453    0.26754751    0.44189592
    0.18353133   -0.28664089   -0.13532461    0.20541453    0.26755172    0.44189175
    0.18353386   -0.28663784   -0.13532461    0.20541453    0.26755540    0.44188705
    0.18353598   -0.28663450   -0.13532461    0.20541453    0.26755849    0.44188190
    0.18353766   -0.28663092   -0.13532461    0.20541453    0.26756094    0.44187638
    0.18353888   -0.28662715   -0.13532461    0.20541453    0.26756273    0.44187057
    0.18353963   -0.28662327   -0.13532461    0.20541453    0.26756381    0.44186458
    0.18354589   -0.28661932   -0.13532240    0.20541117    0.26757294    0.44185849
    0.18354559   -0.28661461   -0.13532240    0.20541117    0.26757251    0.44185124
    0.18354471   -0.28660998   -0.13532240    0.20541117    0.26757122    0.44184411
    0.18354325   -0.28660550   -0.13532240    0.20541117    0.26756910    0.44183720
    0.18354125   -0.28660124   -0.13532240    0.20541117    0.26756617    0.44183062
    0.18353872   -0.28659726   -0.13532240    0.20541117    0.26756249    0.44182449
    0.18353572   -0.28659363   -0.13532240    0.20541117    0.26755811    0.44181889
    0.18353228   -0.28659040   -0.13532240    0.20541117    0.26755310    0.44181392
    0.18352847   -0.28658763   -0.13532240    0.20541117    0.26754755    0.44180965
    0.18352434   -0.28658536   -0.13532240    0.20541117    0.26754153    0.44180615
    0.18351996   -0.28658363   -0.13532240    0.20541117    0.26753514    0.44180347
    0.18351540   -0.28658245   -0.13532240    0.20541117    0.26752848    0.44180167
    0.18351072   -0.28658186   -0.13532240    0.20541117    0.26752167    0.44180076
    0.18350601   -0.28658186   -0.13532240    0.20541117    0.26751480    0.44180076
    0.18350133   -0.28658245   -0.13532240    0.20541117    0.26750798    0.44180167
    0.18349677   -0.28658363   -0.13532240    0.20541117    0.26750133    0.44180347
    0.18349239   -0.28658536   -0.13532240    0.20541117    0.26749494    0.44180615
    0.18348826   -0.28658763   -0.13532240    0.20541117    0.26748892    0.44180965
    0.18348444   -0.28659040   -0.13532240    0.20541117    0.26748336    0.44181392
    0.18348101   -0.28659363   -0.13532240    0.20541117    0.26747835    0.44181889
    0.18347800   -0.28659726   -0.13532240    0.20541117    0.26747398    0.44182449
    0.18347548   -0.28660124   -0.13532240    0.20541117    0.26747029    0.44183062
    0.18347347   -0.28660550   -0.13532240    0.20541117    0.26746737    0.44183720
    0.18347202   -0.28660998   -0.13532240    0.20541117    0.26746525    0.44184411
    0.18347113   -0.28661461   -0.13532240    0.20541117    0.26746396    0.44185124
    0.18347084   -0.28661932   -0.13532240    0.20541117    0.26746353    0.44185849
    0.18347113   -0.28662402   -0.13532240    0.20541117    0.26746396    0.44186574
    0.18347202   -0.28662865   -0.13532240    0.20541117    0.26746525    0.44187288
    0.18347347   -0.28663313   -0.13532240    0.20541117    0.26746737    0.44187979
    0.18347548   -0.28663740   -0.13532240    0.20541117    0.26747029    0.44188636
    0.18347800   -0.28664137   -0.13532240    0.20541117    0.26747398    0.44189250
    0.18348101   -0.28664501   -0.13532240    0.20541117    0.26747835    0.44189810
    0.18348444   -0.28664823   -0.13532240    0.20541117    0.26748336    0.44190307
    0.18348826   -0.28665100   -0.13532240    0.20541117    0.26748892    0.44190734
    0.18349239   -0.28665327   -0.13532240    0.20541117    0.26749494    0.44191084
    0.18349677   -0.28665501   -0.13532240    0.20541117    0.26750133    0.44191351
    0.18350133   -0.28665618   -0.13532240    0.20541117    0.26750798    0.44191532
    0.18350601   -0.28665677   -0.13532240    0.20541117    0.26751480    0.44191623
    0.18351072   -0.28665677   -0.13532240    0.20541117    0.26752167    0.44191623
    0.18351540   -0.28665618   -0.13532240    0.20541117    0.26752848    0.44191532
    0.18351996   -0.28665501   -0.13532240    0.20541117    0.26753514    0.44191351
    0.18352434   -0.28665327   -0.13532240    0.20541117    0.26754153    0.44191084
    0.18352847   -0.28665100   -0.13532240    0.20541117    0.26754755    0.44190734
    0.18353228   -0.28664823   -0.13532240    0.20541117    0.26755310    0.44190307
    0.18353572   -0.28664501   -0.13532240    0.20541117    0.26755811    0.44189810
    0.18353872   -0.28664137   -0.13532240    0.20541117    0.26756249    0.44189250
    0.18354125   -0.28663740   -0.13532240    0.20541117    0.26756617    0.44188636
    0.18354325   -0.28663313   -0.13532240    0.20541117    0.26756910    0.44187979
    0.18354471   -0.28662865   -0.13532240    0.20541117    0.26757122    0.44187288
    0.18354559   -0.28662402   -0.13532240    0.20541117    0.26757251    0.44186574
    0.18355175   -0.28661932   -0.13531981    0.20540723    0.26758149    0.44185849
    0.18355141   -0.28661388   -0.13531981    0.20540723    0.26758099    0.44185011
    0.18355039   -0.28660853   -0.13531981    0.20540723    0.26757950    0.44184186
    0.18354871   -0.28660334   -0.13531981    0.20540723    0.26757704    0.44183387
    0.18354639   -0.28659841   -0.13531981    0.20540723    0.26757366    0.44182627
    0.18354347   -0.28659381   -0.13531981    0.20540723    0.26756941    0.44181918
    0.18353999   -0.28658962   -0.13531981    0.20540723    0.26756434    0.44181270
    0.18353602   -0.28658589   -0.13531981    0.20540723    0.26755855    0.44180695
    0.18353161   -0.28658268   -0.13531981    0.20540723    0.26755213    0.44180202
    0.18352684   -0.28658006   -0.13531981    0.20540723    0.26754516    0.44179797
    0.18352177   -0.28657805   -0.13531981    0.20540723    0.26753778    0.44179488
    0.18351649   -0.28657670   -0.13531981    0.20540723    0.26753009    0.44179279
    0.18351109   -0.28657601   -0.13531981    0.20540723    0.26752221    0.44179174
    0.18350564   -0.28657601   -0.13531981    0.20540723    0.26751426    0.44179174
    0.18350023   -0.28657670   -0.13531981    0.20540723    0.26750638    0.44179279
    0.18349496   -0.28657805   -0.13531981    0.20540723    0.26749869    0.44179488
    0.18348989   -0.28658006   -0.13531981    0.20540723    0.26749130    0.44179797
    0.18348511   -0.28658268   -0.13531981    0.20540723    0.26748434    0.44180202
    0.18348071   -0.28658589   -0.13531981    0.20540723    0.26747792    0.44180695
    0.18347673   -0.28658962   -0.13531981    0.20540723    0.26747213    0.44181270
    0.18347326   -0.28659381   -0.13531981    0.20540723    0.26746706    0.44181918
    0.18347034   -0.28659841   -0.13531981    0.20540723    0.26746281    0.44182627
    0.18346802   -0.28660334   -0.13531981    0.20540723    0.26745942    0.44183387
    0.18346634   -0.28660853   -0.13531981    0.20540723    0.26745697    0.44184186
    0.18346532   -0.28661388   -0.13531981    0.20540723    0.26745548    0.44185011
    0.18346498   -0.28661932   -0.13531981    0.20540723    0.26745498    0.44185849
    0.18346532   -0.28662475   -0.13531981    0.20540723    0.26745548    0.44186688
    0.18346634   -0.28663011   -0.13531981    0.20540723    0.26745697    0.44187513
    0.18346802   -0.28663529   -0.13531981    0.20540723    0.26745942    0.44188312
    0.18347034   -0.28664022   -0.13531981    0.20540723    0.26746281    0.44189072
    0.18347326   -0.28664482   -0.13531981    0.20540723    0.26746706    0.44189781
    0.18347673   -0.28664902   -0.13531981    0.20540723    0.26747213    0.44190428
    0.18348071   -0.28665275   -0.13531981    0.20540723    0.26747792    0.44191003
    0.18348511   -0.28665595   -0.13531981    0.20540723    0.26748434    0.44191497
    0.18348989   -0.28665858   -0.13531981    0.20540723    0.26749130    0.44191902
    0.18349496   -0.28666058   -0.13531981    0.20540723    0.26749869    0.44192211
    0.18350023   -0.28666194   -0.13531981    0.20540723    0.26750638    0.44192420
    0.18350564   -0.28666262   -0.13531981    0.20540723    0.26751426    0.44192525
    0.18351109   -0.28666262   -0.13531981    0.20540723    0.26752221    0.44192525
    0.18351649   -0.28666194   -0.13531981    0.20540723    0.26753009    0.44192420
    0.18352177   -0.28666058   -0.13531981    0.20540723    0.26753778    0.44192211
    0.18352684   -0.28665858   -0.13531981    0.20540723    0.26754516    0.44191902
    0.18353161   -0.28665595   -0.13531981    0.20540723    0.26755213    0.44191497
    0.18353602   -0.28665275   -0.13531981    0.20540723    0.26755855    0.44191003
    0.18353999   -0.28664902   -0.13531981    0.20540723    0.26756434    0.44190428
    0.18354347   -0.28664482   -0.13531981    0.20540723    0.26756941    0.44189781
    0.18354639   -0.28664022   -0.13531981    0.20540723    0.26757366    0.44189072
    0.18354871   -0.28663529   -0.13531981    0.20540723    0.26757704    0.44188312
    0.18355039   -0.28663011   -0.13531981    0.20540723    0.26757950    0.44187513
    0.18355141   -0.28662475   -0.13531981    0.20540723    0.26758099    0.44186688
    0.18355744   -0.28661932   -0.13531684    0.20540273    0.26758977    0.44185849
    0.18355705   -0.28661317   -0.13531684    0.20540273    0.26758921    0.44184901
    0.18355589   -0.28660711   -0.13531684    0.20540273    0.26758752    0.44183968
    0.18355399   -0.28660125   -0.13531684    0.20540273    0.26758475    0.44183064
    0.18355137   -0.28659568   -0.13531684    0.20540273    0.26758092    0.44182205
    0.18354806   -0.28659047   -0.13531684    0.20540273    0.26757611    0.44181403
    0.18354414   -0.28658572   -0.13531684    0.20540273    0.26757038    0.44180671
    0.18353964   -0.28658151   -0.13531684    0.20540273    0.26756383    0.44180020
    0.18353466   -0.28657788   -0.13531684    0.20540273    0.26755656    0.44179462
    0.18352926   -0.28657492   -0.13531684    0.20540273    0.26754869    0.44179004
    0.18352353   -0.28657265   -0.13531684    0.20540273    0.26754034    0.44178655
    0.18351756   -0.28657111   -0.13531684    0.20540273    0.26753164    0.44178418
    0.18351144   -0.28657034   -0.13531684    0.20540273    0.26752273    0.44178299
    0.18350528   -0.28657034   -0.13531684    0.20540273    0.26751374    0.44178299
    0.18349917   -0.28657111   -0.13531684    0.20540273    0.26750483    0.44178418
    0.18349320   -0.28657265   -0.13531684    0.20540273    0.26749613    0.44178655
    0.18348747   -0.28657492   -0.13531684    0.20540273    0.26748777    0.44179004
    0.18348207   -0.28657788   -0.13531684    0.20540273    0.26747990    0.44179462
    0.18347708   -0.28658151   -0.13531684    0.20540273    0.26747263    0.44180020
    0.18347259   -0.28658572   -0.13531684    0.20540273    0.26746609    0.44180671
    0.18346866   -0.28659047   -0.13531684    0.20540273    0.26746036    0.44181403
    0.18346536   -0.28659568   -0.13531684    0.20540273    0.26745555    0.44182205
    0.18346274   -0.28660125   -0.13531684    0.20540273    0.26745172    0.44183064
    0.18346083   -0.28660711   -0.13531684    0.20540273    0.26744894    0.44183968
    0.18345968   -0.28661317   -0.13531684    0.20540273    0.26744726    0.44184901
    0.18345929   -0.28661932   -0.13531684    0.20540273    0.26744670    0.44185849
    0.18345968   -0.28662547   -0.13531684    0.20540273    0.26744726    0.44186797
    0.18346083   -0.28663152   -0.13531684    0.20540273    0.26744894    0.44187731
    0.18346274   -0.28663738   -0.13531684    0.20540273    0.26745172    0.44188634
    0.18346536   -0.28664296   -0.13531684    0.20540273    0.26745555    0.44189494
    0.18346866   -0.28664816   -0.13531684    0.20540273    0.26746036    0.44190296
    0.18347259   -0.28665291   -0.13531684    0.20540273    0.26746609    0.44191028
    0.18347708   -0.28665713   -0.13531684    0.20540273    0.26747263    0.44191678
    0.18348207   -0.28666075   -0.13531684    0.20540273    0.26747990    0.44192237
    0.18348747   -0.28666372   -0.13531684    0.20540273    0.26748777    0.44192694
    0.18349320   -0.28666599   -0.13531684    0.20540273    0.26749613    0.44193044
    0.18349917   -0.28666752   -0.13531684    0.20540273    0.26750483    0.44193280
    0.18350528   -0.28666829   -0.13531684    0.20540273    0.26751374    0.44193399
    0.18351144   -0.28666829   -0.13531684    0.20540273    0.26752273    0.44193399
    0.18351756   -0.28666752   -0.13531684    0.20540273    0.26753164    0.44193280
    0.18352353   -0.28666599   -0.13531684    0.20540273    0.26754034    0.44193044
    0.18352926   -0.28666372   -0.13531684    0.20540273    0.26754869    0.44192694
    0.18353466   -0.28666075   -0.13531684    0.20540273    0.26755656    0.44192237
    0.18353964   -0.28665713   -0.13531684    0.20540273    0.26756383    0.44191678
    0.18354414   -0.28665291   -0.13531684    0.20540273    0.26757038    0.44191028
    0.18354806   -0.28664816   -0.13531684    0.20540273    0.26757611    0.44190296
    0.18355137   -0.28664296   -0.13531684    0.20540273    0.26758092    0.44189494
    0.18355399   -0.28663738   -0.13531684    0.20540273    0.26758475    0.44188634
    0.18355589   -0.28663152   -0.13531684    0.20540273    0.26758752    0.44187731
    0.18355705   -0.28662547   -0.13531684    0.20540273    0.26758921    0.44186797
    0.18356292   -0.28661932   -0.13531352    0.20539768    0.26759776    0.44185849
    0.18356249   -0.28661248   -0.13531352    0.20539768    0.26759713    0.44184795
    0.18356120   -0.28660575   -0.13531352    0.20539768    0.26759526    0.44183758
    0.18355909   -0.28659923   -0.13531352    0.20539768    0.26759218    0.44182753
    0.18355617   -0.28659304   -0.13531352    0.20539768    0.26758792    0.44181798
    0.18355250   -0.28658725   -0.13531352    0.20539768    0.26758257    0.44180906
    0.18354813   -0.28658197   -0.13531352    0.20539768    0.26757621    0.44180092
    0.18354314   -0.28657728   -0.13531352    0.20539768    0.26756893    0.44179369
    0.18353759   -0.28657326   -0.13531352    0.20539768    0.26756085    0.44178748
    0.18353159   -0.28656996   -0.13531352    0.20539768    0.26755209    0.44178240
    0.18352522   -0.28656743   -0.13531352    0.20539768    0.26754281    0.44177851
    0.18351859   -0.28656573   -0.13531352    0.20539768    0.26753314    0.44177588
    0.18351179   -0.28656487   -0.13531352    0.20539768    0.26752323    0.44177456
    0.18350494   -0.28656487   -0.13531352    0.20539768    0.26751324    0.44177456
    0.18349814   -0.28656573   -0.13531352    0.20539768    0.26750333    0.44177588
    0.18349151   -0.28656743   -0.13531352    0.20539768    0.26749366    0.44177851
    0.18348514   -0.28656996   -0.13531352    0.20539768    0.26748437    0.44178240
    0.18347913   -0.28657326   -0.13531352    0.20539768    0.26747562    0.44178748
    0.18347359   -0.28657728   -0.13531352    0.20539768    0.26746754    0.44179369
    0.18346860   -0.28658197   -0.13531352    0.20539768    0.26746026    0.44180092
    0.18346423   -0.28658725   -0.13531352    0.20539768    0.26745389    0.44180906
    0.18346056   -0.28659304   -0.13531352    0.20539768    0.26744854    0.44181798
    0.18345764   -0.28659923   -0.13531352    0.20539768    0.26744429    0.44182753
    0.18345552   -0.28660575   -0.13531352    0.20539768    0.26744120    0.44183758
    0.18345424   -0.28661248   -0.13531352    0.20539768    0.26743933    0.44184795
    0.18345381   -0.28661932   -0.13531352    0.20539768    0.26743871    0.44185849
    0.18345424   -0.28662615   -0.13531352    0.20539768    0.26743933    0.44186903
    0.18345552   -0.28663288   -0.13531352    0.20539768    0.26744120    0.44187941
    0.18345764   -0.28663940   -0.13531352    0.20539768    0.26744429    0.44188945
    0.18346056   -0.28664560   -0.13531352    0.20539768    0.26744854    0.44189901
    0.18346423   -0.28665138   -0.13531352    0.20539768    0.26745389    0.44190793
    0.18346860   -0.28665666   -0.13531352    0.20539768    0.26746026    0.44191606
    0.18347359   -0.28666135   -0.13531352    0.20539768    0.26746754    0.44192329
    0.18347913   -0.28666538   -0.13531352    0.20539768    0.26747562    0.44192950
    0.18348514   -0.28666868   -0.13531352    0.20539768    0.26748437    0.44193459
    0.18349151   -0.28667120   -0.13531352    0.20539768    0.26749366    0.44193848
    0.18349814   -0.28667290   -0.13531352    0.20539768    0.26750333    0.44194110
    0.18350494   -0.28667376   -0.13531352    0.20539768    0.26751324    0.44194243
    0.18351179   -0.28667376   -0.13531352    0.20539768    0.26752323    0.44194243
    0.18351859   -0.28667290   -0.13531352    0.20539768    0.26753314    0.44194110
    0.18352522   -0.28667120   -0.13531352    0.20539768    0.26754281    0.44193848
    0.18353159   -0.28666868   -0.13531352    0.20539768    0.26755209    0.44193459
    0.18353759   -0.28666538   -0.13531352    0.20539768    0.26756085    0.44192950
    0.18354314   -0.28666135   -0.13531352    0.20539768    0.26756893    0.44192329
    0.18354813   -0.28665666   -0.13531352    0.20539768    0.26757621    0.44191606
    0.18355250   -0.28665138   -0.13531352    0.20539768    0.26758257    0.44190793
    0.18355617   -0.28664560   -0.13531352    0.20539768    0.26758792    0.44189901
    0.18355909   -0.28663940   -0.13531352    0.20539768    0.26759218    0.44188945
    0.18356120   -0.28663288   -0.13531352    0.20539768    0.26759526    0.44187941
    0.18356249   -0.28662615   -0.13531352    0.20539768    0.26759713    0.44186903
    0.18356817   -0.28661932   -0.13530985    0.20539212    0.26760543    0.44185849
    0.18356770   -0.28661182   -0.13530985    0.20539212    0.26760474    0.44184694
    0.18356630   -0.28660444   -0.13530985    0.20539212    0.26760269    0.44183556
    0.18356397   -0.28659730   -0.13530985    0.20539212    0.26759930    0.44182455
    0.18356078   -0.28659050   -0.13530985    0.20539212    0.26759464    0.44181407
    0.18355675   -0.28658416   -0.13530985    0.20539212    0.26758877    0.44180430
    0.18355196   -0.28657837   -0.13530985    0.20539212    0.26758179    0.44179537
    0.18354649   -0.28657323   -0.13530985    0.20539212    0.26757381    0.44178745
    0.18354041   -0.28656882   -0.13530985    0.20539212    0.26756495    0.44178064
    0.18353383   -0.28656520   -0.13530985    0.20539212    0.26755536    0.44177506
    0.18352685   -0.28656243   -0.13530985    0.20539212    0.26754518    0.44177080
    0.18351957   -0.28656057   -0.13530985    0.20539212    0.26753457    0.44176792
    0.18351212   -0.28655962   -0.13530985    0.20539212    0.26752371    0.44176647
    0.18350461   -0.28655962   -0.13530985    0.20539212    0.26751276    0.44176647
    0.18349716   -0.28656057   -0.13530985    0.20539212    0.26750190    0.44176792
    0.18348988   -0.28656243   -0.13530985    0.20539212    0.26749129    0.44177080
    0.18348290   -0.28656520   -0.13530985    0.20539212    0.26748111    0.44177506
    0.18347632   -0.28656882   -0.13530985    0.20539212    0.26747151    0.44178064
    0.18347024   -0.28657323   -0.13530985    0.20539212    0.26746266    0.44178745
    0.18346476   -0.28657837   -0.13530985    0.20539212    0.26745467    0.44179537
    0.18345998   -0.28658416   -0.13530985    0.20539212    0.26744769    0.44180430
    0.18345595   -0.28659050   -0.13530985    0.20539212    0.26744183    0.44181407
    0.18345275   -0.28659730   -0.13530985    0.20539212    0.26743716    0.44182455
    0.18345043   -0.28660444   -0.13530985    0.20539212    0.26743378    0.44183556
    0.18344902   -0.28661182   -0.13530985    0.20539212    0.26743173    0.44184694
    0.18344855   -0.28661932   -0.13530985    0.20539212    0.26743104    0.44185849
    0.18344902   -0.28662681   -0.13530985    0.20539212    0.26743173    0.44187005
    0.18345043   -0.28663419   -0.13530985    0.20539212    0.26743378    0.44188142
    0.18345275   -0.28664133   -0.13530985    0.20539212    0.26743716    0.44189244
    0.18345595   -0.28664813   -0.13530985    0.20539212    0.26744183    0.44190291
    0.18345998   -0.28665447   -0.13530985    0.20539212    0.26744769    0.44191269
    0.18346476   -0.28666026   -0.13530985    0.20539212    0.26745467    0.44192161
    0.18347024   -0.28666540   -0.13530985    0.20539212    0.26746266    0.44192954
    0.18347632   -0.28666982   -0.13530985    0.20539212    0.26747151    0.44193635
    0.18348290   -0.28667344   -0.13530985    0.20539212    0.26748111    0.44194192
    0.18348988   -0.28667620   -0.13530985    0.20539212    0.26749129    0.44194619
    0.18349716   -0.28667807   -0.13530985    0.20539212    0.26750190    0.44194907
    0.18350461   -0.28667901   -0.13530985    0.20539212    0.26751276    0.44195052
    0.18351212   -0.28667901   -0.13530985    0.20539212    0.26752371    0.44195052
    0.18351957   -0.28667807   -0.13530985    0.20539212    0.26753457    0.44194907
    0.18352685   -0.28667620   -0.13530985    0.20539212    0.26754518    0.44194619
    0.18353383   -0.28667344   -0.13530985    0.20539212    0.26755536    0.44194192
    0.18354041   -0.28666982   -0.13530985    0.20539212    0.26756495    0.44193635
    0.18354649   -0.28666540   -0.13530985    0.20539212    0.26757381    0.44192954
    0.18355196   -0.28666026   -0.13530985    0.20539212    0.26758179    0.44192161
    0.18355675   -0.28665447   -0.13530985    0.20539212    0.26758877    0.44191269
    0.18356078   -0.28664813   -0.13530985    0.20539212    0.26759464    0.44190291
    0.18356397   -0.28664133   -0.13530985    0.20539212    0.26759930    0.44189244
    0.18356630   -0.28663419   -0.13530985    0.20539212    0.26760269    0.44188142
    0.18356770   -0.28662681   -0.13530985    0.20539212    0.26760474    0.44187005
    0.18357319   -0.28661932   -0.13530585    0.20538605    0.26761273    0.44185849
    0.18357268   -0.28661119   -0.13530585    0.20538605    0.26761199    0.44184597
    0.18357115   -0.28660320   -0.13530585    0.20538605    0.26760976    0.44183364
    0.18356863   -0.28659545   -0.13530585    0.20538605    0.26760610    0.44182171
    0.18356517   -0.28658809   -0.13530585    0.20538605    0.26760104    0.44181035
    0.18356081   -0.28658122   -0.13530585    0.20538605    0.26759468    0.44179975
    0.18355562   -0.28657494   -0.13530585    0.20538605    0.26758712    0.44179008
    0.18354968   -0.28656937   -0.13530585    0.20538605    0.26757847    0.44178149
    0.18354310   -0.28656459   -0.13530585    0.20538605    0.26756887    0.44177412
    0.18353596   -0.28656066   -0.13530585    0.20538605    0.26755847    0.44176807
    0.18352839   -0.28655767   -0.13530585    0.20538605    0.26754744    0.44176345
    0.18352051   -0.28655564   -0.13530585    0.20538605    0.26753594    0.44176033
    0.18351243   -0.28655462   -0.13530585    0.20538605    0.26752417    0.44175876
    0.18350429   -0.28655462   -0.13530585    0.20538605    0.26751230    0.44175876
    0.18349622   -0.28655564   -0.13530585    0.20538605    0.26750053    0.44176033
    0.18348833   -0.28655767   -0.13530585    0.20538605    0.26748903    0.44176345
    0.18348076   -0.28656066   -0.13530585    0.20538605    0.26747800    0.44176807
    0.18347363   -0.28656459   -0.13530585    0.20538605    0.26746760    0.44177412
    0.18346704   -0.28656937   -0.13530585    0.20538605    0.26745800    0.44178149
    0.18346111   -0.28657494   -0.13530585    0.20538605    0.26744935    0.44179008
    0.18345592   -0.28658122   -0.13530585    0.20538605    0.26744178    0.44179975
    0.18345156   -0.28658809   -0.13530585    0.20538605    0.26743542    0.44181035
    0.18344809   -0.28659545   -0.13530585    0.20538605    0.26743037    0.44182171
    0.18344558   -0.28660320   -0.13530585    0.20538605    0.26742670    0.44183364
    0.18344405   -0.28661119   -0.13530585    0.20538605    0.26742448    0.44184597
    0.18344354   -0.28661932   -0.13530585    0.20538605    0.26742373    0.44185849
    0.18344405   -0.28662744   -0.13530585    0.20538605    0.26742448    0.44187102
    0.18344558   -0.28663544   -0.13530585    0.20538605    0.26742670    0.44188335
    0.18344809   -0.28664318   -0.13530585    0.20538605    0.26743037    0.44189528
    0.18345156   -0.28665055   -0.13530585    0.20538605    0.26743542    0.44190664
    0.18345592   -0.28665742   -0.13530585    0.20538605    0.26744178    0.44191723
    0.18346111   -0.28666369   -0.13530585    0.20538605    0.26744935    0.44192690
    0.18346704   -0.28666926   -0.13530585    0.20538605    0.26745800    0.44193549
    0.18347363   -0.28667405   -0.13530585    0.20538605    0.26746760    0.44194287
    0.18348076   -0.28667797   -0.13530585    0.20538605    0.26747800    0.44194891
    0.18348833   -0.28668097   -0.13530585    0.20538605    0.26748903    0.44195353
    0.18349622   -0.28668299   -0.13530585    0.20538605    0.26750053    0.44195666
    0.18350429   -0.28668401   -0.13530585    0.20538605    0.26751230    0.44195823
    0.18351243   -0.28668401   -0.13530585    0.20538605    0.26752417    0.44195823
    0.18352051   -0.28668299   -0.13530585    0.20538605    0.26753594    0.44195666
    0.18352839   -0.28668097   -0.13530585    0.20538605    0.26754744    0.44195353
    0.18353596   -0.28667797   -0.13530585    0.20538605    0.26755847    0.44194891
    0.18354310   -0.28667405   -0.13530585    0.20538605    0.26756887    0.44194287
    0.18354968   -0.28666926   -0.13530585    0.20538605    0.26757847    0.44193549
    0.18355562   -0.28666369   -0.13530585    0.20538605    0.26758712    0.44192690
    0.18356081   -0.28665742   -0.13530585    0.20538605    0.26759468    0.44191723
    0.18356517   -0.28665055   -0.13530585    0.20538605    0.26760104    0.44190664
    0.18356863   -0.28664318   -0.13530585    0.20538605    0.26760610    0.44189528
    0.18357115   -0.28663544   -0.13530585    0.20538605    0.26760976    0.44188335
    0.18357268   -0.28662744   -0.13530585    0.20538605    0.26761199    0.44187102
    0.18357793   -0.28661932   -0.13530154    0.20537951    0.26761965    0.44185849
    0.18357738   -0.28661060   -0.13530154    0.20537951    0.26761885    0.44184505
    0.18357575   -0.28660202   -0.13530154    0.20537951    0.26761646    0.44183182
    0.18357305   -0.28659371   -0.13530154    0.20537951    0.26761253    0.44181901
    0.18356933   -0.28658580   -0.13530154    0.20537951    0.26760711    0.44180683
    0.18356465   -0.28657843   -0.13530154    0.20537951    0.26760028    0.44179545
    0.18355908   -0.28657169   -0.13530154    0.20537951    0.26759216    0.44178508
    0.18355271   -0.28656571   -0.13530154    0.20537951    0.26758288    0.44177586
    0.18354564   -0.28656058   -0.13530154    0.20537951    0.26757258    0.44176794
    0.18353798   -0.28655637   -0.13530154    0.20537951    0.26756141    0.44176145
    0.18352986   -0.28655315   -0.13530154    0.20537951    0.26754957    0.44175649
    0.18352140   -0.28655098   -0.13530154    0.20537951    0.26753724    0.44175314
    0.18351273   -0.28654989   -0.13530154    0.20537951    0.26752460    0.44175146
    0.18350400   -0.28654989   -0.13530154    0.20537951    0.26751187    0.44175146
    0.18349533   -0.28655098   -0.13530154    0.20537951    0.26749923    0.44175314
    0.18348687   -0.28655315   -0.13530154    0.20537951    0.26748689    0.44175649
    0.18347874   -0.28655637   -0.13530154    0.20537951    0.26747505    0.44176145
    0.18347109   -0.28656058   -0.13530154    0.20537951    0.26746389    0.44176794
    0.18346402   -0.28656571   -0.13530154    0.20537951    0.26745359    0.44177586
    0.18345765   -0.28657169   -0.13530154    0.20537951    0.26744430    0.44178508
    0.18345208   -0.28657843   -0.13530154    0.20537951    0.26743619    0.44179545
    0.18344740   -0.28658580   -0.13530154    0.20537951    0.26742936    0.44180683
    0.18344368   -0.28659371   -0.13530154    0.20537951    0.26742394    0.44181901
    0.18344098   -0.28660202   -0.13530154    0.20537951    0.26742000    0.44183182
    0.18343934   -0.28661060   -0.13530154    0.20537951    0.26741762    0.44184505
    0.18343880   -0.28661932   -0.13530154    0.20537951    0.26741682    0.44185849
    0.18343934   -0.28662804   -0.13530154    0.20537951    0.26741762    0.44187193
    0.18344098   -0.28663662   -0.13530154    0.20537951    0.26742000    0.44188516
    0.18344368   -0.28664493   -0.13530154    0.20537951    0.26742394    0.44189797
    0.18344740   -0.28665283   -0.13530154    0.20537951    0.26742936    0.44191016
    0.18345208   -0.28666021   -0.13530154    0.20537951    0.26743619    0.44192153
    0.18345765   -0.28666694   -0.13530154    0.20537951    0.26744430    0.44193191
    0.18346402   -0.28667292   -0.13530154    0.20537951    0.26745359    0.44194113
    0.18347109   -0.28667806   -0.13530154    0.20537951    0.26746389    0.44194905
    0.18347874   -0.28668226   -0.13530154    0.20537951    0.26747505    0.44195553
    0.18348687   -0.28668548   -0.13530154    0.20537951    0.26748689    0.44196049
    0.18349533   -0.28668765   -0.13530154    0.20537951    0.26749923    0.44196384
    0.18350400   -0.28668875   -0.13530154    0.20537951    0.26751187    0.44196553
    0.18351273   -0.28668875   -0.13530154    0.20537951    0.26752460    0.44196553
    0.18352140   -0.28668765   -0.13530154    0.20537951    0.26753724    0.44196384
    0.18352986   -0.28668548   -0.13530154    0.20537951    0.26754957    0.44196049
    0.18353798   -0.28668226   -0.13530154    0.20537951    0.26756141    0.44195553
    0.18354564   -0.28667806   -0.13530154    0.20537951    0.26757258    0.44194905
    0.18355271   -0.28667292   -0.13530154    0.20537951    0.26758288    0.44194113
    0.18355908   -0.28666694   -0.13530154    0.20537951    0.26759216    0.44193191
    0.18356465   -0.28666021   -0.13530154    0.20537951    0.26760028    0.44192153
    0.18356933   -0.28665283   -0.13530154    0.20537951    0.26760711    0.44191016
    0.18357305   -0.28664493   -0.13530154    0.20537951    0.26761253    0.44189797
    0.18357575   -0.28663662   -0.13530154    0.20537951    0.26761646    0.44188516
    0.18357738   -0.28662804   -0.13530154    0.20537951    0.26761885    0.44187193
    0.18358239   -0.28661932   -0.13529694    0.20537252    0.26762615    0.44185849
    0.18358181   -0.28661004   -0.13529694    0.20537252    0.26762530    0.44184419
    0.18358007   -0.28660091   -0.13529694    0.20537252    0.26762276    0.44183011
    0.18357719   -0.28659207   -0.13529694    0.20537252    0.26761857    0.44181648
    0.18357323   -0.28658365   -0.13529694    0.20537252    0.26761280    0.44180351
    0.18356825   -0.28657580   -0.13529694    0.20537252    0.26760554    0.44179141
    0.18356233   -0.28656864   -0.13529694    0.20537252    0.26759690    0.44178037
    0.18355555   -0.28656228   -0.13529694    0.20537252    0.26758702    0.44177056
    0.18354803   -0.28655681   -0.13529694    0.20537252    0.26757606    0.44176214
    0.18353988   -0.28655233   -0.13529694    0.20537252    0.26756418    0.44175523
    0.18353124   -0.28654891   -0.13529694    0.20537252    0.26755158    0.44174996
    0.18352223   -0.28654660   -0.13529694    0.20537252    0.26753846    0.44174639
    0.18351301   -0.28654544   -0.13529694    0.20537252    0.26752501    0.44174460
    0.18350372   -0.28654544   -0.13529694    0.20537252    0.26751146    0.44174460
    0.18349449   -0.28654660   -0.13529694    0.20537252    0.26749801    0.44174639
    0.18348549   -0.28654891   -0.13529694    0.20537252    0.26748489    0.44174996
    0.18347684   -0.28655233   -0.13529694    0.20537252    0.26747228    0.44175523
    0.18346870   -0.28655681   -0.13529694    0.20537252    0.26746041    0.44176214
    0.18346118   -0.28656228   -0.13529694    0.20537252    0.26744944    0.44177056
    0.18345440   -0.28656864   -0.13529694    0.20537252    0.26743957    0.44178037
    0.18344847   -0.28657580   -0.13529694    0.20537252    0.26743093    0.44179141
    0.18344349   -0.28658365   -0.13529694    0.20537252    0.26742366    0.44180351
    0.18343953   -0.28659207   -0.13529694    0.20537252    0.26741789    0.44181648
    0.18343666   -0.28660091   -0.13529694    0.20537252    0.26741371    0.44183011
    0.18343492   -0.28661004   -0.13529694    0.20537252    0.26741117    0.44184419
    0.18343434   -0.28661932   -0.13529694    0.20537252    0.26741032    0.44185849
    0.18343492   -0.28662860   -0.13529694    0.20537252    0.26741117    0.44187280
    0.18343666   -0.28663773   -0.13529694    0.20537252    0.26741371    0.44188687
    0.18343953   -0.28664657   -0.13529694    0.20537252    0.26741789    0.44190050
    0.18344349   -0.28665498   -0.13529694    0.20537252    0.26742366    0.44191347
    0.18344847   -0.28666283   -0.13529694    0.20537252    0.26743093    0.44192557
    0.18345440   -0.28666999   -0.13529694    0.20537252    0.26743957    0.44193662
    0.18346118   -0.28667636   -0.13529694    0.20537252    0.26744944    0.44194643
    0.18346870   -0.28668182   -0.13529694    0.20537252    0.26746041    0.44195485
    0.18347684   -0.28668630   -0.13529694    0.20537252    0.26747228    0.44196175
    0.18348549   -0.28668972   -0.13529694    0.20537252    0.26748489    0.44196703
    0.18349449   -0.28669203   -0.13529694    0.20537252    0.26749801    0.44197059
    0.18350372   -0.28669320   -0.13529694    0.20537252    0.26751146    0.44197239
    0.18351301   -0.28669320   -0.13529694    0.20537252    0.26752501    0.44197239
    0.18352223   -0.28669203   -0.13529694    0.20537252    0.26753846    0.44197059
    0.18353124   -0.28668972   -0.13529694    0.20537252    0.26755158    0.44196703
    0.18353988   -0.28668630   -0.13529694    0.20537252    0.26756418    0.44196175
    0.18354803   -0.28668182   -0.13529694    0.20537252    0.26757606    0.44195485
    0.18355555   -0.28667636   -0.13529694    0.20537252    0.26758702    0.44194643
    0.18356233   -0.28666999   -0.13529694    0.20537252    0.26759690    0.44193662
    0.18356825   -0.28666283   -0.13529694    0.20537252    0.26760554    0.44192557
    0.18357323   -0.28665498   -0.13529694    0.20537252    0.26761280    0.44191347
    0.18357719   -0.28664657   -0.13529694    0.20537252    0.26761857    0.44190050
    0.18358007   -0.28663773   -0.13529694    0.20537252    0.26762276    0.44188687
    0.18358181   -0.28662860   -0.13529694    0.20537252    0.26762530    0.44187280
    0.18358655   -0.28661932   -0.13529206    0.20536511    0.26763221    0.44185849
    0.18358593   -0.28660952   -0.13529206    0.20536511    0.26763131    0.44184339
    0.18358409   -0.28659987   -0.13529206    0.20536511    0.26762863    0.44182852
    0.18358106   -0.28659054   -0.13529206    0.20536511    0.26762421    0.44181412
    0.18357688   -0.28658165   -0.13529206    0.20536511    0.26761811    0.44180043
    0.18357162   -0.28657336   -0.13529206    0.20536511    0.26761044    0.44178765
    0.18356536   -0.28656580   -0.13529206    0.20536511    0.26760132    0.44177599
    0.18355820   -0.28655908   -0.13529206    0.20536511    0.26759088    0.44176562
    0.18355026   -0.28655330   -0.13529206    0.20536511    0.26757930    0.44175673
    0.18354165   -0.28654857   -0.13529206    0.20536511    0.26756676    0.44174944
    0.18353252   -0.28654496   -0.13529206    0.20536511    0.26755345    0.44174386
    0.18352301   -0.28654252   -0.13529206    0.20536511    0.26753959    0.44174010
    0.18351327   -0.28654129   -0.13529206    0.20536511    0.26752539    0.44173820
    0.18350345   -0.28654129   -0.13529206    0.20536511    0.26751108    0.44173820
    0.18349371   -0.28654252   -0.13529206    0.20536511    0.26749688    0.44174010
    0.18348420   -0.28654496   -0.13529206    0.20536511    0.26748301    0.44174386
    0.18347507   -0.28654857   -0.13529206    0.20536511    0.26746971    0.44174944
    0.18346647   -0.28655330   -0.13529206    0.20536511    0.26745716    0.44175673
    0.18345853   -0.28655908   -0.13529206    0.20536511    0.26744558    0.44176562
    0.18345137   -0.28656580   -0.13529206    0.20536511    0.26743515    0.44177599
    0.18344511   -0.28657336   -0.13529206    0.20536511    0.26742603    0.44178765
    0.18343985   -0.28658165   -0.13529206    0.20536511    0.26741836    0.44180043
    0.18343567   -0.28659054   -0.13529206    0.20536511    0.26741226    0.44181412
    0.18343264   -0.28659987   -0.13529206    0.20536511    0.26740784    0.44182852
    0.18343080   -0.28660952   -0.13529206    0.20536511    0.26740516    0.44184339
    0.18343018   -0.28661932   -0.13529206    0.20536511    0.26740426    0.44185849
    0.18343080   -0.28662912   -0.13529206    0.20536511    0.26740516    0.44187360
    0.18343264   -0.28663876   -0.13529206    0.20536511    0.26740784    0.44188847
    0.18343567   -0.28664810   -0.13529206    0.20536511    0.26741226    0.44190286
    0.18343985   -0.28665698   -0.13529206    0.20536511    0.26741836    0.44191656
    0.18344511   -0.28666527   -0.13529206    0.20536511    0.26742603    0.44192934
    0.18345137   -0.28667284   -0.13529206    0.20536511    0.26743515    0.44194100
    0.18345853   -0.28667956   -0.13529206    0.20536511    0.26744558    0.44195136
    0.18346647   -0.28668533   -0.13529206    0.20536511    0.26745716    0.44196026
    0.18347507   -0.28669006   -0.13529206    0.20536511    0.26746971    0.44196755
    0.18348420   -0.28669367   -0.13529206    0.20536511    0.26748301    0.44197312
    0.18349371   -0.28669612   -0.13529206    0.20536511    0.26749688    0.44197689
    0.18350345   -0.28669735   -0.13529206    0.20536511    0.26751108    0.44197878
    0.18351327   -0.28669735   -0.13529206    0.20536511    0.26752539    0.44197878
    0.18352301   -0.28669612   -0.13529206    0.20536511    0.26753959    0.44197689
    0.18353252   -0.28669367   -0.13529206    0.20536511    0.26755345    0.44197312
    0.18354165   -0.28669006   -0.13529206    0.20536511    0.26756676    0.44196755
    0.18355026   -0.28668533   -0.13529206    0.20536511    0.26757930    0.44196026
    0.18355820   -0.28667956   -0.13529206    0.20536511    0.26759088    0.44195136
    0.18356536   -0.28667284   -0.13529206    0.20536511    0.26760132    0.44194100
    0.18357162   -0.28666527   -0.13529206    0.20536511    0.26761044    0.44192934
    0.18357688   -0.28665698   -0.13529206    0.20536511    0.26761811    0.44191656
    0.18358106   -0.28664810   -0.13529206    0.20536511    0.26762421    0.44190286
    0.18358409   -0.28663876   -0.13529206    0.20536511    0.26762863    0.44188847
    0.18358593   -0.28662912   -0.13529206    0.20536511    0.26763131    0.44187360
    0.18359038   -0.28661932   -0.13528692    0.20535731    0.26763780    0.44185849
    0.18358973   -0.28660904   -0.13528692    0.20535731    0.26763686    0.44184265
    0.18358780   -0.28659892   -0.13528692    0.20535731    0.26763404    0.44182705
    0.18358462   -0.28658912   -0.13528692    0.20535731    0.26762940    0.44181195
    0.18358024   -0.28657980   -0.13528692    0.20535731    0.26762301    0.44179758
    0.18357472   -0.28657111   -0.13528692    0.20535731    0.26761496    0.44178417
    0.18356815   -0.28656317   -0.13528692    0.20535731    0.26760539    0.44177194
    0.18356064   -0.28655612   -0.13528692    0.20535731    0.26759445    0.44176107
    0.18355231   -0.28655007   -0.13528692    0.20535731    0.26758230    0.44175174
    0.18354328   -0.28654511   -0.13528692    0.20535731    0.26756914    0.44174409
    0.18353371   -0.28654131   -0.13528692    0.20535731    0.26755518    0.44173824
    0.18352373   -0.28653875   -0.13528692    0.20535731    0.26754064    0.44173429
    0.18351351   -0.28653746   -0.13528692    0.20535731    0.26752574    0.44173230
    0.18350321   -0.28653746   -0.13528692    0.20535731    0.26751073    0.44173230
    0.18349300   -0.28653875   -0.13528692    0.20535731    0.26749583    0.44173429
    0.18348302   -0.28654131   -0.13528692    0.20535731    0.26748129    0.44173824
    0.18347344   -0.28654511   -0.13528692    0.20535731    0.26746733    0.44174409
    0.18346442   -0.28655007   -0.13528692    0.20535731    0.26745417    0.44175174
    0.18345608   -0.28655612   -0.13528692    0.20535731    0.26744202    0.44176107
    0.18344858   -0.28656317   -0.13528692    0.20535731    0.26743107    0.44177194
    0.18344201   -0.28657111   -0.13528692    0.20535731    0.26742150    0.44178417
    0.18343649   -0.28657980   -0.13528692    0.20535731    0.26741346    0.44179758
    0.18343211   -0.28658912   -0.13528692    0.20535731    0.26740707    0.44181195
    0.18342892   -0.28659892   -0.13528692    0.20535731    0.26740243    0.44182705
    0.18342699   -0.28660904   -0.13528692    0.20535731    0.26739961    0.44184265
    0.18342635   -0.28661932   -0.13528692    0.20535731    0.26739867    0.44185849
    0.18342699   -0.28662960   -0.13528692    0.20535731    0.26739961    0.44187434
    0.18342892   -0.28663971   -0.13528692    0.20535731    0.26740243    0.44188994
    0.18343211   -0.28664951   -0.13528692    0.20535731    0.26740707    0.44190504
    0.18343649   -0.28665883   -0.13528692    0.20535731    0.26741346    0.44191941
    0.18344201   -0.28666753   -0.13528692    0.20535731    0.26742150    0.44193281
    0.18344858   -0.28667546   -0.13528692    0.20535731    0.26743107    0.44194505
    0.18345608   -0.28668251   -0.13528692    0.20535731    0.26744202    0.44195592
    0.18346442   -0.28668857   -0.13528692    0.20535731    0.26745417    0.44196525
    0.18347344   -0.28669353   -0.13528692    0.20535731    0.26746733    0.44197290
    0.18348302   -0.28669732   -0.13528692    0.20535731    0.26748129    0.44197874
    0.18349300   -0.28669988   -0.13528692    0.20535731    0.26749583    0.44198269
    0.18350321   -0.28670117   -0.13528692    0.20535731    0.26751073    0.44198468
    0.18351351   -0.28670117   -0.13528692    0.20535731    0.26752574    0.44198468
    0.18352373   -0.28669988   -0.13528692    0.20535731    0.26754064    0.44198269
    0.18353371   -0.28669732   -0.13528692    0.20535731    0.26755518    0.44197874
    0.18354328   -0.28669353   -0.13528692    0.20535731    0.26756914    0.44197290
    0.18355231   -0.28668857   -0.13528692    0.20535731    0.26758230    0.44196525
    0.18356064   -0.28668251   -0.13528692    0.20535731    0.26759445    0.44195592
    0.18356815   -0.28667546   -0.13528692    0.20535731    0.26760539    0.44194505
    0.18357472   -0.28666753   -0.13528692    0.20535731    0.26761496    0.44193281
    0.18358024   -0.28665883   -0.13528692    0.20535731    0.26762301    0.44191941
    0.18358462   -0.28664951   -0.13528692    0.20535731    0.26762940    0.44190504
    0.18358780   -0.28663971   -0.13528692    0.20535731    0.26763404    0.44188994
    0.18358973   -0.28662960   -0.13528692    0.20535731    0.26763686    0.44187434
    0.18359388   -0.28661932   -0.13528155    0.20534915    0.26764290    0.44185849
    0.18359320   -0.28660860   -0.13528155    0.20534915    0.26764191    0.44184197
    0.18359119   -0.28659805   -0.13528155    0.20534915    0.26763898    0.44182571
    0.18358787   -0.28658784   -0.13528155    0.20534915    0.26763414    0.44180996
    0.18358330   -0.28657812   -0.13528155    0.20534915    0.26762748    0.44179498
    0.18357755   -0.28656905   -0.13528155    0.20534915    0.26761909    0.44178100
    0.18357070   -0.28656078   -0.13528155    0.20534915    0.26760911    0.44176825
    0.18356287   -0.28655343   -0.13528155    0.20534915    0.26759770    0.44175692
    0.18355418   -0.28654711   -0.13528155    0.20534915    0.26758503    0.44174718
    0.18354477   -0.28654194   -0.13528155    0.20534915    0.26757131    0.44173921
    0.18353479   -0.28653799   -0.13528155    0.20534915    0.26755676    0.44173311
    0.18352439   -0.28653532   -0.13528155    0.20534915    0.26754159    0.44172900
    0.18351373   -0.28653397   -0.13528155    0.20534915    0.26752606    0.44172692
    0.18350299   -0.28653397   -0.13528155    0.20534915    0.26751041    0.44172692
    0.18349234   -0.28653532   -0.13528155    0.20534915    0.26749487    0.44172900
    0.18348194   -0.28653799   -0.13528155    0.20534915    0.26747971    0.44173311
    0.18347195   -0.28654194   -0.13528155    0.20534915    0.26746515    0.44173921
    0.18346254   -0.28654711   -0.13528155    0.20534915    0.26745144    0.44174718
    0.18345385   -0.28655343   -0.13528155    0.20534915    0.26743877    0.44175692
    0.18344603   -0.28656078   -0.13528155    0.20534915    0.26742736    0.44176825
    0.18343918   -0.28656905   -0.13528155    0.20534915    0.26741738    0.44178100
    0.18343343   -0.28657812   -0.13528155    0.20534915    0.26740899    0.44179498
    0.18342885   -0.28658784   -0.13528155    0.20534915    0.26740233    0.44180996
    0.18342554   -0.28659805   -0.13528155    0.20534915    0.26739749    0.44182571
    0.18342352   -0.28660860   -0.13528155    0.20534915    0.26739455    0.44184197
    0.18342285   -0.28661932   -0.13528155    0.20534915    0.26739357    0.44185849
    0.18342352   -0.28663003   -0.13528155    0.20534915    0.26739455    0.44187502
    0.18342554   -0.28664058   -0.13528155    0.20534915    0.26739749    0.44189128
    0.18342885   -0.28665080   -0.13528155    0.20534915    0.26740233    0.44190702
    0.18343343   -0.28666051   -0.13528155    0.20534915    0.26740899    0.44192200
    0.18343918   -0.28666958   -0.13528155    0.20534915    0.26741738    0.44193598
    0.18344603   -0.28667786   -0.13528155    0.20534915    0.26742736    0.44194874
    0.18345385   -0.28668521   -0.13528155    0.20534915    0.26743877    0.44196007
    0.18346254   -0.28669152   -0.13528155    0.20534915    0.26745144    0.44196980
    0.18347195   -0.28669669   -0.13528155    0.20534915    0.26746515    0.44197778
    0.18348194   -0.28670065   -0.13528155    0.20534915    0.26747971    0.44198387
    0.18349234   -0.28670332   -0.13528155    0.20534915    0.26749487    0.44198799
    0.18350299   -0.28670466   -0.13528155    0.20534915    0.26751041    0.44199006
    0.18351373   -0.28670466   -0.13528155    0.20534915    0.26752606    0.44199006
    0.18352439   -0.28670332   -0.13528155    0.20534915    0.26754159    0.44198799
    0.18353479   -0.28670065   -0.13528155    0.20534915    0.26755676    0.44198387
    0.18354477   -0.28669669   -0.13528155    0.20534915    0.26757131    0.44197778
    0.18355418   -0.28669152   -0.13528155    0.20534915    0.26758503    0.44196980
    0.18356287   -0.28668521   -0.13528155    0.20534915    0.26759770    0.44196007
    0.18357070   -0.28667786   -0.13528155    0.20534915    0.26760911    0.44194874
    0.18357755   -0.28666958   -0.13528155    0.20534915    0.26761909    0.44193598
    0.18358330   -0.28666051   -0.13528155    0.20534915    0.26762748    0.44192200
    0.18358787   -0.28665080   -0.13528155    0.20534915    0.26763414    0.44190702
    0.18359119   -0.28664058   -0.13528155    0.20534915    0.26763898    0.44189128
    0.18359320   -0.28663003   -0.13528155    0.20534915    0.26764191    0.44187502
    0.18359702   -0.28661932   -0.13527596    0.20534068    0.26764748    0.44185849
    0.18359632   -0.28660820   -0.13527596    0.20534068    0.26764646    0.44184136
    0.18359424   -0.28659727   -0.13527596    0.20534068    0.26764342    0.44182450
    0.18359080   -0.28658668   -0.13527596    0.20534068    0.26763841    0.44180818
    0.18358606   -0.28657660   -0.13527596    0.20534068    0.26763149    0.44179265
    0.18358009   -0.28656720   -0.13527596    0.20534068    0.26762280    0.44177815
    0.18357299   -0.28655863   -0.13527596    0.20534068    0.26761245    0.44176493
    0.18356488   -0.28655100   -0.13527596    0.20534068    0.26760062    0.44175318
    0.18355587   -0.28654446   -0.13527596    0.20534068    0.26758749    0.44174309
    0.18354611   -0.28653910   -0.13527596    0.20534068    0.26757326    0.44173482
    0.18353576   -0.28653500   -0.13527596    0.20534068    0.26755817    0.44172850
    0.18352498   -0.28653223   -0.13527596    0.20534068    0.26754245    0.44172423
    0.18351393   -0.28653083   -0.13527596    0.20534068    0.26752635    0.44172208
    0.18350280   -0.28653083   -0.13527596    0.20534068    0.26751012    0.44172208
    0.18349175   -0.28653223   -0.13527596    0.20534068    0.26749401    0.44172423
    0.18348097   -0.28653500   -0.13527596    0.20534068    0.26747829    0.44172850
    0.18347061   -0.28653910   -0.13527596    0.20534068    0.26746320    0.44173482
    0.18346086   -0.28654446   -0.13527596    0.20534068    0.26744898    0.44174309
    0.18345185   -0.28655100   -0.13527596    0.20534068    0.26743585    0.44175318
    0.18344373   -0.28655863   -0.13527596    0.20534068    0.26742402    0.44176493
    0.18343664   -0.28656720   -0.13527596    0.20534068    0.26741367    0.44177815
    0.18343067   -0.28657660   -0.13527596    0.20534068    0.26740497    0.44179265
    0.18342593   -0.28658668   -0.13527596    0.20534068    0.26739806    0.44180818
    0.18342249   -0.28659727   -0.13527596    0.20534068    0.26739305    0.44182450
    0.18342040   -0.28660820   -0.13527596    0.20534068    0.26739000    0.44184136
    0.18341970   -0.28661932   -0.13527596    0.20534068    0.26738899    0.44185849
    0.18342040   -0.28663043   -0.13527596    0.20534068    0.26739000    0.44187562
    0.18342249   -0.28664137   -0.13527596    0.20534068    0.26739305    0.44189248
    0.18342593   -0.28665195   -0.13527596    0.20534068    0.26739806    0.44190881
    0.18343067   -0.28666203   -0.13527596    0.20534068    0.26740497    0.44192434
    0.18343664   -0.28667143   -0.13527596    0.20534068    0.26741367    0.44193883
    0.18344373   -0.28668001   -0.13527596    0.20534068    0.26742402    0.44195206
    0.18345185   -0.28668763   -0.13527596    0.20534068    0.26743585    0.44196381
    0.18346086   -0.28669417   -0.13527596    0.20534068    0.26744898    0.44197390
    0.18347061   -0.28669954   -0.13527596    0.20534068    0.26746320    0.44198216
    0.18348097   -0.28670364   -0.13527596    0.20534068    0.26747829    0.44198848
    0.18349175   -0.28670641   -0.13527596    0.20534068    0.26749401    0.44199275
    0.18350280   -0.28670780   -0.13527596    0.20534068    0.26751012    0.44199490
    0.18351393   -0.28670780   -0.13527596    0.20534068    0.26752635    0.44199490
    0.18352498   -0.28670641   -0.13527596    0.20534068    0.26754245    0.44199275
    0.18353576   -0.28670364   -0.13527596    0.20534068    0.26755817    0.44198848
    0.18354611   -0.28669954   -0.13527596    0.20534068    0.26757326    0.44198216
    0.18355587   -0.28669417   -0.13527596    0.20534068    0.26758749    0.44197390
    0.18356488   -0.28668763   -0.13527596    0.20534068    0.26760062    0.44196381
    0.18357299   -0.28668001   -0.13527596    0.20534068    0.26761245    0.44195206
    0.18358009   -0.28667143   -0.13527596    0.20534068    0.26762280    0.44193883
    0.18358606   -0.28666203   -0.13527596    0.20534068    0.26763149    0.44192434
    0.18359080   -0.28665195   -0.13527596    0.20534068    0.26763841    0.44190881
    0.18359424   -0.28664137   -0.13527596    0.20534068    0.26764342    0.44189248
    0.18359632   -0.28663043   -0.13527596    0.20534068    0.26764646    0.44187562
    0.18359980   -0.28661932   -0.13527019    0.20533191    0.26765154    0.44185849
    0.18359908   -0.28660786   -0.13527019    0.20533191    0.26765049    0.44184083
    0.18359693   -0.28659658   -0.13527019    0.20533191    0.26764735    0.44182344
    0.18359338   -0.28658566   -0.13527019    0.20533191    0.26764218    0.44180660
    0.18358849   -0.28657526   -0.13527019    0.20533191    0.26763505    0.44179058
    0.18358234   -0.28656557   -0.13527019    0.20533191    0.26762608    0.44177563
    0.18357502   -0.28655672   -0.13527019    0.20533191    0.26761541    0.44176199
    0.18356665   -0.28654886   -0.13527019    0.20533191    0.26760320    0.44174988
    0.18355736   -0.28654211   -0.13527019    0.20533191    0.26758966    0.44173947
    0.18354730   -0.28653658   -0.13527019    0.20533191    0.26757499    0.44173094
    0.18353662   -0.28653235   -0.13527019    0.20533191    0.26755943    0.44172442
    0.18352550   -0.28652950   -0.13527019    0.20533191    0.26754321    0.44172002
    0.18351411   -0.28652806   -0.13527019    0.20533191    0.26752660    0.44171780
    0.18350262   -0.28652806   -0.13527019    0.20533191    0.26750986    0.44171780
    0.18349123   -0.28652950   -0.13527019    0.20533191    0.26749326    0.44172002
    0.18348011   -0.28653235   -0.13527019    0.20533191    0.26747704    0.44172442
    0.18346943   -0.28653658   -0.13527019    0.20533191    0.26746148    0.44173094
    0.18345937   -0.28654211   -0.13527019    0.20533191    0.26744681    0.44173947
    0.18345008   -0.28654886   -0.13527019    0.20533191    0.26743326    0.44174988
    0.18344171   -0.28655672   -0.13527019    0.20533191    0.26742106    0.44176199
    0.18343439   -0.28656557   -0.13527019    0.20533191    0.26741039    0.44177563
    0.18342823   -0.28657526   -0.13527019    0.20533191    0.26740142    0.44179058
    0.18342334   -0.28658566   -0.13527019    0.20533191    0.26739429    0.44180660
    0.18341980   -0.28659658   -0.13527019    0.20533191    0.26738912    0.44182344
    0.18341764   -0.28660786   -0.13527019    0.20533191    0.26738598    0.44184083
    0.18341692   -0.28661932   -0.13527019    0.20533191    0.26738493    0.44185849
    0.18341764   -0.28663078   -0.13527019    0.20533191    0.26738598    0.44187616
    0.18341980   -0.28664206   -0.13527019    0.20533191    0.26738912    0.44189355
    0.18342334   -0.28665298   -0.13527019    0.20533191    0.26739429    0.44191039
    0.18342823   -0.28666337   -0.13527019    0.20533191    0.26740142    0.44192640
    0.18343439   -0.28667306   -0.13527019    0.20533191    0.26741039    0.44194135
    0.18344171   -0.28668191   -0.13527019    0.20533191    0.26742106    0.44195499
    0.18345008   -0.28668977   -0.13527019    0.20533191    0.26743326    0.44196711
    0.18345937   -0.28669652   -0.13527019    0.20533191    0.26744681    0.44197752
    0.18346943   -0.28670206   -0.13527019    0.20533191    0.26746148    0.44198604
    0.18348011   -0.28670628   -0.13527019    0.20533191    0.26747704    0.44199256
    0.18349123   -0.28670914   -0.13527019    0.20533191    0.26749326    0.44199696
    0.18350262   -0.28671058   -0.13527019    0.20533191    0.26750986    0.44199918
    0.18351411   -0.28671058   -0.13527019    0.20533191    0.26752660    0.44199918
    0.18352550   -0.28670914   -0.13527019    0.20533191    0.26754321    0.44199696
    0.18353662   -0.28670628   -0.13527019    0.20533191    0.26755943    0.44199256
    0.18354730   -0.28670206   -0.13527019    0.20533191    0.26757499    0.44198604
    0.18355736   -0.28669652   -0.13527019    0.20533191    0.26758966    0.44197752
    0.18356665   -0.28668977   -0.13527019    0.20533191    0.26760320    0.44196711
    0.18357502   -0.28668191   -0.13527019    0.20533191    0.26761541    0.44195499
    0.18358234   -0.28667306   -0.13527019    0.20533191    0.26762608    0.44194135
    0.18358849   -0.28666337   -0.13527019    0.20533191    0.26763505    0.44192640
    0.18359338   -0.28665298   -0.13527019    0.20533191    0.26764218    0.44191039
    0.18359693   -0.28664206   -0.13527019    0.20533191    0.26764735    0.44189355
    0.18359908   -0.28663078   -0.13527019    0.20533191    0.26765049    0.44187616
    0.18360221   -0.28661932   -0.13526424    0.20532289    0.26765504    0.44185849
    0.18360147   -0.28660755   -0.13526424    0.20532289    0.26765396    0.44184036
    0.18359926   -0.28659598   -0.13526424    0.20532289    0.26765075    0.44182251
    0.18359562   -0.28658477   -0.13526424    0.20532289    0.26764544    0.44180523
    0.18359060   -0.28657411   -0.13526424    0.20532289    0.26763812    0.44178879
    0.18358429   -0.28656416   -0.13526424    0.20532289    0.26762892    0.44177345
    0.18357677   -0.28655507   -0.13526424    0.20532289    0.26761796    0.44175946
    0.18356818   -0.28654701   -0.13526424    0.20532289    0.26760544    0.44174702
    0.18355865   -0.28654008   -0.13526424    0.20532289    0.26759154    0.44173634
    0.18354832   -0.28653440   -0.13526424    0.20532289    0.26757648    0.44172759
    0.18353736   -0.28653006   -0.13526424    0.20532289    0.26756051    0.44172090
    0.18352595   -0.28652713   -0.13526424    0.20532289    0.26754387    0.44171638
    0.18351426   -0.28652566   -0.13526424    0.20532289    0.26752682    0.44171410
    0.18350247   -0.28652566   -0.13526424    0.20532289    0.26750964    0.44171410
    0.18349078   -0.28652713   -0.13526424    0.20532289    0.26749260    0.44171638
    0.18347936   -0.28653006   -0.13526424    0.20532289    0.26747596    0.44172090
    0.18346841   -0.28653440   -0.13526424    0.20532289    0.26745998    0.44172759
    0.18345808   -0.28654008   -0.13526424    0.20532289    0.26744493    0.44173634
    0.18344854   -0.28654701   -0.13526424    0.20532289    0.26743103    0.44174702
    0.18343995   -0.28655507   -0.13526424    0.20532289    0.26741850    0.44175946
    0.18343244   -0.28656416   -0.13526424    0.20532289    0.26740755    0.44177345
    0.18342612   -0.28657411   -0.13526424    0.20532289    0.26739835    0.44178879
    0.18342111   -0.28658477   -0.13526424    0.20532289    0.26739103    0.44180523
    0.18341747   -0.28659598   -0.13526424    0.20532289    0.26738572    0.44182251
    0.18341526   -0.28660755   -0.13526424    0.20532289    0.26738250    0.44184036
    0.18341452   -0.28661932   -0.13526424    0.20532289    0.26738142    0.44185849
    0.18341526   -0.28663108   -0.13526424    0.20532289    0.26738250    0.44187663
    0.18341747   -0.28664266   -0.13526424    0.20532289    0.26738572    0.44189447
    0.18342111   -0.28665386   -0.13526424    0.20532289    0.26739103    0.44191175
    0.18342612   -0.28666453   -0.13526424    0.20532289    0.26739835    0.44192819
    0.18343244   -0.28667448   -0.13526424    0.20532289    0.26740755    0.44194353
    0.18343995   -0.28668356   -0.13526424    0.20532289    0.26741850    0.44195753
    0.18344854   -0.28669163   -0.13526424    0.20532289    0.26743103    0.44196997
    0.18345808   -0.28669855   -0.13526424    0.20532289    0.26744493    0.44198065
    0.18346841   -0.28670423   -0.13526424    0.20532289    0.26745998    0.44198940
    0.18347936   -0.28670857   -0.13526424    0.20532289    0.26747596    0.44199609
    0.18349078   -0.28671150   -0.13526424    0.20532289    0.26749260    0.44200061
    0.18350247   -0.28671298   -0.13526424    0.20532289    0.26750964    0.44200288
    0.18351426   -0.28671298   -0.13526424    0.20532289    0.26752682    0.44200288
    0.18352595   -0.28671150   -0.13526424    0.20532289    0.26754387    0.44200061
    0.18353736   -0.28670857   -0.13526424    0.20532289    0.26756051    0.44199609
    0.18354832   -0.28670423   -0.13526424    0.20532289    0.26757648    0.44198940
    0.18355865   -0.28669855   -0.13526424    0.20532289    0.26759154    0.44198065
    0.18356818   -0.28669163   -0.13526424    0.20532289    0.26760544    0.44196997
    0.18357677   -0.28668356   -0.13526424    0.20532289    0.26761796    0.44195753
    0.18358429   -0.28667448   -0.13526424    0.20532289    0.26762892    0.44194353
    0.18359060   -0.28666453   -0.13526424    0.20532289    0.26763812    0.44192819
    0.18359562   -0.28665386   -0.13526424    0.20532289    0.26764544    0.44191175
    0.18359926   -0.28664266   -0.13526424    0.20532289    0.26765075    0.44189447
    0.18360147   -0.28663108   -0.13526424    0.20532289    0.26765396    0.44187663
    0.18360423   -0.28661932   -0.13525816    0.20531366    0.26765799    0.44185849
    0.18360347   -0.28660730   -0.13525816    0.20531366    0.26765689    0.44183997
    0.18360122   -0.28659548   -0.13525816    0.20531366    0.26765360    0.44182174
    0.18359750   -0.28658403   -0.13525816    0.20531366    0.26764817    0.44180409
    0.18359237   -0.28657313   -0.13525816    0.20531366    0.26764070    0.44178729
    0.18358592   -0.28656297   -0.13525816    0.20531366    0.26763130    0.44177162
    0.18357825   -0.28655369   -0.13525816    0.20531366    0.26762011    0.44175732
    0.18356947   -0.28654545   -0.13525816    0.20531366    0.26760732    0.44174462
    0.18355973   -0.28653837   -0.13525816    0.20531366    0.26759312    0.44173371
    0.18354918   -0.28653257   -0.13525816    0.20531366    0.26757774    0.44172477
    0.18353799   -0.28652814   -0.13525816    0.20531366    0.26756142    0.44171794
    0.18352633   -0.28652515   -0.13525816    0.20531366    0.26754442    0.44171332
    0.18351438   -0.28652364   -0.13525816    0.20531366    0.26752701    0.44171099
    0.18350234   -0.28652364   -0.13525816    0.20531366    0.26750946    0.44171099
    0.18349040   -0.28652515   -0.13525816    0.20531366    0.26749205    0.44171332
    0.18347874   -0.28652814   -0.13525816    0.20531366    0.26747505    0.44171794
    0.18346755   -0.28653257   -0.13525816    0.20531366    0.26745873    0.44172477
    0.18345700   -0.28653837   -0.13525816    0.20531366    0.26744335    0.44173371
    0.18344726   -0.28654545   -0.13525816    0.20531366    0.26742915    0.44174462
    0.18343848   -0.28655369   -0.13525816    0.20531366    0.26741636    0.44175732
    0.18343081   -0.28656297   -0.13525816    0.20531366    0.26740517    0.44177162
    0.18342435   -0.28657313   -0.13525816    0.20531366    0.26739577    0.44178729
    0.18341923   -0.28658403   -0.13525816    0.20531366    0.26738829    0.44180409
    0.18341551   -0.28659548   -0.13525816    0.20531366    0.26738287    0.44182174
    0.18341325   -0.28660730   -0.13525816    0.20531366    0.26737958    0.44183997
    0.18341250   -0.28661932   -0.13525816    0.20531366    0.26737848    0.44185849
    0.18341325   -0.28663133   -0.13525816    0.20531366    0.26737958    0.44187702
    0.18341551   -0.28664316   -0.13525816    0.20531366    0.26738287    0.44189525
    0.18341923   -0.28665461   -0.13525816    0.20531366    0.26738829    0.44191290
    0.18342435   -0.28666550   -0.13525816    0.20531366    0.26739577    0.44192969
    0.18343081   -0.28667567   -0.13525816    0.20531366    0.26740517    0.44194536
    0.18343848   -0.28668494   -0.13525816    0.20531366    0.26741636    0.44195966
    0.18344726   -0.28669318   -0.13525816    0.20531366    0.26742915    0.44197237
    0.18345700   -0.28670026   -0.13525816    0.20531366    0.26744335    0.44198328
    0.18346755   -0.28670606   -0.13525816    0.20531366    0.26745873    0.44199222
    0.18347874   -0.28671049   -0.13525816    0.20531366    0.26747505    0.44199905
    0.18349040   -0.28671349   -0.13525816    0.20531366    0.26749205    0.44200367
    0.18350234   -0.28671499   -0.13525816    0.20531366    0.26750946    0.44200599
    0.18351438   -0.28671499   -0.13525816    0.20531366    0.26752701    0.44200599
    0.18352633   -0.28671349   -0.13525816    0.20531366    0.26754442    0.44200367
    0.18353799   -0.28671049   -0.13525816    0.20531366    0.26756142    0.44199905
    0.18354918   -0.28670606   -0.13525816    0.20531366    0.26757774    0.44199222
    0.18355973   -0.28670026   -0.13525816    0.20531366    0.26759312    0.44198328
    0.18356947   -0.28669318   -0.13525816    0.20531366    0.26760732    0.44197237
    0.18357825   -0.28668494   -0.13525816    0.20531366    0.26762011    0.44195966
    0.18358592   -0.28667567   -0.13525816    0.20531366    0.26763130    0.44194536
    0.18359237   -0.28666550   -0.13525816    0.20531366    0.26764070    0.44192969
    0.18359750   -0.28665461   -0.13525816    0.20531366    0.26764817    0.44191290
    0.18360122   -0.28664316   -0.13525816    0.20531366    0.26765360    0.44189525
    0.18360347   -0.28663133   -0.13525816    0.20531366    0.26765689    0.44187702
    0.18360586   -0.28661932   -0.13525196    0.20530424    0.26766036    0.44185849
    0.18360509   -0.28660710   -0.13525196    0.20530424    0.26765924    0.44183966
    0.18360279   -0.28659507   -0.13525196    0.20530424    0.26765589    0.44182112
    0.18359901   -0.28658343   -0.13525196    0.20530424    0.26765038    0.44180317
    0.18359380   -0.28657235   -0.13525196    0.20530424    0.26764278    0.44178609
    0.18358724   -0.28656201   -0.13525196    0.20530424    0.26763322    0.44177015
    0.18357943   -0.28655258   -0.13525196    0.20530424    0.26762184    0.44175561
    0.18357051   -0.28654420   -0.13525196    0.20530424    0.26760883    0.44174269
    0.18356060   -0.28653700   -0.13525196    0.20530424    0.26759439    0.44173159
    0.18354987   -0.28653110   -0.13525196    0.20530424    0.26757875    0.44172250
    0.18353849   -0.28652660   -0.13525196    0.20530424    0.26756215    0.44171555
    0.18352663   -0.28652355   -0.13525196    0.20530424    0.26754487    0.44171086
    0.18351449   -0.28652202   -0.13525196    0.20530424    0.26752716    0.44170849
    0.18350224   -0.28652202   -0.13525196    0.20530424    0.26750931    0.44170849
    0.18349010   -0.28652355   -0.13525196    0.20530424    0.26749160    0.44171086
    0.18347824   -0.28652660   -0.13525196    0.20530424    0.26747431    0.44171555
    0.18346685   -0.28653110   -0.13525196    0.20530424    0.26745772    0.44172250
    0.18345612   -0.28653700   -0.13525196    0.20530424    0.26744208    0.44173159
    0.18344622   -0.28654420   -0.13525196    0.20530424    0.26742764    0.44174269
    0.18343729   -0.28655258   -0.13525196    0.20530424    0.26741463    0.44175561
    0.18342949   -0.28656201   -0.13525196    0.20530424    0.26740325    0.44177015
    0.18342293   -0.28657235   -0.13525196    0.20530424    0.26739369    0.44178609
    0.18341772   -0.28658343   -0.13525196    0.20530424    0.26738609    0.44180317
    0.18341393   -0.28659507   -0.13525196    0.20530424    0.26738057    0.44182112
    0.18341164   -0.28660710   -0.13525196    0.20530424    0.26737723    0.44183966
    0.18341087   -0.28661932   -0.13525196    0.20530424    0.26737611    0.44185849
    0.18341164   -0.28663154   -0.13525196    0.20530424    0.26737723    0.44187733
    0.18341393   -0.28664356   -0.13525196    0.20530424    0.26738057    0.44189587
    0.18341772   -0.28665521   -0.13525196    0.20530424    0.26738609    0.44191382
    0.18342293   -0.28666628   -0.13525196    0.20530424    0.26739369    0.44193090
    0.18342949   -0.28667662   -0.13525196    0.20530424    0.26740325    0.44194684
    0.18343729   -0.28668606   -0.13525196    0.20530424    0.26741463    0.44196138
    0.18344622   -0.28669444   -0.13525196    0.20530424    0.26742764    0.44197430
    0.18345612   -0.28670163   -0.13525196    0.20530424    0.26744208    0.44198539
    0.18346685   -0.28670753   -0.13525196    0.20530424    0.26745772    0.44199449
    0.18347824   -0.28671204   -0.13525196    0.20530424    0.26747431    0.44200143
    0.18349010   -0.28671508   -0.13525196    0.20530424    0.26749160    0.44200613
    0.18350224   -0.28671662   -0.13525196    0.20530424    0.26750931    0.44200849
    0.18351449   -0.28671662   -0.13525196    0.20530424    0.26752716    0.44200849
    0.18352663   -0.28671508   -0.13525196    0.20530424    0.26754487    0.44200613
    0.18353849   -0.28671204   -0.13525196    0.20530424    0.26756215    0.44200143
    0.18354987   -0.28670753   -0.13525196    0.20530424    0.26757875    0.44199449
    0.18356060   -0.28670163   -0.13525196    0.20530424    0.26759439    0.44198539
    0.18357051   -0.28669444   -0.13525196    0.20530424    0.26760883    0.44197430
    0.18357943   -0.28668606   -0.13525196    0.20530424    0.26762184    0.44196138
    0.18358724   -0.28667662   -0.13525196    0.20530424    0.26763322    0.44194684
    0.18359380   -0.28666628   -0.13525196    0.20530424    0.26764278    0.44193090
    0.18359901   -0.28665521   -0.13525196    0.20530424    0.26765038    0.44191382
    0.18360279   -0.28664356   -0.13525196    0.20530424    0.26765589    0.44189587
    0.18360509   -0.28663154   -0.13525196    0.20530424    0.26765924    0.44187733
    0.18360708   -0.28661932   -0.13524567    0.20529469    0.26766214    0.44185849
    0.18360630   -0.28660694   -0.13524567    0.20529469    0.26766101    0.44183942
    0.18360398   -0.28659477   -0.13524567    0.20529469    0.26765762    0.44182065
    0.18360015   -0.28658298   -0.13524567    0.20529469    0.26765204    0.44180247
    0.18359487   -0.28657176   -0.13524567    0.20529469    0.26764434    0.44178518
    0.18358823   -0.28656129   -0.13524567    0.20529469    0.26763466    0.44176904
    0.18358033   -0.28655174   -0.13524567    0.20529469    0.26762314    0.44175431
    0.18357129   -0.28654325   -0.13524567    0.20529469    0.26760997    0.44174123
    0.18356126   -0.28653597   -0.13524567    0.20529469    0.26759535    0.44173000
    0.18355040   -0.28652999   -0.13524567    0.20529469    0.26757951    0.44172079
    0.18353887   -0.28652543   -0.13524567    0.20529469    0.26756270    0.44171376
    0.18352686   -0.28652235   -0.13524567    0.20529469    0.26754520    0.44170900
    0.18351456   -0.28652079   -0.13524567    0.20529469    0.26752727    0.44170661
    0.18350216   -0.28652079   -0.13524567    0.20529469    0.26750920    0.44170661
    0.18348987   -0.28652235   -0.13524567    0.20529469    0.26749127    0.44170900
    0.18347786   -0.28652543   -0.13524567    0.20529469    0.26747376    0.44171376
    0.18346633   -0.28652999   -0.13524567    0.20529469    0.26745696    0.44172079
    0.18345547   -0.28653597   -0.13524567    0.20529469    0.26744112    0.44173000
    0.18344544   -0.28654325   -0.13524567    0.20529469    0.26742650    0.44174123
    0.18343640   -0.28655174   -0.13524567    0.20529469    0.26741333    0.44175431
    0.18342850   -0.28656129   -0.13524567    0.20529469    0.26740181    0.44176904
    0.18342186   -0.28657176   -0.13524567    0.20529469    0.26739212    0.44178518
    0.18341658   -0.28658298   -0.13524567    0.20529469    0.26738443    0.44180247
    0.18341275   -0.28659477   -0.13524567    0.20529469    0.26737884    0.44182065
    0.18341042   -0.28660694   -0.13524567    0.20529469    0.26737546    0.44183942
    0.18340965   -0.28661932   -0.13524567    0.20529469    0.26737432    0.44185849
    0.18341042   -0.28663169   -0.13524567    0.20529469    0.26737546    0.44187757
    0.18341275   -0.28664387   -0.13524567    0.20529469    0.26737884    0.44189634
    0.18341658   -0.28665566   -0.13524567    0.20529469    0.26738443    0.44191452
    0.18342186   -0.28666687   -0.13524567    0.20529469    0.26739212    0.44193181
    0.18342850   -0.28667734   -0.13524567    0.20529469    0.26740181    0.44194795
    0.18343640   -0.28668689   -0.13524567    0.20529469    0.26741333    0.44196267
    0.18344544   -0.28669538   -0.13524567    0.20529469    0.26742650    0.44197575
    0.18345547   -0.28670267   -0.13524567    0.20529469    0.26744112    0.44198699
    0.18346633   -0.28670864   -0.13524567    0.20529469    0.26745696    0.44199620
    0.18347786   -0.28671320   -0.13524567    0.20529469    0.26747376    0.44200323
    0.18348987   -0.28671629   -0.13524567    0.20529469    0.26749127    0.44200798
    0.18350216   -0.28671784   -0.13524567    0.20529469    0.26750920    0.44201038
    0.18351456   -0.28671784   -0.13524567    0.20529469    0.26752727    0.44201038
    0.18352686   -0.28671629   -0.13524567    0.20529469    0.26754520    0.44200798
    0.18353887   -0.28671320   -0.13524567    0.20529469    0.26756270    0.44200323
    0.18355040   -0.28670864   -0.13524567    0.20529469    0.26757951    0.44199620
    0.18356126   -0.28670267   -0.13524567    0.20529469    0.26759535    0.44198699
    0.18357129   -0.28669538   -0.13524567    0.20529469    0.26760997    0.44197575
    0.18358033   -0.28668689   -0.13524567    0.20529469    0.26762314    0.44196267
    0.18358823   -0.28667734   -0.13524567    0.20529469    0.26763466    0.44194795
    0.18359487   -0.28666687   -0.13524567    0.20529469    0.26764434    0.44193181
    0.18360015   -0.28665566   -0.13524567    0.20529469    0.26765204    0.44191452
    0.18360398   -0.28664387   -0.13524567    0.20529469    0.26765762    0.44189634
    0.18360630   -0.28663169   -0.13524567    0.20529469    0.26766101    0.44187757
    0.18360790   -0.28661932   -0.13523931    0.20528504    0.26766334    0.44185849
    0.18360712   -0.28660684   -0.13523931    0.20528504    0.26766220    0.44183926
    0.18360477   -0.28659456   -0.13523931    0.20528504    0.26765878    0.44182033
    0.18360091   -0.28658267   -0.13523931    0.20528504    0.26765315    0.44180200
    0.18359559   -0.28657136   -0.13523931    0.20528504    0.26764539    0.44178457
    0.18358889   -0.28656081   -0.13523931    0.20528504    0.26763563    0.44176830
    0.18358092   -0.28655118   -0.13523931    0.20528504    0.26762401    0.44175345
    0.18357181   -0.28654262   -0.13523931    0.20528504    0.26761073    0.44174026
    0.18356170   -0.28653527   -0.13523931    0.20528504    0.26759599    0.44172893
    0.18355074   -0.28652925   -0.13523931    0.20528504    0.26758002    0.44171965
    0.18353912   -0.28652465   -0.13523931    0.20528504    0.26756307    0.44171255
    0.18352702   -0.28652154   -0.13523931    0.20528504    0.26754542    0.44170776
    0.18351461   -0.28651998   -0.13523931    0.20528504    0.26752734    0.44170535
    0.18350211   -0.28651998   -0.13523931    0.20528504    0.26750912    0.44170535
    0.18348971   -0.28652154   -0.13523931    0.20528504    0.26749104    0.44170776
    0.18347760   -0.28652465   -0.13523931    0.20528504    0.26747339    0.44171255
    0.18346598   -0.28652925   -0.13523931    0.20528504    0.26745645    0.44171965
    0.18345503   -0.28653527   -0.13523931    0.20528504    0.26744048    0.44172893
    0.18344492   -0.28654262   -0.13523931    0.20528504    0.26742574    0.44174026
    0.18343580   -0.28655118   -0.13523931    0.20528504    0.26741246    0.44175345
    0.18342784   -0.28656081   -0.13523931    0.20528504    0.26740084    0.44176830
    0.18342114   -0.28657136   -0.13523931    0.20528504    0.26739108    0.44178457
    0.18341582   -0.28658267   -0.13523931    0.20528504    0.26738332    0.44180200
    0.18341195   -0.28659456   -0.13523931    0.20528504    0.26737769    0.44182033
    0.18340961   -0.28660684   -0.13523931    0.20528504    0.26737427    0.44183926
    0.18340883   -0.28661932   -0.13523931    0.20528504    0.26737313    0.44185849
    0.18340961   -0.28663179   -0.13523931    0.20528504    0.26737427    0.44187773
    0.18341195   -0.28664407   -0.13523931    0.20528504    0.26737769    0.44189665
    0.18341582   -0.28665596   -0.13523931    0.20528504    0.26738332    0.44191498
    0.18342114   -0.28666727   -0.13523931    0.20528504    0.26739108    0.44193242
    0.18342784   -0.28667782   -0.13523931    0.20528504    0.26740084    0.44194869
    0.18343580   -0.28668746   -0.13523931    0.20528504    0.26741246    0.44196354
    0.18344492   -0.28669601   -0.13523931    0.20528504    0.26742574    0.44197673
    0.18345503   -0.28670336   -0.13523931    0.20528504    0.26744048    0.44198806
    0.18346598   -0.28670938   -0.13523931    0.20528504    0.26745645    0.44199734
    0.18347760   -0.28671398   -0.13523931    0.20528504    0.26747339    0.44200443
    0.18348971   -0.28671709   -0.13523931    0.20528504    0.26749104    0.44200922
    0.18350211   -0.28671866   -0.13523931    0.20528504    0.26750912    0.44201164
    0.18351461   -0.28671866   -0.13523931    0.20528504    0.26752734    0.44201164
    0.18352702   -0.28671709   -0.13523931    0.20528504    0.26754542    0.44200922
    0.18353912   -0.28671398   -0.13523931    0.20528504    0.26756307    0.44200443
    0.18355074   -0.28670938   -0.13523931    0.20528504    0.26758002    0.44199734
    0.18356170   -0.28670336   -0.13523931    0.20528504    0.26759599    0.44198806
    0.18357181   -0.28669601   -0.13523931    0.20528504    0.26761073    0.44197673
    0.18358092   -0.28668746   -0.13523931    0.20528504    0.26762401    0.44196354
    0.18358889   -0.28667782   -0.13523931    0.20528504    0.26763563    0.44194869
    0.18359559   -0.28666727   -0.13523931    0.20528504    0.26764539    0.44193242
    0.18360091   -0.28665596   -0.13523931    0.20528504    0.26765315    0.44191498
    0.18360477   -0.28664407   -0.13523931    0.20528504    0.26765878    0.44189665
    0.18360712   -0.28663179   -0.13523931    0.20528504    0.26766220    0.44187773
    0.18360831   -0.28661932   -0.13523291    0.20527533    0.26766394    0.44185849
    0.18360752   -0.28660679   -0.13523291    0.20527533    0.26766279    0.44183918
    0.18360517   -0.28659446   -0.13523291    0.20527533    0.26765936    0.44182017
    0.18360129   -0.28658252   -0.13523291    0.20527533    0.26765371    0.44180177
    0.18359595   -0.28657117   -0.13523291    0.20527533    0.26764592    0.44178426
    0.18358922   -0.28656057   -0.13523291    0.20527533    0.26763611    0.44176793
    0.18358122   -0.28655090   -0.13523291    0.20527533    0.26762445    0.44175302
    0.18357207   -0.28654231   -0.13523291    0.20527533    0.26761111    0.44173977
    0.18356192   -0.28653493   -0.13523291    0.20527533    0.26759631    0.44172840
    0.18355092   -0.28652888   -0.13523291    0.20527533    0.26758027    0.44171907
    0.18353925   -0.28652426   -0.13523291    0.20527533    0.26756326    0.44171195
    0.18352709   -0.28652114   -0.13523291    0.20527533    0.26754554    0.44170714
    0.18351464   -0.28651957   -0.13523291    0.20527533    0.26752738    0.44170471
    0.18350209   -0.28651957   -0.13523291    0.20527533    0.26750908    0.44170471
    0.18348964   -0.28652114   -0.13523291    0.20527533    0.26749093    0.44170714
    0.18347748   -0.28652426   -0.13523291    0.20527533    0.26747321    0.44171195
    0.18346581   -0.28652888   -0.13523291    0.20527533    0.26745620    0.44171907
    0.18345481   -0.28653493   -0.13523291    0.20527533    0.26744016    0.44172840
    0.18344465   -0.28654231   -0.13523291    0.20527533    0.26742536    0.44173977
    0.18343550   -0.28655090   -0.13523291    0.20527533    0.26741202    0.44175302
    0.18342750   -0.28656057   -0.13523291    0.20527533    0.26740036    0.44176793
    0.18342078   -0.28657117   -0.13523291    0.20527533    0.26739055    0.44178426
    0.18341543   -0.28658252   -0.13523291    0.20527533    0.26738276    0.44180177
    0.18341155   -0.28659446   -0.13523291    0.20527533    0.26737711    0.44182017
    0.18340920   -0.28660679   -0.13523291    0.20527533    0.26737368    0.44183918
    0.18340841   -0.28661932   -0.13523291    0.20527533    0.26737253    0.44185849
    0.18340920   -0.28663184   -0.13523291    0.20527533    0.26737368    0.44187780
    0.18341155   -0.28664417   -0.13523291    0.20527533    0.26737711    0.44189681
    0.18341543   -0.28665611   -0.13523291    0.20527533    0.26738276    0.44191521
    0.18342078   -0.28666747   -0.13523291    0.20527533    0.26739055    0.44193272
    0.18342750   -0.28667807   -0.13523291    0.20527533    0.26740036    0.44194906
    0.18343550   -0.28668774   -0.13523291    0.20527533    0.26741202    0.44196397
    0.18344465   -0.28669633   -0.13523291    0.20527533    0.26742536    0.44197722
    0.18345481   -0.28670371   -0.13523291    0.20527533    0.26744016    0.44198859
    0.18346581   -0.28670975   -0.13523291    0.20527533    0.26745620    0.44199791
    0.18347748   -0.28671437   -0.13523291    0.20527533    0.26747321    0.44200503
    0.18348964   -0.28671750   -0.13523291    0.20527533    0.26749093    0.44200985
    0.18350209   -0.28671907   -0.13523291    0.20527533    0.26750908    0.44201227
    0.18351464   -0.28671907   -0.13523291    0.20527533    0.26752738    0.44201227
    0.18352709   -0.28671750   -0.13523291    0.20527533    0.26754554    0.44200985
    0.18353925   -0.28671437   -0.13523291    0.20527533    0.26756326    0.44200503
    0.18355092   -0.28670975   -0.13523291    0.20527533    0.26758027    0.44199791
    0.18356192   -0.28670371   -0.13523291    0.20527533    0.26759631    0.44198859
    0.18357207   -0.28669633   -0.13523291    0.20527533    0.26761111    0.44197722
    0.18358122   -0.28668774   -0.13523291    0.20527533    0.26762445    0.44196397
    0.18358922   -0.28667807   -0.13523291    0.20527533    0.26763611    0.44194906
    0.18359595   -0.28666747   -0.13523291    0.20527533    0.26764592    0.44193272
    0.18360129   -0.28665611   -0.13523291    0.20527533    0.26765371    0.44191521
    0.18360517   -0.28664417   -0.13523291    0.20527533    0.26765936    0.44189681
    0.18360752   -0.28663184   -0.13523291    0.20527533    0.26766279    0.44187780
    0.18360831   -0.28661932   -0.13522650    0.20526560    0.26766394    0.44185849
    0.18360752   -0.28660679   -0.13522650    0.20526560    0.26766279    0.44183918
    0.18360517   -0.28659446   -0.13522650    0.20526560    0.26765936    0.44182017
    0.18360129   -0.28658252   -0.13522650    0.20526560    0.26765371    0.44180177
    0.18359595   -0.28657117   -0.13522650    0.20526560    0.26764592    0.44178426
    0.18358922   -0.28656057   -0.13522650    0.20526560    0.26763611    0.44176793
    0.18358122   -0.28655090   -0.13522650    0.20526560    0.26762445    0.44175302
    0.18357207   -0.28654231   -0.13522650    0.20526560    0.26761111    0.44173977
    0.18356192   -0.28653493   -0.13522650    0.20526560    0.26759631    0.44172840
    0.18355092   -0.28652888   -0.13522650    0.20526560    0.26758027    0.44171907
    0.18353925   -0.28652426   -0.13522650    0.20526560    0.26756326    0.44171195
    0.18352709   -0.28652114   -0.13522650    0.20526560    0.26754554    0.44170714
    0.18351464   -0.28651957   -0.13522650    0.20526560    0.26752738    0.44170471
    0.18350209   -0.28651957   -0.13522650    0.20526560    0.26750908    0.44170471
    0.18348964   -0.28652114   -0.13522650    0.20526560    0.26749093    0.44170714
    0.18347748   -0.28652426   -0.13522650    0.20526560    0.26747321    0.44171195
    0.18346581   -0.28652888   -0.13522650    0.20526560    0.26745620    0.44171907
    0.18345481   -0.28653493   -0.13522650    0.20526560    0.26744016    0.44172840
    0.18344465   -0.28654231   -0.13522650    0.20526560    0.26742536    0.44173977
    0.18343550   -0.28655090   -0.13522650    0.20526560    0.26741202    0.44175302
    0.18342750   -0.28656057   -0.13522650    0.20526560    0.26740036    0.44176793
    0.18342078   -0.28657117   -0.13522650    0.20526560    0.26739055    0.44178426
    0.18341543   -0.28658252   -0.13522650    0.20526560    0.26738276    0.44180177
    0.18341155   -0.28659446   -0.13522650    0.20526560    0.26737711    0.44182017
    0.18340920   -0.28660679   -0.13522650    0.20526560    0.26737368    0.44183918
    0.18340841   -0.28661932   -0.13522650    0.20526560    0.26737253    0.44185849
    0.18340920   -0.28663184   -0.13522650    0.20526560    0.26737368    0.44187780
    0.18341155   -0.28664417   -0.13522650    0.20526560    0.26737711    0.44189681
    0.18341543   -0.28665611   -0.13522650    0.20526560    0.26738276    0.44191521
    0.18342078   -0.28666747   -0.13522650    0.20526560    0.26739055    0.44193272
    0.18342750   -0.28667807   -0.13522650    0.20526560    0.26740036    0.44194906
    0.18343550   -0.28668774   -0.13522650    0.20526560    0.26741202    0.44196397
    0.18344465   -0.28669633   -0.13522650    0.20526560    0.26742536    0.44197722
    0.18345481   -0.28670371   -0.13522650    0.20526560    0.26744016    0.44198859
    0.18346581   -0.28670975   -0.13522650    0.20526560    0.26745620    0.44199791
    0.18347748   -0.28671437   -0.13522650    0.20526560    0.26747321    0.44200503
    0.18348964   -0.28671750   -0.13522650    0.20526560    0.26749093    0.44200985
    0.18350209   -0.28671907   -0.13522650    0.20526560    0.26750908    0.44201227
    0.18351464   -0.28671907   -0.13522650    0.20526560    0.26752738    0.44201227
    0.18352709   -0.28671750   -0.13522650    0.20526560    0.26754554    0.44200985
    0.18353925   -0.28671437   -0.13522650    0.20526560    0.26756326    0.44200503
    0.18355092   -0.28670975   -0.13522650    0.20526560    0.26758027    0.44199791
    0.18356192   -0.28670371   -0.13522650    0.20526560    0.26759631    0.44198859
    0.18357207   -0.28669633   -0.13522650    0.20526560    0.26761111    0.44197722
    0.18358122   -0.28668774   -0.13522650    0.20526560    0.26762445    0.44196397
    0.18358922   -0.28667807   -0.13522650    0.20526560    0.26763611    0.44194906
    0.18359595   -0.28666747   -0.13522650    0.20526560    0.26764592    0.44193272
    0.18360129   -0.28665611   -0.13522650    0.20526560    0.26765371    0.44191521
    0.18360517   -0.28664417   -0.13522650    0.20526560    0.26765936    0.44189681
    0.18360752   -0.28663184   -0.13522650    0.20526560    0.26766279    0.44187780
    0.18360790   -0.28661932   -0.13522011    0.20525589    0.26766334    0.44185849
    0.18360712   -0.28660684   -0.13522011    0.20525589    0.26766220    0.44183926
    0.18360477   -0.28659456   -0.13522011    0.20525589    0.26765878    0.44182033
    0.18360091   -0.28658267   -0.13522011    0.20525589    0.26765315    0.44180200
    0.18359559   -0.28657136   -0.13522011    0.20525589    0.26764539    0.44178457
    0.18358889   -0.28656081   -0.13522011    0.20525589    0.26763563    0.44176830
    0.18358092   -0.28655118   -0.13522011    0.20525589    0.26762401    0.44175345
    0.18357181   -0.28654262   -0.13522011    0.20525589    0.26761073    0.44174026
    0.18356170   -0.28653527   -0.13522011    0.20525589    0.26759599    0.44172893
    0.18355074   -0.28652925   -0.13522011    0.20525589    0.26758002    0.44171965
    0.18353912   -0.28652465   -0.13522011    0.20525589    0.26756307    0.44171255
    0.18352702   -0.28652154   -0.13522011    0.20525589    0.26754542    0.44170776
    0.18351461   -0.28651998   -0.13522011    0.20525589    0.26752734    0.44170535
    0.18350211   -0.28651998   -0.13522011    0.20525589    0.26750912    0.44170535
    0.18348971   -0.28652154   -0.13522011    0.20525589    0.26749104    0.44170776
    0.18347760   -0.28652465   -0.13522011    0.20525589    0.26747339    0.44171255
    0.18346598   -0.28652925   -0.13522011    0.20525589    0.26745645    0.44171965
    0.18345503   -0.28653527   -0.13522011    0.20525589    0.26744048    0.44172893
    0.18344492   -0.28654262   -0.13522011    0.20525589    0.26742574    0.44174026
    0.18343580   -0.28655118   -0.13522011    0.20525589    0.26741246    0.44175345
    0.18342784   -0.28656081   -0.13522011    0.20525589    0.26740084    0.44176830
    0.18342114   -0.28657136   -0.13522011    0.20525589    0.26739108    0.44178457
    0.18341582   -0.28658267   -0.13522011    0.20525589    0.26738332    0.44180200
    0.18341195   -0.28659456   -0.13522011    0.20525589    0.26737769    0.44182033
    0.18340961   -0.28660684   -0.13522011    0.20525589    0.26737427    0.44183926
    0.18340883   -0.28661932   -0.13522011    0.20525589    0.26737313    0.44185849
    0.18340961   -0.28663179   -0.13522011    0.20525589    0.26737427    0.44187773
    0.18341195   -0.28664407   -0.13522011    0.20525589    0.26737769    0.44189665
    0.18341582   -0.28665596   -0.13522011    0.20525589    0.26738332    0.44191498
    0.18342114   -0.28666727   -0.13522011    0.20525589    0.26739108    0.44193242
    0.18342784   -0.28667782   -0.13522011    0.20525589    0.26740084    0.44194869
    0.18343580   -0.28668746   -0.13522011    0.20525589    0.26741246    0.44196354
    0.18344492   -0.28669601   -0.13522011    0.20525589    0.26742574    0.44197673
    0.18345503   -0.28670336   -0.13522011    0.20525589    0.26744048    0.44198806
    0.18346598   -0.28670938   -0.13522011    0.20525589    0.26745645    0.44199734
    0.18347760   -0.28671398   -0.13522011    0.20525589    0.26747339    0.44200443
    0.18348971   -0.28671709   -0.13522011    0.20525589    0.26749104    0.44200922
    0.18350211   -0.28671866   -0.13522011    0.20525589    0.26750912    0.44201164
    0.18351461   -0.28671866   -0.13522011    0.20525589    0.26752734    0.44201164
    0.18352702   -0.28671709   -0.13522011    0.20525589    0.26754542    0.44200922
    0.18353912   -0.28671398   -0.13522011    0.20525589    0.26756307    0.44200443
    0.18355074   -0.28670938   -0.13522011    0.20525589    0.26758002    0.44199734
    0.18356170   -0.28670336   -0.13522011    0.20525589    0.26759599    0.44198806
    0.18357181   -0.28669601   -0.13522011    0.20525589    0.26761073    0.44197673
    0.18358092   -0.28668746   -0.13522011    0.20525589    0.26762401    0.44196354
    0.18358889   -0.28667782   -0.13522011    0.20525589    0.26763563    0.44194869
    0.18359559   -0.28666727   -0.13522011    0.20525589    0.26764539    0.44193242
    0.18360091   -0.28665596   -0.13522011    0.20525589    0.26765315    0.44191498
    0.18360477   -0.28664407   -0.13522011    0.20525589    0.26765878    0.44189665
    0.18360712   -0.28663179   -0.13522011    0.20525589    0.26766220    0.44187773
    0.18360708   -0.28661932   -0.13521375    0.20524624    0.26766214    0.44185849
    0.18360630   -0.28660694   -0.13521375    0.20524624    0.26766101    0.44183942
    0.18360398   -0.28659477   -0.13521375    0.20524624    0.26765762    0.44182065
    0.18360015   -0.28658298   -0.13521375    0.20524624    0.26765204    0.44180247
    0.18359487   -0.28657176   -0.13521375    0.20524624    0.26764434    0.44178518
    0.18358823   -0.28656129   -0.13521375    0.20524624    0.26763466    0.44176904
    0.18358033   -0.28655174   -0.13521375    0.20524624    0.26762314    0.44175431
    0.18357129   -0.28654325   -0.13521375    0.20524624    0.26760997    0.44174123
    0.18356126   -0.28653597   -0.13521375    0.20524624    0.26759535    0.44173000
    0.18355040   -0.28652999   -0.13521375    0.20524624    0.26757951    0.44172079
    0.18353887   -0.28652543   -0.13521375    0.20524624    0.26756270    0.44171376
    0.18352686   -0.28652235   -0.13521375    0.20524624    0.26754520    0.44170900
    0.18351456   -0.28652079   -0.13521375    0.20524624    0.26752727    0.44170661
    0.18350216   -0.28652079   -0.13521375    0.20524624    0.26750920    0.44170661
    0.18348987   -0.28652235   -0.13521375    0.20524624    0.26749127    0.44170900
    0.18347786   -0.28652543   -0.13521375    0.20524624    0.26747376    0.44171376
    0.18346633   -0.28652999   -0.13521375    0.20524624    0.26745696    0.44172079
    0.18345547   -0.28653597   -0.13521375    0.20524624    0.26744112    0.44173000
    0.18344544   -0.28654325   -0.13521375    0.20524624    0.26742650    0.44174123
    0.18343640   -0.28655174   -0.13521375    0.20524624    0.26741333    0.44175431
    0.18342850   -0.28656129   -0.13521375    0.20524624    0.26740181    0.44176904
    0.18342186   -0.28657176   -0.13521375    0.20524624    0.26739212    0.44178518
    0.18341658   -0.28658298   -0.13521375    0.20524624    0.26738443    0.44180247
    0.18341275   -0.28659477   -0.13521375    0.20524624    0.26737884    0.44182065
    0.18341042   -0.28660694   -0.13521375    0.20524624    0.26737546    0.44183942
    0.18340965   -0.28661932   -0.13521375    0.20524624    0.26737432    0.44185849
    0.18341042   -0.28663169   -0.13521375    0.20524624    0.26737546    0.44187757
    0.18341275   -0.28664387   -0.13521375    0.20524624    0.26737884    0.44189634
    0.18341658   -0.28665566   -0.13521375    0.20524624    0.26738443    0.44191452
    0.18342186   -0.28666687   -0.13521375    0.20524624    0.26739212    0.44193181
    0.18342850   -0.28667734   -0.13521375    0.20524624    0.26740181    0.44194795
    0.18343640   -0.28668689   -0.13521375    0.20524624    0.26741333    0.44196267
    0.18344544   -0.28669538   -0.13521375    0.20524624    0.26742650    0.44197575
    0.18345547   -0.28670267   -0.13521375    0.20524624    0.26744112    0.44198699
    0.18346633   -0.28670864   -0.13521375    0.20524624    0.26745696    0.44199620
    0.18347786   -0.28671320   -0.13521375    0.20524624    0.26747376    0.44200323
    0.18348987   -0.28671629   -0.13521375    0.20524624    0.26749127    0.44200798
    0.18350216   -0.28671784   -0.13521375    0.20524624    0.26750920    0.44201038
    0.18351456   -0.28671784   -0.13521375    0.20524624    0.26752727    0.44201038
    0.18352686   -0.28671629   -0.13521375    0.20524624    0.26754520    0.44200798
    0.18353887   -0.28671320   -0.13521375    0.20524624    0.26756270    0.44200323
    0.18355040   -0.28670864   -0.13521375    0.20524624    0.26757951    0.44199620
    0.18356126   -0.28670267   -0.13521375    0.20524624    0.26759535    0.44198699
    0.18357129   -0.28669538   -0.13521375    0.20524624    0.26760997    0.44197575
    0.18358033   -0.28668689   -0.13521375    0.20524624    0.26762314    0.44196267
    0.18358823   -0.28667734   -0.13521375    0.20524624    0.26763466    0.44194795
    0.18359487   -0.28666687   -0.13521375    0.20524624    0.26764434    0.44193181
    0.18360015   -0.28665566   -0.13521375    0.20524624    0.26765204    0.44191452
    0.18360398   -0.28664387   -0.13521375    0.20524624    0.26765762    0.44189634
    0.18360630   -0.28663169   -0.13521375    0.20524624    0.26766101    0.44187757
    0.18360586   -0.28661932   -0.13520746    0.20523669    0.26766036    0.44185849
    0.18360509   -0.28660710   -0.13520746    0.20523669    0.26765924    0.44183966
    0.18360279   -0.28659507   -0.13520746    0.20523669    0.26765589    0.44182112
    0.18359901   -0.28658343   -0.13520746    0.20523669    0.26765038    0.44180317
    0.18359380   -0.28657235   -0.13520746    0.20523669    0.26764278    0.44178609
    0.18358724   -0.28656201   -0.13520746    0.20523669    0.26763322    0.44177015
    0.18357943   -0.28655258   -0.13520746    0.20523669    0.26762184    0.44175561
    0.18357051   -0.28654420   -0.13520746    0.20523669    0.26760883    0.44174269
    0.18356060   -0.28653700   -0.13520746    0.20523669    0.26759439    0.44173159
    0.18354987   -0.28653110   -0.13520746    0.20523669    0.26757875    0.44172250
    0.18353849   -0.28652660   -0.13520746    0.20523669    0.26756215    0.44171555
    0.18352663   -0.28652355   -0.13520746    0.20523669    0.26754487    0.44171086
    0.18351449   -0.28652202   -0.13520746    0.20523669    0.26752716    0.44170849
    0.18350224   -0.28652202   -0.13520746    0.20523669    0.26750931    0.44170849
    0.18349010   -0.28652355   -0.13520746    0.20523669    0.26749160    0.44171086
    0.18347824   -0.28652660   -0.13520746    0.20523669    0.26747431    0.44171555
    0.18346685   -0.28653110   -0.13520746    0.20523669    0.26745772    0.44172250
    0.18345612   -0.28653700   -0.13520746    0.20523669    0.26744208    0.44173159
    0.18344622   -0.28654420   -0.13520746    0.20523669    0.26742764    0.44174269
    0.18343729   -0.28655258   -0.13520746    0.20523669    0.26741463    0.44175561
    0.18342949   -0.28656201   -0.13520746    0.20523669    0.26740325    0.44177015
    0.18342293   -0.28657235   -0.13520746    0.20523669    0.26739369    0.44178609
    0.18341772   -0.28658343   -0.13520746    0.20523669    0.26738609    0.44180317
    0.18341393   -0.28659507   -0.13520746    0.20523669    0.26738057    0.44182112
    0.18341164   -0.28660710   -0.13520746    0.20523669    0.26737723    0.44183966
    0.18341087   -0.28661932   -0.13520746    0.20523669    0.26737611    0.44185849
    0.18341164   -0.28663154   -0.13520746    0.20523669    0.26737723    0.44187733
    0.18341393   -0.28664356   -0.13520746    0.20523669    0.26738057    0.44189587
    0.18341772   -0.28665521   -0.13520746    0.20523669    0.26738609    0.44191382
    0.18342293   -0.28666628   -0.13520746    0.20523669    0.26739369    0.44193090
    0.18342949   -0.28667662   -0.13520746    0.20523669    0.26740325    0.44194684
    0.18343729   -0.28668606   -0.13520746    0.20523669    0.26741463    0.44196138
    0.18344622   -0.28669444   -0.13520746    0.20523669    0.26742764    0.44197430
    0.18345612   -0.28670163   -0.13520746    0.20523669    0.26744208    0.44198539
    0.18346685   -0.28670753   -0.13520746    0.20523669    0.26745772    0.44199449
    0.18347824   -0.28671204   -0.13520746    0.20523669    0.26747431    0.44200143
    0.18349010   -0.28671508   -0.13520746    0.20523669    0.26749160    0.44200613
    0.18350224   -0.28671662   -0.13520746    0.20523669    0.26750931    0.44200849
    0.18351449   -0.28671662   -0.13520746    0.20523669    0.26752716    0.44200849
    0.18352663   -0.28671508   -0.13520746    0.20523669    0.26754487    0.44200613
    0.18353849   -0.28671204   -0.13520746    0.20523669    0.26756215    0.44200143
    0.18354987   -0.28670753   -0.13520746    0.20523669    0.26757875    0.44199449
    0.18356060   -0.28670163   -0.13520746    0.20523669    0.26759439    0.44198539
    0.18357051   -0.28669444   -0.13520746    0.20523669    0.26760883    0.44197430
    0.18357943   -0.28668606   -0.13520746    0.20523669    0.26762184    0.44196138
    0.18358724   -0.28667662   -0.13520746    0.20523669    0.26763322    0.44194684
    0.18359380   -0.28666628   -0.13520746    0.20523669    0.26764278    0.44193090
    0.18359901   -0.28665521   -0.13520746    0.20523669    0.26765038    0.44191382
    0.18360279   -0.28664356   -0.13520746    0.20523669    0.26765589    0.44189587
    0.18360509   -0.28663154   -0.13520746    0.20523669    0.26765924    0.44187733
    0.18360423   -0.28661932   -0.13520126    0.20522728    0.26765799    0.44185849
    0.18360347   -0.28660730   -0.13520126    0.20522728    0.26765689    0.44183997
    0.18360122   -0.28659548   -0.13520126    0.20522728    0.26765360    0.44182174
    0.18359750   -0.28658403   -0.13520126    0.20522728    0.26764817    0.44180409
    0.18359237   -0.28657313   -0.13520126    0.20522728    0.26764070    0.44178729
    0.18358592   -0.28656297   -0.13520126    0.20522728    0.26763130    0.44177162
    0.18357825   -0.28655369   -0.13520126    0.20522728    0.26762011    0.44175732
    0.18356947   -0.28654545   -0.13520126    0.20522728    0.26760732    0.44174462
    0.18355973   -0.28653837   -0.13520126    0.20522728    0.26759312    0.44173371
    0.18354918   -0.28653257   -0.13520126    0.20522728    0.26757774    0.44172477
    0.18353799   -0.28652814   -0.13520126    0.20522728    0.26756142    0.44171794
    0.18352633   -0.28652515   -0.13520126    0.20522728    0.26754442    0.44171332
    0.18351438   -0.28652364   -0.13520126    0.20522728    0.26752701    0.44171099
    0.18350234   -0.28652364   -0.13520126    0.20522728    0.26750946    0.44171099
    0.18349040   -0.28652515   -0.13520126    0.20522728    0.26749205    0.44171332
    0.18347874   -0.28652814   -0.13520126    0.20522728    0.26747505    0.44171794
    0.18346755   -0.28653257   -0.13520126    0.20522728    0.26745873    0.44172477
    0.18345700   -0.28653837   -0.13520126    0.20522728    0.26744335    0.44173371
    0.18344726   -0.28654545   -0.13520126    0.20522728    0.26742915    0.44174462
    0.18343848   -0.28655369   -0.13520126    0.20522728    0.26741636    0.44175732
    0.18343081   -0.28656297   -0.13520126    0.20522728    0.26740517    0.44177162
    0.18342435   -0.28657313   -0.13520126    0.20522728    0.26739577    0.44178729
    0.18341923   -0.28658403   -0.13520126    0.20522728    0.26738829    0.44180409
    0.18341551   -0.28659548   -0.13520126    0.20522728    0.26738287    0.44182174
    0.18341325   -0.28660730   -0.13520126    0.20522728    0.26737958    0.44183997
    0.18341250   -0.28661932   -0.13520126    0.20522728    0.26737848    0.44185849
    0.18341325   -0.28663133   -0.13520126    0.20522728    0.26737958    0.44187702
    0.18341551   -0.28664316   -0.13520126    0.20522728    0.26738287    0.44189525
    0.18341923   -0.28665461   -0.13520126    0.20522728    0.26738829    0.44191290
    0.18342435   -0.28666550   -0.13520126    0.20522728    0.26739577    0.44192969
    0.18343081   -0.28667567   -0.13520126    0.20522728    0.26740517    0.44194536
    0.18343848   -0.28668494   -0.13520126    0.20522728    0.26741636    0.44195966
    0.18344726   -0.28669318   -0.13520126    0.20522728    0.26742915    0.44197237
    0.18345700   -0.28670026   -0.13520126    0.20522728    0.26744335    0.44198328
    0.18346755   -0.28670606   -0.13520126    0.20522728    0.26745873    0.44199222
    0.18347874   -0.28671049   -0.13520126    0.20522728    0.26747505    0.44199905
    0.18349040   -0.28671349   -0.13520126    0.20522728    0.26749205    0.44200367
    0.18350234   -0.28671499   -0.13520126    0.20522728    0.26750946    0.44200599
    0.18351438   -0.28671499   -0.13520126    0.20522728    0.26752701    0.44200599
    0.18352633   -0.28671349   -0.13520126    0.20522728    0.26754442    0.44200367
    0.18353799   -0.28671049   -0.13520126    0.20522728    0.26756142    0.44199905
    0.18354918   -0.28670606   -0.13520126    0.20522728    0.26757774    0.44199222
    0.18355973   -0.28670026   -0.13520126    0.20522728    0.26759312    0.44198328
    0.18356947   -0.28669318   -0.13520126    0.20522728    0.26760732    0.44197237
    0.18357825   -0.28668494   -0.13520126    0.20522728    0.26762011    0.44195966
    0.18358592   -0.28667567   -0.13520126    0.20522728    0.26763130    0.44194536
    0.18359237   -0.28666550   -0.13520126    0.20522728    0.26764070    0.44192969
    0.18359750   -0.28665461   -0.13520126    0.20522728    0.26764817    0.44191290
    0.18360122   -0.28664316   -0.13520126    0.20522728    0.26765360    0.44189525
    0.18360347   -0.28663133   -0.13520126    0.20522728    0.26765689    0.44187702
    0.18360221   -0.28661932   -0.13519517    0.20521804    0.26765504    0.44185849
    0.18360147   -0.28660755   -0.13519517    0.20521804    0.26765396    0.44184036
    0.18359926   -0.28659598   -0.13519517    0.20521804    0.26765075    0.44182251
    0.18359562   -0.28658477   -0.13519517    0.20521804    0.26764544    0.44180523
    0.18359060   -0.28657411   -0.13519517    0.20521804    0.26763812    0.44178879
    0.18358429   -0.28656416   -0.13519517    0.20521804    0.26762892    0.44177345
    0.18357677   -0.28655507   -0.13519517    0.20521804    0.26761796    0.44175946
    0.18356818   -0.28654701   -0.13519517    0.20521804    0.26760544    0.44174702
    0.18355865   -0.28654008   -0.13519517    0.20521804    0.26759154    0.44173634
    0.18354832   -0.28653440   -0.13519517    0.20521804    0.26757648    0.44172759
    0.18353736   -0.28653006   -0.13519517    0.20521804    0.26756051    0.44172090
    0.18352595   -0.28652713   -0.13519517    0.20521804    0.26754387    0.44171638
    0.18351426   -0.28652566   -0.13519517    0.20521804    0.26752682    0.44171410
    0.18350247   -0.28652566   -0.13519517    0.20521804    0.26750964    0.44171410
    0.18349078   -0.28652713   -0.13519517    0.20521804    0.26749260    0.44171638
    0.18347936   -0.28653006   -0.13519517    0.20521804    0.26747596    0.44172090
    0.18346841   -0.28653440   -0.13519517    0.20521804    0.26745998    0.44172759
    0.18345808   -0.28654008   -0.13519517    0.20521804    0.26744493    0.44173634
    0.18344854   -0.28654701   -0.13519517    0.20521804    0.26743103    0.44174702
    0.18343995   -0.28655507   -0.13519517    0.20521804    0.26741850    0.44175946
    0.18343244   -0.28656416   -0.13519517    0.20521804    0.26740755    0.44177345
    0.18342612   -0.28657411   -0.13519517    0.20521804    0.26739835    0.44178879
    0.18342111   -0.28658477   -0.13519517    0.20521804    0.26739103    0.44180523
    0.18341747   -0.28659598   -0.13519517    0.20521804    0.26738572    0.44182251
    0.18341526   -0.28660755   -0.13519517    0.20521804    0.26738250    0.44184036
    0.18341452   -0.28661932   -0.13519517    0.20521804    0.26738142    0.44185849
    0.18341526   -0.28663108   -0.13519517    0.20521804    0.26738250    0.44187663
    0.18341747   -0.28664266   -0.13519517    0.20521804    0.26738572    0.44189447
    0.18342111   -0.28665386   -0.13519517    0.20521804    0.26739103    0.44191175
    0.18342612   -0.28666453   -0.13519517    0.20521804    0.26739835    0.44192819
    0.18343244   -0.28667448   -0.13519517    0.20521804    0.26740755    0.44194353
    0.18343995   -0.28668356   -0.13519517    0.20521804    0.26741850    0.44195753
    0.18344854   -0.28669163   -0.13519517    0.20521804    0.26743103    0.44196997
    0.18345808   -0.28669855   -0.13519517    0.20521804    0.26744493    0.44198065
    0.18346841   -0.28670423   -0.13519517    0.20521804    0.26745998    0.44198940
    0.18347936   -0.28670857   -0.13519517    0.20521804    0.26747596    0.44199609
    0.18349078   -0.28671150   -0.13519517    0.20521804    0.26749260    0.44200061
    0.18350247   -0.28671298   -0.13519517    0.20521804    0.26750964    0.44200288
    0.18351426   -0.28671298   -0.13519517    0.20521804    0.26752682    0.44200288
    0.18352595   -0.28671150   -0.13519517    0.20521804    0.26754387    0.44200061
    0.18353736   -0.28670857   -0.13519517    0.20521804    0.26756051    0.44199609
    0.18354832   -0.28670423   -0.13519517    0.20521804    0.26757648    0.44198940
    0.18355865   -0.28669855   -0.13519517    0.20521804    0.26759154    0.44198065
    0.18356818   -0.28669163   -0.13519517    0.20521804    0.26760544    0.44196997
    0.18357677   -0.28668356   -0.13519517    0.20521804    0.26761796    0.44195753
    0.18358429   -0.28667448   -0.13519517    0.20521804    0.26762892    0.44194353
    0.18359060   -0.28666453   -0.13519517    0.20521804    0.26763812    0.44192819
    0.18359562   -0.28665386   -0.13519517    0.20521804    0.26764544    0.44191175
    0.18359926   -0.28664266   -0.13519517    0.20521804    0.26765075    0.44189447
    0.18360147   -0.28663108   -0.13519517    0.20521804    0.26765396    0.44187663
    0.18359980   -0.28661932   -0.13518923    0.20520902    0.26765154    0.44185849
    0.18359908   -0.28660786   -0.13518923    0.20520902    0.26765049    0.44184083
    0.18359693   -0.28659658   -0.13518923    0.20520902    0.26764735    0.44182344
    0.18359338   -0.28658566   -0.13518923    0.20520902    0.26764218    0.44180660
    0.18358849   -0.28657526   -0.13518923    0.20520902    0.26763505    0.44179058
    0.18358234   -0.28656557   -0.13518923    0.20520902    0.26762608    0.44177563
    0.18357502   -0.28655672   -0.13518923    0.20520902    0.26761541    0.44176199
    0.18356665   -0.28654886   -0.13518923    0.20520902    0.26760320    0.44174988
    0.18355736   -0.28654211   -0.13518923    0.20520902    0.26758966    0.44173947
    0.18354730   -0.28653658   -0.13518923    0.20520902    0.26757499    0.44173094
    0.18353662   -0.28653235   -0.13518923    0.20520902    0.26755943    0.44172442
    0.18352550   -0.28652950   -0.13518923    0.20520902    0.26754321    0.44172002
    0.18351411   -0.28652806   -0.13518923    0.20520902    0.26752660    0.44171780
    0.18350262   -0.28652806   -0.13518923    0.20520902    0.26750986    0.44171780
    0.18349123   -0.28652950   -0.13518923    0.20520902    0.26749326    0.44172002
    0.18348011   -0.28653235   -0.13518923    0.20520902    0.26747704    0.44172442
    0.18346943   -0.28653658   -0.13518923    0.20520902    0.26746148    0.44173094
    0.18345937   -0.28654211   -0.13518923    0.20520902    0.26744681    0.44173947
    0.18345008   -0.28654886   -0.13518923    0.20520902    0.26743326    0.44174988
    0.18344171   -0.28655672   -0.13518923    0.20520902    0.26742106    0.44176199
    0.18343439   -0.28656557   -0.13518923    0.20520902    0.26741039    0.44177563
    0.18342823   -0.28657526   -0.13518923    0.20520902    0.26740142    0.44179058
    0.18342334   -0.28658566   -0.13518923    0.20520902    0.26739429    0.44180660
    0.18341980   -0.28659658   -0.13518923    0.20520902    0.26738912    0.44182344
    0.18341764   -0.28660786   -0.13518923    0.20520902    0.26738598    0.44184083
    0.18341692   -0.28661932   -0.13518923    0.20520902    0.26738493    0.44185849
    0.18341764   -0.28663078   -0.13518923    0.20520902    0.26738598    0.44187616
    0.18341980   -0.28664206   -0.13518923    0.20520902    0.26738912    0.44189355
    0.18342334   -0.28665298   -0.13518923    0.20520902    0.26739429    0.44191039
    0.18342823   -0.28666337   -0.13518923    0.20520902    0.26740142    0.44192640
    0.18343439   -0.28667306   -0.13518923    0.20520902    0.26741039    0.44194135
    0.18344171   -0.28668191   -0.13518923    0.20520902    0.26742106    0.44195499
    0.18345008   -0.28668977   -0.13518923    0.20520902    0.26743326    0.44196711
    0.18345937   -0.28669652   -0.13518923    0.20520902    0.26744681    0.44197752
    0.18346943   -0.28670206   -0.13518923    0.20520902    0.26746148    0.44198604
    0.18348011   -0.28670628   -0.13518923    0.20520902    0.26747704    0.44199256
    0.18349123   -0.28670914   -0.13518923    0.20520902    0.26749326    0.44199696
    0.18350262   -0.28671058   -0.13518923    0.20520902    0.26750986    0.44199918
    0.18351411   -0.28671058   -0.13518923    0.20520902    0.26752660    0.44199918
    0.18352550   -0.28670914   -0.13518923    0.20520902    0.26754321    0.44199696
    0.18353662   -0.28670628   -0.13518923    0.20520902    0.26755943    0.44199256
    0.18354730   -0.28670206   -0.13518923    0.20520902    0.26757499    0.44198604
    0.18355736   -0.28669652   -0.13518923    0.20520902    0.26758966    0.44197752
    0.18356665   -0.28668977   -0.13518923    0.20520902    0.26760320    0.44196711
    0.18357502   -0.28668191   -0.13518923    0.20520902    0.26761541    0.44195499
    0.18358234   -0.28667306   -0.13518923    0.20520902    0.26762608    0.44194135
    0.18358849   -0.28666337   -0.13518923    0.20520902    0.26763505    0.44192640
    0.18359338   -0.28665298   -0.13518923    0.20520902    0.26764218    0.44191039
    0.18359693   -0.28664206   -0.13518923    0.20520902    0.26764735    0.44189355
    0.18359908   -0.28663078   -0.13518923    0.20520902    0.26765049    0.44187616
    0.18359702   -0.28661932   -0.13518345    0.20520026    0.26764748    0.44185849
    0.18359632   -0.28660820   -0.13518345    0.20520026    0.26764646    0.44184136
    0.18359424   -0.28659727   -0.13518345    0.20520026    0.26764342    0.44182450
    0.18359080   -0.28658668   -0.13518345    0.20520026    0.26763841    0.44180818
    0.18358606   -0.28657660   -0.13518345    0.20520026    0.26763149    0.44179265
    0.18358009   -0.28656720   -0.13518345    0.20520026    0.26762280    0.44177815
    0.18357299   -0.28655863   -0.13518345    0.20520026    0.26761245    0.44176493
    0.18356488   -0.28655100   -0.13518345    0.20520026    0.26760062    0.44175318
    0.18355587   -0.28654446   -0.13518345    0.20520026    0.26758749    0.44174309
    0.18354611   -0.28653910   -0.13518345    0.20520026    0.26757326    0.44173482
    0.18353576   -0.28653500   -0.13518345    0.20520026    0.26755817    0.44172850
    0.18352498   -0.28653223   -0.13518345    0.20520026    0.26754245    0.44172423
    0.18351393   -0.28653083   -0.13518345    0.20520026    0.26752635    0.44172208
    0.18350280   -0.28653083   -0.13518345    0.20520026    0.26751012    0.44172208
    0.18349175   -0.28653223   -0.13518345    0.20520026    0.26749401    0.44172423
    0.18348097   -0.28653500   -0.13518345    0.20520026    0.26747829    0.44172850
    0.18347061   -0.28653910   -0.13518345    0.20520026    0.26746320    0.44173482
    0.18346086   -0.28654446   -0.13518345    0.20520026    0.26744898    0.44174309
    0.18345185   -0.28655100   -0.13518345    0.20520026    0.26743585    0.44175318
    0.18344373   -0.28655863   -0.13518345    0.20520026    0.26742402    0.44176493
    0.18343664   -0.28656720   -0.13518345    0.20520026    0.26741367    0.44177815
    0.18343067   -0.28657660   -0.13518345    0.20520026    0.26740497    0.44179265
    0.18342593   -0.28658668   -0.13518345    0.20520026    0.26739806    0.44180818
    0.18342249   -0.28659727   -0.13518345    0.20520026    0.26739305    0.44182450
    0.18342040   -0.28660820   -0.13518345    0.20520026    0.26739000    0.44184136
    0.18341970   -0.28661932   -0.13518345    0.20520026    0.26738899    0.44185849
    0.18342040   -0.28663043   -0.13518345    0.20520026    0.26739000    0.44187562
    0.18342249   -0.28664137   -0.13518345    0.20520026    0.26739305    0.44189248
    0.18342593   -0.28665195   -0.13518345    0.20520026    0.26739806    0.44190881
    0.18343067   -0.28666203   -0.13518345    0.20520026    0.26740497    0.44192434
    0.18343664   -0.28667143   -0.13518345    0.20520026    0.26741367    0.44193883
    0.18344373   -0.28668001   -0.13518345    0.20520026    0.26742402    0.44195206
    0.18345185   -0.28668763   -0.13518345    0.20520026    0.26743585    0.44196381
    0.18346086   -0.28669417   -0.13518345    0.20520026    0.26744898    0.44197390
    0.18347061   -0.28669954   -0.13518345    0.20520026    0.26746320    0.44198216
    0.18348097   -0.28670364   -0.13518345    0.20520026    0.26747829    0.44198848
    0.18349175   -0.28670641   -0.13518345    0.20520026    0.26749401    0.44199275
    0.18350280   -0.28670780   -0.13518345    0.20520026    0.26751012    0.44199490
    0.18351393   -0.28670780   -0.13518345    0.20520026    0.26752635    0.44199490
    0.18352498   -0.28670641   -0.13518345    0.20520026    0.26754245    0.44199275
    0.18353576   -0.28670364   -0.13518345    0.20520026    0.26755817    0.44198848
    0.18354611   -0.28669954   -0.13518345    0.20520026    0.26757326    0.44198216
    0.18355587   -0.28669417   -0.13518345    0.20520026    0.26758749    0.44197390
    0.18356488   -0.28668763   -0.13518345    0.20520026    0.26760062    0.44196381
    0.18357299   -0.28668001   -0.13518345    0.20520026    0.26761245    0.44195206
    0.18358009   -0.28667143   -0.13518345    0.20520026    0.26762280    0.44193883
    0.18358606   -0.28666203   -0.13518345    0.20520026    0.26763149    0.44192434
    0.18359080   -0.28665195   -0.13518345    0.20520026    0.26763841    0.44190881
    0.18359424   -0.28664137   -0.13518345    0.20520026    0.26764342    0.44189248
    0.18359632   -0.28663043   -0.13518345    0.20520026    0.26764646    0.44187562
    0.18359388   -0.28661932   -0.13517787    0.20519178    0.26764290    0.44185849
    0.18359320   -0.28660860   -0.13517787    0.20519178    0.26764191    0.44184197
    0.18359119   -0.28659805   -0.13517787    0.20519178    0.26763898    0.44182571
    0.18358787   -0.28658784   -0.13517787    0.20519178    0.26763414    0.44180996
    0.18358330   -0.28657812   -0.13517787    0.20519178    0.26762748    0.44179498
    0.18357755   -0.28656905   -0.13517787    0.20519178    0.26761909    0.44178100
    0.18357070   -0.28656078   -0.13517787    0.20519178    0.26760911    0.44176825
    0.18356287   -0.28655343   -0.13517787    0.20519178    0.26759770    0.44175692
    0.18355418   -0.28654711   -0.13517787    0.20519178    0.26758503    0.44174718
    0.18354477   -0.28654194   -0.13517787    0.20519178    0.26757131    0.44173921
    0.18353479   -0.28653799   -0.13517787    0.20519178    0.26755676    0.44173311
    0.18352439   -0.28653532   -0.13517787    0.20519178    0.26754159    0.44172900
    0.18351373   -0.28653397   -0.13517787    0.20519178    0.26752606    0.44172692
    0.18350299   -0.28653397   -0.13517787    0.20519178    0.26751041    0.44172692
    0.18349234   -0.28653532   -0.13517787    0.20519178    0.26749487    0.44172900
    0.18348194   -0.28653799   -0.13517787    0.20519178    0.26747971    0.44173311
    0.18347195   -0.28654194   -0.13517787    0.20519178    0.26746515    0.44173921
    0.18346254   -0.28654711   -0.13517787    0.20519178    0.26745144    0.44174718
    0.18345385   -0.28655343   -0.13517787    0.20519178    0.26743877    0.44175692
    0.18344603   -0.28656078   -0.13517787    0.20519178    0.26742736    0.44176825
    0.18343918   -0.28656905   -0.13517787    0.20519178    0.26741738    0.44178100
    0.18343343   -0.28657812   -0.13517787    0.20519178    0.26740899    0.44179498
    0.18342885   -0.28658784   -0.13517787    0.20519178    0.26740233    0.44180996
    0.18342554   -0.28659805   -0.13517787    0.20519178    0.26739749    0.44182571
    0.18342352   -0.28660860   -0.13517787    0.20519178    0.26739455    0.44184197
    0.18342285   -0.28661932   -0.13517787    0.20519178    0.26739357    0.44185849
    0.18342352   -0.28663003   -0.13517787    0.20519178    0.26739455    0.44187502
    0.18342554   -0.28664058   -0.13517787    0.20519178    0.26739749    0.44189128
    0.18342885   -0.28665080   -0.13517787    0.20519178    0.26740233    0.44190702
    0.18343343   -0.28666051   -0.13517787    0.20519178    0.26740899    0.44192200
    0.18343918   -0.28666958   -0.13517787    0.20519178    0.26741738    0.44193598
    0.18344603   -0.28667786   -0.13517787    0.20519178    0.26742736    0.44194874
    0.18345385   -0.28668521   -0.13517787    0.20519178    0.26743877    0.44196007
    0.18346254   -0.28669152   -0.13517787    0.20519178    0.26745144    0.44196980
    0.18347195   -0.28669669   -0.13517787    0.20519178    0.26746515    0.44197778
    0.18348194   -0.28670065   -0.13517787    0.20519178    0.26747971    0.44198387
    0.18349234   -0.28670332   -0.13517787    0.20519178    0.26749487    0.44198799
    0.18350299   -0.28670466   -0.13517787    0.20519178    0.26751041    0.44199006
    0.18351373   -0.28670466   -0.13517787    0.20519178    0.26752606    0.44199006
    0.18352439   -0.28670332   -0.13517787    0.20519178    0.26754159    0.44198799
    0.18353479   -0.28670065   -0.13517787    0.20519178    0.26755676    0.44198387
    0.18354477   -0.28669669   -0.13517787    0.20519178    0.26757131    0.44197778
    0.18355418   -0.28669152   -0.13517787    0.20519178    0.26758503    0.44196980
    0.18356287   -0.28668521   -0.13517787    0.20519178    0.26759770    0.44196007
    0.18357070   -0.28667786   -0.13517787    0.20519178    0.26760911    0.44194874
    0.18357755   -0.28666958   -0.13517787    0.20519178    0.26761909    0.44193598
    0.18358330   -0.28666051   -0.13517787    0.20519178    0.26762748    0.44192200
    0.18358787   -0.28665080   -0.13517787    0.20519178    0.26763414    0.44190702
    0.18359119   -0.28664058   -0.13517787    0.20519178    0.26763898    0.44189128
    0.18359320   -0.28663003   -0.13517787    0.20519178    0.26764191    0.44187502
    0.18359038   -0.28661932   -0.13517250    0.20518362    0.26763780    0.44185849
    0.18358973   -0.28660904   -0.13517250    0.20518362    0.26763686    0.44184265
    0.18358780   -0.28659892   -0.13517250    0.20518362    0.26763404    0.44182705
    0.18358462   -0.28658912   -0.13517250    0.20518362    0.26762940    0.44181195
    0.18358024   -0.28657980   -0.13517250    0.20518362    0.26762301    0.44179758
    0.18357472   -0.28657111   -0.13517250    0.20518362    0.26761496    0.44178417
    0.18356815   -0.28656317   -0.13517250    0.20518362    0.26760539    0.44177194
    0.18356064   -0.28655612   -0.13517250    0.20518362    0.26759445    0.44176107
    0.18355231   -0.28655007   -0.13517250    0.20518362    0.26758230    0.44175174
    0.18354328   -0.28654511   -0.13517250    0.20518362    0.26756914    0.44174409
    0.18353371   -0.28654131   -0.13517250    0.20518362    0.26755518    0.44173824
    0.18352373   -0.28653875   -0.13517250    0.20518362    0.26754064    0.44173429
    0.18351351   -0.28653746   -0.13517250    0.20518362    0.26752574    0.44173230
    0.18350321   -0.28653746   -0.13517250    0.20518362    0.26751073    0.44173230
    0.18349300   -0.28653875   -0.13517250    0.20518362    0.26749583    0.44173429
    0.18348302   -0.28654131   -0.13517250    0.20518362    0.26748129    0.44173824
    0.18347344   -0.28654511   -0.13517250    0.20518362    0.26746733    0.44174409
    0.18346442   -0.28655007   -0.13517250    0.20518362    0.26745417    0.44175174
    0.18345608   -0.28655612   -0.13517250    0.20518362    0.26744202    0.44176107
    0.18344858   -0.28656317   -0.13517250    0.20518362    0.26743107    0.44177194
    0.18344201   -0.28657111   -0.13517250    0.20518362    0.26742150    0.44178417
    0.18343649   -0.28657980   -0.13517250    0.20518362    0.26741346    0.44179758
    0.18343211   -0.28658912   -0.13517250    0.20518362    0.26740707    0.44181195
    0.18342892   -0.28659892   -0.13517250    0.20518362    0.26740243    0.44182705
    0.18342699   -0.28660904   -0.13517250    0.20518362    0.26739961    0.44184265
    0.18342635   -0.28661932   -0.13517250    0.20518362    0.26739867    0.44185849
    0.18342699   -0.28662960   -0.13517250    0.20518362    0.26739961    0.44187434
    0.18342892   -0.28663971   -0.13517250    0.20518362    0.26740243    0.44188994
    0.18343211   -0.28664951   -0.13517250    0.20518362    0.26740707    0.44190504
    0.18343649   -0.28665883   -0.13517250    0.20518362    0.26741346    0.44191941
    0.18344201   -0.28666753   -0.13517250    0.20518362    0.26742150    0.44193281
    0.18344858   -0.28667546   -0.13517250    0.20518362    0.26743107    0.44194505
    0.18345608   -0.28668251   -0.13517250    0.20518362    0.26744202    0.44195592
    0.18346442   -0.28668857   -0.13517250    0.20518362    0.26745417    0.44196525
    0.18347344   -0.28669353   -0.13517250    0.20518362    0.26746733    0.44197290
    0.18348302   -0.28669732   -0.13517250    0.20518362    0.26748129    0.44197874
    0.18349300   -0.28669988   -0.13517250    0.20518362    0.26749583    0.44198269
    0.18350321   -0.28670117   -0.13517250    0.20518362    0.26751073    0.44198468
    0.18351351   -0.28670117   -0.13517250    0.20518362    0.26752574    0.44198468
    0.18352373   -0.28669988   -0.13517250    0.20518362    0.26754064    0.44198269
    0.18353371   -0.28669732   -0.13517250    0.20518362    0.26755518    0.44197874
    0.18354328   -0.28669353   -0.13517250    0.20518362    0.26756914    0.44197290
    0.18355231   -0.28668857   -0.13517250    0.20518362    0.26758230    0.44196525
    0.18356064   -0.28668251   -0.13517250    0.20518362    0.26759445    0.44195592
    0.18356815   -0.28667546   -0.13517250    0.20518362    0.26760539    0.44194505
    0.18357472   -0.28666753   -0.13517250    0.20518362    0.26761496    0.44193281
    0.18358024   -0.28665883   -0.13517250    0.20518362    0.26762301    0.44191941
    0.18358462   -0.28664951   -0.13517250    0.20518362    0.26762940    0.44190504
    0.18358780   -0.28663971   -0.13517250    0.20518362    0.26763404    0.44188994
    0.18358973   -0.28662960   -0.13517250    0.20518362    0.26763686    0.44187434
    0.18358655   -0.28661932   -0.13516736    0.20517582    0.26763221    0.44185849
    0.18358593   -0.28660952   -0.13516736    0.20517582    0.26763131    0.44184339
    0.18358409   -0.28659987   -0.13516736    0.20517582    0.26762863    0.44182852
    0.18358106   -0.28659054   -0.13516736    0.20517582    0.26762421    0.44181412
    0.18357688   -0.28658165   -0.13516736    0.20517582    0.26761811    0.44180043
    0.18357162   -0.28657336   -0.13516736    0.20517582    0.26761044    0.44178765
    0.18356536   -0.28656580   -0.13516736    0.20517582    0.26760132    0.44177599
    0.18355820   -0.28655908   -0.13516736    0.20517582    0.26759088    0.44176562
    0.18355026   -0.28655330   -0.13516736    0.20517582    0.26757930    0.44175673
    0.18354165   -0.28654857   -0.13516736    0.20517582    0.26756676    0.44174944
    0.18353252   -0.28654496   -0.13516736    0.20517582    0.26755345    0.44174386
    0.18352301   -0.28654252   -0.13516736    0.20517582    0.26753959    0.44174010
    0.18351327   -0.28654129   -0.13516736    0.20517582    0.26752539    0.44173820
    0.18350345   -0.28654129   -0.13516736    0.20517582    0.26751108    0.44173820
    0.18349371   -0.28654252   -0.13516736    0.20517582    0.26749688    0.44174010
    0.18348420   -0.28654496   -0.13516736    0.20517582    0.26748301    0.44174386
    0.18347507   -0.28654857   -0.13516736    0.20517582    0.26746971    0.44174944
    0.18346647   -0.28655330   -0.13516736    0.20517582    0.26745716    0.44175673
    0.18345853   -0.28655908   -0.13516736    0.20517582    0.26744558    0.44176562
    0.18345137   -0.28656580   -0.13516736    0.20517582    0.26743515    0.44177599
    0.18344511   -0.28657336   -0.13516736    0.20517582    0.26742603    0.44178765
    0.18343985   -0.28658165   -0.13516736    0.20517582    0.26741836    0.44180043
    0.18343567   -0.28659054   -0.13516736    0.20517582    0.26741226    0.44181412
    0.18343264   -0.28659987   -0.13516736    0.20517582    0.26740784    0.44182852
    0.18343080   -0.28660952   -0.13516736    0.20517582    0.26740516    0.44184339
    0.18343018   -0.28661932   -0.13516736    0.20517582    0.26740426    0.44185849
    0.18343080   -0.28662912   -0.13516736    0.20517582    0.26740516    0.44187360
    0.18343264   -0.28663876   -0.13516736    0.20517582    0.26740784    0.44188847
    0.18343567   -0.28664810   -0.13516736    0.20517582    0.26741226    0.44190286
    0.18343985   -0.28665698   -0.13516736    0.20517582    0.26741836    0.44191656
    0.18344511   -0.28666527   -0.13516736    0.20517582    0.26742603    0.44192934
    0.18345137   -0.28667284   -0.13516736    0.20517582    0.26743515    0.44194100
    0.18345853   -0.28667956   -0.13516736    0.20517582    0.26744558    0.44195136
    0.18346647   -0.28668533   -0.13516736    0.20517582    0.26745716    0.44196026
    0.18347507   -0.28669006   -0.13516736    0.20517582    0.26746971    0.44196755
    0.18348420   -0.28669367   -0.13516736    0.20517582    0.26748301    0.44197312
    0.18349371   -0.28669612   -0.13516736    0.20517582    0.26749688    0.44197689
    0.18350345   -0.28669735   -0.13516736    0.20517582    0.26751108    0.44197878
    0.18351327   -0.28669735   -0.13516736    0.20517582    0.26752539    0.44197878
    0.18352301   -0.28669612   -0.13516736    0.20517582    0.26753959    0.44197689
    0.18353252   -0.28669367   -0.13516736    0.20517582    0.26755345    0.44197312
    0.18354165   -0.28669006   -0.13516736    0.20517582    0.26756676    0.44196755
    0.18355026   -0.28668533   -0.13516736    0.20517582    0.26757930    0.44196026
    0.18355820   -0.28667956   -0.13516736    0.20517582    0.26759088    0.44195136
    0.18356536   -0.28667284   -0.13516736    0.20517582    0.26760132    0.44194100
    0.18357162   -0.28666527   -0.13516736    0.20517582    0.26761044    0.44192934
    0.18357688   -0.28665698   -0.13516736    0.20517582    0.26761811    0.44191656
    0.18358106   -0.28664810   -0.13516736    0.20517582    0.26762421    0.44190286
    0.18358409   -0.28663876   -0.13516736    0.20517582    0.26762863    0.44188847
    0.18358593   -0.28662912   -0.13516736    0.20517582    0.26763131    0.44187360
    0.18358239   -0.28661932   -0.13516248    0.20516841    0.26762615    0.44185849
    0.18358181   -0.28661004   -0.13516248    0.20516841    0.26762530    0.44184419
    0.18358007   -0.28660091   -0.13516248    0.20516841    0.26762276    0.44183011
    0.18357719   -0.28659207   -0.13516248    0.20516841    0.26761857    0.44181648
    0.18357323   -0.28658365   -0.13516248    0.20516841    0.26761280    0.44180351
    0.18356825   -0.28657580   -0.13516248    0.20516841    0.26760554    0.44179141
    0.18356233   -0.28656864   -0.13516248    0.20516841    0.26759690    0.44178037
    0.18355555   -0.28656228   -0.13516248    0.20516841    0.26758702    0.44177056
    0.18354803   -0.28655681   -0.13516248    0.20516841    0.26757606    0.44176214
    0.18353988   -0.28655233   -0.13516248    0.20516841    0.26756418    0.44175523
    0.18353124   -0.28654891   -0.13516248    0.20516841    0.26755158    0.44174996
    0.18352223   -0.28654660   -0.13516248    0.20516841    0.26753846    0.44174639
    0.18351301   -0.28654544   -0.13516248    0.20516841    0.26752501    0.44174460
    0.18350372   -0.28654544   -0.13516248    0.20516841    0.26751146    0.44174460
    0.18349449   -0.28654660   -0.13516248    0.20516841    0.26749801    0.44174639
    0.18348549   -0.28654891   -0.13516248    0.20516841    0.26748489    0.44174996
    0.18347684   -0.28655233   -0.13516248    0.20516841    0.26747228    0.44175523
    0.18346870   -0.28655681   -0.13516248    0.20516841    0.26746041    0.44176214
    0.18346118   -0.28656228   -0.13516248    0.20516841    0.26744944    0.44177056
    0.18345440   -0.28656864   -0.13516248    0.20516841    0.26743957    0.44178037
    0.18344847   -0.28657580   -0.13516248    0.20516841    0.26743093    0.44179141
    0.18344349   -0.28658365   -0.13516248    0.20516841    0.26742366    0.44180351
    0.18343953   -0.28659207   -0.13516248    0.20516841    0.26741789    0.44181648
    0.18343666   -0.28660091   -0.13516248    0.20516841    0.26741371    0.44183011
    0.18343492   -0.28661004   -0.13516248    0.20516841    0.26741117    0.44184419
    0.18343434   -0.28661932   -0.13516248    0.20516841    0.26741032    0.44185849
    0.18343492   -0.28662860   -0.13516248    0.20516841    0.26741117    0.44187280
    0.18343666   -0.28663773   -0.13516248    0.20516841    0.26741371    0.44188687
    0.18343953   -0.28664657   -0.13516248    0.20516841    0.26741789    0.44190050
    0.18344349   -0.28665498   -0.13516248    0.20516841    0.26742366    0.44191347
    0.18344847   -0.28666283   -0.13516248    0.20516841    0.26743093    0.44192557
    0.18345440   -0.28666999   -0.13516248    0.20516841    0.26743957    0.44193662
    0.18346118   -0.28667636   -0.13516248    0.20516841    0.26744944    0.44194643
    0.18346870   -0.28668182   -0.13516248    0.20516841    0.26746041    0.44195485
    0.18347684   -0.28668630   -0.13516248    0.20516841    0.26747228    0.44196175
    0.18348549   -0.28668972   -0.13516248    0.20516841    0.26748489    0.44196703
    0.18349449   -0.28669203   -0.13516248    0.20516841    0.26749801    0.44197059
    0.18350372   -0.28669320   -0.13516248    0.20516841    0.26751146    0.44197239
    0.18351301   -0.28669320   -0.13516248    0.20516841    0.26752501    0.44197239
    0.18352223   -0.28669203   -0.13516248    0.20516841    0.26753846    0.44197059
    0.18353124   -0.28668972   -0.13516248    0.20516841    0.26755158    0.44196703
    0.18353988   -0.28668630   -0.13516248    0.20516841    0.26756418    0.44196175
    0.18354803   -0.28668182   -0.13516248    0.20516841    0.26757606    0.44195485
    0.18355555   -0.28667636   -0.13516248    0.20516841    0.26758702    0.44194643
    0.18356233   -0.28666999   -0.13516248    0.20516841    0.26759690    0.44193662
    0.18356825   -0.28666283   -0.13516248    0.20516841    0.26760554    0.44192557
    0.18357323   -0.28665498   -0.13516248    0.20516841    0.26761280    0.44191347
    0.18357719   -0.28664657   -0.13516248    0.20516841    0.26761857    0.44190050
    0.18358007   -0.28663773   -0.13516248    0.20516841    0.26762276    0.44188687
    0.18358181   -0.28662860   -0.13516248    0.20516841    0.26762530    0.44187280
    0.18357793   -0.28661932   -0.13515787    0.20516142    0.26761965    0.44185849
    0.18357738   -0.28661060   -0.13515787    0.20516142    0.26761885    0.44184505
    0.18357575   -0.28660202   -0.13515787    0.20516142    0.26761646    0.44183182
    0.18357305   -0.28659371   -0.13515787    0.20516142    0.26761253    0.44181901
    0.18356933   -0.28658580   -0.13515787    0.20516142    0.26760711    0.44180683
    0.18356465   -0.28657843   -0.13515787    0.20516142    0.26760028    0.44179545
    0.18355908   -0.28657169   -0.13515787    0.20516142    0.26759216    0.44178508
    0.18355271   -0.28656571   -0.13515787    0.20516142    0.26758288    0.44177586
    0.18354564   -0.28656058   -0.13515787    0.20516142    0.26757258    0.44176794
    0.18353798   -0.28655637   -0.13515787    0.20516142    0.26756141    0.44176145
    0.18352986   -0.28655315   -0.13515787    0.20516142    0.26754957    0.44175649
    0.18352140   -0.28655098   -0.13515787    0.20516142    0.26753724    0.44175314
    0.18351273   -0.28654989   -0.13515787    0.20516142    0.26752460    0.44175146
    0.18350400   -0.28654989   -0.13515787    0.20516142    0.26751187    0.44175146
    0.18349533   -0.28655098   -0.13515787    0.20516142    0.26749923    0.44175314
    0.18348687   -0.28655315   -0.13515787    0.20516142    0.26748689    0.44175649
    0.18347874   -0.28655637   -0.13515787    0.20516142    0.26747505    0.44176145
    0.18347109   -0.28656058   -0.13515787    0.20516142    0.26746389    0.44176794
    0.18346402   -0.28656571   -0.13515787    0.20516142    0.26745359    0.44177586
    0.18345765   -0.28657169   -0.13515787    0.20516142    0.26744430    0.44178508
    0.18345208   -0.28657843   -0.13515787    0.20516142    0.26743619    0.44179545
    0.18344740   -0.28658580   -0.13515787    0.20516142    0.26742936    0.44180683
    0.18344368   -0.28659371   -0.13515787    0.20516142    0.26742394    0.44181901
    0.18344098   -0.28660202   -0.13515787    0.20516142    0.26742000    0.44183182
    0.18343934   -0.28661060   -0.13515787    0.20516142    0.26741762    0.44184505
    0.18343880   -0.28661932   -0.13515787    0.20516142    0.26741682    0.44185849
    0.18343934   -0.28662804   -0.13515787    0.20516142    0.26741762    0.44187193
    0.18344098   -0.28663662   -0.13515787    0.20516142    0.26742000    0.44188516
    0.18344368   -0.28664493   -0.13515787    0.20516142    0.26742394    0.44189797
    0.18344740   -0.28665283   -0.13515787    0.20516142    0.26742936    0.44191016
    0.18345208   -0.28666021   -0.13515787    0.20516142    0.26743619    0.44192153
    0.18345765   -0.28666694   -0.13515787    0.20516142    0.26744430    0.44193191
    0.18346402   -0.28667292   -0.13515787    0.20516142    0.26745359    0.44194113
    0.18347109   -0.28667806   -0.13515787    0.20516142    0.26746389    0.44194905
    0.18347874   -0.28668226   -0.13515787    0.20516142    0.26747505    0.44195553
    0.18348687   -0.28668548   -0.13515787    0.20516142    0.26748689    0.44196049
    0.18349533   -0.28668765   -0.13515787    0.20516142    0.26749923    0.44196384
    0.18350400   -0.28668875   -0.13515787    0.20516142    0.26751187    0.44196553
    0.18351273   -0.28668875   -0.13515787    0.20516142    0.26752460    0.44196553
    0.18352140   -0.28668765   -0.13515787    0.20516142    0.26753724    0.44196384
    0.18352986   -0.28668548   -0.13515787    0.20516142    0.26754957    0.44196049
    0.18353798   -0.28668226   -0.13515787    0.20516142    0.26756141    0.44195553
    0.18354564   -0.28667806   -0.13515787    0.20516142    0.26757258    0.44194905
    0.18355271   -0.28667292   -0.13515787    0.20516142    0.26758288    0.44194113
    0.18355908   -0.28666694   -0.13515787    0.20516142    0.26759216    0.44193191
    0.18356465   -0.28666021   -0.13515787    0.20516142    0.26760028    0.44192153
    0.18356933   -0.28665283   -0.13515787    0.20516142    0.26760711    0.44191016
    0.18357305   -0.28664493   -0.13515787    0.20516142    0.26761253    0.44189797
    0.18357575   -0.28663662   -0.13515787    0.20516142    0.26761646    0.44188516
    0.18357738   -0.28662804   -0.13515787    0.20516142    0.26761885    0.44187193
    0.18357319   -0.28661932   -0.13515356    0.20515488    0.26761273    0.44185849
    0.18357268   -0.28661119   -0.13515356    0.20515488    0.26761199    0.44184597
    0.18357115   -0.28660320   -0.13515356    0.20515488    0.26760976    0.44183364
    0.18356863   -0.28659545   -0.13515356    0.20515488    0.26760610    0.44182171
    0.18356517   -0.28658809   -0.13515356    0.20515488    0.26760104    0.44181035
    0.18356081   -0.28658122   -0.13515356    0.20515488    0.26759468    0.44179975
    0.18355562   -0.28657494   -0.13515356    0.20515488    0.26758712    0.44179008
    0.18354968   -0.28656937   -0.13515356    0.20515488    0.26757847    0.44178149
    0.18354310   -0.28656459   -0.13515356    0.20515488    0.26756887    0.44177412
    0.18353596   -0.28656066   -0.13515356    0.20515488    0.26755847    0.44176807
    0.18352839   -0.28655767   -0.13515356    0.20515488    0.26754744    0.44176345
    0.18352051   -0.28655564   -0.13515356    0.20515488    0.26753594    0.44176033
    0.18351243   -0.28655462   -0.13515356    0.20515488    0.26752417    0.44175876
    0.18350429   -0.28655462   -0.13515356    0.20515488    0.26751230    0.44175876
    0.18349622   -0.28655564   -0.13515356    0.20515488    0.26750053    0.44176033
    0.18348833   -0.28655767   -0.13515356    0.20515488    0.26748903    0.44176345
    0.18348076   -0.28656066   -0.13515356    0.20515488    0.26747800    0.44176807
    0.18347363   -0.28656459   -0.13515356    0.20515488    0.26746760    0.44177412
    0.18346704   -0.28656937   -0.13515356    0.20515488    0.26745800    0.44178149
    0.18346111   -0.28657494   -0.13515356    0.20515488    0.26744935    0.44179008
    0.18345592   -0.28658122   -0.13515356    0.20515488    0.26744178    0.44179975
    0.18345156   -0.28658809   -0.13515356    0.20515488    0.26743542    0.44181035
    0.18344809   -0.28659545   -0.13515356    0.20515488    0.26743037    0.44182171
    0.18344558   -0.28660320   -0.13515356    0.20515488    0.26742670    0.44183364
    0.18344405   -0.28661119   -0.13515356    0.20515488    0.26742448    0.44184597
    0.18344354   -0.28661932   -0.13515356    0.20515488    0.26742373    0.44185849
    0.18344405   -0.28662744   -0.13515356    0.20515488    0.26742448    0.44187102
    0.18344558   -0.28663544   -0.13515356    0.20515488    0.26742670    0.44188335
    0.18344809   -0.28664318   -0.13515356    0.20515488    0.26743037    0.44189528
    0.18345156   -0.28665055   -0.13515356    0.20515488    0.26743542    0.44190664
    0.18345592   -0.28665742   -0.13515356    0.20515488    0.26744178    0.44191723
    0.18346111   -0.28666369   -0.13515356    0.20515488    0.26744935    0.44192690
    0.18346704   -0.28666926   -0.13515356    0.20515488    0.26745800    0.44193549
    0.18347363   -0.28667405   -0.13515356    0.20515488    0.26746760    0.44194287
    0.18348076   -0.28667797   -0.13515356    0.20515488    0.26747800    0.44194891
    0.18348833   -0.28668097   -0.13515356    0.20515488    0.26748903    0.44195353
    0.18349622   -0.28668299   -0.13515356    0.20515488    0.26750053    0.44195666
    0.18350429   -0.28668401   -0.13515356    0.20515488    0.26751230    0.44195823
    0.18351243   -0.28668401   -0.13515356    0.20515488    0.26752417    0.44195823
    0.18352051   -0.28668299   -0.13515356    0.20515488    0.26753594    0.44195666
    0.18352839   -0.28668097   -0.13515356    0.20515488    0.26754744    0.44195353
    0.18353596   -0.28667797   -0.13515356    0.20515488    0.26755847    0.44194891
    0.18354310   -0.28667405   -0.13515356    0.20515488    0.26756887    0.44194287
    0.18354968   -0.28666926   -0.13515356    0.20515488    0.26757847    0.44193549
    0.18355562   -0.28666369   -0.13515356    0.20515488    0.26758712    0.44192690
    0.18356081   -0.28665742   -0.13515356    0.20515488    0.26759468    0.44191723
    0.18356517   -0.28665055   -0.13515356    0.20515488    0.26760104    0.44190664
    0.18356863   -0.28664318   -0.13515356    0.20515488    0.26760610    0.44189528
    0.18357115   -0.28663544   -0.13515356    0.20515488    0.26760976    0.44188335
    0.18357268   -0.28662744   -0.13515356    0.20515488    0.26761199    0.44187102
    0.18356817   -0.28661932   -0.13514957    0.20514882    0.26760543    0.44185849
    0.18356770   -0.28661182   -0.13514957    0.20514882    0.26760474    0.44184694
    0.18356630   -0.28660444   -0.13514957    0.20514882    0.26760269    0.44183556
    0.18356397   -0.28659730   -0.13514957    0.20514882    0.26759930    0.44182455
    0.18356078   -0.28659050   -0.13514957    0.20514882    0.26759464    0.44181407
    0.18355675   -0.28658416   -0.13514957    0.20514882    0.26758877    0.44180430
    0.18355196   -0.28657837   -0.13514957    0.20514882    0.26758179    0.44179537
    0.18354649   -0.28657323   -0.13514957    0.20514882    0.26757381    0.44178745
    0.18354041   -0.28656882   -0.13514957    0.20514882    0.26756495    0.44178064
    0.18353383   -0.28656520   -0.13514957    0.20514882    0.26755536    0.44177506
    0.18352685   -0.28656243   -0.13514957    0.20514882    0.26754518    0.44177080
    0.18351957   -0.28656057   -0.13514957    0.20514882    0.26753457    0.44176792
    0.18351212   -0.28655962   -0.13514957    0.20514882    0.26752371    0.44176647
    0.18350461   -0.28655962   -0.13514957    0.20514882    0.26751276    0.44176647
    0.18349716   -0.28656057   -0.13514957    0.20514882    0.26750190    0.44176792
    0.18348988   -0.28656243   -0.13514957    0.20514882    0.26749129    0.44177080
    0.18348290   -0.28656520   -0.13514957    0.20514882    0.26748111    0.44177506
    0.18347632   -0.28656882   -0.13514957    0.20514882    0.26747151    0.44178064
    0.18347024   -0.28657323   -0.13514957    0.20514882    0.26746266    0.44178745
    0.18346476   -0.28657837   -0.13514957    0.20514882    0.26745467    0.44179537
    0.18345998   -0.28658416   -0.13514957    0.20514882    0.26744769    0.44180430
    0.18345595   -0.28659050   -0.13514957    0.20514882    0.26744183    0.44181407
    0.18345275   -0.28659730   -0.13514957    0.20514882    0.26743716    0.44182455
    0.18345043   -0.28660444   -0.13514957    0.20514882    0.26743378    0.44183556
    0.18344902   -0.28661182   -0.13514957    0.20514882    0.26743173    0.44184694
    0.18344855   -0.28661932   -0.13514957    0.20514882    0.26743104    0.44185849
    0.18344902   -0.28662681   -0.13514957    0.20514882    0.26743173    0.44187005
    0.18345043   -0.28663419   -0.13514957    0.20514882    0.26743378    0.44188142
    0.18345275   -0.28664133   -0.13514957    0.20514882    0.26743716    0.44189244
    0.18345595   -0.28664813   -0.13514957    0.20514882    0.26744183    0.44190291
    0.18345998   -0.28665447   -0.13514957    0.20514882    0.26744769    0.44191269
    0.18346476   -0.28666026   -0.13514957    0.20514882    0.26745467    0.44192161
    0.18347024   -0.28666540   -0.13514957    0.20514882    0.26746266    0.44192954
    0.18347632   -0.28666982   -0.13514957    0.20514882    0.26747151    0.44193635
    0.18348290   -0.28667344   -0.13514957    0.20514882    0.26748111    0.44194192
    0.18348988   -0.28667620   -0.13514957    0.20514882    0.26749129    0.44194619
    0.18349716   -0.28667807   -0.13514957    0.20514882    0.26750190    0.44194907
    0.18350461   -0.28667901   -0.13514957    0.20514882    0.26751276    0.44195052
    0.18351212   -0.28667901   -0.13514957    0.20514882    0.26752371    0.44195052
    0.18351957   -0.28667807   -0.13514957    0.20514882    0.26753457    0.44194907
    0.18352685   -0.28667620   -0.13514957    0.20514882    0.26754518    0.44194619
    0.18353383   -0.28667344   -0.13514957    0.20514882    0.26755536    0.44194192
    0.18354041   -0.28666982   -0.13514957    0.20514882    0.26756495    0.44193635
    0.18354649   -0.28666540   -0.13514957    0.20514882    0.26757381    0.44192954
    0.18355196   -0.28666026   -0.13514957    0.20514882    0.26758179    0.44192161
    0.18355675   -0.28665447   -0.13514957    0.20514882    0.26758877    0.44191269
    0.18356078   -0.28664813   -0.13514957    0.20514882    0.26759464    0.44190291
    0.18356397   -0.28664133   -0.13514957    0.20514882    0.26759930    0.44189244
    0.18356630   -0.28663419   -0.13514957    0.20514882    0.26760269    0.44188142
    0.18356770   -0.28662681   -0.13514957    0.20514882    0.26760474    0.44187005
    0.18356292   -0.28661932   -0.13514590    0.20514325    0.26759776    0.44185849
    0.18356249   -0.28661248   -0.13514590    0.20514325    0.26759713    0.44184795
    0.18356120   -0.28660575   -0.13514590    0.20514325    0.26759526    0.44183758
    0.18355909   -0.28659923   -0.13514590    0.20514325    0.26759218    0.44182753
    0.18355617   -0.28659304   -0.13514590    0.20514325    0.26758792    0.44181798
    0.18355250   -0.28658725   -0.13514590    0.20514325    0.26758257    0.44180906
    0.18354813   -0.28658197   -0.13514590    0.20514325    0.26757621    0.44180092
    0.18354314   -0.28657728   -0.13514590    0.20514325    0.26756893    0.44179369
    0.18353759   -0.28657326   -0.13514590    0.20514325    0.26756085    0.44178748
    0.18353159   -0.28656996   -0.13514590    0.20514325    0.26755209    0.44178240
    0.18352522   -0.28656743   -0.13514590    0.20514325    0.26754281    0.44177851
    0.18351859   -0.28656573   -0.13514590    0.20514325    0.26753314    0.44177588
    0.18351179   -0.28656487   -0.13514590    0.20514325    0.26752323    0.44177456
    0.18350494   -0.28656487   -0.13514590    0.20514325    0.26751324    0.44177456
    0.18349814   -0.28656573   -0.13514590    0.20514325    0.26750333    0.44177588
    0.18349151   -0.28656743   -0.13514590    0.20514325    0.26749366    0.44177851
    0.18348514   -0.28656996   -0.13514590    0.20514325    0.26748437    0.44178240
    0.18347913   -0.28657326   -0.13514590    0.20514325    0.26747562    0.44178748
    0.18347359   -0.28657728   -0.13514590    0.20514325    0.26746754    0.44179369
    0.18346860   -0.28658197   -0.13514590    0.20514325    0.26746026    0.44180092
    0.18346423   -0.28658725   -0.13514590    0.20514325    0.26745389    0.44180906
    0.18346056   -0.28659304   -0.13514590    0.20514325    0.26744854    0.44181798
    0.18345764   -0.28659923   -0.13514590    0.20514325    0.26744429    0.44182753
    0.18345552   -0.28660575   -0.13514590    0.20514325    0.26744120    0.44183758
    0.18345424   -0.28661248   -0.13514590    0.20514325    0.26743933    0.44184795
    0.18345381   -0.28661932   -0.13514590    0.20514325    0.26743871    0.44185849
    0.18345424   -0.28662615   -0.13514590    0.20514325    0.26743933    0.44186903
    0.18345552   -0.28663288   -0.13514590    0.20514325    0.26744120    0.44187941
    0.18345764   -0.28663940   -0.13514590    0.20514325    0.26744429    0.44188945
    0.18346056   -0.28664560   -0.13514590    0.20514325    0.26744854    0.44189901
    0.18346423   -0.28665138   -0.13514590    0.20514325    0.26745389    0.44190793
    0.18346860   -0.28665666   -0.13514590    0.20514325    0.26746026    0.44191606
    0.18347359   -0.28666135   -0.13514590    0.20514325    0.26746754    0.44192329
    0.18347913   -0.28666538   -0.13514590    0.20514325    0.26747562    0.44192950
    0.18348514   -0.28666868   -0.13514590    0.20514325    0.26748437    0.44193459
    0.18349151   -0.28667120   -0.13514590    0.20514325    0.26749366    0.44193848
    0.18349814   -0.28667290   -0.13514590    0.20514325    0.26750333    0.44194110
    0.18350494   -0.28667376   -0.13514590    0.20514325    0.26751324    0.44194243
    0.18351179   -0.28667376   -0.13514590    0.20514325    0.26752323    0.44194243
    0.18351859   -0.28667290   -0.13514590    0.20514325    0.26753314    0.44194110
    0.18352522   -0.28667120   -0.13514590    0.20514325    0.26754281    0.44193848
    0.18353159   -0.28666868   -0.13514590    0.20514325    0.26755209    0.44193459
    0.18353759   -0.28666538   -0.13514590    0.20514325    0.26756085    0.44192950
    0.18354314   -0.28666135   -0.13514590    0.20514325    0.26756893    0.44192329
    0.18354813   -0.28665666   -0.13514590    0.20514325    0.26757621    0.44191606
    0.18355250   -0.28665138   -0.13514590    0.20514325    0.26758257    0.44190793
    0.18355617   -0.28664560   -0.13514590    0.20514325    0.26758792    0.44189901
    0.18355909   -0.28663940   -0.13514590    0.20514325    0.26759218    0.44188945
    0.18356120   -0.28663288   -0.13514590    0.20514325    0.26759526    0.44187941
    0.18356249   -0.28662615   -0.13514590    0.20514325    0.26759713    0.44186903
    0.18355744   -0.28661932   -0.13514258    0.20513821    0.26758977    0.44185849
    0.18355705   -0.28661317   -0.13514258    0.20513821    0.26758921    0.44184901
    0.18355589   -0.28660711   -0.13514258    0.20513821    0.26758752    0.44183968
    0.18355399   -0.28660125   -0.13514258    0.20513821    0.26758475    0.44183064
    0.18355137   -0.28659568   -0.13514258    0.20513821    0.26758092    0.44182205
    0.18354806   -0.28659047   -0.13514258    0.20513821    0.26757611    0.44181403
    0.18354414   -0.28658572   -0.13514258    0.20513821    0.26757038    0.44180671
    0.18353964   -0.28658151   -0.13514258    0.20513821    0.26756383    0.44180020
    0.18353466   -0.28657788   -0.13514258    0.20513821    0.26755656    0.44179462
    0.18352926   -0.28657492   -0.13514258    0.20513821    0.26754869    0.44179004
    0.18352353   -0.28657265   -0.13514258    0.20513821    0.26754034    0.44178655
    0.18351756   -0.28657111   -0.13514258    0.20513821    0.26753164    0.44178418
    0.18351144   -0.28657034   -0.13514258    0.20513821    0.26752273    0.44178299
    0.18350528   -0.28657034   -0.13514258    0.20513821    0.26751374    0.44178299
    0.18349917   -0.28657111   -0.13514258    0.20513821    0.26750483    0.44178418
    0.18349320   -0.28657265   -0.13514258    0.20513821    0.26749613    0.44178655
    0.18348747   -0.28657492   -0.13514258    0.20513821    0.26748777    0.44179004
    0.18348207   -0.28657788   -0.13514258    0.20513821    0.26747990    0.44179462
    0.18347708   -0.28658151   -0.13514258    0.20513821    0.26747263    0.44180020
    0.18347259   -0.28658572   -0.13514258    0.20513821    0.26746609    0.44180671
    0.18346866   -0.28659047   -0.13514258    0.20513821    0.26746036    0.44181403
    0.18346536   -0.28659568   -0.13514258    0.20513821    0.26745555    0.44182205
    0.18346274   -0.28660125   -0.13514258    0.20513821    0.26745172    0.44183064
    0.18346083   -0.28660711   -0.13514258    0.20513821    0.26744894    0.44183968
    0.18345968   -0.28661317   -0.13514258    0.20513821    0.26744726    0.44184901
    0.18345929   -0.28661932   -0.13514258    0.20513821    0.26744670    0.44185849
    0.18345968   -0.28662547   -0.13514258    0.20513821    0.26744726    0.44186797
    0.18346083   -0.28663152   -0.13514258    0.20513821    0.26744894    0.44187731
    0.18346274   -0.28663738   -0.13514258    0.20513821    0.26745172    0.44188634
    0.18346536   -0.28664296   -0.13514258    0.20513821    0.26745555    0.44189494
    0.18346866   -0.28664816   -0.13514258    0.20513821    0.26746036    0.44190296
    0.18347259   -0.28665291   -0.13514258    0.20513821    0.26746609    0.44191028
    0.18347708   -0.28665713   -0.13514258    0.20513821    0.26747263    0.44191678
    0.18348207   -0.28666075   -0.13514258    0.20513821    0.26747990    0.44192237
    0.18348747   -0.28666372   -0.13514258    0.20513821    0.26748777    0.44192694
    0.18349320   -0.28666599   -0.13514258    0.20513821    0.26749613    0.44193044
    0.18349917   -0.28666752   -0.13514258    0.20513821    0.26750483    0.44193280
    0.18350528   -0.28666829   -0.13514258    0.20513821    0.26751374    0.44193399
    0.18351144   -0.28666829   -0.13514258    0.20513821    0.26752273    0.44193399
    0.18351756   -0.28666752   -0.13514258    0.20513821    0.26753164    0.44193280
    0.18352353   -0.28666599   -0.13514258    0.20513821    0.26754034    0.44193044
    0.18352926   -0.28666372   -0.13514258    0.20513821    0.26754869    0.44192694
    0.18353466   -0.28666075   -0.13514258    0.20513821    0.26755656    0.44192237
    0.18353964   -0.28665713   -0.13514258    0.20513821    0.26756383    0.44191678
    0.18354414   -0.28665291   -0.13514258    0.20513821    0.26757038    0.44191028
    0.18354806   -0.28664816   -0.13514258    0.20513821    0.26757611    0.44190296
    0.18355137   -0.28664296   -0.13514258    0.20513821    0.26758092    0.44189494
    0.18355399   -0.28663738   -0.13514258    0.20513821    0.26758475    0.44188634
    0.18355589   -0.28663152   -0.13514258    0.20513821    0.26758752    0.44187731
    0.18355705   -0.28662547   -0.13514258    0.20513821    0.26758921    0.44186797
    0.18355175   -0.28661932   -0.13513961    0.20513370    0.26758149    0.44185849
    0.18355141   -0.28661388   -0.13513961    0.20513370    0.26758099    0.44185011
    0.18355039   -0.28660853   -0.13513961    0.20513370    0.26757950    0.44184186
    0.18354871   -0.28660334   -0.13513961    0.20513370    0.26757704    0.44183387
    0.18354639   -0.28659841   -0.13513961    0.20513370    0.26757366    0.44182627
    0.18354347   -0.28659381   -0.13513961    0.20513370    0.26756941    0.44181918
    0.18353999   -0.28658962   -0.13513961    0.20513370    0.26756434    0.44181270
    0.18353602   -0.28658589   -0.13513961    0.20513370    0.26755855    0.44180695
    0.18353161   -0.28658268   -0.13513961    0.20513370    0.26755213    0.44180202
    0.18352684   -0.28658006   -0.13513961    0.20513370    0.26754516    0.44179797
    0.18352177   -0.28657805   -0.13513961    0.20513370    0.26753778    0.44179488
    0.18351649   -0.28657670   -0.13513961    0.20513370    0.26753009    0.44179279
    0.18351109   -0.28657601   -0.13513961    0.20513370    0.26752221    0.44179174
    0.18350564   -0.28657601   -0.13513961    0.20513370    0.26751426    0.44179174
    0.18350023   -0.28657670   -0.13513961    0.20513370    0.26750638    0.44179279
    0.18349496   -0.28657805   -0.13513961    0.20513370    0.26749869    0.44179488
    0.18348989   -0.28658006   -0.13513961    0.20513370    0.26749130    0.44179797
    0.18348511   -0.28658268   -0.13513961    0.20513370    0.26748434    0.44180202
    0.18348071   -0.28658589   -0.13513961    0.20513370    0.26747792    0.44180695
    0.18347673   -0.28658962   -0.13513961    0.20513370    0.26747213    0.44181270
    0.18347326   -0.28659381   -0.13513961    0.20513370    0.26746706    0.44181918
    0.18347034   -0.28659841   -0.13513961    0.20513370    0.26746281    0.44182627
    0.18346802   -0.28660334   -0.13513961    0.20513370    0.26745942    0.44183387
    0.18346634   -0.28660853   -0.13513961    0.20513370    0.26745697    0.44184186
    0.18346532   -0.28661388   -0.13513961    0.20513370    0.26745548    0.44185011
    0.18346498   -0.28661932   -0.13513961    0.20513370    0.26745498    0.44185849
    0.18346532   -0.28662475   -0.13513961    0.20513370    0.26745548    0.44186688
    0.18346634   -0.28663011   -0.13513961    0.20513370    0.26745697    0.44187513
    0.18346802   -0.28663529   -0.13513961    0.20513370    0.26745942    0.44188312
    0.18347034   -0.28664022   -0.13513961    0.20513370    0.26746281    0.44189072
    0.18347326   -0.28664482   -0.13513961    0.20513370    0.26746706    0.44189781
    0.18347673   -0.28664902   -0.13513961    0.20513370    0.26747213    0.44190428
    0.18348071   -0.28665275   -0.13513961    0.20513370    0.26747792    0.44191003
    0.18348511   -0.28665595   -0.13513961    0.20513370    0.26748434    0.44191497
    0.18348989   -0.28665858   -0.13513961    0.20513370    0.26749130    0.44191902
    0.18349496   -0.28666058   -0.13513961    0.20513370    0.26749869    0.44192211
    0.18350023   -0.28666194   -0.13513961    0.20513370    0.26750638    0.44192420
    0.18350564   -0.28666262   -0.13513961    0.20513370    0.26751426    0.44192525
    0.18351109   -0.28666262   -0.13513961    0.20513370    0.26752221    0.44192525
    0.18351649   -0.28666194   -0.13513961    0.20513370    0.26753009    0.44192420
    0.18352177   -0.28666058   -0.13513961    0.20513370    0.26753778    0.44192211
    0.18352684   -0.28665858   -0.13513961    0.20513370    0.26754516    0.44191902
    0.18353161   -0.28665595   -0.13513961    0.20513370    0.26755213    0.44191497
    0.18353602   -0.28665275   -0.13513961    0.20513370    0.26755855    0.44191003
    0.18353999   -0.28664902   -0.13513961    0.20513370    0.26756434    0.44190428
    0.18354347   -0.28664482   -0.13513961    0.20513370    0.26756941    0.44189781
    0.18354639   -0.28664022   -0.13513961    0.20513370    0.26757366    0.44189072
    0.18354871   -0.28663529   -0.13513961    0.20513370    0.26757704    0.44188312
    0.18355039   -0.28663011   -0.13513961    0.20513370    0.26757950    0.44187513
    0.18355141   -0.28662475   -0.13513961    0.20513370    0.26758099    0.44186688
    0.18354589   -0.28661932   -0.13513702    0.20512977    0.26757294    0.44185849
    0.18354559   -0.28661461   -0.13513702    0.20512977    0.26757251    0.44185124
    0.18354471   -0.28660998   -0.13513702    0.20512977    0.26757122    0.44184411
    0.18354325   -0.28660550   -0.13513702    0.20512977    0.26756910    0.44183720
    0.18354125   -0.28660124   -0.13513702    0.20512977    0.26756617    0.44183062
    0.18353872   -0.28659726   -0.13513702    0.20512977    0.26756249    0.44182449
    0.18353572   -0.28659363   -0.13513702    0.20512977    0.26755811    0.44181889
    0.18353228   -0.28659040   -0.13513702    0.20512977    0.26755310    0.44181392
    0.18352847   -0.28658763   -0.13513702    0.20512977    0.26754755    0.44180965
    0.18352434   -0.28658536   -0.13513702    0.20512977    0.26754153    0.44180615
    0.18351996   -0.28658363   -0.13513702    0.20512977    0.26753514    0.44180347
    0.18351540   -0.28658245   -0.13513702    0.20512977    0.26752848    0.44180167
    0.18351072   -0.28658186   -0.13513702    0.20512977    0.26752167    0.44180076
    0.18350601   -0.28658186   -0.13513702    0.20512977    0.26751480    0.44180076
    0.18350133   -0.28658245   -0.13513702    0.20512977    0.26750798    0.44180167
    0.18349677   -0.28658363   -0.13513702    0.20512977    0.26750133    0.44180347
    0.18349239   -0.28658536   -0.13513702    0.20512977    0.26749494    0.44180615
    0.18348826   -0.28658763   -0.13513702    0.20512977    0.26748892    0.44180965
    0.18348444   -0.28659040   -0.13513702    0.20512977    0.26748336    0.44181392
    0.18348101   -0.28659363   -0.13513702    0.20512977    0.26747835    0.44181889
    0.18347800   -0.28659726   -0.13513702    0.20512977    0.26747398    0.44182449
    0.18347548   -0.28660124   -0.13513702    0.20512977    0.26747029    0.44183062
    0.18347347   -0.28660550   -0.13513702    0.20512977    0.26746737    0.44183720
    0.18347202   -0.28660998   -0.13513702    0.20512977    0.26746525    0.44184411
    0.18347113   -0.28661461   -0.13513702    0.20512977    0.26746396    0.44185124
    0.18347084   -0.28661932   -0.13513702    0.20512977    0.26746353    0.44185849
    0.18347113   -0.28662402   -0.13513702    0.20512977    0.26746396    0.44186574
    0.18347202   -0.28662865   -0.13513702    0.20512977    0.26746525    0.44187288
    0.18347347   -0.28663313   -0.13513702    0.20512977    0.26746737    0.44187979
    0.18347548   -0.28663740   -0.13513702    0.20512977    0.26747029    0.44188636
    0.18347800   -0.28664137   -0.13513702    0.20512977    0.26747398    0.44189250
    0.18348101   -0.28664501   -0.13513702    0.20512977    0.26747835    0.44189810
    0.18348444   -0.28664823   -0.13513702    0.20512977    0.26748336    0.44190307
    0.18348826   -0.28665100   -0.13513702    0.20512977    0.26748892    0.44190734
    0.18349239   -0.28665327   -0.13513702    0.20512977    0.26749494    0.44191084
    0.18349677   -0.28665501   -0.13513702    0.20512977    0.26750133    0.44191351
    0.18350133   -0.28665618   -0.13513702    0.20512977    0.26750798    0.44191532
    0.18350601   -0.28665677   -0.13513702    0.20512977    0.26751480    0.44191623
    0.18351072   -0.28665677   -0.13513702    0.20512977    0.26752167    0.44191623
    0.18351540   -0.28665618   -0.13513702    0.20512977    0.26752848    0.44191532
    0.18351996   -0.28665501   -0.13513702    0.20512977    0.26753514    0.44191351
    0.18352434   -0.28665327   -0.13513702    0.20512977    0.26754153    0.44191084
    0.18352847   -0.28665100   -0.13513702    0.20512977    0.26754755    0.44190734
    0.18353228   -0.28664823   -0.13513702    0.20512977    0.26755310    0.44190307
    0.18353572   -0.28664501   -0.13513702    0.20512977    0.26755811    0.44189810
    0.18353872   -0.28664137   -0.13513702    0.20512977    0.26756249    0.44189250
    0.18354125   -0.28663740   -0.13513702    0.20512977    0.26756617    0.44188636
    0.18354325   -0.28663313   -0.13513702    0.20512977    0.26756910    0.44187979
    0.18354471   -0.28662865   -0.13513702    0.20512977    0.26757122    0.44187288
    0.18354559   -0.28662402   -0.13513702    0.20512977    0.26757251    0.44186574
    0.18353987   -0.28661932   -0.13513480    0.20512641    0.26756417    0.44185849
    0.18353963   -0.28661537   -0.13513480    0.20512641    0.26756381    0.44185240
    0.18353888   -0.28661148   -0.13513480    0.20512641    0.26756273    0.44184641
    0.18353766   -0.28660772   -0.13513480    0.20512641    0.26756094    0.44184061
    0.18353598   -0.28660414   -0.13513480    0.20512641    0.26755849    0.44183509
    0.18353386   -0.28660080   -0.13513480    0.20512641    0.26755540    0.44182994
    0.18353133   -0.28659775   -0.13513480    0.20512641    0.26755172    0.44182524
    0.18352845   -0.28659504   -0.13513480    0.20512641    0.26754751    0.44182106
    0.18352525   -0.28659271   -0.13513480    0.20512641    0.26754285    0.44181748
    0.18352178   -0.28659081   -0.13513480    0.20512641    0.26753779    0.44181454
    0.18351810   -0.28658935   -0.13513480    0.20512641    0.26753243    0.44181229
    0.18351427   -0.28658836   -0.13513480    0.20512641    0.26752684    0.44181078
    0.18351034   -0.28658787   -0.13513480    0.20512641    0.26752112    0.44181001
    0.18350638   -0.28658787   -0.13513480    0.20512641    0.26751535    0.44181001
    0.18350246   -0.28658836   -0.13513480    0.20512641    0.26750963    0.44181078
    0.18349863   -0.28658935   -0.13513480    0.20512641    0.26750404    0.44181229
    0.18349495   -0.28659081   -0.13513480    0.20512641    0.26749867    0.44181454
    0.18349148   -0.28659271   -0.13513480    0.20512641    0.26749362    0.44181748
    0.18348828   -0.28659504   -0.13513480    0.20512641    0.26748895    0.44182106
    0.18348539   -0.28659775   -0.13513480    0.20512641    0.26748475    0.44182524
    0.18348287   -0.28660080   -0.13513480    0.20512641    0.26748107    0.44182994
    0.18348075   -0.28660414   -0.13513480    0.20512641    0.26747798    0.44183509
    0.18347907   -0.28660772   -0.13513480    0.20512641    0.26747552    0.44184061
    0.18347784   -0.28661148   -0.13513480    0.20512641    0.26747374    0.44184641
    0.18347710   -0.28661537   -0.13513480    0.20512641    0.26747266    0.44185240
    0.18347685   -0.28661932   -0.13513480    0.20512641    0.26747230    0.44185849
    0.18347710   -0.28662327   -0.13513480    0.20512641    0.26747266    0.44186458
    0.18347784   -0.28662715   -0.13513480    0.20512641    0.26747374    0.44187057
    0.18347907   -0.28663092   -0.13513480    0.20512641    0.26747552    0.44187638
    0.18348075   -0.28663450   -0.13513480    0.20512641    0.26747798    0.44188190
    0.18348287   -0.28663784   -0.13513480    0.20512641    0.26748107    0.44188705
    0.18348539   -0.28664089   -0.13513480    0.20512641    0.26748475    0.44189175
    0.18348828   -0.28664360   -0.13513480    0.20512641    0.26748895    0.44189592
    0.18349148   -0.28664592   -0.13513480    0.20512641    0.26749362    0.44189951
    0.18349495   -0.28664783   -0.13513480    0.20512641    0.26749867    0.44190245
    0.18349863   -0.28664929   -0.13513480    0.20512641    0.26750404    0.44190469
    0.18350246   -0.28665027   -0.13513480    0.20512641    0.26750963    0.44190621
    0.18350638   -0.28665077   -0.13513480    0.20512641    0.26751535    0.44190698
    0.18351034   -0.28665077   -0.13513480    0.20512641    0.26752112    0.44190698
    0.18351427   -0.28665027   -0.13513480    0.20512641    0.26752684    0.44190621
    0.18351810   -0.28664929   -0.13513480    0.20512641    0.26753243    0.44190469
    0.18352178   -0.28664783   -0.13513480    0.20512641    0.26753779    0.44190245
    0.18352525   -0.28664592   -0.13513480    0.20512641    0.26754285    0.44189951
    0.18352845   -0.28664360   -0.13513480    0.20512641    0.26754751    0.44189592
    0.18353133   -0.28664089   -0.13513480    0.20512641    0.26755172    0.44189175
    0.18353386   -0.28663784   -0.13513480    0.20512641    0.26755540    0.44188705
    0.18353598   -0.28663450   -0.13513480    0.20512641    0.26755849    0.44188190
    0.18353766   -0.28663092   -0.13513480    0.20512641    0.26756094    0.44187638
    0.18353888   -0.28662715   -0.13513480    0.20512641    0.26756273    0.44187057
    0.18353963   -0.28662327   -0.13513480    0.20512641    0.26756381    0.44186458
    0.18353373   -0.28661932   -0.13513298    0.20512364    0.26755521    0.44185849
    0.18353353   -0.28661614   -0.13513298    0.20512364    0.26755492    0.44185359
    0.18353293   -0.28661301   -0.13513298    0.20512364    0.26755405    0.44184877
    0.18353195   -0.28660998   -0.13513298    0.20512364    0.26755261    0.44184410
    0.18353059   -0.28660710   -0.13513298    0.20512364    0.26755064    0.44183965
    0.18352888   -0.28660441   -0.13513298    0.20512364    0.26754815    0.44183551
    0.18352685   -0.28660195   -0.13513298    0.20512364    0.26754519    0.44183172
    0.18352453   -0.28659977   -0.13513298    0.20512364    0.26754180    0.44182836
    0.18352196   -0.28659790   -0.13513298    0.20512364    0.26753805    0.44182548
    0.18351916   -0.28659637   -0.13513298    0.20512364    0.26753398    0.44182311
    0.18351620   -0.28659519   -0.13513298    0.20512364    0.26752966    0.44182130
    0.18351312   -0.28659440   -0.13513298    0.20512364    0.26752516    0.44182008
    0.18350996   -0.28659400   -0.13513298    0.20512364    0.26752056    0.44181947
    0.18350677   -0.28659400   -0.13513298    0.20512364    0.26751591    0.44181947
    0.18350361   -0.28659440   -0.13513298    0.20512364    0.26751130    0.44182008
    0.18350053   -0.28659519   -0.13513298    0.20512364    0.26750681    0.44182130
    0.18349756   -0.28659637   -0.13513298    0.20512364    0.26750249    0.44182311
    0.18349477   -0.28659790   -0.13513298    0.20512364    0.26749842    0.44182548
    0.18349219   -0.28659977   -0.13513298    0.20512364    0.26749466    0.44182836
    0.18348987   -0.28660195   -0.13513298    0.20512364    0.26749128    0.44183172
    0.18348784   -0.28660441   -0.13513298    0.20512364    0.26748832    0.44183551
    0.18348614   -0.28660710   -0.13513298    0.20512364    0.26748583    0.44183965
    0.18348478   -0.28660998   -0.13513298    0.20512364    0.26748385    0.44184410
    0.18348379   -0.28661301   -0.13513298    0.20512364    0.26748242    0.44184877
    0.18348320   -0.28661614   -0.13513298    0.20512364    0.26748155    0.44185359
    0.18348300   -0.28661932   -0.13513298    0.20512364    0.26748126    0.44185849
    0.18348320   -0.28662250   -0.13513298    0.20512364    0.26748155    0.44186339
    0.18348379   -0.28662563   -0.13513298    0.20512364    0.26748242    0.44186822
    0.18348478   -0.28662865   -0.13513298    0.20512364    0.26748385    0.44187289
    0.18348614   -0.28663154   -0.13513298    0.20512364    0.26748583    0.44187733
    0.18348784   -0.28663423   -0.13513298    0.20512364    0.26748832    0.44188148
    0.18348987   -0.28663668   -0.13513298    0.20512364    0.26749128    0.44188526
    0.18349219   -0.28663886   -0.13513298    0.20512364    0.26749466    0.44188862
    0.18349477   -0.28664073   -0.13513298    0.20512364    0.26749842    0.44189151
    0.18349756   -0.28664227   -0.13513298    0.20512364    0.26750249    0.44189388
    0.18350053   -0.28664344   -0.13513298    0.20512364    0.26750681    0.44189568
    0.18350361   -0.28664423   -0.13513298    0.20512364    0.26751130    0.44189690
    0.18350677   -0.28664463   -0.13513298    0.20512364    0.26751591    0.44189752
    0.18350996   -0.28664463   -0.13513298    0.20512364    0.26752056    0.44189752
    0.18351312   -0.28664423   -0.13513298    0.20512364    0.26752516    0.44189690
    0.18351620   -0.28664344   -0.13513298    0.20512364    0.26752966    0.44189568
    0.18351916   -0.28664227   -0.13513298    0.20512364    0.26753398    0.44189388
    0.18352196   -0.28664073   -0.13513298    0.20512364    0.26753805    0.44189151
    0.18352453   -0.28663886   -0.13513298    0.20512364    0.26754180    0.44188862
    0.18352685   -0.28663668   -0.13513298    0.20512364    0.26754519    0.44188526
    0.18352888   -0.28663423   -0.13513298    0.20512364    0.26754815    0.44188148
    0.18353059   -0.28663154   -0.13513298    0.20512364    0.26755064    0.44187733
    0.18353195   -0.28662865   -0.13513298    0.20512364    0.26755261    0.44187289
    0.18353293   -0.28662563   -0.13513298    0.20512364    0.26755405    0.44186822
    0.18353353   -0.28662250   -0.13513298    0.20512364    0.26755492    0.44186339
    0.18352748   -0.28661932   -0.13513155    0.20512147    0.26754610    0.44185849
    0.18352733   -0.28661692   -0.13513155    0.20512147    0.26754588    0.44185480
    0.18352688   -0.28661456   -0.13513155    0.20512147    0.26754523    0.44185116
    0.18352614   -0.28661228   -0.13513155    0.20512147    0.26754414    0.44184764
    0.18352511   -0.28661011   -0.13513155    0.20512147    0.26754265    0.44184430
    0.18352383   -0.28660808   -0.13513155    0.20512147    0.26754078    0.44184117
    0.18352230   -0.28660623   -0.13513155    0.20512147    0.26753855    0.44183832
    0.18352055   -0.28660459   -0.13513155    0.20512147    0.26753600    0.44183579
    0.18351861   -0.28660318   -0.13513155    0.20512147    0.26753317    0.44183361
    0.18351650   -0.28660202   -0.13513155    0.20512147    0.26753010    0.44183183
    0.18351427   -0.28660114   -0.13513155    0.20512147    0.26752685    0.44183047
    0.18351195   -0.28660054   -0.13513155    0.20512147    0.26752346    0.44182955
    0.18350956   -0.28660024   -0.13513155    0.20512147    0.26751998    0.44182908
    0.18350716   -0.28660024   -0.13513155    0.20512147    0.26751648    0.44182908
    0.18350478   -0.28660054   -0.13513155    0.20512147    0.26751301    0.44182955
    0.18350246   -0.28660114   -0.13513155    0.20512147    0.26750962    0.44183047
    0.18350022   -0.28660202   -0.13513155    0.20512147    0.26750637    0.44183183
    0.18349812   -0.28660318   -0.13513155    0.20512147    0.26750330    0.44183361
    0.18349618   -0.28660459   -0.13513155    0.20512147    0.26750047    0.44183579
    0.18349443   -0.28660623   -0.13513155    0.20512147    0.26749792    0.44183832
    0.18349290   -0.28660808   -0.13513155    0.20512147    0.26749569    0.44184117
    0.18349161   -0.28661011   -0.13513155    0.20512147    0.26749381    0.44184430
    0.18349059   -0.28661228   -0.13513155    0.20512147    0.26749232    0.44184764
    0.18348985   -0.28661456   -0.13513155    0.20512147    0.26749124    0.44185116
    0.18348940   -0.28661692   -0.13513155    0.20512147    0.26749059    0.44185480
    0.18348925   -0.28661932   -0.13513155    0.20512147    0.26749037    0.44185849
    0.18348940   -0.28662171   -0.13513155    0.20512147    0.26749059    0.44186219
    0.18348985   -0.28662407   -0.13513155    0.20512147    0.26749124    0.44186582
    0.18349059   -0.28662635   -0.13513155    0.20512147    0.26749232    0.44186934
    0.18349161   -0.28662853   -0.13513155    0.20512147    0.26749381    0.44187269
    0.18349290   -0.28663055   -0.13513155    0.20512147    0.26749569    0.44187581
    0.18349443   -0.28663240   -0.13513155    0.20512147    0.26749792    0.44187867
    0.18349618   -0.28663405   -0.13513155    0.20512147    0.26750047    0.44188120
    0.18349812   -0.28663546   -0.13513155    0.20512147    0.26750330    0.44188337
    0.18350022   -0.28663661   -0.13513155    0.20512147    0.26750637    0.44188516
    0.18350246   -0.28663750   -0.13513155    0.20512147    0.26750962    0.44188652
    0.18350478   -0.28663809   -0.13513155    0.20512147    0.26751301    0.44188744
    0.18350716   -0.28663840   -0.13513155    0.20512147    0.26751648    0.44188790
    0.18350956   -0.28663840   -0.13513155    0.20512147    0.26751998    0.44188790
    0.18351195   -0.28663809   -0.13513155    0.20512147    0.26752346    0.44188744
    0.18351427   -0.28663750   -0.13513155    0.20512147    0.26752685    0.44188652
    0.18351650   -0.28663661   -0.13513155    0.20512147    0.26753010    0.44188516
    0.18351861   -0.28663546   -0.13513155    0.20512147    0.26753317    0.44188337
    0.18352055   -0.28663405   -0.13513155    0.20512147    0.26753600    0.44188120
    0.18352230   -0.28663240   -0.13513155    0.20512147    0.26753855    0.44187867
    0.18352383   -0.28663055   -0.13513155    0.20512147    0.26754078    0.44187581
    0.18352511   -0.28662853   -0.13513155    0.20512147    0.26754265    0.44187269
    0.18352614   -0.28662635   -0.13513155    0.20512147    0.26754414    0.44186934
    0.18352688   -0.28662407   -0.13513155    0.20512147    0.26754523    0.44186582
    0.18352733   -0.28662171   -0.13513155    0.20512147    0.26754588    0.44186219
    0.18352115   -0.28661932   -0.13513053    0.20511992    0.26753688    0.44185849
    0.18352105   -0.28661771   -0.13513053    0.20511992    0.26753673    0.44185602
    0.18352075   -0.28661614   -0.13513053    0.20511992    0.26753629    0.44185359
    0.18352025   -0.28661461   -0.13513053    0.20511992    0.26753557    0.44185124
    0.18351957   -0.28661316   -0.13513053    0.20511992    0.26753457    0.44184900
    0.18351871   -0.28661180   -0.13513053    0.20511992    0.26753332    0.44184691
    0.18351769   -0.28661056   -0.13513053    0.20511992    0.26753182    0.44184500
    0.18351651   -0.28660946   -0.13513053    0.20511992    0.26753012    0.44184330
    0.18351522   -0.28660852   -0.13513053    0.20511992    0.26752822    0.44184185
    0.18351381   -0.28660775   -0.13513053    0.20511992    0.26752617    0.44184066
    0.18351232   -0.28660716   -0.13513053    0.20511992    0.26752399    0.44183974
    0.18351076   -0.28660676   -0.13513053    0.20511992    0.26752173    0.44183913
    0.18350917   -0.28660655   -0.13513053    0.20511992    0.26751940    0.44183882
    0.18350756   -0.28660655   -0.13513053    0.20511992    0.26751706    0.44183882
    0.18350597   -0.28660676   -0.13513053    0.20511992    0.26751474    0.44183913
    0.18350441   -0.28660716   -0.13513053    0.20511992    0.26751247    0.44183974
    0.18350292   -0.28660775   -0.13513053    0.20511992    0.26751030    0.44184066
    0.18350151   -0.28660852   -0.13513053    0.20511992    0.26750824    0.44184185
    0.18350021   -0.28660946   -0.13513053    0.20511992    0.26750635    0.44184330
    0.18349904   -0.28661056   -0.13513053    0.20511992    0.26750464    0.44184500
    0.18349802   -0.28661180   -0.13513053    0.20511992    0.26750315    0.44184691
    0.18349716   -0.28661316   -0.13513053    0.20511992    0.26750190    0.44184900
    0.18349647   -0.28661461   -0.13513053    0.20511992    0.26750090    0.44185124
    0.18349598   -0.28661614   -0.13513053    0.20511992    0.26750018    0.44185359
    0.18349568   -0.28661771   -0.13513053    0.20511992    0.26749974    0.44185602
    0.18349558   -0.28661932   -0.13513053    0.20511992    0.26749959    0.44185849
    0.18349568   -0.28662092   -0.13513053    0.20511992    0.26749974    0.44186096
    0.18349598   -0.28662250   -0.13513053    0.20511992    0.26750018    0.44186340
    0.18349647   -0.28662402   -0.13513053    0.20511992    0.26750090    0.44186575
    0.18349716   -0.28662548   -0.13513053    0.20511992    0.26750190    0.44186799
    0.18349802   -0.28662683   -0.13513053    0.20511992    0.26750315    0.44187008
    0.18349904   -0.28662807   -0.13513053    0.20511992    0.26750464    0.44187199
    0.18350021   -0.28662917   -0.13513053    0.20511992    0.26750635    0.44187368
    0.18350151   -0.28663011   -0.13513053    0.20511992    0.26750824    0.44187514
    0.18350292   -0.28663089   -0.13513053    0.20511992    0.26751030    0.44187633
    0.18350441   -0.28663148   -0.13513053    0.20511992    0.26751247    0.44187724
    0.18350597   -0.28663188   -0.13513053    0.20511992    0.26751474    0.44187786
    0.18350756   -0.28663208   -0.13513053    0.20511992    0.26751706    0.44187817
    0.18350917   -0.28663208   -0.13513053    0.20511992    0.26751940    0.44187817
    0.18351076   -0.28663188   -0.13513053    0.20511992    0.26752173    0.44187786
    0.18351232   -0.28663148   -0.13513053    0.20511992    0.26752399    0.44187724
    0.18351381   -0.28663089   -0.13513053    0.20511992    0.26752617    0.44187633
    0.18351522   -0.28663011   -0.13513053    0.20511992    0.26752822    0.44187514
    0.18351651   -0.28662917   -0.13513053    0.20511992    0.26753012    0.44187368
    0.18351769   -0.28662807   -0.13513053    0.20511992    0.26753182    0.44187199
    0.18351871   -0.28662683   -0.13513053    0.20511992    0.26753332    0.44187008
    0.18351957   -0.28662548   -0.13513053    0.20511992    0.26753457    0.44186799
    0.18352025   -0.28662402   -0.13513053    0.20511992    0.26753557    0.44186575
    0.18352075   -0.28662250   -0.13513053    0.20511992    0.26753629    0.44186340
    0.18352105   -0.28662092   -0.13513053    0.20511992    0.26753673    0.44186096
    0.18351477   -0.28661932   -0.13512991    0.20511898    0.26752757    0.44185849
    0.18351472   -0.28661851   -0.13512991    0.20511898    0.26752750    0.44185726
    0.18351457   -0.28661772   -0.13512991    0.20511898    0.26752728    0.44185604
    0.18351432   -0.28661696   -0.13512991    0.20511898    0.26752692    0.44185486
    0.18351398   -0.28661623   -0.13512991    0.20511898    0.26752642    0.44185373
    0.18351355   -0.28661555   -0.13512991    0.20511898    0.26752579    0.44185269
    0.18351303   -0.28661493   -0.13512991    0.20511898    0.26752504    0.44185173
    0.18351245   -0.28661438   -0.13512991    0.20511898    0.26752419    0.44185088
    0.18351180   -0.28661391   -0.13512991    0.20511898    0.26752324    0.44185015
    0.18351109   -0.28661352   -0.13512991    0.20511898    0.26752221    0.44184956
    0.18351034   -0.28661322   -0.13512991    0.20511898    0.26752112    0.44184910
    0.18350956   -0.28661302   -0.13512991    0.20511898    0.26751998    0.44184879
    0.18350877   -0.28661292   -0.13512991    0.20511898    0.26751882    0.44184864
    0.18350796   -0.28661292   -0.13512991    0.20511898    0.26751765    0.44184864
    0.18350716   -0.28661302   -0.13512991    0.20511898    0.26751648    0.44184879
    0.18350638   -0.28661322   -0.13512991    0.20511898    0.26751535    0.44184910
    0.18350564   -0.28661352   -0.13512991    0.20511898    0.26751426    0.44184956
    0.18350493   -0.28661391   -0.13512991    0.20511898    0.26751323    0.44185015
    0.18350428   -0.28661438   -0.13512991    0.20511898    0.26751228    0.44185088
    0.18350369   -0.28661493   -0.13512991    0.20511898    0.26751142    0.44185173
    0.18350318   -0.28661555   -0.13512991    0.20511898    0.26751068    0.44185269
    0.18350275   -0.28661623   -0.13512991    0.20511898    0.26751005    0.44185373
    0.18350241   -0.28661696   -0.13512991    0.20511898    0.26750955    0.44185486
    0.18350216   -0.28661772   -0.13512991    0.20511898    0.26750919    0.44185604
    0.18350201   -0.28661851   -0.13512991    0.20511898    0.26750897    0.44185726
    0.18350196   -0.28661932   -0.13512991    0.20511898    0.26750889    0.44185849
    0.18350201   -0.28662012   -0.13512991    0.20511898    0.26750897    0.44185973
    0.18350216   -0.28662091   -0.13512991    0.20511898    0.26750919    0.44186095
    0.18350241   -0.28662168   -0.13512991    0.20511898    0.26750955    0.44186213
    0.18350275   -0.28662240   -0.13512991    0.20511898    0.26751005    0.44186325
    0.18350318   -0.28662308   -0.13512991    0.20511898    0.26751068    0.44186430
    0.18350369   -0.28662370   -0.13512991    0.20511898    0.26751142    0.44186525
    0.18350428   -0.28662425   -0.13512991    0.20511898    0.26751228    0.44186610
    0.18350493   -0.28662473   -0.13512991    0.20511898    0.26751323    0.44186683
    0.18350564   -0.28662511   -0.13512991    0.20511898    0.26751426    0.44186743
    0.18350638   -0.28662541   -0.13512991    0.20511898    0.26751535    0.44186789
    0.18350716   -0.28662561   -0.13512991    0.20511898    0.26751648    0.44186820
    0.18350796   -0.28662571   -0.13512991    0.20511898    0.26751765    0.44186835
    0.18350877   -0.28662571   -0.13512991    0.20511898    0.26751882    0.44186835
    0.18350956   -0.28662561   -0.13512991    0.20511898    0.26751998    0.44186820
    0.18351034   -0.28662541   -0.13512991    0.20511898    0.26752112    0.44186789
    0.18351109   -0.28662511   -0.13512991    0.20511898    0.26752221    0.44186743
    0.18351180   -0.28662473   -0.13512991    0.20511898    0.26752324    0.44186683
    0.18351245   -0.28662425   -0.13512991    0.20511898    0.26752419    0.44186610
    0.18351303   -0.28662370   -0.13512991    0.20511898    0.26752504    0.44186525
    0.18351355   -0.28662308   -0.13512991    0.20511898    0.26752579    0.44186430
    0.18351398   -0.28662240   -0.13512991    0.20511898    0.26752642    0.44186325
    0.18351432   -0.28662168   -0.13512991    0.20511898    0.26752692    0.44186213
    0.18351457   -0.28662091   -0.13512991    0.20511898    0.26752728    0.44186095
    0.18351472   -0.28662012   -0.13512991    0.20511898    0.26752750    0.44185973
    0.18350900   -0.28661932   -0.13512971    0.20511868    0.26751917    0.44185849
    0.18350900   -0.28661924   -0.13512971    0.20511868    0.26751916    0.44185837
    0.18350898   -0.28661916   -0.13512971    0.20511868    0.26751914    0.44185825
    0.18350896   -0.28661908   -0.13512971    0.20511868    0.26751910    0.44185813
    0.18350893   -0.28661901   -0.13512971    0.20511868    0.26751905    0.44185802
    0.18350888   -0.28661894   -0.13512971    0.20511868    0.26751899    0.44185791
    0.18350883   -0.28661888   -0.13512971    0.20511868    0.26751891    0.44185782
    0.18350877   -0.28661882   -0.13512971    0.20511868    0.26751883    0.44185773
    0.18350871   -0.28661878   -0.13512971    0.20511868    0.26751873    0.44185766
    0.18350864   -0.28661874   -0.13512971    0.20511868    0.26751863    0.44185760
    0.18350856   -0.28661871   -0.13512971    0.20511868    0.26751852    0.44185755
    0.18350848   -0.28661869   -0.13512971    0.20511868    0.26751841    0.44185752
    0.18350840   -0.28661868   -0.13512971    0.20511868    0.26751829    0.44185751
    0.18350832   -0.28661868   -0.13512971    0.20511868    0.26751817    0.44185751
    0.18350824   -0.28661869   -0.13512971    0.20511868    0.26751806    0.44185752
    0.18350817   -0.28661871   -0.13512971    0.20511868    0.26751794    0.44185755
    0.18350809   -0.28661874   -0.13512971    0.20511868    0.26751784    0.44185760
    0.18350802   -0.28661878   -0.13512971    0.20511868    0.26751773    0.44185766
    0.18350795   -0.28661882   -0.13512971    0.20511868    0.26751764    0.44185773
    0.18350790   -0.28661888   -0.13512971    0.20511868    0.26751755    0.44185782
    0.18350784   -0.28661894   -0.13512971    0.20511868    0.26751748    0.44185791
    0.18350780   -0.28661901   -0.13512971    0.20511868    0.26751741    0.44185802
    0.18350777   -0.28661908   -0.13512971    0.20511868    0.26751736    0.44185813
    0.18350774   -0.28661916   -0.13512971    0.20511868    0.26751733    0.44185825
    0.18350773   -0.28661924   -0.13512971    0.20511868    0.26751731    0.44185837
    0.18350772   -0.28661932   -0.13512971    0.20511868    0.26751730    0.44185849
    0.18350773   -0.28661940   -0.13512971    0.20511868    0.26751731    0.44185862
    0.18350774   -0.28661948   -0.13512971    0.20511868    0.26751733    0.44185874
    0.18350777   -0.28661955   -0.13512971    0.20511868    0.26751736    0.44185886
    0.18350780   -0.28661963   -0.13512971    0.20511868    0.26751741    0.44185897
    0.18350784   -0.28661969   -0.13512971    0.20511868    0.26751748    0.44185907
    0.18350790   -0.28661976   -0.13512971    0.20511868    0.26751755    0.44185917
    0.18350795   -0.28661981   -0.13512971    0.20511868    0.26751764    0.44185925
    0.18350802   -0.28661986   -0.13512971    0.20511868    0.26751773    0.44185933
    0.18350809   -0.28661990   -0.13512971    0.20511868    0.26751784    0.44185939
    0.18350817   -0.28661993   -0.13512971    0.20511868    0.26751794    0.44185943
    0.18350824   -0.28661995   -0.13512971    0.20511868    0.26751806    0.44185946
    0.18350832   -0.28661996   -0.13512971    0.20511868    0.26751817    0.44185948
    0.18350840   -0.28661996   -0.13512971    0.20511868    0.26751829    0.44185948
    0.18350848   -0.28661995   -0.13512971    0.20511868    0.26751841    0.44185946
    0.18350856   -0.28661993   -0.13512971    0.20511868    0.26751852    0.44185943
    0.18350864   -0.28661990   -0.13512971    0.20511868    0.26751863    0.44185939
    0.18350871   -0.28661986   -0.13512971    0.20511868    0.26751873    0.44185933
    0.18350877   -0.28661981   -0.13512971    0.20511868    0.26751883    0.44185925
    0.18350883   -0.28661976   -0.13512971    0.20511868    0.26751891    0.44185917
    0.18350888   -0.28661969   -0.13512971    0.20511868    0.26751899    0.44185907
    0.18350893   -0.28661963   -0.13512971    0.20511868    0.26751905    0.44185897
    0.18350896   -0.28661955   -0.13512971    0.20511868    0.26751910    0.44185886
    0.18350898   -0.28661948   -0.13512971    0.20511868    0.26751914    0.44185874
    0.18350900   -0.28661940   -0.13512971    0.20511868    0.26751916    0.44185862
