    0.21069013   -0.32521786   -0.15018959    0.22915380    0.30872700    0.49999996
    0.21069013   -0.32521778   -0.15018959    0.22915380    0.30872699    0.49999983
    0.21069011   -0.32521770   -0.15018959    0.22915380    0.30872697    0.49999971
    0.21069009   -0.32521762   -0.15018959    0.22915380    0.30872693    0.49999960
    0.21069005   -0.32521755   -0.15018959    0.22915380    0.30872688    0.49999948
    0.21069001   -0.32521748   -0.15018959    0.22915380    0.30872682    0.49999938
    0.21068996   -0.32521742   -0.15018959    0.22915380    0.30872674    0.49999928
    0.21068990   -0.32521736   -0.15018959    0.22915380    0.30872666    0.49999920
    0.21068984   -0.32521732   -0.15018959    0.22915380    0.30872656    0.49999913
    0.21068977   -0.32521728   -0.15018959    0.22915380    0.30872646    0.49999907
    0.21068969   -0.32521725   -0.15018959    0.22915380    0.30872635    0.49999902
    0.21068961   -0.32521723   -0.15018959    0.22915380    0.30872623    0.49999899
    0.21068953   -0.32521722   -0.15018959    0.22915380    0.30872612    0.49999897
    0.21068945   -0.32521722   -0.15018959    0.22915380    0.30872600    0.49999897
    0.21068937   -0.32521723   -0.15018959    0.22915380    0.30872588    0.49999899
    0.21068929   -0.32521725   -0.15018959    0.22915380    0.30872577    0.49999902
    0.21068922   -0.32521728   -0.15018959    0.22915380    0.30872566    0.49999907
    0.21068915   -0.32521732   -0.15018959    0.22915380    0.30872555    0.49999913
    0.21068908   -0.32521736   -0.15018959    0.22915380    0.30872546    0.49999920
    0.21068903   -0.32521742   -0.15018959    0.22915380    0.30872537    0.49999928
    0.21068897   -0.32521748   -0.15018959    0.22915380    0.30872530    0.49999938
    0.21068893   -0.32521755   -0.15018959    0.22915380    0.30872523    0.49999948
    0.21068890   -0.32521762   -0.15018959    0.22915380    0.30872518    0.49999960
    0.21068887   -0.32521770   -0.15018959    0.22915380    0.30872515    0.49999971
    0.21068886   -0.32521778   -0.15018959    0.22915380    0.30872512    0.49999983
    0.21068885   -0.32521786   -0.15018959    0.22915380    0.30872512    0.49999996
    0.21068886   -0.32521794   -0.15018959    0.22915380    0.30872512    0.50000008
    0.21068887   -0.32521802   -0.15018959    0.22915380    0.30872515    0.50000020
    0.21068890   -0.32521809   -0.15018959    0.22915380    0.30872518    0.50000032
    0.21068893   -0.32521817   -0.15018959    0.22915380    0.30872523    0.50000043
    0.21068897   -0.32521823   -0.15018959    0.22915380    0.30872530    0.50000054
    0.21068903   -0.32521830   -0.15018959    0.22915380    0.30872537    0.50000063
    0.21068908   -0.32521835   -0.15018959    0.22915380    0.30872546    0.50000072
    0.21068915   -0.32521840   -0.15018959    0.22915380    0.30872555    0.50000079
    0.21068922   -0.32521844   -0.15018959    0.22915380    0.30872566    0.50000085
    0.21068929   -0.32521847   -0.15018959    0.22915380    0.30872577    0.50000090
    0.21068937   -0.32521849   -0.15018959    0.22915380    0.30872588    0.50000093
    0.21068945   -0.32521850   -0.15018959    0.22915380    0.30872600    0.50000094
    0.21068953   -0.32521850   -0.15018959    0.22915380    0.30872612    0.50000094
    0.21068961   -0.32521849   -0.15018959    0.22915380    0.30872623    0.50000093
    0.21068969   -0.32521847   -0.15018959    0.22915380    0.30872635    0.50000090
    0.21068977   -0.32521844   -0.15018959    0.22915380    0.30872646    0.50000085
    0.21068984   -0.32521840   -0.15018959    0.22915380    0.30872656    0.50000079
    0.21068990   -0.32521835   -0.15018959    0.22915380    0.30872666    0.50000072
    0.21068996   -0.32521830   -0.15018959    0.22915380    0.30872674    0.50000063
    0.21069001   -0.32521823   -0.15018959    0.22915380    0.30872682    0.50000054
    0.21069005   -0.32521817   -0.15018959    0.22915380    0.30872688    0.50000043
    0.21069009   -0.32521809   -0.15018959    0.22915380    0.30872693    0.50000032
    0.21069011   -0.32521802   -0.15018959    0.22915380    0.30872697    0.50000020
    0.21069013   -0.32521794   -0.15018959    0.22915380    0.30872699    0.50000008
    0.21069590   -0.32521786   -0.15018938    0.22915349    0.30873544    0.49999996
    0.21069585   -0.32521705   -0.15018938    0.22915349    0.30873537    0.49999872
    0.21069570   -0.32521626   -0.15018938    0.22915349    0.30873515    0.49999751
    0.21069545   -0.32521550   -0.15018938    0.22915349    0.30873479    0.49999633
    0.21069511   -0.32521477   -0.15018938    0.22915349    0.30873428    0.49999521
    0.21069468   -0.32521409   -0.15018938    0.22915349    0.30873365    0.49999417
    0.21069416   -0.32521347   -0.15018938    0.22915349    0.30873290    0.49999321
    0.21069358   -0.32521292   -0.15018938    0.22915349    0.30873204    0.49999237
    0.21069293   -0.32521245   -0.15018938    0.22915349    0.30873109    0.49999164
    0.21069222   -0.32521206   -0.15018938    0.22915349    0.30873005    0.49999105
    0.21069147   -0.32521176   -0.15018938    0.22915349    0.30872896    0.49999059
    0.21069069   -0.32521156   -0.15018938    0.22915349    0.30872782    0.49999028
    0.21068990   -0.32521146   -0.15018938    0.22915349    0.30872665    0.49999013
    0.21068909   -0.32521146   -0.15018938    0.22915349    0.30872547    0.49999013
    0.21068829   -0.32521156   -0.15018938    0.22915349    0.30872430    0.49999028
    0.21068751   -0.32521176   -0.15018938    0.22915349    0.30872316    0.49999059
    0.21068677   -0.32521206   -0.15018938    0.22915349    0.30872206    0.49999105
    0.21068606   -0.32521245   -0.15018938    0.22915349    0.30872103    0.49999164
    0.21068541   -0.32521292   -0.15018938    0.22915349    0.30872007    0.49999237
    0.21068482   -0.32521347   -0.15018938    0.22915349    0.30871921    0.49999321
    0.21068431   -0.32521409   -0.15018938    0.22915349    0.30871846    0.49999417
    0.21068388   -0.32521477   -0.15018938    0.22915349    0.30871783    0.49999521
    0.21068354   -0.32521550   -0.15018938    0.22915349    0.30871733    0.49999633
    0.21068329   -0.32521626   -0.15018938    0.22915349    0.30871696    0.49999751
    0.21068314   -0.32521705   -0.15018938    0.22915349    0.30871674    0.49999872
    0.21068309   -0.32521786   -0.15018938    0.22915349    0.30871667    0.49999996
    0.21068314   -0.32521866   -0.15018938    0.22915349    0.30871674    0.50000119
    0.21068329   -0.32521945   -0.15018938    0.22915349    0.30871696    0.50000241
    0.21068354   -0.32522022   -0.15018938    0.22915349    0.30871733    0.50000358
    0.21068388   -0.32522094   -0.15018938    0.22915349    0.30871783    0.50000470
    0.21068431   -0.32522162   -0.15018938    0.22915349    0.30871846    0.50000575
    0.21068482   -0.32522224   -0.15018938    0.22915349    0.30871921    0.50000670
    0.21068541   -0.32522279   -0.15018938    0.22915349    0.30872007    0.50000755
    0.21068606   -0.32522327   -0.15018938    0.22915349    0.30872103    0.50000827
    0.21068677   -0.32522365   -0.15018938    0.22915349    0.30872206    0.50000887
    0.21068751   -0.32522395   -0.15018938    0.22915349    0.30872316    0.50000933
    0.21068829   -0.32522415   -0.15018938    0.22915349    0.30872430    0.50000963
    0.21068909   -0.32522425   -0.15018938    0.22915349    0.30872547    0.50000979
    0.21068990   -0.32522425   -0.15018938    0.22915349    0.30872665    0.50000979
    0.21069069   -0.32522415   -0.15018938    0.22915349    0.30872782    0.50000963
    0.21069147   -0.32522395   -0.15018938    0.22915349    0.30872896    0.50000933
    0.21069222   -0.32522365   -0.15018938    0.22915349    0.30873005    0.50000887
    0.21069293   -0.32522327   -0.15018938    0.22915349    0.30873109    0.50000827
    0.21069358   -0.32522279   -0.15018938    0.22915349    0.30873204    0.50000755
    0.21069416   -0.32522224   -0.15018938    0.22915349    0.30873290    0.50000670
    0.21069468   -0.32522162   -0.15018938    0.22915349    0.30873365    0.50000575
    0.21069511   -0.32522094   -0.15018938    0.22915349    0.30873428    0.50000470
    0.21069545   -0.32522022   -0.15018938    0.22915349    0.30873479    0.50000358
    0.21069570   -0.32521945   -0.15018938    0.22915349    0.30873515    0.50000241
    0.21069585   -0.32521866   -0.15018938    0.22915349    0.30873537    0.50000119
    0.21070228   -0.32521786   -0.15018877    0.22915255    0.30874479    0.49999996
    0.21070218   -0.32521625   -0.15018877    0.22915255    0.30874465    0.49999749
    0.21070188   -0.32521468   -0.15018877    0.22915255    0.30874421    0.49999507
    0.21070138   -0.32521315   -0.15018877    0.22915255    0.30874348    0.49999272
    0.21070070   -0.32521170   -0.15018877    0.22915255    0.30874248    0.49999049
    0.21069984   -0.32521034   -0.15018877    0.22915255    0.30874122    0.49998840
    0.21069881   -0.32520910   -0.15018877    0.22915255    0.30873972    0.49998650
    0.21069764   -0.32520800   -0.15018877    0.22915255    0.30873800    0.49998481
    0.21069635   -0.32520706   -0.15018877    0.22915255    0.30873610    0.49998336
    0.21069494   -0.32520629   -0.15018877    0.22915255    0.30873403    0.49998217
    0.21069344   -0.32520570   -0.15018877    0.22915255    0.30873185    0.49998126
    0.21069189   -0.32520530   -0.15018877    0.22915255    0.30872957    0.49998065
    0.21069030   -0.32520509   -0.15018877    0.22915255    0.30872723    0.49998034
    0.21068869   -0.32520509   -0.15018877    0.22915255    0.30872488    0.49998034
    0.21068710   -0.32520530   -0.15018877    0.22915255    0.30872255    0.49998065
    0.21068554   -0.32520570   -0.15018877    0.22915255    0.30872027    0.49998126
    0.21068405   -0.32520629   -0.15018877    0.22915255    0.30871808    0.49998217
    0.21068264   -0.32520706   -0.15018877    0.22915255    0.30871602    0.49998336
    0.21068134   -0.32520800   -0.15018877    0.22915255    0.30871411    0.49998481
    0.21068017   -0.32520910   -0.15018877    0.22915255    0.30871240    0.49998650
    0.21067915   -0.32521034   -0.15018877    0.22915255    0.30871090    0.49998840
    0.21067829   -0.32521170   -0.15018877    0.22915255    0.30870964    0.49999049
    0.21067760   -0.32521315   -0.15018877    0.22915255    0.30870863    0.49999272
    0.21067711   -0.32521468   -0.15018877    0.22915255    0.30870791    0.49999507
    0.21067681   -0.32521625   -0.15018877    0.22915255    0.30870747    0.49999749
    0.21067671   -0.32521786   -0.15018877    0.22915255    0.30870732    0.49999996
    0.21067681   -0.32521946   -0.15018877    0.22915255    0.30870747    0.50000242
    0.21067711   -0.32522104   -0.15018877    0.22915255    0.30870791    0.50000485
    0.21067760   -0.32522256   -0.15018877    0.22915255    0.30870863    0.50000720
    0.21067829   -0.32522402   -0.15018877    0.22915255    0.30870964    0.50000943
    0.21067915   -0.32522537   -0.15018877    0.22915255    0.30871090    0.50001151
    0.21068017   -0.32522661   -0.15018877    0.22915255    0.30871240    0.50001342
    0.21068134   -0.32522771   -0.15018877    0.22915255    0.30871411    0.50001511
    0.21068264   -0.32522865   -0.15018877    0.22915255    0.30871602    0.50001656
    0.21068405   -0.32522943   -0.15018877    0.22915255    0.30871808    0.50001775
    0.21068554   -0.32523002   -0.15018877    0.22915255    0.30872027    0.50001866
    0.21068710   -0.32523042   -0.15018877    0.22915255    0.30872255    0.50001927
    0.21068869   -0.32523062   -0.15018877    0.22915255    0.30872488    0.50001958
    0.21069030   -0.32523062   -0.15018877    0.22915255    0.30872723    0.50001958
    0.21069189   -0.32523042   -0.15018877    0.22915255    0.30872957    0.50001927
    0.21069344   -0.32523002   -0.15018877    0.22915255    0.30873185    0.50001866
    0.21069494   -0.32522943   -0.15018877    0.22915255    0.30873403    0.50001775
    0.21069635   -0.32522865   -0.15018877    0.22915255    0.30873610    0.50001656
    0.21069764   -0.32522771   -0.15018877    0.22915255    0.30873800    0.50001511
    0.21069881   -0.32522661   -0.15018877    0.22915255    0.30873972    0.50001342
    0.21069984   -0.32522537   -0.15018877    0.22915255    0.30874122    0.50001151
    0.21070070   -0.32522402   -0.15018877    0.22915255    0.30874248    0.50000943
    0.21070138   -0.32522256   -0.15018877    0.22915255    0.30874348    0.50000720
    0.21070188   -0.32522104   -0.15018877    0.22915255    0.30874421    0.50000485
    0.21070218   -0.32521946   -0.15018877    0.22915255    0.30874465    0.50000242
    0.21070861   -0.32521786   -0.15018775    0.22915099    0.30875407    0.49999996
    0.21070846   -0.32521546   -0.15018775    0.22915099    0.30875385    0.49999627
    0.21070801   -0.32521310   -0.15018775    0.22915099    0.30875319    0.49999265
    0.21070727   -0.32521082   -0.15018775    0.22915099    0.30875210    0.49998914
    0.21070624   -0.32520865   -0.15018775    0.22915099    0.30875060    0.49998580
    0.21070496   -0.32520662   -0.15018775    0.22915099    0.30874872    0.49998268
    0.21070343   -0.32520477   -0.15018775    0.22915099    0.30874648    0.49997984
    0.21070168   -0.32520313   -0.15018775    0.22915099    0.30874391    0.49997731
    0.21069974   -0.32520172   -0.15018775    0.22915099    0.30874107    0.49997514
    0.21069763   -0.32520056   -0.15018775    0.22915099    0.30873798    0.49997337
    0.21069540   -0.32519968   -0.15018775    0.22915099    0.30873471    0.49997201
    0.21069308   -0.32519908   -0.15018775    0.22915099    0.30873131    0.49997109
    0.21069069   -0.32519878   -0.15018775    0.22915099    0.30872782    0.49997063
    0.21068829   -0.32519878   -0.15018775    0.22915099    0.30872430    0.49997063
    0.21068591   -0.32519908   -0.15018775    0.22915099    0.30872081    0.49997109
    0.21068359   -0.32519968   -0.15018775    0.22915099    0.30871740    0.49997201
    0.21068135   -0.32520056   -0.15018775    0.22915099    0.30871413    0.49997337
    0.21067925   -0.32520172   -0.15018775    0.22915099    0.30871105    0.49997514
    0.21067731   -0.32520313   -0.15018775    0.22915099    0.30870820    0.49997731
    0.21067556   -0.32520477   -0.15018775    0.22915099    0.30870564    0.49997984
    0.21067403   -0.32520662   -0.15018775    0.22915099    0.30870340    0.49998268
    0.21067274   -0.32520865   -0.15018775    0.22915099    0.30870151    0.49998580
    0.21067172   -0.32521082   -0.15018775    0.22915099    0.30870001    0.49998914
    0.21067098   -0.32521310   -0.15018775    0.22915099    0.30869893    0.49999265
    0.21067053   -0.32521546   -0.15018775    0.22915099    0.30869827    0.49999627
    0.21067038   -0.32521786   -0.15018775    0.22915099    0.30869805    0.49999996
    0.21067053   -0.32522025   -0.15018775    0.22915099    0.30869827    0.50000364
    0.21067098   -0.32522261   -0.15018775    0.22915099    0.30869893    0.50000727
    0.21067172   -0.32522489   -0.15018775    0.22915099    0.30870001    0.50001078
    0.21067274   -0.32522707   -0.15018775    0.22915099    0.30870151    0.50001412
    0.21067403   -0.32522909   -0.15018775    0.22915099    0.30870340    0.50001723
    0.21067556   -0.32523094   -0.15018775    0.22915099    0.30870564    0.50002008
    0.21067731   -0.32523259   -0.15018775    0.22915099    0.30870820    0.50002260
    0.21067925   -0.32523400   -0.15018775    0.22915099    0.30871105    0.50002477
    0.21068135   -0.32523515   -0.15018775    0.22915099    0.30871413    0.50002655
    0.21068359   -0.32523604   -0.15018775    0.22915099    0.30871740    0.50002791
    0.21068591   -0.32523663   -0.15018775    0.22915099    0.30872081    0.50002883
    0.21068829   -0.32523694   -0.15018775    0.22915099    0.30872430    0.50002929
    0.21069069   -0.32523694   -0.15018775    0.22915099    0.30872782    0.50002929
    0.21069308   -0.32523663   -0.15018775    0.22915099    0.30873131    0.50002883
    0.21069540   -0.32523604   -0.15018775    0.22915099    0.30873471    0.50002791
    0.21069763   -0.32523515   -0.15018775    0.22915099    0.30873798    0.50002655
    0.21069974   -0.32523400   -0.15018775    0.22915099    0.30874107    0.50002477
    0.21070168   -0.32523259   -0.15018775    0.22915099    0.30874391    0.50002260
    0.21070343   -0.32523094   -0.15018775    0.22915099    0.30874648    0.50002008
    0.21070496   -0.32522909   -0.15018775    0.22915099    0.30874872    0.50001723
    0.21070624   -0.32522707   -0.15018775    0.22915099    0.30875060    0.50001412
    0.21070727   -0.32522489   -0.15018775    0.22915099    0.30875210    0.50001078
    0.21070801   -0.32522261   -0.15018775    0.22915099    0.30875319    0.50000727
    0.21070846   -0.32522025   -0.15018775    0.22915099    0.30875385    0.50000364
    0.21071486   -0.32521786   -0.15018632    0.22914881    0.30876322    0.49999996
    0.21071466   -0.32521468   -0.15018632    0.22914881    0.30876293    0.49999507
    0.21071406   -0.32521155   -0.15018632    0.22914881    0.30876206    0.49999026
    0.21071308   -0.32520852   -0.15018632    0.22914881    0.30876061    0.49998560
    0.21071172   -0.32520564   -0.15018632    0.22914881    0.30875863    0.49998117
    0.21071001   -0.32520295   -0.15018632    0.22914881    0.30875613    0.49997704
    0.21070798   -0.32520049   -0.15018632    0.22914881    0.30875315    0.49997326
    0.21070566   -0.32519831   -0.15018632    0.22914881    0.30874975    0.49996991
    0.21070308   -0.32519644   -0.15018632    0.22914881    0.30874597    0.49996703
    0.21070029   -0.32519491   -0.15018632    0.22914881    0.30874188    0.49996467
    0.21069733   -0.32519373   -0.15018632    0.22914881    0.30873754    0.49996287
    0.21069425   -0.32519294   -0.15018632    0.22914881    0.30873302    0.49996165
    0.21069109   -0.32519254   -0.15018632    0.22914881    0.30872839    0.49996104
    0.21068790   -0.32519254   -0.15018632    0.22914881    0.30872372    0.49996104
    0.21068474   -0.32519294   -0.15018632    0.22914881    0.30871909    0.49996165
    0.21068165   -0.32519373   -0.15018632    0.22914881    0.30871457    0.49996287
    0.21067869   -0.32519491   -0.15018632    0.22914881    0.30871023    0.49996467
    0.21067590   -0.32519644   -0.15018632    0.22914881    0.30870614    0.49996703
    0.21067332   -0.32519831   -0.15018632    0.22914881    0.30870236    0.49996991
    0.21067100   -0.32520049   -0.15018632    0.22914881    0.30869896    0.49997326
    0.21066897   -0.32520295   -0.15018632    0.22914881    0.30869599    0.49997704
    0.21066727   -0.32520564   -0.15018632    0.22914881    0.30869349    0.49998117
    0.21066591   -0.32520852   -0.15018632    0.22914881    0.30869150    0.49998560
    0.21066492   -0.32521155   -0.15018632    0.22914881    0.30869006    0.49999026
    0.21066433   -0.32521468   -0.15018632    0.22914881    0.30868918    0.49999507
    0.21066413   -0.32521786   -0.15018632    0.22914881    0.30868889    0.49999996
    0.21066433   -0.32522104   -0.15018632    0.22914881    0.30868918    0.50000485
    0.21066492   -0.32522417   -0.15018632    0.22914881    0.30869006    0.50000966
    0.21066591   -0.32522719   -0.15018632    0.22914881    0.30869150    0.50001431
    0.21066727   -0.32523008   -0.15018632    0.22914881    0.30869349    0.50001875
    0.21066897   -0.32523277   -0.15018632    0.22914881    0.30869599    0.50002288
    0.21067100   -0.32523522   -0.15018632    0.22914881    0.30869896    0.50002665
    0.21067332   -0.32523740   -0.15018632    0.22914881    0.30870236    0.50003001
    0.21067590   -0.32523927   -0.15018632    0.22914881    0.30870614    0.50003288
    0.21067869   -0.32524081   -0.15018632    0.22914881    0.30871023    0.50003524
    0.21068165   -0.32524198   -0.15018632    0.22914881    0.30871457    0.50003705
    0.21068474   -0.32524277   -0.15018632    0.22914881    0.30871909    0.50003826
    0.21068790   -0.32524317   -0.15018632    0.22914881    0.30872372    0.50003888
    0.21069109   -0.32524317   -0.15018632    0.22914881    0.30872839    0.50003888
    0.21069425   -0.32524277   -0.15018632    0.22914881    0.30873302    0.50003826
    0.21069733   -0.32524198   -0.15018632    0.22914881    0.30873754    0.50003705
    0.21070029   -0.32524081   -0.15018632    0.22914881    0.30874188    0.50003524
    0.21070308   -0.32523927   -0.15018632    0.22914881    0.30874597    0.50003288
    0.21070566   -0.32523740   -0.15018632    0.22914881    0.30874975    0.50003001
    0.21070798   -0.32523522   -0.15018632    0.22914881    0.30875315    0.50002665
    0.21071001   -0.32523277   -0.15018632    0.22914881    0.30875613    0.50002288
    0.21071172   -0.32523008   -0.15018632    0.22914881    0.30875863    0.50001875
    0.21071308   -0.32522719   -0.15018632    0.22914881    0.30876061    0.50001431
    0.21071406   -0.32522417   -0.15018632    0.22914881    0.30876206    0.50000966
    0.21071466   -0.32522104   -0.15018632    0.22914881    0.30876293    0.50000485
    0.21072100   -0.32521786   -0.15018449    0.22914603    0.30877223    0.49999996
    0.21072076   -0.32521391   -0.15018449    0.22914603    0.30877187    0.49999389
    0.21072001   -0.32521002   -0.15018449    0.22914603    0.30877078    0.49998791
    0.21071879   -0.32520626   -0.15018449    0.22914603    0.30876899    0.49998212
    0.21071711   -0.32520268   -0.15018449    0.22914603    0.30876652    0.49997662
    0.21071499   -0.32519934   -0.15018449    0.22914603    0.30876341    0.49997148
    0.21071246   -0.32519629   -0.15018449    0.22914603    0.30875972    0.49996679
    0.21070958   -0.32519358   -0.15018449    0.22914603    0.30875549    0.49996263
    0.21070638   -0.32519125   -0.15018449    0.22914603    0.30875080    0.49995905
    0.21070291   -0.32518935   -0.15018449    0.22914603    0.30874572    0.49995612
    0.21069923   -0.32518789   -0.15018449    0.22914603    0.30874032    0.49995388
    0.21069540   -0.32518690   -0.15018449    0.22914603    0.30873471    0.49995237
    0.21069147   -0.32518641   -0.15018449    0.22914603    0.30872896    0.49995161
    0.21068751   -0.32518641   -0.15018449    0.22914603    0.30872316    0.49995161
    0.21068359   -0.32518690   -0.15018449    0.22914603    0.30871740    0.49995237
    0.21067976   -0.32518789   -0.15018449    0.22914603    0.30871179    0.49995388
    0.21067608   -0.32518935   -0.15018449    0.22914603    0.30870640    0.49995612
    0.21067261   -0.32519125   -0.15018449    0.22914603    0.30870132    0.49995905
    0.21066941   -0.32519358   -0.15018449    0.22914603    0.30869662    0.49996263
    0.21066652   -0.32519629   -0.15018449    0.22914603    0.30869240    0.49996679
    0.21066400   -0.32519934   -0.15018449    0.22914603    0.30868870    0.49997148
    0.21066188   -0.32520268   -0.15018449    0.22914603    0.30868559    0.49997662
    0.21066020   -0.32520626   -0.15018449    0.22914603    0.30868313    0.49998212
    0.21065897   -0.32521002   -0.15018449    0.22914603    0.30868133    0.49998791
    0.21065823   -0.32521391   -0.15018449    0.22914603    0.30868025    0.49999389
    0.21065798   -0.32521786   -0.15018449    0.22914603    0.30867988    0.49999996
    0.21065823   -0.32522181   -0.15018449    0.22914603    0.30868025    0.50000603
    0.21065897   -0.32522569   -0.15018449    0.22914603    0.30868133    0.50001201
    0.21066020   -0.32522946   -0.15018449    0.22914603    0.30868313    0.50001779
    0.21066188   -0.32523304   -0.15018449    0.22914603    0.30868559    0.50002330
    0.21066400   -0.32523638   -0.15018449    0.22914603    0.30868870    0.50002843
    0.21066652   -0.32523943   -0.15018449    0.22914603    0.30869240    0.50003312
    0.21066941   -0.32524214   -0.15018449    0.22914603    0.30869662    0.50003729
    0.21067261   -0.32524446   -0.15018449    0.22914603    0.30870132    0.50004086
    0.21067608   -0.32524637   -0.15018449    0.22914603    0.30870640    0.50004379
    0.21067976   -0.32524783   -0.15018449    0.22914603    0.30871179    0.50004603
    0.21068359   -0.32524881   -0.15018449    0.22914603    0.30871740    0.50004755
    0.21068751   -0.32524931   -0.15018449    0.22914603    0.30872316    0.50004831
    0.21069147   -0.32524931   -0.15018449    0.22914603    0.30872896    0.50004831
    0.21069540   -0.32524881   -0.15018449    0.22914603    0.30873471    0.50004755
    0.21069923   -0.32524783   -0.15018449    0.22914603    0.30874032    0.50004603
    0.21070291   -0.32524637   -0.15018449    0.22914603    0.30874572    0.50004379
    0.21070638   -0.32524446   -0.15018449    0.22914603    0.30875080    0.50004086
    0.21070958   -0.32524214   -0.15018449    0.22914603    0.30875549    0.50003729
    0.21071246   -0.32523943   -0.15018449    0.22914603    0.30875972    0.50003312
    0.21071499   -0.32523638   -0.15018449    0.22914603    0.30876341    0.50002843
    0.21071711   -0.32523304   -0.15018449    0.22914603    0.30876652    0.50002330
    0.21071879   -0.32522946   -0.15018449    0.22914603    0.30876899    0.50001779
    0.21072001   -0.32522569   -0.15018449    0.22914603    0.30877078    0.50001201
    0.21072076   -0.32522181   -0.15018449    0.22914603    0.30877187    0.50000603
    0.21072702   -0.32521786   -0.15018228    0.22914265    0.30878104    0.49999996
    0.21072672   -0.32521315   -0.15018228    0.22914265    0.30878061    0.49999273
    0.21072584   -0.32520852   -0.15018228    0.22914265    0.30877932    0.49998561
    0.21072438   -0.32520404   -0.15018228    0.22914265    0.30877718    0.49997872
    0.21072238   -0.32519978   -0.15018228    0.22914265    0.30877424    0.49997216
    0.21071985   -0.32519580   -0.15018228    0.22914265    0.30877054    0.49996605
    0.21071685   -0.32519217   -0.15018228    0.22914265    0.30876614    0.49996046
    0.21071341   -0.32518894   -0.15018228    0.22914265    0.30876111    0.49995550
    0.21070960   -0.32518617   -0.15018228    0.22914265    0.30875552    0.49995124
    0.21070547   -0.32518390   -0.15018228    0.22914265    0.30874947    0.49994775
    0.21070109   -0.32518217   -0.15018228    0.22914265    0.30874305    0.49994509
    0.21069652   -0.32518099   -0.15018228    0.22914265    0.30873636    0.49994329
    0.21069185   -0.32518040   -0.15018228    0.22914265    0.30872951    0.49994238
    0.21068714   -0.32518040   -0.15018228    0.22914265    0.30872260    0.49994238
    0.21068246   -0.32518099   -0.15018228    0.22914265    0.30871575    0.49994329
    0.21067790   -0.32518217   -0.15018228    0.22914265    0.30870906    0.49994509
    0.21067352   -0.32518390   -0.15018228    0.22914265    0.30870264    0.49994775
    0.21066939   -0.32518617   -0.15018228    0.22914265    0.30869659    0.49995124
    0.21066557   -0.32518894   -0.15018228    0.22914265    0.30869101    0.49995550
    0.21066214   -0.32519217   -0.15018228    0.22914265    0.30868597    0.49996046
    0.21065913   -0.32519580   -0.15018228    0.22914265    0.30868157    0.49996605
    0.21065661   -0.32519978   -0.15018228    0.22914265    0.30867787    0.49997216
    0.21065460   -0.32520404   -0.15018228    0.22914265    0.30867493    0.49997872
    0.21065315   -0.32520852   -0.15018228    0.22914265    0.30867280    0.49998561
    0.21065226   -0.32521315   -0.15018228    0.22914265    0.30867150    0.49999273
    0.21065197   -0.32521786   -0.15018228    0.22914265    0.30867107    0.49999996
    0.21065226   -0.32522256   -0.15018228    0.22914265    0.30867150    0.50000719
    0.21065315   -0.32522719   -0.15018228    0.22914265    0.30867280    0.50001431
    0.21065460   -0.32523167   -0.15018228    0.22914265    0.30867493    0.50002120
    0.21065661   -0.32523594   -0.15018228    0.22914265    0.30867787    0.50002775
    0.21065913   -0.32523991   -0.15018228    0.22914265    0.30868157    0.50003387
    0.21066214   -0.32524355   -0.15018228    0.22914265    0.30868597    0.50003945
    0.21066557   -0.32524677   -0.15018228    0.22914265    0.30869101    0.50004441
    0.21066939   -0.32524954   -0.15018228    0.22914265    0.30869659    0.50004867
    0.21067352   -0.32525181   -0.15018228    0.22914265    0.30870264    0.50005216
    0.21067790   -0.32525355   -0.15018228    0.22914265    0.30870906    0.50005483
    0.21068246   -0.32525472   -0.15018228    0.22914265    0.30871575    0.50005663
    0.21068714   -0.32525531   -0.15018228    0.22914265    0.30872260    0.50005754
    0.21069185   -0.32525531   -0.15018228    0.22914265    0.30872951    0.50005754
    0.21069652   -0.32525472   -0.15018228    0.22914265    0.30873636    0.50005663
    0.21070109   -0.32525355   -0.15018228    0.22914265    0.30874305    0.50005483
    0.21070547   -0.32525181   -0.15018228    0.22914265    0.30874947    0.50005216
    0.21070960   -0.32524954   -0.15018228    0.22914265    0.30875552    0.50004867
    0.21071341   -0.32524677   -0.15018228    0.22914265    0.30876111    0.50004441
    0.21071685   -0.32524355   -0.15018228    0.22914265    0.30876614    0.50003945
    0.21071985   -0.32523991   -0.15018228    0.22914265    0.30877054    0.50003387
    0.21072238   -0.32523594   -0.15018228    0.22914265    0.30877424    0.50002775
    0.21072438   -0.32523167   -0.15018228    0.22914265    0.30877718    0.50002120
    0.21072584   -0.32522719   -0.15018228    0.22914265    0.30877932    0.50001431
    0.21072672   -0.32522256   -0.15018228    0.22914265    0.30878061    0.50000719
    0.21073288   -0.32521786   -0.15017969    0.22913869    0.30878963    0.49999996
    0.21073254   -0.32521242   -0.15017969    0.22913869    0.30878913    0.49999160
    0.21073152   -0.32520707   -0.15017969    0.22913869    0.30878764    0.49998337
    0.21072983   -0.32520188   -0.15017969    0.22913869    0.30878517    0.49997540
    0.21072751   -0.32519695   -0.15017969    0.22913869    0.30878177    0.49996782
    0.21072460   -0.32519235   -0.15017969    0.22913869    0.30877749    0.49996075
    0.21072112   -0.32518816   -0.15017969    0.22913869    0.30877240    0.49995429
    0.21071715   -0.32518443   -0.15017969    0.22913869    0.30876658    0.49994856
    0.21071274   -0.32518122   -0.15017969    0.22913869    0.30876012    0.49994364
    0.21070797   -0.32517860   -0.15017969    0.22913869    0.30875313    0.49993960
    0.21070290   -0.32517659   -0.15017969    0.22913869    0.30874570    0.49993652
    0.21069762   -0.32517524   -0.15017969    0.22913869    0.30873797    0.49993443
    0.21069222   -0.32517455   -0.15017969    0.22913869    0.30873005    0.49993338
    0.21068677   -0.32517455   -0.15017969    0.22913869    0.30872206    0.49993338
    0.21068136   -0.32517524   -0.15017969    0.22913869    0.30871414    0.49993443
    0.21067609   -0.32517659   -0.15017969    0.22913869    0.30870641    0.49993652
    0.21067102   -0.32517860   -0.15017969    0.22913869    0.30869899    0.49993960
    0.21066624   -0.32518122   -0.15017969    0.22913869    0.30869199    0.49994364
    0.21066184   -0.32518443   -0.15017969    0.22913869    0.30868553    0.49994856
    0.21065786   -0.32518816   -0.15017969    0.22913869    0.30867971    0.49995429
    0.21065439   -0.32519235   -0.15017969    0.22913869    0.30867462    0.49996075
    0.21065147   -0.32519695   -0.15017969    0.22913869    0.30867034    0.49996782
    0.21064915   -0.32520188   -0.15017969    0.22913869    0.30866694    0.49997540
    0.21064747   -0.32520707   -0.15017969    0.22913869    0.30866448    0.49998337
    0.21064645   -0.32521242   -0.15017969    0.22913869    0.30866298    0.49999160
    0.21064610   -0.32521786   -0.15017969    0.22913869    0.30866248    0.49999996
    0.21064645   -0.32522329   -0.15017969    0.22913869    0.30866298    0.50000832
    0.21064747   -0.32522865   -0.15017969    0.22913869    0.30866448    0.50001655
    0.21064915   -0.32523383   -0.15017969    0.22913869    0.30866694    0.50002451
    0.21065147   -0.32523876   -0.15017969    0.22913869    0.30867034    0.50003209
    0.21065439   -0.32524336   -0.15017969    0.22913869    0.30867462    0.50003917
    0.21065786   -0.32524756   -0.15017969    0.22913869    0.30867971    0.50004562
    0.21066184   -0.32525129   -0.15017969    0.22913869    0.30868553    0.50005136
    0.21066624   -0.32525449   -0.15017969    0.22913869    0.30869199    0.50005628
    0.21067102   -0.32525712   -0.15017969    0.22913869    0.30869899    0.50006032
    0.21067609   -0.32525912   -0.15017969    0.22913869    0.30870641    0.50006340
    0.21068136   -0.32526048   -0.15017969    0.22913869    0.30871414    0.50006548
    0.21068677   -0.32526116   -0.15017969    0.22913869    0.30872206    0.50006653
    0.21069222   -0.32526116   -0.15017969    0.22913869    0.30873005    0.50006653
    0.21069762   -0.32526048   -0.15017969    0.22913869    0.30873797    0.50006548
    0.21070290   -0.32525912   -0.15017969    0.22913869    0.30874570    0.50006340
    0.21070797   -0.32525712   -0.15017969    0.22913869    0.30875313    0.50006032
    0.21071274   -0.32525449   -0.15017969    0.22913869    0.30876012    0.50005628
    0.21071715   -0.32525129   -0.15017969    0.22913869    0.30876658    0.50005136
    0.21072112   -0.32524756   -0.15017969    0.22913869    0.30877240    0.50004562
    0.21072460   -0.32524336   -0.15017969    0.22913869    0.30877749    0.50003917
    0.21072751   -0.32523876   -0.15017969    0.22913869    0.30878177    0.50003209
    0.21072983   -0.32523383   -0.15017969    0.22913869    0.30878517    0.50002451
    0.21073152   -0.32522865   -0.15017969    0.22913869    0.30878764    0.50001655
    0.21073254   -0.32522329   -0.15017969    0.22913869    0.30878913    0.50000832
    0.21073856   -0.32521786   -0.15017672    0.22913417    0.30879796    0.49999996
    0.21073818   -0.32521171   -0.15017672    0.22913417    0.30879739    0.49999050
    0.21073702   -0.32520565   -0.15017672    0.22913417    0.30879570    0.49998120
    0.21073512   -0.32519979   -0.15017672    0.22913417    0.30879291    0.49997218
    0.21073250   -0.32519422   -0.15017672    0.22913417    0.30878907    0.49996361
    0.21072919   -0.32518901   -0.15017672    0.22913417    0.30878423    0.49995561
    0.21072526   -0.32518427   -0.15017672    0.22913417    0.30877847    0.49994831
    0.21072077   -0.32518005   -0.15017672    0.22913417    0.30877189    0.49994183
    0.21071579   -0.32517642   -0.15017672    0.22913417    0.30876459    0.49993626
    0.21071039   -0.32517346   -0.15017672    0.22913417    0.30875667    0.49993169
    0.21070466   -0.32517119   -0.15017672    0.22913417    0.30874828    0.49992821
    0.21069869   -0.32516965   -0.15017672    0.22913417    0.30873953    0.49992585
    0.21069257   -0.32516888   -0.15017672    0.22913417    0.30873057    0.49992466
    0.21068641   -0.32516888   -0.15017672    0.22913417    0.30872154    0.49992466
    0.21068030   -0.32516965   -0.15017672    0.22913417    0.30871258    0.49992585
    0.21067433   -0.32517119   -0.15017672    0.22913417    0.30870384    0.49992821
    0.21066860   -0.32517346   -0.15017672    0.22913417    0.30869544    0.49993169
    0.21066320   -0.32517642   -0.15017672    0.22913417    0.30868753    0.49993626
    0.21065821   -0.32518005   -0.15017672    0.22913417    0.30868022    0.49994183
    0.21065372   -0.32518427   -0.15017672    0.22913417    0.30867364    0.49994831
    0.21064979   -0.32518901   -0.15017672    0.22913417    0.30866788    0.49995561
    0.21064649   -0.32519422   -0.15017672    0.22913417    0.30866305    0.49996361
    0.21064387   -0.32519979   -0.15017672    0.22913417    0.30865920    0.49997218
    0.21064196   -0.32520565   -0.15017672    0.22913417    0.30865641    0.49998120
    0.21064081   -0.32521171   -0.15017672    0.22913417    0.30865472    0.49999050
    0.21064042   -0.32521786   -0.15017672    0.22913417    0.30865415    0.49999996
    0.21064081   -0.32522401   -0.15017672    0.22913417    0.30865472    0.50000941
    0.21064196   -0.32523006   -0.15017672    0.22913417    0.30865641    0.50001872
    0.21064387   -0.32523592   -0.15017672    0.22913417    0.30865920    0.50002773
    0.21064649   -0.32524150   -0.15017672    0.22913417    0.30866305    0.50003630
    0.21064979   -0.32524670   -0.15017672    0.22913417    0.30866788    0.50004430
    0.21065372   -0.32525145   -0.15017672    0.22913417    0.30867364    0.50005160
    0.21065821   -0.32525567   -0.15017672    0.22913417    0.30868022    0.50005809
    0.21066320   -0.32525929   -0.15017672    0.22913417    0.30868753    0.50006366
    0.21066860   -0.32526226   -0.15017672    0.22913417    0.30869544    0.50006822
    0.21067433   -0.32526453   -0.15017672    0.22913417    0.30870384    0.50007171
    0.21068030   -0.32526606   -0.15017672    0.22913417    0.30871258    0.50007407
    0.21068641   -0.32526683   -0.15017672    0.22913417    0.30872154    0.50007525
    0.21069257   -0.32526683   -0.15017672    0.22913417    0.30873057    0.50007525
    0.21069869   -0.32526606   -0.15017672    0.22913417    0.30873953    0.50007407
    0.21070466   -0.32526453   -0.15017672    0.22913417    0.30874828    0.50007171
    0.21071039   -0.32526226   -0.15017672    0.22913417    0.30875667    0.50006822
    0.21071579   -0.32525929   -0.15017672    0.22913417    0.30876459    0.50006366
    0.21072077   -0.32525567   -0.15017672    0.22913417    0.30877189    0.50005809
    0.21072526   -0.32525145   -0.15017672    0.22913417    0.30877847    0.50005160
    0.21072919   -0.32524670   -0.15017672    0.22913417    0.30878423    0.50004430
    0.21073250   -0.32524150   -0.15017672    0.22913417    0.30878907    0.50003630
    0.21073512   -0.32523592   -0.15017672    0.22913417    0.30879291    0.50002773
    0.21073702   -0.32523006   -0.15017672    0.22913417    0.30879570    0.50001872
    0.21073818   -0.32522401   -0.15017672    0.22913417    0.30879739    0.50000941
    0.21074405   -0.32521786   -0.15017340    0.22912910    0.30880599    0.49999996
    0.21074362   -0.32521102   -0.15017340    0.22912910    0.30880536    0.49998945
    0.21074233   -0.32520429   -0.15017340    0.22912910    0.30880348    0.49997910
    0.21074022   -0.32519777   -0.15017340    0.22912910    0.30880038    0.49996908
    0.21073730   -0.32519158   -0.15017340    0.22912910    0.30879611    0.49995955
    0.21073363   -0.32518579   -0.15017340    0.22912910    0.30879073    0.49995066
    0.21072926   -0.32518051   -0.15017340    0.22912910    0.30878433    0.49994254
    0.21072427   -0.32517582   -0.15017340    0.22912910    0.30877701    0.49993533
    0.21071872   -0.32517180   -0.15017340    0.22912910    0.30876889    0.49992914
    0.21071272   -0.32516850   -0.15017340    0.22912910    0.30876009    0.49992407
    0.21070635   -0.32516597   -0.15017340    0.22912910    0.30875076    0.49992019
    0.21069972   -0.32516427   -0.15017340    0.22912910    0.30874104    0.49991757
    0.21069292   -0.32516341   -0.15017340    0.22912910    0.30873108    0.49991625
    0.21068607   -0.32516341   -0.15017340    0.22912910    0.30872104    0.49991625
    0.21067927   -0.32516427   -0.15017340    0.22912910    0.30871108    0.49991757
    0.21067264   -0.32516597   -0.15017340    0.22912910    0.30870135    0.49992019
    0.21066627   -0.32516850   -0.15017340    0.22912910    0.30869202    0.49992407
    0.21066026   -0.32517180   -0.15017340    0.22912910    0.30868322    0.49992914
    0.21065472   -0.32517582   -0.15017340    0.22912910    0.30867510    0.49993533
    0.21064973   -0.32518051   -0.15017340    0.22912910    0.30866778    0.49994254
    0.21064536   -0.32518579   -0.15017340    0.22912910    0.30866139    0.49995066
    0.21064169   -0.32519158   -0.15017340    0.22912910    0.30865601    0.49995955
    0.21063877   -0.32519777   -0.15017340    0.22912910    0.30865173    0.49996908
    0.21063665   -0.32520429   -0.15017340    0.22912910    0.30864863    0.49997910
    0.21063537   -0.32521102   -0.15017340    0.22912910    0.30864675    0.49998945
    0.21063494   -0.32521786   -0.15017340    0.22912910    0.30864612    0.49999996
    0.21063537   -0.32522469   -0.15017340    0.22912910    0.30864675    0.50001047
    0.21063665   -0.32523142   -0.15017340    0.22912910    0.30864863    0.50002082
    0.21063877   -0.32523794   -0.15017340    0.22912910    0.30865173    0.50003083
    0.21064169   -0.32524414   -0.15017340    0.22912910    0.30865601    0.50004036
    0.21064536   -0.32524992   -0.15017340    0.22912910    0.30866139    0.50004926
    0.21064973   -0.32525520   -0.15017340    0.22912910    0.30866778    0.50005737
    0.21065472   -0.32525989   -0.15017340    0.22912910    0.30867510    0.50006458
    0.21066026   -0.32526392   -0.15017340    0.22912910    0.30868322    0.50007077
    0.21066627   -0.32526722   -0.15017340    0.22912910    0.30869202    0.50007585
    0.21067264   -0.32526974   -0.15017340    0.22912910    0.30870135    0.50007973
    0.21067927   -0.32527144   -0.15017340    0.22912910    0.30871108    0.50008234
    0.21068607   -0.32527230   -0.15017340    0.22912910    0.30872104    0.50008366
    0.21069292   -0.32527230   -0.15017340    0.22912910    0.30873108    0.50008366
    0.21069972   -0.32527144   -0.15017340    0.22912910    0.30874104    0.50008234
    0.21070635   -0.32526974   -0.15017340    0.22912910    0.30875076    0.50007973
    0.21071272   -0.32526722   -0.15017340    0.22912910    0.30876009    0.50007585
    0.21071872   -0.32526392   -0.15017340    0.22912910    0.30876889    0.50007077
    0.21072427   -0.32525989   -0.15017340    0.22912910    0.30877701    0.50006458
    0.21072926   -0.32525520   -0.15017340    0.22912910    0.30878433    0.50005737
    0.21073363   -0.32524992   -0.15017340    0.22912910    0.30879073    0.50004926
    0.21073730   -0.32524414   -0.15017340    0.22912910    0.30879611    0.50004036
    0.21074022   -0.32523794   -0.15017340    0.22912910    0.30880038    0.50003083
    0.21074233   -0.32523142   -0.15017340    0.22912910    0.30880348    0.50002082
    0.21074362   -0.32522469   -0.15017340    0.22912910    0.30880536    0.50001047
    0.21074930   -0.32521786   -0.15016973    0.22912350    0.30881370    0.49999996
    0.21074883   -0.32521036   -0.15016973    0.22912350    0.30881301    0.49998843
    0.21074743   -0.32520298   -0.15016973    0.22912350    0.30881094    0.49997709
    0.21074510   -0.32519584   -0.15016973    0.22912350    0.30880754    0.49996611
    0.21074191   -0.32518904   -0.15016973    0.22912350    0.30880286    0.49995566
    0.21073788   -0.32518270   -0.15016973    0.22912350    0.30879696    0.49994591
    0.21073309   -0.32517691   -0.15016973    0.22912350    0.30878994    0.49993701
    0.21072762   -0.32517177   -0.15016973    0.22912350    0.30878192    0.49992911
    0.21072154   -0.32516736   -0.15016973    0.22912350    0.30877302    0.49992232
    0.21071496   -0.32516374   -0.15016973    0.22912350    0.30876337    0.49991675
    0.21070798   -0.32516097   -0.15016973    0.22912350    0.30875314    0.49991250
    0.21070070   -0.32515911   -0.15016973    0.22912350    0.30874248    0.49990963
    0.21069325   -0.32515816   -0.15016973    0.22912350    0.30873156    0.49990818
    0.21068574   -0.32515816   -0.15016973    0.22912350    0.30872055    0.49990818
    0.21067829   -0.32515911   -0.15016973    0.22912350    0.30870963    0.49990963
    0.21067101   -0.32516097   -0.15016973    0.22912350    0.30869897    0.49991250
    0.21066403   -0.32516374   -0.15016973    0.22912350    0.30868874    0.49991675
    0.21065744   -0.32516736   -0.15016973    0.22912350    0.30867910    0.49992232
    0.21065137   -0.32517177   -0.15016973    0.22912350    0.30867019    0.49992911
    0.21064589   -0.32517691   -0.15016973    0.22912350    0.30866217    0.49993701
    0.21064110   -0.32518270   -0.15016973    0.22912350    0.30865515    0.49994591
    0.21063708   -0.32518904   -0.15016973    0.22912350    0.30864926    0.49995566
    0.21063388   -0.32519584   -0.15016973    0.22912350    0.30864457    0.49996611
    0.21063156   -0.32520298   -0.15016973    0.22912350    0.30864117    0.49997709
    0.21063015   -0.32521036   -0.15016973    0.22912350    0.30863911    0.49998843
    0.21062968   -0.32521786   -0.15016973    0.22912350    0.30863841    0.49999996
    0.21063015   -0.32522535   -0.15016973    0.22912350    0.30863911    0.50001148
    0.21063156   -0.32523273   -0.15016973    0.22912350    0.30864117    0.50002283
    0.21063388   -0.32523987   -0.15016973    0.22912350    0.30864457    0.50003381
    0.21063708   -0.32524667   -0.15016973    0.22912350    0.30864926    0.50004426
    0.21064110   -0.32525301   -0.15016973    0.22912350    0.30865515    0.50005401
    0.21064589   -0.32525880   -0.15016973    0.22912350    0.30866217    0.50006291
    0.21065137   -0.32526394   -0.15016973    0.22912350    0.30867019    0.50007081
    0.21065744   -0.32526836   -0.15016973    0.22912350    0.30867910    0.50007760
    0.21066403   -0.32527198   -0.15016973    0.22912350    0.30868874    0.50008316
    0.21067101   -0.32527474   -0.15016973    0.22912350    0.30869897    0.50008741
    0.21067829   -0.32527661   -0.15016973    0.22912350    0.30870963    0.50009028
    0.21068574   -0.32527755   -0.15016973    0.22912350    0.30872055    0.50009173
    0.21069325   -0.32527755   -0.15016973    0.22912350    0.30873156    0.50009173
    0.21070070   -0.32527661   -0.15016973    0.22912350    0.30874248    0.50009028
    0.21070798   -0.32527474   -0.15016973    0.22912350    0.30875314    0.50008741
    0.21071496   -0.32527198   -0.15016973    0.22912350    0.30876337    0.50008316
    0.21072154   -0.32526836   -0.15016973    0.22912350    0.30877302    0.50007760
    0.21072762   -0.32526394   -0.15016973    0.22912350    0.30878192    0.50007081
    0.21073309   -0.32525880   -0.15016973    0.22912350    0.30878994    0.50006291
    0.21073788   -0.32525301   -0.15016973    0.22912350    0.30879696    0.50005401
    0.21074191   -0.32524667   -0.15016973    0.22912350    0.30880286    0.50004426
    0.21074510   -0.32523987   -0.15016973    0.22912350    0.30880754    0.50003381
    0.21074743   -0.32523273   -0.15016973    0.22912350    0.30881094    0.50002283
    0.21074883   -0.32522535   -0.15016973    0.22912350    0.30881301    0.50001148
    0.21075432   -0.32521786   -0.15016573    0.22911740    0.30882104    0.49999996
    0.21075380   -0.32520973   -0.15016573    0.22911740    0.30882029    0.49998747
    0.21075228   -0.32520174   -0.15016573    0.22911740    0.30881806    0.49997517
    0.21074976   -0.32519399   -0.15016573    0.22911740    0.30881437    0.49996327
    0.21074630   -0.32518663   -0.15016573    0.22911740    0.30880929    0.49995195
    0.21074194   -0.32517976   -0.15016573    0.22911740    0.30880290    0.49994138
    0.21073675   -0.32517348   -0.15016573    0.22911740    0.30879530    0.49993174
    0.21073081   -0.32516791   -0.15016573    0.22911740    0.30878660    0.49992317
    0.21072423   -0.32516313   -0.15016573    0.22911740    0.30877695    0.49991581
    0.21071709   -0.32515920   -0.15016573    0.22911740    0.30876650    0.49990978
    0.21070952   -0.32515621   -0.15016573    0.22911740    0.30875541    0.49990518
    0.21070164   -0.32515418   -0.15016573    0.22911740    0.30874386    0.49990206
    0.21069356   -0.32515316   -0.15016573    0.22911740    0.30873202    0.49990049
    0.21068542   -0.32515316   -0.15016573    0.22911740    0.30872009    0.49990049
    0.21067735   -0.32515418   -0.15016573    0.22911740    0.30870826    0.49990206
    0.21066946   -0.32515621   -0.15016573    0.22911740    0.30869670    0.49990518
    0.21066189   -0.32515920   -0.15016573    0.22911740    0.30868561    0.49990978
    0.21065476   -0.32516313   -0.15016573    0.22911740    0.30867516    0.49991581
    0.21064817   -0.32516791   -0.15016573    0.22911740    0.30866551    0.49992317
    0.21064224   -0.32517348   -0.15016573    0.22911740    0.30865681    0.49993174
    0.21063705   -0.32517976   -0.15016573    0.22911740    0.30864921    0.49994138
    0.21063269   -0.32518663   -0.15016573    0.22911740    0.30864282    0.49995195
    0.21062922   -0.32519399   -0.15016573    0.22911740    0.30863774    0.49996327
    0.21062671   -0.32520174   -0.15016573    0.22911740    0.30863405    0.49997517
    0.21062518   -0.32520973   -0.15016573    0.22911740    0.30863182    0.49998747
    0.21062467   -0.32521786   -0.15016573    0.22911740    0.30863107    0.49999996
    0.21062518   -0.32522598   -0.15016573    0.22911740    0.30863182    0.50001245
    0.21062671   -0.32523398   -0.15016573    0.22911740    0.30863405    0.50002474
    0.21062922   -0.32524172   -0.15016573    0.22911740    0.30863774    0.50003665
    0.21063269   -0.32524909   -0.15016573    0.22911740    0.30864282    0.50004797
    0.21063705   -0.32525596   -0.15016573    0.22911740    0.30864921    0.50005854
    0.21064224   -0.32526223   -0.15016573    0.22911740    0.30865681    0.50006818
    0.21064817   -0.32526780   -0.15016573    0.22911740    0.30866551    0.50007675
    0.21065476   -0.32527259   -0.15016573    0.22911740    0.30867516    0.50008410
    0.21066189   -0.32527651   -0.15016573    0.22911740    0.30868561    0.50009013
    0.21066946   -0.32527951   -0.15016573    0.22911740    0.30869670    0.50009474
    0.21067735   -0.32528153   -0.15016573    0.22911740    0.30870826    0.50009785
    0.21068542   -0.32528255   -0.15016573    0.22911740    0.30872009    0.50009942
    0.21069356   -0.32528255   -0.15016573    0.22911740    0.30873202    0.50009942
    0.21070164   -0.32528153   -0.15016573    0.22911740    0.30874386    0.50009785
    0.21070952   -0.32527951   -0.15016573    0.22911740    0.30875541    0.50009474
    0.21071709   -0.32527651   -0.15016573    0.22911740    0.30876650    0.50009013
    0.21072423   -0.32527259   -0.15016573    0.22911740    0.30877695    0.50008410
    0.21073081   -0.32526780   -0.15016573    0.22911740    0.30878660    0.50007675
    0.21073675   -0.32526223   -0.15016573    0.22911740    0.30879530    0.50006818
    0.21074194   -0.32525596   -0.15016573    0.22911740    0.30880290    0.50005854
    0.21074630   -0.32524909   -0.15016573    0.22911740    0.30880929    0.50004797
    0.21074976   -0.32524172   -0.15016573    0.22911740    0.30881437    0.50003665
    0.21075228   -0.32523398   -0.15016573    0.22911740    0.30881806    0.50002474
    0.21075380   -0.32522598   -0.15016573    0.22911740    0.30882029    0.50001245
    0.21075906   -0.32521786   -0.15016142    0.22911083    0.30882800    0.49999996
    0.21075851   -0.32520914   -0.15016142    0.22911083    0.30882719    0.49998655
    0.21075688   -0.32520056   -0.15016142    0.22911083    0.30882479    0.49997336
    0.21075418   -0.32519225   -0.15016142    0.22911083    0.30882084    0.49996058
    0.21075046   -0.32518434   -0.15016142    0.22911083    0.30881539    0.49994843
    0.21074578   -0.32517697   -0.15016142    0.22911083    0.30880853    0.49993709
    0.21074021   -0.32517023   -0.15016142    0.22911083    0.30880037    0.49992674
    0.21073384   -0.32516425   -0.15016142    0.22911083    0.30879104    0.49991755
    0.21072677   -0.32515912   -0.15016142    0.22911083    0.30878068    0.49990965
    0.21071911   -0.32515491   -0.15016142    0.22911083    0.30876946    0.49990318
    0.21071099   -0.32515169   -0.15016142    0.22911083    0.30875756    0.49989824
    0.21070253   -0.32514952   -0.15016142    0.22911083    0.30874516    0.49989490
    0.21069386   -0.32514843   -0.15016142    0.22911083    0.30873246    0.49989321
    0.21068512   -0.32514843   -0.15016142    0.22911083    0.30871966    0.49989321
    0.21067646   -0.32514952   -0.15016142    0.22911083    0.30870695    0.49989490
    0.21066800   -0.32515169   -0.15016142    0.22911083    0.30869456    0.49989824
    0.21065987   -0.32515491   -0.15016142    0.22911083    0.30868265    0.49990318
    0.21065222   -0.32515912   -0.15016142    0.22911083    0.30867143    0.49990965
    0.21064515   -0.32516425   -0.15016142    0.22911083    0.30866108    0.49991755
    0.21063878   -0.32517023   -0.15016142    0.22911083    0.30865175    0.49992674
    0.21063321   -0.32517697   -0.15016142    0.22911083    0.30864359    0.49993709
    0.21062853   -0.32518434   -0.15016142    0.22911083    0.30863673    0.49994843
    0.21062481   -0.32519225   -0.15016142    0.22911083    0.30863128    0.49996058
    0.21062211   -0.32520056   -0.15016142    0.22911083    0.30862732    0.49997336
    0.21062047   -0.32520914   -0.15016142    0.22911083    0.30862492    0.49998655
    0.21061992   -0.32521786   -0.15016142    0.22911083    0.30862412    0.49999996
    0.21062047   -0.32522658   -0.15016142    0.22911083    0.30862492    0.50001336
    0.21062211   -0.32523516   -0.15016142    0.22911083    0.30862732    0.50002656
    0.21062481   -0.32524347   -0.15016142    0.22911083    0.30863128    0.50003933
    0.21062853   -0.32525137   -0.15016142    0.22911083    0.30863673    0.50005148
    0.21063321   -0.32525875   -0.15016142    0.22911083    0.30864359    0.50006283
    0.21063878   -0.32526548   -0.15016142    0.22911083    0.30865175    0.50007317
    0.21064515   -0.32527146   -0.15016142    0.22911083    0.30866108    0.50008237
    0.21065222   -0.32527660   -0.15016142    0.22911083    0.30867143    0.50009026
    0.21065987   -0.32528080   -0.15016142    0.22911083    0.30868265    0.50009673
    0.21066800   -0.32528402   -0.15016142    0.22911083    0.30869456    0.50010168
    0.21067646   -0.32528619   -0.15016142    0.22911083    0.30870695    0.50010502
    0.21068512   -0.32528729   -0.15016142    0.22911083    0.30871966    0.50010670
    0.21069386   -0.32528729   -0.15016142    0.22911083    0.30873246    0.50010670
    0.21070253   -0.32528619   -0.15016142    0.22911083    0.30874516    0.50010502
    0.21071099   -0.32528402   -0.15016142    0.22911083    0.30875756    0.50010168
    0.21071911   -0.32528080   -0.15016142    0.22911083    0.30876946    0.50009673
    0.21072677   -0.32527660   -0.15016142    0.22911083    0.30878068    0.50009026
    0.21073384   -0.32527146   -0.15016142    0.22911083    0.30879104    0.50008237
    0.21074021   -0.32526548   -0.15016142    0.22911083    0.30880037    0.50007317
    0.21074578   -0.32525875   -0.15016142    0.22911083    0.30880853    0.50006283
    0.21075046   -0.32525137   -0.15016142    0.22911083    0.30881539    0.50005148
    0.21075418   -0.32524347   -0.15016142    0.22911083    0.30882084    0.50003933
    0.21075688   -0.32523516   -0.15016142    0.22911083    0.30882479    0.50002656
    0.21075851   -0.32522658   -0.15016142    0.22911083    0.30882719    0.50001336
    0.21076352   -0.32521786   -0.15015682    0.22910380    0.30883453    0.49999996
    0.21076294   -0.32520858   -0.15015682    0.22910380    0.30883368    0.49998569
    0.21076120   -0.32519945   -0.15015682    0.22910380    0.30883112    0.49997165
    0.21075832   -0.32519061   -0.15015682    0.22910380    0.30882691    0.49995806
    0.21075436   -0.32518219   -0.15015682    0.22910380    0.30882111    0.49994513
    0.21074938   -0.32517434   -0.15015682    0.22910380    0.30881381    0.49993306
    0.21074346   -0.32516718   -0.15015682    0.22910380    0.30880513    0.49992205
    0.21073668   -0.32516082   -0.15015682    0.22910380    0.30879520    0.49991226
    0.21072916   -0.32515535   -0.15015682    0.22910380    0.30878418    0.49990386
    0.21072101   -0.32515087   -0.15015682    0.22910380    0.30877224    0.49989698
    0.21071237   -0.32514745   -0.15015682    0.22910380    0.30875958    0.49989172
    0.21070336   -0.32514514   -0.15015682    0.22910380    0.30874638    0.49988816
    0.21069414   -0.32514398   -0.15015682    0.22910380    0.30873287    0.49988637
    0.21068484   -0.32514398   -0.15015682    0.22910380    0.30871925    0.49988637
    0.21067562   -0.32514514   -0.15015682    0.22910380    0.30870573    0.49988816
    0.21066662   -0.32514745   -0.15015682    0.22910380    0.30869254    0.49989172
    0.21065797   -0.32515087   -0.15015682    0.22910380    0.30867987    0.49989698
    0.21064983   -0.32515535   -0.15015682    0.22910380    0.30866793    0.49990386
    0.21064231   -0.32516082   -0.15015682    0.22910380    0.30865691    0.49991226
    0.21063553   -0.32516718   -0.15015682    0.22910380    0.30864698    0.49992205
    0.21062960   -0.32517434   -0.15015682    0.22910380    0.30863830    0.49993306
    0.21062462   -0.32518219   -0.15015682    0.22910380    0.30863100    0.49994513
    0.21062066   -0.32519061   -0.15015682    0.22910380    0.30862520    0.49995806
    0.21061779   -0.32519945   -0.15015682    0.22910380    0.30862099    0.49997165
    0.21061605   -0.32520858   -0.15015682    0.22910380    0.30861844    0.49998569
    0.21061547   -0.32521786   -0.15015682    0.22910380    0.30861758    0.49999996
    0.21061605   -0.32522714   -0.15015682    0.22910380    0.30861844    0.50001422
    0.21061779   -0.32523627   -0.15015682    0.22910380    0.30862099    0.50002826
    0.21062066   -0.32524511   -0.15015682    0.22910380    0.30862520    0.50004186
    0.21062462   -0.32525352   -0.15015682    0.22910380    0.30863100    0.50005479
    0.21062960   -0.32526137   -0.15015682    0.22910380    0.30863830    0.50006686
    0.21063553   -0.32526853   -0.15015682    0.22910380    0.30864698    0.50007787
    0.21064231   -0.32527490   -0.15015682    0.22910380    0.30865691    0.50008765
    0.21064983   -0.32528036   -0.15015682    0.22910380    0.30866793    0.50009605
    0.21065797   -0.32528484   -0.15015682    0.22910380    0.30867987    0.50010294
    0.21066662   -0.32528826   -0.15015682    0.22910380    0.30869254    0.50010820
    0.21067562   -0.32529057   -0.15015682    0.22910380    0.30870573    0.50011175
    0.21068484   -0.32529174   -0.15015682    0.22910380    0.30871925    0.50011355
    0.21069414   -0.32529174   -0.15015682    0.22910380    0.30873287    0.50011355
    0.21070336   -0.32529057   -0.15015682    0.22910380    0.30874638    0.50011175
    0.21071237   -0.32528826   -0.15015682    0.22910380    0.30875958    0.50010820
    0.21072101   -0.32528484   -0.15015682    0.22910380    0.30877224    0.50010294
    0.21072916   -0.32528036   -0.15015682    0.22910380    0.30878418    0.50009605
    0.21073668   -0.32527490   -0.15015682    0.22910380    0.30879520    0.50008765
    0.21074346   -0.32526853   -0.15015682    0.22910380    0.30880513    0.50007787
    0.21074938   -0.32526137   -0.15015682    0.22910380    0.30881381    0.50006686
    0.21075436   -0.32525352   -0.15015682    0.22910380    0.30882111    0.50005479
    0.21075832   -0.32524511   -0.15015682    0.22910380    0.30882691    0.50004186
    0.21076120   -0.32523627   -0.15015682    0.22910380    0.30883112    0.50002826
    0.21076294   -0.32522714   -0.15015682    0.22910380    0.30883368    0.50001422
    0.21076768   -0.32521786   -0.15015194    0.22909636    0.30884062    0.49999996
    0.21076706   -0.32520806   -0.15015194    0.22909636    0.30883972    0.49998489
    0.21076522   -0.32519841   -0.15015194    0.22909636    0.30883702    0.49997007
    0.21076219   -0.32518908   -0.15015194    0.22909636    0.30883257    0.49995571
    0.21075801   -0.32518019   -0.15015194    0.22909636    0.30882645    0.49994205
    0.21075274   -0.32517190   -0.15015194    0.22909636    0.30881874    0.49992931
    0.21074649   -0.32516434   -0.15015194    0.22909636    0.30880957    0.49991767
    0.21073933   -0.32515762   -0.15015194    0.22909636    0.30879908    0.49990734
    0.21073139   -0.32515184   -0.15015194    0.22909636    0.30878744    0.49989847
    0.21072278   -0.32514711   -0.15015194    0.22909636    0.30877483    0.49989120
    0.21071365   -0.32514350   -0.15015194    0.22909636    0.30876146    0.49988564
    0.21070414   -0.32514106   -0.15015194    0.22909636    0.30874752    0.49988189
    0.21069440   -0.32513983   -0.15015194    0.22909636    0.30873325    0.49987999
    0.21068458   -0.32513983   -0.15015194    0.22909636    0.30871886    0.49987999
    0.21067484   -0.32514106   -0.15015194    0.22909636    0.30870459    0.49988189
    0.21066533   -0.32514350   -0.15015194    0.22909636    0.30869065    0.49988564
    0.21065620   -0.32514711   -0.15015194    0.22909636    0.30867728    0.49989120
    0.21064760   -0.32515184   -0.15015194    0.22909636    0.30866467    0.49989847
    0.21063966   -0.32515762   -0.15015194    0.22909636    0.30865303    0.49990734
    0.21063250   -0.32516434   -0.15015194    0.22909636    0.30864254    0.49991767
    0.21062624   -0.32517190   -0.15015194    0.22909636    0.30863337    0.49992931
    0.21062098   -0.32518019   -0.15015194    0.22909636    0.30862566    0.49994205
    0.21061680   -0.32518908   -0.15015194    0.22909636    0.30861954    0.49995571
    0.21061377   -0.32519841   -0.15015194    0.22909636    0.30861509    0.49997007
    0.21061193   -0.32520806   -0.15015194    0.22909636    0.30861240    0.49998489
    0.21061131   -0.32521786   -0.15015194    0.22909636    0.30861149    0.49999996
    0.21061193   -0.32522766   -0.15015194    0.22909636    0.30861240    0.50001502
    0.21061377   -0.32523730   -0.15015194    0.22909636    0.30861509    0.50002985
    0.21061680   -0.32524664   -0.15015194    0.22909636    0.30861954    0.50004421
    0.21062098   -0.32525552   -0.15015194    0.22909636    0.30862566    0.50005787
    0.21062624   -0.32526381   -0.15015194    0.22909636    0.30863337    0.50007061
    0.21063250   -0.32527138   -0.15015194    0.22909636    0.30864254    0.50008224
    0.21063966   -0.32527810   -0.15015194    0.22909636    0.30865303    0.50009257
    0.21064760   -0.32528387   -0.15015194    0.22909636    0.30866467    0.50010145
    0.21065620   -0.32528860   -0.15015194    0.22909636    0.30867728    0.50010872
    0.21066533   -0.32529221   -0.15015194    0.22909636    0.30869065    0.50011428
    0.21067484   -0.32529466   -0.15015194    0.22909636    0.30870459    0.50011803
    0.21068458   -0.32529589   -0.15015194    0.22909636    0.30871886    0.50011992
    0.21069440   -0.32529589   -0.15015194    0.22909636    0.30873325    0.50011992
    0.21070414   -0.32529466   -0.15015194    0.22909636    0.30874752    0.50011803
    0.21071365   -0.32529221   -0.15015194    0.22909636    0.30876146    0.50011428
    0.21072278   -0.32528860   -0.15015194    0.22909636    0.30877483    0.50010872
    0.21073139   -0.32528387   -0.15015194    0.22909636    0.30878744    0.50010145
    0.21073933   -0.32527810   -0.15015194    0.22909636    0.30879908    0.50009257
    0.21074649   -0.32527138   -0.15015194    0.22909636    0.30880957    0.50008224
    0.21075274   -0.32526381   -0.15015194    0.22909636    0.30881874    0.50007061
    0.21075801   -0.32525552   -0.15015194    0.22909636    0.30882645    0.50005787
    0.21076219   -0.32524664   -0.15015194    0.22909636    0.30883257    0.50004421
    0.21076522   -0.32523730   -0.15015194    0.22909636    0.30883702    0.50002985
    0.21076706   -0.32522766   -0.15015194    0.22909636    0.30883972    0.50001502
    0.21077151   -0.32521786   -0.15014680    0.22908852    0.30884624    0.49999996
    0.21077086   -0.32520758   -0.15014680    0.22908852    0.30884529    0.49998415
    0.21076893   -0.32519746   -0.15014680    0.22908852    0.30884246    0.49996860
    0.21076575   -0.32518766   -0.15014680    0.22908852    0.30883780    0.49995354
    0.21076137   -0.32517834   -0.15014680    0.22908852    0.30883137    0.49993921
    0.21075585   -0.32516965   -0.15014680    0.22908852    0.30882328    0.49992584
    0.21074928   -0.32516171   -0.15014680    0.22908852    0.30881366    0.49991364
    0.21074177   -0.32515466   -0.15014680    0.22908852    0.30880266    0.49990280
    0.21073344   -0.32514861   -0.15014680    0.22908852    0.30879045    0.49989349
    0.21072441   -0.32514365   -0.15014680    0.22908852    0.30877723    0.49988586
    0.21071484   -0.32513985   -0.15014680    0.22908852    0.30876319    0.49988003
    0.21070486   -0.32513729   -0.15014680    0.22908852    0.30874858    0.49987610
    0.21069464   -0.32513600   -0.15014680    0.22908852    0.30873360    0.49987411
    0.21068434   -0.32513600   -0.15014680    0.22908852    0.30871851    0.49987411
    0.21067412   -0.32513729   -0.15014680    0.22908852    0.30870354    0.49987610
    0.21066415   -0.32513985   -0.15014680    0.22908852    0.30868892    0.49988003
    0.21065457   -0.32514365   -0.15014680    0.22908852    0.30867489    0.49988586
    0.21064555   -0.32514861   -0.15014680    0.22908852    0.30866166    0.49989349
    0.21063721   -0.32515466   -0.15014680    0.22908852    0.30864945    0.49990280
    0.21062971   -0.32516171   -0.15014680    0.22908852    0.30863845    0.49991364
    0.21062314   -0.32516965   -0.15014680    0.22908852    0.30862883    0.49992584
    0.21061762   -0.32517834   -0.15014680    0.22908852    0.30862074    0.49993921
    0.21061324   -0.32518766   -0.15014680    0.22908852    0.30861432    0.49995354
    0.21061005   -0.32519746   -0.15014680    0.22908852    0.30860965    0.49996860
    0.21060812   -0.32520758   -0.15014680    0.22908852    0.30860682    0.49998415
    0.21060748   -0.32521786   -0.15014680    0.22908852    0.30860588    0.49999996
    0.21060812   -0.32522814   -0.15014680    0.22908852    0.30860682    0.50001576
    0.21061005   -0.32523825   -0.15014680    0.22908852    0.30860965    0.50003132
    0.21061324   -0.32524805   -0.15014680    0.22908852    0.30861432    0.50004638
    0.21061762   -0.32525737   -0.15014680    0.22908852    0.30862074    0.50006071
    0.21062314   -0.32526607   -0.15014680    0.22908852    0.30862883    0.50007408
    0.21062971   -0.32527400   -0.15014680    0.22908852    0.30863845    0.50008628
    0.21063721   -0.32528105   -0.15014680    0.22908852    0.30864945    0.50009712
    0.21064555   -0.32528711   -0.15014680    0.22908852    0.30866166    0.50010642
    0.21065457   -0.32529207   -0.15014680    0.22908852    0.30867489    0.50011405
    0.21066415   -0.32529586   -0.15014680    0.22908852    0.30868892    0.50011988
    0.21067412   -0.32529842   -0.15014680    0.22908852    0.30870354    0.50012382
    0.21068434   -0.32529971   -0.15014680    0.22908852    0.30871851    0.50012580
    0.21069464   -0.32529971   -0.15014680    0.22908852    0.30873360    0.50012580
    0.21070486   -0.32529842   -0.15014680    0.22908852    0.30874858    0.50012382
    0.21071484   -0.32529586   -0.15014680    0.22908852    0.30876319    0.50011988
    0.21072441   -0.32529207   -0.15014680    0.22908852    0.30877723    0.50011405
    0.21073344   -0.32528711   -0.15014680    0.22908852    0.30879045    0.50010642
    0.21074177   -0.32528105   -0.15014680    0.22908852    0.30880266    0.50009712
    0.21074928   -0.32527400   -0.15014680    0.22908852    0.30881366    0.50008628
    0.21075585   -0.32526607   -0.15014680    0.22908852    0.30882328    0.50007408
    0.21076137   -0.32525737   -0.15014680    0.22908852    0.30883137    0.50006071
    0.21076575   -0.32524805   -0.15014680    0.22908852    0.30883780    0.50004638
    0.21076893   -0.32523825   -0.15014680    0.22908852    0.30884246    0.50003132
    0.21077086   -0.32522814   -0.15014680    0.22908852    0.30884529    0.50001576
    0.21077501   -0.32521786   -0.15014143    0.22908032    0.30885136    0.49999996
    0.21077433   -0.32520714   -0.15014143    0.22908032    0.30885037    0.49998348
    0.21077232   -0.32519659   -0.15014143    0.22908032    0.30884742    0.49996726
    0.21076900   -0.32518638   -0.15014143    0.22908032    0.30884256    0.49995156
    0.21076443   -0.32517666   -0.15014143    0.22908032    0.30883586    0.49993662
    0.21075868   -0.32516759   -0.15014143    0.22908032    0.30882743    0.49992268
    0.21075183   -0.32515932   -0.15014143    0.22908032    0.30881740    0.49990996
    0.21074400   -0.32515197   -0.15014143    0.22908032    0.30880593    0.49989866
    0.21073531   -0.32514565   -0.15014143    0.22908032    0.30879320    0.49988895
    0.21072590   -0.32514048   -0.15014143    0.22908032    0.30877941    0.49988100
    0.21071592   -0.32513653   -0.15014143    0.22908032    0.30876478    0.49987492
    0.21070552   -0.32513386   -0.15014143    0.22908032    0.30874954    0.49987081
    0.21069486   -0.32513251   -0.15014143    0.22908032    0.30873392    0.49986875
    0.21068412   -0.32513251   -0.15014143    0.22908032    0.30871819    0.49986875
    0.21067347   -0.32513386   -0.15014143    0.22908032    0.30870258    0.49987081
    0.21066307   -0.32513653   -0.15014143    0.22908032    0.30868734    0.49987492
    0.21065308   -0.32514048   -0.15014143    0.22908032    0.30867270    0.49988100
    0.21064367   -0.32514565   -0.15014143    0.22908032    0.30865891    0.49988895
    0.21063498   -0.32515197   -0.15014143    0.22908032    0.30864618    0.49989866
    0.21062716   -0.32515932   -0.15014143    0.22908032    0.30863471    0.49990996
    0.21062031   -0.32516759   -0.15014143    0.22908032    0.30862468    0.49992268
    0.21061456   -0.32517666   -0.15014143    0.22908032    0.30861625    0.49993662
    0.21060998   -0.32518638   -0.15014143    0.22908032    0.30860955    0.49995156
    0.21060667   -0.32519659   -0.15014143    0.22908032    0.30860469    0.49996726
    0.21060465   -0.32520714   -0.15014143    0.22908032    0.30860174    0.49998348
    0.21060398   -0.32521786   -0.15014143    0.22908032    0.30860075    0.49999996
    0.21060465   -0.32522857   -0.15014143    0.22908032    0.30860174    0.50001644
    0.21060667   -0.32523912   -0.15014143    0.22908032    0.30860469    0.50003265
    0.21060998   -0.32524934   -0.15014143    0.22908032    0.30860955    0.50004836
    0.21061456   -0.32525905   -0.15014143    0.22908032    0.30861625    0.50006330
    0.21062031   -0.32526812   -0.15014143    0.22908032    0.30862468    0.50007724
    0.21062716   -0.32527640   -0.15014143    0.22908032    0.30863471    0.50008996
    0.21063498   -0.32528375   -0.15014143    0.22908032    0.30864618    0.50010126
    0.21064367   -0.32529006   -0.15014143    0.22908032    0.30865891    0.50011096
    0.21065308   -0.32529523   -0.15014143    0.22908032    0.30867270    0.50011892
    0.21066307   -0.32529919   -0.15014143    0.22908032    0.30868734    0.50012500
    0.21067347   -0.32530186   -0.15014143    0.22908032    0.30870258    0.50012910
    0.21068412   -0.32530320   -0.15014143    0.22908032    0.30871819    0.50013117
    0.21069486   -0.32530320   -0.15014143    0.22908032    0.30873392    0.50013117
    0.21070552   -0.32530186   -0.15014143    0.22908032    0.30874954    0.50012910
    0.21071592   -0.32529919   -0.15014143    0.22908032    0.30876478    0.50012500
    0.21072590   -0.32529523   -0.15014143    0.22908032    0.30877941    0.50011892
    0.21073531   -0.32529006   -0.15014143    0.22908032    0.30879320    0.50011096
    0.21074400   -0.32528375   -0.15014143    0.22908032    0.30880593    0.50010126
    0.21075183   -0.32527640   -0.15014143    0.22908032    0.30881740    0.50008996
    0.21075868   -0.32526812   -0.15014143    0.22908032    0.30882743    0.50007724
    0.21076443   -0.32525905   -0.15014143    0.22908032    0.30883586    0.50006330
    0.21076900   -0.32524934   -0.15014143    0.22908032    0.30884256    0.50004836
    0.21077232   -0.32523912   -0.15014143    0.22908032    0.30884742    0.50003265
    0.21077433   -0.32522857   -0.15014143    0.22908032    0.30885037    0.50001644
    0.21077815   -0.32521786   -0.15013584    0.22907180    0.30885597    0.49999996
    0.21077745   -0.32520674   -0.15013584    0.22907180    0.30885495    0.49998287
    0.21077537   -0.32519581   -0.15013584    0.22907180    0.30885189    0.49996606
    0.21077193   -0.32518522   -0.15013584    0.22907180    0.30884685    0.49994978
    0.21076719   -0.32517514   -0.15013584    0.22907180    0.30883990    0.49993429
    0.21076122   -0.32516574   -0.15013584    0.22907180    0.30883116    0.49991984
    0.21075412   -0.32515717   -0.15013584    0.22907180    0.30882076    0.49990665
    0.21074601   -0.32514954   -0.15013584    0.22907180    0.30880887    0.49989493
    0.21073700   -0.32514300   -0.15013584    0.22907180    0.30879567    0.49988487
    0.21072724   -0.32513764   -0.15013584    0.22907180    0.30878137    0.49987662
    0.21071689   -0.32513354   -0.15013584    0.22907180    0.30876620    0.49987032
    0.21070611   -0.32513077   -0.15013584    0.22907180    0.30875040    0.49986606
    0.21069506   -0.32512937   -0.15013584    0.22907180    0.30873421    0.49986392
    0.21068393   -0.32512937   -0.15013584    0.22907180    0.30871790    0.49986392
    0.21067288   -0.32513077   -0.15013584    0.22907180    0.30870171    0.49986606
    0.21066210   -0.32513354   -0.15013584    0.22907180    0.30868591    0.49987032
    0.21065174   -0.32513764   -0.15013584    0.22907180    0.30867074    0.49987662
    0.21064199   -0.32514300   -0.15013584    0.22907180    0.30865644    0.49988487
    0.21063298   -0.32514954   -0.15013584    0.22907180    0.30864325    0.49989493
    0.21062486   -0.32515717   -0.15013584    0.22907180    0.30863135    0.49990665
    0.21061777   -0.32516574   -0.15013584    0.22907180    0.30862095    0.49991984
    0.21061180   -0.32517514   -0.15013584    0.22907180    0.30861221    0.49993429
    0.21060706   -0.32518522   -0.15013584    0.22907180    0.30860527    0.49994978
    0.21060362   -0.32519581   -0.15013584    0.22907180    0.30860022    0.49996606
    0.21060153   -0.32520674   -0.15013584    0.22907180    0.30859717    0.49998287
    0.21060083   -0.32521786   -0.15013584    0.22907180    0.30859614    0.49999996
    0.21060153   -0.32522897   -0.15013584    0.22907180    0.30859717    0.50001704
    0.21060362   -0.32523991   -0.15013584    0.22907180    0.30860022    0.50003386
    0.21060706   -0.32525049   -0.15013584    0.22907180    0.30860527    0.50005014
    0.21061180   -0.32526057   -0.15013584    0.22907180    0.30861221    0.50006563
    0.21061777   -0.32526997   -0.15013584    0.22907180    0.30862095    0.50008008
    0.21062486   -0.32527855   -0.15013584    0.22907180    0.30863135    0.50009327
    0.21063298   -0.32528617   -0.15013584    0.22907180    0.30864325    0.50010499
    0.21064199   -0.32529272   -0.15013584    0.22907180    0.30865644    0.50011505
    0.21065174   -0.32529808   -0.15013584    0.22907180    0.30867074    0.50012329
    0.21066210   -0.32530218   -0.15013584    0.22907180    0.30868591    0.50012959
    0.21067288   -0.32530495   -0.15013584    0.22907180    0.30870171    0.50013385
    0.21068393   -0.32530634   -0.15013584    0.22907180    0.30871790    0.50013600
    0.21069506   -0.32530634   -0.15013584    0.22907180    0.30873421    0.50013600
    0.21070611   -0.32530495   -0.15013584    0.22907180    0.30875040    0.50013385
    0.21071689   -0.32530218   -0.15013584    0.22907180    0.30876620    0.50012959
    0.21072724   -0.32529808   -0.15013584    0.22907180    0.30878137    0.50012329
    0.21073700   -0.32529272   -0.15013584    0.22907180    0.30879567    0.50011505
    0.21074601   -0.32528617   -0.15013584    0.22907180    0.30880887    0.50010499
    0.21075412   -0.32527855   -0.15013584    0.22907180    0.30882076    0.50009327
    0.21076122   -0.32526997   -0.15013584    0.22907180    0.30883116    0.50008008
    0.21076719   -0.32526057   -0.15013584    0.22907180    0.30883990    0.50006563
    0.21077193   -0.32525049   -0.15013584    0.22907180    0.30884685    0.50005014
    0.21077537   -0.32523991   -0.15013584    0.22907180    0.30885189    0.50003386
    0.21077745   -0.32522897   -0.15013584    0.22907180    0.30885495    0.50001704
    0.21078093   -0.32521786   -0.15013007    0.22906299    0.30886005    0.49999996
    0.21078021   -0.32520640   -0.15013007    0.22906299    0.30885899    0.49998234
    0.21077806   -0.32519512   -0.15013007    0.22906299    0.30885584    0.49996500
    0.21077451   -0.32518420   -0.15013007    0.22906299    0.30885064    0.49994821
    0.21076962   -0.32517380   -0.15013007    0.22906299    0.30884347    0.49993223
    0.21076347   -0.32516411   -0.15013007    0.22906299    0.30883446    0.49991732
    0.21075615   -0.32515526   -0.15013007    0.22906299    0.30882373    0.49990372
    0.21074778   -0.32514740   -0.15013007    0.22906299    0.30881146    0.49989164
    0.21073849   -0.32514065   -0.15013007    0.22906299    0.30879785    0.49988126
    0.21072843   -0.32513512   -0.15013007    0.22906299    0.30878311    0.49987275
    0.21071775   -0.32513089   -0.15013007    0.22906299    0.30876746    0.49986625
    0.21070663   -0.32512804   -0.15013007    0.22906299    0.30875116    0.49986186
    0.21069523   -0.32512660   -0.15013007    0.22906299    0.30873447    0.49985965
    0.21068375   -0.32512660   -0.15013007    0.22906299    0.30871764    0.49985965
    0.21067236   -0.32512804   -0.15013007    0.22906299    0.30870095    0.49986186
    0.21066124   -0.32513089   -0.15013007    0.22906299    0.30868465    0.49986625
    0.21065056   -0.32513512   -0.15013007    0.22906299    0.30866901    0.49987275
    0.21064050   -0.32514065   -0.15013007    0.22906299    0.30865426    0.49988126
    0.21063121   -0.32514740   -0.15013007    0.22906299    0.30864065    0.49989164
    0.21062284   -0.32515526   -0.15013007    0.22906299    0.30862838    0.49990372
    0.21061552   -0.32516411   -0.15013007    0.22906299    0.30861766    0.49991732
    0.21060936   -0.32517380   -0.15013007    0.22906299    0.30860864    0.49993223
    0.21060447   -0.32518420   -0.15013007    0.22906299    0.30860148    0.49994821
    0.21060092   -0.32519512   -0.15013007    0.22906299    0.30859628    0.49996500
    0.21059877   -0.32520640   -0.15013007    0.22906299    0.30859312    0.49998234
    0.21059805   -0.32521786   -0.15013007    0.22906299    0.30859207    0.49999996
    0.21059877   -0.32522932   -0.15013007    0.22906299    0.30859312    0.50001758
    0.21060092   -0.32524060   -0.15013007    0.22906299    0.30859628    0.50003492
    0.21060447   -0.32525152   -0.15013007    0.22906299    0.30860148    0.50005171
    0.21060936   -0.32526191   -0.15013007    0.22906299    0.30860864    0.50006769
    0.21061552   -0.32527160   -0.15013007    0.22906299    0.30861766    0.50008259
    0.21062284   -0.32528045   -0.15013007    0.22906299    0.30862838    0.50009619
    0.21063121   -0.32528831   -0.15013007    0.22906299    0.30864065    0.50010828
    0.21064050   -0.32529506   -0.15013007    0.22906299    0.30865426    0.50011866
    0.21065056   -0.32530060   -0.15013007    0.22906299    0.30866901    0.50012716
    0.21066124   -0.32530482   -0.15013007    0.22906299    0.30868465    0.50013366
    0.21067236   -0.32530768   -0.15013007    0.22906299    0.30870095    0.50013805
    0.21068375   -0.32530912   -0.15013007    0.22906299    0.30871764    0.50014027
    0.21069523   -0.32530912   -0.15013007    0.22906299    0.30873447    0.50014027
    0.21070663   -0.32530768   -0.15013007    0.22906299    0.30875116    0.50013805
    0.21071775   -0.32530482   -0.15013007    0.22906299    0.30876746    0.50013366
    0.21072843   -0.32530060   -0.15013007    0.22906299    0.30878311    0.50012716
    0.21073849   -0.32529506   -0.15013007    0.22906299    0.30879785    0.50011866
    0.21074778   -0.32528831   -0.15013007    0.22906299    0.30881146    0.50010828
    0.21075615   -0.32528045   -0.15013007    0.22906299    0.30882373    0.50009619
    0.21076347   -0.32527160   -0.15013007    0.22906299    0.30883446    0.50008259
    0.21076962   -0.32526191   -0.15013007    0.22906299    0.30884347    0.50006769
    0.21077451   -0.32525152   -0.15013007    0.22906299    0.30885064    0.50005171
    0.21077806   -0.32524060   -0.15013007    0.22906299    0.30885584    0.50003492
    0.21078021   -0.32522932   -0.15013007    0.22906299    0.30885899    0.50001758
    0.21078334   -0.32521786   -0.15012413    0.22905392    0.30886357    0.49999996
    0.21078260   -0.32520609   -0.15012413    0.22905392    0.30886249    0.49998187
    0.21078039   -0.32519452   -0.15012413    0.22905392    0.30885925    0.49996408
    0.21077675   -0.32518331   -0.15012413    0.22905392    0.30885391    0.49994684
    0.21077173   -0.32517265   -0.15012413    0.22905392    0.30884656    0.49993045
    0.21076542   -0.32516270   -0.15012413    0.22905392    0.30883731    0.49991515
    0.21075790   -0.32515361   -0.15012413    0.22905392    0.30882630    0.49990119
    0.21074931   -0.32514555   -0.15012413    0.22905392    0.30881371    0.49988879
    0.21073978   -0.32513862   -0.15012413    0.22905392    0.30879974    0.49987814
    0.21072945   -0.32513294   -0.15012413    0.22905392    0.30878461    0.49986941
    0.21071849   -0.32512860   -0.15012413    0.22905392    0.30876855    0.49986274
    0.21070708   -0.32512567   -0.15012413    0.22905392    0.30875182    0.49985823
    0.21069539   -0.32512420   -0.15012413    0.22905392    0.30873469    0.49985596
    0.21068360   -0.32512420   -0.15012413    0.22905392    0.30871742    0.49985596
    0.21067191   -0.32512567   -0.15012413    0.22905392    0.30870029    0.49985823
    0.21066049   -0.32512860   -0.15012413    0.22905392    0.30868356    0.49986274
    0.21064954   -0.32513294   -0.15012413    0.22905392    0.30866751    0.49986941
    0.21063921   -0.32513862   -0.15012413    0.22905392    0.30865237    0.49987814
    0.21062967   -0.32514555   -0.15012413    0.22905392    0.30863840    0.49988879
    0.21062108   -0.32515361   -0.15012413    0.22905392    0.30862581    0.49990119
    0.21061357   -0.32516270   -0.15012413    0.22905392    0.30861480    0.49991515
    0.21060725   -0.32517265   -0.15012413    0.22905392    0.30860555    0.49993045
    0.21060224   -0.32518331   -0.15012413    0.22905392    0.30859820    0.49994684
    0.21059859   -0.32519452   -0.15012413    0.22905392    0.30859286    0.49996408
    0.21059639   -0.32520609   -0.15012413    0.22905392    0.30858963    0.49998187
    0.21059565   -0.32521786   -0.15012413    0.22905392    0.30858854    0.49999996
    0.21059639   -0.32522962   -0.15012413    0.22905392    0.30858963    0.50001804
    0.21059859   -0.32524120   -0.15012413    0.22905392    0.30859286    0.50003584
    0.21060224   -0.32525240   -0.15012413    0.22905392    0.30859820    0.50005307
    0.21060725   -0.32526307   -0.15012413    0.22905392    0.30860555    0.50006947
    0.21061357   -0.32527302   -0.15012413    0.22905392    0.30861480    0.50008477
    0.21062108   -0.32528210   -0.15012413    0.22905392    0.30862581    0.50009873
    0.21062967   -0.32529017   -0.15012413    0.22905392    0.30863840    0.50011113
    0.21063921   -0.32529709   -0.15012413    0.22905392    0.30865237    0.50012178
    0.21064954   -0.32530277   -0.15012413    0.22905392    0.30866751    0.50013051
    0.21066049   -0.32530711   -0.15012413    0.22905392    0.30868356    0.50013718
    0.21067191   -0.32531004   -0.15012413    0.22905392    0.30870029    0.50014169
    0.21068360   -0.32531152   -0.15012413    0.22905392    0.30871742    0.50014396
    0.21069539   -0.32531152   -0.15012413    0.22905392    0.30873469    0.50014396
    0.21070708   -0.32531004   -0.15012413    0.22905392    0.30875182    0.50014169
    0.21071849   -0.32530711   -0.15012413    0.22905392    0.30876855    0.50013718
    0.21072945   -0.32530277   -0.15012413    0.22905392    0.30878461    0.50013051
    0.21073978   -0.32529709   -0.15012413    0.22905392    0.30879974    0.50012178
    0.21074931   -0.32529017   -0.15012413    0.22905392    0.30881371    0.50011113
    0.21075790   -0.32528210   -0.15012413    0.22905392    0.30882630    0.50009873
    0.21076542   -0.32527302   -0.15012413    0.22905392    0.30883731    0.50008477
    0.21077173   -0.32526307   -0.15012413    0.22905392    0.30884656    0.50006947
    0.21077675   -0.32525240   -0.15012413    0.22905392    0.30885391    0.50005307
    0.21078039   -0.32524120   -0.15012413    0.22905392    0.30885925    0.50003584
    0.21078260   -0.32522962   -0.15012413    0.22905392    0.30886249    0.50001804
    0.21078536   -0.32521786   -0.15011804    0.22904464    0.30886653    0.49999996
    0.21078460   -0.32520584   -0.15011804    0.22904464    0.30886542    0.49998149
    0.21078235   -0.32519402   -0.15011804    0.22904464    0.30886212    0.49996330
    0.21077863   -0.32518257   -0.15011804    0.22904464    0.30885667    0.49994570
    0.21077350   -0.32517167   -0.15011804    0.22904464    0.30884916    0.49992895
    0.21076705   -0.32516151   -0.15011804    0.22904464    0.30883970    0.49991333
    0.21075938   -0.32515223   -0.15011804    0.22904464    0.30882846    0.49989906
    0.21075060   -0.32514399   -0.15011804    0.22904464    0.30881560    0.49988639
    0.21074086   -0.32513691   -0.15011804    0.22904464    0.30880133    0.49987551
    0.21073031   -0.32513111   -0.15011804    0.22904464    0.30878587    0.49986660
    0.21071912   -0.32512668   -0.15011804    0.22904464    0.30876947    0.49985978
    0.21070746   -0.32512369   -0.15011804    0.22904464    0.30875238    0.49985518
    0.21069551   -0.32512218   -0.15011804    0.22904464    0.30873488    0.49985286
    0.21068347   -0.32512218   -0.15011804    0.22904464    0.30871724    0.49985286
    0.21067153   -0.32512369   -0.15011804    0.22904464    0.30869973    0.49985518
    0.21065987   -0.32512668   -0.15011804    0.22904464    0.30868265    0.49985978
    0.21064868   -0.32513111   -0.15011804    0.22904464    0.30866625    0.49986660
    0.21063813   -0.32513691   -0.15011804    0.22904464    0.30865079    0.49987551
    0.21062839   -0.32514399   -0.15011804    0.22904464    0.30863651    0.49988639
    0.21061961   -0.32515223   -0.15011804    0.22904464    0.30862365    0.49989906
    0.21061194   -0.32516151   -0.15011804    0.22904464    0.30861241    0.49991333
    0.21060548   -0.32517167   -0.15011804    0.22904464    0.30860296    0.49992895
    0.21060036   -0.32518257   -0.15011804    0.22904464    0.30859545    0.49994570
    0.21059664   -0.32519402   -0.15011804    0.22904464    0.30858999    0.49996330
    0.21059438   -0.32520584   -0.15011804    0.22904464    0.30858669    0.49998149
    0.21059363   -0.32521786   -0.15011804    0.22904464    0.30858558    0.49999996
    0.21059438   -0.32522987   -0.15011804    0.22904464    0.30858669    0.50001843
    0.21059664   -0.32524170   -0.15011804    0.22904464    0.30858999    0.50003661
    0.21060036   -0.32525315   -0.15011804    0.22904464    0.30859545    0.50005422
    0.21060548   -0.32526404   -0.15011804    0.22904464    0.30860296    0.50007096
    0.21061194   -0.32527421   -0.15011804    0.22904464    0.30861241    0.50008659
    0.21061961   -0.32528348   -0.15011804    0.22904464    0.30862365    0.50010085
    0.21062839   -0.32529172   -0.15011804    0.22904464    0.30863651    0.50011352
    0.21063813   -0.32529880   -0.15011804    0.22904464    0.30865079    0.50012440
    0.21064868   -0.32530460   -0.15011804    0.22904464    0.30866625    0.50013332
    0.21065987   -0.32530903   -0.15011804    0.22904464    0.30868265    0.50014013
    0.21067153   -0.32531203   -0.15011804    0.22904464    0.30869973    0.50014474
    0.21068347   -0.32531353   -0.15011804    0.22904464    0.30871724    0.50014706
    0.21069551   -0.32531353   -0.15011804    0.22904464    0.30873488    0.50014706
    0.21070746   -0.32531203   -0.15011804    0.22904464    0.30875238    0.50014474
    0.21071912   -0.32530903   -0.15011804    0.22904464    0.30876947    0.50014013
    0.21073031   -0.32530460   -0.15011804    0.22904464    0.30878587    0.50013332
    0.21074086   -0.32529880   -0.15011804    0.22904464    0.30880133    0.50012440
    0.21075060   -0.32529172   -0.15011804    0.22904464    0.30881560    0.50011352
    0.21075938   -0.32528348   -0.15011804    0.22904464    0.30882846    0.50010085
    0.21076705   -0.32527421   -0.15011804    0.22904464    0.30883970    0.50008659
    0.21077350   -0.32526404   -0.15011804    0.22904464    0.30884916    0.50007096
    0.21077863   -0.32525315   -0.15011804    0.22904464    0.30885667    0.50005422
    0.21078235   -0.32524170   -0.15011804    0.22904464    0.30886212    0.50003661
    0.21078460   -0.32522987   -0.15011804    0.22904464    0.30886542    0.50001843
    0.21078699   -0.32521786   -0.15011184    0.22903518    0.30886891    0.49999996
    0.21078622   -0.32520564   -0.15011184    0.22903518    0.30886779    0.49998117
    0.21078392   -0.32519361   -0.15011184    0.22903518    0.30886443    0.49996268
    0.21078014   -0.32518197   -0.15011184    0.22903518    0.30885888    0.49994478
    0.21077493   -0.32517089   -0.15011184    0.22903518    0.30885124    0.49992775
    0.21076837   -0.32516055   -0.15011184    0.22903518    0.30884163    0.49991186
    0.21076056   -0.32515112   -0.15011184    0.22903518    0.30883020    0.49989735
    0.21075164   -0.32514274   -0.15011184    0.22903518    0.30881712    0.49988447
    0.21074173   -0.32513554   -0.15011184    0.22903518    0.30880260    0.49987340
    0.21073100   -0.32512964   -0.15011184    0.22903518    0.30878688    0.49986433
    0.21071962   -0.32512514   -0.15011184    0.22903518    0.30877020    0.49985741
    0.21070776   -0.32512209   -0.15011184    0.22903518    0.30875283    0.49985272
    0.21069561   -0.32512056   -0.15011184    0.22903518    0.30873503    0.49985037
    0.21068337   -0.32512056   -0.15011184    0.22903518    0.30871709    0.49985037
    0.21067122   -0.32512209   -0.15011184    0.22903518    0.30869929    0.49985272
    0.21065937   -0.32512514   -0.15011184    0.22903518    0.30868191    0.49985741
    0.21064798   -0.32512964   -0.15011184    0.22903518    0.30866523    0.49986433
    0.21063725   -0.32513554   -0.15011184    0.22903518    0.30864951    0.49987340
    0.21062735   -0.32514274   -0.15011184    0.22903518    0.30863500    0.49988447
    0.21061842   -0.32515112   -0.15011184    0.22903518    0.30862192    0.49989735
    0.21061062   -0.32516055   -0.15011184    0.22903518    0.30861048    0.49991186
    0.21060406   -0.32517089   -0.15011184    0.22903518    0.30860087    0.49992775
    0.21059885   -0.32518197   -0.15011184    0.22903518    0.30859323    0.49994478
    0.21059506   -0.32519361   -0.15011184    0.22903518    0.30858769    0.49996268
    0.21059277   -0.32520564   -0.15011184    0.22903518    0.30858433    0.49998117
    0.21059200   -0.32521786   -0.15011184    0.22903518    0.30858320    0.49999996
    0.21059277   -0.32523008   -0.15011184    0.22903518    0.30858433    0.50001874
    0.21059506   -0.32524210   -0.15011184    0.22903518    0.30858769    0.50003723
    0.21059885   -0.32525375   -0.15011184    0.22903518    0.30859323    0.50005514
    0.21060406   -0.32526482   -0.15011184    0.22903518    0.30860087    0.50007217
    0.21061062   -0.32527516   -0.15011184    0.22903518    0.30861048    0.50008806
    0.21061842   -0.32528460   -0.15011184    0.22903518    0.30862192    0.50010256
    0.21062735   -0.32529298   -0.15011184    0.22903518    0.30863500    0.50011545
    0.21063725   -0.32530017   -0.15011184    0.22903518    0.30864951    0.50012651
    0.21064798   -0.32530607   -0.15011184    0.22903518    0.30866523    0.50013558
    0.21065937   -0.32531058   -0.15011184    0.22903518    0.30868191    0.50014251
    0.21067122   -0.32531362   -0.15011184    0.22903518    0.30869929    0.50014719
    0.21068337   -0.32531516   -0.15011184    0.22903518    0.30871709    0.50014955
    0.21069561   -0.32531516   -0.15011184    0.22903518    0.30873503    0.50014955
    0.21070776   -0.32531362   -0.15011184    0.22903518    0.30875283    0.50014719
    0.21071962   -0.32531058   -0.15011184    0.22903518    0.30877020    0.50014251
    0.21073100   -0.32530607   -0.15011184    0.22903518    0.30878688    0.50013558
    0.21074173   -0.32530017   -0.15011184    0.22903518    0.30880260    0.50012651
    0.21075164   -0.32529298   -0.15011184    0.22903518    0.30881712    0.50011545
    0.21076056   -0.32528460   -0.15011184    0.22903518    0.30883020    0.50010256
    0.21076837   -0.32527516   -0.15011184    0.22903518    0.30884163    0.50008806
    0.21077493   -0.32526482   -0.15011184    0.22903518    0.30885124    0.50007217
    0.21078014   -0.32525375   -0.15011184    0.22903518    0.30885888    0.50005514
    0.21078392   -0.32524210   -0.15011184    0.22903518    0.30886443    0.50003723
    0.21078622   -0.32523008   -0.15011184    0.22903518    0.30886779    0.50001874
    0.21078821   -0.32521786   -0.15010555    0.22902558    0.30887071    0.49999996
    0.21078743   -0.32520548   -0.15010555    0.22902558    0.30886957    0.49998094
    0.21078511   -0.32519331   -0.15010555    0.22902558    0.30886616    0.49996221
    0.21078128   -0.32518152   -0.15010555    0.22902558    0.30886055    0.49994409
    0.21077600   -0.32517030   -0.15010555    0.22902558    0.30885282    0.49992684
    0.21076936   -0.32515983   -0.15010555    0.22902558    0.30884308    0.49991075
    0.21076146   -0.32515028   -0.15010555    0.22902558    0.30883150    0.49989606
    0.21075242   -0.32514179   -0.15010555    0.22902558    0.30881826    0.49988302
    0.21074239   -0.32513451   -0.15010555    0.22902558    0.30880357    0.49987181
    0.21073153   -0.32512853   -0.15010555    0.22902558    0.30878765    0.49986263
    0.21072000   -0.32512397   -0.15010555    0.22902558    0.30877076    0.49985561
    0.21070799   -0.32512089   -0.15010555    0.22902558    0.30875316    0.49985087
    0.21069569   -0.32511933   -0.15010555    0.22902558    0.30873514    0.49984849
    0.21068329   -0.32511933   -0.15010555    0.22902558    0.30871697    0.49984849
    0.21067100   -0.32512089   -0.15010555    0.22902558    0.30869895    0.49985087
    0.21065899   -0.32512397   -0.15010555    0.22902558    0.30868136    0.49985561
    0.21064746   -0.32512853   -0.15010555    0.22902558    0.30866447    0.49986263
    0.21063660   -0.32513451   -0.15010555    0.22902558    0.30864855    0.49987181
    0.21062657   -0.32514179   -0.15010555    0.22902558    0.30863385    0.49988302
    0.21061753   -0.32515028   -0.15010555    0.22902558    0.30862061    0.49989606
    0.21060963   -0.32515983   -0.15010555    0.22902558    0.30860903    0.49991075
    0.21060299   -0.32517030   -0.15010555    0.22902558    0.30859930    0.49992684
    0.21059771   -0.32518152   -0.15010555    0.22902558    0.30859156    0.49994409
    0.21059388   -0.32519331   -0.15010555    0.22902558    0.30858595    0.49996221
    0.21059155   -0.32520548   -0.15010555    0.22902558    0.30858254    0.49998094
    0.21059077   -0.32521786   -0.15010555    0.22902558    0.30858140    0.49999996
    0.21059155   -0.32523023   -0.15010555    0.22902558    0.30858254    0.50001898
    0.21059388   -0.32524241   -0.15010555    0.22902558    0.30858595    0.50003770
    0.21059771   -0.32525420   -0.15010555    0.22902558    0.30859156    0.50005583
    0.21060299   -0.32526541   -0.15010555    0.22902558    0.30859930    0.50007307
    0.21060963   -0.32527588   -0.15010555    0.22902558    0.30860903    0.50008917
    0.21061753   -0.32528543   -0.15010555    0.22902558    0.30862061    0.50010385
    0.21062657   -0.32529392   -0.15010555    0.22902558    0.30863385    0.50011690
    0.21063660   -0.32530121   -0.15010555    0.22902558    0.30864855    0.50012810
    0.21064746   -0.32530718   -0.15010555    0.22902558    0.30866447    0.50013729
    0.21065899   -0.32531174   -0.15010555    0.22902558    0.30868136    0.50014430
    0.21067100   -0.32531483   -0.15010555    0.22902558    0.30869895    0.50014904
    0.21068329   -0.32531638   -0.15010555    0.22902558    0.30871697    0.50015143
    0.21069569   -0.32531638   -0.15010555    0.22902558    0.30873514    0.50015143
    0.21070799   -0.32531483   -0.15010555    0.22902558    0.30875316    0.50014904
    0.21072000   -0.32531174   -0.15010555    0.22902558    0.30877076    0.50014430
    0.21073153   -0.32530718   -0.15010555    0.22902558    0.30878765    0.50013729
    0.21074239   -0.32530121   -0.15010555    0.22902558    0.30880357    0.50012810
    0.21075242   -0.32529392   -0.15010555    0.22902558    0.30881826    0.50011690
    0.21076146   -0.32528543   -0.15010555    0.22902558    0.30883150    0.50010385
    0.21076936   -0.32527588   -0.15010555    0.22902558    0.30884308    0.50008917
    0.21077600   -0.32526541   -0.15010555    0.22902558    0.30885282    0.50007307
    0.21078128   -0.32525420   -0.15010555    0.22902558    0.30886055    0.50005583
    0.21078511   -0.32524241   -0.15010555    0.22902558    0.30886616    0.50003770
    0.21078743   -0.32523023   -0.15010555    0.22902558    0.30886957    0.50001898
    0.21078903   -0.32521786   -0.15009919    0.22901588    0.30887191    0.49999996
    0.21078825   -0.32520538   -0.15009919    0.22901588    0.30887076    0.49998078
    0.21078590   -0.32519310   -0.15009919    0.22901588    0.30886733    0.49996190
    0.21078204   -0.32518121   -0.15009919    0.22901588    0.30886167    0.49994362
    0.21077672   -0.32516990   -0.15009919    0.22901588    0.30885387    0.49992623
    0.21077002   -0.32515935   -0.15009919    0.22901588    0.30884406    0.49991001
    0.21076205   -0.32514972   -0.15009919    0.22901588    0.30883238    0.49989520
    0.21075294   -0.32514116   -0.15009919    0.22901588    0.30881903    0.49988204
    0.21074283   -0.32513381   -0.15009919    0.22901588    0.30880421    0.49987075
    0.21073187   -0.32512779   -0.15009919    0.22901588    0.30878816    0.49986149
    0.21072025   -0.32512319   -0.15009919    0.22901588    0.30877113    0.49985442
    0.21070814   -0.32512008   -0.15009919    0.22901588    0.30875339    0.49984964
    0.21069574   -0.32511852   -0.15009919    0.22901588    0.30873521    0.49984723
    0.21068324   -0.32511852   -0.15009919    0.22901588    0.30871690    0.49984723
    0.21067084   -0.32512008   -0.15009919    0.22901588    0.30869873    0.49984964
    0.21065873   -0.32512319   -0.15009919    0.22901588    0.30868099    0.49985442
    0.21064711   -0.32512779   -0.15009919    0.22901588    0.30866395    0.49986149
    0.21063616   -0.32513381   -0.15009919    0.22901588    0.30864790    0.49987075
    0.21062605   -0.32514116   -0.15009919    0.22901588    0.30863309    0.49988204
    0.21061693   -0.32514972   -0.15009919    0.22901588    0.30861973    0.49989520
    0.21060897   -0.32515935   -0.15009919    0.22901588    0.30860806    0.49991001
    0.21060227   -0.32516990   -0.15009919    0.22901588    0.30859824    0.49992623
    0.21059695   -0.32518121   -0.15009919    0.22901588    0.30859044    0.49994362
    0.21059308   -0.32519310   -0.15009919    0.22901588    0.30858478    0.49996190
    0.21059074   -0.32520538   -0.15009919    0.22901588    0.30858135    0.49998078
    0.21058996   -0.32521786   -0.15009919    0.22901588    0.30858020    0.49999996
    0.21059074   -0.32523033   -0.15009919    0.22901588    0.30858135    0.50001914
    0.21059308   -0.32524261   -0.15009919    0.22901588    0.30858478    0.50003802
    0.21059695   -0.32525450   -0.15009919    0.22901588    0.30859044    0.50005629
    0.21060227   -0.32526581   -0.15009919    0.22901588    0.30859824    0.50007368
    0.21060897   -0.32527636   -0.15009919    0.22901588    0.30860806    0.50008991
    0.21061693   -0.32528600   -0.15009919    0.22901588    0.30861973    0.50010472
    0.21062605   -0.32529455   -0.15009919    0.22901588    0.30863309    0.50011787
    0.21063616   -0.32530190   -0.15009919    0.22901588    0.30864790    0.50012917
    0.21064711   -0.32530792   -0.15009919    0.22901588    0.30866395    0.50013843
    0.21065873   -0.32531252   -0.15009919    0.22901588    0.30868099    0.50014550
    0.21067084   -0.32531563   -0.15009919    0.22901588    0.30869873    0.50015028
    0.21068324   -0.32531720   -0.15009919    0.22901588    0.30871690    0.50015269
    0.21069574   -0.32531720   -0.15009919    0.22901588    0.30873521    0.50015269
    0.21070814   -0.32531563   -0.15009919    0.22901588    0.30875339    0.50015028
    0.21072025   -0.32531252   -0.15009919    0.22901588    0.30877113    0.50014550
    0.21073187   -0.32530792   -0.15009919    0.22901588    0.30878816    0.50013843
    0.21074283   -0.32530190   -0.15009919    0.22901588    0.30880421    0.50012917
    0.21075294   -0.32529455   -0.15009919    0.22901588    0.30881903    0.50011787
    0.21076205   -0.32528600   -0.15009919    0.22901588    0.30883238    0.50010472
    0.21077002   -0.32527636   -0.15009919    0.22901588    0.30884406    0.50008991
    0.21077672   -0.32526581   -0.15009919    0.22901588    0.30885387    0.50007368
    0.21078204   -0.32525450   -0.15009919    0.22901588    0.30886167    0.50005629
    0.21078590   -0.32524261   -0.15009919    0.22901588    0.30886733    0.50003802
    0.21078825   -0.32523033   -0.15009919    0.22901588    0.30887076    0.50001914
    0.21078944   -0.32521786   -0.15009279    0.22900612    0.30887251    0.49999996
    0.21078865   -0.32520533   -0.15009279    0.22900612    0.30887136    0.49998070
    0.21078630   -0.32519300   -0.15009279    0.22900612    0.30886791    0.49996174
    0.21078242   -0.32518106   -0.15009279    0.22900612    0.30886223    0.49994339
    0.21077708   -0.32516971   -0.15009279    0.22900612    0.30885440    0.49992593
    0.21077035   -0.32515911   -0.15009279    0.22900612    0.30884454    0.49990964
    0.21076235   -0.32514944   -0.15009279    0.22900612    0.30883282    0.49989477
    0.21075320   -0.32514085   -0.15009279    0.22900612    0.30881941    0.49988156
    0.21074305   -0.32513347   -0.15009279    0.22900612    0.30880453    0.49987022
    0.21073205   -0.32512742   -0.15009279    0.22900612    0.30878841    0.49986092
    0.21072038   -0.32512280   -0.15009279    0.22900612    0.30877131    0.49985381
    0.21070822   -0.32511968   -0.15009279    0.22900612    0.30875350    0.49984902
    0.21069577   -0.32511811   -0.15009279    0.22900612    0.30873525    0.49984660
    0.21068322   -0.32511811   -0.15009279    0.22900612    0.30871686    0.49984660
    0.21067076   -0.32511968   -0.15009279    0.22900612    0.30869861    0.49984902
    0.21065861   -0.32512280   -0.15009279    0.22900612    0.30868080    0.49985381
    0.21064694   -0.32512742   -0.15009279    0.22900612    0.30866370    0.49986092
    0.21063594   -0.32513347   -0.15009279    0.22900612    0.30864758    0.49987022
    0.21062578   -0.32514085   -0.15009279    0.22900612    0.30863270    0.49988156
    0.21061663   -0.32514944   -0.15009279    0.22900612    0.30861929    0.49989477
    0.21060863   -0.32515911   -0.15009279    0.22900612    0.30860757    0.49990964
    0.21060191   -0.32516971   -0.15009279    0.22900612    0.30859772    0.49992593
    0.21059656   -0.32518106   -0.15009279    0.22900612    0.30858989    0.49994339
    0.21059268   -0.32519300   -0.15009279    0.22900612    0.30858420    0.49996174
    0.21059033   -0.32520533   -0.15009279    0.22900612    0.30858076    0.49998070
    0.21058954   -0.32521786   -0.15009279    0.22900612    0.30857960    0.49999996
    0.21059033   -0.32523038   -0.15009279    0.22900612    0.30858076    0.50001922
    0.21059268   -0.32524271   -0.15009279    0.22900612    0.30858420    0.50003817
    0.21059656   -0.32525465   -0.15009279    0.22900612    0.30858989    0.50005653
    0.21060191   -0.32526601   -0.15009279    0.22900612    0.30859772    0.50007399
    0.21060863   -0.32527661   -0.15009279    0.22900612    0.30860757    0.50009028
    0.21061663   -0.32528628   -0.15009279    0.22900612    0.30861929    0.50010515
    0.21062578   -0.32529487   -0.15009279    0.22900612    0.30863270    0.50011836
    0.21063594   -0.32530225   -0.15009279    0.22900612    0.30864758    0.50012970
    0.21064694   -0.32530829   -0.15009279    0.22900612    0.30866370    0.50013900
    0.21065861   -0.32531291   -0.15009279    0.22900612    0.30868080    0.50014610
    0.21067076   -0.32531604   -0.15009279    0.22900612    0.30869861    0.50015090
    0.21068322   -0.32531761   -0.15009279    0.22900612    0.30871686    0.50015332
    0.21069577   -0.32531761   -0.15009279    0.22900612    0.30873525    0.50015332
    0.21070822   -0.32531604   -0.15009279    0.22900612    0.30875350    0.50015090
    0.21072038   -0.32531291   -0.15009279    0.22900612    0.30877131    0.50014610
    0.21073205   -0.32530829   -0.15009279    0.22900612    0.30878841    0.50013900
    0.21074305   -0.32530225   -0.15009279    0.22900612    0.30880453    0.50012970
    0.21075320   -0.32529487   -0.15009279    0.22900612    0.30881941    0.50011836
    0.21076235   -0.32528628   -0.15009279    0.22900612    0.30883282    0.50010515
    0.21077035   -0.32527661   -0.15009279    0.22900612    0.30884454    0.50009028
    0.21077708   -0.32526601   -0.15009279    0.22900612    0.30885440    0.50007399
    0.21078242   -0.32525465   -0.15009279    0.22900612    0.30886223    0.50005653
    0.21078630   -0.32524271   -0.15009279    0.22900612    0.30886791    0.50003817
    0.21078865   -0.32523038   -0.15009279    0.22900612    0.30887136    0.50001922
    0.21078944   -0.32521786   -0.15008638    0.22899634    0.30887251    0.49999996
    0.21078865   -0.32520533   -0.15008638    0.22899634    0.30887136    0.49998070
    0.21078630   -0.32519300   -0.15008638    0.22899634    0.30886791    0.49996174
    0.21078242   -0.32518106   -0.15008638    0.22899634    0.30886223    0.49994339
    0.21077708   -0.32516971   -0.15008638    0.22899634    0.30885440    0.49992593
    0.21077035   -0.32515911   -0.15008638    0.22899634    0.30884454    0.49990964
    0.21076235   -0.32514944   -0.15008638    0.22899634    0.30883282    0.49989477
    0.21075320   -0.32514085   -0.15008638    0.22899634    0.30881941    0.49988156
    0.21074305   -0.32513347   -0.15008638    0.22899634    0.30880453    0.49987022
    0.21073205   -0.32512742   -0.15008638    0.22899634    0.30878841    0.49986092
    0.21072038   -0.32512280   -0.15008638    0.22899634    0.30877131    0.49985381
    0.21070822   -0.32511968   -0.15008638    0.22899634    0.30875350    0.49984902
    0.21069577   -0.32511811   -0.15008638    0.22899634    0.30873525    0.49984660
    0.21068322   -0.32511811   -0.15008638    0.22899634    0.30871686    0.49984660
    0.21067076   -0.32511968   -0.15008638    0.22899634    0.30869861    0.49984902
    0.21065861   -0.32512280   -0.15008638    0.22899634    0.30868080    0.49985381
    0.21064694   -0.32512742   -0.15008638    0.22899634    0.30866370    0.49986092
    0.21063594   -0.32513347   -0.15008638    0.22899634    0.30864758    0.49987022
    0.21062578   -0.32514085   -0.15008638    0.22899634    0.30863270    0.49988156
    0.21061663   -0.32514944   -0.15008638    0.22899634    0.30861929    0.49989477
    0.21060863   -0.32515911   -0.15008638    0.22899634    0.30860757    0.49990964
    0.21060191   -0.32516971   -0.15008638    0.22899634    0.30859772    0.49992593
    0.21059656   -0.32518106   -0.15008638    0.22899634    0.30858989    0.49994339
    0.21059268   -0.32519300   -0.15008638    0.22899634    0.30858420    0.49996174
    0.21059033   -0.32520533   -0.15008638    0.22899634    0.30858076    0.49998070
    0.21058954   -0.32521786   -0.15008638    0.22899634    0.30857960    0.49999996
    0.21059033   -0.32523038   -0.15008638    0.22899634    0.30858076    0.50001922
    0.21059268   -0.32524271   -0.15008638    0.22899634    0.30858420    0.50003817
    0.21059656   -0.32525465   -0.15008638    0.22899634    0.30858989    0.50005653
    0.21060191   -0.32526601   -0.15008638    0.22899634    0.30859772    0.50007399
    0.21060863   -0.32527661   -0.15008638    0.22899634    0.30860757    0.50009028
    0.21061663   -0.32528628   -0.15008638    0.22899634    0.30861929    0.50010515
    0.21062578   -0.32529487   -0.15008638    0.22899634    0.30863270    0.50011836
    0.21063594   -0.32530225   -0.15008638    0.22899634    0.30864758    0.50012970
    0.21064694   -0.32530829   -0.15008638    0.22899634    0.30866370    0.50013900
    0.21065861   -0.32531291   -0.15008638    0.22899634    0.30868080    0.50014610
    0.21067076   -0.32531604   -0.15008638    0.22899634    0.30869861    0.50015090
    0.21068322   -0.32531761   -0.15008638    0.22899634    0.30871686    0.50015332
    0.21069577   -0.32531761   -0.15008638    0.22899634    0.30873525    0.50015332
    0.21070822   -0.32531604   -0.15008638    0.22899634    0.30875350    0.50015090
    0.21072038   -0.32531291   -0.15008638    0.22899634    0.30877131    0.50014610
    0.21073205   -0.32530829   -0.15008638    0.22899634    0.30878841    0.50013900
    0.21074305   -0.32530225   -0.15008638    0.22899634    0.30880453    0.50012970
    0.21075320   -0.32529487   -0.15008638    0.22899634    0.30881941    0.50011836
    0.21076235   -0.32528628   -0.15008638    0.22899634    0.30883282    0.50010515
    0.21077035   -0.32527661   -0.15008638    0.22899634    0.30884454    0.50009028
    0.21077708   -0.32526601   -0.15008638    0.22899634    0.30885440    0.50007399
    0.21078242   -0.32525465   -0.15008638    0.22899634    0.30886223    0.50005653
    0.21078630   -0.32524271   -0.15008638    0.22899634    0.30886791    0.50003817
    0.21078865   -0.32523038   -0.15008638    0.22899634    0.30887136    0.50001922
    0.21078903   -0.32521786   -0.15007999    0.22898658    0.30887191    0.49999996
    0.21078825   -0.32520538   -0.15007999    0.22898658    0.30887076    0.49998078
    0.21078590   -0.32519310   -0.15007999    0.22898658    0.30886733    0.49996190
    0.21078204   -0.32518121   -0.15007999    0.22898658    0.30886167    0.49994362
    0.21077672   -0.32516990   -0.15007999    0.22898658    0.30885387    0.49992623
    0.21077002   -0.32515935   -0.15007999    0.22898658    0.30884406    0.49991001
    0.21076205   -0.32514972   -0.15007999    0.22898658    0.30883238    0.49989520
    0.21075294   -0.32514116   -0.15007999    0.22898658    0.30881903    0.49988204
    0.21074283   -0.32513381   -0.15007999    0.22898658    0.30880421    0.49987075
    0.21073187   -0.32512779   -0.15007999    0.22898658    0.30878816    0.49986149
    0.21072025   -0.32512319   -0.15007999    0.22898658    0.30877113    0.49985442
    0.21070814   -0.32512008   -0.15007999    0.22898658    0.30875339    0.49984964
    0.21069574   -0.32511852   -0.15007999    0.22898658    0.30873521    0.49984723
    0.21068324   -0.32511852   -0.15007999    0.22898658    0.30871690    0.49984723
    0.21067084   -0.32512008   -0.15007999    0.22898658    0.30869873    0.49984964
    0.21065873   -0.32512319   -0.15007999    0.22898658    0.30868099    0.49985442
    0.21064711   -0.32512779   -0.15007999    0.22898658    0.30866395    0.49986149
    0.21063616   -0.32513381   -0.15007999    0.22898658    0.30864790    0.49987075
    0.21062605   -0.32514116   -0.15007999    0.22898658    0.30863309    0.49988204
    0.21061693   -0.32514972   -0.15007999    0.22898658    0.30861973    0.49989520
    0.21060897   -0.32515935   -0.15007999    0.22898658    0.30860806    0.49991001
    0.21060227   -0.32516990   -0.15007999    0.22898658    0.30859824    0.49992623
    0.21059695   -0.32518121   -0.15007999    0.22898658    0.30859044    0.49994362
    0.21059308   -0.32519310   -0.15007999    0.22898658    0.30858478    0.49996190
    0.21059074   -0.32520538   -0.15007999    0.22898658    0.30858135    0.49998078
    0.21058996   -0.32521786   -0.15007999    0.22898658    0.30858020    0.49999996
    0.21059074   -0.32523033   -0.15007999    0.22898658    0.30858135    0.50001914
    0.21059308   -0.32524261   -0.15007999    0.22898658    0.30858478    0.50003802
    0.21059695   -0.32525450   -0.15007999    0.22898658    0.30859044    0.50005629
    0.21060227   -0.32526581   -0.15007999    0.22898658    0.30859824    0.50007368
    0.21060897   -0.32527636   -0.15007999    0.22898658    0.30860806    0.50008991
    0.21061693   -0.32528600   -0.15007999    0.22898658    0.30861973    0.50010472
    0.21062605   -0.32529455   -0.15007999    0.22898658    0.30863309    0.50011787
    0.21063616   -0.32530190   -0.15007999    0.22898658    0.30864790    0.50012917
    0.21064711   -0.32530792   -0.15007999    0.22898658    0.30866395    0.50013843
    0.21065873   -0.32531252   -0.15007999    0.22898658    0.30868099    0.50014550
    0.21067084   -0.32531563   -0.15007999    0.22898658    0.30869873    0.50015028
    0.21068324   -0.32531720   -0.15007999    0.22898658    0.30871690    0.50015269
    0.21069574   -0.32531720   -0.15007999    0.22898658    0.30873521    0.50015269
    0.21070814   -0.32531563   -0.15007999    0.22898658    0.30875339    0.50015028
    0.21072025   -0.32531252   -0.15007999    0.22898658    0.30877113    0.50014550
    0.21073187   -0.32530792   -0.15007999    0.22898658    0.30878816    0.50013843
    0.21074283   -0.32530190   -0.15007999    0.22898658    0.30880421    0.50012917
    0.21075294   -0.32529455   -0.15007999    0.22898658    0.30881903    0.50011787
    0.21076205   -0.32528600   -0.15007999    0.22898658    0.30883238    0.50010472
    0.21077002   -0.32527636   -0.15007999    0.22898658    0.30884406    0.50008991
    0.21077672   -0.32526581   -0.15007999    0.22898658    0.30885387    0.50007368
    0.21078204   -0.32525450   -0.15007999    0.22898658    0.30886167    0.50005629
    0.21078590   -0.32524261   -0.15007999    0.22898658    0.30886733    0.50003802
    0.21078825   -0.32523033   -0.15007999    0.22898658    0.30887076    0.50001914
    0.21078821   -0.32521786   -0.15007363    0.22897687    0.30887071    0.49999996
    0.21078743   -0.32520548   -0.15007363    0.22897687    0.30886957    0.49998094
    0.21078511   -0.32519331   -0.15007363    0.22897687    0.30886616    0.49996221
    0.21078128   -0.32518152   -0.15007363    0.22897687    0.30886055    0.49994409
    0.21077600   -0.32517030   -0.15007363    0.22897687    0.30885282    0.49992684
    0.21076936   -0.32515983   -0.15007363    0.22897687    0.30884308    0.49991075
    0.21076146   -0.32515028   -0.15007363    0.22897687    0.30883150    0.49989606
    0.21075242   -0.32514179   -0.15007363    0.22897687    0.30881826    0.49988302
    0.21074239   -0.32513451   -0.15007363    0.22897687    0.30880357    0.49987181
    0.21073153   -0.32512853   -0.15007363    0.22897687    0.30878765    0.49986263
    0.21072000   -0.32512397   -0.15007363    0.22897687    0.30877076    0.49985561
    0.21070799   -0.32512089   -0.15007363    0.22897687    0.30875316    0.49985087
    0.21069569   -0.32511933   -0.15007363    0.22897687    0.30873514    0.49984849
    0.21068329   -0.32511933   -0.15007363    0.22897687    0.30871697    0.49984849
    0.21067100   -0.32512089   -0.15007363    0.22897687    0.30869895    0.49985087
    0.21065899   -0.32512397   -0.15007363    0.22897687    0.30868136    0.49985561
    0.21064746   -0.32512853   -0.15007363    0.22897687    0.30866447    0.49986263
    0.21063660   -0.32513451   -0.15007363    0.22897687    0.30864855    0.49987181
    0.21062657   -0.32514179   -0.15007363    0.22897687    0.30863385    0.49988302
    0.21061753   -0.32515028   -0.15007363    0.22897687    0.30862061    0.49989606
    0.21060963   -0.32515983   -0.15007363    0.22897687    0.30860903    0.49991075
    0.21060299   -0.32517030   -0.15007363    0.22897687    0.30859930    0.49992684
    0.21059771   -0.32518152   -0.15007363    0.22897687    0.30859156    0.49994409
    0.21059388   -0.32519331   -0.15007363    0.22897687    0.30858595    0.49996221
    0.21059155   -0.32520548   -0.15007363    0.22897687    0.30858254    0.49998094
    0.21059077   -0.32521786   -0.15007363    0.22897687    0.30858140    0.49999996
    0.21059155   -0.32523023   -0.15007363    0.22897687    0.30858254    0.50001898
    0.21059388   -0.32524241   -0.15007363    0.22897687    0.30858595    0.50003770
    0.21059771   -0.32525420   -0.15007363    0.22897687    0.30859156    0.50005583
    0.21060299   -0.32526541   -0.15007363    0.22897687    0.30859930    0.50007307
    0.21060963   -0.32527588   -0.15007363    0.22897687    0.30860903    0.50008917
    0.21061753   -0.32528543   -0.15007363    0.22897687    0.30862061    0.50010385
    0.21062657   -0.32529392   -0.15007363    0.22897687    0.30863385    0.50011690
    0.21063660   -0.32530121   -0.15007363    0.22897687    0.30864855    0.50012810
    0.21064746   -0.32530718   -0.15007363    0.22897687    0.30866447    0.50013729
    0.21065899   -0.32531174   -0.15007363    0.22897687    0.30868136    0.50014430
    0.21067100   -0.32531483   -0.15007363    0.22897687    0.30869895    0.50014904
    0.21068329   -0.32531638   -0.15007363    0.22897687    0.30871697    0.50015143
    0.21069569   -0.32531638   -0.15007363    0.22897687    0.30873514    0.50015143
    0.21070799   -0.32531483   -0.15007363    0.22897687    0.30875316    0.50014904
    0.21072000   -0.32531174   -0.15007363    0.22897687    0.30877076    0.50014430
    0.21073153   -0.32530718   -0.15007363    0.22897687    0.30878765    0.50013729
    0.21074239   -0.32530121   -0.15007363    0.22897687    0.30880357    0.50012810
    0.21075242   -0.32529392   -0.15007363    0.22897687    0.30881826    0.50011690
    0.21076146   -0.32528543   -0.15007363    0.22897687    0.30883150    0.50010385
    0.21076936   -0.32527588   -0.15007363    0.22897687    0.30884308    0.50008917
    0.21077600   -0.32526541   -0.15007363    0.22897687    0.30885282    0.50007307
    0.21078128   -0.32525420   -0.15007363    0.22897687    0.30886055    0.50005583
    0.21078511   -0.32524241   -0.15007363    0.22897687    0.30886616    0.50003770
    0.21078743   -0.32523023   -0.15007363    0.22897687    0.30886957    0.50001898
    0.21078699   -0.32521786   -0.15006734    0.22896727    0.30886891    0.49999996
    0.21078622   -0.32520564   -0.15006734    0.22896727    0.30886779    0.49998117
    0.21078392   -0.32519361   -0.15006734    0.22896727    0.30886443    0.49996268
    0.21078014   -0.32518197   -0.15006734    0.22896727    0.30885888    0.49994478
    0.21077493   -0.32517089   -0.15006734    0.22896727    0.30885124    0.49992775
    0.21076837   -0.32516055   -0.15006734    0.22896727    0.30884163    0.49991186
    0.21076056   -0.32515112   -0.15006734    0.22896727    0.30883020    0.49989735
    0.21075164   -0.32514274   -0.15006734    0.22896727    0.30881712    0.49988447
    0.21074173   -0.32513554   -0.15006734    0.22896727    0.30880260    0.49987340
    0.21073100   -0.32512964   -0.15006734    0.22896727    0.30878688    0.49986433
    0.21071962   -0.32512514   -0.15006734    0.22896727    0.30877020    0.49985741
    0.21070776   -0.32512209   -0.15006734    0.22896727    0.30875283    0.49985272
    0.21069561   -0.32512056   -0.15006734    0.22896727    0.30873503    0.49985037
    0.21068337   -0.32512056   -0.15006734    0.22896727    0.30871709    0.49985037
    0.21067122   -0.32512209   -0.15006734    0.22896727    0.30869929    0.49985272
    0.21065937   -0.32512514   -0.15006734    0.22896727    0.30868191    0.49985741
    0.21064798   -0.32512964   -0.15006734    0.22896727    0.30866523    0.49986433
    0.21063725   -0.32513554   -0.15006734    0.22896727    0.30864951    0.49987340
    0.21062735   -0.32514274   -0.15006734    0.22896727    0.30863500    0.49988447
    0.21061842   -0.32515112   -0.15006734    0.22896727    0.30862192    0.49989735
    0.21061062   -0.32516055   -0.15006734    0.22896727    0.30861048    0.49991186
    0.21060406   -0.32517089   -0.15006734    0.22896727    0.30860087    0.49992775
    0.21059885   -0.32518197   -0.15006734    0.22896727    0.30859323    0.49994478
    0.21059506   -0.32519361   -0.15006734    0.22896727    0.30858769    0.49996268
    0.21059277   -0.32520564   -0.15006734    0.22896727    0.30858433    0.49998117
    0.21059200   -0.32521786   -0.15006734    0.22896727    0.30858320    0.49999996
    0.21059277   -0.32523008   -0.15006734    0.22896727    0.30858433    0.50001874
    0.21059506   -0.32524210   -0.15006734    0.22896727    0.30858769    0.50003723
    0.21059885   -0.32525375   -0.15006734    0.22896727    0.30859323    0.50005514
    0.21060406   -0.32526482   -0.15006734    0.22896727    0.30860087    0.50007217
    0.21061062   -0.32527516   -0.15006734    0.22896727    0.30861048    0.50008806
    0.21061842   -0.32528460   -0.15006734    0.22896727    0.30862192    0.50010256
    0.21062735   -0.32529298   -0.15006734    0.22896727    0.30863500    0.50011545
    0.21063725   -0.32530017   -0.15006734    0.22896727    0.30864951    0.50012651
    0.21064798   -0.32530607   -0.15006734    0.22896727    0.30866523    0.50013558
    0.21065937   -0.32531058   -0.15006734    0.22896727    0.30868191    0.50014251
    0.21067122   -0.32531362   -0.15006734    0.22896727    0.30869929    0.50014719
    0.21068337   -0.32531516   -0.15006734    0.22896727    0.30871709    0.50014955
    0.21069561   -0.32531516   -0.15006734    0.22896727    0.30873503    0.50014955
    0.21070776   -0.32531362   -0.15006734    0.22896727    0.30875283    0.50014719
    0.21071962   -0.32531058   -0.15006734    0.22896727    0.30877020    0.50014251
    0.21073100   -0.32530607   -0.15006734    0.22896727    0.30878688    0.50013558
    0.21074173   -0.32530017   -0.15006734    0.22896727    0.30880260    0.50012651
    0.21075164   -0.32529298   -0.15006734    0.22896727    0.30881712    0.50011545
    0.21076056   -0.32528460   -0.15006734    0.22896727    0.30883020    0.50010256
    0.21076837   -0.32527516   -0.15006734    0.22896727    0.30884163    0.50008806
    0.21077493   -0.32526482   -0.15006734    0.22896727    0.30885124    0.50007217
    0.21078014   -0.32525375   -0.15006734    0.22896727    0.30885888    0.50005514
    0.21078392   -0.32524210   -0.15006734    0.22896727    0.30886443    0.50003723
    0.21078622   -0.32523008   -0.15006734    0.22896727    0.30886779    0.50001874
    0.21078536   -0.32521786   -0.15006114    0.22895781    0.30886653    0.49999996
    0.21078460   -0.32520584   -0.15006114    0.22895781    0.30886542    0.49998149
    0.21078235   -0.32519402   -0.15006114    0.22895781    0.30886212    0.49996330
    0.21077863   -0.32518257   -0.15006114    0.22895781    0.30885667    0.49994570
    0.21077350   -0.32517167   -0.15006114    0.22895781    0.30884916    0.49992895
    0.21076705   -0.32516151   -0.15006114    0.22895781    0.30883970    0.49991333
    0.21075938   -0.32515223   -0.15006114    0.22895781    0.30882846    0.49989906
    0.21075060   -0.32514399   -0.15006114    0.22895781    0.30881560    0.49988639
    0.21074086   -0.32513691   -0.15006114    0.22895781    0.30880133    0.49987551
    0.21073031   -0.32513111   -0.15006114    0.22895781    0.30878587    0.49986660
    0.21071912   -0.32512668   -0.15006114    0.22895781    0.30876947    0.49985978
    0.21070746   -0.32512369   -0.15006114    0.22895781    0.30875238    0.49985518
    0.21069551   -0.32512218   -0.15006114    0.22895781    0.30873488    0.49985286
    0.21068347   -0.32512218   -0.15006114    0.22895781    0.30871724    0.49985286
    0.21067153   -0.32512369   -0.15006114    0.22895781    0.30869973    0.49985518
    0.21065987   -0.32512668   -0.15006114    0.22895781    0.30868265    0.49985978
    0.21064868   -0.32513111   -0.15006114    0.22895781    0.30866625    0.49986660
    0.21063813   -0.32513691   -0.15006114    0.22895781    0.30865079    0.49987551
    0.21062839   -0.32514399   -0.15006114    0.22895781    0.30863651    0.49988639
    0.21061961   -0.32515223   -0.15006114    0.22895781    0.30862365    0.49989906
    0.21061194   -0.32516151   -0.15006114    0.22895781    0.30861241    0.49991333
    0.21060548   -0.32517167   -0.15006114    0.22895781    0.30860296    0.49992895
    0.21060036   -0.32518257   -0.15006114    0.22895781    0.30859545    0.49994570
    0.21059664   -0.32519402   -0.15006114    0.22895781    0.30858999    0.49996330
    0.21059438   -0.32520584   -0.15006114    0.22895781    0.30858669    0.49998149
    0.21059363   -0.32521786   -0.15006114    0.22895781    0.30858558    0.49999996
    0.21059438   -0.32522987   -0.15006114    0.22895781    0.30858669    0.50001843
    0.21059664   -0.32524170   -0.15006114    0.22895781    0.30858999    0.50003661
    0.21060036   -0.32525315   -0.15006114    0.22895781    0.30859545    0.50005422
    0.21060548   -0.32526404   -0.15006114    0.22895781    0.30860296    0.50007096
    0.21061194   -0.32527421   -0.15006114    0.22895781    0.30861241    0.50008659
    0.21061961   -0.32528348   -0.15006114    0.22895781    0.30862365    0.50010085
    0.21062839   -0.32529172   -0.15006114    0.22895781    0.30863651    0.50011352
    0.21063813   -0.32529880   -0.15006114    0.22895781    0.30865079    0.50012440
    0.21064868   -0.32530460   -0.15006114    0.22895781    0.30866625    0.50013332
    0.21065987   -0.32530903   -0.15006114    0.22895781    0.30868265    0.50014013
    0.21067153   -0.32531203   -0.15006114    0.22895781    0.30869973    0.50014474
    0.21068347   -0.32531353   -0.15006114    0.22895781    0.30871724    0.50014706
    0.21069551   -0.32531353   -0.15006114    0.22895781    0.30873488    0.50014706
    0.21070746   -0.32531203   -0.15006114    0.22895781    0.30875238    0.50014474
    0.21071912   -0.32530903   -0.15006114    0.22895781    0.30876947    0.50014013
    0.21073031   -0.32530460   -0.15006114    0.22895781    0.30878587    0.50013332
    0.21074086   -0.32529880   -0.15006114    0.22895781    0.30880133    0.50012440
    0.21075060   -0.32529172   -0.15006114    0.22895781    0.30881560    0.50011352
    0.21075938   -0.32528348   -0.15006114    0.22895781    0.30882846    0.50010085
    0.21076705   -0.32527421   -0.15006114    0.22895781    0.30883970    0.50008659
    0.21077350   -0.32526404   -0.15006114    0.22895781    0.30884916    0.50007096
    0.21077863   -0.32525315   -0.15006114    0.22895781    0.30885667    0.50005422
    0.21078235   -0.32524170   -0.15006114    0.22895781    0.30886212    0.50003661
    0.21078460   -0.32522987   -0.15006114    0.22895781    0.30886542    0.50001843
    0.21078334   -0.32521786   -0.15005505    0.22894853    0.30886357    0.49999996
    0.21078260   -0.32520609   -0.15005505    0.22894853    0.30886249    0.49998187
    0.21078039   -0.32519452   -0.15005505    0.22894853    0.30885925    0.49996408
    0.21077675   -0.32518331   -0.15005505    0.22894853    0.30885391    0.49994684
    0.21077173   -0.32517265   -0.15005505    0.22894853    0.30884656    0.49993045
    0.21076542   -0.32516270   -0.15005505    0.22894853    0.30883731    0.49991515
    0.21075790   -0.32515361   -0.15005505    0.22894853    0.30882630    0.49990119
    0.21074931   -0.32514555   -0.15005505    0.22894853    0.30881371    0.49988879
    0.21073978   -0.32513862   -0.15005505    0.22894853    0.30879974    0.49987814
    0.21072945   -0.32513294   -0.15005505    0.22894853    0.30878461    0.49986941
    0.21071849   -0.32512860   -0.15005505    0.22894853    0.30876855    0.49986274
    0.21070708   -0.32512567   -0.15005505    0.22894853    0.30875182    0.49985823
    0.21069539   -0.32512420   -0.15005505    0.22894853    0.30873469    0.49985596
    0.21068360   -0.32512420   -0.15005505    0.22894853    0.30871742    0.49985596
    0.21067191   -0.32512567   -0.15005505    0.22894853    0.30870029    0.49985823
    0.21066049   -0.32512860   -0.15005505    0.22894853    0.30868356    0.49986274
    0.21064954   -0.32513294   -0.15005505    0.22894853    0.30866751    0.49986941
    0.21063921   -0.32513862   -0.15005505    0.22894853    0.30865237    0.49987814
    0.21062967   -0.32514555   -0.15005505    0.22894853    0.30863840    0.49988879
    0.21062108   -0.32515361   -0.15005505    0.22894853    0.30862581    0.49990119
    0.21061357   -0.32516270   -0.15005505    0.22894853    0.30861480    0.49991515
    0.21060725   -0.32517265   -0.15005505    0.22894853    0.30860555    0.49993045
    0.21060224   -0.32518331   -0.15005505    0.22894853    0.30859820    0.49994684
    0.21059859   -0.32519452   -0.15005505    0.22894853    0.30859286    0.49996408
    0.21059639   -0.32520609   -0.15005505    0.22894853    0.30858963    0.49998187
    0.21059565   -0.32521786   -0.15005505    0.22894853    0.30858854    0.49999996
    0.21059639   -0.32522962   -0.15005505    0.22894853    0.30858963    0.50001804
    0.21059859   -0.32524120   -0.15005505    0.22894853    0.30859286    0.50003584
    0.21060224   -0.32525240   -0.15005505    0.22894853    0.30859820    0.50005307
    0.21060725   -0.32526307   -0.15005505    0.22894853    0.30860555    0.50006947
    0.21061357   -0.32527302   -0.15005505    0.22894853    0.30861480    0.50008477
    0.21062108   -0.32528210   -0.15005505    0.22894853    0.30862581    0.50009873
    0.21062967   -0.32529017   -0.15005505    0.22894853    0.30863840    0.50011113
    0.21063921   -0.32529709   -0.15005505    0.22894853    0.30865237    0.50012178
    0.21064954   -0.32530277   -0.15005505    0.22894853    0.30866751    0.50013051
    0.21066049   -0.32530711   -0.15005505    0.22894853    0.30868356    0.50013718
    0.21067191   -0.32531004   -0.15005505    0.22894853    0.30870029    0.50014169
    0.21068360   -0.32531152   -0.15005505    0.22894853    0.30871742    0.50014396
    0.21069539   -0.32531152   -0.15005505    0.22894853    0.30873469    0.50014396
    0.21070708   -0.32531004   -0.15005505    0.22894853    0.30875182    0.50014169
    0.21071849   -0.32530711   -0.15005505    0.22894853    0.30876855    0.50013718
    0.21072945   -0.32530277   -0.15005505    0.22894853    0.30878461    0.50013051
    0.21073978   -0.32529709   -0.15005505    0.22894853    0.30879974    0.50012178
    0.21074931   -0.32529017   -0.15005505    0.22894853    0.30881371    0.50011113
    0.21075790   -0.32528210   -0.15005505    0.22894853    0.30882630    0.50009873
    0.21076542   -0.32527302   -0.15005505    0.22894853    0.30883731    0.50008477
    0.21077173   -0.32526307   -0.15005505    0.22894853    0.30884656    0.50006947
    0.21077675   -0.32525240   -0.15005505    0.22894853    0.30885391    0.50005307
    0.21078039   -0.32524120   -0.15005505    0.22894853    0.30885925    0.50003584
    0.21078260   -0.32522962   -0.15005505    0.22894853    0.30886249    0.50001804
    0.21078093   -0.32521786   -0.15004911    0.22893947    0.30886005    0.49999996
    0.21078021   -0.32520640   -0.15004911    0.22893947    0.30885899    0.49998234
    0.21077806   -0.32519512   -0.15004911    0.22893947    0.30885584    0.49996500
    0.21077451   -0.32518420   -0.15004911    0.22893947    0.30885064    0.49994821
    0.21076962   -0.32517380   -0.15004911    0.22893947    0.30884347    0.49993223
    0.21076347   -0.32516411   -0.15004911    0.22893947    0.30883446    0.49991732
    0.21075615   -0.32515526   -0.15004911    0.22893947    0.30882373    0.49990372
    0.21074778   -0.32514740   -0.15004911    0.22893947    0.30881146    0.49989164
    0.21073849   -0.32514065   -0.15004911    0.22893947    0.30879785    0.49988126
    0.21072843   -0.32513512   -0.15004911    0.22893947    0.30878311    0.49987275
    0.21071775   -0.32513089   -0.15004911    0.22893947    0.30876746    0.49986625
    0.21070663   -0.32512804   -0.15004911    0.22893947    0.30875116    0.49986186
    0.21069523   -0.32512660   -0.15004911    0.22893947    0.30873447    0.49985965
    0.21068375   -0.32512660   -0.15004911    0.22893947    0.30871764    0.49985965
    0.21067236   -0.32512804   -0.15004911    0.22893947    0.30870095    0.49986186
    0.21066124   -0.32513089   -0.15004911    0.22893947    0.30868465    0.49986625
    0.21065056   -0.32513512   -0.15004911    0.22893947    0.30866901    0.49987275
    0.21064050   -0.32514065   -0.15004911    0.22893947    0.30865426    0.49988126
    0.21063121   -0.32514740   -0.15004911    0.22893947    0.30864065    0.49989164
    0.21062284   -0.32515526   -0.15004911    0.22893947    0.30862838    0.49990372
    0.21061552   -0.32516411   -0.15004911    0.22893947    0.30861766    0.49991732
    0.21060936   -0.32517380   -0.15004911    0.22893947    0.30860864    0.49993223
    0.21060447   -0.32518420   -0.15004911    0.22893947    0.30860148    0.49994821
    0.21060092   -0.32519512   -0.15004911    0.22893947    0.30859628    0.49996500
    0.21059877   -0.32520640   -0.15004911    0.22893947    0.30859312    0.49998234
    0.21059805   -0.32521786   -0.15004911    0.22893947    0.30859207    0.49999996
    0.21059877   -0.32522932   -0.15004911    0.22893947    0.30859312    0.50001758
    0.21060092   -0.32524060   -0.15004911    0.22893947    0.30859628    0.50003492
    0.21060447   -0.32525152   -0.15004911    0.22893947    0.30860148    0.50005171
    0.21060936   -0.32526191   -0.15004911    0.22893947    0.30860864    0.50006769
    0.21061552   -0.32527160   -0.15004911    0.22893947    0.30861766    0.50008259
    0.21062284   -0.32528045   -0.15004911    0.22893947    0.30862838    0.50009619
    0.21063121   -0.32528831   -0.15004911    0.22893947    0.30864065    0.50010828
    0.21064050   -0.32529506   -0.15004911    0.22893947    0.30865426    0.50011866
    0.21065056   -0.32530060   -0.15004911    0.22893947    0.30866901    0.50012716
    0.21066124   -0.32530482   -0.15004911    0.22893947    0.30868465    0.50013366
    0.21067236   -0.32530768   -0.15004911    0.22893947    0.30870095    0.50013805
    0.21068375   -0.32530912   -0.15004911    0.22893947    0.30871764    0.50014027
    0.21069523   -0.32530912   -0.15004911    0.22893947    0.30873447    0.50014027
    0.21070663   -0.32530768   -0.15004911    0.22893947    0.30875116    0.50013805
    0.21071775   -0.32530482   -0.15004911    0.22893947    0.30876746    0.50013366
    0.21072843   -0.32530060   -0.15004911    0.22893947    0.30878311    0.50012716
    0.21073849   -0.32529506   -0.15004911    0.22893947    0.30879785    0.50011866
    0.21074778   -0.32528831   -0.15004911    0.22893947    0.30881146    0.50010828
    0.21075615   -0.32528045   -0.15004911    0.22893947    0.30882373    0.50009619
    0.21076347   -0.32527160   -0.15004911    0.22893947    0.30883446    0.50008259
    0.21076962   -0.32526191   -0.15004911    0.22893947    0.30884347    0.50006769
    0.21077451   -0.32525152   -0.15004911    0.22893947    0.30885064    0.50005171
    0.21077806   -0.32524060   -0.15004911    0.22893947    0.30885584    0.50003492
    0.21078021   -0.32522932   -0.15004911    0.22893947    0.30885899    0.50001758
    0.21077815   -0.32521786   -0.15004334    0.22893065    0.30885597    0.49999996
    0.21077745   -0.32520674   -0.15004334    0.22893065    0.30885495    0.49998287
    0.21077537   -0.32519581   -0.15004334    0.22893065    0.30885189    0.49996606
    0.21077193   -0.32518522   -0.15004334    0.22893065    0.30884685    0.49994978
    0.21076719   -0.32517514   -0.15004334    0.22893065    0.30883990    0.49993429
    0.21076122   -0.32516574   -0.15004334    0.22893065    0.30883116    0.49991984
    0.21075412   -0.32515717   -0.15004334    0.22893065    0.30882076    0.49990665
    0.21074601   -0.32514954   -0.15004334    0.22893065    0.30880887    0.49989493
    0.21073700   -0.32514300   -0.15004334    0.22893065    0.30879567    0.49988487
    0.21072724   -0.32513764   -0.15004334    0.22893065    0.30878137    0.49987662
    0.21071689   -0.32513354   -0.15004334    0.22893065    0.30876620    0.49987032
    0.21070611   -0.32513077   -0.15004334    0.22893065    0.30875040    0.49986606
    0.21069506   -0.32512937   -0.15004334    0.22893065    0.30873421    0.49986392
    0.21068393   -0.32512937   -0.15004334    0.22893065    0.30871790    0.49986392
    0.21067288   -0.32513077   -0.15004334    0.22893065    0.30870171    0.49986606
    0.21066210   -0.32513354   -0.15004334    0.22893065    0.30868591    0.49987032
    0.21065174   -0.32513764   -0.15004334    0.22893065    0.30867074    0.49987662
    0.21064199   -0.32514300   -0.15004334    0.22893065    0.30865644    0.49988487
    0.21063298   -0.32514954   -0.15004334    0.22893065    0.30864325    0.49989493
    0.21062486   -0.32515717   -0.15004334    0.22893065    0.30863135    0.49990665
    0.21061777   -0.32516574   -0.15004334    0.22893065    0.30862095    0.49991984
    0.21061180   -0.32517514   -0.15004334    0.22893065    0.30861221    0.49993429
    0.21060706   -0.32518522   -0.15004334    0.22893065    0.30860527    0.49994978
    0.21060362   -0.32519581   -0.15004334    0.22893065    0.30860022    0.49996606
    0.21060153   -0.32520674   -0.15004334    0.22893065    0.30859717    0.49998287
    0.21060083   -0.32521786   -0.15004334    0.22893065    0.30859614    0.49999996
    0.21060153   -0.32522897   -0.15004334    0.22893065    0.30859717    0.50001704
    0.21060362   -0.32523991   -0.15004334    0.22893065    0.30860022    0.50003386
    0.21060706   -0.32525049   -0.15004334    0.22893065    0.30860527    0.50005014
    0.21061180   -0.32526057   -0.15004334    0.22893065    0.30861221    0.50006563
    0.21061777   -0.32526997   -0.15004334    0.22893065    0.30862095    0.50008008
    0.21062486   -0.32527855   -0.15004334    0.22893065    0.30863135    0.50009327
    0.21063298   -0.32528617   -0.15004334    0.22893065    0.30864325    0.50010499
    0.21064199   -0.32529272   -0.15004334    0.22893065    0.30865644    0.50011505
    0.21065174   -0.32529808   -0.15004334    0.22893065    0.30867074    0.50012329
    0.21066210   -0.32530218   -0.15004334    0.22893065    0.30868591    0.50012959
    0.21067288   -0.32530495   -0.15004334    0.22893065    0.30870171    0.50013385
    0.21068393   -0.32530634   -0.15004334    0.22893065    0.30871790    0.50013600
    0.21069506   -0.32530634   -0.15004334    0.22893065    0.30873421    0.50013600
    0.21070611   -0.32530495   -0.15004334    0.22893065    0.30875040    0.50013385
    0.21071689   -0.32530218   -0.15004334    0.22893065    0.30876620    0.50012959
    0.21072724   -0.32529808   -0.15004334    0.22893065    0.30878137    0.50012329
    0.21073700   -0.32529272   -0.15004334    0.22893065    0.30879567    0.50011505
    0.21074601   -0.32528617   -0.15004334    0.22893065    0.30880887    0.50010499
    0.21075412   -0.32527855   -0.15004334    0.22893065    0.30882076    0.50009327
    0.21076122   -0.32526997   -0.15004334    0.22893065    0.30883116    0.50008008
    0.21076719   -0.32526057   -0.15004334    0.22893065    0.30883990    0.50006563
    0.21077193   -0.32525049   -0.15004334    0.22893065    0.30884685    0.50005014
    0.21077537   -0.32523991   -0.15004334    0.22893065    0.30885189    0.50003386
    0.21077745   -0.32522897   -0.15004334    0.22893065    0.30885495    0.50001704
    0.21077501   -0.32521786   -0.15003775    0.22892213    0.30885136    0.49999996
    0.21077433   -0.32520714   -0.15003775    0.22892213    0.30885037    0.49998348
    0.21077232   -0.32519659   -0.15003775    0.22892213    0.30884742    0.49996726
    0.21076900   -0.32518638   -0.15003775    0.22892213    0.30884256    0.49995156
    0.21076443   -0.32517666   -0.15003775    0.22892213    0.30883586    0.49993662
    0.21075868   -0.32516759   -0.15003775    0.22892213    0.30882743    0.49992268
    0.21075183   -0.32515932   -0.15003775    0.22892213    0.30881740    0.49990996
    0.21074400   -0.32515197   -0.15003775    0.22892213    0.30880593    0.49989866
    0.21073531   -0.32514565   -0.15003775    0.22892213    0.30879320    0.49988895
    0.21072590   -0.32514048   -0.15003775    0.22892213    0.30877941    0.49988100
    0.21071592   -0.32513653   -0.15003775    0.22892213    0.30876478    0.49987492
    0.21070552   -0.32513386   -0.15003775    0.22892213    0.30874954    0.49987081
    0.21069486   -0.32513251   -0.15003775    0.22892213    0.30873392    0.49986875
    0.21068412   -0.32513251   -0.15003775    0.22892213    0.30871819    0.49986875
    0.21067347   -0.32513386   -0.15003775    0.22892213    0.30870258    0.49987081
    0.21066307   -0.32513653   -0.15003775    0.22892213    0.30868734    0.49987492
    0.21065308   -0.32514048   -0.15003775    0.22892213    0.30867270    0.49988100
    0.21064367   -0.32514565   -0.15003775    0.22892213    0.30865891    0.49988895
    0.21063498   -0.32515197   -0.15003775    0.22892213    0.30864618    0.49989866
    0.21062716   -0.32515932   -0.15003775    0.22892213    0.30863471    0.49990996
    0.21062031   -0.32516759   -0.15003775    0.22892213    0.30862468    0.49992268
    0.21061456   -0.32517666   -0.15003775    0.22892213    0.30861625    0.49993662
    0.21060998   -0.32518638   -0.15003775    0.22892213    0.30860955    0.49995156
    0.21060667   -0.32519659   -0.15003775    0.22892213    0.30860469    0.49996726
    0.21060465   -0.32520714   -0.15003775    0.22892213    0.30860174    0.49998348
    0.21060398   -0.32521786   -0.15003775    0.22892213    0.30860075    0.49999996
    0.21060465   -0.32522857   -0.15003775    0.22892213    0.30860174    0.50001644
    0.21060667   -0.32523912   -0.15003775    0.22892213    0.30860469    0.50003265
    0.21060998   -0.32524934   -0.15003775    0.22892213    0.30860955    0.50004836
    0.21061456   -0.32525905   -0.15003775    0.22892213    0.30861625    0.50006330
    0.21062031   -0.32526812   -0.15003775    0.22892213    0.30862468    0.50007724
    0.21062716   -0.32527640   -0.15003775    0.22892213    0.30863471    0.50008996
    0.21063498   -0.32528375   -0.15003775    0.22892213    0.30864618    0.50010126
    0.21064367   -0.32529006   -0.15003775    0.22892213    0.30865891    0.50011096
    0.21065308   -0.32529523   -0.15003775    0.22892213    0.30867270    0.50011892
    0.21066307   -0.32529919   -0.15003775    0.22892213    0.30868734    0.50012500
    0.21067347   -0.32530186   -0.15003775    0.22892213    0.30870258    0.50012910
    0.21068412   -0.32530320   -0.15003775    0.22892213    0.30871819    0.50013117
    0.21069486   -0.32530320   -0.15003775    0.22892213    0.30873392    0.50013117
    0.21070552   -0.32530186   -0.15003775    0.22892213    0.30874954    0.50012910
    0.21071592   -0.32529919   -0.15003775    0.22892213    0.30876478    0.50012500
    0.21072590   -0.32529523   -0.15003775    0.22892213    0.30877941    0.50011892
    0.21073531   -0.32529006   -0.15003775    0.22892213    0.30879320    0.50011096
    0.21074400   -0.32528375   -0.15003775    0.22892213    0.30880593    0.50010126
    0.21075183   -0.32527640   -0.15003775    0.22892213    0.30881740    0.50008996
    0.21075868   -0.32526812   -0.15003775    0.22892213    0.30882743    0.50007724
    0.21076443   -0.32525905   -0.15003775    0.22892213    0.30883586    0.50006330
    0.21076900   -0.32524934   -0.15003775    0.22892213    0.30884256    0.50004836
    0.21077232   -0.32523912   -0.15003775    0.22892213    0.30884742    0.50003265
    0.21077433   -0.32522857   -0.15003775    0.22892213    0.30885037    0.50001644
    0.21077151   -0.32521786   -0.15003238    0.22891393    0.30884624    0.49999996
    0.21077086   -0.32520758   -0.15003238    0.22891393    0.30884529    0.49998415
    0.21076893   -0.32519746   -0.15003238    0.22891393    0.30884246    0.49996860
    0.21076575   -0.32518766   -0.15003238    0.22891393    0.30883780    0.49995354
    0.21076137   -0.32517834   -0.15003238    0.22891393    0.30883137    0.49993921
    0.21075585   -0.32516965   -0.15003238    0.22891393    0.30882328    0.49992584
    0.21074928   -0.32516171   -0.15003238    0.22891393    0.30881366    0.49991364
    0.21074177   -0.32515466   -0.15003238    0.22891393    0.30880266    0.49990280
    0.21073344   -0.32514861   -0.15003238    0.22891393    0.30879045    0.49989349
    0.21072441   -0.32514365   -0.15003238    0.22891393    0.30877723    0.49988586
    0.21071484   -0.32513985   -0.15003238    0.22891393    0.30876319    0.49988003
    0.21070486   -0.32513729   -0.15003238    0.22891393    0.30874858    0.49987610
    0.21069464   -0.32513600   -0.15003238    0.22891393    0.30873360    0.49987411
    0.21068434   -0.32513600   -0.15003238    0.22891393    0.30871851    0.49987411
    0.21067412   -0.32513729   -0.15003238    0.22891393    0.30870354    0.49987610
    0.21066415   -0.32513985   -0.15003238    0.22891393    0.30868892    0.49988003
    0.21065457   -0.32514365   -0.15003238    0.22891393    0.30867489    0.49988586
    0.21064555   -0.32514861   -0.15003238    0.22891393    0.30866166    0.49989349
    0.21063721   -0.32515466   -0.15003238    0.22891393    0.30864945    0.49990280
    0.21062971   -0.32516171   -0.15003238    0.22891393    0.30863845    0.49991364
    0.21062314   -0.32516965   -0.15003238    0.22891393    0.30862883    0.49992584
    0.21061762   -0.32517834   -0.15003238    0.22891393    0.30862074    0.49993921
    0.21061324   -0.32518766   -0.15003238    0.22891393    0.30861432    0.49995354
    0.21061005   -0.32519746   -0.15003238    0.22891393    0.30860965    0.49996860
    0.21060812   -0.32520758   -0.15003238    0.22891393    0.30860682    0.49998415
    0.21060748   -0.32521786   -0.15003238    0.22891393    0.30860588    0.49999996
    0.21060812   -0.32522814   -0.15003238    0.22891393    0.30860682    0.50001576
    0.21061005   -0.32523825   -0.15003238    0.22891393    0.30860965    0.50003132
    0.21061324   -0.32524805   -0.15003238    0.22891393    0.30861432    0.50004638
    0.21061762   -0.32525737   -0.15003238    0.22891393    0.30862074    0.50006071
    0.21062314   -0.32526607   -0.15003238    0.22891393    0.30862883    0.50007408
    0.21062971   -0.32527400   -0.15003238    0.22891393    0.30863845    0.50008628
    0.21063721   -0.32528105   -0.15003238    0.22891393    0.30864945    0.50009712
    0.21064555   -0.32528711   -0.15003238    0.22891393    0.30866166    0.50010642
    0.21065457   -0.32529207   -0.15003238    0.22891393    0.30867489    0.50011405
    0.21066415   -0.32529586   -0.15003238    0.22891393    0.30868892    0.50011988
    0.21067412   -0.32529842   -0.15003238    0.22891393    0.30870354    0.50012382
    0.21068434   -0.32529971   -0.15003238    0.22891393    0.30871851    0.50012580
    0.21069464   -0.32529971   -0.15003238    0.22891393    0.30873360    0.50012580
    0.21070486   -0.32529842   -0.15003238    0.22891393    0.30874858    0.50012382
    0.21071484   -0.32529586   -0.15003238    0.22891393    0.30876319    0.50011988
    0.21072441   -0.32529207   -0.15003238    0.22891393    0.30877723    0.50011405
    0.21073344   -0.32528711   -0.15003238    0.22891393    0.30879045    0.50010642
    0.21074177   -0.32528105   -0.15003238    0.22891393    0.30880266    0.50009712
    0.21074928   -0.32527400   -0.15003238    0.22891393    0.30881366    0.50008628
    0.21075585   -0.32526607   -0.15003238    0.22891393    0.30882328    0.50007408
    0.21076137   -0.32525737   -0.15003238    0.22891393    0.30883137    0.50006071
    0.21076575   -0.32524805   -0.15003238    0.22891393    0.30883780    0.50004638
    0.21076893   -0.32523825   -0.15003238    0.22891393    0.30884246    0.50003132
    0.21077086   -0.32522814   -0.15003238    0.22891393    0.30884529    0.50001576
    0.21076768   -0.32521786   -0.15002724    0.22890610    0.30884062    0.49999996
    0.21076706   -0.32520806   -0.15002724    0.22890610    0.30883972    0.49998489
    0.21076522   -0.32519841   -0.15002724    0.22890610    0.30883702    0.49997007
    0.21076219   -0.32518908   -0.15002724    0.22890610    0.30883257    0.49995571
    0.21075801   -0.32518019   -0.15002724    0.22890610    0.30882645    0.49994205
    0.21075274   -0.32517190   -0.15002724    0.22890610    0.30881874    0.49992931
    0.21074649   -0.32516434   -0.15002724    0.22890610    0.30880957    0.49991767
    0.21073933   -0.32515762   -0.15002724    0.22890610    0.30879908    0.49990734
    0.21073139   -0.32515184   -0.15002724    0.22890610    0.30878744    0.49989847
    0.21072278   -0.32514711   -0.15002724    0.22890610    0.30877483    0.49989120
    0.21071365   -0.32514350   -0.15002724    0.22890610    0.30876146    0.49988564
    0.21070414   -0.32514106   -0.15002724    0.22890610    0.30874752    0.49988189
    0.21069440   -0.32513983   -0.15002724    0.22890610    0.30873325    0.49987999
    0.21068458   -0.32513983   -0.15002724    0.22890610    0.30871886    0.49987999
    0.21067484   -0.32514106   -0.15002724    0.22890610    0.30870459    0.49988189
    0.21066533   -0.32514350   -0.15002724    0.22890610    0.30869065    0.49988564
    0.21065620   -0.32514711   -0.15002724    0.22890610    0.30867728    0.49989120
    0.21064760   -0.32515184   -0.15002724    0.22890610    0.30866467    0.49989847
    0.21063966   -0.32515762   -0.15002724    0.22890610    0.30865303    0.49990734
    0.21063250   -0.32516434   -0.15002724    0.22890610    0.30864254    0.49991767
    0.21062624   -0.32517190   -0.15002724    0.22890610    0.30863337    0.49992931
    0.21062098   -0.32518019   -0.15002724    0.22890610    0.30862566    0.49994205
    0.21061680   -0.32518908   -0.15002724    0.22890610    0.30861954    0.49995571
    0.21061377   -0.32519841   -0.15002724    0.22890610    0.30861509    0.49997007
    0.21061193   -0.32520806   -0.15002724    0.22890610    0.30861240    0.49998489
    0.21061131   -0.32521786   -0.15002724    0.22890610    0.30861149    0.49999996
    0.21061193   -0.32522766   -0.15002724    0.22890610    0.30861240    0.50001502
    0.21061377   -0.32523730   -0.15002724    0.22890610    0.30861509    0.50002985
    0.21061680   -0.32524664   -0.15002724    0.22890610    0.30861954    0.50004421
    0.21062098   -0.32525552   -0.15002724    0.22890610    0.30862566    0.50005787
    0.21062624   -0.32526381   -0.15002724    0.22890610    0.30863337    0.50007061
    0.21063250   -0.32527138   -0.15002724    0.22890610    0.30864254    0.50008224
    0.21063966   -0.32527810   -0.15002724    0.22890610    0.30865303    0.50009257
    0.21064760   -0.32528387   -0.15002724    0.22890610    0.30866467    0.50010145
    0.21065620   -0.32528860   -0.15002724    0.22890610    0.30867728    0.50010872
    0.21066533   -0.32529221   -0.15002724    0.22890610    0.30869065    0.50011428
    0.21067484   -0.32529466   -0.15002724    0.22890610    0.30870459    0.50011803
    0.21068458   -0.32529589   -0.15002724    0.22890610    0.30871886    0.50011992
    0.21069440   -0.32529589   -0.15002724    0.22890610    0.30873325    0.50011992
    0.21070414   -0.32529466   -0.15002724    0.22890610    0.30874752    0.50011803
    0.21071365   -0.32529221   -0.15002724    0.22890610    0.30876146    0.50011428
    0.21072278   -0.32528860   -0.15002724    0.22890610    0.30877483    0.50010872
    0.21073139   -0.32528387   -0.15002724    0.22890610    0.30878744    0.50010145
    0.21073933   -0.32527810   -0.15002724    0.22890610    0.30879908    0.50009257
    0.21074649   -0.32527138   -0.15002724    0.22890610    0.30880957    0.50008224
    0.21075274   -0.32526381   -0.15002724    0.22890610    0.30881874    0.50007061
    0.21075801   -0.32525552   -0.15002724    0.22890610    0.30882645    0.50005787
    0.21076219   -0.32524664   -0.15002724    0.22890610    0.30883257    0.50004421
    0.21076522   -0.32523730   -0.15002724    0.22890610    0.30883702    0.50002985
    0.21076706   -0.32522766   -0.15002724    0.22890610    0.30883972    0.50001502
    0.21076352   -0.32521786   -0.15002236    0.22889865    0.30883453    0.49999996
    0.21076294   -0.32520858   -0.15002236    0.22889865    0.30883368    0.49998569
    0.21076120   -0.32519945   -0.15002236    0.22889865    0.30883112    0.49997165
    0.21075832   -0.32519061   -0.15002236    0.22889865    0.30882691    0.49995806
    0.21075436   -0.32518219   -0.15002236    0.22889865    0.30882111    0.49994513
    0.21074938   -0.32517434   -0.15002236    0.22889865    0.30881381    0.49993306
    0.21074346   -0.32516718   -0.15002236    0.22889865    0.30880513    0.49992205
    0.21073668   -0.32516082   -0.15002236    0.22889865    0.30879520    0.49991226
    0.21072916   -0.32515535   -0.15002236    0.22889865    0.30878418    0.49990386
    0.21072101   -0.32515087   -0.15002236    0.22889865    0.30877224    0.49989698
    0.21071237   -0.32514745   -0.15002236    0.22889865    0.30875958    0.49989172
    0.21070336   -0.32514514   -0.15002236    0.22889865    0.30874638    0.49988816
    0.21069414   -0.32514398   -0.15002236    0.22889865    0.30873287    0.49988637
    0.21068484   -0.32514398   -0.15002236    0.22889865    0.30871925    0.49988637
    0.21067562   -0.32514514   -0.15002236    0.22889865    0.30870573    0.49988816
    0.21066662   -0.32514745   -0.15002236    0.22889865    0.30869254    0.49989172
    0.21065797   -0.32515087   -0.15002236    0.22889865    0.30867987    0.49989698
    0.21064983   -0.32515535   -0.15002236    0.22889865    0.30866793    0.49990386
    0.21064231   -0.32516082   -0.15002236    0.22889865    0.30865691    0.49991226
    0.21063553   -0.32516718   -0.15002236    0.22889865    0.30864698    0.49992205
    0.21062960   -0.32517434   -0.15002236    0.22889865    0.30863830    0.49993306
    0.21062462   -0.32518219   -0.15002236    0.22889865    0.30863100    0.49994513
    0.21062066   -0.32519061   -0.15002236    0.22889865    0.30862520    0.49995806
    0.21061779   -0.32519945   -0.15002236    0.22889865    0.30862099    0.49997165
    0.21061605   -0.32520858   -0.15002236    0.22889865    0.30861844    0.49998569
    0.21061547   -0.32521786   -0.15002236    0.22889865    0.30861758    0.49999996
    0.21061605   -0.32522714   -0.15002236    0.22889865    0.30861844    0.50001422
    0.21061779   -0.32523627   -0.15002236    0.22889865    0.30862099    0.50002826
    0.21062066   -0.32524511   -0.15002236    0.22889865    0.30862520    0.50004186
    0.21062462   -0.32525352   -0.15002236    0.22889865    0.30863100    0.50005479
    0.21062960   -0.32526137   -0.15002236    0.22889865    0.30863830    0.50006686
    0.21063553   -0.32526853   -0.15002236    0.22889865    0.30864698    0.50007787
    0.21064231   -0.32527490   -0.15002236    0.22889865    0.30865691    0.50008765
    0.21064983   -0.32528036   -0.15002236    0.22889865    0.30866793    0.50009605
    0.21065797   -0.32528484   -0.15002236    0.22889865    0.30867987    0.50010294
    0.21066662   -0.32528826   -0.15002236    0.22889865    0.30869254    0.50010820
    0.21067562   -0.32529057   -0.15002236    0.22889865    0.30870573    0.50011175
    0.21068484   -0.32529174   -0.15002236    0.22889865    0.30871925    0.50011355
    0.21069414   -0.32529174   -0.15002236    0.22889865    0.30873287    0.50011355
    0.21070336   -0.32529057   -0.15002236    0.22889865    0.30874638    0.50011175
    0.21071237   -0.32528826   -0.15002236    0.22889865    0.30875958    0.50010820
    0.21072101   -0.32528484   -0.15002236    0.22889865    0.30877224    0.50010294
    0.21072916   -0.32528036   -0.15002236    0.22889865    0.30878418    0.50009605
    0.21073668   -0.32527490   -0.15002236    0.22889865    0.30879520    0.50008765
    0.21074346   -0.32526853   -0.15002236    0.22889865    0.30880513    0.50007787
    0.21074938   -0.32526137   -0.15002236    0.22889865    0.30881381    0.50006686
    0.21075436   -0.32525352   -0.15002236    0.22889865    0.30882111    0.50005479
    0.21075832   -0.32524511   -0.15002236    0.22889865    0.30882691    0.50004186
    0.21076120   -0.32523627   -0.15002236    0.22889865    0.30883112    0.50002826
    0.21076294   -0.32522714   -0.15002236    0.22889865    0.30883368    0.50001422
    0.21075906   -0.32521786   -0.15001775    0.22889162    0.30882800    0.49999996
    0.21075851   -0.32520914   -0.15001775    0.22889162    0.30882719    0.49998655
    0.21075688   -0.32520056   -0.15001775    0.22889162    0.30882479    0.49997336
    0.21075418   -0.32519225   -0.15001775    0.22889162    0.30882084    0.49996058
    0.21075046   -0.32518434   -0.15001775    0.22889162    0.30881539    0.49994843
    0.21074578   -0.32517697   -0.15001775    0.22889162    0.30880853    0.49993709
    0.21074021   -0.32517023   -0.15001775    0.22889162    0.30880037    0.49992674
    0.21073384   -0.32516425   -0.15001775    0.22889162    0.30879104    0.49991755
    0.21072677   -0.32515912   -0.15001775    0.22889162    0.30878068    0.49990965
    0.21071911   -0.32515491   -0.15001775    0.22889162    0.30876946    0.49990318
    0.21071099   -0.32515169   -0.15001775    0.22889162    0.30875756    0.49989824
    0.21070253   -0.32514952   -0.15001775    0.22889162    0.30874516    0.49989490
    0.21069386   -0.32514843   -0.15001775    0.22889162    0.30873246    0.49989321
    0.21068512   -0.32514843   -0.15001775    0.22889162    0.30871966    0.49989321
    0.21067646   -0.32514952   -0.15001775    0.22889162    0.30870695    0.49989490
    0.21066800   -0.32515169   -0.15001775    0.22889162    0.30869456    0.49989824
    0.21065987   -0.32515491   -0.15001775    0.22889162    0.30868265    0.49990318
    0.21065222   -0.32515912   -0.15001775    0.22889162    0.30867143    0.49990965
    0.21064515   -0.32516425   -0.15001775    0.22889162    0.30866108    0.49991755
    0.21063878   -0.32517023   -0.15001775    0.22889162    0.30865175    0.49992674
    0.21063321   -0.32517697   -0.15001775    0.22889162    0.30864359    0.49993709
    0.21062853   -0.32518434   -0.15001775    0.22889162    0.30863673    0.49994843
    0.21062481   -0.32519225   -0.15001775    0.22889162    0.30863128    0.49996058
    0.21062211   -0.32520056   -0.15001775    0.22889162    0.30862732    0.49997336
    0.21062047   -0.32520914   -0.15001775    0.22889162    0.30862492    0.49998655
    0.21061992   -0.32521786   -0.15001775    0.22889162    0.30862412    0.49999996
    0.21062047   -0.32522658   -0.15001775    0.22889162    0.30862492    0.50001336
    0.21062211   -0.32523516   -0.15001775    0.22889162    0.30862732    0.50002656
    0.21062481   -0.32524347   -0.15001775    0.22889162    0.30863128    0.50003933
    0.21062853   -0.32525137   -0.15001775    0.22889162    0.30863673    0.50005148
    0.21063321   -0.32525875   -0.15001775    0.22889162    0.30864359    0.50006283
    0.21063878   -0.32526548   -0.15001775    0.22889162    0.30865175    0.50007317
    0.21064515   -0.32527146   -0.15001775    0.22889162    0.30866108    0.50008237
    0.21065222   -0.32527660   -0.15001775    0.22889162    0.30867143    0.50009026
    0.21065987   -0.32528080   -0.15001775    0.22889162    0.30868265    0.50009673
    0.21066800   -0.32528402   -0.15001775    0.22889162    0.30869456    0.50010168
    0.21067646   -0.32528619   -0.15001775    0.22889162    0.30870695    0.50010502
    0.21068512   -0.32528729   -0.15001775    0.22889162    0.30871966    0.50010670
    0.21069386   -0.32528729   -0.15001775    0.22889162    0.30873246    0.50010670
    0.21070253   -0.32528619   -0.15001775    0.22889162    0.30874516    0.50010502
    0.21071099   -0.32528402   -0.15001775    0.22889162    0.30875756    0.50010168
    0.21071911   -0.32528080   -0.15001775    0.22889162    0.30876946    0.50009673
    0.21072677   -0.32527660   -0.15001775    0.22889162    0.30878068    0.50009026
    0.21073384   -0.32527146   -0.15001775    0.22889162    0.30879104    0.50008237
    0.21074021   -0.32526548   -0.15001775    0.22889162    0.30880037    0.50007317
    0.21074578   -0.32525875   -0.15001775    0.22889162    0.30880853    0.50006283
    0.21075046   -0.32525137   -0.15001775    0.22889162    0.30881539    0.50005148
    0.21075418   -0.32524347   -0.15001775    0.22889162    0.30882084    0.50003933
    0.21075688   -0.32523516   -0.15001775    0.22889162    0.30882479    0.50002656
    0.21075851   -0.32522658   -0.15001775    0.22889162    0.30882719    0.50001336
    0.21075432   -0.32521786   -0.15001344    0.22888505    0.30882104    0.49999996
    0.21075380   -0.32520973   -0.15001344    0.22888505    0.30882029    0.49998747
    0.21075228   -0.32520174   -0.15001344    0.22888505    0.30881806    0.49997517
    0.21074976   -0.32519399   -0.15001344    0.22888505    0.30881437    0.49996327
    0.21074630   -0.32518663   -0.15001344    0.22888505    0.30880929    0.49995195
    0.21074194   -0.32517976   -0.15001344    0.22888505    0.30880290    0.49994138
    0.21073675   -0.32517348   -0.15001344    0.22888505    0.30879530    0.49993174
    0.21073081   -0.32516791   -0.15001344    0.22888505    0.30878660    0.49992317
    0.21072423   -0.32516313   -0.15001344    0.22888505    0.30877695    0.49991581
    0.21071709   -0.32515920   -0.15001344    0.22888505    0.30876650    0.49990978
    0.21070952   -0.32515621   -0.15001344    0.22888505    0.30875541    0.49990518
    0.21070164   -0.32515418   -0.15001344    0.22888505    0.30874386    0.49990206
    0.21069356   -0.32515316   -0.15001344    0.22888505    0.30873202    0.49990049
    0.21068542   -0.32515316   -0.15001344    0.22888505    0.30872009    0.49990049
    0.21067735   -0.32515418   -0.15001344    0.22888505    0.30870826    0.49990206
    0.21066946   -0.32515621   -0.15001344    0.22888505    0.30869670    0.49990518
    0.21066189   -0.32515920   -0.15001344    0.22888505    0.30868561    0.49990978
    0.21065476   -0.32516313   -0.15001344    0.22888505    0.30867516    0.49991581
    0.21064817   -0.32516791   -0.15001344    0.22888505    0.30866551    0.49992317
    0.21064224   -0.32517348   -0.15001344    0.22888505    0.30865681    0.49993174
    0.21063705   -0.32517976   -0.15001344    0.22888505    0.30864921    0.49994138
    0.21063269   -0.32518663   -0.15001344    0.22888505    0.30864282    0.49995195
    0.21062922   -0.32519399   -0.15001344    0.22888505    0.30863774    0.49996327
    0.21062671   -0.32520174   -0.15001344    0.22888505    0.30863405    0.49997517
    0.21062518   -0.32520973   -0.15001344    0.22888505    0.30863182    0.49998747
    0.21062467   -0.32521786   -0.15001344    0.22888505    0.30863107    0.49999996
    0.21062518   -0.32522598   -0.15001344    0.22888505    0.30863182    0.50001245
    0.21062671   -0.32523398   -0.15001344    0.22888505    0.30863405    0.50002474
    0.21062922   -0.32524172   -0.15001344    0.22888505    0.30863774    0.50003665
    0.21063269   -0.32524909   -0.15001344    0.22888505    0.30864282    0.50004797
    0.21063705   -0.32525596   -0.15001344    0.22888505    0.30864921    0.50005854
    0.21064224   -0.32526223   -0.15001344    0.22888505    0.30865681    0.50006818
    0.21064817   -0.32526780   -0.15001344    0.22888505    0.30866551    0.50007675
    0.21065476   -0.32527259   -0.15001344    0.22888505    0.30867516    0.50008410
    0.21066189   -0.32527651   -0.15001344    0.22888505    0.30868561    0.50009013
    0.21066946   -0.32527951   -0.15001344    0.22888505    0.30869670    0.50009474
    0.21067735   -0.32528153   -0.15001344    0.22888505    0.30870826    0.50009785
    0.21068542   -0.32528255   -0.15001344    0.22888505    0.30872009    0.50009942
    0.21069356   -0.32528255   -0.15001344    0.22888505    0.30873202    0.50009942
    0.21070164   -0.32528153   -0.15001344    0.22888505    0.30874386    0.50009785
    0.21070952   -0.32527951   -0.15001344    0.22888505    0.30875541    0.50009474
    0.21071709   -0.32527651   -0.15001344    0.22888505    0.30876650    0.50009013
    0.21072423   -0.32527259   -0.15001344    0.22888505    0.30877695    0.50008410
    0.21073081   -0.32526780   -0.15001344    0.22888505    0.30878660    0.50007675
    0.21073675   -0.32526223   -0.15001344    0.22888505    0.30879530    0.50006818
    0.21074194   -0.32525596   -0.15001344    0.22888505    0.30880290    0.50005854
    0.21074630   -0.32524909   -0.15001344    0.22888505    0.30880929    0.50004797
    0.21074976   -0.32524172   -0.15001344    0.22888505    0.30881437    0.50003665
    0.21075228   -0.32523398   -0.15001344    0.22888505    0.30881806    0.50002474
    0.21075380   -0.32522598   -0.15001344    0.22888505    0.30882029    0.50001245
    0.21074930   -0.32521786   -0.15000945    0.22887895    0.30881370    0.49999996
    0.21074883   -0.32521036   -0.15000945    0.22887895    0.30881301    0.49998843
    0.21074743   -0.32520298   -0.15000945    0.22887895    0.30881094    0.49997709
    0.21074510   -0.32519584   -0.15000945    0.22887895    0.30880754    0.49996611
    0.21074191   -0.32518904   -0.15000945    0.22887895    0.30880286    0.49995566
    0.21073788   -0.32518270   -0.15000945    0.22887895    0.30879696    0.49994591
    0.21073309   -0.32517691   -0.15000945    0.22887895    0.30878994    0.49993701
    0.21072762   -0.32517177   -0.15000945    0.22887895    0.30878192    0.49992911
    0.21072154   -0.32516736   -0.15000945    0.22887895    0.30877302    0.49992232
    0.21071496   -0.32516374   -0.15000945    0.22887895    0.30876337    0.49991675
    0.21070798   -0.32516097   -0.15000945    0.22887895    0.30875314    0.49991250
    0.21070070   -0.32515911   -0.15000945    0.22887895    0.30874248    0.49990963
    0.21069325   -0.32515816   -0.15000945    0.22887895    0.30873156    0.49990818
    0.21068574   -0.32515816   -0.15000945    0.22887895    0.30872055    0.49990818
    0.21067829   -0.32515911   -0.15000945    0.22887895    0.30870963    0.49990963
    0.21067101   -0.32516097   -0.15000945    0.22887895    0.30869897    0.49991250
    0.21066403   -0.32516374   -0.15000945    0.22887895    0.30868874    0.49991675
    0.21065744   -0.32516736   -0.15000945    0.22887895    0.30867910    0.49992232
    0.21065137   -0.32517177   -0.15000945    0.22887895    0.30867019    0.49992911
    0.21064589   -0.32517691   -0.15000945    0.22887895    0.30866217    0.49993701
    0.21064110   -0.32518270   -0.15000945    0.22887895    0.30865515    0.49994591
    0.21063708   -0.32518904   -0.15000945    0.22887895    0.30864926    0.49995566
    0.21063388   -0.32519584   -0.15000945    0.22887895    0.30864457    0.49996611
    0.21063156   -0.32520298   -0.15000945    0.22887895    0.30864117    0.49997709
    0.21063015   -0.32521036   -0.15000945    0.22887895    0.30863911    0.49998843
    0.21062968   -0.32521786   -0.15000945    0.22887895    0.30863841    0.49999996
    0.21063015   -0.32522535   -0.15000945    0.22887895    0.30863911    0.50001148
    0.21063156   -0.32523273   -0.15000945    0.22887895    0.30864117    0.50002283
    0.21063388   -0.32523987   -0.15000945    0.22887895    0.30864457    0.50003381
    0.21063708   -0.32524667   -0.15000945    0.22887895    0.30864926    0.50004426
    0.21064110   -0.32525301   -0.15000945    0.22887895    0.30865515    0.50005401
    0.21064589   -0.32525880   -0.15000945    0.22887895    0.30866217    0.50006291
    0.21065137   -0.32526394   -0.15000945    0.22887895    0.30867019    0.50007081
    0.21065744   -0.32526836   -0.15000945    0.22887895    0.30867910    0.50007760
    0.21066403   -0.32527198   -0.15000945    0.22887895    0.30868874    0.50008316
    0.21067101   -0.32527474   -0.15000945    0.22887895    0.30869897    0.50008741
    0.21067829   -0.32527661   -0.15000945    0.22887895    0.30870963    0.50009028
    0.21068574   -0.32527755   -0.15000945    0.22887895    0.30872055    0.50009173
    0.21069325   -0.32527755   -0.15000945    0.22887895    0.30873156    0.50009173
    0.21070070   -0.32527661   -0.15000945    0.22887895    0.30874248    0.50009028
    0.21070798   -0.32527474   -0.15000945    0.22887895    0.30875314    0.50008741
    0.21071496   -0.32527198   -0.15000945    0.22887895    0.30876337    0.50008316
    0.21072154   -0.32526836   -0.15000945    0.22887895    0.30877302    0.50007760
    0.21072762   -0.32526394   -0.15000945    0.22887895    0.30878192    0.50007081
    0.21073309   -0.32525880   -0.15000945    0.22887895    0.30878994    0.50006291
    0.21073788   -0.32525301   -0.15000945    0.22887895    0.30879696    0.50005401
    0.21074191   -0.32524667   -0.15000945    0.22887895    0.30880286    0.50004426
    0.21074510   -0.32523987   -0.15000945    0.22887895    0.30880754    0.50003381
    0.21074743   -0.32523273   -0.15000945    0.22887895    0.30881094    0.50002283
    0.21074883   -0.32522535   -0.15000945    0.22887895    0.30881301    0.50001148
    0.21074405   -0.32521786   -0.15000578    0.22887335    0.30880599    0.49999996
    0.21074362   -0.32521102   -0.15000578    0.22887335    0.30880536    0.49998945
    0.21074233   -0.32520429   -0.15000578    0.22887335    0.30880348    0.49997910
    0.21074022   -0.32519777   -0.15000578    0.22887335    0.30880038    0.49996908
    0.21073730   -0.32519158   -0.15000578    0.22887335    0.30879611    0.49995955
    0.21073363   -0.32518579   -0.15000578    0.22887335    0.30879073    0.49995066
    0.21072926   -0.32518051   -0.15000578    0.22887335    0.30878433    0.49994254
    0.21072427   -0.32517582   -0.15000578    0.22887335    0.30877701    0.49993533
    0.21071872   -0.32517180   -0.15000578    0.22887335    0.30876889    0.49992914
    0.21071272   -0.32516850   -0.15000578    0.22887335    0.30876009    0.49992407
    0.21070635   -0.32516597   -0.15000578    0.22887335    0.30875076    0.49992019
    0.21069972   -0.32516427   -0.15000578    0.22887335    0.30874104    0.49991757
    0.21069292   -0.32516341   -0.15000578    0.22887335    0.30873108    0.49991625
    0.21068607   -0.32516341   -0.15000578    0.22887335    0.30872104    0.49991625
    0.21067927   -0.32516427   -0.15000578    0.22887335    0.30871108    0.49991757
    0.21067264   -0.32516597   -0.15000578    0.22887335    0.30870135    0.49992019
    0.21066627   -0.32516850   -0.15000578    0.22887335    0.30869202    0.49992407
    0.21066026   -0.32517180   -0.15000578    0.22887335    0.30868322    0.49992914
    0.21065472   -0.32517582   -0.15000578    0.22887335    0.30867510    0.49993533
    0.21064973   -0.32518051   -0.15000578    0.22887335    0.30866778    0.49994254
    0.21064536   -0.32518579   -0.15000578    0.22887335    0.30866139    0.49995066
    0.21064169   -0.32519158   -0.15000578    0.22887335    0.30865601    0.49995955
    0.21063877   -0.32519777   -0.15000578    0.22887335    0.30865173    0.49996908
    0.21063665   -0.32520429   -0.15000578    0.22887335    0.30864863    0.49997910
    0.21063537   -0.32521102   -0.15000578    0.22887335    0.30864675    0.49998945
    0.21063494   -0.32521786   -0.15000578    0.22887335    0.30864612    0.49999996
    0.21063537   -0.32522469   -0.15000578    0.22887335    0.30864675    0.50001047
    0.21063665   -0.32523142   -0.15000578    0.22887335    0.30864863    0.50002082
    0.21063877   -0.32523794   -0.15000578    0.22887335    0.30865173    0.50003083
    0.21064169   -0.32524414   -0.15000578    0.22887335    0.30865601    0.50004036
    0.21064536   -0.32524992   -0.15000578    0.22887335    0.30866139    0.50004926
    0.21064973   -0.32525520   -0.15000578    0.22887335    0.30866778    0.50005737
    0.21065472   -0.32525989   -0.15000578    0.22887335    0.30867510    0.50006458
    0.21066026   -0.32526392   -0.15000578    0.22887335    0.30868322    0.50007077
    0.21066627   -0.32526722   -0.15000578    0.22887335    0.30869202    0.50007585
    0.21067264   -0.32526974   -0.15000578    0.22887335    0.30870135    0.50007973
    0.21067927   -0.32527144   -0.15000578    0.22887335    0.30871108    0.50008234
    0.21068607   -0.32527230   -0.15000578    0.22887335    0.30872104    0.50008366
    0.21069292   -0.32527230   -0.15000578    0.22887335    0.30873108    0.50008366
    0.21069972   -0.32527144   -0.15000578    0.22887335    0.30874104    0.50008234
    0.21070635   -0.32526974   -0.15000578    0.22887335    0.30875076    0.50007973
    0.21071272   -0.32526722   -0.15000578    0.22887335    0.30876009    0.50007585
    0.21071872   -0.32526392   -0.15000578    0.22887335    0.30876889    0.50007077
    0.21072427   -0.32525989   -0.15000578    0.22887335    0.30877701    0.50006458
    0.21072926   -0.32525520   -0.15000578    0.22887335    0.30878433    0.50005737
    0.21073363   -0.32524992   -0.15000578    0.22887335    0.30879073    0.50004926
    0.21073730   -0.32524414   -0.15000578    0.22887335    0.30879611    0.50004036
    0.21074022   -0.32523794   -0.15000578    0.22887335    0.30880038    0.50003083
    0.21074233   -0.32523142   -0.15000578    0.22887335    0.30880348    0.50002082
    0.21074362   -0.32522469   -0.15000578    0.22887335    0.30880536    0.50001047
    0.21073856   -0.32521786   -0.15000246    0.22886828    0.30879796    0.49999996
    0.21073818   -0.32521171   -0.15000246    0.22886828    0.30879739    0.49999050
    0.21073702   -0.32520565   -0.15000246    0.22886828    0.30879570    0.49998120
    0.21073512   -0.32519979   -0.15000246    0.22886828    0.30879291    0.49997218
    0.21073250   -0.32519422   -0.15000246    0.22886828    0.30878907    0.49996361
    0.21072919   -0.32518901   -0.15000246    0.22886828    0.30878423    0.49995561
    0.21072526   -0.32518427   -0.15000246    0.22886828    0.30877847    0.49994831
    0.21072077   -0.32518005   -0.15000246    0.22886828    0.30877189    0.49994183
    0.21071579   -0.32517642   -0.15000246    0.22886828    0.30876459    0.49993626
    0.21071039   -0.32517346   -0.15000246    0.22886828    0.30875667    0.49993169
    0.21070466   -0.32517119   -0.15000246    0.22886828    0.30874828    0.49992821
    0.21069869   -0.32516965   -0.15000246    0.22886828    0.30873953    0.49992585
    0.21069257   -0.32516888   -0.15000246    0.22886828    0.30873057    0.49992466
    0.21068641   -0.32516888   -0.15000246    0.22886828    0.30872154    0.49992466
    0.21068030   -0.32516965   -0.15000246    0.22886828    0.30871258    0.49992585
    0.21067433   -0.32517119   -0.15000246    0.22886828    0.30870384    0.49992821
    0.21066860   -0.32517346   -0.15000246    0.22886828    0.30869544    0.49993169
    0.21066320   -0.32517642   -0.15000246    0.22886828    0.30868753    0.49993626
    0.21065821   -0.32518005   -0.15000246    0.22886828    0.30868022    0.49994183
    0.21065372   -0.32518427   -0.15000246    0.22886828    0.30867364    0.49994831
    0.21064979   -0.32518901   -0.15000246    0.22886828    0.30866788    0.49995561
    0.21064649   -0.32519422   -0.15000246    0.22886828    0.30866305    0.49996361
    0.21064387   -0.32519979   -0.15000246    0.22886828    0.30865920    0.49997218
    0.21064196   -0.32520565   -0.15000246    0.22886828    0.30865641    0.49998120
    0.21064081   -0.32521171   -0.15000246    0.22886828    0.30865472    0.49999050
    0.21064042   -0.32521786   -0.15000246    0.22886828    0.30865415    0.49999996
    0.21064081   -0.32522401   -0.15000246    0.22886828    0.30865472    0.50000941
    0.21064196   -0.32523006   -0.15000246    0.22886828    0.30865641    0.50001872
    0.21064387   -0.32523592   -0.15000246    0.22886828    0.30865920    0.50002773
    0.21064649   -0.32524150   -0.15000246    0.22886828    0.30866305    0.50003630
    0.21064979   -0.32524670   -0.15000246    0.22886828    0.30866788    0.50004430
    0.21065372   -0.32525145   -0.15000246    0.22886828    0.30867364    0.50005160
    0.21065821   -0.32525567   -0.15000246    0.22886828    0.30868022    0.50005809
    0.21066320   -0.32525929   -0.15000246    0.22886828    0.30868753    0.50006366
    0.21066860   -0.32526226   -0.15000246    0.22886828    0.30869544    0.50006822
    0.21067433   -0.32526453   -0.15000246    0.22886828    0.30870384    0.50007171
    0.21068030   -0.32526606   -0.15000246    0.22886828    0.30871258    0.50007407
    0.21068641   -0.32526683   -0.15000246    0.22886828    0.30872154    0.50007525
    0.21069257   -0.32526683   -0.15000246    0.22886828    0.30873057    0.50007525
    0.21069869   -0.32526606   -0.15000246    0.22886828    0.30873953    0.50007407
    0.21070466   -0.32526453   -0.15000246    0.22886828    0.30874828    0.50007171
    0.21071039   -0.32526226   -0.15000246    0.22886828    0.30875667    0.50006822
    0.21071579   -0.32525929   -0.15000246    0.22886828    0.30876459    0.50006366
    0.21072077   -0.32525567   -0.15000246    0.22886828    0.30877189    0.50005809
    0.21072526   -0.32525145   -0.15000246    0.22886828    0.30877847    0.50005160
    0.21072919   -0.32524670   -0.15000246    0.22886828    0.30878423    0.50004430
    0.21073250   -0.32524150   -0.15000246    0.22886828    0.30878907    0.50003630
    0.21073512   -0.32523592   -0.15000246    0.22886828    0.30879291    0.50002773
    0.21073702   -0.32523006   -0.15000246    0.22886828    0.30879570    0.50001872
    0.21073818   -0.32522401   -0.15000246    0.22886828    0.30879739    0.50000941
    0.21073288   -0.32521786   -0.14999949    0.22886376    0.30878963    0.49999996
    0.21073254   -0.32521242   -0.14999949    0.22886376    0.30878913    0.49999160
    0.21073152   -0.32520707   -0.14999949    0.22886376    0.30878764    0.49998337
    0.21072983   -0.32520188   -0.14999949    0.22886376    0.30878517    0.49997540
    0.21072751   -0.32519695   -0.14999949    0.22886376    0.30878177    0.49996782
    0.21072460   -0.32519235   -0.14999949    0.22886376    0.30877749    0.49996075
    0.21072112   -0.32518816   -0.14999949    0.22886376    0.30877240    0.49995429
    0.21071715   -0.32518443   -0.14999949    0.22886376    0.30876658    0.49994856
    0.21071274   -0.32518122   -0.14999949    0.22886376    0.30876012    0.49994364
    0.21070797   -0.32517860   -0.14999949    0.22886376    0.30875313    0.49993960
    0.21070290   -0.32517659   -0.14999949    0.22886376    0.30874570    0.49993652
    0.21069762   -0.32517524   -0.14999949    0.22886376    0.30873797    0.49993443
    0.21069222   -0.32517455   -0.14999949    0.22886376    0.30873005    0.49993338
    0.21068677   -0.32517455   -0.14999949    0.22886376    0.30872206    0.49993338
    0.21068136   -0.32517524   -0.14999949    0.22886376    0.30871414    0.49993443
    0.21067609   -0.32517659   -0.14999949    0.22886376    0.30870641    0.49993652
    0.21067102   -0.32517860   -0.14999949    0.22886376    0.30869899    0.49993960
    0.21066624   -0.32518122   -0.14999949    0.22886376    0.30869199    0.49994364
    0.21066184   -0.32518443   -0.14999949    0.22886376    0.30868553    0.49994856
    0.21065786   -0.32518816   -0.14999949    0.22886376    0.30867971    0.49995429
    0.21065439   -0.32519235   -0.14999949    0.22886376    0.30867462    0.49996075
    0.21065147   -0.32519695   -0.14999949    0.22886376    0.30867034    0.49996782
    0.21064915   -0.32520188   -0.14999949    0.22886376    0.30866694    0.49997540
    0.21064747   -0.32520707   -0.14999949    0.22886376    0.30866448    0.49998337
    0.21064645   -0.32521242   -0.14999949    0.22886376    0.30866298    0.49999160
    0.21064610   -0.32521786   -0.14999949    0.22886376    0.30866248    0.49999996
    0.21064645   -0.32522329   -0.14999949    0.22886376    0.30866298    0.50000832
    0.21064747   -0.32522865   -0.14999949    0.22886376    0.30866448    0.50001655
    0.21064915   -0.32523383   -0.14999949    0.22886376    0.30866694    0.50002451
    0.21065147   -0.32523876   -0.14999949    0.22886376    0.30867034    0.50003209
    0.21065439   -0.32524336   -0.14999949    0.22886376    0.30867462    0.50003917
    0.21065786   -0.32524756   -0.14999949    0.22886376    0.30867971    0.50004562
    0.21066184   -0.32525129   -0.14999949    0.22886376    0.30868553    0.50005136
    0.21066624   -0.32525449   -0.14999949    0.22886376    0.30869199    0.50005628
    0.21067102   -0.32525712   -0.14999949    0.22886376    0.30869899    0.50006032
    0.21067609   -0.32525912   -0.14999949    0.22886376    0.30870641    0.50006340
    0.21068136   -0.32526048   -0.14999949    0.22886376    0.30871414    0.50006548
    0.21068677   -0.32526116   -0.14999949    0.22886376    0.30872206    0.50006653
    0.21069222   -0.32526116   -0.14999949    0.22886376    0.30873005    0.50006653
    0.21069762   -0.32526048   -0.14999949    0.22886376    0.30873797    0.50006548
    0.21070290   -0.32525912   -0.14999949    0.22886376    0.30874570    0.50006340
    0.21070797   -0.32525712   -0.14999949    0.22886376    0.30875313    0.50006032
    0.21071274   -0.32525449   -0.14999949    0.22886376    0.30876012    0.50005628
    0.21071715   -0.32525129   -0.14999949    0.22886376    0.30876658    0.50005136
    0.21072112   -0.32524756   -0.14999949    0.22886376    0.30877240    0.50004562
    0.21072460   -0.32524336   -0.14999949    0.22886376    0.30877749    0.50003917
    0.21072751   -0.32523876   -0.14999949    0.22886376    0.30878177    0.50003209
    0.21072983   -0.32523383   -0.14999949    0.22886376    0.30878517    0.50002451
    0.21073152   -0.32522865   -0.14999949    0.22886376    0.30878764    0.50001655
    0.21073254   -0.32522329   -0.14999949    0.22886376    0.30878913    0.50000832
    0.21072702   -0.32521786   -0.14999690    0.22885980    0.30878104    0.49999996
    0.21072672   -0.32521315   -0.14999690    0.22885980    0.30878061    0.49999273
    0.21072584   -0.32520852   -0.14999690    0.22885980    0.30877932    0.49998561
    0.21072438   -0.32520404   -0.14999690    0.22885980    0.30877718    0.49997872
    0.21072238   -0.32519978   -0.14999690    0.22885980    0.30877424    0.49997216
    0.21071985   -0.32519580   -0.14999690    0.22885980    0.30877054    0.49996605
    0.21071685   -0.32519217   -0.14999690    0.22885980    0.30876614    0.49996046
    0.21071341   -0.32518894   -0.14999690    0.22885980    0.30876111    0.49995550
    0.21070960   -0.32518617   -0.14999690    0.22885980    0.30875552    0.49995124
    0.21070547   -0.32518390   -0.14999690    0.22885980    0.30874947    0.49994775
    0.21070109   -0.32518217   -0.14999690    0.22885980    0.30874305    0.49994509
    0.21069652   -0.32518099   -0.14999690    0.22885980    0.30873636    0.49994329
    0.21069185   -0.32518040   -0.14999690    0.22885980    0.30872951    0.49994238
    0.21068714   -0.32518040   -0.14999690    0.22885980    0.30872260    0.49994238
    0.21068246   -0.32518099   -0.14999690    0.22885980    0.30871575    0.49994329
    0.21067790   -0.32518217   -0.14999690    0.22885980    0.30870906    0.49994509
    0.21067352   -0.32518390   -0.14999690    0.22885980    0.30870264    0.49994775
    0.21066939   -0.32518617   -0.14999690    0.22885980    0.30869659    0.49995124
    0.21066557   -0.32518894   -0.14999690    0.22885980    0.30869101    0.49995550
    0.21066214   -0.32519217   -0.14999690    0.22885980    0.30868597    0.49996046
    0.21065913   -0.32519580   -0.14999690    0.22885980    0.30868157    0.49996605
    0.21065661   -0.32519978   -0.14999690    0.22885980    0.30867787    0.49997216
    0.21065460   -0.32520404   -0.14999690    0.22885980    0.30867493    0.49997872
    0.21065315   -0.32520852   -0.14999690    0.22885980    0.30867280    0.49998561
    0.21065226   -0.32521315   -0.14999690    0.22885980    0.30867150    0.49999273
    0.21065197   -0.32521786   -0.14999690    0.22885980    0.30867107    0.49999996
    0.21065226   -0.32522256   -0.14999690    0.22885980    0.30867150    0.50000719
    0.21065315   -0.32522719   -0.14999690    0.22885980    0.30867280    0.50001431
    0.21065460   -0.32523167   -0.14999690    0.22885980    0.30867493    0.50002120
    0.21065661   -0.32523594   -0.14999690    0.22885980    0.30867787    0.50002775
    0.21065913   -0.32523991   -0.14999690    0.22885980    0.30868157    0.50003387
    0.21066214   -0.32524355   -0.14999690    0.22885980    0.30868597    0.50003945
    0.21066557   -0.32524677   -0.14999690    0.22885980    0.30869101    0.50004441
    0.21066939   -0.32524954   -0.14999690    0.22885980    0.30869659    0.50004867
    0.21067352   -0.32525181   -0.14999690    0.22885980    0.30870264    0.50005216
    0.21067790   -0.32525355   -0.14999690    0.22885980    0.30870906    0.50005483
    0.21068246   -0.32525472   -0.14999690    0.22885980    0.30871575    0.50005663
    0.21068714   -0.32525531   -0.14999690    0.22885980    0.30872260    0.50005754
    0.21069185   -0.32525531   -0.14999690    0.22885980    0.30872951    0.50005754
    0.21069652   -0.32525472   -0.14999690    0.22885980    0.30873636    0.50005663
    0.21070109   -0.32525355   -0.14999690    0.22885980    0.30874305    0.50005483
    0.21070547   -0.32525181   -0.14999690    0.22885980    0.30874947    0.50005216
    0.21070960   -0.32524954   -0.14999690    0.22885980    0.30875552    0.50004867
    0.21071341   -0.32524677   -0.14999690    0.22885980    0.30876111    0.50004441
    0.21071685   -0.32524355   -0.14999690    0.22885980    0.30876614    0.50003945
    0.21071985   -0.32523991   -0.14999690    0.22885980    0.30877054    0.50003387
    0.21072238   -0.32523594   -0.14999690    0.22885980    0.30877424    0.50002775
    0.21072438   -0.32523167   -0.14999690    0.22885980    0.30877718    0.50002120
    0.21072584   -0.32522719   -0.14999690    0.22885980    0.30877932    0.50001431
    0.21072672   -0.32522256   -0.14999690    0.22885980    0.30878061    0.50000719
    0.21072100   -0.32521786   -0.14999468    0.22885642    0.30877223    0.49999996
    0.21072076   -0.32521391   -0.14999468    0.22885642    0.30877187    0.49999389
    0.21072001   -0.32521002   -0.14999468    0.22885642    0.30877078    0.49998791
    0.21071879   -0.32520626   -0.14999468    0.22885642    0.30876899    0.49998212
    0.21071711   -0.32520268   -0.14999468    0.22885642    0.30876652    0.49997662
    0.21071499   -0.32519934   -0.14999468    0.22885642    0.30876341    0.49997148
    0.21071246   -0.32519629   -0.14999468    0.22885642    0.30875972    0.49996679
    0.21070958   -0.32519358   -0.14999468    0.22885642    0.30875549    0.49996263
    0.21070638   -0.32519125   -0.14999468    0.22885642    0.30875080    0.49995905
    0.21070291   -0.32518935   -0.14999468    0.22885642    0.30874572    0.49995612
    0.21069923   -0.32518789   -0.14999468    0.22885642    0.30874032    0.49995388
    0.21069540   -0.32518690   -0.14999468    0.22885642    0.30873471    0.49995237
    0.21069147   -0.32518641   -0.14999468    0.22885642    0.30872896    0.49995161
    0.21068751   -0.32518641   -0.14999468    0.22885642    0.30872316    0.49995161
    0.21068359   -0.32518690   -0.14999468    0.22885642    0.30871740    0.49995237
    0.21067976   -0.32518789   -0.14999468    0.22885642    0.30871179    0.49995388
    0.21067608   -0.32518935   -0.14999468    0.22885642    0.30870640    0.49995612
    0.21067261   -0.32519125   -0.14999468    0.22885642    0.30870132    0.49995905
    0.21066941   -0.32519358   -0.14999468    0.22885642    0.30869662    0.49996263
    0.21066652   -0.32519629   -0.14999468    0.22885642    0.30869240    0.49996679
    0.21066400   -0.32519934   -0.14999468    0.22885642    0.30868870    0.49997148
    0.21066188   -0.32520268   -0.14999468    0.22885642    0.30868559    0.49997662
    0.21066020   -0.32520626   -0.14999468    0.22885642    0.30868313    0.49998212
    0.21065897   -0.32521002   -0.14999468    0.22885642    0.30868133    0.49998791
    0.21065823   -0.32521391   -0.14999468    0.22885642    0.30868025    0.49999389
    0.21065798   -0.32521786   -0.14999468    0.22885642    0.30867988    0.49999996
    0.21065823   -0.32522181   -0.14999468    0.22885642    0.30868025    0.50000603
    0.21065897   -0.32522569   -0.14999468    0.22885642    0.30868133    0.50001201
    0.21066020   -0.32522946   -0.14999468    0.22885642    0.30868313    0.50001779
    0.21066188   -0.32523304   -0.14999468    0.22885642    0.30868559    0.50002330
    0.21066400   -0.32523638   -0.14999468    0.22885642    0.30868870    0.50002843
    0.21066652   -0.32523943   -0.14999468    0.22885642    0.30869240    0.50003312
    0.21066941   -0.32524214   -0.14999468    0.22885642    0.30869662    0.50003729
    0.21067261   -0.32524446   -0.14999468    0.22885642    0.30870132    0.50004086
    0.21067608   -0.32524637   -0.14999468    0.22885642    0.30870640    0.50004379
    0.21067976   -0.32524783   -0.14999468    0.22885642    0.30871179    0.50004603
    0.21068359   -0.32524881   -0.14999468    0.22885642    0.30871740    0.50004755
    0.21068751   -0.32524931   -0.14999468    0.22885642    0.30872316    0.50004831
    0.21069147   -0.32524931   -0.14999468    0.22885642    0.30872896    0.50004831
    0.21069540   -0.32524881   -0.14999468    0.22885642    0.30873471    0.50004755
    0.21069923   -0.32524783   -0.14999468    0.22885642    0.30874032    0.50004603
    0.21070291   -0.32524637   -0.14999468    0.22885642    0.30874572    0.50004379
    0.21070638   -0.32524446   -0.14999468    0.22885642    0.30875080    0.50004086
    0.21070958   -0.32524214   -0.14999468    0.22885642    0.30875549    0.50003729
    0.21071246   -0.32523943   -0.14999468    0.22885642    0.30875972    0.50003312
    0.21071499   -0.32523638   -0.14999468    0.22885642    0.30876341    0.50002843
    0.21071711   -0.32523304   -0.14999468    0.22885642    0.30876652    0.50002330
    0.21071879   -0.32522946   -0.14999468    0.22885642    0.30876899    0.50001779
    0.21072001   -0.32522569   -0.14999468    0.22885642    0.30877078    0.50001201
    0.21072076   -0.32522181   -0.14999468    0.22885642    0.30877187    0.50000603
    0.21071486   -0.32521786   -0.14999286    0.22885364    0.30876322    0.49999996
    0.21071466   -0.32521468   -0.14999286    0.22885364    0.30876293    0.49999507
    0.21071406   -0.32521155   -0.14999286    0.22885364    0.30876206    0.49999026
    0.21071308   -0.32520852   -0.14999286    0.22885364    0.30876061    0.49998560
    0.21071172   -0.32520564   -0.14999286    0.22885364    0.30875863    0.49998117
    0.21071001   -0.32520295   -0.14999286    0.22885364    0.30875613    0.49997704
    0.21070798   -0.32520049   -0.14999286    0.22885364    0.30875315    0.49997326
    0.21070566   -0.32519831   -0.14999286    0.22885364    0.30874975    0.49996991
    0.21070308   -0.32519644   -0.14999286    0.22885364    0.30874597    0.49996703
    0.21070029   -0.32519491   -0.14999286    0.22885364    0.30874188    0.49996467
    0.21069733   -0.32519373   -0.14999286    0.22885364    0.30873754    0.49996287
    0.21069425   -0.32519294   -0.14999286    0.22885364    0.30873302    0.49996165
    0.21069109   -0.32519254   -0.14999286    0.22885364    0.30872839    0.49996104
    0.21068790   -0.32519254   -0.14999286    0.22885364    0.30872372    0.49996104
    0.21068474   -0.32519294   -0.14999286    0.22885364    0.30871909    0.49996165
    0.21068165   -0.32519373   -0.14999286    0.22885364    0.30871457    0.49996287
    0.21067869   -0.32519491   -0.14999286    0.22885364    0.30871023    0.49996467
    0.21067590   -0.32519644   -0.14999286    0.22885364    0.30870614    0.49996703
    0.21067332   -0.32519831   -0.14999286    0.22885364    0.30870236    0.49996991
    0.21067100   -0.32520049   -0.14999286    0.22885364    0.30869896    0.49997326
    0.21066897   -0.32520295   -0.14999286    0.22885364    0.30869599    0.49997704
    0.21066727   -0.32520564   -0.14999286    0.22885364    0.30869349    0.49998117
    0.21066591   -0.32520852   -0.14999286    0.22885364    0.30869150    0.49998560
    0.21066492   -0.32521155   -0.14999286    0.22885364    0.30869006    0.49999026
    0.21066433   -0.32521468   -0.14999286    0.22885364    0.30868918    0.49999507
    0.21066413   -0.32521786   -0.14999286    0.22885364    0.30868889    0.49999996
    0.21066433   -0.32522104   -0.14999286    0.22885364    0.30868918    0.50000485
    0.21066492   -0.32522417   -0.14999286    0.22885364    0.30869006    0.50000966
    0.21066591   -0.32522719   -0.14999286    0.22885364    0.30869150    0.50001431
    0.21066727   -0.32523008   -0.14999286    0.22885364    0.30869349    0.50001875
    0.21066897   -0.32523277   -0.14999286    0.22885364    0.30869599    0.50002288
    0.21067100   -0.32523522   -0.14999286    0.22885364    0.30869896    0.50002665
    0.21067332   -0.32523740   -0.14999286    0.22885364    0.30870236    0.50003001
    0.21067590   -0.32523927   -0.14999286    0.22885364    0.30870614    0.50003288
    0.21067869   -0.32524081   -0.14999286    0.22885364    0.30871023    0.50003524
    0.21068165   -0.32524198   -0.14999286    0.22885364    0.30871457    0.50003705
    0.21068474   -0.32524277   -0.14999286    0.22885364    0.30871909    0.50003826
    0.21068790   -0.32524317   -0.14999286    0.22885364    0.30872372    0.50003888
    0.21069109   -0.32524317   -0.14999286    0.22885364    0.30872839    0.50003888
    0.21069425   -0.32524277   -0.14999286    0.22885364    0.30873302    0.50003826
    0.21069733   -0.32524198   -0.14999286    0.22885364    0.30873754    0.50003705
    0.21070029   -0.32524081   -0.14999286    0.22885364    0.30874188    0.50003524
    0.21070308   -0.32523927   -0.14999286    0.22885364    0.30874597    0.50003288
    0.21070566   -0.32523740   -0.14999286    0.22885364    0.30874975    0.50003001
    0.21070798   -0.32523522   -0.14999286    0.22885364    0.30875315    0.50002665
    0.21071001   -0.32523277   -0.14999286    0.22885364    0.30875613    0.50002288
    0.21071172   -0.32523008   -0.14999286    0.22885364    0.30875863    0.50001875
    0.21071308   -0.32522719   -0.14999286    0.22885364    0.30876061    0.50001431
    0.21071406   -0.32522417   -0.14999286    0.22885364    0.30876206    0.50000966
    0.21071466   -0.32522104   -0.14999286    0.22885364    0.30876293    0.50000485
    0.21070861   -0.32521786   -0.14999143    0.22885146    0.30875407    0.49999996
    0.21070846   -0.32521546   -0.14999143    0.22885146    0.30875385    0.49999627
    0.21070801   -0.32521310   -0.14999143    0.22885146    0.30875319    0.49999265
    0.21070727   -0.32521082   -0.14999143    0.22885146    0.30875210    0.49998914
    0.21070624   -0.32520865   -0.14999143    0.22885146    0.30875060    0.49998580
    0.21070496   -0.32520662   -0.14999143    0.22885146    0.30874872    0.49998268
    0.21070343   -0.32520477   -0.14999143    0.22885146    0.30874648    0.49997984
    0.21070168   -0.32520313   -0.14999143    0.22885146    0.30874391    0.49997731
    0.21069974   -0.32520172   -0.14999143    0.22885146    0.30874107    0.49997514
    0.21069763   -0.32520056   -0.14999143    0.22885146    0.30873798    0.49997337
    0.21069540   -0.32519968   -0.14999143    0.22885146    0.30873471    0.49997201
    0.21069308   -0.32519908   -0.14999143    0.22885146    0.30873131    0.49997109
    0.21069069   -0.32519878   -0.14999143    0.22885146    0.30872782    0.49997063
    0.21068829   -0.32519878   -0.14999143    0.22885146    0.30872430    0.49997063
    0.21068591   -0.32519908   -0.14999143    0.22885146    0.30872081    0.49997109
    0.21068359   -0.32519968   -0.14999143    0.22885146    0.30871740    0.49997201
    0.21068135   -0.32520056   -0.14999143    0.22885146    0.30871413    0.49997337
    0.21067925   -0.32520172   -0.14999143    0.22885146    0.30871105    0.49997514
    0.21067731   -0.32520313   -0.14999143    0.22885146    0.30870820    0.49997731
    0.21067556   -0.32520477   -0.14999143    0.22885146    0.30870564    0.49997984
    0.21067403   -0.32520662   -0.14999143    0.22885146    0.30870340    0.49998268
    0.21067274   -0.32520865   -0.14999143    0.22885146    0.30870151    0.49998580
    0.21067172   -0.32521082   -0.14999143    0.22885146    0.30870001    0.49998914
    0.21067098   -0.32521310   -0.14999143    0.22885146    0.30869893    0.49999265
    0.21067053   -0.32521546   -0.14999143    0.22885146    0.30869827    0.49999627
    0.21067038   -0.32521786   -0.14999143    0.22885146    0.30869805    0.49999996
    0.21067053   -0.32522025   -0.14999143    0.22885146    0.30869827    0.50000364
    0.21067098   -0.32522261   -0.14999143    0.22885146    0.30869893    0.50000727
    0.21067172   -0.32522489   -0.14999143    0.22885146    0.30870001    0.50001078
    0.21067274   -0.32522707   -0.14999143    0.22885146    0.30870151    0.50001412
    0.21067403   -0.32522909   -0.14999143    0.22885146    0.30870340    0.50001723
    0.21067556   -0.32523094   -0.14999143    0.22885146    0.30870564    0.50002008
    0.21067731   -0.32523259   -0.14999143    0.22885146    0.30870820    0.50002260
    0.21067925   -0.32523400   -0.14999143    0.22885146    0.30871105    0.50002477
    0.21068135   -0.32523515   -0.14999143    0.22885146    0.30871413    0.50002655
    0.21068359   -0.32523604   -0.14999143    0.22885146    0.30871740    0.50002791
    0.21068591   -0.32523663   -0.14999143    0.22885146    0.30872081    0.50002883
    0.21068829   -0.32523694   -0.14999143    0.22885146    0.30872430    0.50002929
    0.21069069   -0.32523694   -0.14999143    0.22885146    0.30872782    0.50002929
    0.21069308   -0.32523663   -0.14999143    0.22885146    0.30873131    0.50002883
    0.21069540   -0.32523604   -0.14999143    0.22885146    0.30873471    0.50002791
    0.21069763   -0.32523515   -0.14999143    0.22885146    0.30873798    0.50002655
    0.21069974   -0.32523400   -0.14999143    0.22885146    0.30874107    0.50002477
    0.21070168   -0.32523259   -0.14999143    0.22885146    0.30874391    0.50002260
    0.21070343   -0.32523094   -0.14999143    0.22885146    0.30874648    0.50002008
    0.21070496   -0.32522909   -0.14999143    0.22885146    0.30874872    0.50001723
    0.21070624   -0.32522707   -0.14999143    0.22885146    0.30875060    0.50001412
    0.21070727   -0.32522489   -0.14999143    0.22885146    0.30875210    0.50001078
    0.21070801   -0.32522261   -0.14999143    0.22885146    0.30875319    0.50000727
    0.21070846   -0.32522025   -0.14999143    0.22885146    0.30875385    0.50000364
    0.21070228   -0.32521786   -0.14999041    0.22884990    0.30874479    0.49999996
    0.21070218   -0.32521625   -0.14999041    0.22884990    0.30874465    0.49999749
    0.21070188   -0.32521468   -0.14999041    0.22884990    0.30874421    0.49999507
    0.21070138   -0.32521315   -0.14999041    0.22884990    0.30874348    0.49999272
    0.21070070   -0.32521170   -0.14999041    0.22884990    0.30874248    0.49999049
    0.21069984   -0.32521034   -0.14999041    0.22884990    0.30874122    0.49998840
    0.21069881   -0.32520910   -0.14999041    0.22884990    0.30873972    0.49998650
    0.21069764   -0.32520800   -0.14999041    0.22884990    0.30873800    0.49998481
    0.21069635   -0.32520706   -0.14999041    0.22884990    0.30873610    0.49998336
    0.21069494   -0.32520629   -0.14999041    0.22884990    0.30873403    0.49998217
    0.21069344   -0.32520570   -0.14999041    0.22884990    0.30873185    0.49998126
    0.21069189   -0.32520530   -0.14999041    0.22884990    0.30872957    0.49998065
    0.21069030   -0.32520509   -0.14999041    0.22884990    0.30872723    0.49998034
    0.21068869   -0.32520509   -0.14999041    0.22884990    0.30872488    0.49998034
    0.21068710   -0.32520530   -0.14999041    0.22884990    0.30872255    0.49998065
    0.21068554   -0.32520570   -0.14999041    0.22884990    0.30872027    0.49998126
    0.21068405   -0.32520629   -0.14999041    0.22884990    0.30871808    0.49998217
    0.21068264   -0.32520706   -0.14999041    0.22884990    0.30871602    0.49998336
    0.21068134   -0.32520800   -0.14999041    0.22884990    0.30871411    0.49998481
    0.21068017   -0.32520910   -0.14999041    0.22884990    0.30871240    0.49998650
    0.21067915   -0.32521034   -0.14999041    0.22884990    0.30871090    0.49998840
    0.21067829   -0.32521170   -0.14999041    0.22884990    0.30870964    0.49999049
    0.21067760   -0.32521315   -0.14999041    0.22884990    0.30870863    0.49999272
    0.21067711   -0.32521468   -0.14999041    0.22884990    0.30870791    0.49999507
    0.21067681   -0.32521625   -0.14999041    0.22884990    0.30870747    0.49999749
    0.21067671   -0.32521786   -0.14999041    0.22884990    0.30870732    0.49999996
    0.21067681   -0.32521946   -0.14999041    0.22884990    0.30870747    0.50000242
    0.21067711   -0.32522104   -0.14999041    0.22884990    0.30870791    0.50000485
    0.21067760   -0.32522256   -0.14999041    0.22884990    0.30870863    0.50000720
    0.21067829   -0.32522402   -0.14999041    0.22884990    0.30870964    0.50000943
    0.21067915   -0.32522537   -0.14999041    0.22884990    0.30871090    0.50001151
    0.21068017   -0.32522661   -0.14999041    0.22884990    0.30871240    0.50001342
    0.21068134   -0.32522771   -0.14999041    0.22884990    0.30871411    0.50001511
    0.21068264   -0.32522865   -0.14999041    0.22884990    0.30871602    0.50001656
    0.21068405   -0.32522943   -0.14999041    0.22884990    0.30871808    0.50001775
    0.21068554   -0.32523002   -0.14999041    0.22884990    0.30872027    0.50001866
    0.21068710   -0.32523042   -0.14999041    0.22884990    0.30872255    0.50001927
    0.21068869   -0.32523062   -0.14999041    0.22884990    0.30872488    0.50001958
    0.21069030   -0.32523062   -0.14999041    0.22884990    0.30872723    0.50001958
    0.21069189   -0.32523042   -0.14999041    0.22884990    0.30872957    0.50001927
    0.21069344   -0.32523002   -0.14999041    0.22884990    0.30873185    0.50001866
    0.21069494   -0.32522943   -0.14999041    0.22884990    0.30873403    0.50001775
    0.21069635   -0.32522865   -0.14999041    0.22884990    0.30873610    0.50001656
    0.21069764   -0.32522771   -0.14999041    0.22884990    0.30873800    0.50001511
    0.21069881   -0.32522661   -0.14999041    0.22884990    0.30873972    0.50001342
    0.21069984   -0.32522537   -0.14999041    0.22884990    0.30874122    0.50001151
    0.21070070   -0.32522402   -0.14999041    0.22884990    0.30874248    0.50000943
    0.21070138   -0.32522256   -0.14999041    0.22884990    0.30874348    0.50000720
    0.21070188   -0.32522104   -0.14999041    0.22884990    0.30874421    0.50000485
    0.21070218   -0.32521946   -0.14999041    0.22884990    0.30874465    0.50000242
    0.21069590   -0.32521786   -0.14998979    0.22884896    0.30873544    0.49999996
    0.21069585   -0.32521705   -0.14998979    0.22884896    0.30873537    0.49999872
    0.21069570   -0.32521626   -0.14998979    0.22884896    0.30873515    0.49999751
    0.21069545   -0.32521550   -0.14998979    0.22884896    0.30873479    0.49999633
    0.21069511   -0.32521477   -0.14998979    0.22884896    0.30873428    0.49999521
    0.21069468   -0.32521409   -0.14998979    0.22884896    0.30873365    0.49999417
    0.21069416   -0.32521347   -0.14998979    0.22884896    0.30873290    0.49999321
    0.21069358   -0.32521292   -0.14998979    0.22884896    0.30873204    0.49999237
    0.21069293   -0.32521245   -0.14998979    0.22884896    0.30873109    0.49999164
    0.21069222   -0.32521206   -0.14998979    0.22884896    0.30873005    0.49999105
    0.21069147   -0.32521176   -0.14998979    0.22884896    0.30872896    0.49999059
    0.21069069   -0.32521156   -0.14998979    0.22884896    0.30872782    0.49999028
    0.21068990   -0.32521146   -0.14998979    0.22884896    0.30872665    0.49999013
    0.21068909   -0.32521146   -0.14998979    0.22884896    0.30872547    0.49999013
    0.21068829   -0.32521156   -0.14998979    0.22884896    0.30872430    0.49999028
    0.21068751   -0.32521176   -0.14998979    0.22884896    0.30872316    0.49999059
    0.21068677   -0.32521206   -0.14998979    0.22884896    0.30872206    0.49999105
    0.21068606   -0.32521245   -0.14998979    0.22884896    0.30872103    0.49999164
    0.21068541   -0.32521292   -0.14998979    0.22884896    0.30872007    0.49999237
    0.21068482   -0.32521347   -0.14998979    0.22884896    0.30871921    0.49999321
    0.21068431   -0.32521409   -0.14998979    0.22884896    0.30871846    0.49999417
    0.21068388   -0.32521477   -0.14998979    0.22884896    0.30871783    0.49999521
    0.21068354   -0.32521550   -0.14998979    0.22884896    0.30871733    0.49999633
    0.21068329   -0.32521626   -0.14998979    0.22884896    0.30871696    0.49999751
    0.21068314   -0.32521705   -0.14998979    0.22884896    0.30871674    0.49999872
    0.21068309   -0.32521786   -0.14998979    0.22884896    0.30871667    0.49999996
    0.21068314   -0.32521866   -0.14998979    0.22884896    0.30871674    0.50000119
    0.21068329   -0.32521945   -0.14998979    0.22884896    0.30871696    0.50000241
    0.21068354   -0.32522022   -0.14998979    0.22884896    0.30871733    0.50000358
    0.21068388   -0.32522094   -0.14998979    0.22884896    0.30871783    0.50000470
    0.21068431   -0.32522162   -0.14998979    0.22884896    0.30871846    0.50000575
    0.21068482   -0.32522224   -0.14998979    0.22884896    0.30871921    0.50000670
    0.21068541   -0.32522279   -0.14998979    0.22884896    0.30872007    0.50000755
    0.21068606   -0.32522327   -0.14998979    0.22884896    0.30872103    0.50000827
    0.21068677   -0.32522365   -0.14998979    0.22884896    0.30872206    0.50000887
    0.21068751   -0.32522395   -0.14998979    0.22884896    0.30872316    0.50000933
    0.21068829   -0.32522415   -0.14998979    0.22884896    0.30872430    0.50000963
    0.21068909   -0.32522425   -0.14998979    0.22884896    0.30872547    0.50000979
    0.21068990   -0.32522425   -0.14998979    0.22884896    0.30872665    0.50000979
    0.21069069   -0.32522415   -0.14998979    0.22884896    0.30872782    0.50000963
    0.21069147   -0.32522395   -0.14998979    0.22884896    0.30872896    0.50000933
    0.21069222   -0.32522365   -0.14998979    0.22884896    0.30873005    0.50000887
    0.21069293   -0.32522327   -0.14998979    0.22884896    0.30873109    0.50000827
    0.21069358   -0.32522279   -0.14998979    0.22884896    0.30873204    0.50000755
    0.21069416   -0.32522224   -0.14998979    0.22884896    0.30873290    0.50000670
    0.21069468   -0.32522162   -0.14998979    0.22884896    0.30873365    0.50000575
    0.21069511   -0.32522094   -0.14998979    0.22884896    0.30873428    0.50000470
    0.21069545   -0.32522022   -0.14998979    0.22884896    0.30873479    0.50000358
    0.21069570   -0.32521945   -0.14998979    0.22884896    0.30873515    0.50000241
    0.21069585   -0.32521866   -0.14998979    0.22884896    0.30873537    0.50000119
    0.21069013   -0.32521786   -0.14998959    0.22884865    0.30872700    0.49999996
    0.21069013   -0.32521778   -0.14998959    0.22884865    0.30872699    0.49999983
    0.21069011   -0.32521770   -0.14998959    0.22884865    0.30872697    0.49999971
    0.21069009   -0.32521762   -0.14998959    0.22884865    0.30872693    0.49999960
    0.21069005   -0.32521755   -0.14998959    0.22884865    0.30872688    0.49999948
    0.21069001   -0.32521748   -0.14998959    0.22884865    0.30872682    0.49999938
    0.21068996   -0.32521742   -0.14998959    0.22884865    0.30872674    0.49999928
    0.21068990   -0.32521736   -0.14998959    0.22884865    0.30872666    0.49999920
    0.21068984   -0.32521732   -0.14998959    0.22884865    0.30872656    0.49999913
    0.21068977   -0.32521728   -0.14998959    0.22884865    0.30872646    0.49999907
    0.21068969   -0.32521725   -0.14998959    0.22884865    0.30872635    0.49999902
    0.21068961   -0.32521723   -0.14998959    0.22884865    0.30872623    0.49999899
    0.21068953   -0.32521722   -0.14998959    0.22884865    0.30872612    0.49999897
    0.21068945   -0.32521722   -0.14998959    0.22884865    0.30872600    0.49999897
    0.21068937   -0.32521723   -0.14998959    0.22884865    0.30872588    0.49999899
    0.21068929   -0.32521725   -0.14998959    0.22884865    0.30872577    0.49999902
    0.21068922   -0.32521728   -0.14998959    0.22884865    0.30872566    0.49999907
    0.21068915   -0.32521732   -0.14998959    0.22884865    0.30872555    0.49999913
    0.21068908   -0.32521736   -0.14998959    0.22884865    0.30872546    0.49999920
    0.21068903   -0.32521742   -0.14998959    0.22884865    0.30872537    0.49999928
    0.21068897   -0.32521748   -0.14998959    0.22884865    0.30872530    0.49999938
    0.21068893   -0.32521755   -0.14998959    0.22884865    0.30872523    0.49999948
    0.21068890   -0.32521762   -0.14998959    0.22884865    0.30872518    0.49999960
    0.21068887   -0.32521770   -0.14998959    0.22884865    0.30872515    0.49999971
    0.21068886   -0.32521778   -0.14998959    0.22884865    0.30872512    0.49999983
    0.21068885   -0.32521786   -0.14998959    0.22884865    0.30872512    0.49999996
    0.21068886   -0.32521794   -0.14998959    0.22884865    0.30872512    0.50000008
    0.21068887   -0.32521802   -0.14998959    0.22884865    0.30872515    0.50000020
    0.21068890   -0.32521809   -0.14998959    0.22884865    0.30872518    0.50000032
    0.21068893   -0.32521817   -0.14998959    0.22884865    0.30872523    0.50000043
    0.21068897   -0.32521823   -0.14998959    0.22884865    0.30872530    0.50000054
    0.21068903   -0.32521830   -0.14998959    0.22884865    0.30872537    0.50000063
    0.21068908   -0.32521835   -0.14998959    0.22884865    0.30872546    0.50000072
    0.21068915   -0.32521840   -0.14998959    0.22884865    0.30872555    0.50000079
    0.21068922   -0.32521844   -0.14998959    0.22884865    0.30872566    0.50000085
    0.21068929   -0.32521847   -0.14998959    0.22884865    0.30872577    0.50000090
    0.21068937   -0.32521849   -0.14998959    0.22884865    0.30872588    0.50000093
    0.21068945   -0.32521850   -0.14998959    0.22884865    0.30872600    0.50000094
    0.21068953   -0.32521850   -0.14998959    0.22884865    0.30872612    0.50000094
    0.21068961   -0.32521849   -0.14998959    0.22884865    0.30872623    0.50000093
    0.21068969   -0.32521847   -0.14998959    0.22884865    0.30872635    0.50000090
    0.21068977   -0.32521844   -0.14998959    0.22884865    0.30872646    0.50000085
    0.21068984   -0.32521840   -0.14998959    0.22884865    0.30872656    0.50000079
    0.21068990   -0.32521835   -0.14998959    0.22884865    0.30872666    0.50000072
    0.21068996   -0.32521830   -0.14998959    0.22884865    0.30872674    0.50000063
    0.21069001   -0.32521823   -0.14998959    0.22884865    0.30872682    0.50000054
    0.21069005   -0.32521817   -0.14998959    0.22884865    0.30872688    0.50000043
    0.21069009   -0.32521809   -0.14998959    0.22884865    0.30872693    0.50000032
    0.21069011   -0.32521802   -0.14998959    0.22884865    0.30872697    0.50000020
    0.21069013   -0.32521794   -0.14998959    0.22884865    0.30872699    0.50000008
