#        klen             E | projection   |group 1: A    |group
#column    1               2               3
     0.000000000    -0.000014795     1.000000000
     0.012322526    -0.072491391     1.000000000
     0.024645053     0.047997155     1.000000000
     0.036967579     0.138707070     1.000000000
     0.049290105     0.210385120     1.000000000
     0.061612632     0.277304579     1.000000000
     0.073935158     0.341966817     1.000000000
     0.086257684     0.405308673     1.000000000
     0.098580211     0.467774057     1.000000000
     0.110902737     0.529600212     1.000000000
     0.123225264     0.590923400     1.000000000
     0.135547790     0.651825438     1.000000000
     0.147870316     0.712356651     1.000000000
     0.160192843     0.772548146     1.000000000
     0.172515369     0.832418794     1.000000000
     0.184837895     0.891979392     1.000000000
     0.197160422     0.951235231     1.000000000
     0.209482948     1.010187726     1.000000000
     0.221805474     1.068835467     1.000000000
     0.234128001     1.127174906     1.000000000
     0.246450527     1.185200783     1.000000000
     0.258773053     1.242906407     1.000000000
     0.271095580     1.300283800     1.000000000
     0.283418106     1.357323758     1.000000000
     0.295740632     1.414015848     1.000000000
     0.308063159     1.470348336     1.000000000
     0.320385685     1.526308069     1.000000000
     0.332708212     1.581880293     1.000000000
     0.345030738     1.637048417     1.000000000
     0.357353264     1.691793705     1.000000000
     0.369675791     1.746094884     1.000000000
     0.381998317     1.799927634     1.000000000
     0.394320843     1.853263950     1.000000000
     0.406643370     1.906071305     1.000000000
     0.418965896     1.958311568     1.000000000
     0.431288422     2.009939581     1.000000000
     0.443610949     2.060901266     1.000000000
     0.455933475     2.111131085     1.000000000
     0.468256001     2.160548589     1.000000000
     0.480578528     2.209053695     1.000000000
     0.492901054     2.256520134     1.000000000
     0.505223581     2.302786337     1.000000000
     0.517546107     2.347642686     1.000000000
     0.529868633     2.390813782     1.000000000
     0.542191160     2.431934201     1.000000000
     0.554513686     2.470516738     1.000000000
     0.566836212     2.505914627     1.000000000
     0.579158739     2.537286316     1.000000000
     0.591481265     2.563586344     1.000000000
     0.603803791     2.583627342     1.000000000
     0.603803791     2.583627342     1.000000000
     0.616634625     2.583684585     1.000000000
     0.629465458     2.583856326     1.000000000
     0.642296292     2.584142678     1.000000000
     0.655127125     2.584544044     1.000000000
     0.667957959     2.585061417     1.000000000
     0.680788792     2.585696714     1.000000000
     0.693619626     2.586453103     1.000000000
     0.706450459     2.587335266     1.000000000
     0.719281293     2.588349532     1.000000000
     0.732112126     2.589503860     1.000000000
     0.744942960     2.590807652     1.000000000
     0.757773793     2.592271386     1.000000000
     0.770604626     2.593906106     1.000000000
     0.783435460     2.595722794     1.000000000
     0.796266293     2.597731672     1.000000000
     0.809097127     2.599941481     1.000000000
     0.821927960     2.602358778     1.000000000
     0.834758794     2.604987303     1.000000000
     0.847589627     2.607827441     1.000000000
     0.860420461     2.610875801     1.000000000
     0.873251294     2.614124945     1.000000000
     0.886082128     2.617563250     1.000000000
     0.898912961     2.621174929     1.000000000
     0.911743795     2.624940190     1.000000000
     0.924574628     2.628835534     1.000000000
     0.937405462     2.632834174     1.000000000
     0.950236295     2.636906566     1.000000000
     0.963067129     2.641021030     1.000000000
     0.975897962     2.645144443     1.000000000
     0.988728796     2.649242987     1.000000000
     1.001559629     2.653282917     1.000000000
     1.014390462     2.657231340     1.000000000
     1.027221296     2.661056954     1.000000000
     1.040052129     2.664730743     1.000000000
     1.052882963     2.668226581     1.000000000
     1.065713796     2.671521718     1.000000000
     1.078544630     2.674597136     1.000000000
     1.091375463     2.677437744     1.000000000
     1.104206297     2.680032396     1.000000000
     1.117037130     2.682373749     1.000000000
     1.129867964     2.684457945     1.000000000
     1.142698797     2.686284147     1.000000000
     1.155529631     2.687853957     1.000000000
     1.168360464     2.689170748     1.000000000
     1.181191298     2.690238956     1.000000000
     1.194022131     2.691063375     1.000000000
     1.206852965     2.691648507     1.000000000
     1.219683798     2.691997999     1.000000000
     1.232514631     2.692114221     1.000000000
     1.232514631     2.692114221     1.000000000
     1.244837158     2.679929526     1.000000000
     1.257159684     2.668221921     1.000000000
     1.269482211     2.656972784     1.000000000
     1.281804737     2.646160638     1.000000000
     1.294127263     2.635761429     1.000000000
     1.306449790     2.625748828     1.000000000
     1.318772316     2.616094547     1.000000000
     1.331094842     2.606768684     1.000000000
     1.343417369     2.597740072     1.000000000
     1.355739895     2.588976665     1.000000000
     1.368062421     2.580445918     1.000000000
     1.380384948     2.572115209     1.000000000
     1.392707474     2.563952254     1.000000000
     1.405030000     2.555925548     1.000000000
     1.417352527     2.548004818     1.000000000
     1.429675053     2.540161481     1.000000000
     1.441997580     2.532369110     1.000000000
     1.454320106     2.524603908     1.000000000
     1.466642632     2.516845168     1.000000000
     1.478965159     2.509075727     1.000000000
     1.491287685     2.501282389     1.000000000
     1.503610211     2.493456309     1.000000000
     1.515932738     2.485593325     1.000000000
     1.528255264     2.477694200     1.000000000
     1.540577790     2.469764780     1.000000000
     1.552900317     2.461816034     1.000000000
     1.565222843     2.453863957     1.000000000
     1.577545369     2.445929349     1.000000000
     1.589867896     2.438037448     1.000000000
     1.602190422     2.430217437     1.000000000
     1.614512948     2.422501839     1.000000000
     1.626835475     2.414925833     1.000000000
     1.639158001     2.407526511     1.000000000
     1.651480528     2.400342120     1.000000000
     1.663803054     2.393411311     1.000000000
     1.676125580     2.386772435     1.000000000
     1.688448107     2.380462906     1.000000000
     1.700770633     2.374518636     1.000000000
     1.713093159     2.368973572     1.000000000
     1.725415686     2.363859315     1.000000000
     1.737738212     2.359204837     1.000000000
     1.750060738     2.355036263     1.000000000
     1.762383265     2.351376741     1.000000000
     1.774705791     2.348246352     1.000000000
     1.787028317     2.345662072     1.000000000
     1.799350844     2.343637759     1.000000000
     1.811673370     2.342184166     1.000000000
     1.823995896     2.341308953     1.000000000
     1.836318423     2.341016705     1.000000000
     1.836318423     2.341016705     1.000000000
     1.849149256     2.338559603     1.000000000
     1.861980090     2.331255189     1.000000000
     1.874810923     2.319293900     1.000000000
     1.887641757     2.302962464     1.000000000
     1.900472590     2.282608075     1.000000000
     1.913303424     2.258603155     1.000000000
     1.926134257     2.231316952     1.000000000
     1.938965091     2.201096374     1.000000000
     1.951795924     2.168255449     1.000000000
     1.964626758     2.133071353     1.000000000
     1.977457591     2.095784756     1.000000000
     1.990288424     2.056602580     1.000000000
     2.003119258     2.015701861     1.000000000
     2.015950091     1.973233883     1.000000000
     2.028780925     1.929328133     1.000000000
     2.041611758     1.884095854     1.000000000
     2.054442592     1.837633130     1.000000000
     2.067273425     1.790023494     1.000000000
     2.080104259     1.741340113     1.000000000
     2.092935092     1.691647593     1.000000000
     2.105765926     1.641003465     1.000000000
     2.118596759     1.589459406     1.000000000
     2.131427593     1.537062231     1.000000000
     2.144258426     1.483854705     1.000000000
     2.157089260     1.429876200     1.000000000
     2.169920093     1.375163224     1.000000000
     2.182750927     1.319749829     1.000000000
     2.195581760     1.263667937     1.000000000
     2.208412594     1.206947565     1.000000000
     2.221243427     1.149616963     1.000000000
     2.234074260     1.091702668     1.000000000
     2.246905094     1.033229456     1.000000000
     2.259735927     0.974220166     1.000000000
     2.272566761     0.914695373     1.000000000
     2.285397594     0.854672837     1.000000000
     2.298228428     0.794166626     1.000000000
     2.311059261     0.733185752     1.000000000
     2.323890095     0.671731996     1.000000000
     2.336720928     0.609796400     1.000000000
     2.349551762     0.547353374     1.000000000
     2.362382595     0.484350364     1.000000000
     2.375213429     0.420688591     1.000000000
     2.388044262     0.356184273     1.000000000
     2.400875096     0.290481727     1.000000000
     2.413705929     0.222824916     1.000000000
     2.426536763     0.151262299     1.000000000
     2.439367596     0.067004588     1.000000000
     2.452198429    -0.065745869     1.000000000
     2.465029263    -0.000014795     1.000000000
     2.465029263    -0.000014794     1.000000000
     2.477804039     0.061401322     1.000000000
     2.490578815     0.122783763     1.000000000
     2.503353591     0.184128495     1.000000000
     2.516128367     0.245416792     1.000000000
     2.528903143     0.306630074     1.000000000
     2.541677919     0.367749959     1.000000000
     2.554452695     0.428758309     1.000000000
     2.567227471     0.489637271     1.000000000
     2.580002247     0.550369315     1.000000000
     2.592777023     0.610937277     1.000000000
     2.605551799     0.671324384     1.000000000
     2.618326575     0.731514286     1.000000000
     2.631101351     0.791491081     1.000000000
     2.643876127     0.851239332     1.000000000
     2.656650903     0.910744082     1.000000000
     2.669425679     0.969990863     1.000000000
     2.682200455     1.028965699     1.000000000
     2.694975231     1.087655104     1.000000000
     2.707750007     1.146046077     1.000000000
     2.720524783     1.204126086     1.000000000
     2.733299559     1.261883053     1.000000000
     2.746074335     1.319305331     1.000000000
     2.758849111     1.376381676     1.000000000
     2.771623887     1.433101215     1.000000000
     2.784398663     1.489453412     1.000000000
     2.797173439     1.545317491     1.000000000
     2.809948215     1.598249910     1.000000000
     2.822722991     1.650523468     1.000000000
     2.835497767     1.702129116     1.000000000
     2.848272543     1.753059613     1.000000000
     2.861047319     1.803309568     1.000000000
     2.873822095     1.852875480     1.000000000
     2.886596871     1.901755754     1.000000000
     2.899371647     1.949950701     1.000000000
     2.912146423     1.997462520     1.000000000
     2.924921199     2.044295252     1.000000000
     2.937695975     2.090454705     1.000000000
     2.950470751     2.135948356     1.000000000
     2.963245527     2.180785219     1.000000000
     2.976020303     2.224975682     1.000000000
     2.988795079     2.268531315     1.000000000
     3.001569855     2.311464650     1.000000000
     3.014344631     2.353788940     1.000000000
     3.027119407     2.395517890     1.000000000
     3.039894183     2.436665384     1.000000000
     3.052668959     2.477245198     1.000000000
     3.065443735     2.517270720     1.000000000
     3.078218511     2.556754673     1.000000000
     3.090993287     2.595708844     1.000000000
     3.090993287     2.595708844     1.000000000
     3.103315814     2.596611117     1.000000000
     3.115638340     2.599313247     1.000000000
     3.127960866     2.603801197     1.000000000
     3.140283393     2.610051659     1.000000000
     3.152605919     2.618032177     1.000000000
     3.164928445     2.627701318     1.000000000
     3.177250972     2.639008867     1.000000000
     3.189573498     2.651896056     1.000000000
     3.201896024     2.666295800     1.000000000
     3.214218551     2.682132936     1.000000000
     3.226541077     2.699324457     1.000000000
     3.238863604     2.717779727     1.000000000
     3.251186130     2.737400679     1.000000000
     3.263508656     2.758081978     1.000000000
     3.275831183     2.779711168     1.000000000
     3.288153709     2.802168799     1.000000000
     3.300476235     2.825328553     1.000000000
     3.312798762     2.849057390     1.000000000
     3.325121288     2.873215755     1.000000000
     3.337443814     2.897657890     1.000000000
     3.349766341     2.922232309     1.000000000
     3.362088867     2.946782509     1.000000000
     3.374411393     2.971148002     1.000000000
     3.386733920     2.995165742     1.000000000
     3.399056446     3.018672024     1.000000000
     3.411378972     3.041256903     1.000000000
     3.423701499     3.054016979     1.000000000
     3.436024025     3.066248383     1.000000000
     3.448346552     3.077961908     1.000000000
     3.460669078     3.089172399     1.000000000
     3.472991604     3.099897663     1.000000000
     3.485314131     3.110157452     1.000000000
     3.497636657     3.119972529     1.000000000
     3.509959183     3.129363810     1.000000000
     3.522281710     3.138351599     1.000000000
     3.534604236     3.146954889     1.000000000
     3.546926762     3.155190743     1.000000000
     3.559249289     3.163073738     1.000000000
     3.571571815     3.170615460     1.000000000
     3.583894341     3.177824060     1.000000000
     3.596216868     3.184703834     1.000000000
     3.608539394     3.191254852     1.000000000
     3.620861921     3.197472601     1.000000000
     3.633184447     3.203347652     1.000000000
     3.645506973     3.208865344     1.000000000
     3.657829500     3.214005485     1.000000000
     3.670152026     3.218742064     1.000000000
     3.682474552     3.223042982     1.000000000
     3.694797079     3.226869680     1.000000000
     3.694797079     3.226869680     1.000000000
     3.707627912     3.223648059     1.000000000
     3.720458746     3.220377098     1.000000000
     3.733289579     3.217068049     1.000000000
     3.746120413     3.213732018     1.000000000
     3.758951246     3.210379891     1.000000000
     3.771782079     3.207022198     1.000000000
     3.784612913     3.203668988     1.000000000
     3.797443746     3.200329708     1.000000000
     3.810274580     3.197013109     1.000000000
     3.823105413     3.193727154     1.000000000
     3.835936247     3.190478963     1.000000000
     3.848767080     3.187274762     1.000000000
     3.861597914     3.184119858     1.000000000
     3.874428747     3.181018639     1.000000000
     3.887259581     3.177974583     1.000000000
     3.900090414     3.174990290     1.000000000
     3.912921248     3.172067526     1.000000000
     3.925752081     3.169207290     1.000000000
     3.938582915     3.166409880     1.000000000
     3.951413748     3.163674991     1.000000000
     3.964244582     3.161001809     1.000000000
     3.977075415     3.158389129     1.000000000
     3.989906249     3.155835496     1.000000000
     4.002737082     3.153339349     1.000000000
     4.015567915     3.150899210     1.000000000
     4.028398749     3.148513887     1.000000000
     4.041229582     3.146182722     1.000000000
     4.054060416     3.143905881     1.000000000
     4.066891249     3.141684686     1.000000000
     4.079722083     3.139522014     1.000000000
     4.092552916     3.137422737     1.000000000
     4.105383750     3.135394234     1.000000000
     4.118214583     3.133446947     1.000000000
     4.131045417     3.131594974     1.000000000
     4.143876250     3.129856682     1.000000000
     4.156707084     3.128255291     1.000000000
     4.169537917     3.126819400     1.000000000
     4.182368751     3.125583368     1.000000000
     4.195199584     3.124587513     1.000000000
     4.208030418     3.123878018     1.000000000
     4.220861251     3.123506493     1.000000000
     4.233692084     3.123529122     1.000000000
     4.246522918     3.124005340     1.000000000
     4.259353751     3.124996040     1.000000000
     4.272184585     3.126561301     1.000000000
     4.285015418     3.128757677     1.000000000
     4.297846252     3.131635110     1.000000000
     4.310677085     3.135233531     1.000000000
     4.323507919     3.139579154     1.000000000
     4.323507919     3.139579154     1.000000000
     4.335830445     3.139384007     1.000000000
     4.348152971     3.139097699     1.000000000
     4.360475498     3.138396762     1.000000000
     4.372798024     3.137019213     1.000000000
     4.385120551     3.135000198     1.000000000
     4.397443077     3.132300428     1.000000000
     4.409765603     3.128921179     1.000000000
     4.422088130     3.124900845     1.000000000
     4.434410656     3.120306367     1.000000000
     4.446733182     3.115222238     1.000000000
     4.459055709     3.109739892     1.000000000
     4.471378235     3.103949248     1.000000000
     4.483700761     3.097933091     1.000000000
     4.496023288     3.091764041     1.000000000
     4.508345814     3.085503515     1.000000000
     4.520668340     3.079201982     1.000000000
     4.532990867     3.072899958     1.000000000
     4.545313393     3.066629332     1.000000000
     4.557635920     3.060414782     1.000000000
     4.569958446     3.054275125     1.000000000
     4.582280972     3.048224547     1.000000000
     4.594603499     3.042273678     1.000000000
     4.606926025     3.036430516     1.000000000
     4.619248551     3.030701212     1.000000000
     4.631571078     3.025090726     1.000000000
     4.643893604     3.019603380     1.000000000
     4.656216130     3.014243313     1.000000000
     4.668538657     3.009014861     1.000000000
     4.680861183     3.003922859     1.000000000
     4.693183709     2.998972883     1.000000000
     4.705506236     2.994171437     1.000000000
     4.717828762     2.989526078     1.000000000
     4.730151288     2.985045490     1.000000000
     4.742473815     2.980739512     1.000000000
     4.754796341     2.976619108     1.000000000
     4.767118868     2.972696290     1.000000000
     4.779441394     2.968983994     1.000000000
     4.791763920     2.965495902     1.000000000
     4.804086447     2.962246232     1.000000000
     4.816408973     2.959249478     1.000000000
     4.828731499     2.956520127     1.000000000
     4.841054026     2.954072344     1.000000000
     4.853376552     2.951919650     1.000000000
     4.865699078     2.950074595     1.000000000
     4.878021605     2.948548437     1.000000000
     4.890344131     2.947350846     1.000000000
     4.902666657     2.946489639     1.000000000
     4.914989184     2.945970568     1.000000000
     4.927311710     2.945797149     1.000000000
     4.927311710     2.945797149     1.000000000
     4.940142544     2.945454254     1.000000000
     4.952973377     2.944431989     1.000000000
     4.965804211     2.942748903     1.000000000
     4.978635044     2.940433499     1.000000000
     4.991465877     2.937521021     1.000000000
     5.004296711     2.934049685     1.000000000
     5.017127544     2.930056808     1.000000000
     5.029958378     2.925575261     1.000000000
     5.042789211     2.920630520     1.000000000
     5.055620045     2.915238467     1.000000000
     5.068450878     2.909404021     1.000000000
     5.081281712     2.903120597     1.000000000
     5.094112545     2.896370406     1.000000000
     5.106943379     2.889125555     1.000000000
     5.119774212     2.881349971     1.000000000
     5.132605046     2.873002091     1.000000000
     5.145435879     2.864038305     1.000000000
     5.158266713     2.854417017     1.000000000
     5.171097546     2.844103155     1.000000000
     5.183928380     2.833072854     1.000000000
     5.196759213     2.821317960     1.000000000
     5.209590047     2.808849950     1.000000000
     5.222420880     2.795702887     1.000000000
     5.235251713     2.781935102     1.000000000
     5.248082547     2.767629440     1.000000000
     5.260913380     2.752892087     1.000000000
     5.273744214     2.737850149     1.000000000
     5.286575047     2.722648289     1.000000000
     5.299405881     2.707444772     1.000000000
     5.312236714     2.692407266     1.000000000
     5.325067548     2.677708672     1.000000000
     5.337898381     2.663523171     1.000000000
     5.350729215     2.650022574     1.000000000
     5.363560048     2.637372991     1.000000000
     5.376390882     2.625731750     1.000000000
     5.389221715     2.615244459     1.000000000
     5.402052549     2.606042047     1.000000000
     5.414883382     2.598237583     1.000000000
     5.427714216     2.591922566     1.000000000
     5.440545049     2.587162255     1.000000000
     5.453375882     2.583989322     1.000000000
     5.466206716     2.582394666     1.000000000
     5.479037549     2.582313433     1.000000000
     5.491868383     2.583603130     1.000000000
     5.504699216     2.586009735     1.000000000
     5.517530050     2.589119721     1.000000000
     5.530360883     2.592311736     1.000000000
     5.543191717     2.594772482     1.000000000
     5.556022550     2.595708844     1.000000000
  
     0.000000000    -0.000007540     1.000000000
     0.012322526     0.072254233     1.000000000
     0.024645053     0.144460854     1.000000000
     0.036967579     0.216572376     1.000000000
     0.049290105     0.288541569     1.000000000
     0.061612632     0.360321581     1.000000000
     0.073935158     0.431866062     1.000000000
     0.086257684     0.503129274     1.000000000
     0.098580211     0.574066206     1.000000000
     0.110902737     0.644632666     1.000000000
     0.123225264     0.714785379     1.000000000
     0.135547790     0.784482068     1.000000000
     0.147870316     0.853681519     1.000000000
     0.160192843     0.922343643     1.000000000
     0.172515369     0.990429519     1.000000000
     0.184837895     1.057901420     1.000000000
     0.197160422     1.124722824     1.000000000
     0.209482948     1.190858410     1.000000000
     0.221805474     1.256274031     1.000000000
     0.234128001     1.320936658     1.000000000
     0.246450527     1.384814315     1.000000000
     0.258773053     1.447875963     1.000000000
     0.271095580     1.510091370     1.000000000
     0.283418106     1.571430925     1.000000000
     0.295740632     1.631865413     1.000000000
     0.308063159     1.691365725     1.000000000
     0.320385685     1.749902495     1.000000000
     0.332708212     1.807445643     1.000000000
     0.345030738     1.863963793     1.000000000
     0.357353264     1.919423539     1.000000000
     0.369675791     1.973788490     1.000000000
     0.381998317     2.027018048     1.000000000
     0.394320843     2.079065791     1.000000000
     0.406643370     2.129877344     1.000000000
     0.418965896     2.179387514     1.000000000
     0.431288422     2.227516424     1.000000000
     0.443610949     2.274164204     1.000000000
     0.455933475     2.319203666     1.000000000
     0.468256001     2.362470125     1.000000000
     0.480578528     2.403747239     1.000000000
     0.492901054     2.442747487     1.000000000
     0.505223581     2.479085940     1.000000000
     0.517546107     2.512247075     1.000000000
     0.529868633     2.541548240     1.000000000
     0.542191160     2.566112985     1.000000000
     0.554513686     2.584885373     1.000000000
     0.566836212     2.596735563     1.000000000
     0.579158739     2.600694383     1.000000000
     0.591481265     2.596264310     1.000000000
     0.603803791     2.583627353     1.000000000
     0.603803791     2.583627353     1.000000000
     0.616634625     2.583684597     1.000000000
     0.629465458     2.583856341     1.000000000
     0.642296292     2.584142695     1.000000000
     0.655127125     2.584544064     1.000000000
     0.667957959     2.585061440     1.000000000
     0.680788792     2.585696739     1.000000000
     0.693619626     2.586453132     1.000000000
     0.706450459     2.587335297     1.000000000
     0.719281293     2.588349564     1.000000000
     0.732112126     2.589503895     1.000000000
     0.744942960     2.590807688     1.000000000
     0.757773793     2.592271423     1.000000000
     0.770604626     2.593906144     1.000000000
     0.783435460     2.595722832     1.000000000
     0.796266293     2.597731711     1.000000000
     0.809097127     2.599941520     1.000000000
     0.821927960     2.602358817     1.000000000
     0.834758794     2.604987342     1.000000000
     0.847589627     2.607827480     1.000000000
     0.860420461     2.610875840     1.000000000
     0.873251294     2.614124983     1.000000000
     0.886082128     2.617563287     1.000000000
     0.898912961     2.621174965     1.000000000
     0.911743795     2.624940226     1.000000000
     0.924574628     2.628835569     1.000000000
     0.937405462     2.632834208     1.000000000
     0.950236295     2.636906599     1.000000000
     0.963067129     2.641021061     1.000000000
     0.975897962     2.645144473     1.000000000
     0.988728796     2.649243016     1.000000000
     1.001559629     2.653282945     1.000000000
     1.014390462     2.657231366     1.000000000
     1.027221296     2.661056979     1.000000000
     1.040052129     2.664730769     1.000000000
     1.052882963     2.668226606     1.000000000
     1.065713796     2.671521743     1.000000000
     1.078544630     2.674597163     1.000000000
     1.091375463     2.677437771     1.000000000
     1.104206297     2.680032424     1.000000000
     1.117037130     2.682373778     1.000000000
     1.129867964     2.684457975     1.000000000
     1.142698797     2.686284177     1.000000000
     1.155529631     2.687853988     1.000000000
     1.168360464     2.689170779     1.000000000
     1.181191298     2.690238986     1.000000000
     1.194022131     2.691063404     1.000000000
     1.206852965     2.691648534     1.000000000
     1.219683798     2.691998025     1.000000000
     1.232514631     2.692114244     1.000000000
     1.232514631     2.692114244     1.000000000
     1.244837158     2.704791558     1.000000000
     1.257159684     2.717973611     1.000000000
     1.269482211     2.731668961     1.000000000
     1.281804737     2.745882375     1.000000000
     1.294127263     2.760614632     1.000000000
     1.306449790     2.775862342     1.000000000
     1.318772316     2.791617772     1.000000000
     1.331094842     2.807868677     1.000000000
     1.343417369     2.824598131     1.000000000
     1.355739895     2.841784355     1.000000000
     1.368062421     2.859400528     1.000000000
     1.380384948     2.877414582     1.000000000
     1.392707474     2.895788966     1.000000000
     1.405030000     2.914480362     1.000000000
     1.417352527     2.933439355     1.000000000
     1.429675053     2.952610016     1.000000000
     1.441997580     2.971929397     1.000000000
     1.454320106     2.991326900     1.000000000
     1.466642632     3.010723492     1.000000000
     1.478965159     3.030030722     1.000000000
     1.491287685     3.022460158     1.000000000
     1.503610211     2.999025418     1.000000000
     1.515932738     2.976632043     1.000000000
     1.528255264     2.955288358     1.000000000
     1.540577790     2.934998270     1.000000000
     1.552900317     2.915761294     1.000000000
     1.565222843     2.897572638     1.000000000
     1.577545369     2.880423365     1.000000000
     1.589867896     2.864300645     1.000000000
     1.602190422     2.849188097     1.000000000
     1.614512948     2.835066211     1.000000000
     1.626835475     2.821912835     1.000000000
     1.639158001     2.809703704     1.000000000
     1.651480528     2.798412994     1.000000000
     1.663803054     2.788013866     1.000000000
     1.676125580     2.778478994     1.000000000
     1.688448107     2.769781054     1.000000000
     1.700770633     2.761893163     1.000000000
     1.713093159     2.754789276     1.000000000
     1.725415686     2.748444529     1.000000000
     1.737738212     2.742835537     1.000000000
     1.750060738     2.737940662     1.000000000
     1.762383265     2.733740244     1.000000000
     1.774705791     2.730216799     1.000000000
     1.787028317     2.727355207     1.000000000
     1.799350844     2.725142867     1.000000000
     1.811673370     2.723569828     1.000000000
     1.823995896     2.722628902     1.000000000
     1.836318423     2.722315745     1.000000000
     1.836318423     2.722315745     1.000000000
     1.849149256     2.718796470     1.000000000
     1.861980090     2.708446265     1.000000000
     1.874810923     2.691822562     1.000000000
     1.887641757     2.669679207     1.000000000
     1.900472590     2.642809760     1.000000000
     1.913303424     2.611942755     1.000000000
     1.926134257     2.577695517     1.000000000
     1.938965091     2.540567795     1.000000000
     1.951795924     2.500954696     1.000000000
     1.964626758     2.459165632     1.000000000
     1.977457591     2.415442752     1.000000000
     1.990288424     2.369976490     1.000000000
     2.003119258     2.322917847     1.000000000
     2.015950091     2.274387778     1.000000000
     2.028780925     2.224484273     1.000000000
     2.041611758     2.173287672     1.000000000
     2.054442592     2.120864661     1.000000000
     2.067273425     2.067271312     1.000000000
     2.080104259     2.012555403     1.000000000
     2.092935092     1.956758228     1.000000000
     2.105765926     1.899916013     1.000000000
     2.118596759     1.842061061     1.000000000
     2.131427593     1.783222680     1.000000000
     2.144258426     1.723427951     1.000000000
     2.157089260     1.662702378     1.000000000
     2.169920093     1.601070448     1.000000000
     2.182750927     1.538556105     1.000000000
     2.195581760     1.475183180     1.000000000
     2.208412594     1.410975755     1.000000000
     2.221243427     1.345958493     1.000000000
     2.234074260     1.280156928     1.000000000
     2.246905094     1.213597710     1.000000000
     2.259735927     1.146308827     1.000000000
     2.272566761     1.078319784     1.000000000
     2.285397594     1.009661753     1.000000000
     2.298228428     0.940367686     1.000000000
     2.311059261     0.870472400     1.000000000
     2.323890095     0.800012622     1.000000000
     2.336720928     0.729027002     1.000000000
     2.349551762     0.657556102     1.000000000
     2.362382595     0.585642333     1.000000000
     2.375213429     0.513329885     1.000000000
     2.388044262     0.440664606     1.000000000
     2.400875096     0.367693867     1.000000000
     2.413705929     0.294466393     1.000000000
     2.426536763     0.221032076     1.000000000
     2.439367596     0.147441767     1.000000000
     2.452198429     0.073747049     1.000000000
     2.465029263    -0.000007543     1.000000000
     2.465029263    -0.000007548     1.000000000
     2.477804039     0.062710832     1.000000000
     2.490578815     0.125391076     1.000000000
     2.503353591     0.188010169     1.000000000
     2.516128367     0.250537626     1.000000000
     2.528903143     0.312943064     1.000000000
     2.541677919     0.375196249     1.000000000
     2.554452695     0.437267133     1.000000000
     2.567227471     0.499125906     1.000000000
     2.580002247     0.560743040     1.000000000
     2.592777023     0.622089348     1.000000000
     2.605551799     0.683136042     1.000000000
     2.618326575     0.743854790     1.000000000
     2.631101351     0.804217787     1.000000000
     2.643876127     0.864197820     1.000000000
     2.656650903     0.923768341     1.000000000
     2.669425679     0.982903539     1.000000000
     2.682200455     1.041578417     1.000000000
     2.694975231     1.099768868     1.000000000
     2.707750007     1.157451754     1.000000000
     2.720524783     1.214604988     1.000000000
     2.733299559     1.271207612     1.000000000
     2.746074335     1.327239882     1.000000000
     2.758849111     1.382683346     1.000000000
     2.771623887     1.437520927     1.000000000
     2.784398663     1.491737004     1.000000000
     2.797173439     1.545428027     1.000000000
     2.809948215     1.601015072     1.000000000
     2.822722991     1.656204767     1.000000000
     2.835497767     1.710987492     1.000000000
     2.848272543     1.765353735     1.000000000
     2.861047319     1.819294043     1.000000000
     2.873822095     1.872798969     1.000000000
     2.886596871     1.925859018     1.000000000
     2.899371647     1.978464595     1.000000000
     2.912146423     2.030605955     1.000000000
     2.924921199     2.082273147     1.000000000
     2.937695975     2.133455969     1.000000000
     2.950470751     2.184143919     1.000000000
     2.963245527     2.234326145     1.000000000
     2.976020303     2.283991406     1.000000000
     2.988795079     2.333128029     1.000000000
     3.001569855     2.381723869     1.000000000
     3.014344631     2.429766274     1.000000000
     3.027119407     2.477242051     1.000000000
     3.039894183     2.524137436     1.000000000
     3.052668959     2.570438058     1.000000000
     3.065443735     2.616128921     1.000000000
     3.078218511     2.634143956     1.000000000
     3.090993287     2.595708877     1.000000000
     3.090993287     2.595708877     1.000000000
     3.103315814     2.596611151     1.000000000
     3.115638340     2.599313281     1.000000000
     3.127960866     2.603801231     1.000000000
     3.140283393     2.610051692     1.000000000
     3.152605919     2.618032210     1.000000000
     3.164928445     2.627701349     1.000000000
     3.177250972     2.639008896     1.000000000
     3.189573498     2.651896083     1.000000000
     3.201896024     2.666295825     1.000000000
     3.214218551     2.682132959     1.000000000
     3.226541077     2.699324478     1.000000000
     3.238863604     2.717779748     1.000000000
     3.251186130     2.737400700     1.000000000
     3.263508656     2.758082001     1.000000000
     3.275831183     2.779711195     1.000000000
     3.288153709     2.802168832     1.000000000
     3.300476235     2.825328591     1.000000000
     3.312798762     2.849057435     1.000000000
     3.325121288     2.873215807     1.000000000
     3.337443814     2.897657949     1.000000000
     3.349766341     2.922232376     1.000000000
     3.362088867     2.946782584     1.000000000
     3.374411393     2.971148085     1.000000000
     3.386733920     2.995165833     1.000000000
     3.399056446     3.018672124     1.000000000
     3.411378972     3.041256952     1.000000000
     3.423701499     3.054017027     1.000000000
     3.436024025     3.066248430     1.000000000
     3.448346552     3.077961953     1.000000000
     3.460669078     3.089172442     1.000000000
     3.472991604     3.099897704     1.000000000
     3.485314131     3.110157491     1.000000000
     3.497636657     3.119972565     1.000000000
     3.509959183     3.129363843     1.000000000
     3.522281710     3.138351629     1.000000000
     3.534604236     3.146954918     1.000000000
     3.546926762     3.155190771     1.000000000
     3.559249289     3.163073766     1.000000000
     3.571571815     3.170615490     1.000000000
     3.583894341     3.177824094     1.000000000
     3.596216868     3.184703874     1.000000000
     3.608539394     3.191254899     1.000000000
     3.620861921     3.197472656     1.000000000
     3.633184447     3.203347715     1.000000000
     3.645506973     3.208865417     1.000000000
     3.657829500     3.214005570     1.000000000
     3.670152026     3.218742159     1.000000000
     3.682474552     3.223043090     1.000000000
     3.694797079     3.226869801     1.000000000
     3.694797079     3.226869801     1.000000000
     3.707627912     3.223648176     1.000000000
     3.720458746     3.220377213     1.000000000
     3.733289579     3.217068161     1.000000000
     3.746120413     3.213732127     1.000000000
     3.758951246     3.210379997     1.000000000
     3.771782079     3.207022302     1.000000000
     3.784612913     3.203669090     1.000000000
     3.797443746     3.200329808     1.000000000
     3.810274580     3.197013206     1.000000000
     3.823105413     3.193727250     1.000000000
     3.835936247     3.190479057     1.000000000
     3.848767080     3.187274853     1.000000000
     3.861597914     3.184119948     1.000000000
     3.874428747     3.181018727     1.000000000
     3.887259581     3.177974670     1.000000000
     3.900090414     3.174990374     1.000000000
     3.912921248     3.172067609     1.000000000
     3.925752081     3.169207370     1.000000000
     3.938582915     3.166409959     1.000000000
     3.951413748     3.163675068     1.000000000
     3.964244582     3.161001883     1.000000000
     3.977075415     3.158389202     1.000000000
     3.989906249     3.155835566     1.000000000
     4.002737082     3.153339417     1.000000000
     4.015567915     3.150899275     1.000000000
     4.028398749     3.148513949     1.000000000
     4.041229582     3.146182781     1.000000000
     4.054060416     3.143905936     1.000000000
     4.066891249     3.141684739     1.000000000
     4.079722083     3.139522063     1.000000000
     4.092552916     3.137422782     1.000000000
     4.105383750     3.135394275     1.000000000
     4.118214583     3.133446983     1.000000000
     4.131045417     3.131595006     1.000000000
     4.143876250     3.129856710     1.000000000
     4.156707084     3.128255316     1.000000000
     4.169537917     3.126819421     1.000000000
     4.182368751     3.125583389     1.000000000
     4.195199584     3.124587535     1.000000000
     4.208030418     3.123878045     1.000000000
     4.220861251     3.123506526     1.000000000
     4.233692084     3.123529162     1.000000000
     4.246522918     3.124005389     1.000000000
     4.259353751     3.124996099     1.000000000
     4.272184585     3.126561370     1.000000000
     4.285015418     3.128757757     1.000000000
     4.297846252     3.131635201     1.000000000
     4.310677085     3.135233634     1.000000000
     4.323507919     3.139579260     1.000000000
     4.323507919     3.139579260     1.000000000
     4.335830445     3.139384130     1.000000000
     4.348152971     3.139097825     1.000000000
     4.360475498     3.138396854     1.000000000
     4.372798024     3.137019301     1.000000000
     4.385120551     3.135000284     1.000000000
     4.397443077     3.132300513     1.000000000
     4.409765603     3.128921264     1.000000000
     4.422088130     3.124900932     1.000000000
     4.434410656     3.120306454     1.000000000
     4.446733182     3.115222327     1.000000000
     4.459055709     3.109739981     1.000000000
     4.471378235     3.103949337     1.000000000
     4.483700761     3.097933179     1.000000000
     4.496023288     3.091764128     1.000000000
     4.508345814     3.085503601     1.000000000
     4.520668340     3.079202066     1.000000000
     4.532990867     3.072900039     1.000000000
     4.545313393     3.066629411     1.000000000
     4.557635920     3.060414858     1.000000000
     4.569958446     3.054275198     1.000000000
     4.582280972     3.048224617     1.000000000
     4.594603499     3.042273746     1.000000000
     4.606926025     3.036430582     1.000000000
     4.619248551     3.030701275     1.000000000
     4.631571078     3.025090787     1.000000000
     4.643893604     3.019603439     1.000000000
     4.656216130     3.014243370     1.000000000
     4.668538657     3.009014916     1.000000000
     4.680861183     3.003922912     1.000000000
     4.693183709     2.998972935     1.000000000
     4.705506236     2.994171489     1.000000000
     4.717828762     2.989526128     1.000000000
     4.730151288     2.985045539     1.000000000
     4.742473815     2.980739561     1.000000000
     4.754796341     2.976619156     1.000000000
     4.767118868     2.972696339     1.000000000
     4.779441394     2.968984042     1.000000000
     4.791763920     2.965495951     1.000000000
     4.804086447     2.962246281     1.000000000
     4.816408973     2.959249528     1.000000000
     4.828731499     2.956520177     1.000000000
     4.841054026     2.954072395     1.000000000
     4.853376552     2.951919702     1.000000000
     4.865699078     2.950074648     1.000000000
     4.878021605     2.948548492     1.000000000
     4.890344131     2.947350902     1.000000000
     4.902666657     2.946489697     1.000000000
     4.914989184     2.945970628     1.000000000
     4.927311710     2.945797211     1.000000000
     4.927311710     2.945797211     1.000000000
     4.940142544     2.945454311     1.000000000
     4.952973377     2.944432041     1.000000000
     4.965804211     2.942748950     1.000000000
     4.978635044     2.940433540     1.000000000
     4.991465877     2.937521057     1.000000000
     5.004296711     2.934049716     1.000000000
     5.017127544     2.930056834     1.000000000
     5.029958378     2.925575284     1.000000000
     5.042789211     2.920630541     1.000000000
     5.055620045     2.915238488     1.000000000
     5.068450878     2.909404041     1.000000000
     5.081281712     2.903120619     1.000000000
     5.094112545     2.896370428     1.000000000
     5.106943379     2.889125579     1.000000000
     5.119774212     2.881349996     1.000000000
     5.132605046     2.873002117     1.000000000
     5.145435879     2.864038332     1.000000000
     5.158266713     2.854417045     1.000000000
     5.171097546     2.844103184     1.000000000
     5.183928380     2.833072884     1.000000000
     5.196759213     2.821317990     1.000000000
     5.209590047     2.808849981     1.000000000
     5.222420880     2.795702918     1.000000000
     5.235251713     2.781935134     1.000000000
     5.248082547     2.767629472     1.000000000
     5.260913380     2.752892120     1.000000000
     5.273744214     2.737850183     1.000000000
     5.286575047     2.722648324     1.000000000
     5.299405881     2.707444807     1.000000000
     5.312236714     2.692407302     1.000000000
     5.325067548     2.677708710     1.000000000
     5.337898381     2.663523209     1.000000000
     5.350729215     2.650022612     1.000000000
     5.363560048     2.637373029     1.000000000
     5.376390882     2.625731788     1.000000000
     5.389221715     2.615244497     1.000000000
     5.402052549     2.606042086     1.000000000
     5.414883382     2.598237621     1.000000000
     5.427714216     2.591922604     1.000000000
     5.440545049     2.587162292     1.000000000
     5.453375882     2.583989358     1.000000000
     5.466206716     2.582394702     1.000000000
     5.479037549     2.582313468     1.000000000
     5.491868383     2.583603164     1.000000000
     5.504699216     2.586009769     1.000000000
     5.517530050     2.589119755     1.000000000
     5.530360883     2.592311770     1.000000000
     5.543191717     2.594772516     1.000000000
     5.556022550     2.595708877     1.000000000
  
     0.000000000     0.000022667     1.000000000
     0.012322526     0.156476265     1.000000000
     0.024645053     0.273105816     1.000000000
     0.036967579     0.391989875     1.000000000
     0.049290105     0.512678574     1.000000000
     0.061612632     0.634355400     1.000000000
     0.073935158     0.756507323     1.000000000
     0.086257684     0.878820448     1.000000000
     0.098580211     1.001088506     1.000000000
     0.110902737     1.123163241     1.000000000
     0.123225264     1.244928449     1.000000000
     0.135547790     1.366285928     1.000000000
     0.147870316     1.487147431     1.000000000
     0.160192843     1.607429736     1.000000000
     0.172515369     1.727051344     1.000000000
     0.184837895     1.845930017     1.000000000
     0.197160422     1.963980695     1.000000000
     0.209482948     2.081113475     1.000000000
     0.221805474     2.197231429     1.000000000
     0.234128001     2.312228032     1.000000000
     0.246450527     2.425983973     1.000000000
     0.258773053     2.538363056     1.000000000
     0.271095580     2.649206826     1.000000000
     0.283418106     2.758327464     1.000000000
     0.295740632     2.865498341     1.000000000
     0.308063159     2.970441559     1.000000000
     0.320385685     3.072811759     1.000000000
     0.332708212     3.172175721     1.000000000
     0.345030738     3.267987513     1.000000000
     0.357353264     3.359554794     1.000000000
     0.369675791     3.445882684     1.000000000
     0.381998317     3.487286392     1.000000000
     0.394320843     3.466128050     1.000000000
     0.406643370     3.443886972     1.000000000
     0.418965896     3.420990259     1.000000000
     0.431288422     3.397507607     1.000000000
     0.443610949     3.373489637     1.000000000
     0.455933475     3.348991710     1.000000000
     0.468256001     3.315774508     1.000000000
     0.480578528     3.281550002     1.000000000
     0.492901054     3.247959427     1.000000000
     0.505223581     3.215406658     1.000000000
     0.517546107     3.184426635     1.000000000
     0.529868633     3.155721833     1.000000000
     0.542191160     3.130188859     1.000000000
     0.554513686     3.108904059     1.000000000
     0.566836212     3.093017868     1.000000000
     0.579158739     3.083520153     1.000000000
     0.591481265     3.080929169     1.000000000
     0.603803791     3.085083605     1.000000000
     0.603803791     3.085083605     1.000000000
     0.616634625     3.085629136     1.000000000
     0.629465458     3.087265708     1.000000000
     0.642296292     3.089993135     1.000000000
     0.655127125     3.093810644     1.000000000
     0.667957959     3.098716246     1.000000000
     0.680788792     3.104705937     1.000000000
     0.693619626     3.111772813     1.000000000
     0.706450459     3.119906189     1.000000000
     0.719281293     3.129090785     1.000000000
     0.732112126     3.139306047     1.000000000
     0.744942960     3.150525651     1.000000000
     0.757773793     3.162717195     1.000000000
     0.770604626     3.175842103     1.000000000
     0.783435460     3.189855694     1.000000000
     0.796266293     3.204707416     1.000000000
     0.809097127     3.220341179     1.000000000
     0.821927960     3.236695762     1.000000000
     0.834758794     3.253705254     1.000000000
     0.847589627     3.271299475     1.000000000
     0.860420461     3.289404364     1.000000000
     0.873251294     3.307942288     1.000000000
     0.886082128     3.326832250     1.000000000
     0.898912961     3.345989974     1.000000000
     0.911743795     3.365327822     1.000000000
     0.924574628     3.384754527     1.000000000
     0.937405462     3.404174677     1.000000000
     0.950236295     3.423487897     1.000000000
     0.963067129     3.442587659     1.000000000
     0.975897962     3.461359602     1.000000000
     0.988728796     3.479679252     1.000000000
     1.001559629     3.497409078     1.000000000
     1.014390462     3.514394823     1.000000000
     1.027221296     3.530461490     1.000000000
     1.040052129     3.545410046     1.000000000
     1.052882963     3.559017468     1.000000000
     1.065713796     3.571045311     1.000000000
     1.078544630     3.581264311     1.000000000
     1.091375463     3.589500563     1.000000000
     1.104206297     3.595695995     1.000000000
     1.117037130     3.599954534     1.000000000
     1.129867964     3.602539056     1.000000000
     1.142698797     3.603813701     1.000000000
     1.155529631     3.604165348     1.000000000
     1.168360464     3.603943144     1.000000000
     1.181191298     3.603430062     1.000000000
     1.194022131     3.602838905     1.000000000
     1.206852965     3.602320056     1.000000000
     1.219683798     3.601971965     1.000000000
     1.232514631     3.601849986     1.000000000
     1.232514631     3.601849986     1.000000000
     1.244837158     3.596812406     1.000000000
     1.257159684     3.584834263     1.000000000
     1.269482211     3.564924231     1.000000000
     1.281804737     3.538601503     1.000000000
     1.294127263     3.508321911     1.000000000
     1.306449790     3.475944700     1.000000000
     1.318772316     3.442582839     1.000000000
     1.331094842     3.408878805     1.000000000
     1.343417369     3.375218368     1.000000000
     1.355739895     3.341847992     1.000000000
     1.368062421     3.308935609     1.000000000
     1.380384948     3.276602574     1.000000000
     1.392707474     3.244941117     1.000000000
     1.405030000     3.214024271     1.000000000
     1.417352527     3.183911745     1.000000000
     1.429675053     3.154653488     1.000000000
     1.441997580     3.126291906     1.000000000
     1.454320106     3.098863239     1.000000000
     1.466642632     3.072398412     1.000000000
     1.478965159     3.046923532     1.000000000
     1.491287685     3.049149498     1.000000000
     1.503610211     3.067968553     1.000000000
     1.515932738     3.086362534     1.000000000
     1.528255264     3.104189593     1.000000000
     1.540577790     3.121288327     1.000000000
     1.552900317     3.137473784     1.000000000
     1.565222843     3.152532026     1.000000000
     1.577545369     3.166212266     1.000000000
     1.589867896     3.178214736     1.000000000
     1.602190422     3.188171683     1.000000000
     1.614512948     3.195621346     1.000000000
     1.626835475     3.199993974     1.000000000
     1.639158001     3.200691615     1.000000000
     1.651480528     3.197397131     1.000000000
     1.663803054     3.190478377     1.000000000
     1.676125580     3.180929276     1.000000000
     1.688448107     3.169852340     1.000000000
     1.700770633     3.158113003     1.000000000
     1.713093159     3.146309776     1.000000000
     1.725415686     3.134853039     1.000000000
     1.737738212     3.124035753     1.000000000
     1.750060738     3.114077388     1.000000000
     1.762383265     3.105148623     1.000000000
     1.774705791     3.097384963     1.000000000
     1.787028317     3.090894344     1.000000000
     1.799350844     3.085761478     1.000000000
     1.811673370     3.082050410     1.000000000
     1.823995896     3.079806029     1.000000000
     1.836318423     3.079054960     1.000000000
     1.836318423     3.079054960     1.000000000
     1.849149256     3.080572324     1.000000000
     1.861980090     3.085054139     1.000000000
     1.874810923     3.092299607     1.000000000
     1.887641757     3.102004010     1.000000000
     1.900472590     3.113793357     1.000000000
     1.913303424     3.127257823     1.000000000
     1.926134257     3.141977495     1.000000000
     1.938965091     3.157537724     1.000000000
     1.951795924     3.173534206     1.000000000
     1.964626758     3.189569085     1.000000000
     1.977457591     3.205239196     1.000000000
     1.990288424     3.220116570     1.000000000
     2.003119258     3.233719794     1.000000000
     2.015950091     3.245473092     1.000000000
     2.028780925     3.254648118     1.000000000
     2.041611758     3.260282877     1.000000000
     2.054442592     3.261076814     1.000000000
     2.067273425     3.255282004     1.000000000
     2.080104259     3.240666494     1.000000000
     2.092935092     3.214717346     1.000000000
     2.105765926     3.175258816     1.000000000
     2.118596759     3.121329474     1.000000000
     2.131427593     3.053646509     1.000000000
     2.144258426     2.974190259     1.000000000
     2.157089260     2.885340267     1.000000000
     2.169920093     2.789240889     1.000000000
     2.182750927     2.687575773     1.000000000
     2.195581760     2.581587256     1.000000000
     2.208412594     2.472173879     1.000000000
     2.221243427     2.359987666     1.000000000
     2.234074260     2.245509404     1.000000000
     2.246905094     2.129101835     1.000000000
     2.259735927     2.011046044     1.000000000
     2.272566761     1.891566178     1.000000000
     2.285397594     1.770846408     1.000000000
     2.298228428     1.649042792     1.000000000
     2.311059261     1.526291862     1.000000000
     2.323890095     1.402717188     1.000000000
     2.336720928     1.278434879     1.000000000
     2.349551762     1.153558879     1.000000000
     2.362382595     1.028207102     1.000000000
     2.375213429     0.902509975     1.000000000
     2.388044262     0.776624350     1.000000000
     2.400875096     0.650758909     1.000000000
     2.413705929     0.525224319     1.000000000
     2.426536763     0.400534648     1.000000000
     2.439367596     0.277572800     1.000000000
     2.452198429     0.157214708     1.000000000
     2.465029263     0.000022666     1.000000000
     2.465029263     0.000022665     1.000000000
     2.477804039     0.126592465     1.000000000
     2.490578815     0.253120216     1.000000000
     2.503353591     0.379518862     1.000000000
     2.516128367     0.505724651     1.000000000
     2.528903143     0.631674768     1.000000000
     2.541677919     0.757307614     1.000000000
     2.554452695     0.882563055     1.000000000
     2.567227471     1.007382635     1.000000000
     2.580002247     1.131709750     1.000000000
     2.592777023     1.255489772     1.000000000
     2.605551799     1.378670125     1.000000000
     2.618326575     1.501200298     1.000000000
     2.631101351     1.623031793     1.000000000
     2.643876127     1.744117995     1.000000000
     2.656650903     1.864413941     1.000000000
     2.669425679     1.983875967     1.000000000
     2.682200455     2.102461164     1.000000000
     2.694975231     2.220126571     1.000000000
     2.707750007     2.336827916     1.000000000
     2.720524783     2.452517594     1.000000000
     2.733299559     2.567141227     1.000000000
     2.746074335     2.680631426     1.000000000
     2.758849111     2.792895543     1.000000000
     2.771623887     2.903789244     1.000000000
     2.784398663     3.013052099     1.000000000
     2.797173439     3.120123287     1.000000000
     2.809948215     3.223482613     1.000000000
     2.822722991     3.297352443     1.000000000
     2.835497767     3.269203077     1.000000000
     2.848272543     3.240486690     1.000000000
     2.861047319     3.211210187     1.000000000
     2.873822095     3.181380711     1.000000000
     2.886596871     3.151005623     1.000000000
     2.899371647     3.120092442     1.000000000
     2.912146423     3.088648748     1.000000000
     2.924921199     3.056682043     1.000000000
     2.937695975     3.024199599     1.000000000
     2.950470751     2.991208270     1.000000000
     2.963245527     2.957714306     1.000000000
     2.976020303     2.923723152     1.000000000
     2.988795079     2.889239250     1.000000000
     3.001569855     2.854265863     1.000000000
     3.014344631     2.818804898     1.000000000
     3.027119407     2.782856775     1.000000000
     3.039894183     2.746420313     1.000000000
     3.052668959     2.709492663     1.000000000
     3.065443735     2.672069283     1.000000000
     3.078218511     2.661194363     1.000000000
     3.090993287     2.705618030     1.000000000
     3.090993287     2.705618030     1.000000000
     3.103315814     2.706559223     1.000000000
     3.115638340     2.709368959     1.000000000
     3.127960866     2.714006151     1.000000000
     3.140283393     2.720403771     1.000000000
     3.152605919     2.728470939     1.000000000
     3.164928445     2.738095687     1.000000000
     3.177250972     2.749148258     1.000000000
     3.189573498     2.761484774     1.000000000
     3.201896024     2.774951103     1.000000000
     3.214218551     2.789386763     1.000000000
     3.226541077     2.804628713     1.000000000
     3.238863604     2.820514897     1.000000000
     3.251186130     2.836887449     1.000000000
     3.263508656     2.853595473     1.000000000
     3.275831183     2.870497361     1.000000000
     3.288153709     2.887462619     1.000000000
     3.300476235     2.904373209     1.000000000
     3.312798762     2.921124419     1.000000000
     3.325121288     2.937625305     1.000000000
     3.337443814     2.953798735     1.000000000
     3.349766341     2.969581096     1.000000000
     3.362088867     2.984921723     1.000000000
     3.374411393     2.999782086     1.000000000
     3.386733920     3.014134811     1.000000000
     3.399056446     3.027962572     1.000000000
     3.411378972     3.041504902     1.000000000
     3.423701499     3.063507117     1.000000000
     3.436024025     3.084529485     1.000000000
     3.448346552     3.104434582     1.000000000
     3.460669078     3.123100505     1.000000000
     3.472991604     3.140424400     1.000000000
     3.485314131     3.156325414     1.000000000
     3.497636657     3.170746765     1.000000000
     3.509959183     3.183656675     1.000000000
     3.522281710     3.195048057     1.000000000
     3.534604236     3.204936999     1.000000000
     3.546926762     3.213360215     1.000000000
     3.559249289     3.220371764     1.000000000
     3.571571815     3.226039355     1.000000000
     3.583894341     3.230440560     1.000000000
     3.596216868     3.233659225     1.000000000
     3.608539394     3.235782239     1.000000000
     3.620861921     3.236896797     1.000000000
     3.633184447     3.237088184     1.000000000
     3.645506973     3.236438069     1.000000000
     3.657829500     3.235023252     1.000000000
     3.670152026     3.232914806     1.000000000
     3.682474552     3.230177535     1.000000000
     3.694797079     3.226869823     1.000000000
     3.694797079     3.226869823     1.000000000
     3.707627912     3.230031038     1.000000000
     3.720458746     3.233120969     1.000000000
     3.733289579     3.236128935     1.000000000
     3.746120413     3.239044744     1.000000000
     3.758951246     3.241858728     1.000000000
     3.771782079     3.244561825     1.000000000
     3.784612913     3.247145628     1.000000000
     3.797443746     3.249602428     1.000000000
     3.810274580     3.251925216     1.000000000
     3.823105413     3.254107679     1.000000000
     3.835936247     3.256144156     1.000000000
     3.848767080     3.258029582     1.000000000
     3.861597914     3.259759399     1.000000000
     3.874428747     3.261329454     1.000000000
     3.887259581     3.262735857     1.000000000
     3.900090414     3.263974824     1.000000000
     3.912921248     3.265042485     1.000000000
     3.925752081     3.265934662     1.000000000
     3.938582915     3.266646607     1.000000000
     3.951413748     3.267172698     1.000000000
     3.964244582     3.267506080     1.000000000
     3.977075415     3.267638256     1.000000000
     3.989906249     3.267558590     1.000000000
     4.002737082     3.267253752     1.000000000
     4.015567915     3.266707057     1.000000000
     4.028398749     3.265897743     1.000000000
     4.041229582     3.264800170     1.000000000
     4.054060416     3.263383007     1.000000000
     4.066891249     3.261608510     1.000000000
     4.079722083     3.259432054     1.000000000
     4.092552916     3.256802223     1.000000000
     4.105383750     3.253661890     1.000000000
     4.118214583     3.249950866     1.000000000
     4.131045417     3.245610747     1.000000000
     4.143876250     3.240592412     1.000000000
     4.156707084     3.234865987     1.000000000
     4.169537917     3.228432058     1.000000000
     4.182368751     3.221331575     1.000000000
     4.195199584     3.213651214     1.000000000
     4.208030418     3.205521586     1.000000000
     4.220861251     3.197107836     1.000000000
     4.233692084     3.188594809     1.000000000
     4.246522918     3.180170526     1.000000000
     4.259353751     3.172011533     1.000000000
     4.272184585     3.164272251     1.000000000
     4.285015418     3.157078796     1.000000000
     4.297846252     3.150526637     1.000000000
     4.310677085     3.144681028     1.000000000
     4.323507919     3.139579272     1.000000000
     4.323507919     3.139579272     1.000000000
     4.335830445     3.139563114     1.000000000
     4.348152971     3.139209605     1.000000000
     4.360475498     3.138827731     1.000000000
     4.372798024     3.138664948     1.000000000
     4.385120551     3.138682403     1.000000000
     4.397443077     3.138935851     1.000000000
     4.409765603     3.139465247     1.000000000
     4.422088130     3.140296719     1.000000000
     4.434410656     3.141444654     1.000000000
     4.446733182     3.142913719     1.000000000
     4.459055709     3.144700689     1.000000000
     4.471378235     3.146796063     1.000000000
     4.483700761     3.149185440     1.000000000
     4.496023288     3.151850687     1.000000000
     4.508345814     3.154770909     1.000000000
     4.520668340     3.157923243     1.000000000
     4.532990867     3.161283512     1.000000000
     4.545313393     3.164826751     1.000000000
     4.557635920     3.168527628     1.000000000
     4.569958446     3.172360778     1.000000000
     4.582280972     3.176301069     1.000000000
     4.594603499     3.180323806     1.000000000
     4.606926025     3.184404891     1.000000000
     4.619248551     3.188520943     1.000000000
     4.631571078     3.192649388     1.000000000
     4.643893604     3.196768529     1.000000000
     4.656216130     3.200857594     1.000000000
     4.668538657     3.204896766     1.000000000
     4.680861183     3.208867213     1.000000000
     4.693183709     3.212751094     1.000000000
     4.705506236     3.216531571     1.000000000
     4.717828762     3.220192808     1.000000000
     4.730151288     3.223719967     1.000000000
     4.742473815     3.227099204     1.000000000
     4.754796341     3.230317654     1.000000000
     4.767118868     3.233363421     1.000000000
     4.779441394     3.236225560     1.000000000
     4.791763920     3.238894063     1.000000000
     4.804086447     3.241359833     1.000000000
     4.816408973     3.243614672     1.000000000
     4.828731499     3.245651249     1.000000000
     4.841054026     3.247463086     1.000000000
     4.853376552     3.249044531     1.000000000
     4.865699078     3.250390737     1.000000000
     4.878021605     3.251497643     1.000000000
     4.890344131     3.252361955     1.000000000
     4.902666657     3.252981126     1.000000000
     4.914989184     3.253353350     1.000000000
     4.927311710     3.253477546     1.000000000
     4.927311710     3.253477546     1.000000000
     4.940142544     3.253708884     1.000000000
     4.952973377     3.254387451     1.000000000
     4.965804211     3.255467706     1.000000000
     4.978635044     3.256876302     1.000000000
     4.991465877     3.258515547     1.000000000
     5.004296711     3.260267623     1.000000000
     5.017127544     3.261999176     1.000000000
     5.029958378     3.263565991     1.000000000
     5.042789211     3.264817604     1.000000000
     5.055620045     3.265601844     1.000000000
     5.068450878     3.265769368     1.000000000
     5.081281712     3.265178263     1.000000000
     5.094112545     3.263698707     1.000000000
     5.106943379     3.261217551     1.000000000
     5.119774212     3.257642501     1.000000000
     5.132605046     3.252905409     1.000000000
     5.145435879     3.246964107     1.000000000
     5.158266713     3.239802262     1.000000000
     5.171097546     3.231426998     1.000000000
     5.183928380     3.221864396     1.000000000
     5.196759213     3.211153443     1.000000000
     5.209590047     3.199339368     1.000000000
     5.222420880     3.186467444     1.000000000
     5.235251713     3.172578249     1.000000000
     5.248082547     3.157705050     1.000000000
     5.260913380     3.141873550     1.000000000
     5.273744214     3.125103787     1.000000000
     5.286575047     3.107413664     1.000000000
     5.299405881     3.088823417     1.000000000
     5.312236714     3.069360316     1.000000000
     5.325067548     3.049063007     1.000000000
     5.337898381     3.027985096     1.000000000
     5.350729215     3.006197751     1.000000000
     5.363560048     2.983791296     1.000000000
     5.376390882     2.960875895     1.000000000
     5.389221715     2.937581539     1.000000000
     5.402052549     2.914057603     1.000000000
     5.414883382     2.890472298     1.000000000
     5.427714216     2.867012446     1.000000000
     5.440545049     2.843884125     1.000000000
     5.453375882     2.821314973     1.000000000
     5.466206716     2.799559430     1.000000000
     5.479037549     2.778908942     1.000000000
     5.491868383     2.759710301     1.000000000
     5.504699216     2.742396307     1.000000000
     5.517530050     2.727530886     1.000000000
     5.530360883     2.715854990     1.000000000
     5.543191717     2.708268770     1.000000000
     5.556022550     2.705618030     1.000000000
  
     0.000000000     3.686731308     1.000000000
     0.012322526     3.687513889     1.000000000
     0.024645053     3.689840536     1.000000000
     0.036967579     3.693646664     1.000000000
     0.049290105     3.698819857     1.000000000
     0.061612632     3.705190994     1.000000000
     0.073935158     3.712518071     1.000000000
     0.086257684     3.720458568     1.000000000
     0.098580211     3.728527238     1.000000000
     0.110902737     3.736048313     1.000000000
     0.123225264     3.742153527     1.000000000
     0.135547790     3.745939110     1.000000000
     0.147870316     3.746815460     1.000000000
     0.160192843     3.744756878     1.000000000
     0.172515369     3.740157379     1.000000000
     0.184837895     3.733510868     1.000000000
     0.197160422     3.725226250     1.000000000
     0.209482948     3.715593148     1.000000000
     0.221805474     3.704805885     1.000000000
     0.234128001     3.692993842     1.000000000
     0.246450527     3.680244352     1.000000000
     0.258773053     3.666617801     1.000000000
     0.271095580     3.652157224     1.000000000
     0.283418106     3.636894415     1.000000000
     0.295740632     3.620853915     1.000000000
     0.308063159     3.604055763     1.000000000
     0.320385685     3.586517619     1.000000000
     0.332708212     3.568256966     1.000000000
     0.345030738     3.549295072     1.000000000
     0.357353264     3.529671809     1.000000000
     0.369675791     3.509595712     1.000000000
     0.381998317     3.527857804     1.000000000
     0.394320843     3.521372860     1.000000000
     0.406643370     3.487836974     1.000000000
     0.418965896     3.453858135     1.000000000
     0.431288422     3.419531651     1.000000000
     0.443610949     3.384973359     1.000000000
     0.455933475     3.350327016     1.000000000
     0.468256001     3.324081425     1.000000000
     0.480578528     3.298844530     1.000000000
     0.492901054     3.273391916     1.000000000
     0.505223581     3.247868944     1.000000000
     0.517546107     3.222468312     1.000000000
     0.529868633     3.197447865     1.000000000
     0.542191160     3.173154901     1.000000000
     0.554513686     3.150057985     1.000000000
     0.566836212     3.128784778     1.000000000
     0.579158739     3.110157319     1.000000000
     0.591481265     3.095201199     1.000000000
     0.603803791     3.085083610     1.000000000
     0.603803791     3.085083610     1.000000000
     0.616634625     3.085629145     1.000000000
     0.629465458     3.087265724     1.000000000
     0.642296292     3.089993158     1.000000000
     0.655127125     3.093810674     1.000000000
     0.667957959     3.098716283     1.000000000
     0.680788792     3.104705980     1.000000000
     0.693619626     3.111772862     1.000000000
     0.706450459     3.119906243     1.000000000
     0.719281293     3.129090843     1.000000000
     0.732112126     3.139306109     1.000000000
     0.744942960     3.150525715     1.000000000
     0.757773793     3.162717261     1.000000000
     0.770604626     3.175842170     1.000000000
     0.783435460     3.189855762     1.000000000
     0.796266293     3.204707484     1.000000000
     0.809097127     3.220341245     1.000000000
     0.821927960     3.236695827     1.000000000
     0.834758794     3.253705316     1.000000000
     0.847589627     3.271299534     1.000000000
     0.860420461     3.289404420     1.000000000
     0.873251294     3.307942339     1.000000000
     0.886082128     3.326832296     1.000000000
     0.898912961     3.345990015     1.000000000
     0.911743795     3.365327857     1.000000000
     0.924574628     3.384754556     1.000000000
     0.937405462     3.404174699     1.000000000
     0.950236295     3.423487913     1.000000000
     0.963067129     3.442587668     1.000000000
     0.975897962     3.461359604     1.000000000
     0.988728796     3.479679259     1.000000000
     1.001559629     3.497409092     1.000000000
     1.014390462     3.514394844     1.000000000
     1.027221296     3.530461520     1.000000000
     1.040052129     3.545410082     1.000000000
     1.052882963     3.559017511     1.000000000
     1.065713796     3.571045360     1.000000000
     1.078544630     3.581264364     1.000000000
     1.091375463     3.589500618     1.000000000
     1.104206297     3.595696050     1.000000000
     1.117037130     3.599954588     1.000000000
     1.129867964     3.602539107     1.000000000
     1.142698797     3.603813747     1.000000000
     1.155529631     3.604165389     1.000000000
     1.168360464     3.603943179     1.000000000
     1.181191298     3.603430090     1.000000000
     1.194022131     3.602838928     1.000000000
     1.206852965     3.602320075     1.000000000
     1.219683798     3.601971983     1.000000000
     1.232514631     3.601850009     1.000000000
     1.232514631     3.601850009     1.000000000
     1.244837158     3.602273659     1.000000000
     1.257159684     3.599975796     1.000000000
     1.269482211     3.596071410     1.000000000
     1.281804737     3.591158055     1.000000000
     1.294127263     3.585551040     1.000000000
     1.306449790     3.579416180     1.000000000
     1.318772316     3.572838507     1.000000000
     1.331094842     3.565858150     1.000000000
     1.343417369     3.558489777     1.000000000
     1.355739895     3.550733621     1.000000000
     1.368062421     3.542582019     1.000000000
     1.380384948     3.534023447     1.000000000
     1.392707474     3.525045125     1.000000000
     1.405030000     3.515634741     1.000000000
     1.417352527     3.505781643     1.000000000
     1.429675053     3.495477691     1.000000000
     1.441997580     3.484717889     1.000000000
     1.454320106     3.473500899     1.000000000
     1.466642632     3.461829511     1.000000000
     1.478965159     3.449711121     1.000000000
     1.491287685     3.437158330     1.000000000
     1.503610211     3.424189744     1.000000000
     1.515932738     3.410831146     1.000000000
     1.528255264     3.397117257     1.000000000
     1.540577790     3.383094440     1.000000000
     1.552900317     3.368824930     1.000000000
     1.565222843     3.354393540     1.000000000
     1.577545369     3.339918464     1.000000000
     1.589867896     3.325568793     1.000000000
     1.602190422     3.311592235     1.000000000
     1.614512948     3.298353789     1.000000000
     1.626835475     3.286366169     1.000000000
     1.639158001     3.276228671     1.000000000
     1.651480528     3.268335577     1.000000000
     1.663803054     3.262483312     1.000000000
     1.676125580     3.257930182     1.000000000
     1.688448107     3.253902277     1.000000000
     1.700770633     3.249917285     1.000000000
     1.713093159     3.245787433     1.000000000
     1.725415686     3.241514602     1.000000000
     1.737738212     3.237198563     1.000000000
     1.750060738     3.232978662     1.000000000
     1.762383265     3.229000986     1.000000000
     1.774705791     3.225401341     1.000000000
     1.787028317     3.222297256     1.000000000
     1.799350844     3.219784874     1.000000000
     1.811673370     3.217938230     1.000000000
     1.823995896     3.216809567     1.000000000
     1.836318423     3.216429917     1.000000000
     1.836318423     3.216429917     1.000000000
     1.849149256     3.218858444     1.000000000
     1.861980090     3.225937747     1.000000000
     1.874810923     3.237114452     1.000000000
     1.887641757     3.251641462     1.000000000
     1.900472590     3.268734638     1.000000000
     1.913303424     3.287677508     1.000000000
     1.926134257     3.307867403     1.000000000
     1.938965091     3.328821768     1.000000000
     1.951795924     3.350165145     1.000000000
     1.964626758     3.371610126     1.000000000
     1.977457591     3.392938794     1.000000000
     1.990288424     3.413987028     1.000000000
     2.003119258     3.434632045     1.000000000
     2.015950091     3.454782813     1.000000000
     2.028780925     3.474372754     1.000000000
     2.041611758     3.493354200     1.000000000
     2.054442592     3.511694150     1.000000000
     2.067273425     3.529370992     1.000000000
     2.080104259     3.546371945     1.000000000
     2.092935092     3.562691032     1.000000000
     2.105765926     3.578327458     1.000000000
     2.118596759     3.593284299     1.000000000
     2.131427593     3.607567436     1.000000000
     2.144258426     3.621184691     1.000000000
     2.157089260     3.634145129     1.000000000
     2.169920093     3.646458516     1.000000000
     2.182750927     3.658134937     1.000000000
     2.195581760     3.669184584     1.000000000
     2.208412594     3.679617752     1.000000000
     2.221243427     3.684222655     1.000000000
     2.234074260     3.687007499     1.000000000
     2.246905094     3.689771458     1.000000000
     2.259735927     3.692289803     1.000000000
     2.272566761     3.694409236     1.000000000
     2.285397594     3.696033491     1.000000000
     2.298228428     3.697113563     1.000000000
     2.311059261     3.697640551     1.000000000
     2.323890095     3.697639702     1.000000000
     2.336720928     3.697164799     1.000000000
     2.349551762     3.696292401     1.000000000
     2.362382595     3.695115800     1.000000000
     2.375213429     3.693738764     1.000000000
     2.388044262     3.692269299     1.000000000
     2.400875096     3.690813716     1.000000000
     2.413705929     3.689471226     1.000000000
     2.426536763     3.688329295     1.000000000
     2.439367596     3.687459820     1.000000000
     2.452198429     3.686916207     1.000000000
     2.465029263     3.686731308     1.000000000
     2.465029263     3.776887814     1.000000000
     2.477804039     3.775987662     1.000000000
     2.490578815     3.773299556     1.000000000
     2.503353591     3.768859610     1.000000000
     2.516128367     3.762725017     1.000000000
     2.528903143     3.754970043     1.000000000
     2.541677919     3.745681254     1.000000000
     2.554452695     3.734952564     1.000000000
     2.567227471     3.722880613     1.000000000
     2.580002247     3.709560818     1.000000000
     2.592777023     3.695084287     1.000000000
     2.605551799     3.679535634     1.000000000
     2.618326575     3.662991615     1.000000000
     2.631101351     3.645520471     1.000000000
     2.643876127     3.627181818     1.000000000
     2.656650903     3.608026944     1.000000000
     2.669425679     3.588099378     1.000000000
     2.682200455     3.567435620     1.000000000
     2.694975231     3.546065969     1.000000000
     2.707750007     3.524015367     1.000000000
     2.720524783     3.501304228     1.000000000
     2.733299559     3.477949228     1.000000000
     2.746074335     3.453964029     1.000000000
     2.758849111     3.429359931     1.000000000
     2.771623887     3.404146453     1.000000000
     2.784398663     3.378331825     1.000000000
     2.797173439     3.351923418     1.000000000
     2.809948215     3.324928086     1.000000000
     2.822722991     3.317499433     1.000000000
     2.835497767     3.378353264     1.000000000
     2.848272543     3.383403444     1.000000000
     2.861047319     3.364693040     1.000000000
     2.873822095     3.339159973     1.000000000
     2.886596871     3.310638171     1.000000000
     2.899371647     3.280258634     1.000000000
     2.912146423     3.248466282     1.000000000
     2.924921199     3.215476359     1.000000000
     2.937695975     3.181410725     1.000000000
     2.950470751     3.146347658     1.000000000
     2.963245527     3.110342879     1.000000000
     2.976020303     3.073439448     1.000000000
     2.988795079     3.035672809     1.000000000
     3.001569855     2.997073538     1.000000000
     3.014344631     2.957668918     1.000000000
     3.027119407     2.917483877     1.000000000
     3.039894183     2.876541571     1.000000000
     3.052668959     2.834863746     1.000000000
     3.065443735     2.792470984     1.000000000
     3.078218511     2.749382855     1.000000000
     3.090993287     2.705618034     1.000000000
     3.090993287     2.705618034     1.000000000
     3.103315814     2.706559227     1.000000000
     3.115638340     2.709368967     1.000000000
     3.127960866     2.714006163     1.000000000
     3.140283393     2.720403788     1.000000000
     3.152605919     2.728470959     1.000000000
     3.164928445     2.738095710     1.000000000
     3.177250972     2.749148285     1.000000000
     3.189573498     2.761484804     1.000000000
     3.201896024     2.774951136     1.000000000
     3.214218551     2.789386799     1.000000000
     3.226541077     2.804628751     1.000000000
     3.238863604     2.820514937     1.000000000
     3.251186130     2.836887491     1.000000000
     3.263508656     2.853595516     1.000000000
     3.275831183     2.870497406     1.000000000
     3.288153709     2.887462665     1.000000000
     3.300476235     2.904373256     1.000000000
     3.312798762     2.921124467     1.000000000
     3.325121288     2.937625354     1.000000000
     3.337443814     2.953798784     1.000000000
     3.349766341     2.969581146     1.000000000
     3.362088867     2.984921773     1.000000000
     3.374411393     2.999782136     1.000000000
     3.386733920     3.014134861     1.000000000
     3.399056446     3.027962621     1.000000000
     3.411378972     3.041505010     1.000000000
     3.423701499     3.063507233     1.000000000
     3.436024025     3.084529608     1.000000000
     3.448346552     3.104434713     1.000000000
     3.460669078     3.123100643     1.000000000
     3.472991604     3.140424544     1.000000000
     3.485314131     3.156325563     1.000000000
     3.497636657     3.170746919     1.000000000
     3.509959183     3.183656833     1.000000000
     3.522281710     3.195048218     1.000000000
     3.534604236     3.204937161     1.000000000
     3.546926762     3.213360378     1.000000000
     3.559249289     3.220371928     1.000000000
     3.571571815     3.226039517     1.000000000
     3.583894341     3.230440720     1.000000000
     3.596216868     3.233659382     1.000000000
     3.608539394     3.235782392     1.000000000
     3.620861921     3.236896945     1.000000000
     3.633184447     3.237088327     1.000000000
     3.645506973     3.236438206     1.000000000
     3.657829500     3.235023383     1.000000000
     3.670152026     3.232914932     1.000000000
     3.682474552     3.230177658     1.000000000
     3.694797079     3.226869944     1.000000000
     3.694797079     3.226869944     1.000000000
     3.707627912     3.230031162     1.000000000
     3.720458746     3.233121098     1.000000000
     3.733289579     3.236129068     1.000000000
     3.746120413     3.239044881     1.000000000
     3.758951246     3.241858869     1.000000000
     3.771782079     3.244561969     1.000000000
     3.784612913     3.247145776     1.000000000
     3.797443746     3.249602579     1.000000000
     3.810274580     3.251925372     1.000000000
     3.823105413     3.254107838     1.000000000
     3.835936247     3.256144318     1.000000000
     3.848767080     3.258029747     1.000000000
     3.861597914     3.259759568     1.000000000
     3.874428747     3.261329626     1.000000000
     3.887259581     3.262736032     1.000000000
     3.900090414     3.263975002     1.000000000
     3.912921248     3.265042666     1.000000000
     3.925752081     3.265934846     1.000000000
     3.938582915     3.266646793     1.000000000
     3.951413748     3.267172887     1.000000000
     3.964244582     3.267506272     1.000000000
     3.977075415     3.267638450     1.000000000
     3.989906249     3.267558788     1.000000000
     4.002737082     3.267253951     1.000000000
     4.015567915     3.266707259     1.000000000
     4.028398749     3.265897949     1.000000000
     4.041229582     3.264800378     1.000000000
     4.054060416     3.263383217     1.000000000
     4.066891249     3.261608723     1.000000000
     4.079722083     3.259432270     1.000000000
     4.092552916     3.256802441     1.000000000
     4.105383750     3.253662110     1.000000000
     4.118214583     3.249951088     1.000000000
     4.131045417     3.245610970     1.000000000
     4.143876250     3.240592635     1.000000000
     4.156707084     3.234866209     1.000000000
     4.169537917     3.228432277     1.000000000
     4.182368751     3.221331790     1.000000000
     4.195199584     3.213651424     1.000000000
     4.208030418     3.205521789     1.000000000
     4.220861251     3.197108031     1.000000000
     4.233692084     3.188594995     1.000000000
     4.246522918     3.180170702     1.000000000
     4.259353751     3.172011699     1.000000000
     4.272184585     3.164272407     1.000000000
     4.285015418     3.157078941     1.000000000
     4.297846252     3.150526773     1.000000000
     4.310677085     3.144681154     1.000000000
     4.323507919     3.139579374     1.000000000
     4.323507919     3.139579374     1.000000000
     4.335830445     3.139563218     1.000000000
     4.348152971     3.139209703     1.000000000
     4.360475498     3.138827858     1.000000000
     4.372798024     3.138665077     1.000000000
     4.385120551     3.138682533     1.000000000
     4.397443077     3.138935981     1.000000000
     4.409765603     3.139465378     1.000000000
     4.422088130     3.140296850     1.000000000
     4.434410656     3.141444785     1.000000000
     4.446733182     3.142913849     1.000000000
     4.459055709     3.144700818     1.000000000
     4.471378235     3.146796191     1.000000000
     4.483700761     3.149185566     1.000000000
     4.496023288     3.151850812     1.000000000
     4.508345814     3.154771032     1.000000000
     4.520668340     3.157923364     1.000000000
     4.532990867     3.161283631     1.000000000
     4.545313393     3.164826868     1.000000000
     4.557635920     3.168527743     1.000000000
     4.569958446     3.172360890     1.000000000
     4.582280972     3.176301179     1.000000000
     4.594603499     3.180323913     1.000000000
     4.606926025     3.184404995     1.000000000
     4.619248551     3.188521044     1.000000000
     4.631571078     3.192649486     1.000000000
     4.643893604     3.196768624     1.000000000
     4.656216130     3.200857685     1.000000000
     4.668538657     3.204896855     1.000000000
     4.680861183     3.208867298     1.000000000
     4.693183709     3.212751176     1.000000000
     4.705506236     3.216531649     1.000000000
     4.717828762     3.220192883     1.000000000
     4.730151288     3.223720039     1.000000000
     4.742473815     3.227099273     1.000000000
     4.754796341     3.230317719     1.000000000
     4.767118868     3.233363483     1.000000000
     4.779441394     3.236225619     1.000000000
     4.791763920     3.238894118     1.000000000
     4.804086447     3.241359885     1.000000000
     4.816408973     3.243614720     1.000000000
     4.828731499     3.245651294     1.000000000
     4.841054026     3.247463128     1.000000000
     4.853376552     3.249044569     1.000000000
     4.865699078     3.250390772     1.000000000
     4.878021605     3.251497676     1.000000000
     4.890344131     3.252361984     1.000000000
     4.902666657     3.252981153     1.000000000
     4.914989184     3.253353374     1.000000000
     4.927311710     3.253477566     1.000000000
     4.927311710     3.253477566     1.000000000
     4.940142544     3.253708905     1.000000000
     4.952973377     3.254387470     1.000000000
     4.965804211     3.255467723     1.000000000
     4.978635044     3.256876318     1.000000000
     4.991465877     3.258515562     1.000000000
     5.004296711     3.260267637     1.000000000
     5.017127544     3.261999191     1.000000000
     5.029958378     3.263566008     1.000000000
     5.042789211     3.264817622     1.000000000
     5.055620045     3.265601864     1.000000000
     5.068450878     3.265769391     1.000000000
     5.081281712     3.265178288     1.000000000
     5.094112545     3.263698733     1.000000000
     5.106943379     3.261217579     1.000000000
     5.119774212     3.257642530     1.000000000
     5.132605046     3.252905440     1.000000000
     5.145435879     3.246964138     1.000000000
     5.158266713     3.239802294     1.000000000
     5.171097546     3.231427031     1.000000000
     5.183928380     3.221864428     1.000000000
     5.196759213     3.211153475     1.000000000
     5.209590047     3.199339400     1.000000000
     5.222420880     3.186467476     1.000000000
     5.235251713     3.172578280     1.000000000
     5.248082547     3.157705081     1.000000000
     5.260913380     3.141873581     1.000000000
     5.273744214     3.125103817     1.000000000
     5.286575047     3.107413693     1.000000000
     5.299405881     3.088823445     1.000000000
     5.312236714     3.069360343     1.000000000
     5.325067548     3.049063033     1.000000000
     5.337898381     3.027985120     1.000000000
     5.350729215     3.006197775     1.000000000
     5.363560048     2.983791318     1.000000000
     5.376390882     2.960875915     1.000000000
     5.389221715     2.937581558     1.000000000
     5.402052549     2.914057620     1.000000000
     5.414883382     2.890472312     1.000000000
     5.427714216     2.867012459     1.000000000
     5.440545049     2.843884137     1.000000000
     5.453375882     2.821314982     1.000000000
     5.466206716     2.799559437     1.000000000
     5.479037549     2.778908949     1.000000000
     5.491868383     2.759710306     1.000000000
     5.504699216     2.742396310     1.000000000
     5.517530050     2.727530889     1.000000000
     5.530360883     2.715854993     1.000000000
     5.543191717     2.708268773     1.000000000
     5.556022550     2.705618034     1.000000000
  
     0.000000000     3.776887814     1.000000000
     0.012322526     3.777904201     1.000000000
     0.024645053     3.780943201     1.000000000
     0.036967579     3.785973887     1.000000000
     0.049290105     3.792943166     1.000000000
     0.061612632     3.801773159     1.000000000
     0.073935158     3.812356858     1.000000000
     0.086257684     3.824551128     1.000000000
     0.098580211     3.831560667     1.000000000
     0.110902737     3.831147076     1.000000000
     0.123225264     3.832441172     1.000000000
     0.135547790     3.836202257     1.000000000
     0.147870316     3.842877822     1.000000000
     0.160192843     3.852357829     1.000000000
     0.172515369     3.864122789     1.000000000
     0.184837895     3.877567263     1.000000000
     0.197160422     3.892188191     1.000000000
     0.209482948     3.907622355     1.000000000
     0.221805474     3.903143943     1.000000000
     0.234128001     3.885105969     1.000000000
     0.246450527     3.864454460     1.000000000
     0.258773053     3.841850941     1.000000000
     0.271095580     3.817693253     1.000000000
     0.283418106     3.792228547     1.000000000
     0.295740632     3.765618661     1.000000000
     0.308063159     3.737976502     1.000000000
     0.320385685     3.709386586     1.000000000
     0.332708212     3.679917069     1.000000000
     0.345030738     3.649627135     1.000000000
     0.357353264     3.618571870     1.000000000
     0.369675791     3.586805764     1.000000000
     0.381998317     3.554385554     1.000000000
     0.394320843     3.601179764     1.000000000
     0.406643370     3.667302125     1.000000000
     0.418965896     3.725356660     1.000000000
     0.431288422     3.775330483     1.000000000
     0.443610949     3.817745746     1.000000000
     0.455933475     3.853498865     1.000000000
     0.468256001     3.883646238     1.000000000
     0.480578528     3.909223581     1.000000000
     0.492901054     3.931142626     1.000000000
     0.505223581     3.950156242     1.000000000
     0.517546107     3.966864046     1.000000000
     0.529868633     3.981734915     1.000000000
     0.542191160     3.995132854     1.000000000
     0.554513686     4.007340257     1.000000000
     0.566836212     4.018576840     1.000000000
     0.579158739     4.029014270     1.000000000
     0.591481265     4.038787232     1.000000000
     0.603803791     4.048001558     1.000000000
     0.603803791     4.048001558     1.000000000
     0.616634625     4.047699470     1.000000000
     0.629465458     4.046791662     1.000000000
     0.642296292     4.045273615     1.000000000
     0.655127125     4.043138168     1.000000000
     0.667957959     4.040376056     1.000000000
     0.680788792     4.036976618     1.000000000
     0.693619626     4.032928655     1.000000000
     0.706450459     4.028221386     1.000000000
     0.719281293     4.022845460     1.000000000
     0.732112126     4.016793988     1.000000000
     0.744942960     4.010063546     1.000000000
     0.757773793     4.002655114     1.000000000
     0.770604626     3.994574921     1.000000000
     0.783435460     3.985835174     1.000000000
     0.796266293     3.976454640     1.000000000
     0.809097127     3.966459093     1.000000000
     0.821927960     3.955881605     1.000000000
     0.834758794     3.944762695     1.000000000
     0.847589627     3.933150336     1.000000000
     0.860420461     3.921099848     1.000000000
     0.873251294     3.908673687     1.000000000
     0.886082128     3.895941165     1.000000000
     0.898912961     3.882978121     1.000000000
     0.911743795     3.869866600     1.000000000
     0.924574628     3.856694577     1.000000000
     0.937405462     3.843555790     1.000000000
     0.950236295     3.830549776     1.000000000
     0.963067129     3.817782194     1.000000000
     0.975897962     3.805365572     1.000000000
     0.988728796     3.793420616     1.000000000
     1.001559629     3.782078217     1.000000000
     1.014390462     3.771482171     1.000000000
     1.027221296     3.761792355     1.000000000
     1.040052129     3.753187300     1.000000000
     1.052882963     3.745863577     1.000000000
     1.065713796     3.740026897     1.000000000
     1.078544630     3.735867423     1.000000000
     1.091375463     3.733513810     1.000000000
     1.104206297     3.732973285     1.000000000
     1.117037130     3.734086381     1.000000000
     1.129867964     3.736531238     1.000000000
     1.142698797     3.739882858     1.000000000
     1.155529631     3.743693480     1.000000000
     1.168360464     3.747555108     1.000000000
     1.181191298     3.751130110     1.000000000
     1.194022131     3.754157353     1.000000000
     1.206852965     3.756446465     1.000000000
     1.219683798     3.757869074     1.000000000
     1.232514631     3.758351307     1.000000000
     1.232514631     3.758351307     1.000000000
     1.244837158     3.732604404     1.000000000
     1.257159684     3.714098737     1.000000000
     1.269482211     3.704001875     1.000000000
     1.281804737     3.700951901     1.000000000
     1.294127263     3.702634666     1.000000000
     1.306449790     3.707319424     1.000000000
     1.318772316     3.714010240     1.000000000
     1.331094842     3.722171386     1.000000000
     1.343417369     3.731514371     1.000000000
     1.355739895     3.741881048     1.000000000
     1.368062421     3.753183147     1.000000000
     1.380384948     3.765370468     1.000000000
     1.392707474     3.778413440     1.000000000
     1.405030000     3.792293127     1.000000000
     1.417352527     3.806995218     1.000000000
     1.429675053     3.822506273     1.000000000
     1.441997580     3.838811268     1.000000000
     1.454320106     3.855891968     1.000000000
     1.466642632     3.873725793     1.000000000
     1.478965159     3.892285041     1.000000000
     1.491287685     3.911536334     1.000000000
     1.503610211     3.918620326     1.000000000
     1.515932738     3.889572702     1.000000000
     1.528255264     3.860815302     1.000000000
     1.540577790     3.832715582     1.000000000
     1.552900317     3.805607067     1.000000000
     1.565222843     3.779798459     1.000000000
     1.577545369     3.755578485     1.000000000
     1.589867896     3.733216261     1.000000000
     1.602190422     3.712956807     1.000000000
     1.614512948     3.695011467     1.000000000
     1.626835475     3.679543658     1.000000000
     1.639158001     3.666651759     1.000000000
     1.651480528     3.656352748     1.000000000
     1.663803054     3.648571513     1.000000000
     1.676125580     3.643140434     1.000000000
     1.688448107     3.639811108     1.000000000
     1.700770633     3.638276198     1.000000000
     1.713093159     3.638196206     1.000000000
     1.725415686     3.639225350     1.000000000
     1.737738212     3.641032350     1.000000000
     1.750060738     3.643314495     1.000000000
     1.762383265     3.645805464     1.000000000
     1.774705791     3.648278416     1.000000000
     1.787028317     3.650546075     1.000000000
     1.799350844     3.652459229     1.000000000
     1.811673370     3.653904663     1.000000000
     1.823995896     3.654803143     1.000000000
     1.836318423     3.655107804     1.000000000
     1.836318423     3.655107804     1.000000000
     1.849149256     3.655256367     1.000000000
     1.861980090     3.655700411     1.000000000
     1.874810923     3.656435068     1.000000000
     1.887641757     3.657452366     1.000000000
     1.900472590     3.658741425     1.000000000
     1.913303424     3.660288741     1.000000000
     1.926134257     3.662078539     1.000000000
     1.938965091     3.664093192     1.000000000
     1.951795924     3.666313701     1.000000000
     1.964626758     3.668720227     1.000000000
     1.977457591     3.671292657     1.000000000
     1.990288424     3.674011196     1.000000000
     2.003119258     3.676856968     1.000000000
     2.015950091     3.679812600     1.000000000
     2.028780925     3.682862778     1.000000000
     2.041611758     3.685994757     1.000000000
     2.054442592     3.689198796     1.000000000
     2.067273425     3.692468506     1.000000000
     2.080104259     3.695801099     1.000000000
     2.092935092     3.699197526     1.000000000
     2.105765926     3.702662484     1.000000000
     2.118596759     3.706204310     1.000000000
     2.131427593     3.709834741     1.000000000
     2.144258426     3.697229378     1.000000000
     2.157089260     3.686788921     1.000000000
     2.169920093     3.681469976     1.000000000
     2.182750927     3.679610336     1.000000000
     2.195581760     3.679989969     1.000000000
     2.208412594     3.681735071     1.000000000
     2.221243427     3.689445075     1.000000000
     2.234074260     3.698677994     1.000000000
     2.246905094     3.707329361     1.000000000
     2.259735927     3.715413946     1.000000000
     2.272566761     3.722948464     1.000000000
     2.285397594     3.729950816     1.000000000
     2.298228428     3.736438529     1.000000000
     2.311059261     3.742426886     1.000000000
     2.323890095     3.747927456     1.000000000
     2.336720928     3.752947583     1.000000000
     2.349551762     3.757490871     1.000000000
     2.362382595     3.761558274     1.000000000
     2.375213429     3.765149298     1.000000000
     2.388044262     3.768262937     1.000000000
     2.400875096     3.770898258     1.000000000
     2.413705929     3.773054634     1.000000000
     2.426536763     3.774731773     1.000000000
     2.439367596     3.775929629     1.000000000
     2.452198429     3.776648278     1.000000000
     2.465029263     3.776887814     1.000000000
     2.465029263     3.797889976     1.000000000
     2.477804039     3.797582048     1.000000000
     2.490578815     3.796654454     1.000000000
     2.503353591     3.795095928     1.000000000
     2.516128367     3.792888215     1.000000000
     2.528903143     3.790006828     1.000000000
     2.541677919     3.786422027     1.000000000
     2.554452695     3.782099978     1.000000000
     2.567227471     3.777004011     1.000000000
     2.580002247     3.771095918     1.000000000
     2.592777023     3.764337225     1.000000000
     2.605551799     3.756690390     1.000000000
     2.618326575     3.748119881     1.000000000
     2.631101351     3.738593125     1.000000000
     2.643876127     3.728081316     1.000000000
     2.656650903     3.716560107     1.000000000
     2.669425679     3.704010225     1.000000000
     2.682200455     3.690418084     1.000000000
     2.694975231     3.675776510     1.000000000
     2.707750007     3.660085783     1.000000000
     2.720524783     3.643355343     1.000000000
     2.733299559     3.625606836     1.000000000
     2.746074335     3.606879917     1.000000000
     2.758849111     3.587244019     1.000000000
     2.771623887     3.566824309     1.000000000
     2.784398663     3.545865611     1.000000000
     2.797173439     3.524916232     1.000000000
     2.809948215     3.505486497     1.000000000
     2.822722991     3.493199388     1.000000000
     2.835497767     3.511869525     1.000000000
     2.848272543     3.584133117     1.000000000
     2.861047319     3.677943667     1.000000000
     2.873822095     3.776360484     1.000000000
     2.886596871     3.875547154     1.000000000
     2.899371647     3.974370081     1.000000000
     2.912146423     4.015941709     1.000000000
     2.924921199     4.006618518     1.000000000
     2.937695975     3.997928012     1.000000000
     2.950470751     3.989922337     1.000000000
     2.963245527     3.982647174     1.000000000
     2.976020303     3.976141246     1.000000000
     2.988795079     3.970435955     1.000000000
     3.001569855     3.965555129     1.000000000
     3.014344631     3.961514907     1.000000000
     3.027119407     3.958323749     1.000000000
     3.039894183     3.955982574     1.000000000
     3.052668959     3.954485024     1.000000000
     3.065443735     3.953817834     1.000000000
     3.078218511     3.953961310     1.000000000
     3.090993287     3.954889865     1.000000000
     3.090993287     3.954889865     1.000000000
     3.103315814     3.954878452     1.000000000
     3.115638340     3.954845263     1.000000000
     3.127960866     3.954793497     1.000000000
     3.140283393     3.954728551     1.000000000
     3.152605919     3.954658126     1.000000000
     3.164928445     3.954592371     1.000000000
     3.177250972     3.954544059     1.000000000
     3.189573498     3.954528823     1.000000000
     3.201896024     3.954565411     1.000000000
     3.214218551     3.954675996     1.000000000
     3.226541077     3.954886519     1.000000000
     3.238863604     3.955227059     1.000000000
     3.251186130     3.955732247     1.000000000
     3.263508656     3.956441684     1.000000000
     3.275831183     3.957400382     1.000000000
     3.288153709     3.958659195     1.000000000
     3.300476235     3.960275217     1.000000000
     3.312798762     3.962312127     1.000000000
     3.325121288     3.964840432     1.000000000
     3.337443814     3.967937556     1.000000000
     3.349766341     3.971687723     1.000000000
     3.362088867     3.976181549     1.000000000
     3.374411393     3.981515265     1.000000000
     3.386733920     3.987789493     1.000000000
     3.399056446     3.995107501     1.000000000
     3.411378972     4.003572895     1.000000000
     3.423701499     4.013286737     1.000000000
     3.436024025     4.024344185     1.000000000
     3.448346552     4.036830765     1.000000000
     3.460669078     4.050818550     1.000000000
     3.472991604     4.066362526     1.000000000
     3.485314131     4.083497493     1.000000000
     3.497636657     4.102235832     1.000000000
     3.509959183     4.122566369     1.000000000
     3.522281710     4.144454462     1.000000000
     3.534604236     4.167843276     1.000000000
     3.546926762     4.192656053     1.000000000
     3.559249289     4.218799117     1.000000000
     3.571571815     4.246165262     1.000000000
     3.583894341     4.274637216     1.000000000
     3.596216868     4.304090903     1.000000000
     3.608539394     4.334398326     1.000000000
     3.620861921     4.365429949     1.000000000
     3.633184447     4.397056536     1.000000000
     3.645506973     4.429150490     1.000000000
     3.657829500     4.461586707     1.000000000
     3.670152026     4.494243040     1.000000000
     3.682474552     4.527000442     1.000000000
     3.694797079     4.559742862     1.000000000
     3.694797079     4.559742862     1.000000000
     3.707627912     4.556512527     1.000000000
     3.720458746     4.549799275     1.000000000
     3.733289579     4.539607475     1.000000000
     3.746120413     4.526007212     1.000000000
     3.758951246     4.509129399     1.000000000
     3.771782079     4.489156147     1.000000000
     3.784612913     4.466308342     1.000000000
     3.797443746     4.440832518     1.000000000
     3.810274580     4.412988750     1.000000000
     3.823105413     4.383040628     1.000000000
     3.835936247     4.351247734     1.000000000
     3.848767080     4.317860570     1.000000000
     3.861597914     4.283117561     1.000000000
     3.874428747     4.247243685     1.000000000
     3.887259581     4.210450262     1.000000000
     3.900090414     4.172935520     1.000000000
     3.912921248     4.134885636     1.000000000
     3.925752081     4.096476041     1.000000000
     3.938582915     4.057872828     1.000000000
     3.951413748     4.019234202     1.000000000
     3.964244582     3.980711893     1.000000000
     3.977075415     3.942452535     1.000000000
     3.989906249     3.904598989     1.000000000
     4.002737082     3.867291627     1.000000000
     4.015567915     3.830669581     1.000000000
     4.028398749     3.794871954     1.000000000
     4.041229582     3.760039005     1.000000000
     4.054060416     3.726313231     1.000000000
     4.066891249     3.693840290     1.000000000
     4.079722083     3.662769572     1.000000000
     4.092552916     3.633254143     1.000000000
     4.105383750     3.605449622     1.000000000
     4.118214583     3.579511432     1.000000000
     4.131045417     3.555589786     1.000000000
     4.143876250     3.533821987     1.000000000
     4.156707084     3.514322191     1.000000000
     4.169537917     3.497169905     1.000000000
     4.182368751     3.482399748     1.000000000
     4.195199584     3.469995739     1.000000000
     4.208030418     3.459892716     1.000000000
     4.220861251     3.451985360     1.000000000
     4.233692084     3.446142657     1.000000000
     4.246522918     3.442224056     1.000000000
     4.259353751     3.440093779     1.000000000
     4.272184585     3.439631157     1.000000000
     4.285015418     3.440736529     1.000000000
     4.297846252     3.443333354     1.000000000
     4.310677085     3.447367597     1.000000000
     4.323507919     3.452805307     1.000000000
     4.323507919     3.452805307     1.000000000
     4.335830445     3.441999721     1.000000000
     4.348152971     3.433377010     1.000000000
     4.360475498     3.427044283     1.000000000
     4.372798024     3.423084807     1.000000000
     4.385120551     3.421546154     1.000000000
     4.397443077     3.422431515     1.000000000
     4.409765603     3.425696827     1.000000000
     4.422088130     3.431254479     1.000000000
     4.434410656     3.438982191     1.000000000
     4.446733182     3.448734327     1.000000000
     4.459055709     3.460352883     1.000000000
     4.471378235     3.473676311     1.000000000
     4.483700761     3.488545557     1.000000000
     4.496023288     3.504807496     1.000000000
     4.508345814     3.522316412     1.000000000
     4.520668340     3.540934173     1.000000000
     4.532990867     3.560529676     1.000000000
     4.545313393     3.580977967     1.000000000
     4.557635920     3.602159266     1.000000000
     4.569958446     3.623958054     1.000000000
     4.582280972     3.646262281     1.000000000
     4.594603499     3.668962728     1.000000000
     4.606926025     3.691952510     1.000000000
     4.619248551     3.715126717     1.000000000
     4.631571078     3.738382182     1.000000000
     4.643893604     3.761617345     1.000000000
     4.656216130     3.784732210     1.000000000
     4.668538657     3.807628376     1.000000000
     4.680861183     3.830209133     1.000000000
     4.693183709     3.852379609     1.000000000
     4.705506236     3.874046967     1.000000000
     4.717828762     3.895120636     1.000000000
     4.730151288     3.915512579     1.000000000
     4.742473815     3.935137581     1.000000000
     4.754796341     3.953913562     1.000000000
     4.767118868     3.971761895     1.000000000
     4.779441394     3.988607741     1.000000000
     4.791763920     4.004380370     1.000000000
     4.804086447     4.019013485     1.000000000
     4.816408973     4.032445527     1.000000000
     4.828731499     4.044619961     1.000000000
     4.841054026     4.055485536     1.000000000
     4.853376552     4.064996520     1.000000000
     4.865699078     4.073112902     1.000000000
     4.878021605     4.079800557     1.000000000
     4.890344131     4.085031390     1.000000000
     4.902666657     4.088783446     1.000000000
     4.914989184     4.091040988     1.000000000
     4.927311710     4.091794551     1.000000000
     4.927311710     4.091794551     1.000000000
     4.940142544     4.090339985     1.000000000
     4.952973377     4.086025472     1.000000000
     4.965804211     4.078993897     1.000000000
     4.978635044     4.069468880     1.000000000
     4.991465877     4.057736601     1.000000000
     5.004296711     4.044125986     1.000000000
     5.017127544     4.028990325     1.000000000
     5.029958378     4.012692064     1.000000000
     5.042789211     3.995591287     1.000000000
     5.055620045     3.978037455     1.000000000
     5.068450878     3.960363521     1.000000000
     5.081281712     3.942881480     1.000000000
     5.094112545     3.925878593     1.000000000
     5.106943379     3.909613834     1.000000000
     5.119774212     3.894314458     1.000000000
     5.132605046     3.880172919     1.000000000
     5.145435879     3.867344583     1.000000000
     5.158266713     3.855946732     1.000000000
     5.171097546     3.846059268     1.000000000
     5.183928380     3.837727208     1.000000000
     5.196759213     3.830964740     1.000000000
     5.209590047     3.825760277     1.000000000
     5.222420880     3.822081790     1.000000000
     5.235251713     3.819881702     1.000000000
     5.248082547     3.819100828     1.000000000
     5.260913380     3.819671081     1.000000000
     5.273744214     3.821516957     1.000000000
     5.286575047     3.824556009     1.000000000
     5.299405881     3.828698646     1.000000000
     5.312236714     3.833847623     1.000000000
     5.325067548     3.839897546     1.000000000
     5.337898381     3.846734626     1.000000000
     5.350729215     3.854236842     1.000000000
     5.363560048     3.862274565     1.000000000
     5.376390882     3.870711630     1.000000000
     5.389221715     3.879406800     1.000000000
     5.402052549     3.888215549     1.000000000
     5.414883382     3.896992072     1.000000000
     5.427714216     3.905591439     1.000000000
     5.440545049     3.913871817     1.000000000
     5.453375882     3.921696707     1.000000000
     5.466206716     3.928937129     1.000000000
     5.479037549     3.935473708     1.000000000
     5.491868383     3.941198631     1.000000000
     5.504699216     3.946017426     1.000000000
     5.517530050     3.949850533     1.000000000
     5.530360883     3.952634632     1.000000000
     5.543191717     3.954323717     1.000000000
     5.556022550     3.954889865     1.000000000
  
     0.000000000     3.842048854     1.000000000
     0.012322526     3.841815078     1.000000000
     0.024645053     3.841122851     1.000000000
     0.036967579     3.840001094     1.000000000
     0.049290105     3.838503874     1.000000000
     0.061612632     3.836720869     1.000000000
     0.073935158     3.834795737     1.000000000
     0.086257684     3.832956448     1.000000000
     0.098580211     3.838165365     1.000000000
     0.110902737     3.852942660     1.000000000
     0.123225264     3.868527599     1.000000000
     0.135547790     3.884409732     1.000000000
     0.147870316     3.899824601     1.000000000
     0.160192843     3.913595715     1.000000000
     0.172515369     3.923972258     1.000000000
     0.184837895     3.928799048     1.000000000
     0.197160422     3.926551203     1.000000000
     0.209482948     3.917483281     1.000000000
     0.221805474     3.923625413     1.000000000
     0.234128001     3.940044496     1.000000000
     0.246450527     3.956798441     1.000000000
     0.258773053     3.973866304     1.000000000
     0.271095580     3.991282288     1.000000000
     0.283418106     4.009135617     1.000000000
     0.295740632     4.027574687     1.000000000
     0.308063159     4.046815388     1.000000000
     0.320385685     4.067153776     1.000000000
     0.332708212     4.088982958     1.000000000
     0.345030738     4.112812796     1.000000000
     0.357353264     4.139287790     1.000000000
     0.369675791     4.158156276     1.000000000
     0.381998317     4.156165422     1.000000000
     0.394320843     4.153462785     1.000000000
     0.406643370     4.150142144     1.000000000
     0.418965896     4.146282818     1.000000000
     0.431288422     4.141951379     1.000000000
     0.443610949     4.137203255     1.000000000
     0.455933475     4.132084093     1.000000000
     0.468256001     4.126630879     1.000000000
     0.480578528     4.120872808     1.000000000
     0.492901054     4.114831914     1.000000000
     0.505223581     4.108523491     1.000000000
     0.517546107     4.101956298     1.000000000
     0.529868633     4.095132562     1.000000000
     0.542191160     4.088047781     1.000000000
     0.554513686     4.080690291     1.000000000
     0.566836212     4.073040580     1.000000000
     0.579158739     4.065070293     1.000000000
     0.591481265     4.056740848     1.000000000
     0.603803791     4.048001674     1.000000000
     0.603803791     4.048001674     1.000000000
     0.616634625     4.047699581     1.000000000
     0.629465458     4.046791768     1.000000000
     0.642296292     4.045273715     1.000000000
     0.655127125     4.043138263     1.000000000
     0.667957959     4.040376145     1.000000000
     0.680788792     4.036976702     1.000000000
     0.693619626     4.032928735     1.000000000
     0.706450459     4.028221461     1.000000000
     0.719281293     4.022845531     1.000000000
     0.732112126     4.016794055     1.000000000
     0.744942960     4.010063610     1.000000000
     0.757773793     4.002655175     1.000000000
     0.770604626     3.994574981     1.000000000
     0.783435460     3.985835233     1.000000000
     0.796266293     3.976454698     1.000000000
     0.809097127     3.966459152     1.000000000
     0.821927960     3.955881666     1.000000000
     0.834758794     3.944762758     1.000000000
     0.847589627     3.933150401     1.000000000
     0.860420461     3.921099916     1.000000000
     0.873251294     3.908673758     1.000000000
     0.886082128     3.895941240     1.000000000
     0.898912961     3.882978200     1.000000000
     0.911743795     3.869866683     1.000000000
     0.924574628     3.856694663     1.000000000
     0.937405462     3.843555879     1.000000000
     0.950236295     3.830549869     1.000000000
     0.963067129     3.817782289     1.000000000
     0.975897962     3.805365669     1.000000000
     0.988728796     3.793420716     1.000000000
     1.001559629     3.782078317     1.000000000
     1.014390462     3.771482272     1.000000000
     1.027221296     3.761792457     1.000000000
     1.040052129     3.753187401     1.000000000
     1.052882963     3.745863676     1.000000000
     1.065713796     3.740026993     1.000000000
     1.078544630     3.735867514     1.000000000
     1.091375463     3.733513895     1.000000000
     1.104206297     3.732973362     1.000000000
     1.117037130     3.734086449     1.000000000
     1.129867964     3.736531296     1.000000000
     1.142698797     3.739882905     1.000000000
     1.155529631     3.743693519     1.000000000
     1.168360464     3.747555139     1.000000000
     1.181191298     3.751130134     1.000000000
     1.194022131     3.754157372     1.000000000
     1.206852965     3.756446478     1.000000000
     1.219683798     3.757869082     1.000000000
     1.232514631     3.758351312     1.000000000
     1.232514631     3.758351312     1.000000000
     1.244837158     3.788813061     1.000000000
     1.257159684     3.821867560     1.000000000
     1.269482211     3.856131653     1.000000000
     1.281804737     3.890689801     1.000000000
     1.294127263     3.924844091     1.000000000
     1.306449790     3.957963215     1.000000000
     1.318772316     3.989393159     1.000000000
     1.331094842     4.018402489     1.000000000
     1.343417369     4.044155395     1.000000000
     1.355739895     4.065721988     1.000000000
     1.368062421     4.082145220     1.000000000
     1.380384948     4.092577288     1.000000000
     1.392707474     4.096462871     1.000000000
     1.405030000     4.093694449     1.000000000
     1.417352527     4.084650807     1.000000000
     1.429675053     4.070093459     1.000000000
     1.441997580     4.050984756     1.000000000
     1.454320106     4.028318328     1.000000000
     1.466642632     4.003011819     1.000000000
     1.478965159     3.975862419     1.000000000
     1.491287685     3.947543428     1.000000000
     1.503610211     3.931440240     1.000000000
     1.515932738     3.951951007     1.000000000
     1.528255264     3.973016394     1.000000000
     1.540577790     3.994577565     1.000000000
     1.552900317     4.016569033     1.000000000
     1.565222843     4.038918643     1.000000000
     1.577545369     4.061547579     1.000000000
     1.589867896     4.084370388     1.000000000
     1.602190422     4.107295021     1.000000000
     1.614512948     4.130222878     1.000000000
     1.626835475     4.153048876     1.000000000
     1.639158001     4.175661519     1.000000000
     1.651480528     4.197943009     1.000000000
     1.663803054     4.219769396     1.000000000
     1.676125580     4.241010798     1.000000000
     1.688448107     4.261531748     1.000000000
     1.700770633     4.281191695     1.000000000
     1.713093159     4.299845754     1.000000000
     1.725415686     4.317345782     1.000000000
     1.737738212     4.333541882     1.000000000
     1.750060738     4.348284445     1.000000000
     1.762383265     4.361426807     1.000000000
     1.774705791     4.372828581     1.000000000
     1.787028317     4.382359616     1.000000000
     1.799350844     4.389904440     1.000000000
     1.811673370     4.395366885     1.000000000
     1.823995896     4.398674484     1.000000000
     1.836318423     4.399782124     1.000000000
     1.836318423     4.399782124     1.000000000
     1.849149256     4.399795908     1.000000000
     1.861980090     4.399837755     1.000000000
     1.874810923     4.399909157     1.000000000
     1.887641757     4.400012482     1.000000000
     1.900472590     4.400150804     1.000000000
     1.913303424     4.400327670     1.000000000
     1.926134257     4.400546811     1.000000000
     1.938965091     4.400811790     1.000000000
     1.951795924     4.401125624     1.000000000
     1.964626758     4.401490358     1.000000000
     1.977457591     4.401906615     1.000000000
     1.990288424     4.402373139     1.000000000
     2.003119258     4.380867396     1.000000000
     2.015950091     4.295514133     1.000000000
     2.028780925     4.210102574     1.000000000
     2.041611758     4.125691224     1.000000000
     2.054442592     4.043658732     1.000000000
     2.067273425     3.965817153     1.000000000
     2.080104259     3.894451839     1.000000000
     2.092935092     3.832120771     1.000000000
     2.105765926     3.781038141     1.000000000
     2.118596759     3.742198567     1.000000000
     2.131427593     3.714913852     1.000000000
     2.144258426     3.713568551     1.000000000
     2.157089260     3.717423061     1.000000000
     2.169920093     3.721417512     1.000000000
     2.182750927     3.725572301     1.000000000
     2.195581760     3.729908029     1.000000000
     2.208412594     3.734444342     1.000000000
     2.221243427     3.739198510     1.000000000
     2.234074260     3.744183746     1.000000000
     2.246905094     3.749407343     1.000000000
     2.259735927     3.754868859     1.000000000
     2.272566761     3.760558705     1.000000000
     2.285397594     3.766457440     1.000000000
     2.298228428     3.772535761     1.000000000
     2.311059261     3.778754726     1.000000000
     2.323890095     3.785065500     1.000000000
     2.336720928     3.791408150     1.000000000
     2.349551762     3.797709585     1.000000000
     2.362382595     3.803881273     1.000000000
     2.375213429     3.809817617     1.000000000
     2.388044262     3.815395879     1.000000000
     2.400875096     3.820478477     1.000000000
     2.413705929     3.824918312     1.000000000
     2.426536763     3.828567503     1.000000000
     2.439367596     3.831289270     1.000000000
     2.452198429     3.832971717     1.000000000
     2.465029263     3.833541124     1.000000000
     2.465029263     3.833541124     1.000000000
     2.477804039     3.834697236     1.000000000
     2.490578815     3.838162231     1.000000000
     2.503353591     3.843926113     1.000000000
     2.516128367     3.851972318     1.000000000
     2.528903143     3.862277853     1.000000000
     2.541677919     3.874813491     1.000000000
     2.554452695     3.889544005     1.000000000
     2.567227471     3.906428451     1.000000000
     2.580002247     3.925420484     1.000000000
     2.592777023     3.946468699     1.000000000
     2.605551799     3.969516994     1.000000000
     2.618326575     3.994504953     1.000000000
     2.631101351     4.021368229     1.000000000
     2.643876127     4.050038926     1.000000000
     2.656650903     4.080445984     1.000000000
     2.669425679     4.112515539     1.000000000
     2.682200455     4.146171281     1.000000000
     2.694975231     4.155357081     1.000000000
     2.707750007     4.148834598     1.000000000
     2.720524783     4.142118141     1.000000000
     2.733299559     4.135217811     1.000000000
     2.746074335     4.128144559     1.000000000
     2.758849111     4.120910322     1.000000000
     2.771623887     4.113528159     1.000000000
     2.784398663     4.106012381     1.000000000
     2.797173439     4.098378687     1.000000000
     2.809948215     4.090644302     1.000000000
     2.822722991     4.082828119     1.000000000
     2.835497767     4.074950838     1.000000000
     2.848272543     4.067035101     1.000000000
     2.861047319     4.058327297     1.000000000
     2.873822095     4.047101835     1.000000000
     2.886596871     4.036248820     1.000000000
     2.899371647     4.025839553     1.000000000
     2.912146423     4.027822559     1.000000000
     2.924921199     4.020273934     1.000000000
     2.937695975     4.012907710     1.000000000
     2.950470751     4.005764576     1.000000000
     2.963245527     3.998887226     1.000000000
     2.976020303     3.992320130     1.000000000
     2.988795079     3.986109226     1.000000000
     3.001569855     3.980301556     1.000000000
     3.014344631     3.974944825     1.000000000
     3.027119407     3.970086894     1.000000000
     3.039894183     3.965775219     1.000000000
     3.052668959     3.962056224     1.000000000
     3.065443735     3.958974635     1.000000000
     3.078218511     3.956572781     1.000000000
     3.090993287     3.954889894     1.000000000
     3.090993287     3.954889894     1.000000000
     3.103315814     3.954878473     1.000000000
     3.115638340     3.954845279     1.000000000
     3.127960866     3.954793510     1.000000000
     3.140283393     3.954728566     1.000000000
     3.152605919     3.954658146     1.000000000
     3.164928445     3.954592396     1.000000000
     3.177250972     3.954544090     1.000000000
     3.189573498     3.954528860     1.000000000
     3.201896024     3.954565453     1.000000000
     3.214218551     3.954676044     1.000000000
     3.226541077     3.954886571     1.000000000
     3.238863604     3.955227116     1.000000000
     3.251186130     3.955732308     1.000000000
     3.263508656     3.956441748     1.000000000
     3.275831183     3.957400450     1.000000000
     3.288153709     3.958659266     1.000000000
     3.300476235     3.960275290     1.000000000
     3.312798762     3.962312202     1.000000000
     3.325121288     3.964840509     1.000000000
     3.337443814     3.967937634     1.000000000
     3.349766341     3.971687803     1.000000000
     3.362088867     3.976181630     1.000000000
     3.374411393     3.981515346     1.000000000
     3.386733920     3.987789575     1.000000000
     3.399056446     3.995107585     1.000000000
     3.411378972     4.003572980     1.000000000
     3.423701499     4.013286825     1.000000000
     3.436024025     4.024344275     1.000000000
     3.448346552     4.036830859     1.000000000
     3.460669078     4.050818649     1.000000000
     3.472991604     4.066362630     1.000000000
     3.485314131     4.083497603     1.000000000
     3.497636657     4.102235949     1.000000000
     3.509959183     4.122566493     1.000000000
     3.522281710     4.144454594     1.000000000
     3.534604236     4.167843415     1.000000000
     3.546926762     4.192656200     1.000000000
     3.559249289     4.218799273     1.000000000
     3.571571815     4.246165426     1.000000000
     3.583894341     4.274637388     1.000000000
     3.596216868     4.304091083     1.000000000
     3.608539394     4.334398515     1.000000000
     3.620861921     4.365430145     1.000000000
     3.633184447     4.397056741     1.000000000
     3.645506973     4.429150703     1.000000000
     3.657829500     4.461586927     1.000000000
     3.670152026     4.494243267     1.000000000
     3.682474552     4.527000678     1.000000000
     3.694797079     4.559742895     1.000000000
     3.694797079     4.559742895     1.000000000
     3.707627912     4.556512777     1.000000000
     3.720458746     4.549799525     1.000000000
     3.733289579     4.539607724     1.000000000
     3.746120413     4.526007460     1.000000000
     3.758951246     4.509129646     1.000000000
     3.771782079     4.489156392     1.000000000
     3.784612913     4.466308584     1.000000000
     3.797443746     4.440832757     1.000000000
     3.810274580     4.412988987     1.000000000
     3.823105413     4.383040861     1.000000000
     3.835936247     4.351247964     1.000000000
     3.848767080     4.317860796     1.000000000
     3.861597914     4.283117784     1.000000000
     3.874428747     4.247243904     1.000000000
     3.887259581     4.210450477     1.000000000
     3.900090414     4.172935730     1.000000000
     3.912921248     4.134885843     1.000000000
     3.925752081     4.096476243     1.000000000
     3.938582915     4.057873026     1.000000000
     3.951413748     4.019234395     1.000000000
     3.964244582     3.980712082     1.000000000
     3.977075415     3.942452719     1.000000000
     3.989906249     3.904599169     1.000000000
     4.002737082     3.867291803     1.000000000
     4.015567915     3.830669752     1.000000000
     4.028398749     3.794872121     1.000000000
     4.041229582     3.760039168     1.000000000
     4.054060416     3.726313390     1.000000000
     4.066891249     3.693840446     1.000000000
     4.079722083     3.662769726     1.000000000
     4.092552916     3.633254294     1.000000000
     4.105383750     3.605449772     1.000000000
     4.118214583     3.579511581     1.000000000
     4.131045417     3.555589936     1.000000000
     4.143876250     3.533822138     1.000000000
     4.156707084     3.514322343     1.000000000
     4.169537917     3.497170059     1.000000000
     4.182368751     3.482399904     1.000000000
     4.195199584     3.469995896     1.000000000
     4.208030418     3.459892874     1.000000000
     4.220861251     3.451985519     1.000000000
     4.233692084     3.446142816     1.000000000
     4.246522918     3.442224216     1.000000000
     4.259353751     3.440093939     1.000000000
     4.272184585     3.439631316     1.000000000
     4.285015418     3.440736688     1.000000000
     4.297846252     3.443333512     1.000000000
     4.310677085     3.447367753     1.000000000
     4.323507919     3.452805453     1.000000000
     4.323507919     3.452805453     1.000000000
     4.335830445     3.441999863     1.000000000
     4.348152971     3.433377135     1.000000000
     4.360475498     3.427044392     1.000000000
     4.372798024     3.423084900     1.000000000
     4.385120551     3.421546233     1.000000000
     4.397443077     3.422431582     1.000000000
     4.409765603     3.425696886     1.000000000
     4.422088130     3.431254535     1.000000000
     4.434410656     3.438982248     1.000000000
     4.446733182     3.448734388     1.000000000
     4.459055709     3.460352949     1.000000000
     4.471378235     3.473676383     1.000000000
     4.483700761     3.488545633     1.000000000
     4.496023288     3.504807577     1.000000000
     4.508345814     3.522316497     1.000000000
     4.520668340     3.540934261     1.000000000
     4.532990867     3.560529767     1.000000000
     4.545313393     3.580978061     1.000000000
     4.557635920     3.602159361     1.000000000
     4.569958446     3.623958150     1.000000000
     4.582280972     3.646262379     1.000000000
     4.594603499     3.668962827     1.000000000
     4.606926025     3.691952608     1.000000000
     4.619248551     3.715126816     1.000000000
     4.631571078     3.738382280     1.000000000
     4.643893604     3.761617443     1.000000000
     4.656216130     3.784732307     1.000000000
     4.668538657     3.807628472     1.000000000
     4.680861183     3.830209227     1.000000000
     4.693183709     3.852379701     1.000000000
     4.705506236     3.874047057     1.000000000
     4.717828762     3.895120723     1.000000000
     4.730151288     3.915512662     1.000000000
     4.742473815     3.935137661     1.000000000
     4.754796341     3.953913636     1.000000000
     4.767118868     3.971761965     1.000000000
     4.779441394     3.988607805     1.000000000
     4.791763920     4.004380428     1.000000000
     4.804086447     4.019013537     1.000000000
     4.816408973     4.032445572     1.000000000
     4.828731499     4.044619999     1.000000000
     4.841054026     4.055485566     1.000000000
     4.853376552     4.064996543     1.000000000
     4.865699078     4.073112917     1.000000000
     4.878021605     4.079800567     1.000000000
     4.890344131     4.085031401     1.000000000
     4.902666657     4.088783463     1.000000000
     4.914989184     4.091041013     1.000000000
     4.927311710     4.091794585     1.000000000
     4.927311710     4.091794585     1.000000000
     4.940142544     4.090340015     1.000000000
     4.952973377     4.086025500     1.000000000
     4.965804211     4.078993922     1.000000000
     4.978635044     4.069468904     1.000000000
     4.991465877     4.057736622     1.000000000
     5.004296711     4.044126005     1.000000000
     5.017127544     4.028990343     1.000000000
     5.029958378     4.012692081     1.000000000
     5.042789211     3.995591303     1.000000000
     5.055620045     3.978037470     1.000000000
     5.068450878     3.960363535     1.000000000
     5.081281712     3.942881494     1.000000000
     5.094112545     3.925878607     1.000000000
     5.106943379     3.909613848     1.000000000
     5.119774212     3.894314472     1.000000000
     5.132605046     3.880172934     1.000000000
     5.145435879     3.867344598     1.000000000
     5.158266713     3.855946748     1.000000000
     5.171097546     3.846059285     1.000000000
     5.183928380     3.837727226     1.000000000
     5.196759213     3.830964758     1.000000000
     5.209590047     3.825760296     1.000000000
     5.222420880     3.822081809     1.000000000
     5.235251713     3.819881722     1.000000000
     5.248082547     3.819100848     1.000000000
     5.260913380     3.819671102     1.000000000
     5.273744214     3.821516978     1.000000000
     5.286575047     3.824556030     1.000000000
     5.299405881     3.828698667     1.000000000
     5.312236714     3.833847645     1.000000000
     5.325067548     3.839897567     1.000000000
     5.337898381     3.846734647     1.000000000
     5.350729215     3.854236863     1.000000000
     5.363560048     3.862274587     1.000000000
     5.376390882     3.870711652     1.000000000
     5.389221715     3.879406823     1.000000000
     5.402052549     3.888215573     1.000000000
     5.414883382     3.896992097     1.000000000
     5.427714216     3.905591464     1.000000000
     5.440545049     3.913871843     1.000000000
     5.453375882     3.921696734     1.000000000
     5.466206716     3.928937157     1.000000000
     5.479037549     3.935473736     1.000000000
     5.491868383     3.941198660     1.000000000
     5.504699216     3.946017455     1.000000000
     5.517530050     3.949850562     1.000000000
     5.530360883     3.952634661     1.000000000
     5.543191717     3.954323746     1.000000000
     5.556022550     3.954889894     1.000000000
  
     0.000000000     4.224915859     1.000000000
     0.012322526     4.222341548     1.000000000
     0.024645053     4.215540579     1.000000000
     0.036967579     4.206087384     1.000000000
     0.049290105     4.195041311     1.000000000
     0.061612632     4.182957327     1.000000000
     0.073935158     4.170126820     1.000000000
     0.086257684     4.156724988     1.000000000
     0.098580211     4.142887943     1.000000000
     0.110902737     4.128761271     1.000000000
     0.123225264     4.114545321     1.000000000
     0.135547790     4.100556636     1.000000000
     0.147870316     4.087327618     1.000000000
     0.160192843     4.075763122     1.000000000
     0.172515369     4.067300918     1.000000000
     0.184837895     4.063741444     1.000000000
     0.197160422     4.066216911     1.000000000
     0.209482948     4.074053086     1.000000000
     0.221805474     4.085275318     1.000000000
     0.234128001     4.097909473     1.000000000
     0.246450527     4.110531002     1.000000000
     0.258773053     4.122235613     1.000000000
     0.271095580     4.132500917     1.000000000
     0.283418106     4.141074730     1.000000000
     0.295740632     4.147891773     1.000000000
     0.308063159     4.153007998     1.000000000
     0.320385685     4.156549149     1.000000000
     0.332708212     4.158673254     1.000000000
     0.345030738     4.159545849     1.000000000
     0.357353264     4.159325459     1.000000000
     0.369675791     4.169192367     1.000000000
     0.381998317     4.203423893     1.000000000
     0.394320843     4.242907438     1.000000000
     0.406643370     4.288437376     1.000000000
     0.418965896     4.340474836     1.000000000
     0.431288422     4.398989651     1.000000000
     0.443610949     4.463443738     1.000000000
     0.455933475     4.532930133     1.000000000
     0.468256001     4.606382749     1.000000000
     0.480578528     4.682755319     1.000000000
     0.492901054     4.761123519     1.000000000
     0.505223581     4.840718540     1.000000000
     0.517546107     4.920919486     1.000000000
     0.529868633     5.001227239     1.000000000
     0.542191160     5.081230926     1.000000000
     0.554513686     5.160565435     1.000000000
     0.566836212     5.238831376     1.000000000
     0.579158739     5.315293174     1.000000000
     0.591481265     5.385901908     1.000000000
     0.603803791     5.409836870     1.000000000
     0.603803791     5.409836870     1.000000000
     0.616634625     5.409926994     1.000000000
     0.629465458     5.410191391     1.000000000
     0.642296292     5.410610998     1.000000000
     0.655127125     5.411150721     1.000000000
     0.667957959     5.411755705     1.000000000
     0.680788792     5.412348219     1.000000000
     0.693619626     5.412826502     1.000000000
     0.706450459     5.413066671     1.000000000
     0.719281293     5.412928175     1.000000000
     0.732112126     5.412262551     1.000000000
     0.744942960     5.410924274     1.000000000
     0.757773793     5.408781844     1.000000000
     0.770604626     5.405727140     1.000000000
     0.783435460     5.401681589     1.000000000
     0.796266293     5.396598674     1.000000000
     0.809097127     5.390463137     1.000000000
     0.821927960     5.383287776     1.000000000
     0.834758794     5.375108852     1.000000000
     0.847589627     5.365980985     1.000000000
     0.860420461     5.355972182     1.000000000
     0.873251294     5.345159423     1.000000000
     0.886082128     5.333625005     1.000000000
     0.898912961     5.321453719     1.000000000
     0.911743795     5.308730838     1.000000000
     0.924574628     5.295540812     1.000000000
     0.937405462     5.281966570     1.000000000
     0.950236295     5.268089291     1.000000000
     0.963067129     5.253988531     1.000000000
     0.975897962     5.239742580     1.000000000
     0.988728796     5.225428972     1.000000000
     1.001559629     5.211125050     1.000000000
     1.014390462     5.196908529     1.000000000
     1.027221296     5.182857998     1.000000000
     1.040052129     5.169053312     1.000000000
     1.052882963     5.155575845     1.000000000
     1.065713796     5.142508563     1.000000000
     1.078544630     5.129935896     1.000000000
     1.091375463     5.117943389     1.000000000
     1.104206297     5.106617124     1.000000000
     1.117037130     5.096042886     1.000000000
     1.129867964     5.086305111     1.000000000
     1.142698797     5.077485608     1.000000000
     1.155529631     5.069662089     1.000000000
     1.168360464     5.062906579     1.000000000
     1.181191298     5.057283751     1.000000000
     1.194022131     5.052849277     1.000000000
     1.206852965     5.049648297     1.000000000
     1.219683798     5.047714095     1.000000000
     1.232514631     5.047067072     1.000000000
     1.232514631     5.047067072     1.000000000
     1.244837158     5.009291486     1.000000000
     1.257159684     4.971908162     1.000000000
     1.269482211     4.935158353     1.000000000
     1.281804737     4.899332648     1.000000000
     1.294127263     4.864786936     1.000000000
     1.306449790     4.831961733     1.000000000
     1.318772316     4.801403716     1.000000000
     1.331094842     4.773785416     1.000000000
     1.343417369     4.749913500     1.000000000
     1.355739895     4.730708178     1.000000000
     1.368062421     4.717130411     1.000000000
     1.380384948     4.710042103     1.000000000
     1.392707474     4.710020869     1.000000000
     1.405030000     4.717203565     1.000000000
     1.417352527     4.731247174     1.000000000
     1.429675053     4.751432103     1.000000000
     1.441997580     4.776844038     1.000000000
     1.454320106     4.806543617     1.000000000
     1.466642632     4.839673926     1.000000000
     1.478965159     4.875505240     1.000000000
     1.491287685     4.913438764     1.000000000
     1.503610211     4.952990786     1.000000000
     1.515932738     4.993770804     1.000000000
     1.528255264     5.035460199     1.000000000
     1.540577790     5.077793785     1.000000000
     1.552900317     5.120544540     1.000000000
     1.565222843     5.163510938     1.000000000
     1.577545369     5.206505961     1.000000000
     1.589867896     5.249346708     1.000000000
     1.602190422     5.291843143     1.000000000
     1.614512948     5.333783828     1.000000000
     1.626835475     5.322718121     1.000000000
     1.639158001     5.302277108     1.000000000
     1.651480528     5.282410500     1.000000000
     1.663803054     5.263213884     1.000000000
     1.676125580     5.244779101     1.000000000
     1.688448107     5.227195797     1.000000000
     1.700770633     5.210552558     1.000000000
     1.713093159     5.194937672     1.000000000
     1.725415686     5.180439515     1.000000000
     1.737738212     5.167146528     1.000000000
     1.750060738     5.155146722     1.000000000
     1.762383265     5.144526640     1.000000000
     1.774705791     5.135369721     1.000000000
     1.787028317     5.127754065     1.000000000
     1.799350844     5.121749695     1.000000000
     1.811673370     5.117415509     1.000000000
     1.823995896     5.114796268     1.000000000
     1.836318423     5.113920003     1.000000000
     1.836318423     5.113920003     1.000000000
     1.849149256     5.107691695     1.000000000
     1.861980090     5.089272862     1.000000000
     1.874810923     5.059409177     1.000000000
     1.887641757     5.019189944     1.000000000
     1.900472590     4.969879861     1.000000000
     1.913303424     4.912769034     1.000000000
     1.926134257     4.849070189     1.000000000
     1.938965091     4.779867664     1.000000000
     1.951795924     4.706107521     1.000000000
     1.964626758     4.628614135     1.000000000
     1.977457591     4.548121539     1.000000000
     1.990288424     4.465313025     1.000000000
     2.003119258     4.402886317     1.000000000
     2.015950091     4.403439716     1.000000000
     2.028780925     4.404023610     1.000000000
     2.041611758     4.404624531     1.000000000
     2.054442592     4.405224810     1.000000000
     2.067273425     4.405802123     1.000000000
     2.080104259     4.406329023     1.000000000
     2.092935092     4.406772433     1.000000000
     2.105765926     4.407093094     1.000000000
     2.118596759     4.407244929     1.000000000
     2.131427593     4.407174327     1.000000000
     2.144258426     4.406819331     1.000000000
     2.157089260     4.406108777     1.000000000
     2.169920093     4.404961480     1.000000000
     2.182750927     4.403285655     1.000000000
     2.195581760     4.400978958     1.000000000
     2.208412594     4.397929678     1.000000000
     2.221243427     4.394019934     1.000000000
     2.234074260     4.389131808     1.000000000
     2.246905094     4.383157335     1.000000000
     2.259735927     4.376012523     1.000000000
     2.272566761     4.367654274     1.000000000
     2.285397594     4.358097122     1.000000000
     2.298228428     4.347425385     1.000000000
     2.311059261     4.335796616     1.000000000
     2.323890095     4.323434866     1.000000000
     2.336720928     4.310615866     1.000000000
     2.349551762     4.297648683     1.000000000
     2.362382595     4.284858439     1.000000000
     2.375213429     4.272572753     1.000000000
     2.388044262     4.261112196     1.000000000
     2.400875096     4.250783334     1.000000000
     2.413705929     4.241872256     1.000000000
     2.426536763     4.234636765     1.000000000
     2.439367596     4.229296317     1.000000000
     2.452198429     4.226020198     1.000000000
     2.465029263     4.224915859     1.000000000
     2.465029263     4.224915859     1.000000000
     2.477804039     4.224616611     1.000000000
     2.490578815     4.223727103     1.000000000
     2.503353591     4.222270694     1.000000000
     2.516128367     4.220282247     1.000000000
     2.528903143     4.217803310     1.000000000
     2.541677919     4.214877330     1.000000000
     2.554452695     4.211545825     1.000000000
     2.567227471     4.207845915     1.000000000
     2.580002247     4.203809202     1.000000000
     2.592777023     4.199461675     1.000000000
     2.605551799     4.194824274     1.000000000
     2.618326575     4.189913780     1.000000000
     2.631101351     4.184743783     1.000000000
     2.643876127     4.179325594     1.000000000
     2.656650903     4.173669027     1.000000000
     2.669425679     4.167783032     1.000000000
     2.682200455     4.161676187     1.000000000
     2.694975231     4.181334776     1.000000000
     2.707750007     4.195041949     1.000000000
     2.720524783     4.185025367     1.000000000
     2.733299559     4.174561070     1.000000000
     2.746074335     4.163697123     1.000000000
     2.758849111     4.152487544     1.000000000
     2.771623887     4.140991777     1.000000000
     2.784398663     4.129274077     1.000000000
     2.797173439     4.117402825     1.000000000
     2.809948215     4.105449785     1.000000000
     2.822722991     4.093489297     1.000000000
     2.835497767     4.081597438     1.000000000
     2.848272543     4.069851142     1.000000000
     2.861047319     4.059105621     1.000000000
     2.873822095     4.051189291     1.000000000
     2.886596871     4.043315277     1.000000000
     2.899371647     4.035515079     1.000000000
     2.912146423     4.072381208     1.000000000
     2.924921199     4.169361117     1.000000000
     2.937695975     4.265182112     1.000000000
     2.950470751     4.359757623     1.000000000
     2.963245527     4.453020052     1.000000000
     2.976020303     4.544909274     1.000000000
     2.988795079     4.635365107     1.000000000
     3.001569855     4.724320604     1.000000000
     3.014344631     4.811693804     1.000000000
     3.027119407     4.897374908     1.000000000
     3.039894183     4.981203195     1.000000000
     3.052668959     5.062920744     1.000000000
     3.065443735     5.142069915     1.000000000
     3.078218511     5.217740229     1.000000000
     3.090993287     5.287869819     1.000000000
     3.090993287     5.287869819     1.000000000
     3.103315814     5.286953933     1.000000000
     3.115638340     5.284250240     1.000000000
     3.127960866     5.279883867     1.000000000
     3.140283393     5.274043145     1.000000000
     3.152605919     5.266956100     1.000000000
     3.164928445     5.258867320     1.000000000
     3.177250972     5.250019150     1.000000000
     3.189573498     5.240638608     1.000000000
     3.201896024     5.230929528     1.000000000
     3.214218551     5.221068651     1.000000000
     3.226541077     5.211204291     1.000000000
     3.238863604     5.201456488     1.000000000
     3.251186130     5.191917882     1.000000000
     3.263508656     5.182654875     1.000000000
     3.275831183     5.173708800     1.000000000
     3.288153709     5.165097014     1.000000000
     3.300476235     5.156813855     1.000000000
     3.312798762     5.148831492     1.000000000
     3.325121288     5.141100720     1.000000000
     3.337443814     5.133551770     1.000000000
     3.349766341     5.126095247     1.000000000
     3.362088867     5.118623313     1.000000000
     3.374411393     5.111011300     1.000000000
     3.386733920     5.103119890     1.000000000
     3.399056446     5.094798084     1.000000000
     3.411378972     5.085887061     1.000000000
     3.423701499     5.076225007     1.000000000
     3.436024025     5.065652804     1.000000000
     3.448346552     5.054020310     1.000000000
     3.460669078     5.041192745     1.000000000
     3.472991604     5.027056543     1.000000000
     3.485314131     5.011524011     1.000000000
     3.497636657     4.994536258     1.000000000
     3.509959183     4.976064094     1.000000000
     3.522281710     4.956106967     1.000000000
     3.534604236     4.934690267     1.000000000
     3.546926762     4.911861570     1.000000000
     3.559249289     4.887686377     1.000000000
     3.571571815     4.862243916     1.000000000
     3.583894341     4.835623352     1.000000000
     3.596216868     4.807920640     1.000000000
     3.608539394     4.779236103     1.000000000
     3.620861921     4.749672688     1.000000000
     3.633184447     4.719334854     1.000000000
     3.645506973     4.688327951     1.000000000
     3.657829500     4.656758002     1.000000000
     3.670152026     4.624731763     1.000000000
     3.682474552     4.592357004     1.000000000
     3.694797079     4.559743105     1.000000000
     3.694797079     4.559743105     1.000000000
     3.707627912     4.559550702     1.000000000
     3.720458746     4.556054358     1.000000000
     3.733289579     4.549418788     1.000000000
     3.746120413     4.539841695     1.000000000
     3.758951246     4.527539493     1.000000000
     3.771782079     4.512734828     1.000000000
     3.784612913     4.495646779     1.000000000
     3.797443746     4.476484122     1.000000000
     3.810274580     4.455441438     1.000000000
     3.823105413     4.432697589     1.000000000
     3.835936247     4.408415938     1.000000000
     3.848767080     4.382745711     1.000000000
     3.861597914     4.355824012     1.000000000
     3.874428747     4.327778112     1.000000000
     3.887259581     4.298727740     1.000000000
     3.900090414     4.268787206     1.000000000
     3.912921248     4.238067253     1.000000000
     3.925752081     4.206676583     1.000000000
     3.938582915     4.174723062     1.000000000
     3.951413748     4.142314594     1.000000000
     3.964244582     4.109559712     1.000000000
     3.977075415     4.076567898     1.000000000
     3.989906249     4.043449691     1.000000000
     4.002737082     4.010316586     1.000000000
     4.015567915     3.977280791     1.000000000
     4.028398749     3.944454836     1.000000000
     4.041229582     3.911951071     1.000000000
     4.054060416     3.879881063     1.000000000
     4.066891249     3.848354904     1.000000000
     4.079722083     3.817480441     1.000000000
     4.092552916     3.787362421     1.000000000
     4.105383750     3.758101575     1.000000000
     4.118214583     3.729793642     1.000000000
     4.131045417     3.702528351     1.000000000
     4.143876250     3.676388379     1.000000000
     4.156707084     3.651448339     1.000000000
     4.169537917     3.627773829     1.000000000
     4.182368751     3.605420610     1.000000000
     4.195199584     3.584433991     1.000000000
     4.208030418     3.564848494     1.000000000
     4.220861251     3.546687879     1.000000000
     4.233692084     3.529965595     1.000000000
     4.246522918     3.514685714     1.000000000
     4.259353751     3.500844360     1.000000000
     4.272184585     3.488431650     1.000000000
     4.285015418     3.477434100     1.000000000
     4.297846252     3.467837450     1.000000000
     4.310677085     3.459629855     1.000000000
     4.323507919     3.452805464     1.000000000
     4.323507919     3.452805464     1.000000000
     4.335830445     3.465675537     1.000000000
     4.348152971     3.480490225     1.000000000
     4.360475498     3.497134969     1.000000000
     4.372798024     3.515504670     1.000000000
     4.385120551     3.535504906     1.000000000
     4.397443077     3.557051596     1.000000000
     4.409765603     3.580069700     1.000000000
     4.422088130     3.604491480     1.000000000
     4.434410656     3.630254673     1.000000000
     4.446733182     3.657300762     1.000000000
     4.459055709     3.685573448     1.000000000
     4.471378235     3.715017358     1.000000000
     4.483700761     3.745576985     1.000000000
     4.496023288     3.777195853     1.000000000
     4.508345814     3.809815867     1.000000000
     4.520668340     3.843376830     1.000000000
     4.532990867     3.877816085     1.000000000
     4.545313393     3.913068271     1.000000000
     4.557635920     3.949065156     1.000000000
     4.569958446     3.985735527     1.000000000
     4.582280972     4.023005125     1.000000000
     4.594603499     4.060796587     1.000000000
     4.606926025     4.099029413     1.000000000
     4.619248551     4.137619899     1.000000000
     4.631571078     4.176481062     1.000000000
     4.643893604     4.215522511     1.000000000
     4.656216130     4.254650272     1.000000000
     4.668538657     4.293766530     1.000000000
     4.680861183     4.332769285     1.000000000
     4.693183709     4.371551896     1.000000000
     4.705506236     4.410002489     1.000000000
     4.717828762     4.448003209     1.000000000
     4.730151288     4.485429287     1.000000000
     4.742473815     4.522147912     1.000000000
     4.754796341     4.558016875     1.000000000
     4.767118868     4.592883013     1.000000000
     4.779441394     4.626580459     1.000000000
     4.791763920     4.658928790     1.000000000
     4.804086447     4.689731241     1.000000000
     4.816408973     4.718773223     1.000000000
     4.828731499     4.745821596     1.000000000
     4.841054026     4.770625267     1.000000000
     4.853376552     4.792917895     1.000000000
     4.865699078     4.812423555     1.000000000
     4.878021605     4.828866117     1.000000000
     4.890344131     4.841982638     1.000000000
     4.902666657     4.851540183     1.000000000
     4.914989184     4.857354280     1.000000000
     4.927311710     4.859306020     1.000000000
     4.927311710     4.859306020     1.000000000
     4.940142544     4.860577006     1.000000000
     4.952973377     4.864347952     1.000000000
     4.965804211     4.870497541     1.000000000
     4.978635044     4.878838107     1.000000000
     4.991465877     4.889133798     1.000000000
     5.004296711     4.901120252     1.000000000
     5.017127544     4.914522688     1.000000000
     5.029958378     4.929070482     1.000000000
     5.042789211     4.944507625     1.000000000
     5.055620045     4.960599318     1.000000000
     5.068450878     4.977135452     1.000000000
     5.081281712     4.993931806     1.000000000
     5.094112545     5.010829729     1.000000000
     5.106943379     5.027694880     1.000000000
     5.119774212     5.044415421     1.000000000
     5.132605046     5.060899911     1.000000000
     5.145435879     5.077075046     1.000000000
     5.158266713     5.092883291     1.000000000
     5.171097546     5.108280435     1.000000000
     5.183928380     5.123233061     1.000000000
     5.196759213     5.137715919     1.000000000
     5.209590047     5.151709227     1.000000000
     5.222420880     5.165195902     1.000000000
     5.235251713     5.178158805     1.000000000
     5.248082547     5.190578095     1.000000000
     5.260913380     5.202428865     1.000000000
     5.273744214     5.213679280     1.000000000
     5.286575047     5.224289538     1.000000000
     5.299405881     5.234212008     1.000000000
     5.312236714     5.243392929     1.000000000
     5.325067548     5.251775952     1.000000000
     5.337898381     5.259307545     1.000000000
     5.350729215     5.265943866     1.000000000
     5.363560048     5.271658122     1.000000000
     5.376390882     5.276447004     1.000000000
     5.389221715     5.280334684     1.000000000
     5.402052549     5.283373330     1.000000000
     5.414883382     5.285639991     1.000000000
     5.427714216     5.287230641     1.000000000
     5.440545049     5.288252779     1.000000000
     5.453375882     5.288818008     1.000000000
     5.466206716     5.289035615     1.000000000
     5.479037549     5.289007667     1.000000000
     5.491868383     5.288825633     1.000000000
     5.504699216     5.288568303     1.000000000
     5.517530050     5.288300654     1.000000000
     5.530360883     5.288073335     1.000000000
     5.543191717     5.287922502     1.000000000
     5.556022550     5.287869819     1.000000000
  
     0.000000000     4.282146359     1.000000000
     0.012322526     4.284409158     1.000000000
     0.024645053     4.290273353     1.000000000
     0.036967579     4.298158679     1.000000000
     0.049290105     4.306999115     1.000000000
     0.061612632     4.316237111     1.000000000
     0.073935158     4.325590458     1.000000000
     0.086257684     4.334916206     1.000000000
     0.098580211     4.344150009     1.000000000
     0.110902737     4.353281876     1.000000000
     0.123225264     4.362348417     1.000000000
     0.135547790     4.371432374     1.000000000
     0.147870316     4.380664996     1.000000000
     0.160192843     4.390228779     1.000000000
     0.172515369     4.400358915     1.000000000
     0.184837895     4.411341857     1.000000000
     0.197160422     4.423508969     1.000000000
     0.209482948     4.437222724     1.000000000
     0.221805474     4.452853201     1.000000000
     0.234128001     4.470744669     1.000000000
     0.246450527     4.491176266     1.000000000
     0.258773053     4.514325567     1.000000000
     0.271095580     4.540245737     1.000000000
     0.283418106     4.568863150     1.000000000
     0.295740632     4.599994452     1.000000000
     0.308063159     4.633375175     1.000000000
     0.320385685     4.668690219     1.000000000
     0.332708212     4.705599382     1.000000000
     0.345030738     4.743755448     1.000000000
     0.357353264     4.782815638     1.000000000
     0.369675791     4.822448616     1.000000000
     0.381998317     4.862339386     1.000000000
     0.394320843     4.902193672     1.000000000
     0.406643370     4.941742493     1.000000000
     0.418965896     4.980746661     1.000000000
     0.431288422     5.019000286     1.000000000
     0.443610949     5.056332155     1.000000000
     0.455933475     5.092604210     1.000000000
     0.468256001     5.127707092     1.000000000
     0.480578528     5.161553493     1.000000000
     0.492901054     5.194070471     1.000000000
     0.505223581     5.225191895     1.000000000
     0.517546107     5.254851770     1.000000000
     0.529868633     5.282978632     1.000000000
     0.542191160     5.309490454     1.000000000
     0.554513686     5.334288165     1.000000000
     0.566836212     5.357241950     1.000000000
     0.579158739     5.378147761     1.000000000
     0.591481265     5.396526536     1.000000000
     0.603803791     5.409836878     1.000000000
     0.603803791     5.409836878     1.000000000
     0.616634625     5.409927013     1.000000000
     0.629465458     5.410191422     1.000000000
     0.642296292     5.410611040     1.000000000
     0.655127125     5.411150774     1.000000000
     0.667957959     5.411755768     1.000000000
     0.680788792     5.412348290     1.000000000
     0.693619626     5.412826581     1.000000000
     0.706450459     5.413066756     1.000000000
     0.719281293     5.412928265     1.000000000
     0.732112126     5.412262646     1.000000000
     0.744942960     5.410924371     1.000000000
     0.757773793     5.408781943     1.000000000
     0.770604626     5.405727240     1.000000000
     0.783435460     5.401681688     1.000000000
     0.796266293     5.396598771     1.000000000
     0.809097127     5.390463230     1.000000000
     0.821927960     5.383287865     1.000000000
     0.834758794     5.375108937     1.000000000
     0.847589627     5.365981065     1.000000000
     0.860420461     5.355972257     1.000000000
     0.873251294     5.345159492     1.000000000
     0.886082128     5.333625068     1.000000000
     0.898912961     5.321453778     1.000000000
     0.911743795     5.308730892     1.000000000
     0.924574628     5.295540862     1.000000000
     0.937405462     5.281966617     1.000000000
     0.950236295     5.268089336     1.000000000
     0.963067129     5.253988575     1.000000000
     0.975897962     5.239742624     1.000000000
     0.988728796     5.225429017     1.000000000
     1.001559629     5.211125096     1.000000000
     1.014390462     5.196908576     1.000000000
     1.027221296     5.182858046     1.000000000
     1.040052129     5.169053362     1.000000000
     1.052882963     5.155575896     1.000000000
     1.065713796     5.142508614     1.000000000
     1.078544630     5.129935946     1.000000000
     1.091375463     5.117943439     1.000000000
     1.104206297     5.106617172     1.000000000
     1.117037130     5.096042932     1.000000000
     1.129867964     5.086305155     1.000000000
     1.142698797     5.077485648     1.000000000
     1.155529631     5.069662125     1.000000000
     1.168360464     5.062906611     1.000000000
     1.181191298     5.057283777     1.000000000
     1.194022131     5.052849298     1.000000000
     1.206852965     5.049648312     1.000000000
     1.219683798     5.047714105     1.000000000
     1.232514631     5.047067078     1.000000000
     1.232514631     5.047067078     1.000000000
     1.244837158     5.085030244     1.000000000
     1.257159684     5.123002686     1.000000000
     1.269482211     5.160824210     1.000000000
     1.281804737     5.198345692     1.000000000
     1.294127263     5.235422663     1.000000000
     1.306449790     5.271908944     1.000000000
     1.318772316     5.307649702     1.000000000
     1.331094842     5.342473203     1.000000000
     1.343417369     5.376180393     1.000000000
     1.355739895     5.408531275     1.000000000
     1.368062421     5.439227020     1.000000000
     1.380384948     5.467887330     1.000000000
     1.392707474     5.494024879     1.000000000
     1.405030000     5.517024692     1.000000000
     1.417352527     5.536148567     1.000000000
     1.429675053     5.550600015     1.000000000
     1.441997580     5.559682683     1.000000000
     1.454320106     5.563027114     1.000000000
     1.466642632     5.560760720     1.000000000
     1.478965159     5.553485094     1.000000000
     1.491287685     5.542075314     1.000000000
     1.503610211     5.527449835     1.000000000
     1.515932738     5.510425084     1.000000000
     1.528255264     5.491665526     1.000000000
     1.540577790     5.471690040     1.000000000
     1.552900317     5.450898889     1.000000000
     1.565222843     5.429602594     1.000000000
     1.577545369     5.408046081     1.000000000
     1.589867896     5.386427013     1.000000000
     1.602190422     5.364909182     1.000000000
     1.614512948     5.343632137     1.000000000
     1.626835475     5.374914783     1.000000000
     1.639158001     5.414903934     1.000000000
     1.651480528     5.453275649     1.000000000
     1.663803054     5.489284874     1.000000000
     1.676125580     5.521689411     1.000000000
     1.688448107     5.548488049     1.000000000
     1.700770633     5.567297187     1.000000000
     1.713093159     5.577350553     1.000000000
     1.725415686     5.580725411     1.000000000
     1.737738212     5.580306117     1.000000000
     1.750060738     5.578093927     1.000000000
     1.762383265     5.575202722     1.000000000
     1.774705791     5.572234536     1.000000000
     1.787028317     5.569526348     1.000000000
     1.799350844     5.567275204     1.000000000
     1.811673370     5.565599454     1.000000000
     1.823995896     5.564569261     1.000000000
     1.836318423     5.564221953     1.000000000
     1.836318423     5.564221953     1.000000000
     1.849149256     5.560078243     1.000000000
     1.861980090     5.547956045     1.000000000
     1.874810923     5.528766100     1.000000000
     1.887641757     5.503836299     1.000000000
     1.900472590     5.474548994     1.000000000
     1.913303424     5.442061152     1.000000000
     1.926134257     5.407227136     1.000000000
     1.938965091     5.370646353     1.000000000
     1.951795924     5.332740970     1.000000000
     1.964626758     5.293820570     1.000000000
     1.977457591     5.254125705     1.000000000
     1.990288424     5.213854574     1.000000000
     2.003119258     5.173178758     1.000000000
     2.015950091     5.132252448     1.000000000
     2.028780925     5.091217992     1.000000000
     2.041611758     5.050209378     1.000000000
     2.054442592     5.009354558     1.000000000
     2.067273425     4.968777102     1.000000000
     2.080104259     4.928597424     1.000000000
     2.092935092     4.888933728     1.000000000
     2.105765926     4.849902731     1.000000000
     2.118596759     4.811620188     1.000000000
     2.131427593     4.774201223     1.000000000
     2.144258426     4.737760445     1.000000000
     2.157089260     4.702411825     1.000000000
     2.169920093     4.668268289     1.000000000
     2.182750927     4.635440983     1.000000000
     2.195581760     4.604038152     1.000000000
     2.208412594     4.574163601     1.000000000
     2.221243427     4.545914702     1.000000000
     2.234074260     4.519379949     1.000000000
     2.246905094     4.494636123     1.000000000
     2.259735927     4.471745191     1.000000000
     2.272566761     4.450751131     1.000000000
     2.285397594     4.431676961     1.000000000
     2.298228428     4.414522311     1.000000000
     2.311059261     4.399261874     1.000000000
     2.323890095     4.385845030     1.000000000
     2.336720928     4.374196872     1.000000000
     2.349551762     4.364220675     1.000000000
     2.362382595     4.355801738     1.000000000
     2.375213429     4.348812406     1.000000000
     2.388044262     4.343117961     1.000000000
     2.400875096     4.338583060     1.000000000
     2.413705929     4.335078402     1.000000000
     2.426536763     4.332487253     1.000000000
     2.439367596     4.330711515     1.000000000
     2.452198429     4.329676974     1.000000000
     2.465029263     4.329337365     1.000000000
     2.465029263     4.282146359     1.000000000
     2.477804039     4.281947408     1.000000000
     2.490578815     4.281347950     1.000000000
     2.503353591     4.280340301     1.000000000
     2.516128367     4.278912106     1.000000000
     2.528903143     4.277046982     1.000000000
     2.541677919     4.274725368     1.000000000
     2.554452695     4.271925546     1.000000000
     2.567227471     4.268624762     1.000000000
     2.580002247     4.264800418     1.000000000
     2.592777023     4.260431256     1.000000000
     2.605551799     4.255498509     1.000000000
     2.618326575     4.249986971     1.000000000
     2.631101351     4.243885942     1.000000000
     2.643876127     4.237190047     1.000000000
     2.656650903     4.229899894     1.000000000
     2.669425679     4.222022577     1.000000000
     2.682200455     4.213572016     1.000000000
     2.694975231     4.204569145     1.000000000
     2.707750007     4.217925773     1.000000000
     2.720524783     4.255862480     1.000000000
     2.733299559     4.295061808     1.000000000
     2.746074335     4.335439581     1.000000000
     2.758849111     4.376910717     1.000000000
     2.771623887     4.419389366     1.000000000
     2.784398663     4.462789012     1.000000000
     2.797173439     4.507022533     1.000000000
     2.809948215     4.552002222     1.000000000
     2.822722991     4.597639745     1.000000000
     2.835497767     4.643846058     1.000000000
     2.848272543     4.690531240     1.000000000
     2.861047319     4.737604246     1.000000000
     2.873822095     4.784972538     1.000000000
     2.886596871     4.832541559     1.000000000
     2.899371647     4.880213956     1.000000000
     2.912146423     4.927888456     1.000000000
     2.924921199     4.975458150     1.000000000
     2.937695975     5.022807832     1.000000000
     2.950470751     5.069809676     1.000000000
     2.963245527     5.116315891     1.000000000
     2.976020303     5.162145561     1.000000000
     2.988795079     5.207059460     1.000000000
     3.001569855     5.250708081     1.000000000
     3.014344631     5.292514091     1.000000000
     3.027119407     5.331376352     1.000000000
     3.039894183     5.364839482     1.000000000
     3.052668959     5.386737184     1.000000000
     3.065443735     5.383859189     1.000000000
     3.078218511     5.347236140     1.000000000
     3.090993287     5.287869834     1.000000000
     3.090993287     5.287869834     1.000000000
     3.103315814     5.286953954     1.000000000
     3.115638340     5.284250272     1.000000000
     3.127960866     5.279883910     1.000000000
     3.140283393     5.274043199     1.000000000
     3.152605919     5.266956166     1.000000000
     3.164928445     5.258867395     1.000000000
     3.177250972     5.250019235     1.000000000
     3.189573498     5.240638702     1.000000000
     3.201896024     5.230929630     1.000000000
     3.214218551     5.221068760     1.000000000
     3.226541077     5.211204408     1.000000000
     3.238863604     5.201456610     1.000000000
     3.251186130     5.191918011     1.000000000
     3.263508656     5.182655009     1.000000000
     3.275831183     5.173708939     1.000000000
     3.288153709     5.165097158     1.000000000
     3.300476235     5.156814003     1.000000000
     3.312798762     5.148831644     1.000000000
     3.325121288     5.141100875     1.000000000
     3.337443814     5.133551929     1.000000000
     3.349766341     5.126095409     1.000000000
     3.362088867     5.118623479     1.000000000
     3.374411393     5.111011468     1.000000000
     3.386733920     5.103120061     1.000000000
     3.399056446     5.094798257     1.000000000
     3.411378972     5.085887237     1.000000000
     3.423701499     5.076225185     1.000000000
     3.436024025     5.065652983     1.000000000
     3.448346552     5.054020491     1.000000000
     3.460669078     5.041192927     1.000000000
     3.472991604     5.027056726     1.000000000
     3.485314131     5.011524196     1.000000000
     3.497636657     4.994536444     1.000000000
     3.509959183     4.976064282     1.000000000
     3.522281710     4.956107157     1.000000000
     3.534604236     4.934690461     1.000000000
     3.546926762     4.911861766     1.000000000
     3.559249289     4.887686577     1.000000000
     3.571571815     4.862244120     1.000000000
     3.583894341     4.835623561     1.000000000
     3.596216868     4.807920855     1.000000000
     3.608539394     4.779236322     1.000000000
     3.620861921     4.749672913     1.000000000
     3.633184447     4.719335084     1.000000000
     3.645506973     4.688328188     1.000000000
     3.657829500     4.656758244     1.000000000
     3.670152026     4.624732011     1.000000000
     3.682474552     4.592357258     1.000000000
     3.694797079     4.559743154     1.000000000
     3.694797079     4.559743154     1.000000000
     3.707627912     4.559550956     1.000000000
     3.720458746     4.556054616     1.000000000
     3.733289579     4.549419049     1.000000000
     3.746120413     4.539841959     1.000000000
     3.758951246     4.527539760     1.000000000
     3.771782079     4.512735096     1.000000000
     3.784612913     4.495647050     1.000000000
     3.797443746     4.476484395     1.000000000
     3.810274580     4.455441711     1.000000000
     3.823105413     4.432697863     1.000000000
     3.835936247     4.408416213     1.000000000
     3.848767080     4.382745986     1.000000000
     3.861597914     4.355824286     1.000000000
     3.874428747     4.327778385     1.000000000
     3.887259581     4.298728012     1.000000000
     3.900090414     4.268787477     1.000000000
     3.912921248     4.238067521     1.000000000
     3.925752081     4.206676848     1.000000000
     3.938582915     4.174723324     1.000000000
     3.951413748     4.142314852     1.000000000
     3.964244582     4.109559966     1.000000000
     3.977075415     4.076568149     1.000000000
     3.989906249     4.043449936     1.000000000
     4.002737082     4.010316826     1.000000000
     4.015567915     3.977281026     1.000000000
     4.028398749     3.944455065     1.000000000
     4.041229582     3.911951294     1.000000000
     4.054060416     3.879881279     1.000000000
     4.066891249     3.848355115     1.000000000
     4.079722083     3.817480645     1.000000000
     4.092552916     3.787362618     1.000000000
     4.105383750     3.758101766     1.000000000
     4.118214583     3.729793827     1.000000000
     4.131045417     3.702528529     1.000000000
     4.143876250     3.676388551     1.000000000
     4.156707084     3.651448506     1.000000000
     4.169537917     3.627773991     1.000000000
     4.182368751     3.605420767     1.000000000
     4.195199584     3.584434144     1.000000000
     4.208030418     3.564848644     1.000000000
     4.220861251     3.546688026     1.000000000
     4.233692084     3.529965741     1.000000000
     4.246522918     3.514685859     1.000000000
     4.259353751     3.500844505     1.000000000
     4.272184585     3.488431796     1.000000000
     4.285015418     3.477434247     1.000000000
     4.297846252     3.467837600     1.000000000
     4.310677085     3.459630008     1.000000000
     4.323507919     3.452805617     1.000000000
     4.323507919     3.452805617     1.000000000
     4.335830445     3.465675678     1.000000000
     4.348152971     3.480490352     1.000000000
     4.360475498     3.497135083     1.000000000
     4.372798024     3.515504771     1.000000000
     4.385120551     3.535504995     1.000000000
     4.397443077     3.557051674     1.000000000
     4.409765603     3.580069767     1.000000000
     4.422088130     3.604491537     1.000000000
     4.434410656     3.630254721     1.000000000
     4.446733182     3.657300803     1.000000000
     4.459055709     3.685573483     1.000000000
     4.471378235     3.715017388     1.000000000
     4.483700761     3.745577011     1.000000000
     4.496023288     3.777195876     1.000000000
     4.508345814     3.809815889     1.000000000
     4.520668340     3.843376850     1.000000000
     4.532990867     3.877816104     1.000000000
     4.545313393     3.913068290     1.000000000
     4.557635920     3.949065175     1.000000000
     4.569958446     3.985735546     1.000000000
     4.582280972     4.023005143     1.000000000
     4.594603499     4.060796605     1.000000000
     4.606926025     4.099029430     1.000000000
     4.619248551     4.137619916     1.000000000
     4.631571078     4.176481078     1.000000000
     4.643893604     4.215522526     1.000000000
     4.656216130     4.254650287     1.000000000
     4.668538657     4.293766544     1.000000000
     4.680861183     4.332769299     1.000000000
     4.693183709     4.371551911     1.000000000
     4.705506236     4.410002505     1.000000000
     4.717828762     4.448003225     1.000000000
     4.730151288     4.485429304     1.000000000
     4.742473815     4.522147930     1.000000000
     4.754796341     4.558016894     1.000000000
     4.767118868     4.592883033     1.000000000
     4.779441394     4.626580479     1.000000000
     4.791763920     4.658928812     1.000000000
     4.804086447     4.689731263     1.000000000
     4.816408973     4.718773246     1.000000000
     4.828731499     4.745821619     1.000000000
     4.841054026     4.770625290     1.000000000
     4.853376552     4.792917917     1.000000000
     4.865699078     4.812423576     1.000000000
     4.878021605     4.828866138     1.000000000
     4.890344131     4.841982657     1.000000000
     4.902666657     4.851540201     1.000000000
     4.914989184     4.857354297     1.000000000
     4.927311710     4.859306036     1.000000000
     4.927311710     4.859306036     1.000000000
     4.940142544     4.860577022     1.000000000
     4.952973377     4.864347968     1.000000000
     4.965804211     4.870497557     1.000000000
     4.978635044     4.878838123     1.000000000
     4.991465877     4.889133813     1.000000000
     5.004296711     4.901120268     1.000000000
     5.017127544     4.914522704     1.000000000
     5.029958378     4.929070498     1.000000000
     5.042789211     4.944507640     1.000000000
     5.055620045     4.960599334     1.000000000
     5.068450878     4.977135468     1.000000000
     5.081281712     4.993931822     1.000000000
     5.094112545     5.010829746     1.000000000
     5.106943379     5.027694897     1.000000000
     5.119774212     5.044415438     1.000000000
     5.132605046     5.060899929     1.000000000
     5.145435879     5.077075064     1.000000000
     5.158266713     5.092883310     1.000000000
     5.171097546     5.108280454     1.000000000
     5.183928380     5.123233080     1.000000000
     5.196759213     5.137715938     1.000000000
     5.209590047     5.151709247     1.000000000
     5.222420880     5.165195922     1.000000000
     5.235251713     5.178158824     1.000000000
     5.248082547     5.190578115     1.000000000
     5.260913380     5.202428885     1.000000000
     5.273744214     5.213679300     1.000000000
     5.286575047     5.224289558     1.000000000
     5.299405881     5.234212029     1.000000000
     5.312236714     5.243392951     1.000000000
     5.325067548     5.251775975     1.000000000
     5.337898381     5.259307568     1.000000000
     5.350729215     5.265943889     1.000000000
     5.363560048     5.271658146     1.000000000
     5.376390882     5.276447028     1.000000000
     5.389221715     5.280334708     1.000000000
     5.402052549     5.283373354     1.000000000
     5.414883382     5.285640014     1.000000000
     5.427714216     5.287230663     1.000000000
     5.440545049     5.288252800     1.000000000
     5.453375882     5.288818027     1.000000000
     5.466206716     5.289035633     1.000000000
     5.479037549     5.289007684     1.000000000
     5.491868383     5.288825649     1.000000000
     5.504699216     5.288568318     1.000000000
     5.517530050     5.288300669     1.000000000
     5.530360883     5.288073349     1.000000000
     5.543191717     5.287922516     1.000000000
     5.556022550     5.287869834     1.000000000
  
     0.000000000     4.578588606     1.000000000
     0.012322526     4.579018358     1.000000000
     0.024645053     4.580316208     1.000000000
     0.036967579     4.582507523     1.000000000
     0.049290105     4.585633200     1.000000000
     0.061612632     4.589747511     1.000000000
     0.073935158     4.594915001     1.000000000
     0.086257684     4.601206452     1.000000000
     0.098580211     4.608694112     1.000000000
     0.110902737     4.617446569     1.000000000
     0.123225264     4.627523835     1.000000000
     0.135547790     4.638973317     1.000000000
     0.147870316     4.651827198     1.000000000
     0.160192843     4.666101577     1.000000000
     0.172515369     4.681797281     1.000000000
     0.184837895     4.698902041     1.000000000
     0.197160422     4.717393482     1.000000000
     0.209482948     4.737242425     1.000000000
     0.221805474     4.758416068     1.000000000
     0.234128001     4.780880819     1.000000000
     0.246450527     4.804604684     1.000000000
     0.258773053     4.829559220     1.000000000
     0.271095580     4.855721137     1.000000000
     0.283418106     4.883073631     1.000000000
     0.295740632     4.911607502     1.000000000
     0.308063159     4.941322063     1.000000000
     0.320385685     4.972225793     1.000000000
     0.332708212     5.004336566     1.000000000
     0.345030738     5.037681220     1.000000000
     0.357353264     5.072294162     1.000000000
     0.369675791     5.108214618     1.000000000
     0.381998317     5.145482294     1.000000000
     0.394320843     5.184131354     1.000000000
     0.406643370     5.224183093     1.000000000
     0.418965896     5.265638070     1.000000000
     0.431288422     5.308468808     1.000000000
     0.443610949     5.352613981     1.000000000
     0.455933475     5.397974214     1.000000000
     0.468256001     5.444407987     1.000000000
     0.480578528     5.464714955     1.000000000
     0.492901054     5.470868617     1.000000000
     0.505223581     5.474674721     1.000000000
     0.517546107     5.476084995     1.000000000
     0.529868633     5.475079562     1.000000000
     0.542191160     5.471673277     1.000000000
     0.554513686     5.465931615     1.000000000
     0.566836212     5.458025425     1.000000000
     0.579158739     5.448506556     1.000000000
     0.591481265     5.441251567     1.000000000
     0.603803791     5.476863450     1.000000000
     0.603803791     5.476863450     1.000000000
     0.616634625     5.477275199     1.000000000
     0.629465458     5.478503519     1.000000000
     0.642296292     5.480529171     1.000000000
     0.655127125     5.483324856     1.000000000
     0.667957959     5.486861122     1.000000000
     0.680788792     5.491112524     1.000000000
     0.693619626     5.496062641     1.000000000
     0.706450459     5.501706776     1.000000000
     0.719281293     5.508051646     1.000000000
     0.732112126     5.515112077     1.000000000
     0.744942960     5.522905515     1.000000000
     0.757773793     5.531445837     1.000000000
     0.770604626     5.540738016     1.000000000
     0.783435460     5.550774756     1.000000000
     0.796266293     5.561535413     1.000000000
     0.809097127     5.572986839     1.000000000
     0.821927960     5.585085419     1.000000000
     0.834758794     5.597779613     1.000000000
     0.847589627     5.611012488     1.000000000
     0.860420461     5.624723955     1.000000000
     0.873251294     5.638852602     1.000000000
     0.886082128     5.653337112     1.000000000
     0.898912961     5.668117302     1.000000000
     0.911743795     5.683134842     1.000000000
     0.924574628     5.698333689     1.000000000
     0.937405462     5.713660293     1.000000000
     0.950236295     5.729063599     1.000000000
     0.963067129     5.744494867     1.000000000
     0.975897962     5.759907352     1.000000000
     0.988728796     5.775255834     1.000000000
     1.001559629     5.790496033     1.000000000
     1.014390462     5.805583911     1.000000000
     1.027221296     5.820474864     1.000000000
     1.040052129     5.835122813     1.000000000
     1.052882963     5.849479175     1.000000000
     1.065713796     5.863491714     1.000000000
     1.078544630     5.877103246     1.000000000
     1.091375463     5.890250168     1.000000000
     1.104206297     5.902860816     1.000000000
     1.117037130     5.914853637     1.000000000
     1.129867964     5.926135259     1.000000000
     1.142698797     5.936598658     1.000000000
     1.155529631     5.946121827     1.000000000
     1.168360464     5.954567721     1.000000000
     1.181191298     5.961786659     1.000000000
     1.194022131     5.967622696     1.000000000
     1.206852965     5.971925213     1.000000000
     1.219683798     5.974565591     1.000000000
     1.232514631     5.975456128     1.000000000
     1.232514631     5.975456128     1.000000000
     1.244837158     5.971739277     1.000000000
     1.257159684     5.967645541     1.000000000
     1.269482211     5.963208521     1.000000000
     1.281804737     5.958458120     1.000000000
     1.294127263     5.953420508     1.000000000
     1.306449790     5.948117749     1.000000000
     1.318772316     5.942567248     1.000000000
     1.331094842     5.936781093     1.000000000
     1.343417369     5.930765371     1.000000000
     1.355739895     5.924519542     1.000000000
     1.368062421     5.918035941     1.000000000
     1.380384948     5.911299539     1.000000000
     1.392707474     5.904288090     1.000000000
     1.405030000     5.896972804     1.000000000
     1.417352527     5.889319717     1.000000000
     1.429675053     5.881291834     1.000000000
     1.441997580     5.872852111     1.000000000
     1.454320106     5.863967123     1.000000000
     1.466642632     5.854611156     1.000000000
     1.478965159     5.844770274     1.000000000
     1.491287685     5.834445797     1.000000000
     1.503610211     5.823656708     1.000000000
     1.515932738     5.812440664     1.000000000
     1.528255264     5.800853591     1.000000000
     1.540577790     5.788968146     1.000000000
     1.552900317     5.776871588     1.000000000
     1.565222843     5.764663715     1.000000000
     1.577545369     5.752455619     1.000000000
     1.589867896     5.740370063     1.000000000
     1.602190422     5.728544603     1.000000000
     1.614512948     5.717139257     1.000000000
     1.626835475     5.706352240     1.000000000
     1.639158001     5.696450991     1.000000000
     1.651480528     5.687833749     1.000000000
     1.663803054     5.681151960     1.000000000
     1.676125580     5.677534867     1.000000000
     1.688448107     5.678848548     1.000000000
     1.700770633     5.687316801     1.000000000
     1.713093159     5.703519459     1.000000000
     1.725415686     5.725165038     1.000000000
     1.737738212     5.729162350     1.000000000
     1.750060738     5.721251534     1.000000000
     1.762383265     5.714193550     1.000000000
     1.774705791     5.708068540     1.000000000
     1.787028317     5.702948981     1.000000000
     1.799350844     5.698897650     1.000000000
     1.811673370     5.695965701     1.000000000
     1.823995896     5.694191000     1.000000000
     1.836318423     5.693596815     1.000000000
     1.836318423     5.693596815     1.000000000
     1.849149256     5.692626933     1.000000000
     1.861980090     5.689997639     1.000000000
     1.874810923     5.686224923     1.000000000
     1.887641757     5.681580999     1.000000000
     1.900472590     5.676009252     1.000000000
     1.913303424     5.669296233     1.000000000
     1.926134257     5.661224886     1.000000000
     1.938965091     5.635250771     1.000000000
     1.951795924     5.592822408     1.000000000
     1.964626758     5.549747821     1.000000000
     1.977457591     5.506281014     1.000000000
     1.990288424     5.462622693     1.000000000
     2.003119258     5.418936970     1.000000000
     2.015950091     5.375362337     1.000000000
     2.028780925     5.332019058     1.000000000
     2.041611758     5.289014315     1.000000000
     2.054442592     5.246445915     1.000000000
     2.067273425     5.204405106     1.000000000
     2.080104259     5.162978817     1.000000000
     2.092935092     5.122251567     1.000000000
     2.105765926     5.082307201     1.000000000
     2.118596759     5.043230551     1.000000000
     2.131427593     5.005109111     1.000000000
     2.144258426     4.968034741     1.000000000
     2.157089260     4.932105408     1.000000000
     2.169920093     4.897426859     1.000000000
     2.182750927     4.864114059     1.000000000
     2.195581760     4.832292027     1.000000000
     2.208412594     4.802095512     1.000000000
     2.221243427     4.773666722     1.000000000
     2.234074260     4.747150120     1.000000000
     2.246905094     4.722683445     1.000000000
     2.259735927     4.700384743     1.000000000
     2.272566761     4.680336609     1.000000000
     2.285397594     4.662570687     1.000000000
     2.298228428     4.647056899     1.000000000
     2.311059261     4.633701459     1.000000000
     2.323890095     4.622355177     1.000000000
     2.336720928     4.612829856     1.000000000
     2.349551762     4.604918097     1.000000000
     2.362382595     4.598411671     1.000000000
     2.375213429     4.593115433     1.000000000
     2.388044262     4.588855927     1.000000000
     2.400875096     4.585485430     1.000000000
     2.413705929     4.582882819     1.000000000
     2.426536763     4.580952597     1.000000000
     2.439367596     4.579623138     1.000000000
     2.452198429     4.578844842     1.000000000
     2.465029263     4.578588606     1.000000000
     2.465029263     4.578588606     1.000000000
     2.477804039     4.579956852     1.000000000
     2.490578815     4.584039512     1.000000000
     2.503353591     4.590772651     1.000000000
     2.516128367     4.600056817     1.000000000
     2.528903143     4.611765929     1.000000000
     2.541677919     4.625756924     1.000000000
     2.554452695     4.641878647     1.000000000
     2.567227471     4.659979075     1.000000000
     2.580002247     4.679910546     1.000000000
     2.592777023     4.701533112     1.000000000
     2.605551799     4.724716370     1.000000000
     2.618326575     4.749340147     1.000000000
     2.631101351     4.775294430     1.000000000
     2.643876127     4.802478816     1.000000000
     2.656650903     4.830801705     1.000000000
     2.669425679     4.860179386     1.000000000
     2.682200455     4.890535094     1.000000000
     2.694975231     4.921798125     1.000000000
     2.707750007     4.953903005     1.000000000
     2.720524783     4.986788754     1.000000000
     2.733299559     5.020398238     1.000000000
     2.746074335     5.054677605     1.000000000
     2.758849111     5.089575806     1.000000000
     2.771623887     5.125044183     1.000000000
     2.784398663     5.161036123     1.000000000
     2.797173439     5.197506775     1.000000000
     2.809948215     5.234412803     1.000000000
     2.822722991     5.271712191     1.000000000
     2.835497767     5.309364078     1.000000000
     2.848272543     5.347328626     1.000000000
     2.861047319     5.385566907     1.000000000
     2.873822095     5.424040820     1.000000000
     2.886596871     5.462713018     1.000000000
     2.899371647     5.501546853     1.000000000
     2.912146423     5.540506330     1.000000000
     2.924921199     5.579556077     1.000000000
     2.937695975     5.618661317     1.000000000
     2.950470751     5.657787847     1.000000000
     2.963245527     5.696902032     1.000000000
     2.976020303     5.735970790     1.000000000
     2.988795079     5.774961593     1.000000000
     3.001569855     5.811701062     1.000000000
     3.014344631     5.784530796     1.000000000
     3.027119407     5.723526449     1.000000000
     3.039894183     5.662281188     1.000000000
     3.052668959     5.610056299     1.000000000
     3.065443735     5.579985771     1.000000000
     3.078218511     5.580960980     1.000000000
     3.090993287     5.601900461     1.000000000
     3.090993287     5.601900461     1.000000000
     3.103315814     5.602461605     1.000000000
     3.115638340     5.604100892     1.000000000
     3.127960866     5.606692723     1.000000000
     3.140283393     5.610048208     1.000000000
     3.152605919     5.613939011     1.000000000
     3.164928445     5.618120884     1.000000000
     3.177250972     5.622352903     1.000000000
     3.189573498     5.626410972     1.000000000
     3.201896024     5.630096025     1.000000000
     3.214218551     5.633238175     1.000000000
     3.226541077     5.635698148     1.000000000
     3.238863604     5.637367089     1.000000000
     3.251186130     5.638165475     1.000000000
     3.263508656     5.638041626     1.000000000
     3.275831183     5.636970076     1.000000000
     3.288153709     5.634949968     1.000000000
     3.300476235     5.632003532     1.000000000
     3.312798762     5.628174690     1.000000000
     3.325121288     5.623527753     1.000000000
     3.337443814     5.618146185     1.000000000
     3.349766341     5.612131342     1.000000000
     3.362088867     5.605601069     1.000000000
     3.374411393     5.598688008     1.000000000
     3.386733920     5.591537440     1.000000000
     3.399056446     5.584304470     1.000000000
     3.411378972     5.577150404     1.000000000
     3.423701499     5.570238252     1.000000000
     3.436024025     5.563727424     1.000000000
     3.448346552     5.557767892     1.000000000
     3.460669078     5.552494273     1.000000000
     3.472991604     5.548020462     1.000000000
     3.485314131     5.544435449     1.000000000
     3.497636657     5.541800886     1.000000000
     3.509959183     5.540150635     1.000000000
     3.522281710     5.539492284     1.000000000
     3.534604236     5.539810259     1.000000000
     3.546926762     5.541069983     1.000000000
     3.559249289     5.543222506     1.000000000
     3.571571815     5.546209059     1.000000000
     3.583894341     5.549965181     1.000000000
     3.596216868     5.554424182     1.000000000
     3.608539394     5.559519879     1.000000000
     3.620861921     5.565188629     1.000000000
     3.633184447     5.571370737     1.000000000
     3.645506973     5.578011358     1.000000000
     3.657829500     5.585060994     1.000000000
     3.670152026     5.592475687     1.000000000
     3.682474552     5.600217000     1.000000000
     3.694797079     5.608251696     1.000000000
     3.694797079     5.608251696     1.000000000
     3.707627912     5.604392637     1.000000000
     3.720458746     5.603735979     1.000000000
     3.733289579     5.606321133     1.000000000
     3.746120413     5.612120298     1.000000000
     3.758951246     5.621042898     1.000000000
     3.771782079     5.632944812     1.000000000
     3.784612913     5.647640527     1.000000000
     3.797443746     5.664916115     1.000000000
     3.810274580     5.684541317     1.000000000
     3.823105413     5.706279648     1.000000000
     3.835936247     5.729896082     1.000000000
     3.848767080     5.755162393     1.000000000
     3.861597914     5.781860462     1.000000000
     3.874428747     5.809784029     1.000000000
     3.887259581     5.838739323     1.000000000
     3.900090414     5.868544947     1.000000000
     3.912921248     5.899031317     1.000000000
     3.925752081     5.930039867     1.000000000
     3.938582915     5.961422146     1.000000000
     3.951413748     5.993038919     1.000000000
     3.964244582     6.024759310     1.000000000
     3.977075415     6.056460013     1.000000000
     3.989906249     6.088024589     1.000000000
     4.002737082     6.119342851     1.000000000
     4.015567915     6.150310319     1.000000000
     4.028398749     6.180827763     1.000000000
     4.041229582     6.210800800     1.000000000
     4.054060416     6.240139554     1.000000000
     4.066891249     6.268758376     1.000000000
     4.079722083     6.296575598     1.000000000
     4.092552916     6.323513340     1.000000000
     4.105383750     6.349497349     1.000000000
     4.118214583     6.374456881     1.000000000
     4.131045417     6.398324610     1.000000000
     4.143876250     6.421036570     1.000000000
     4.156707084     6.442532131     1.000000000
     4.169537917     6.462753998     1.000000000
     4.182368751     6.481648246     1.000000000
     4.195199584     6.499164374     1.000000000
     4.208030418     6.515255388     1.000000000
     4.220861251     6.529877909     1.000000000
     4.233692084     6.542992301     1.000000000
     4.246522918     6.554562819     1.000000000
     4.259353751     6.564557773     1.000000000
     4.272184585     6.572949707     1.000000000
     4.285015418     6.579715588     1.000000000
     4.297846252     6.584836993     1.000000000
     4.310677085     6.588300311     1.000000000
     4.323507919     6.590096835     1.000000000
     4.323507919     6.590096835     1.000000000
     4.335830445     6.586333482     1.000000000
     4.348152971     6.581514401     1.000000000
     4.360475498     6.575639391     1.000000000
     4.372798024     6.568710143     1.000000000
     4.385120551     6.560730386     1.000000000
     4.397443077     6.551705934     1.000000000
     4.409765603     6.541644742     1.000000000
     4.422088130     6.530556964     1.000000000
     4.434410656     6.518455016     1.000000000
     4.446733182     6.505353645     1.000000000
     4.459055709     6.491269993     1.000000000
     4.471378235     6.476223668     1.000000000
     4.483700761     6.460236814     1.000000000
     4.496023288     6.443334169     1.000000000
     4.508345814     6.425543130     1.000000000
     4.520668340     6.406893810     1.000000000
     4.532990867     6.387419083     1.000000000
     4.545313393     6.367154631     1.000000000
     4.557635920     6.346138979     1.000000000
     4.569958446     6.324413529     1.000000000
     4.582280972     6.302022588     1.000000000
     4.594603499     6.279013399     1.000000000
     4.606926025     6.255436177     1.000000000
     4.619248551     6.231344156     1.000000000
     4.631571078     6.206793661     1.000000000
     4.643893604     6.181844212     1.000000000
     4.656216130     6.156558678     1.000000000
     4.668538657     6.131003494     1.000000000
     4.680861183     6.105248975     1.000000000
     4.693183709     6.079369731     1.000000000
     4.705506236     6.053445236     1.000000000
     4.717828762     6.027560563     1.000000000
     4.730151288     6.001807325     1.000000000
     4.742473815     5.976284846     1.000000000
     4.754796341     5.951101593     1.000000000
     4.767118868     5.926376863     1.000000000
     4.779441394     5.902242694     1.000000000
     4.791763920     5.878845946     1.000000000
     4.804086447     5.856350366     1.000000000
     4.816408973     5.834938385     1.000000000
     4.828731499     5.814812225     1.000000000
     4.841054026     5.796193697     1.000000000
     4.853376552     5.779321928     1.000000000
     4.865699078     5.764448129     1.000000000
     4.878021605     5.751826647     1.000000000
     4.890344131     5.741701972     1.000000000
     4.902666657     5.734292277     1.000000000
     4.914989184     5.729771264     1.000000000
     4.927311710     5.728251286     1.000000000
     4.927311710     5.728251286     1.000000000
     4.940142544     5.727869795     1.000000000
     4.952973377     5.726728179     1.000000000
     4.965804211     5.724835024     1.000000000
     4.978635044     5.722204584     1.000000000
     4.991465877     5.718856705     1.000000000
     5.004296711     5.714816706     1.000000000
     5.017127544     5.710115227     1.000000000
     5.029958378     5.704788026     1.000000000
     5.042789211     5.698875739     1.000000000
     5.055620045     5.692423590     1.000000000
     5.068450878     5.685481060     1.000000000
     5.081281712     5.678101516     1.000000000
     5.094112545     5.670341811     1.000000000
     5.106943379     5.662261865     1.000000000
     5.119774212     5.653924250     1.000000000
     5.132605046     5.645393793     1.000000000
     5.145435879     5.636737221     1.000000000
     5.158266713     5.628022885     1.000000000
     5.171097546     5.619320576     1.000000000
     5.183928380     5.610701459     1.000000000
     5.196759213     5.602238147     1.000000000
     5.209590047     5.594004916     1.000000000
     5.222420880     5.586078037     1.000000000
     5.235251713     5.578536186     1.000000000
     5.248082547     5.571460853     1.000000000
     5.260913380     5.564936584     1.000000000
     5.273744214     5.559050870     1.000000000
     5.286575047     5.553893375     1.000000000
     5.299405881     5.549554167     1.000000000
     5.312236714     5.546120565     1.000000000
     5.325067548     5.543672334     1.000000000
     5.337898381     5.542275197     1.000000000
     5.350729215     5.541973067     1.000000000
     5.363560048     5.542779977     1.000000000
     5.376390882     5.544673136     1.000000000
     5.389221715     5.547588631     1.000000000
     5.402052549     5.551420884     1.000000000
     5.414883382     5.556026045     1.000000000
     5.427714216     5.561228626     1.000000000
     5.440545049     5.566830059     1.000000000
     5.453375882     5.572617872     1.000000000
     5.466206716     5.578374546     1.000000000
     5.479037549     5.583885615     1.000000000
     5.491868383     5.588947008     1.000000000
     5.504699216     5.593371783     1.000000000
     5.517530050     5.596996380     1.000000000
     5.530360883     5.599686407     1.000000000
     5.543191717     5.601341717     1.000000000
     5.556022550     5.601900461     1.000000000
  
     0.000000000     4.822199207     1.000000000
     0.012322526     4.822837503     1.000000000
     0.024645053     4.824753682     1.000000000
     0.036967579     4.827951489     1.000000000
     0.049290105     4.832436779     1.000000000
     0.061612632     4.838216925     1.000000000
     0.073935158     4.845300011     1.000000000
     0.086257684     4.853693802     1.000000000
     0.098580211     4.863404516     1.000000000
     0.110902737     4.874435432     1.000000000
     0.123225264     4.886785364     1.000000000
     0.135547790     4.900447054     1.000000000
     0.147870316     4.915405569     1.000000000
     0.160192843     4.931636744     1.000000000
     0.172515369     4.949105784     1.000000000
     0.184837895     4.967766088     1.000000000
     0.197160422     4.987558363     1.000000000
     0.209482948     5.008410089     1.000000000
     0.221805474     5.030235359     1.000000000
     0.234128001     5.052935091     1.000000000
     0.246450527     5.076397595     1.000000000
     0.258773053     5.100499437     1.000000000
     0.271095580     5.125106529     1.000000000
     0.283418106     5.150075384     1.000000000
     0.295740632     5.175254432     1.000000000
     0.308063159     5.200485358     1.000000000
     0.320385685     5.225604390     1.000000000
     0.332708212     5.250443515     1.000000000
     0.345030738     5.274831614     1.000000000
     0.357353264     5.298595530     1.000000000
     0.369675791     5.321561102     1.000000000
     0.381998317     5.343554231     1.000000000
     0.394320843     5.364402018     1.000000000
     0.406643370     5.383934077     1.000000000
     0.418965896     5.401984053     1.000000000
     0.431288422     5.418391432     1.000000000
     0.443610949     5.433003644     1.000000000
     0.455933475     5.445678469     1.000000000
     0.468256001     5.456286697     1.000000000
     0.480578528     5.491723300     1.000000000
     0.492901054     5.539654664     1.000000000
     0.505223581     5.587797088     1.000000000
     0.517546107     5.635401672     1.000000000
     0.529868633     5.680620024     1.000000000
     0.542191160     5.716934649     1.000000000
     0.554513686     5.720502398     1.000000000
     0.566836212     5.676895686     1.000000000
     0.579158739     5.614087436     1.000000000
     0.591481265     5.545521208     1.000000000
     0.603803791     5.476863474     1.000000000
     0.603803791     5.476863474     1.000000000
     0.616634625     5.477275230     1.000000000
     0.629465458     5.478503559     1.000000000
     0.642296292     5.480529218     1.000000000
     0.655127125     5.483324912     1.000000000
     0.667957959     5.486861185     1.000000000
     0.680788792     5.491112595     1.000000000
     0.693619626     5.496062721     1.000000000
     0.706450459     5.501706866     1.000000000
     0.719281293     5.508051748     1.000000000
     0.732112126     5.515112190     1.000000000
     0.744942960     5.522905640     1.000000000
     0.757773793     5.531445975     1.000000000
     0.770604626     5.540738166     1.000000000
     0.783435460     5.550774917     1.000000000
     0.796266293     5.561535584     1.000000000
     0.809097127     5.572987020     1.000000000
     0.821927960     5.585085609     1.000000000
     0.834758794     5.597779810     1.000000000
     0.847589627     5.611012692     1.000000000
     0.860420461     5.624724166     1.000000000
     0.873251294     5.638852818     1.000000000
     0.886082128     5.653337333     1.000000000
     0.898912961     5.668117527     1.000000000
     0.911743795     5.683135070     1.000000000
     0.924574628     5.698333920     1.000000000
     0.937405462     5.713660526     1.000000000
     0.950236295     5.729063833     1.000000000
     0.963067129     5.744495102     1.000000000
     0.975897962     5.759907587     1.000000000
     0.988728796     5.775256068     1.000000000
     1.001559629     5.790496266     1.000000000
     1.014390462     5.805584142     1.000000000
     1.027221296     5.820475092     1.000000000
     1.040052129     5.835123037     1.000000000
     1.052882963     5.849479394     1.000000000
     1.065713796     5.863491928     1.000000000
     1.078544630     5.877103453     1.000000000
     1.091375463     5.890250368     1.000000000
     1.104206297     5.902861007     1.000000000
     1.117037130     5.914853817     1.000000000
     1.129867964     5.926135428     1.000000000
     1.142698797     5.936598813     1.000000000
     1.155529631     5.946121967     1.000000000
     1.168360464     5.954567842     1.000000000
     1.181191298     5.961786761     1.000000000
     1.194022131     5.967622776     1.000000000
     1.206852965     5.971925270     1.000000000
     1.219683798     5.974565627     1.000000000
     1.232514631     5.975456156     1.000000000
     1.232514631     5.975456156     1.000000000
     1.244837158     5.978758386     1.000000000
     1.257159684     5.981602538     1.000000000
     1.269482211     5.983935884     1.000000000
     1.281804737     5.985688403     1.000000000
     1.294127263     5.986753791     1.000000000
     1.306449790     5.986941012     1.000000000
     1.318772316     5.985839463     1.000000000
     1.331094842     5.982459082     1.000000000
     1.343417369     5.974903486     1.000000000
     1.355739895     5.962459856     1.000000000
     1.368062421     5.947359511     1.000000000
     1.380384948     5.931756779     1.000000000
     1.392707474     5.916912198     1.000000000
     1.405030000     5.903766000     1.000000000
     1.417352527     5.893216859     1.000000000
     1.429675053     5.886155862     1.000000000
     1.441997580     5.883344083     1.000000000
     1.454320106     5.885199760     1.000000000
     1.466642632     5.891632136     1.000000000
     1.478965159     5.902055482     1.000000000
     1.491287685     5.915504367     1.000000000
     1.503610211     5.927333456     1.000000000
     1.515932738     5.920458206     1.000000000
     1.528255264     5.911234300     1.000000000
     1.540577790     5.901447245     1.000000000
     1.552900317     5.891226981     1.000000000
     1.565222843     5.880636320     1.000000000
     1.577545369     5.869729349     1.000000000
     1.589867896     5.858560718     1.000000000
     1.602190422     5.847188098     1.000000000
     1.614512948     5.835673038     1.000000000
     1.626835475     5.824081309     1.000000000
     1.639158001     5.812483024     1.000000000
     1.651480528     5.800952616     1.000000000
     1.663803054     5.789568692     1.000000000
     1.676125580     5.778413753     1.000000000
     1.688448107     5.767573754     1.000000000
     1.700770633     5.757137483     1.000000000
     1.713093159     5.747195732     1.000000000
     1.725415686     5.737840232     1.000000000
     1.737738212     5.749127303     1.000000000
     1.750060738     5.773137446     1.000000000
     1.762383265     5.795792933     1.000000000
     1.774705791     5.816189880     1.000000000
     1.787028317     5.833688069     1.000000000
     1.799350844     5.847801617     1.000000000
     1.811673370     5.858156730     1.000000000
     1.823995896     5.864481413     1.000000000
     1.836318423     5.866608501     1.000000000
     1.836318423     5.866608501     1.000000000
     1.849149256     5.860934249     1.000000000
     1.861980090     5.844797485     1.000000000
     1.874810923     5.820278448     1.000000000
     1.887641757     5.789623497     1.000000000
     1.900472590     5.754662452     1.000000000
     1.913303424     5.716715853     1.000000000
     1.926134257     5.676699664     1.000000000
     1.938965091     5.651639364     1.000000000
     1.951795924     5.640454413     1.000000000
     1.964626758     5.627643727     1.000000000
     1.977457591     5.613224336     1.000000000
     1.990288424     5.597243127     1.000000000
     2.003119258     5.579766802     1.000000000
     2.015950091     5.560874952     1.000000000
     2.028780925     5.540655493     1.000000000
     2.041611758     5.519201754     1.000000000
     2.054442592     5.496610676     1.000000000
     2.067273425     5.472981726     1.000000000
     2.080104259     5.448416256     1.000000000
     2.092935092     5.423017143     1.000000000
     2.105765926     5.396888584     1.000000000
     2.118596759     5.370135987     1.000000000
     2.131427593     5.342865906     1.000000000
     2.144258426     5.315186002     1.000000000
     2.157089260     5.287205007     1.000000000
     2.169920093     5.259032701     1.000000000
     2.182750927     5.230779870     1.000000000
     2.195581760     5.202558287     1.000000000
     2.208412594     5.174480676     1.000000000
     2.221243427     5.146660692     1.000000000
     2.234074260     5.119212913     1.000000000
     2.246905094     5.092252835     1.000000000
     2.259735927     5.065896883     1.000000000
     2.272566761     5.040262430     1.000000000
     2.285397594     5.015467808     1.000000000
     2.298228428     4.991632299     1.000000000
     2.311059261     4.968876068     1.000000000
     2.323890095     4.947320011     1.000000000
     2.336720928     4.927085438     1.000000000
     2.349551762     4.908293537     1.000000000
     2.362382595     4.891064526     1.000000000
     2.375213429     4.875516419     1.000000000
     2.388044262     4.861763314     1.000000000
     2.400875096     4.849913195     1.000000000
     2.413705929     4.840065249     1.000000000
     2.426536763     4.832306830     1.000000000
     2.439367596     4.826710265     1.000000000
     2.452198429     4.823329828     1.000000000
     2.465029263     4.822199207     1.000000000
     2.465029263     5.514108015     1.000000000
     2.477804039     5.515163194     1.000000000
     2.490578815     5.518320661     1.000000000
     2.503353591     5.523556172     1.000000000
     2.516128367     5.530829185     1.000000000
     2.528903143     5.540082706     1.000000000
     2.541677919     5.551243110     1.000000000
     2.554452695     5.564219999     1.000000000
     2.567227471     5.578906150     1.000000000
     2.580002247     5.595177601     1.000000000
     2.592777023     5.612893911     1.000000000
     2.605551799     5.631898654     1.000000000
     2.618326575     5.652020143     1.000000000
     2.631101351     5.673072434     1.000000000
     2.643876127     5.694856583     1.000000000
     2.656650903     5.717162168     1.000000000
     2.669425679     5.739769058     1.000000000
     2.682200455     5.762449412     1.000000000
     2.694975231     5.784969886     1.000000000
     2.707750007     5.807094022     1.000000000
     2.720524783     5.828584788     1.000000000
     2.733299559     5.849207253     1.000000000
     2.746074335     5.868731336     1.000000000
     2.758849111     5.886934612     1.000000000
     2.771623887     5.903605099     1.000000000
     2.784398663     5.918543975     1.000000000
     2.797173439     5.931568144     1.000000000
     2.809948215     5.942512575     1.000000000
     2.822722991     5.951232327     1.000000000
     2.835497767     5.957604172     1.000000000
     2.848272543     5.961527769     1.000000000
     2.861047319     5.962926322     1.000000000
     2.873822095     5.961746721     1.000000000
     2.886596871     5.957959173     1.000000000
     2.899371647     5.951556386     1.000000000
     2.912146423     5.942552380     1.000000000
     2.924921199     5.930981057     1.000000000
     2.937695975     5.916894666     1.000000000
     2.950470751     5.900362338     1.000000000
     2.963245527     5.881468917     1.000000000
     2.976020303     5.860314351     1.000000000
     2.988795079     5.837014075     1.000000000
     3.001569855     5.813842461     1.000000000
     3.014344631     5.787700394     1.000000000
     3.027119407     5.755691675     1.000000000
     3.039894183     5.725426265     1.000000000
     3.052668959     5.694076168     1.000000000
     3.065443735     5.662183469     1.000000000
     3.078218511     5.630743040     1.000000000
     3.090993287     5.601900487     1.000000000
     3.090993287     5.601900487     1.000000000
     3.103315814     5.602461631     1.000000000
     3.115638340     5.604100918     1.000000000
     3.127960866     5.606692749     1.000000000
     3.140283393     5.610048235     1.000000000
     3.152605919     5.613939041     1.000000000
     3.164928445     5.618120919     1.000000000
     3.177250972     5.622352944     1.000000000
     3.189573498     5.626411022     1.000000000
     3.201896024     5.630096084     1.000000000
     3.214218551     5.633238244     1.000000000
     3.226541077     5.635698228     1.000000000
     3.238863604     5.637367180     1.000000000
     3.251186130     5.638165577     1.000000000
     3.263508656     5.638041739     1.000000000
     3.275831183     5.636970200     1.000000000
     3.288153709     5.634950103     1.000000000
     3.300476235     5.632003678     1.000000000
     3.312798762     5.628174846     1.000000000
     3.325121288     5.623527920     1.000000000
     3.337443814     5.618146362     1.000000000
     3.349766341     5.612131529     1.000000000
     3.362088867     5.605601265     1.000000000
     3.374411393     5.598688212     1.000000000
     3.386733920     5.591537652     1.000000000
     3.399056446     5.584304688     1.000000000
     3.411378972     5.577150628     1.000000000
     3.423701499     5.570238481     1.000000000
     3.436024025     5.563727656     1.000000000
     3.448346552     5.557768126     1.000000000
     3.460669078     5.552494508     1.000000000
     3.472991604     5.548020696     1.000000000
     3.485314131     5.544435682     1.000000000
     3.497636657     5.541801115     1.000000000
     3.509959183     5.540150859     1.000000000
     3.522281710     5.539492502     1.000000000
     3.534604236     5.539810470     1.000000000
     3.546926762     5.541070187     1.000000000
     3.559249289     5.543222700     1.000000000
     3.571571815     5.546209244     1.000000000
     3.583894341     5.549965356     1.000000000
     3.596216868     5.554424346     1.000000000
     3.608539394     5.559520031     1.000000000
     3.620861921     5.565188769     1.000000000
     3.633184447     5.571370864     1.000000000
     3.645506973     5.578011473     1.000000000
     3.657829500     5.585061095     1.000000000
     3.670152026     5.592475775     1.000000000
     3.682474552     5.600217076     1.000000000
     3.694797079     5.608251791     1.000000000
     3.694797079     5.608251791     1.000000000
     3.707627912     5.604392721     1.000000000
     3.720458746     5.603736070     1.000000000
     3.733289579     5.606321230     1.000000000
     3.746120413     5.612120402     1.000000000
     3.758951246     5.621043007     1.000000000
     3.771782079     5.632944927     1.000000000
     3.784612913     5.647640646     1.000000000
     3.797443746     5.664916239     1.000000000
     3.810274580     5.684541445     1.000000000
     3.823105413     5.706279779     1.000000000
     3.835936247     5.729896216     1.000000000
     3.848767080     5.755162529     1.000000000
     3.861597914     5.781860600     1.000000000
     3.874428747     5.809784169     1.000000000
     3.887259581     5.838739463     1.000000000
     3.900090414     5.868545088     1.000000000
     3.912921248     5.899031459     1.000000000
     3.925752081     5.930040009     1.000000000
     3.938582915     5.961422287     1.000000000
     3.951413748     5.993039060     1.000000000
     3.964244582     6.024759450     1.000000000
     3.977075415     6.056460152     1.000000000
     3.989906249     6.088024727     1.000000000
     4.002737082     6.119342986     1.000000000
     4.015567915     6.150310453     1.000000000
     4.028398749     6.180827895     1.000000000
     4.041229582     6.210800929     1.000000000
     4.054060416     6.240139681     1.000000000
     4.066891249     6.268758500     1.000000000
     4.079722083     6.296575719     1.000000000
     4.092552916     6.323513457     1.000000000
     4.105383750     6.349497463     1.000000000
     4.118214583     6.374456991     1.000000000
     4.131045417     6.398324716     1.000000000
     4.143876250     6.421036672     1.000000000
     4.156707084     6.442532229     1.000000000
     4.169537917     6.462754091     1.000000000
     4.182368751     6.481648334     1.000000000
     4.195199584     6.499164457     1.000000000
     4.208030418     6.515255466     1.000000000
     4.220861251     6.529877982     1.000000000
     4.233692084     6.542992369     1.000000000
     4.246522918     6.554562881     1.000000000
     4.259353751     6.564557830     1.000000000
     4.272184585     6.572949759     1.000000000
     4.285015418     6.579715635     1.000000000
     4.297846252     6.584837036     1.000000000
     4.310677085     6.588300350     1.000000000
     4.323507919     6.590096879     1.000000000
     4.323507919     6.590096879     1.000000000
     4.335830445     6.586333524     1.000000000
     4.348152971     6.581514448     1.000000000
     4.360475498     6.575639443     1.000000000
     4.372798024     6.568710199     1.000000000
     4.385120551     6.560730446     1.000000000
     4.397443077     6.551705997     1.000000000
     4.409765603     6.541644809     1.000000000
     4.422088130     6.530557033     1.000000000
     4.434410656     6.518455088     1.000000000
     4.446733182     6.505353718     1.000000000
     4.459055709     6.491270068     1.000000000
     4.471378235     6.476223744     1.000000000
     4.483700761     6.460236890     1.000000000
     4.496023288     6.443334245     1.000000000
     4.508345814     6.425543206     1.000000000
     4.520668340     6.406893884     1.000000000
     4.532990867     6.387419156     1.000000000
     4.545313393     6.367154702     1.000000000
     4.557635920     6.346139048     1.000000000
     4.569958446     6.324413595     1.000000000
     4.582280972     6.302022652     1.000000000
     4.594603499     6.279013460     1.000000000
     4.606926025     6.255436234     1.000000000
     4.619248551     6.231344209     1.000000000
     4.631571078     6.206793711     1.000000000
     4.643893604     6.181844258     1.000000000
     4.656216130     6.156558719     1.000000000
     4.668538657     6.131003532     1.000000000
     4.680861183     6.105249008     1.000000000
     4.693183709     6.079369760     1.000000000
     4.705506236     6.053445262     1.000000000
     4.717828762     6.027560586     1.000000000
     4.730151288     6.001807345     1.000000000
     4.742473815     5.976284865     1.000000000
     4.754796341     5.951101613     1.000000000
     4.767118868     5.926376883     1.000000000
     4.779441394     5.902242717     1.000000000
     4.791763920     5.878845971     1.000000000
     4.804086447     5.856350394     1.000000000
     4.816408973     5.834938417     1.000000000
     4.828731499     5.814812260     1.000000000
     4.841054026     5.796193735     1.000000000
     4.853376552     5.779321969     1.000000000
     4.865699078     5.764448173     1.000000000
     4.878021605     5.751826692     1.000000000
     4.890344131     5.741702020     1.000000000
     4.902666657     5.734292327     1.000000000
     4.914989184     5.729771316     1.000000000
     4.927311710     5.728251339     1.000000000
     4.927311710     5.728251339     1.000000000
     4.940142544     5.727869849     1.000000000
     4.952973377     5.726728234     1.000000000
     4.965804211     5.724835079     1.000000000
     4.978635044     5.722204638     1.000000000
     4.991465877     5.718856759     1.000000000
     5.004296711     5.714816760     1.000000000
     5.017127544     5.710115280     1.000000000
     5.029958378     5.704788079     1.000000000
     5.042789211     5.698875791     1.000000000
     5.055620045     5.692423641     1.000000000
     5.068450878     5.685481111     1.000000000
     5.081281712     5.678101566     1.000000000
     5.094112545     5.670341859     1.000000000
     5.106943379     5.662261913     1.000000000
     5.119774212     5.653924297     1.000000000
     5.132605046     5.645393839     1.000000000
     5.145435879     5.636737266     1.000000000
     5.158266713     5.628022930     1.000000000
     5.171097546     5.619320620     1.000000000
     5.183928380     5.610701502     1.000000000
     5.196759213     5.602238189     1.000000000
     5.209590047     5.594004958     1.000000000
     5.222420880     5.586078077     1.000000000
     5.235251713     5.578536226     1.000000000
     5.248082547     5.571460892     1.000000000
     5.260913380     5.564936623     1.000000000
     5.273744214     5.559050908     1.000000000
     5.286575047     5.553893413     1.000000000
     5.299405881     5.549554204     1.000000000
     5.312236714     5.546120601     1.000000000
     5.325067548     5.543672369     1.000000000
     5.337898381     5.542275231     1.000000000
     5.350729215     5.541973101     1.000000000
     5.363560048     5.542780010     1.000000000
     5.376390882     5.544673168     1.000000000
     5.389221715     5.547588663     1.000000000
     5.402052549     5.551420914     1.000000000
     5.414883382     5.556026075     1.000000000
     5.427714216     5.561228656     1.000000000
     5.440545049     5.566830088     1.000000000
     5.453375882     5.572617900     1.000000000
     5.466206716     5.578374574     1.000000000
     5.479037549     5.583885642     1.000000000
     5.491868383     5.588947036     1.000000000
     5.504699216     5.593371810     1.000000000
     5.517530050     5.596996407     1.000000000
     5.530360883     5.599686434     1.000000000
     5.543191717     5.601341744     1.000000000
     5.556022550     5.601900487     1.000000000
  
     0.000000000     7.129966412     1.000000000
     0.012322526     7.129631591     1.000000000
     0.024645053     7.128626639     1.000000000
     0.036967579     7.126950074     1.000000000
     0.049290105     7.124599357     1.000000000
     0.061612632     7.121570817     1.000000000
     0.073935158     7.117859553     1.000000000
     0.086257684     7.113459346     1.000000000
     0.098580211     7.108362600     1.000000000
     0.110902737     7.102560312     1.000000000
     0.123225264     7.096042083     1.000000000
     0.135547790     7.088796175     1.000000000
     0.147870316     7.080809591     1.000000000
     0.160192843     7.072068178     1.000000000
     0.172515369     7.062556718     1.000000000
     0.184837895     7.052258994     1.000000000
     0.197160422     7.041157798     1.000000000
     0.209482948     7.029234856     1.000000000
     0.221805474     7.016470643     1.000000000
     0.234128001     7.002844069     1.000000000
     0.246450527     6.988332014     1.000000000
     0.258773053     6.972908702     1.000000000
     0.271095580     6.956544925     1.000000000
     0.283418106     6.932384023     1.000000000
     0.295740632     6.896431880     1.000000000
     0.308063159     6.858925014     1.000000000
     0.320385685     6.819859409     1.000000000
     0.332708212     6.779230649     1.000000000
     0.345030738     6.737034206     1.000000000
     0.357353264     6.693265742     1.000000000
     0.369675791     6.647921477     1.000000000
     0.381998317     6.600998628     1.000000000
     0.394320843     6.552495977     1.000000000
     0.406643370     6.502414629     1.000000000
     0.418965896     6.450759052     1.000000000
     0.431288422     6.397538602     1.000000000
     0.443610949     6.342769894     1.000000000
     0.455933475     6.286480730     1.000000000
     0.468256001     6.228717157     1.000000000
     0.480578528     6.169557229     1.000000000
     0.492901054     6.109140769     1.000000000
     0.505223581     6.047742295     1.000000000
     0.517546107     5.985981756     1.000000000
     0.529868633     5.925585718     1.000000000
     0.542191160     5.872962447     1.000000000
     0.554513686     5.851865800     1.000000000
     0.566836212     5.876669091     1.000000000
     0.579158739     5.919425681     1.000000000
     0.591481265     5.967002446     1.000000000
     0.603803791     6.016118558     1.000000000
     0.603803791     6.016118558     1.000000000
     0.616634625     6.015997996     1.000000000
     0.629465458     6.015647836     1.000000000
     0.642296292     6.015102132     1.000000000
     0.655127125     6.014415926     1.000000000
     0.667957959     6.013662708     1.000000000
     0.680788792     6.012930927     1.000000000
     0.693619626     6.012319637     1.000000000
     0.706450459     6.011933450     1.000000000
     0.719281293     6.011876993     1.000000000
     0.732112126     6.012249217     1.000000000
     0.744942960     6.013137902     1.000000000
     0.757773793     6.014614822     1.000000000
     0.770604626     6.016731947     1.000000000
     0.783435460     6.019519019     1.000000000
     0.796266293     6.022982651     1.000000000
     0.809097127     6.027106942     1.000000000
     0.821927960     6.031855384     1.000000000
     0.834758794     6.037173749     1.000000000
     0.847589627     6.042993534     1.000000000
     0.860420461     6.049235589     1.000000000
     0.873251294     6.055813617     1.000000000
     0.886082128     6.062637301     1.000000000
     0.898912961     6.069614971     1.000000000
     0.911743795     6.076655746     1.000000000
     0.924574628     6.083671210     1.000000000
     0.937405462     6.090576668     1.000000000
     0.950236295     6.097292088     1.000000000
     0.963067129     6.103742813     1.000000000
     0.975897962     6.109860115     1.000000000
     0.988728796     6.115581681     1.000000000
     1.001559629     6.120852067     1.000000000
     1.014390462     6.125623185     1.000000000
     1.027221296     6.129854834     1.000000000
     1.040052129     6.133515321     1.000000000
     1.052882963     6.136582182     1.000000000
     1.065713796     6.139043040     1.000000000
     1.078544630     6.140896601     1.000000000
     1.091375463     6.142153838     1.000000000
     1.104206297     6.142839358     1.000000000
     1.117037130     6.142992946     1.000000000
     1.129867964     6.142671231     1.000000000
     1.142698797     6.141949246     1.000000000
     1.155529631     6.140921507     1.000000000
     1.168360464     6.139701814     1.000000000
     1.181191298     6.138420620     1.000000000
     1.194022131     6.137218450     1.000000000
     1.206852965     6.136234132     1.000000000
     1.219683798     6.135587967     1.000000000
     1.232514631     6.135362708     1.000000000
     1.232514631     6.135362708     1.000000000
     1.244837158     6.123102985     1.000000000
     1.257159684     6.109679976     1.000000000
     1.269482211     6.095224819     1.000000000
     1.281804737     6.079897226     1.000000000
     1.294127263     6.063905935     1.000000000
     1.306449790     6.047559861     1.000000000
     1.318772316     6.031407157     1.000000000
     1.331094842     6.016601332     1.000000000
     1.343417369     6.005237051     1.000000000
     1.355739895     5.998272773     1.000000000
     1.368062421     5.993787264     1.000000000
     1.380384948     5.990022762     1.000000000
     1.392707474     5.986226906     1.000000000
     1.405030000     5.982099564     1.000000000
     1.417352527     5.977509453     1.000000000
     1.429675053     5.972395095     1.000000000
     1.441997580     5.966728764     1.000000000
     1.454320106     5.960502552     1.000000000
     1.466642632     5.953724621     1.000000000
     1.478965159     5.946427989     1.000000000
     1.491287685     5.938756139     1.000000000
     1.503610211     5.934493566     1.000000000
     1.515932738     5.949970774     1.000000000
     1.528255264     5.968235132     1.000000000
     1.540577790     5.987055280     1.000000000
     1.552900317     6.005979992     1.000000000
     1.565222843     6.024721323     1.000000000
     1.577545369     6.043072546     1.000000000
     1.589867896     6.060881011     1.000000000
     1.602190422     6.078032767     1.000000000
     1.614512948     6.094442503     1.000000000
     1.626835475     6.103191405     1.000000000
     1.639158001     6.105979844     1.000000000
     1.651480528     6.109096995     1.000000000
     1.663803054     6.112463855     1.000000000
     1.676125580     6.116001933     1.000000000
     1.688448107     6.119634061     1.000000000
     1.700770633     6.123285176     1.000000000
     1.713093159     6.126883119     1.000000000
     1.725415686     6.130359413     1.000000000
     1.737738212     6.133650044     1.000000000
     1.750060738     6.136696202     1.000000000
     1.762383265     6.139444956     1.000000000
     1.774705791     6.141849825     1.000000000
     1.787028317     6.143871223     1.000000000
     1.799350844     6.145476749     1.000000000
     1.811673370     6.146641311     1.000000000
     1.823995896     6.147347112     1.000000000
     1.836318423     6.147583552     1.000000000
     1.836318423     6.147583552     1.000000000
     1.849149256     6.154017634     1.000000000
     1.861980090     6.172517535     1.000000000
     1.874810923     6.201063649     1.000000000
     1.887641757     6.237201377     1.000000000
     1.900472590     6.278631333     1.000000000
     1.913303424     6.323438064     1.000000000
     1.926134257     6.370089971     1.000000000
     1.938965091     6.417360579     1.000000000
     1.951795924     6.464254265     1.000000000
     1.964626758     6.505317210     1.000000000
     1.977457591     6.538820888     1.000000000
     1.990288424     6.571697808     1.000000000
     2.003119258     6.603823592     1.000000000
     2.015950091     6.635104159     1.000000000
     2.028780925     6.665468404     1.000000000
     2.041611758     6.694863114     1.000000000
     2.054442592     6.723249320     1.000000000
     2.067273425     6.750599568     1.000000000
     2.080104259     6.776895825     1.000000000
     2.092935092     6.802127804     1.000000000
     2.105765926     6.826291604     1.000000000
     2.118596759     6.849388568     1.000000000
     2.131427593     6.871424328     1.000000000
     2.144258426     6.892407997     1.000000000
     2.157089260     6.912351479     1.000000000
     2.169920093     6.931268902     1.000000000
     2.182750927     6.949176131     1.000000000
     2.195581760     6.966090383     1.000000000
     2.208412594     6.982029901     1.000000000
     2.221243427     6.997013699     1.000000000
     2.234074260     7.011061352     1.000000000
     2.246905094     7.024192831     1.000000000
     2.259735927     7.036428359     1.000000000
     2.272566761     7.047788289     1.000000000
     2.285397594     7.058292989     1.000000000
     2.298228428     7.067962722     1.000000000
     2.311059261     7.076817527     1.000000000
     2.323890095     7.084877075     1.000000000
     2.336720928     7.092160519     1.000000000
     2.349551762     7.098686326     1.000000000
     2.362382595     7.104472082     1.000000000
     2.375213429     7.109534302     1.000000000
     2.388044262     7.113888214     1.000000000
     2.400875096     7.117547554     1.000000000
     2.413705929     7.120524357     1.000000000
     2.426536763     7.122828769     1.000000000
     2.439367596     7.124468873     1.000000000
     2.452198429     7.125450553     1.000000000
     2.465029263     7.125777380     1.000000000
     2.465029263     7.125777380     1.000000000
     2.477804039     7.125274265     1.000000000
     2.490578815     7.123761575     1.000000000
     2.503353591     7.121229308     1.000000000
     2.516128367     7.117660938     1.000000000
     2.528903143     7.113033631     1.000000000
     2.541677919     7.107318550     1.000000000
     2.554452695     7.100481242     1.000000000
     2.567227471     7.092482128     1.000000000
     2.580002247     7.083277069     1.000000000
     2.592777023     7.072818025     1.000000000
     2.605551799     7.061053787     1.000000000
     2.618326575     7.047930787     1.000000000
     2.631101351     7.033393954     1.000000000
     2.643876127     7.017387614     1.000000000
     2.656650903     6.999856408     1.000000000
     2.669425679     6.980746194     1.000000000
     2.682200455     6.960004927     1.000000000
     2.694975231     6.937583467     1.000000000
     2.707750007     6.913436310     1.000000000
     2.720524783     6.887522206     1.000000000
     2.733299559     6.859804664     1.000000000
     2.746074335     6.830252315     1.000000000
     2.758849111     6.798839153     1.000000000
     2.771623887     6.765544634     1.000000000
     2.784398663     6.730353674     1.000000000
     2.797173439     6.693256538     1.000000000
     2.809948215     6.654248659     1.000000000
     2.822722991     6.613330406     1.000000000
     2.835497767     6.570506840     1.000000000
     2.848272543     6.525787478     1.000000000
     2.861047319     6.479186118     1.000000000
     2.873822095     6.430720760     1.000000000
     2.886596871     6.380413686     1.000000000
     2.899371647     6.328291794     1.000000000
     2.912146423     6.274387297     1.000000000
     2.924921199     6.218739036     1.000000000
     2.937695975     6.161394761     1.000000000
     2.950470751     6.102415100     1.000000000
     2.963245527     6.041880573     1.000000000
     2.976020303     5.979904462     1.000000000
     2.988795079     5.916657715     1.000000000
     3.001569855     5.852420672     1.000000000
     3.014344631     5.852581972     1.000000000
     3.027119407     5.891149260     1.000000000
     3.039894183     5.929514029     1.000000000
     3.052668959     5.967646559     1.000000000
     3.065443735     6.005517723     1.000000000
     3.078218511     6.043098995     1.000000000
     3.090993287     6.080362462     1.000000000
     3.090993287     6.080362462     1.000000000
     3.103315814     6.079854731     1.000000000
     3.115638340     6.078335940     1.000000000
     3.127960866     6.075819163     1.000000000
     3.140283393     6.072325843     1.000000000
     3.152605919     6.067885301     1.000000000
     3.164928445     6.062534068     1.000000000
     3.177250972     6.056315094     1.000000000
     3.189573498     6.049276853     1.000000000
     3.201896024     6.041472382     1.000000000
     3.214218551     6.032958301     1.000000000
     3.226541077     6.023793823     1.000000000
     3.238863604     6.014039808     1.000000000
     3.251186130     6.003757864     1.000000000
     3.263508656     5.993009517     1.000000000
     3.275831183     5.981855461     1.000000000
     3.288153709     5.970354903     1.000000000
     3.300476235     5.958564993     1.000000000
     3.312798762     5.946540339     1.000000000
     3.325121288     5.934332620     1.000000000
     3.337443814     5.921990272     1.000000000
     3.349766341     5.909558257     1.000000000
     3.362088867     5.897077900     1.000000000
     3.374411393     5.884586790     1.000000000
     3.386733920     5.872118743     1.000000000
     3.399056446     5.859703821     1.000000000
     3.411378972     5.847368389     1.000000000
     3.423701499     5.835135226     1.000000000
     3.436024025     5.823023671     1.000000000
     3.448346552     5.811049801     1.000000000
     3.460669078     5.799226647     1.000000000
     3.472991604     5.787564430     1.000000000
     3.485314131     5.776070826     1.000000000
     3.497636657     5.764751257     1.000000000
     3.509959183     5.753609189     1.000000000
     3.522281710     5.742646461     1.000000000
     3.534604236     5.731863622     1.000000000
     3.546926762     5.721260279     1.000000000
     3.559249289     5.710835461     1.000000000
     3.571571815     5.700587994     1.000000000
     3.583894341     5.690516882     1.000000000
     3.596216868     5.680621695     1.000000000
     3.608539394     5.670902972     1.000000000
     3.620861921     5.661362624     1.000000000
     3.633184447     5.652004349     1.000000000
     3.645506973     5.642834050     1.000000000
     3.657829500     5.633860258     1.000000000
     3.670152026     5.625094563     1.000000000
     3.682474552     5.616552045     1.000000000
     3.694797079     5.608251840     1.000000000
     3.694797079     5.608251840     1.000000000
     3.707627912     5.615208494     1.000000000
     3.720458746     5.625099924     1.000000000
     3.733289579     5.637717433     1.000000000
     3.746120413     5.652821314     1.000000000
     3.758951246     5.670155770     1.000000000
     3.771782079     5.689462301     1.000000000
     3.784612913     5.710490356     1.000000000
     3.797443746     5.733004855     1.000000000
     3.810274580     5.756790714     1.000000000
     3.823105413     5.781654875     1.000000000
     3.835936247     5.807426406     1.000000000
     3.848767080     5.833955278     1.000000000
     3.861597914     5.861110284     1.000000000
     3.874428747     5.888776520     1.000000000
     3.887259581     5.916852677     1.000000000
     3.900090414     5.945248382     1.000000000
     3.912921248     5.973881677     1.000000000
     3.925752081     6.002676761     1.000000000
     3.938582915     6.031562000     1.000000000
     3.951413748     6.060468264     1.000000000
     3.964244582     6.089327558     1.000000000
     3.977075415     6.118071961     1.000000000
     3.989906249     6.146632845     1.000000000
     4.002737082     6.174940343     1.000000000
     4.015567915     6.202923051     1.000000000
     4.028398749     6.230507924     1.000000000
     4.041229582     6.257620338     1.000000000
     4.054060416     6.284184300     1.000000000
     4.066891249     6.310122759     1.000000000
     4.079722083     6.335358011     1.000000000
     4.092552916     6.359812176     1.000000000
     4.105383750     6.383407707     1.000000000
     4.118214583     6.406067936     1.000000000
     4.131045417     6.427717631     1.000000000
     4.143876250     6.448283548     1.000000000
     4.156707084     6.467694971     1.000000000
     4.169537917     6.485884233     1.000000000
     4.182368751     6.502787193     1.000000000
     4.195199584     6.518343688     1.000000000
     4.208030418     6.532497926     1.000000000
     4.220861251     6.545198834     1.000000000
     4.233692084     6.556400356     1.000000000
     4.246522918     6.566061689     1.000000000
     4.259353751     6.574147461     1.000000000
     4.272184585     6.580627863     1.000000000
     4.285015418     6.585478720     1.000000000
     4.297846252     6.588681509     1.000000000
     4.310677085     6.590223336     1.000000000
     4.323507919     6.590096949     1.000000000
     4.323507919     6.590096949     1.000000000
     4.335830445     6.592806975     1.000000000
     4.348152971     6.594467978     1.000000000
     4.360475498     6.595085995     1.000000000
     4.372798024     6.594669099     1.000000000
     4.385120551     6.593227291     1.000000000
     4.397443077     6.590772519     1.000000000
     4.409765603     6.587318710     1.000000000
     4.422088130     6.582881799     1.000000000
     4.434410656     6.577479793     1.000000000
     4.446733182     6.571132821     1.000000000
     4.459055709     6.563863219     1.000000000
     4.471378235     6.555695606     1.000000000
     4.483700761     6.546656987     1.000000000
     4.496023288     6.536776858     1.000000000
     4.508345814     6.526087318     1.000000000
     4.520668340     6.514623195     1.000000000
     4.532990867     6.502422174     1.000000000
     4.545313393     6.489524926     1.000000000
     4.557635920     6.475975241     1.000000000
     4.569958446     6.461820152     1.000000000
     4.582280972     6.447110050     1.000000000
     4.594603499     6.431898791     1.000000000
     4.606926025     6.416243774     1.000000000
     4.619248551     6.400205994     1.000000000
     4.631571078     6.383850066     1.000000000
     4.643893604     6.367244196     1.000000000
     4.656216130     6.350460116     1.000000000
     4.668538657     6.333572944     1.000000000
     4.680861183     6.316660999     1.000000000
     4.693183709     6.299805525     1.000000000
     4.705506236     6.283090358     1.000000000
     4.717828762     6.266601500     1.000000000
     4.730151288     6.250426618     1.000000000
     4.742473815     6.234654468     1.000000000
     4.754796341     6.219374236     1.000000000
     4.767118868     6.204674823     1.000000000
     4.779441394     6.190644060     1.000000000
     4.791763920     6.177367885     1.000000000
     4.804086447     6.164929495     1.000000000
     4.816408973     6.153408469     1.000000000
     4.828731499     6.142879913     1.000000000
     4.841054026     6.133413616     1.000000000
     4.853376552     6.125073247     1.000000000
     4.865699078     6.117915615     1.000000000
     4.878021605     6.111989995     1.000000000
     4.890344131     6.107337537     1.000000000
     4.902666657     6.103990773     1.000000000
     4.914989184     6.101973225     1.000000000
     4.927311710     6.101299122     1.000000000
     4.927311710     6.101299122     1.000000000
     4.940142544     6.101228791     1.000000000
     4.952973377     6.101019509     1.000000000
     4.965804211     6.100676394     1.000000000
     4.978635044     6.100207837     1.000000000
     4.991465877     6.099625296     1.000000000
     5.004296711     6.098943019     1.000000000
     5.017127544     6.098177684     1.000000000
     5.029958378     6.097347990     1.000000000
     5.042789211     6.096474173     1.000000000
     5.055620045     6.095577487     1.000000000
     5.068450878     6.094679640     1.000000000
     5.081281712     6.093802205     1.000000000
     5.094112545     6.092966016     1.000000000
     5.106943379     6.092190563     1.000000000
     5.119774212     6.091493409     1.000000000
     5.132605046     6.090889630     1.000000000
     5.145435879     6.090391318     1.000000000
     5.158266713     6.090007141     1.000000000
     5.171097546     6.089742001     1.000000000
     5.183928380     6.089596784     1.000000000
     5.196759213     6.089568230     1.000000000
     5.209590047     6.089648929     1.000000000
     5.222420880     6.089827435     1.000000000
     5.235251713     6.090088527     1.000000000
     5.248082547     6.090413578     1.000000000
     5.260913380     6.090781054     1.000000000
     5.273744214     6.091167116     1.000000000
     5.286575047     6.091546323     1.000000000
     5.299405881     6.091892413     1.000000000
     5.312236714     6.092179157     1.000000000
     5.325067548     6.092381273     1.000000000
     5.337898381     6.092475387     1.000000000
     5.350729215     6.092441026     1.000000000
     5.363560048     6.092261624     1.000000000
     5.376390882     6.091925535     1.000000000
     5.389221715     6.091426997     1.000000000
     5.402052549     6.090767035     1.000000000
     5.414883382     6.089954215     1.000000000
     5.427714216     6.089005191     1.000000000
     5.440545049     6.087944940     1.000000000
     5.453375882     6.086806568     1.000000000
     5.466206716     6.085630583     1.000000000
     5.479037549     6.084463506     1.000000000
     5.491868383     6.083355792     1.000000000
     5.504699216     6.082359049     1.000000000
     5.517530050     6.081522705     1.000000000
     5.530360883     6.080890377     1.000000000
     5.543191717     6.080496326     1.000000000
     5.556022550     6.080362462     1.000000000
  
     0.000000000     7.143780235     1.000000000
     0.012322526     7.144050971     1.000000000
     0.024645053     7.144860287     1.000000000
     0.036967579     7.146199507     1.000000000
     0.049290105     7.148054147     1.000000000
     0.061612632     7.150403859     1.000000000
     0.073935158     7.153222325     1.000000000
     0.086257684     7.156477018     1.000000000
     0.098580211     7.160128672     1.000000000
     0.110902737     7.164130056     1.000000000
     0.123225264     7.168422778     1.000000000
     0.135547790     7.172927558     1.000000000
     0.147870316     7.177505803     1.000000000
     0.160192843     7.181713969     1.000000000
     0.172515369     7.181115600     1.000000000
     0.184837895     7.163434417     1.000000000
     0.197160422     7.140449280     1.000000000
     0.209482948     7.115493346     1.000000000
     0.221805474     7.088883623     1.000000000
     0.234128001     7.060691219     1.000000000
     0.246450527     7.030939320     1.000000000
     0.258773053     6.999636356     1.000000000
     0.271095580     6.966784768     1.000000000
     0.283418106     6.939207132     1.000000000
     0.295740632     6.920856427     1.000000000
     0.308063159     6.901447584     1.000000000
     0.320385685     6.880928189     1.000000000
     0.332708212     6.859238112     1.000000000
     0.345030738     6.836309557     1.000000000
     0.357353264     6.812067951     1.000000000
     0.369675791     6.786433942     1.000000000
     0.381998317     6.759326667     1.000000000
     0.394320843     6.730668268     1.000000000
     0.406643370     6.700389353     1.000000000
     0.418965896     6.668434794     1.000000000
     0.431288422     6.634769066     1.000000000
     0.443610949     6.599380265     1.000000000
     0.455933475     6.562282203     1.000000000
     0.468256001     6.523514363     1.000000000
     0.480578528     6.483139940     1.000000000
     0.492901054     6.441242585     1.000000000
     0.505223581     6.397922581     1.000000000
     0.517546107     6.353293220     1.000000000
     0.529868633     6.307477982     1.000000000
     0.542191160     6.260609066     1.000000000
     0.554513686     6.212827861     1.000000000
     0.566836212     6.164288349     1.000000000
     0.579158739     6.115165671     1.000000000
     0.591481265     6.065675355     1.000000000
     0.603803791     6.016118569     1.000000000
     0.603803791     6.016118569     1.000000000
     0.616634625     6.015998008     1.000000000
     0.629465458     6.015647852     1.000000000
     0.642296292     6.015102152     1.000000000
     0.655127125     6.014415951     1.000000000
     0.667957959     6.013662739     1.000000000
     0.680788792     6.012930964     1.000000000
     0.693619626     6.012319680     1.000000000
     0.706450459     6.011933498     1.000000000
     0.719281293     6.011877047     1.000000000
     0.732112126     6.012249277     1.000000000
     0.744942960     6.013137968     1.000000000
     0.757773793     6.014614893     1.000000000
     0.770604626     6.016732024     1.000000000
     0.783435460     6.019519100     1.000000000
     0.796266293     6.022982737     1.000000000
     0.809097127     6.027107031     1.000000000
     0.821927960     6.031855478     1.000000000
     0.834758794     6.037173846     1.000000000
     0.847589627     6.042993634     1.000000000
     0.860420461     6.049235692     1.000000000
     0.873251294     6.055813721     1.000000000
     0.886082128     6.062637408     1.000000000
     0.898912961     6.069615079     1.000000000
     0.911743795     6.076655856     1.000000000
     0.924574628     6.083671321     1.000000000
     0.937405462     6.090576779     1.000000000
     0.950236295     6.097292200     1.000000000
     0.963067129     6.103742926     1.000000000
     0.975897962     6.109860228     1.000000000
     0.988728796     6.115581794     1.000000000
     1.001559629     6.120852180     1.000000000
     1.014390462     6.125623298     1.000000000
     1.027221296     6.129854946     1.000000000
     1.040052129     6.133515432     1.000000000
     1.052882963     6.136582293     1.000000000
     1.065713796     6.139043150     1.000000000
     1.078544630     6.140896709     1.000000000
     1.091375463     6.142153945     1.000000000
     1.104206297     6.142839461     1.000000000
     1.117037130     6.142993047     1.000000000
     1.129867964     6.142671327     1.000000000
     1.142698797     6.141949337     1.000000000
     1.155529631     6.140921591     1.000000000
     1.168360464     6.139701889     1.000000000
     1.181191298     6.138420684     1.000000000
     1.194022131     6.137218502     1.000000000
     1.206852965     6.136234170     1.000000000
     1.219683798     6.135587991     1.000000000
     1.232514631     6.135362722     1.000000000
     1.232514631     6.135362722     1.000000000
     1.244837158     6.146348071     1.000000000
     1.257159684     6.155964845     1.000000000
     1.269482211     6.164135408     1.000000000
     1.281804737     6.170800006     1.000000000
     1.294127263     6.175919105     1.000000000
     1.306449790     6.179476241     1.000000000
     1.318772316     6.181480949     1.000000000
     1.331094842     6.181971273     1.000000000
     1.343417369     6.181015412     1.000000000
     1.355739895     6.178712123     1.000000000
     1.368062421     6.175189625     1.000000000
     1.380384948     6.170602943     1.000000000
     1.392707474     6.165129793     1.000000000
     1.405030000     6.158965251     1.000000000
     1.417352527     6.152315503     1.000000000
     1.429675053     6.145391000     1.000000000
     1.441997580     6.138399336     1.000000000
     1.454320106     6.131538155     1.000000000
     1.466642632     6.124988480     1.000000000
     1.478965159     6.118908884     1.000000000
     1.491287685     6.113430987     1.000000000
     1.503610211     6.108656656     1.000000000
     1.515932738     6.104657145     1.000000000
     1.528255264     6.101474086     1.000000000
     1.540577790     6.099122036     1.000000000
     1.552900317     6.097592041     1.000000000
     1.565222843     6.096855680     1.000000000
     1.577545369     6.096869079     1.000000000
     1.589867896     6.097576573     1.000000000
     1.602190422     6.098913814     1.000000000
     1.614512948     6.100810310     1.000000000
     1.626835475     6.110046624     1.000000000
     1.639158001     6.124798359     1.000000000
     1.651480528     6.138664210     1.000000000
     1.663803054     6.151621302     1.000000000
     1.676125580     6.163655334     1.000000000
     1.688448107     6.174758942     1.000000000
     1.700770633     6.184930329     1.000000000
     1.713093159     6.194172091     1.000000000
     1.725415686     6.202490175     1.000000000
     1.737738212     6.209892935     1.000000000
     1.750060738     6.216390278     1.000000000
     1.762383265     6.221992883     1.000000000
     1.774705791     6.226711496     1.000000000
     1.787028317     6.230556307     1.000000000
     1.799350844     6.233536411     1.000000000
     1.811673370     6.235659356     1.000000000
     1.823995896     6.236930791     1.000000000
     1.836318423     6.237354209     1.000000000
     1.836318423     6.237354209     1.000000000
     1.849149256     6.242528460     1.000000000
     1.861980090     6.257166455     1.000000000
     1.874810923     6.279191707     1.000000000
     1.887641757     6.306364221     1.000000000
     1.900472590     6.336863311     1.000000000
     1.913303424     6.369380542     1.000000000
     1.926134257     6.403015275     1.000000000
     1.938965091     6.437149427     1.000000000
     1.951795924     6.471352308     1.000000000
     1.964626758     6.509973388     1.000000000
     1.977457591     6.553936080     1.000000000
     1.990288424     6.595819833     1.000000000
     2.003119258     6.635573468     1.000000000
     2.015950091     6.673356268     1.000000000
     2.028780925     6.709428646     1.000000000
     2.041611758     6.744054761     1.000000000
     2.054442592     6.777450186     1.000000000
     2.067273425     6.809768824     1.000000000
     2.080104259     6.841109987     1.000000000
     2.092935092     6.871531462     1.000000000
     2.105765926     6.901061892     1.000000000
     2.118596759     6.929710484     1.000000000
     2.131427593     6.957473989     1.000000000
     2.144258426     6.984341520     1.000000000
     2.157089260     7.010297802     1.000000000
     2.169920093     7.035325332     1.000000000
     2.182750927     7.059405798     1.000000000
     2.195581760     7.082520994     1.000000000
     2.208412594     7.104653409     1.000000000
     2.221243427     7.125786575     1.000000000
     2.234074260     7.145905275     1.000000000
     2.246905094     7.164995634     1.000000000
     2.259735927     7.183045150     1.000000000
     2.272566761     7.200042670     1.000000000
     2.285397594     7.215978338     1.000000000
     2.298228428     7.230843522     1.000000000
     2.311059261     7.244630722     1.000000000
     2.323890095     7.257333483     1.000000000
     2.336720928     7.268946294     1.000000000
     2.349551762     7.279464493     1.000000000
     2.362382595     7.288884175     1.000000000
     2.375213429     7.297202100     1.000000000
     2.388044262     7.304415617     1.000000000
     2.400875096     7.310522581     1.000000000
     2.413705929     7.315521297     1.000000000
     2.426536763     7.319410453     1.000000000
     2.439367596     7.322189082     1.000000000
     2.452198429     7.323856518     1.000000000
     2.465029263     7.324412373     1.000000000
     2.465029263     7.143780235     1.000000000
     2.477804039     7.143009321     1.000000000
     2.490578815     7.140722922     1.000000000
     2.503353591     7.136993703     1.000000000
     2.516128367     7.131924614     1.000000000
     2.528903143     7.125629961     1.000000000
     2.541677919     7.118219687     1.000000000
     2.554452695     7.109789637     1.000000000
     2.567227471     7.100417526     1.000000000
     2.580002247     7.090162904     1.000000000
     2.592777023     7.079069296     1.000000000
     2.605551799     7.067167175     1.000000000
     2.618326575     7.054476974     1.000000000
     2.631101351     7.041011741     1.000000000
     2.643876127     7.026779325     1.000000000
     2.656650903     7.011784069     1.000000000
     2.669425679     6.996028099     1.000000000
     2.682200455     6.979512260     1.000000000
     2.694975231     6.962236790     1.000000000
     2.707750007     6.944201803     1.000000000
     2.720524783     6.925407616     1.000000000
     2.733299559     6.905854977     1.000000000
     2.746074335     6.885545229     1.000000000
     2.758849111     6.864480411     1.000000000
     2.771623887     6.842663340     1.000000000
     2.784398663     6.820097667     1.000000000
     2.797173439     6.796787920     1.000000000
     2.809948215     6.772739537     1.000000000
     2.822722991     6.747958901     1.000000000
     2.835497767     6.722453361     1.000000000
     2.848272543     6.696231258     1.000000000
     2.861047319     6.669301939     1.000000000
     2.873822095     6.641675775     1.000000000
     2.886596871     6.613364171     1.000000000
     2.899371647     6.584379567     1.000000000
     2.912146423     6.554735442     1.000000000
     2.924921199     6.524446304     1.000000000
     2.937695975     6.493527686     1.000000000
     2.950470751     6.461996126     1.000000000
     2.963245527     6.429869150     1.000000000
     2.976020303     6.397165251     1.000000000
     2.988795079     6.363903859     1.000000000
     3.001569855     6.330105321     1.000000000
     3.014344631     6.295790863     1.000000000
     3.027119407     6.260982570     1.000000000
     3.039894183     6.225703347     1.000000000
     3.052668959     6.189976894     1.000000000
     3.065443735     6.153827677     1.000000000
     3.078218511     6.117280897     1.000000000
     3.090993287     6.080362479     1.000000000
     3.090993287     6.080362479     1.000000000
     3.103315814     6.079854758     1.000000000
     3.115638340     6.078335980     1.000000000
     3.127960866     6.075819216     1.000000000
     3.140283393     6.072325910     1.000000000
     3.152605919     6.067885381     1.000000000
     3.164928445     6.062534161     1.000000000
     3.177250972     6.056315201     1.000000000
     3.189573498     6.049276973     1.000000000
     3.201896024     6.041472515     1.000000000
     3.214218551     6.032958447     1.000000000
     3.226541077     6.023793981     1.000000000
     3.238863604     6.014039979     1.000000000
     3.251186130     6.003758048     1.000000000
     3.263508656     5.993009711     1.000000000
     3.275831183     5.981855667     1.000000000
     3.288153709     5.970355120     1.000000000
     3.300476235     5.958565220     1.000000000
     3.312798762     5.946540576     1.000000000
     3.325121288     5.934332865     1.000000000
     3.337443814     5.921990526     1.000000000
     3.349766341     5.909558518     1.000000000
     3.362088867     5.897078167     1.000000000
     3.374411393     5.884587062     1.000000000
     3.386733920     5.872119019     1.000000000
     3.399056446     5.859704100     1.000000000
     3.411378972     5.847368670     1.000000000
     3.423701499     5.835135508     1.000000000
     3.436024025     5.823023952     1.000000000
     3.448346552     5.811050080     1.000000000
     3.460669078     5.799226923     1.000000000
     3.472991604     5.787564700     1.000000000
     3.485314131     5.776071091     1.000000000
     3.497636657     5.764751513     1.000000000
     3.509959183     5.753609436     1.000000000
     3.522281710     5.742646698     1.000000000
     3.534604236     5.731863847     1.000000000
     3.546926762     5.721260490     1.000000000
     3.559249289     5.710835658     1.000000000
     3.571571815     5.700588175     1.000000000
     3.583894341     5.690517046     1.000000000
     3.596216868     5.680621841     1.000000000
     3.608539394     5.670903098     1.000000000
     3.620861921     5.661362732     1.000000000
     3.633184447     5.652004438     1.000000000
     3.645506973     5.642834123     1.000000000
     3.657829500     5.633860321     1.000000000
     3.670152026     5.625094627     1.000000000
     3.682474552     5.616552121     1.000000000
     3.694797079     5.608251905     1.000000000
     3.694797079     5.608251905     1.000000000
     3.707627912     5.615208570     1.000000000
     3.720458746     5.625099997     1.000000000
     3.733289579     5.637717504     1.000000000
     3.746120413     5.652821384     1.000000000
     3.758951246     5.670155839     1.000000000
     3.771782079     5.689462370     1.000000000
     3.784612913     5.710490427     1.000000000
     3.797443746     5.733004927     1.000000000
     3.810274580     5.756790787     1.000000000
     3.823105413     5.781654950     1.000000000
     3.835936247     5.807426483     1.000000000
     3.848767080     5.833955357     1.000000000
     3.861597914     5.861110365     1.000000000
     3.874428747     5.888776602     1.000000000
     3.887259581     5.916852761     1.000000000
     3.900090414     5.945248468     1.000000000
     3.912921248     5.973881765     1.000000000
     3.925752081     6.002676850     1.000000000
     3.938582915     6.031562091     1.000000000
     3.951413748     6.060468356     1.000000000
     3.964244582     6.089327651     1.000000000
     3.977075415     6.118072055     1.000000000
     3.989906249     6.146632939     1.000000000
     4.002737082     6.174940437     1.000000000
     4.015567915     6.202923146     1.000000000
     4.028398749     6.230508019     1.000000000
     4.041229582     6.257620433     1.000000000
     4.054060416     6.284184395     1.000000000
     4.066891249     6.310122852     1.000000000
     4.079722083     6.335358103     1.000000000
     4.092552916     6.359812267     1.000000000
     4.105383750     6.383407796     1.000000000
     4.118214583     6.406068023     1.000000000
     4.131045417     6.427717716     1.000000000
     4.143876250     6.448283630     1.000000000
     4.156707084     6.467695051     1.000000000
     4.169537917     6.485884309     1.000000000
     4.182368751     6.502787266     1.000000000
     4.195199584     6.518343757     1.000000000
     4.208030418     6.532497990     1.000000000
     4.220861251     6.545198894     1.000000000
     4.233692084     6.556400412     1.000000000
     4.246522918     6.566061739     1.000000000
     4.259353751     6.574147507     1.000000000
     4.272184585     6.580627906     1.000000000
     4.285015418     6.585478759     1.000000000
     4.297846252     6.588681545     1.000000000
     4.310677085     6.590223372     1.000000000
     4.323507919     6.590096988     1.000000000
     4.323507919     6.590096988     1.000000000
     4.335830445     6.592807013     1.000000000
     4.348152971     6.594468014     1.000000000
     4.360475498     6.595086035     1.000000000
     4.372798024     6.594669145     1.000000000
     4.385120551     6.593227346     1.000000000
     4.397443077     6.590772583     1.000000000
     4.409765603     6.587318782     1.000000000
     4.422088130     6.582881880     1.000000000
     4.434410656     6.577479881     1.000000000
     4.446733182     6.571132916     1.000000000
     4.459055709     6.563863320     1.000000000
     4.471378235     6.555695712     1.000000000
     4.483700761     6.546657098     1.000000000
     4.496023288     6.536776973     1.000000000
     4.508345814     6.526087435     1.000000000
     4.520668340     6.514623315     1.000000000
     4.532990867     6.502422295     1.000000000
     4.545313393     6.489525048     1.000000000
     4.557635920     6.475975363     1.000000000
     4.569958446     6.461820273     1.000000000
     4.582280972     6.447110170     1.000000000
     4.594603499     6.431898910     1.000000000
     4.606926025     6.416243890     1.000000000
     4.619248551     6.400206107     1.000000000
     4.631571078     6.383850175     1.000000000
     4.643893604     6.367244302     1.000000000
     4.656216130     6.350460217     1.000000000
     4.668538657     6.333573041     1.000000000
     4.680861183     6.316661090     1.000000000
     4.693183709     6.299805611     1.000000000
     4.705506236     6.283090439     1.000000000
     4.717828762     6.266601575     1.000000000
     4.730151288     6.250426687     1.000000000
     4.742473815     6.234654532     1.000000000
     4.754796341     6.219374295     1.000000000
     4.767118868     6.204674877     1.000000000
     4.779441394     6.190644108     1.000000000
     4.791763920     6.177367930     1.000000000
     4.804086447     6.164929536     1.000000000
     4.816408973     6.153408508     1.000000000
     4.828731499     6.142879950     1.000000000
     4.841054026     6.133413651     1.000000000
     4.853376552     6.125073282     1.000000000
     4.865699078     6.117915651     1.000000000
     4.878021605     6.111990032     1.000000000
     4.890344131     6.107337574     1.000000000
     4.902666657     6.103990811     1.000000000
     4.914989184     6.101973265     1.000000000
     4.927311710     6.101299162     1.000000000
     4.927311710     6.101299162     1.000000000
     4.940142544     6.101228830     1.000000000
     4.952973377     6.101019547     1.000000000
     4.965804211     6.100676430     1.000000000
     4.978635044     6.100207871     1.000000000
     4.991465877     6.099625328     1.000000000
     5.004296711     6.098943048     1.000000000
     5.017127544     6.098177711     1.000000000
     5.029958378     6.097348015     1.000000000
     5.042789211     6.096474195     1.000000000
     5.055620045     6.095577507     1.000000000
     5.068450878     6.094679658     1.000000000
     5.081281712     6.093802221     1.000000000
     5.094112545     6.092966031     1.000000000
     5.106943379     6.092190578     1.000000000
     5.119774212     6.091493423     1.000000000
     5.132605046     6.090889645     1.000000000
     5.145435879     6.090391334     1.000000000
     5.158266713     6.090007158     1.000000000
     5.171097546     6.089742019     1.000000000
     5.183928380     6.089596803     1.000000000
     5.196759213     6.089568250     1.000000000
     5.209590047     6.089648949     1.000000000
     5.222420880     6.089827457     1.000000000
     5.235251713     6.090088549     1.000000000
     5.248082547     6.090413599     1.000000000
     5.260913380     6.090781075     1.000000000
     5.273744214     6.091167137     1.000000000
     5.286575047     6.091546344     1.000000000
     5.299405881     6.091892433     1.000000000
     5.312236714     6.092179175     1.000000000
     5.325067548     6.092381291     1.000000000
     5.337898381     6.092475404     1.000000000
     5.350729215     6.092441042     1.000000000
     5.363560048     6.092261639     1.000000000
     5.376390882     6.091925549     1.000000000
     5.389221715     6.091427011     1.000000000
     5.402052549     6.090767048     1.000000000
     5.414883382     6.089954228     1.000000000
     5.427714216     6.089005204     1.000000000
     5.440545049     6.087944952     1.000000000
     5.453375882     6.086806581     1.000000000
     5.466206716     6.085630596     1.000000000
     5.479037549     6.084463520     1.000000000
     5.491868383     6.083355807     1.000000000
     5.504699216     6.082359064     1.000000000
     5.517530050     6.081522721     1.000000000
     5.530360883     6.080890392     1.000000000
     5.543191717     6.080496342     1.000000000
     5.556022550     6.080362479     1.000000000
  
     0.000000000     7.337068669     1.000000000
     0.012322526     7.336305059     1.000000000
     0.024645053     7.334014345     1.000000000
     0.036967579     7.330196889     1.000000000
     0.049290105     7.324853335     1.000000000
     0.061612632     7.317984683     1.000000000
     0.073935158     7.309592441     1.000000000
     0.086257684     7.299678906     1.000000000
     0.098580211     7.288247747     1.000000000
     0.110902737     7.275305318     1.000000000
     0.123225264     7.260863937     1.000000000
     0.135547790     7.244951726     1.000000000
     0.147870316     7.227651184     1.000000000
     0.160192843     7.209344990     1.000000000
     0.172515369     7.194404187     1.000000000
     0.184837895     7.195035358     1.000000000
     0.197160422     7.199385999     1.000000000
     0.209482948     7.204045776     1.000000000
     0.221805474     7.208617474     1.000000000
     0.234128001     7.212947372     1.000000000
     0.246450527     7.216928016     1.000000000
     0.258773053     7.220465942     1.000000000
     0.271095580     7.223473968     1.000000000
     0.283418106     7.225869391     1.000000000
     0.295740632     7.227574114     1.000000000
     0.308063159     7.228515563     1.000000000
     0.320385685     7.228627989     1.000000000
     0.332708212     7.227853971     1.000000000
     0.345030738     7.226145992     1.000000000
     0.357353264     7.223468025     1.000000000
     0.369675791     7.219797007     1.000000000
     0.381998317     7.210222545     1.000000000
     0.394320843     7.186069960     1.000000000
     0.406643370     7.162957214     1.000000000
     0.418965896     7.141114684     1.000000000
     0.431288422     7.120755030     1.000000000
     0.443610949     7.102066580     1.000000000
     0.455933475     7.085208342     1.000000000
     0.468256001     7.070306958     1.000000000
     0.480578528     7.057455499     1.000000000
     0.492901054     7.046713713     1.000000000
     0.505223581     7.038109247     1.000000000
     0.517546107     7.031639385     1.000000000
     0.529868633     7.027273033     1.000000000
     0.542191160     7.024952841     1.000000000
     0.554513686     7.024597448     1.000000000
     0.566836212     7.026103909     1.000000000
     0.579158739     7.029350305     1.000000000
     0.591481265     7.034198537     1.000000000
     0.603803791     7.040497227     1.000000000
     0.603803791     7.040497227     1.000000000
     0.616634625     7.040514190     1.000000000
     0.629465458     7.040562313     1.000000000
     0.642296292     7.040633462     1.000000000
     0.655127125     7.040714606     1.000000000
     0.667957959     7.040788553     1.000000000
     0.680788792     7.040834905     1.000000000
     0.693619626     7.040831152     1.000000000
     0.706450459     7.040753836     1.000000000
     0.719281293     7.040579705     1.000000000
     0.732112126     7.040286789     1.000000000
     0.744942960     7.039855357     1.000000000
     0.757773793     7.039268709     1.000000000
     0.770604626     7.038513781     1.000000000
     0.783435460     7.037581560     1.000000000
     0.796266293     7.036467308     1.000000000
     0.809097127     7.035170615     1.000000000
     0.821927960     7.033695297     1.000000000
     0.834758794     7.032049157     1.000000000
     0.847589627     7.030243655     1.000000000
     0.860420461     7.028293475     1.000000000
     0.873251294     7.026216054     1.000000000
     0.886082128     7.024031056     1.000000000
     0.898912961     7.021759841     1.000000000
     0.911743795     7.019424918     1.000000000
     0.924574628     7.017049415     1.000000000
     0.937405462     7.014656560     1.000000000
     0.950236295     7.012269196     1.000000000
     0.963067129     7.009909332     1.000000000
     0.975897962     7.007597732     1.000000000
     0.988728796     7.005353551     1.000000000
     1.001559629     7.003194030     1.000000000
     1.014390462     7.001134242     1.000000000
     1.027221296     6.999186908     1.000000000
     1.040052129     6.997362271     1.000000000
     1.052882963     6.995668047     1.000000000
     1.065713796     6.994109449     1.000000000
     1.078544630     6.992689278     1.000000000
     1.091375463     6.991408090     1.000000000
     1.104206297     6.990264428     1.000000000
     1.117037130     6.989255111     1.000000000
     1.129867964     6.988375578     1.000000000
     1.142698797     6.987620260     1.000000000
     1.155529631     6.986982984     1.000000000
     1.168360464     6.986457376     1.000000000
     1.181191298     6.986037254     1.000000000
     1.194022131     6.985716996     1.000000000
     1.206852965     6.985491866     1.000000000
     1.219683798     6.985358279     1.000000000
     1.232514631     6.985314002     1.000000000
     1.232514631     6.985314002     1.000000000
     1.244837158     6.961892875     1.000000000
     1.257159684     6.939328331     1.000000000
     1.269482211     6.917690458     1.000000000
     1.281804737     6.897041328     1.000000000
     1.294127263     6.877431882     1.000000000
     1.306449790     6.858898728     1.000000000
     1.318772316     6.841461157     1.000000000
     1.331094842     6.825118741     1.000000000
     1.343417369     6.809849894     1.000000000
     1.355739895     6.795611682     1.000000000
     1.368062421     6.782341025     1.000000000
     1.380384948     6.769957267     1.000000000
     1.392707474     6.758365838     1.000000000
     1.405030000     6.747462649     1.000000000
     1.417352527     6.737138742     1.000000000
     1.429675053     6.727284778     1.000000000
     1.441997580     6.717795018     1.000000000
     1.454320106     6.708570598     1.000000000
     1.466642632     6.699521995     1.000000000
     1.478965159     6.690570728     1.000000000
     1.491287685     6.681650346     1.000000000
     1.503610211     6.672706859     1.000000000
     1.515932738     6.663698702     1.000000000
     1.528255264     6.654596388     1.000000000
     1.540577790     6.645381912     1.000000000
     1.552900317     6.636048021     1.000000000
     1.565222843     6.626597378     1.000000000
     1.577545369     6.617041688     1.000000000
     1.589867896     6.607400793     1.000000000
     1.602190422     6.597701774     1.000000000
     1.614512948     6.587978059     1.000000000
     1.626835475     6.578268563     1.000000000
     1.639158001     6.568616869     1.000000000
     1.651480528     6.559070467     1.000000000
     1.663803054     6.549680083     1.000000000
     1.676125580     6.540499133     1.000000000
     1.688448107     6.531583350     1.000000000
     1.700770633     6.522990613     1.000000000
     1.713093159     6.514781044     1.000000000
     1.725415686     6.507017356     1.000000000
     1.737738212     6.499765415     1.000000000
     1.750060738     6.493094846     1.000000000
     1.762383265     6.487079392     1.000000000
     1.774705791     6.481796554     1.000000000
     1.787028317     6.477325967     1.000000000
     1.799350844     6.473746011     1.000000000
     1.811673370     6.471128526     1.000000000
     1.823995896     6.469532145     1.000000000
     1.836318423     6.468995511     1.000000000
     1.836318423     6.468995511     1.000000000
     1.849149256     6.471130955     1.000000000
     1.861980090     6.477493292     1.000000000
     1.874810923     6.487957070     1.000000000
     1.887641757     6.502333734     1.000000000
     1.900472590     6.520398508     1.000000000
     1.913303424     6.541921248     1.000000000
     1.926134257     6.566695827     1.000000000
     1.938965091     6.594561117     1.000000000
     1.951795924     6.625403373     1.000000000
     1.964626758     6.659127210     1.000000000
     1.977457591     6.695589782     1.000000000
     1.990288424     6.734520966     1.000000000
     2.003119258     6.775484025     1.000000000
     2.015950091     6.817915618     1.000000000
     2.028780925     6.861219017     1.000000000
     2.041611758     6.904848914     1.000000000
     2.054442592     6.948353843     1.000000000
     2.067273425     6.991381399     1.000000000
     2.080104259     7.033664868     1.000000000
     2.092935092     7.075005094     1.000000000
     2.105765926     7.115253993     1.000000000
     2.118596759     7.154301505     1.000000000
     2.131427593     7.192065852     1.000000000
     2.144258426     7.228486449     1.000000000
     2.157089260     7.263518740     1.000000000
     2.169920093     7.297130440     1.000000000
     2.182750927     7.329298748     1.000000000
     2.195581760     7.360008249     1.000000000
     2.208412594     7.389249325     1.000000000
     2.221243427     7.417016904     1.000000000
     2.234074260     7.443309482     1.000000000
     2.246905094     7.468128331     1.000000000
     2.259735927     7.491476857     1.000000000
     2.272566761     7.513360070     1.000000000
     2.285397594     7.533784145     1.000000000
     2.298228428     7.552756051     1.000000000
     2.311059261     7.570283243     1.000000000
     2.323890095     7.586373399     1.000000000
     2.336720928     7.601034198     1.000000000
     2.349551762     7.614273140     1.000000000
     2.362382595     7.626097385     1.000000000
     2.375213429     7.636513627     1.000000000
     2.388044262     7.645527985     1.000000000
     2.400875096     7.653145917     1.000000000
     2.413705929     7.659372148     1.000000000
     2.426536763     7.664210613     1.000000000
     2.439367596     7.667664417     1.000000000
     2.452198429     7.669735797     1.000000000
     2.465029263     7.670426107     1.000000000
     2.465029263     7.337068669     1.000000000
     2.477804039     7.337892979     1.000000000
     2.490578815     7.340330915     1.000000000
     2.503353591     7.344284173     1.000000000
     2.516128367     7.349608149     1.000000000
     2.528903143     7.356132415     1.000000000
     2.541677919     7.363678504     1.000000000
     2.554452695     7.372072140     1.000000000
     2.567227471     7.381150060     1.000000000
     2.580002247     7.390763011     1.000000000
     2.592777023     7.400776616     1.000000000
     2.605551799     7.411071305     1.000000000
     2.618326575     7.421542003     1.000000000
     2.631101351     7.432097845     1.000000000
     2.643876127     7.442661992     1.000000000
     2.656650903     7.453171473     1.000000000
     2.669425679     7.463576997     1.000000000
     2.682200455     7.473842654     1.000000000
     2.694975231     7.483945458     1.000000000
     2.707750007     7.493874718     1.000000000
     2.720524783     7.503631239     1.000000000
     2.733299559     7.513226379     1.000000000
     2.746074335     7.522680994     1.000000000
     2.758849111     7.532024312     1.000000000
     2.771623887     7.541292769     1.000000000
     2.784398663     7.550528851     1.000000000
     2.797173439     7.559779961     1.000000000
     2.809948215     7.569097343     1.000000000
     2.822722991     7.578535084     1.000000000
     2.835497767     7.588149182     1.000000000
     2.848272543     7.597996724     1.000000000
     2.861047319     7.608135139     1.000000000
     2.873822095     7.618621549     1.000000000
     2.886596871     7.629512199     1.000000000
     2.899371647     7.640861970     1.000000000
     2.912146423     7.652723964     1.000000000
     2.924921199     7.665149144     1.000000000
     2.937695975     7.678186042     1.000000000
     2.950470751     7.691880502     1.000000000
     2.963245527     7.706275464     1.000000000
     2.976020303     7.721410789     1.000000000
     2.988795079     7.737323091     1.000000000
     3.001569855     7.754045607     1.000000000
     3.014344631     7.771608069     1.000000000
     3.027119407     7.790036588     1.000000000
     3.039894183     7.809353551     1.000000000
     3.052668959     7.829577517     1.000000000
     3.065443735     7.850723120     1.000000000
     3.078218511     7.861753638     1.000000000
     3.090993287     7.869974052     1.000000000
     3.090993287     7.869974052     1.000000000
     3.103315814     7.870777770     1.000000000
     3.115638340     7.873185183     1.000000000
     3.127960866     7.877185000     1.000000000
     3.140283393     7.882758192     1.000000000
     3.152605919     7.889877712     1.000000000
     3.164928445     7.898508170     1.000000000
     3.177250972     7.908605504     1.000000000
     3.189573498     7.920116719     1.000000000
     3.201896024     7.932979730     1.000000000
     3.214218551     7.947123381     1.000000000
     3.226541077     7.962467645     1.000000000
     3.238863604     7.978924051     1.000000000
     3.251186130     7.996396325     1.000000000
     3.263508656     8.012282048     1.000000000
     3.275831183     8.027526525     1.000000000
     3.288153709     8.043331262     1.000000000
     3.300476235     8.059623033     1.000000000
     3.312798762     8.076329480     1.000000000
     3.325121288     8.093379443     1.000000000
     3.337443814     8.110703228     1.000000000
     3.349766341     8.128232809     1.000000000
     3.362088867     8.145901972     1.000000000
     3.374411393     8.163646422     1.000000000
     3.386733920     8.181403843     1.000000000
     3.399056446     8.199113926     1.000000000
     3.411378972     8.216718378     1.000000000
     3.423701499     8.234160898     1.000000000
     3.436024025     8.251387155     1.000000000
     3.448346552     8.268344730     1.000000000
     3.460669078     8.284983076     1.000000000
     3.472991604     8.301253450     1.000000000
     3.485314131     8.317108853     1.000000000
     3.497636657     8.332503971     1.000000000
     3.509959183     8.347395105     1.000000000
     3.522281710     8.361740115     1.000000000
     3.534604236     8.375498360     1.000000000
     3.546926762     8.388630643     1.000000000
     3.559249289     8.401099163     1.000000000
     3.571571815     8.412867472     1.000000000
     3.583894341     8.423900438     1.000000000
     3.596216868     8.434164218     1.000000000
     3.608539394     8.443626236     1.000000000
     3.620861921     8.452255179     1.000000000
     3.633184447     8.460020993     1.000000000
     3.645506973     8.466894904     1.000000000
     3.657829500     8.472849443     1.000000000
     3.670152026     8.477858489     1.000000000
     3.682474552     8.481897336     1.000000000
     3.694797079     8.484942716     1.000000000
     3.694797079     8.484942716     1.000000000
     3.707627912     8.458917627     1.000000000
     3.720458746     8.433916140     1.000000000
     3.733289579     8.410089160     1.000000000
     3.746120413     8.387576404     1.000000000
     3.758951246     8.366504936     1.000000000
     3.771782079     8.346987875     1.000000000
     3.784612913     8.329123335     1.000000000
     3.797443746     8.312993592     1.000000000
     3.810274580     8.298664541     1.000000000
     3.823105413     8.286185424     1.000000000
     3.835936247     8.275588867     1.000000000
     3.848767080     8.266891202     1.000000000
     3.861597914     8.260093081     1.000000000
     3.874428747     8.255180340     1.000000000
     3.887259581     8.252125096     1.000000000
     3.900090414     8.250887030     1.000000000
     3.912921248     8.251414806     1.000000000
     3.925752081     8.253647589     1.000000000
     3.938582915     8.257516602     1.000000000
     3.951413748     8.262946681     1.000000000
     3.964244582     8.269857785     1.000000000
     3.977075415     8.278166423     1.000000000
     3.989906249     8.287786979     1.000000000
     4.002737082     8.298632894     1.000000000
     4.015567915     8.310617710     1.000000000
     4.028398749     8.323655955     1.000000000
     4.041229582     8.337663877     1.000000000
     4.054060416     8.352560019     1.000000000
     4.066891249     8.368265650     1.000000000
     4.079722083     8.384705062     1.000000000
     4.092552916     8.401805747     1.000000000
     4.105383750     8.419498450     1.000000000
     4.118214583     8.437717148     1.000000000
     4.131045417     8.456398933     1.000000000
     4.143876250     8.475483839     1.000000000
     4.156707084     8.494914617     1.000000000
     4.169537917     8.514636472     1.000000000
     4.182368751     8.534596779     1.000000000
     4.195199584     8.554744784     1.000000000
     4.208030418     8.575031305     1.000000000
     4.220861251     8.595408439     1.000000000
     4.233692084     8.615829279     1.000000000
     4.246522918     8.636247650     1.000000000
     4.259353751     8.656617869     1.000000000
     4.272184585     8.676894523     1.000000000
     4.285015418     8.697032274     1.000000000
     4.297846252     8.716985687     1.000000000
     4.310677085     8.736709069     1.000000000
     4.323507919     8.756156243     1.000000000
     4.323507919     8.756156243     1.000000000
     4.335830445     8.749250925     1.000000000
     4.348152971     8.741589489     1.000000000
     4.360475498     8.733159561     1.000000000
     4.372798024     8.723952006     1.000000000
     4.385120551     8.713961215     1.000000000
     4.397443077     8.703185293     1.000000000
     4.409765603     8.691626235     1.000000000
     4.422088130     8.679290071     1.000000000
     4.434410656     8.666186978     1.000000000
     4.446733182     8.652331366     1.000000000
     4.459055709     8.637741920     1.000000000
     4.471378235     8.622441619     1.000000000
     4.483700761     8.606457711     1.000000000
     4.496023288     8.589821660     1.000000000
     4.508345814     8.572569061     1.000000000
     4.520668340     8.554739530     1.000000000
     4.532990867     8.536376564     1.000000000
     4.545313393     8.517527388     1.000000000
     4.557635920     8.498242778     1.000000000
     4.569958446     8.478576881     1.000000000
     4.582280972     8.458587019     1.000000000
     4.594603499     8.438333491     1.000000000
     4.606926025     8.417879373     1.000000000
     4.619248551     8.397290320     1.000000000
     4.631571078     8.376634359     1.000000000
     4.643893604     8.355981689     1.000000000
     4.656216130     8.335404476     1.000000000
     4.668538657     8.314976644     1.000000000
     4.680861183     8.294773649     1.000000000
     4.693183709     8.274872246     1.000000000
     4.705506236     8.255350235     1.000000000
     4.717828762     8.236286172     1.000000000
     4.730151288     8.217759055     1.000000000
     4.742473815     8.199847966     1.000000000
     4.754796341     8.182631670     1.000000000
     4.767118868     8.166188166     1.000000000
     4.779441394     8.150594182     1.000000000
     4.791763920     8.135924627     1.000000000
     4.804086447     8.122251990     1.000000000
     4.816408973     8.109645698     1.000000000
     4.828731499     8.098171441     1.000000000
     4.841054026     8.087890480     1.000000000
     4.853376552     8.078858945     1.000000000
     4.865699078     8.071127153     1.000000000
     4.878021605     8.064738951     1.000000000
     4.890344131     8.059731123     1.000000000
     4.902666657     8.056132863     1.000000000
     4.914989184     8.053965345     1.000000000
     4.927311710     8.053241407     1.000000000
     4.927311710     8.053241407     1.000000000
     4.940142544     8.052815139     1.000000000
     4.952973377     8.051538147     1.000000000
     4.965804211     8.049415879     1.000000000
     4.978635044     8.046457408     1.000000000
     4.991465877     8.042675439     1.000000000
     5.004296711     8.038086309     1.000000000
     5.017127544     8.032709998     1.000000000
     5.029958378     8.026570153     1.000000000
     5.042789211     8.019694119     1.000000000
     5.055620045     8.012112991     1.000000000
     5.068450878     8.003861681     1.000000000
     5.081281712     7.994978998     1.000000000
     5.094112545     7.985507742     1.000000000
     5.106943379     7.975494809     1.000000000
     5.119774212     7.964991294     1.000000000
     5.132605046     7.954052594     1.000000000
     5.145435879     7.942738486     1.000000000
     5.158266713     7.931113198     1.000000000
     5.171097546     7.919245429     1.000000000
     5.183928380     7.907208338     1.000000000
     5.196759213     7.895079474     1.000000000
     5.209590047     7.882940648     1.000000000
     5.222420880     7.870877737     1.000000000
     5.235251713     7.858980420     1.000000000
     5.248082547     7.847341831     1.000000000
     5.260913380     7.836058148     1.000000000
     5.273744214     7.825228093     1.000000000
     5.286575047     7.814952373     1.000000000
     5.299405881     7.805333033     1.000000000
     5.312236714     7.796472751     1.000000000
     5.325067548     7.788474064     1.000000000
     5.337898381     7.781438524     1.000000000
     5.350729215     7.775465791     1.000000000
     5.363560048     7.770652663     1.000000000
     5.376390882     7.767092034     1.000000000
     5.389221715     7.764871780     1.000000000
     5.402052549     7.764073570     1.000000000
     5.414883382     7.764771590     1.000000000
     5.427714216     7.767031166     1.000000000
     5.440545049     7.770907270     1.000000000
     5.453375882     7.776442833     1.000000000
     5.466206716     7.783666742     1.000000000
     5.479037549     7.792591159     1.000000000
     5.491868383     7.803207218     1.000000000
     5.504699216     7.815476192     1.000000000
     5.517530050     7.829305808     1.000000000
     5.530360883     7.844463829     1.000000000
     5.543191717     7.860089676     1.000000000
     5.556022550     7.869974052     1.000000000
  
     0.000000000     7.670426107     1.000000000
     0.012322526     7.670070989     1.000000000
     0.024645053     7.668999139     1.000000000
     0.036967579     7.667191390     1.000000000
     0.049290105     7.664616864     1.000000000
     0.061612632     7.661234484     1.000000000
     0.073935158     7.656994962     1.000000000
     0.086257684     7.651843119     1.000000000
     0.098580211     7.645720418     1.000000000
     0.110902737     7.638567553     1.000000000
     0.123225264     7.630326998     1.000000000
     0.135547790     7.620945390     1.000000000
     0.147870316     7.610375688     1.000000000
     0.160192843     7.598579058     1.000000000
     0.172515369     7.585526473     1.000000000
     0.184837895     7.571200044     1.000000000
     0.197160422     7.555594100     1.000000000
     0.209482948     7.538716094     1.000000000
     0.221805474     7.520587360     1.000000000
     0.234128001     7.501243799     1.000000000
     0.246450527     7.480736542     1.000000000
     0.258773053     7.459132630     1.000000000
     0.271095580     7.436515744     1.000000000
     0.283418106     7.412986970     1.000000000
     0.295740632     7.388665589     1.000000000
     0.308063159     7.363689786     1.000000000
     0.320385685     7.338217158     1.000000000
     0.332708212     7.312424821     1.000000000
     0.345030738     7.286508836     1.000000000
     0.357353264     7.260682682     1.000000000
     0.369675791     7.235174445     1.000000000
     0.381998317     7.215124159     1.000000000
     0.394320843     7.209456056     1.000000000
     0.406643370     7.202815395     1.000000000
     0.418965896     7.195241424     1.000000000
     0.431288422     7.186790022     1.000000000
     0.443610949     7.177533416     1.000000000
     0.455933475     7.167559591     1.000000000
     0.468256001     7.156971420     1.000000000
     0.480578528     7.145885588     1.000000000
     0.492901054     7.134431356     1.000000000
     0.505223581     7.122749224     1.000000000
     0.517546107     7.110989531     1.000000000
     0.529868633     7.099311013     1.000000000
     0.542191160     7.087879312     1.000000000
     0.554513686     7.076865416     1.000000000
     0.566836212     7.066443998     1.000000000
     0.579158739     7.056791609     1.000000000
     0.591481265     7.048084667     1.000000000
     0.603803791     7.040497237     1.000000000
     0.603803791     7.040497237     1.000000000
     0.616634625     7.040514201     1.000000000
     0.629465458     7.040562328     1.000000000
     0.642296292     7.040633483     1.000000000
     0.655127125     7.040714634     1.000000000
     0.667957959     7.040788587     1.000000000
     0.680788792     7.040834945     1.000000000
     0.693619626     7.040831198     1.000000000
     0.706450459     7.040753889     1.000000000
     0.719281293     7.040579764     1.000000000
     0.732112126     7.040286853     1.000000000
     0.744942960     7.039855427     1.000000000
     0.757773793     7.039268784     1.000000000
     0.770604626     7.038513862     1.000000000
     0.783435460     7.037581646     1.000000000
     0.796266293     7.036467399     1.000000000
     0.809097127     7.035170710     1.000000000
     0.821927960     7.033695395     1.000000000
     0.834758794     7.032049259     1.000000000
     0.847589627     7.030243759     1.000000000
     0.860420461     7.028293582     1.000000000
     0.873251294     7.026216162     1.000000000
     0.886082128     7.024031165     1.000000000
     0.898912961     7.021759951     1.000000000
     0.911743795     7.019425029     1.000000000
     0.924574628     7.017049525     1.000000000
     0.937405462     7.014656668     1.000000000
     0.950236295     7.012269303     1.000000000
     0.963067129     7.009909438     1.000000000
     0.975897962     7.007597835     1.000000000
     0.988728796     7.005353651     1.000000000
     1.001559629     7.003194126     1.000000000
     1.014390462     7.001134335     1.000000000
     1.027221296     6.999186997     1.000000000
     1.040052129     6.997362355     1.000000000
     1.052882963     6.995668126     1.000000000
     1.065713796     6.994109523     1.000000000
     1.078544630     6.992689347     1.000000000
     1.091375463     6.991408154     1.000000000
     1.104206297     6.990264487     1.000000000
     1.117037130     6.989255165     1.000000000
     1.129867964     6.988375626     1.000000000
     1.142698797     6.987620303     1.000000000
     1.155529631     6.986983022     1.000000000
     1.168360464     6.986457410     1.000000000
     1.181191298     6.986037283     1.000000000
     1.194022131     6.985717023     1.000000000
     1.206852965     6.985491891     1.000000000
     1.219683798     6.985358303     1.000000000
     1.232514631     6.985314026     1.000000000
     1.232514631     6.985314026     1.000000000
     1.244837158     7.009516534     1.000000000
     1.257159684     7.034422486     1.000000000
     1.269482211     7.059953154     1.000000000
     1.281804737     7.086030634     1.000000000
     1.294127263     7.112578986     1.000000000
     1.306449790     7.139525078     1.000000000
     1.318772316     7.166799174     1.000000000
     1.331094842     7.194335337     1.000000000
     1.343417369     7.222071683     1.000000000
     1.355739895     7.249950547     1.000000000
     1.368062421     7.277918577     1.000000000
     1.380384948     7.305926793     1.000000000
     1.392707474     7.333930623     1.000000000
     1.405030000     7.361889927     1.000000000
     1.417352527     7.389769021     1.000000000
     1.429675053     7.417536700     1.000000000
     1.441997580     7.445166272     1.000000000
     1.454320106     7.472635589     1.000000000
     1.466642632     7.499927084     1.000000000
     1.478965159     7.527027808     1.000000000
     1.491287685     7.553929462     1.000000000
     1.503610211     7.580628412     1.000000000
     1.515932738     7.607125686     1.000000000
     1.528255264     7.633426936     1.000000000
     1.540577790     7.659542351     1.000000000
     1.552900317     7.685486506     1.000000000
     1.565222843     7.711278115     1.000000000
     1.577545369     7.736939679     1.000000000
     1.589867896     7.762496965     1.000000000
     1.602190422     7.787978308     1.000000000
     1.614512948     7.813413648     1.000000000
     1.626835475     7.838833261     1.000000000
     1.639158001     7.864266070     1.000000000
     1.651480528     7.889737432     1.000000000
     1.663803054     7.915266239     1.000000000
     1.676125580     7.940861097     1.000000000
     1.688448107     7.913950894     1.000000000
     1.700770633     7.869955899     1.000000000
     1.713093159     7.828168274     1.000000000
     1.725415686     7.788903921     1.000000000
     1.737738212     7.752491855     1.000000000
     1.750060738     7.719270103     1.000000000
     1.762383265     7.689579458     1.000000000
     1.774705791     7.663754843     1.000000000
     1.787028317     7.642114275     1.000000000
     1.799350844     7.624945846     1.000000000
     1.811673370     7.612493657     1.000000000
     1.823995896     7.604944105     1.000000000
     1.836318423     7.602414272     1.000000000
     1.836318423     7.602414272     1.000000000
     1.849149256     7.602949935     1.000000000
     1.861980090     7.604555433     1.000000000
     1.874810923     7.607226298     1.000000000
     1.887641757     7.610955085     1.000000000
     1.900472590     7.615731357     1.000000000
     1.913303424     7.621541678     1.000000000
     1.926134257     7.628369580     1.000000000
     1.938965091     7.636195532     1.000000000
     1.951795924     7.644996877     1.000000000
     1.964626758     7.654747761     1.000000000
     1.977457591     7.665419036     1.000000000
     1.990288424     7.676978143     1.000000000
     2.003119258     7.689388984     1.000000000
     2.015950091     7.702611783     1.000000000
     2.028780925     7.716602936     1.000000000
     2.041611758     7.731314882     1.000000000
     2.054442592     7.746695974     1.000000000
     2.067273425     7.762690396     1.000000000
     2.080104259     7.779238107     1.000000000
     2.092935092     7.796274845     1.000000000
     2.105765926     7.813732201     1.000000000
     2.118596759     7.831537761     1.000000000
     2.131427593     7.849615339     1.000000000
     2.144258426     7.867885308     1.000000000
     2.157089260     7.886265030     1.000000000
     2.169920093     7.904669385     1.000000000
     2.182750927     7.923011410     1.000000000
     2.195581760     7.941203035     1.000000000
     2.208412594     7.959155899     1.000000000
     2.221243427     7.976782244     1.000000000
     2.234074260     7.993995850     1.000000000
     2.246905094     8.010712991     1.000000000
     2.259735927     8.026853373     1.000000000
     2.272566761     8.042341018     1.000000000
     2.285397594     8.057105053     1.000000000
     2.298228428     8.071080376     1.000000000
     2.311059261     8.084208153     1.000000000
     2.323890095     8.096436139     1.000000000
     2.336720928     8.107718788     1.000000000
     2.349551762     8.118017185     1.000000000
     2.362382595     8.127298772     1.000000000
     2.375213429     8.135536924     1.000000000
     2.388044262     8.142710393     1.000000000
     2.400875096     8.148802666     1.000000000
     2.413705929     8.153801282     1.000000000
     2.426536763     8.157697154     1.000000000
     2.439367596     8.160483949     1.000000000
     2.452198429     8.162157553     1.000000000
     2.465029263     8.162715667     1.000000000
     2.465029263     7.754954079     1.000000000
     2.477804039     7.754818963     1.000000000
     2.490578815     7.754415124     1.000000000
     2.503353591     7.753747095     1.000000000
     2.516128367     7.752822445     1.000000000
     2.528903143     7.751651797     1.000000000
     2.541677919     7.750248862     1.000000000
     2.554452695     7.748630463     1.000000000
     2.567227471     7.746816577     1.000000000
     2.580002247     7.744830361     1.000000000
     2.592777023     7.742698182     1.000000000
     2.605551799     7.740449629     1.000000000
     2.618326575     7.738117501     1.000000000
     2.631101351     7.735737767     1.000000000
     2.643876127     7.733349484     1.000000000
     2.656650903     7.730994642     1.000000000
     2.669425679     7.728717954     1.000000000
     2.682200455     7.726566533     1.000000000
     2.694975231     7.724589476     1.000000000
     2.707750007     7.722837315     1.000000000
     2.720524783     7.721361328     1.000000000
     2.733299559     7.720212721     1.000000000
     2.746074335     7.719441659     1.000000000
     2.758849111     7.719096181     1.000000000
     2.771623887     7.719221020     1.000000000
     2.784398663     7.719856370     1.000000000
     2.797173439     7.721036661     1.000000000
     2.809948215     7.722789410     1.000000000
     2.822722991     7.725134218     1.000000000
     2.835497767     7.728081992     1.000000000
     2.848272543     7.731634458     1.000000000
     2.861047319     7.735783997     1.000000000
     2.873822095     7.740513854     1.000000000
     2.886596871     7.745798688     1.000000000
     2.899371647     7.751605451     1.000000000
     2.912146423     7.757894528     1.000000000
     2.924921199     7.764621067     1.000000000
     2.937695975     7.771736414     1.000000000
     2.950470751     7.779189573     1.000000000
     2.963245527     7.786928607     1.000000000
     2.976020303     7.794901921     1.000000000
     2.988795079     7.803059383     1.000000000
     3.001569855     7.811353253     1.000000000
     3.014344631     7.819738914     1.000000000
     3.027119407     7.828175403     1.000000000
     3.039894183     7.836625761     1.000000000
     3.052668959     7.845057225     1.000000000
     3.065443735     7.853441285     1.000000000
     3.078218511     7.872800972     1.000000000
     3.090993287     7.869974075     1.000000000
     3.090993287     7.869974075     1.000000000
     3.103315814     7.870777799     1.000000000
     3.115638340     7.873185227     1.000000000
     3.127960866     7.877185061     1.000000000
     3.140283393     7.882758270     1.000000000
     3.152605919     7.889877808     1.000000000
     3.164928445     7.898508283     1.000000000
     3.177250972     7.908605635     1.000000000
     3.189573498     7.920116866     1.000000000
     3.201896024     7.932979893     1.000000000
     3.214218551     7.947123558     1.000000000
     3.226541077     7.962467835     1.000000000
     3.238863604     7.978924255     1.000000000
     3.251186130     7.996396540     1.000000000
     3.263508656     8.012282115     1.000000000
     3.275831183     8.027526596     1.000000000
     3.288153709     8.043331337     1.000000000
     3.300476235     8.059623112     1.000000000
     3.312798762     8.076329563     1.000000000
     3.325121288     8.093379530     1.000000000
     3.337443814     8.110703319     1.000000000
     3.349766341     8.128232904     1.000000000
     3.362088867     8.145902071     1.000000000
     3.374411393     8.163646525     1.000000000
     3.386733920     8.181403949     1.000000000
     3.399056446     8.199114036     1.000000000
     3.411378972     8.216718491     1.000000000
     3.423701499     8.234161016     1.000000000
     3.436024025     8.251387276     1.000000000
     3.448346552     8.268344856     1.000000000
     3.460669078     8.284983206     1.000000000
     3.472991604     8.301253584     1.000000000
     3.485314131     8.317108992     1.000000000
     3.497636657     8.332504115     1.000000000
     3.509959183     8.347395254     1.000000000
     3.522281710     8.361740269     1.000000000
     3.534604236     8.375498519     1.000000000
     3.546926762     8.388630808     1.000000000
     3.559249289     8.401099334     1.000000000
     3.571571815     8.412867649     1.000000000
     3.583894341     8.423900622     1.000000000
     3.596216868     8.434164408     1.000000000
     3.608539394     8.443626433     1.000000000
     3.620861921     8.452255382     1.000000000
     3.633184447     8.460021204     1.000000000
     3.645506973     8.466895122     1.000000000
     3.657829500     8.472849667     1.000000000
     3.670152026     8.477858719     1.000000000
     3.682474552     8.481897573     1.000000000
     3.694797079     8.484942869     1.000000000
     3.694797079     8.484942869     1.000000000
     3.707627912     8.458917856     1.000000000
     3.720458746     8.433916367     1.000000000
     3.733289579     8.410089386     1.000000000
     3.746120413     8.387576630     1.000000000
     3.758951246     8.366505160     1.000000000
     3.771782079     8.346988098     1.000000000
     3.784612913     8.329123556     1.000000000
     3.797443746     8.312993813     1.000000000
     3.810274580     8.298664761     1.000000000
     3.823105413     8.286185643     1.000000000
     3.835936247     8.275589085     1.000000000
     3.848767080     8.266891420     1.000000000
     3.861597914     8.260093298     1.000000000
     3.874428747     8.255180556     1.000000000
     3.887259581     8.252125311     1.000000000
     3.900090414     8.250887244     1.000000000
     3.912921248     8.251415020     1.000000000
     3.925752081     8.253647802     1.000000000
     3.938582915     8.257516815     1.000000000
     3.951413748     8.262946894     1.000000000
     3.964244582     8.269857997     1.000000000
     3.977075415     8.278166635     1.000000000
     3.989906249     8.287787191     1.000000000
     4.002737082     8.298633106     1.000000000
     4.015567915     8.310617922     1.000000000
     4.028398749     8.323656168     1.000000000
     4.041229582     8.337664090     1.000000000
     4.054060416     8.352560232     1.000000000
     4.066891249     8.368265862     1.000000000
     4.079722083     8.384705275     1.000000000
     4.092552916     8.401805960     1.000000000
     4.105383750     8.419498663     1.000000000
     4.118214583     8.437717362     1.000000000
     4.131045417     8.456399147     1.000000000
     4.143876250     8.475484054     1.000000000
     4.156707084     8.494914832     1.000000000
     4.169537917     8.514636688     1.000000000
     4.182368751     8.534596995     1.000000000
     4.195199584     8.554745000     1.000000000
     4.208030418     8.575031522     1.000000000
     4.220861251     8.595408657     1.000000000
     4.233692084     8.615829497     1.000000000
     4.246522918     8.636247869     1.000000000
     4.259353751     8.656618089     1.000000000
     4.272184585     8.676894744     1.000000000
     4.285015418     8.697032496     1.000000000
     4.297846252     8.716985910     1.000000000
     4.310677085     8.736709293     1.000000000
     4.323507919     8.756156344     1.000000000
     4.323507919     8.756156344     1.000000000
     4.335830445     8.749251145     1.000000000
     4.348152971     8.741589699     1.000000000
     4.360475498     8.733159760     1.000000000
     4.372798024     8.723952197     1.000000000
     4.385120551     8.713961399     1.000000000
     4.397443077     8.703185470     1.000000000
     4.409765603     8.691626407     1.000000000
     4.422088130     8.679290239     1.000000000
     4.434410656     8.666187144     1.000000000
     4.446733182     8.652331529     1.000000000
     4.459055709     8.637742082     1.000000000
     4.471378235     8.622441781     1.000000000
     4.483700761     8.606457873     1.000000000
     4.496023288     8.589821823     1.000000000
     4.508345814     8.572569225     1.000000000
     4.520668340     8.554739696     1.000000000
     4.532990867     8.536376731     1.000000000
     4.545313393     8.517527557     1.000000000
     4.557635920     8.498242949     1.000000000
     4.569958446     8.478577053     1.000000000
     4.582280972     8.458587192     1.000000000
     4.594603499     8.438333665     1.000000000
     4.606926025     8.417879548     1.000000000
     4.619248551     8.397290495     1.000000000
     4.631571078     8.376634534     1.000000000
     4.643893604     8.355981863     1.000000000
     4.656216130     8.335404649     1.000000000
     4.668538657     8.314976815     1.000000000
     4.680861183     8.294773817     1.000000000
     4.693183709     8.274872412     1.000000000
     4.705506236     8.255350397     1.000000000
     4.717828762     8.236286330     1.000000000
     4.730151288     8.217759208     1.000000000
     4.742473815     8.199848114     1.000000000
     4.754796341     8.182631812     1.000000000
     4.767118868     8.166188301     1.000000000
     4.779441394     8.150594311     1.000000000
     4.791763920     8.135924748     1.000000000
     4.804086447     8.122252103     1.000000000
     4.816408973     8.109645803     1.000000000
     4.828731499     8.098171537     1.000000000
     4.841054026     8.087890567     1.000000000
     4.853376552     8.078859023     1.000000000
     4.865699078     8.071127221     1.000000000
     4.878021605     8.064739010     1.000000000
     4.890344131     8.059731173     1.000000000
     4.902666657     8.056132905     1.000000000
     4.914989184     8.053965380     1.000000000
     4.927311710     8.053241437     1.000000000
     4.927311710     8.053241437     1.000000000
     4.940142544     8.052815169     1.000000000
     4.952973377     8.051538177     1.000000000
     4.965804211     8.049415908     1.000000000
     4.978635044     8.046457437     1.000000000
     4.991465877     8.042675467     1.000000000
     5.004296711     8.038086336     1.000000000
     5.017127544     8.032710025     1.000000000
     5.029958378     8.026570179     1.000000000
     5.042789211     8.019694143     1.000000000
     5.055620045     8.012113014     1.000000000
     5.068450878     8.003861703     1.000000000
     5.081281712     7.994979017     1.000000000
     5.094112545     7.985507760     1.000000000
     5.106943379     7.975494825     1.000000000
     5.119774212     7.964991309     1.000000000
     5.132605046     7.954052607     1.000000000
     5.145435879     7.942738499     1.000000000
     5.158266713     7.931113210     1.000000000
     5.171097546     7.919245440     1.000000000
     5.183928380     7.907208350     1.000000000
     5.196759213     7.895079487     1.000000000
     5.209590047     7.882940662     1.000000000
     5.222420880     7.870877753     1.000000000
     5.235251713     7.858980438     1.000000000
     5.248082547     7.847341851     1.000000000
     5.260913380     7.836058170     1.000000000
     5.273744214     7.825228118     1.000000000
     5.286575047     7.814952400     1.000000000
     5.299405881     7.805333061     1.000000000
     5.312236714     7.796472782     1.000000000
     5.325067548     7.788474097     1.000000000
     5.337898381     7.781438558     1.000000000
     5.350729215     7.775465826     1.000000000
     5.363560048     7.770652700     1.000000000
     5.376390882     7.767092072     1.000000000
     5.389221715     7.764871818     1.000000000
     5.402052549     7.764073609     1.000000000
     5.414883382     7.764771628     1.000000000
     5.427714216     7.767031205     1.000000000
     5.440545049     7.770907308     1.000000000
     5.453375882     7.776442871     1.000000000
     5.466206716     7.783666778     1.000000000
     5.479037549     7.792591195     1.000000000
     5.491868383     7.803207253     1.000000000
     5.504699216     7.815476225     1.000000000
     5.517530050     7.829305840     1.000000000
     5.530360883     7.844463859     1.000000000
     5.543191717     7.860089702     1.000000000
     5.556022550     7.869974075     1.000000000
  
     0.000000000     9.229164584     1.000000000
     0.012322526     9.227833775     1.000000000
     0.024645053     9.223865460     1.000000000
     0.036967579     9.217330192     1.000000000
     0.049290105     9.208339989     1.000000000
     0.061612632     9.197040994     1.000000000
     0.073935158     9.183604973     1.000000000
     0.086257684     9.168220763     1.000000000
     0.098580211     9.151086572     1.000000000
     0.110902737     9.132403657     1.000000000
     0.123225264     9.112371573     1.000000000
     0.135547790     9.091184921     1.000000000
     0.147870316     9.069031383     1.000000000
     0.160192843     9.046090759     1.000000000
     0.172515369     9.022534729     1.000000000
     0.184837895     8.998527086     1.000000000
     0.197160422     8.974224249     1.000000000
     0.209482948     8.949775887     1.000000000
     0.221805474     8.925325554     1.000000000
     0.234128001     8.901011239     1.000000000
     0.246450527     8.876965780     1.000000000
     0.258773053     8.853317098     1.000000000
     0.271095580     8.830188231     1.000000000
     0.283418106     8.807697154     1.000000000
     0.295740632     8.785956380     1.000000000
     0.308063159     8.765072368     1.000000000
     0.320385685     8.745144747     1.000000000
     0.332708212     8.726265416     1.000000000
     0.345030738     8.708517559     1.000000000
     0.357353264     8.691974644     1.000000000
     0.369675791     8.676699490     1.000000000
     0.381998317     8.662743463     1.000000000
     0.394320843     8.650145889     1.000000000
     0.406643370     8.638933732     1.000000000
     0.418965896     8.629121593     1.000000000
     0.431288422     8.620712037     1.000000000
     0.443610949     8.613696249     1.000000000
     0.455933475     8.608054993     1.000000000
     0.468256001     8.603759800     1.000000000
     0.480578528     8.600774347     1.000000000
     0.492901054     8.599055929     1.000000000
     0.505223581     8.598556960     1.000000000
     0.517546107     8.599226434     1.000000000
     0.529868633     8.601011287     1.000000000
     0.542191160     8.603857623     1.000000000
     0.554513686     8.607711773     1.000000000
     0.566836212     8.612521165     1.000000000
     0.579158739     8.618235027     1.000000000
     0.591481265     8.624804899     1.000000000
     0.603803791     8.632184989     1.000000000
     0.603803791     8.632184989     1.000000000
     0.616634625     8.633170990     1.000000000
     0.629465458     8.636123960     1.000000000
     0.642296292     8.641028808     1.000000000
     0.655127125     8.647860396     1.000000000
     0.667957959     8.656583562     1.000000000
     0.680788792     8.667153167     1.000000000
     0.693619626     8.679514176     1.000000000
     0.706450459     8.693601793     1.000000000
     0.719281293     8.709341643     1.000000000
     0.732112126     8.726650040     1.000000000
     0.744942960     8.745434330     1.000000000
     0.757773793     8.765593327     1.000000000
     0.770604626     8.787017843     1.000000000
     0.783435460     8.809591324     1.000000000
     0.796266293     8.833190571     1.000000000
     0.809097127     8.857686571     1.000000000
     0.821927960     8.882945404     1.000000000
     0.834758794     8.908829244     1.000000000
     0.847589627     8.935197429     1.000000000
     0.860420461     8.961907597     1.000000000
     0.873251294     8.988816878     1.000000000
     0.886082128     9.015783120     1.000000000
     0.898912961     9.042666156     1.000000000
     0.911743795     9.069329069     1.000000000
     0.924574628     9.095639457     1.000000000
     0.937405462     9.121470672     1.000000000
     0.950236295     9.146703007     1.000000000
     0.963067129     9.171224805     1.000000000
     0.975897962     9.194933460     1.000000000
     0.988728796     9.217736292     1.000000000
     1.001559629     9.239551237     1.000000000
     1.014390462     9.260307355     1.000000000
     1.027221296     9.279945105     1.000000000
     1.040052129     9.298416374     1.000000000
     1.052882963     9.315684256     1.000000000
     1.065713796     9.331722568     1.000000000
     1.078544630     9.346515114     1.000000000
     1.091375463     9.360054727     1.000000000
     1.104206297     9.372342117     1.000000000
     1.117037130     9.383384559     1.000000000
     1.129867964     9.393194482     1.000000000
     1.142698797     9.401788006     1.000000000
     1.155529631     9.409183477     1.000000000
     1.168360464     9.415400055     1.000000000
     1.181191298     9.420456399     1.000000000
     1.194022131     9.424369493     1.000000000
     1.206852965     9.427153633     1.000000000
     1.219683798     9.428819625     1.000000000
     1.232514631     9.429374193     1.000000000
     1.232514631     9.429374193     1.000000000
     1.244837158     9.410708896     1.000000000
     1.257159684     9.390477028     1.000000000
     1.269482211     9.368683150     1.000000000
     1.281804737     9.345331056     1.000000000
     1.294127263     9.320424088     1.000000000
     1.306449790     9.293965513     1.000000000
     1.318772316     9.265958978     1.000000000
     1.331094842     9.236409037     1.000000000
     1.343417369     9.205321744     1.000000000
     1.355739895     9.172705308     1.000000000
     1.368062421     9.138570798     1.000000000
     1.380384948     9.102932891     1.000000000
     1.392707474     9.065810633     1.000000000
     1.405030000     9.027228211     1.000000000
     1.417352527     8.987215712     1.000000000
     1.429675053     8.945809841     1.000000000
     1.441997580     8.903054592     1.000000000
     1.454320106     8.859001863     1.000000000
     1.466642632     8.813711977     1.000000000
     1.478965159     8.767254135     1.000000000
     1.491287685     8.719706778     1.000000000
     1.503610211     8.671157874     1.000000000
     1.515932738     8.621705135     1.000000000
     1.528255264     8.571456177     1.000000000
     1.540577790     8.520528655     1.000000000
     1.552900317     8.469050384     1.000000000
     1.565222843     8.417159475     1.000000000
     1.577545369     8.365004524     1.000000000
     1.589867896     8.312744863     1.000000000
     1.602190422     8.260550915     1.000000000
     1.614512948     8.208604664     1.000000000
     1.626835475     8.157100251     1.000000000
     1.639158001     8.106244706     1.000000000
     1.651480528     8.056258781     1.000000000
     1.663803054     8.007377858     1.000000000
     1.676125580     7.959852838     1.000000000
     1.688448107     7.966515294     1.000000000
     1.700770633     7.992200111     1.000000000
     1.713093159     8.017855878     1.000000000
     1.725415686     8.043379965     1.000000000
     1.737738212     8.068610636     1.000000000
     1.750060738     8.093305620     1.000000000
     1.762383265     8.117114570     1.000000000
     1.774705791     8.139546386     1.000000000
     1.787028317     8.159937365     1.000000000
     1.799350844     8.177437065     1.000000000
     1.811673370     8.191045661     1.000000000
     1.823995896     8.199746806     1.000000000
     1.836318423     8.202748436     1.000000000
     1.836318423     8.202748436     1.000000000
     1.849149256     8.203584555     1.000000000
     1.861980090     8.206089969     1.000000000
     1.874810923     8.210255855     1.000000000
     1.887641757     8.216067473     1.000000000
     1.900472590     8.223504123     1.000000000
     1.913303424     8.232539102     1.000000000
     1.926134257     8.243139686     1.000000000
     1.938965091     8.255267149     1.000000000
     1.951795924     8.268876849     1.000000000
     1.964626758     8.283918394     1.000000000
     1.977457591     8.300335915     1.000000000
     1.990288424     8.318068448     1.000000000
     2.003119258     8.337050444     1.000000000
     2.015950091     8.357212403     1.000000000
     2.028780925     8.378481617     1.000000000
     2.041611758     8.400783030     1.000000000
     2.054442592     8.424040166     1.000000000
     2.067273425     8.448176116     1.000000000
     2.080104259     8.473114547     1.000000000
     2.092935092     8.498780694     1.000000000
     2.105765926     8.525102293     1.000000000
     2.118596759     8.552010424     1.000000000
     2.131427593     8.579440205     1.000000000
     2.144258426     8.607331319     1.000000000
     2.157089260     8.635628307     1.000000000
     2.169920093     8.664280615     1.000000000
     2.182750927     8.693242331     1.000000000
     2.195581760     8.722471599     1.000000000
     2.208412594     8.751929661     1.000000000
     2.221243427     8.781579504     1.000000000
     2.234074260     8.811384060     1.000000000
     2.246905094     8.841303942     1.000000000
     2.259735927     8.871294648     1.000000000
     2.272566761     8.901303185     1.000000000
     2.285397594     8.931264037     1.000000000
     2.298228428     8.949160470     1.000000000
     2.311059261     8.957946325     1.000000000
     2.323890095     8.966245209     1.000000000
     2.336720928     8.974010690     1.000000000
     2.349551762     8.981197540     1.000000000
     2.362382595     8.987762259     1.000000000
     2.375213429     8.993663638     1.000000000
     2.388044262     8.998863358     1.000000000
     2.400875096     9.003326598     1.000000000
     2.413705929     9.007022644     1.000000000
     2.426536763     9.009925455     1.000000000
     2.439367596     9.012014183     1.000000000
     2.452198429     9.013273605     1.000000000
     2.465029263     9.013694451     1.000000000
     2.465029263     8.162715667     1.000000000
     2.477804039     8.162413342     1.000000000
     2.490578815     8.161509053     1.000000000
     2.503353591     8.160010829     1.000000000
     2.516128367     8.157931922     1.000000000
     2.528903143     8.155290627     1.000000000
     2.541677919     8.152110015     1.000000000
     2.554452695     8.148417595     1.000000000
     2.567227471     8.144244891     1.000000000
     2.580002247     8.139626949     1.000000000
     2.592777023     8.134601764     1.000000000
     2.605551799     8.129209643     1.000000000
     2.618326575     8.123492503     1.000000000
     2.631101351     8.117493127     1.000000000
     2.643876127     8.111254391     1.000000000
     2.656650903     8.104818475     1.000000000
     2.669425679     8.098226098     1.000000000
     2.682200455     8.091515781     1.000000000
     2.694975231     8.084723187     1.000000000
     2.707750007     8.077880535     1.000000000
     2.720524783     8.071016138     1.000000000
     2.733299559     8.064154045     1.000000000
     2.746074335     8.057313832     1.000000000
     2.758849111     8.050510516     1.000000000
     2.771623887     8.043754605     1.000000000
     2.784398663     8.037052258     1.000000000
     2.797173439     8.030405553     1.000000000
     2.809948215     8.023812839     1.000000000
     2.822722991     8.017269150     1.000000000
     2.835497767     8.010766653     1.000000000
     2.848272543     8.004295131     1.000000000
     2.861047319     7.997842458     1.000000000
     2.873822095     7.991395074     1.000000000
     2.886596871     7.984938431     1.000000000
     2.899371647     7.978457412     1.000000000
     2.912146423     7.971936719     1.000000000
     2.924921199     7.965361226     1.000000000
     2.937695975     7.958716291     1.000000000
     2.950470751     7.951988041     1.000000000
     2.963245527     7.945163632     1.000000000
     2.976020303     7.938231478     1.000000000
     2.988795079     7.931181467     1.000000000
     3.001569855     7.924005172     1.000000000
     3.014344631     7.916696046     1.000000000
     3.027119407     7.909249622     1.000000000
     3.039894183     7.901663721     1.000000000
     3.052668959     7.893938666     1.000000000
     3.065443735     7.886077503     1.000000000
     3.078218511     7.878086234     1.000000000
     3.090993287     7.895817559     1.000000000
     3.090993287     7.895817559     1.000000000
     3.103315814     7.896479645     1.000000000
     3.115638340     7.898461187     1.000000000
     3.127960866     7.901748139     1.000000000
     3.140283393     7.906317418     1.000000000
     3.152605919     7.912137367     1.000000000
     3.164928445     7.919168375     1.000000000
     3.177250972     7.927363624     1.000000000
     3.189573498     7.936669921     1.000000000
     3.201896024     7.947028580     1.000000000
     3.214218551     7.958376341     1.000000000
     3.226541077     7.970646258     1.000000000
     3.238863604     7.983768572     1.000000000
     3.251186130     7.997671514     1.000000000
     3.263508656     8.014781227     1.000000000
     3.275831183     8.033969574     1.000000000
     3.288153709     8.053847394     1.000000000
     3.300476235     8.074297186     1.000000000
     3.312798762     8.095199215     1.000000000
     3.325121288     8.116432828     1.000000000
     3.337443814     8.137877727     1.000000000
     3.349766341     8.159415178     1.000000000
     3.362088867     8.180929127     1.000000000
     3.374411393     8.202307194     1.000000000
     3.386733920     8.223441551     1.000000000
     3.399056446     8.244229653     1.000000000
     3.411378972     8.264574843     1.000000000
     3.423701499     8.284386814     1.000000000
     3.436024025     8.303581956     1.000000000
     3.448346552     8.322083567     1.000000000
     3.460669078     8.339821969     1.000000000
     3.472991604     8.356734518     1.000000000
     3.485314131     8.372765528     1.000000000
     3.497636657     8.387866120     1.000000000
     3.509959183     8.401994014     1.000000000
     3.522281710     8.415113260     1.000000000
     3.534604236     8.427193937     1.000000000
     3.546926762     8.438211822     1.000000000
     3.559249289     8.448148034     1.000000000
     3.571571815     8.456988676     1.000000000
     3.583894341     8.464724467     1.000000000
     3.596216868     8.471350382     1.000000000
     3.608539394     8.476865303     1.000000000
     3.620861921     8.481271682     1.000000000
     3.633184447     8.484575224     1.000000000
     3.645506973     8.486784597     1.000000000
     3.657829500     8.487911154     1.000000000
     3.670152026     8.487968693     1.000000000
     3.682474552     8.486973235     1.000000000
     3.694797079     8.484942970     1.000000000
     3.694797079     8.484942970     1.000000000
     3.707627912     8.511831137     1.000000000
     3.720458746     8.539414277     1.000000000
     3.733289579     8.567518060     1.000000000
     3.746120413     8.595964166     1.000000000
     3.758951246     8.624572128     1.000000000
     3.771782079     8.653161276     1.000000000
     3.784612913     8.681552657     1.000000000
     3.797443746     8.709570926     1.000000000
     3.810274580     8.737046161     1.000000000
     3.823105413     8.763815590     1.000000000
     3.835936247     8.789725205     1.000000000
     3.848767080     8.814631218     1.000000000
     3.861597914     8.838401355     1.000000000
     3.874428747     8.860915946     1.000000000
     3.887259581     8.882068790     1.000000000
     3.900090414     8.901767793     1.000000000
     3.912921248     8.919935343     1.000000000
     3.925752081     8.936508439     1.000000000
     3.938582915     8.951438560     1.000000000
     3.951413748     8.964691312     1.000000000
     3.964244582     8.976245834     1.000000000
     3.977075415     8.986094034     1.000000000
     3.989906249     8.994239648     1.000000000
     4.002737082     9.000697193     1.000000000
     4.015567915     9.005490823     1.000000000
     4.028398749     9.008653140     1.000000000
     4.041229582     9.010224005     1.000000000
     4.054060416     9.010249357     1.000000000
     4.066891249     9.008780088     1.000000000
     4.079722083     9.005870994     1.000000000
     4.092552916     9.001579805     1.000000000
     4.105383750     8.995966332     1.000000000
     4.118214583     8.989091702     1.000000000
     4.131045417     8.981017720     1.000000000
     4.143876250     8.971806333     1.000000000
     4.156707084     8.961519187     1.000000000
     4.169537917     8.950217296     1.000000000
     4.182368751     8.937960782     1.000000000
     4.195199584     8.924808698     1.000000000
     4.208030418     8.910818912     1.000000000
     4.220861251     8.896048046     1.000000000
     4.233692084     8.880551458     1.000000000
     4.246522918     8.864383255     1.000000000
     4.259353751     8.847596337     1.000000000
     4.272184585     8.830242454     1.000000000
     4.285015418     8.812372277     1.000000000
     4.297846252     8.794035479     1.000000000
     4.310677085     8.775280823     1.000000000
     4.323507919     8.756156465     1.000000000
     4.323507919     8.756156465     1.000000000
     4.335830445     8.762321134     1.000000000
     4.348152971     8.767763782     1.000000000
     4.360475498     8.772505152     1.000000000
     4.372798024     8.776568496     1.000000000
     4.385120551     8.779979145     1.000000000
     4.397443077     8.782764264     1.000000000
     4.409765603     8.784952605     1.000000000
     4.422088130     8.786574286     1.000000000
     4.434410656     8.787660563     1.000000000
     4.446733182     8.788243630     1.000000000
     4.459055709     8.788356421     1.000000000
     4.471378235     8.788032430     1.000000000
     4.483700761     8.787305542     1.000000000
     4.496023288     8.786209875     1.000000000
     4.508345814     8.784779637     1.000000000
     4.520668340     8.783048982     1.000000000
     4.532990867     8.781051885     1.000000000
     4.545313393     8.778822011     1.000000000
     4.557635920     8.776392599     1.000000000
     4.569958446     8.773796334     1.000000000
     4.582280972     8.771065230     1.000000000
     4.594603499     8.768230500     1.000000000
     4.606926025     8.765322431     1.000000000
     4.619248551     8.762370249     1.000000000
     4.631571078     8.759401971     1.000000000
     4.643893604     8.756444264     1.000000000
     4.656216130     8.753522283     1.000000000
     4.668538657     8.750659511     1.000000000
     4.680861183     8.747877593     1.000000000
     4.693183709     8.745196171     1.000000000
     4.705506236     8.742632714     1.000000000
     4.717828762     8.740202373     1.000000000
     4.730151288     8.737917830     1.000000000
     4.742473815     8.735789196     1.000000000
     4.754796341     8.733823921     1.000000000
     4.767118868     8.732026764     1.000000000
     4.779441394     8.730399813     1.000000000
     4.791763920     8.728942573     1.000000000
     4.804086447     8.727652129     1.000000000
     4.816408973     8.726523393     1.000000000
     4.828731499     8.725549438     1.000000000
     4.841054026     8.724721911     1.000000000
     4.853376552     8.724031518     1.000000000
     4.865699078     8.723468573     1.000000000
     4.878021605     8.723023568     1.000000000
     4.890344131     8.722687749     1.000000000
     4.902666657     8.722453653     1.000000000
     4.914989184     8.722315584     1.000000000
     4.927311710     8.722269967     1.000000000
     4.927311710     8.722269967     1.000000000
     4.940142544     8.721938834     1.000000000
     4.952973377     8.720943575     1.000000000
     4.965804211     8.719278673     1.000000000
     4.978635044     8.716935124     1.000000000
     4.991465877     8.713900721     1.000000000
     5.004296711     8.710160425     1.000000000
     5.017127544     8.705696831     1.000000000
     5.029958378     8.700490696     1.000000000
     5.042789211     8.694521512     1.000000000
     5.055620045     8.687768114     1.000000000
     5.068450878     8.680209285     1.000000000
     5.081281712     8.671824361     1.000000000
     5.094112545     8.662593785     1.000000000
     5.106943379     8.652499630     1.000000000
     5.119774212     8.641526046     1.000000000
     5.132605046     8.629659641     1.000000000
     5.145435879     8.616889782     1.000000000
     5.158266713     8.603208825     1.000000000
     5.171097546     8.588612266     1.000000000
     5.183928380     8.573098844     1.000000000
     5.196759213     8.556670597     1.000000000
     5.209590047     8.539332895     1.000000000
     5.222420880     8.521094482     1.000000000
     5.235251713     8.501967539     1.000000000
     5.248082547     8.481967803     1.000000000
     5.260913380     8.461114758     1.000000000
     5.273744214     8.439431922     1.000000000
     5.286575047     8.416947238     1.000000000
     5.299405881     8.393693581     1.000000000
     5.312236714     8.369709364     1.000000000
     5.325067548     8.345039240     1.000000000
     5.337898381     8.319734873     1.000000000
     5.350729215     8.293855721     1.000000000
     5.363560048     8.267469815     1.000000000
     5.376390882     8.240654440     1.000000000
     5.389221715     8.213496684     1.000000000
     5.402052549     8.186093782     1.000000000
     5.414883382     8.158553194     1.000000000
     5.427714216     8.130992401     1.000000000
     5.440545049     8.103538402     1.000000000
     5.453375882     8.076326969     1.000000000
     5.466206716     8.049501851     1.000000000
     5.479037549     8.023214335     1.000000000
     5.491868383     7.997624226     1.000000000
     5.504699216     7.972905289     1.000000000
     5.517530050     7.949265644     1.000000000
     5.530360883     7.927031175     1.000000000
     5.543191717     7.907131333     1.000000000
     5.556022550     7.895817559     1.000000000
  
     0.000000000     9.315994967     1.000000000
     0.012322526     9.314961786     1.000000000
     0.024645053     9.311899784     1.000000000
     0.036967579     9.306914224     1.000000000
     0.049290105     9.300159036     1.000000000
     0.061612632     9.291813163     1.000000000
     0.073935158     9.282059342     1.000000000
     0.086257684     9.271069326     1.000000000
     0.098580211     9.258996190     1.000000000
     0.110902737     9.245972244     1.000000000
     0.123225264     9.232110482     1.000000000
     0.135547790     9.217507717     1.000000000
     0.147870316     9.202248147     1.000000000
     0.160192843     9.186406657     1.000000000
     0.172515369     9.170051504     1.000000000
     0.184837895     9.153246345     1.000000000
     0.197160422     9.136051631     1.000000000
     0.209482948     9.118525490     1.000000000
     0.221805474     9.100724215     1.000000000
     0.234128001     9.082702469     1.000000000
     0.246450527     9.064513300     1.000000000
     0.258773053     9.046208048     1.000000000
     0.271095580     9.027836182     1.000000000
     0.283418106     9.009445139     1.000000000
     0.295740632     8.991080160     1.000000000
     0.308063159     8.972784164     1.000000000
     0.320385685     8.954597662     1.000000000
     0.332708212     8.936558721     1.000000000
     0.345030738     8.918702971     1.000000000
     0.357353264     8.901063663     1.000000000
     0.369675791     8.883671774     1.000000000
     0.381998317     8.866556144     1.000000000
     0.394320843     8.849743658     1.000000000
     0.406643370     8.833259451     1.000000000
     0.418965896     8.817127151     1.000000000
     0.431288422     8.801369127     1.000000000
     0.443610949     8.786006776     1.000000000
     0.455933475     8.771060813     1.000000000
     0.468256001     8.756551574     1.000000000
     0.480578528     8.742499341     1.000000000
     0.492901054     8.728924659     1.000000000
     0.505223581     8.715848671     1.000000000
     0.517546107     8.703293448     1.000000000
     0.529868633     8.691282321     1.000000000
     0.542191160     8.679840203     1.000000000
     0.554513686     8.668993907     1.000000000
     0.566836212     8.658772430     1.000000000
     0.579158739     8.649207226     1.000000000
     0.591481265     8.640332426     1.000000000
     0.603803791     8.632185017     1.000000000
     0.603803791     8.632185017     1.000000000
     0.616634625     8.633171027     1.000000000
     0.629465458     8.636124008     1.000000000
     0.642296292     8.641028869     1.000000000
     0.655127125     8.647860471     1.000000000
     0.667957959     8.656583649     1.000000000
     0.680788792     8.667153266     1.000000000
     0.693619626     8.679514288     1.000000000
     0.706450459     8.693601917     1.000000000
     0.719281293     8.709341778     1.000000000
     0.732112126     8.726650186     1.000000000
     0.744942960     8.745434486     1.000000000
     0.757773793     8.765593491     1.000000000
     0.770604626     8.787018016     1.000000000
     0.783435460     8.809591503     1.000000000
     0.796266293     8.833190757     1.000000000
     0.809097127     8.857686762     1.000000000
     0.821927960     8.882945599     1.000000000
     0.834758794     8.908829442     1.000000000
     0.847589627     8.935197630     1.000000000
     0.860420461     8.961907800     1.000000000
     0.873251294     8.988817081     1.000000000
     0.886082128     9.015783323     1.000000000
     0.898912961     9.042666358     1.000000000
     0.911743795     9.069329269     1.000000000
     0.924574628     9.095639654     1.000000000
     0.937405462     9.121470866     1.000000000
     0.950236295     9.146703197     1.000000000
     0.963067129     9.171224990     1.000000000
     0.975897962     9.194933640     1.000000000
     0.988728796     9.217736465     1.000000000
     1.001559629     9.239551404     1.000000000
     1.014390462     9.260307515     1.000000000
     1.027221296     9.279945258     1.000000000
     1.040052129     9.298416519     1.000000000
     1.052882963     9.315684394     1.000000000
     1.065713796     9.331722697     1.000000000
     1.078544630     9.346515234     1.000000000
     1.091375463     9.360054838     1.000000000
     1.104206297     9.372342220     1.000000000
     1.117037130     9.383384652     1.000000000
     1.129867964     9.393194566     1.000000000
     1.142698797     9.401788080     1.000000000
     1.155529631     9.409183541     1.000000000
     1.168360464     9.415400109     1.000000000
     1.181191298     9.420456444     1.000000000
     1.194022131     9.424369528     1.000000000
     1.206852965     9.427153659     1.000000000
     1.219683798     9.428819643     1.000000000
     1.232514631     9.429374206     1.000000000
     1.232514631     9.429374206     1.000000000
     1.244837158     9.446467401     1.000000000
     1.257159684     9.461981802     1.000000000
     1.269482211     9.475909458     1.000000000
     1.281804737     9.488241162     1.000000000
     1.294127263     9.498966476     1.000000000
     1.306449790     9.508073856     1.000000000
     1.318772316     9.515550823     1.000000000
     1.331094842     9.521384222     1.000000000
     1.343417369     9.525560542     1.000000000
     1.355739895     9.528066306     1.000000000
     1.368062421     9.528888534     1.000000000
     1.380384948     9.528015249     1.000000000
     1.392707474     9.525436043     1.000000000
     1.405030000     9.521142654     1.000000000
     1.417352527     9.515129559     1.000000000
     1.429675053     9.507394529     1.000000000
     1.441997580     9.497939131     1.000000000
     1.454320106     9.486769147     1.000000000
     1.466642632     9.473894861     1.000000000
     1.478965159     9.459331212     1.000000000
     1.491287685     9.443097794     1.000000000
     1.503610211     9.425218701     1.000000000
     1.515932738     9.405722244     1.000000000
     1.528255264     9.384640584     1.000000000
     1.540577790     9.362009348     1.000000000
     1.552900317     9.337867314     1.000000000
     1.565222843     9.312256284     1.000000000
     1.577545369     9.285221269     1.000000000
     1.589867896     9.256811123     1.000000000
     1.602190422     9.227079753     1.000000000
     1.614512948     9.196088019     1.000000000
     1.626835475     9.163906399     1.000000000
     1.639158001     9.130618419     1.000000000
     1.651480528     9.096324811     1.000000000
     1.663803054     9.061148296     1.000000000
     1.676125580     9.025238866     1.000000000
     1.688448107     8.988779504     1.000000000
     1.700770633     8.951992412     1.000000000
     1.713093159     8.915146089     1.000000000
     1.725415686     8.878563988     1.000000000
     1.737738212     8.842635871     1.000000000
     1.750060738     8.807833296     1.000000000
     1.762383265     8.774730451     1.000000000
     1.774705791     8.744029817     1.000000000
     1.787028317     8.716587162     1.000000000
     1.799350844     8.693419359     1.000000000
     1.811673370     8.675661589     1.000000000
     1.823995896     8.664430081     1.000000000
     1.836318423     8.660578123     1.000000000
     1.836318423     8.660578123     1.000000000
     1.849149256     8.660920860     1.000000000
     1.861980090     8.661947515     1.000000000
     1.874810923     8.663653442     1.000000000
     1.887641757     8.666030969     1.000000000
     1.900472590     8.669069494     1.000000000
     1.913303424     8.672755621     1.000000000
     1.926134257     8.677073325     1.000000000
     1.938965091     8.682004133     1.000000000
     1.951795924     8.687527332     1.000000000
     1.964626758     8.693620174     1.000000000
     1.977457591     8.700258090     1.000000000
     1.990288424     8.707414896     1.000000000
     2.003119258     8.715062986     1.000000000
     2.015950091     8.723173505     1.000000000
     2.028780925     8.731716510     1.000000000
     2.041611758     8.740661093     1.000000000
     2.054442592     8.749975483     1.000000000
     2.067273425     8.759627124     1.000000000
     2.080104259     8.769582720     1.000000000
     2.092935092     8.779808251     1.000000000
     2.105765926     8.790268982     1.000000000
     2.118596759     8.800929430     1.000000000
     2.131427593     8.811753336     1.000000000
     2.144258426     8.822703613     1.000000000
     2.157089260     8.833742295     1.000000000
     2.169920093     8.844830481     1.000000000
     2.182750927     8.855928287     1.000000000
     2.195581760     8.866994810     1.000000000
     2.208412594     8.877988100     1.000000000
     2.221243427     8.888865162     1.000000000
     2.234074260     8.899581977     1.000000000
     2.246905094     8.910093559     1.000000000
     2.259735927     8.920354049     1.000000000
     2.272566761     8.930316851     1.000000000
     2.285397594     8.939934814     1.000000000
     2.298228428     8.961094383     1.000000000
     2.311059261     8.990688458     1.000000000
     2.323890095     9.019910969     1.000000000
     2.336720928     9.048589516     1.000000000
     2.349551762     9.076506119     1.000000000
     2.362382595     9.103388266     1.000000000
     2.375213429     9.128900463     1.000000000
     2.388044262     9.152638234     1.000000000
     2.400875096     9.174127870     1.000000000
     2.413705929     9.192836718     1.000000000
     2.426536763     9.208199583     1.000000000
     2.439367596     9.219665207     1.000000000
     2.452198429     9.226761020     1.000000000
     2.465029263     9.229164584     1.000000000
     2.465029263     9.229164584     1.000000000
     2.477804039     9.228054434     1.000000000
     2.490578815     9.224729206     1.000000000
     2.503353591     9.219204494     1.000000000
     2.516128367     9.211506044     1.000000000
     2.528903143     9.201669397     1.000000000
     2.541677919     9.189739415     1.000000000
     2.554452695     9.175769692     1.000000000
     2.567227471     9.159821890     1.000000000
     2.580002247     9.141965012     1.000000000
     2.592777023     9.122274628     1.000000000
     2.605551799     9.100832091     1.000000000
     2.618326575     9.077723750     1.000000000
     2.631101351     9.053040178     1.000000000
     2.643876127     9.026875433     1.000000000
     2.656650903     8.999326363     1.000000000
     2.669425679     8.970491945     1.000000000
     2.682200455     8.940472693     1.000000000
     2.694975231     8.909370096     1.000000000
     2.707750007     8.877286130     1.000000000
     2.720524783     8.844322796     1.000000000
     2.733299559     8.810581717     1.000000000
     2.746074335     8.776163767     1.000000000
     2.758849111     8.741168736     1.000000000
     2.771623887     8.705695025     1.000000000
     2.784398663     8.669839363     1.000000000
     2.797173439     8.633696549     1.000000000
     2.809948215     8.597359206     1.000000000
     2.822722991     8.560917549     1.000000000
     2.835497767     8.524459169     1.000000000
     2.848272543     8.488068820     1.000000000
     2.861047319     8.451828216     1.000000000
     2.873822095     8.415815842     1.000000000
     2.886596871     8.380106770     1.000000000
     2.899371647     8.344772480     1.000000000
     2.912146423     8.309880696     1.000000000
     2.924921199     8.275495238     1.000000000
     2.937695975     8.241675874     1.000000000
     2.950470751     8.208478203     1.000000000
     2.963245527     8.175953538     1.000000000
     2.976020303     8.144148818     1.000000000
     2.988795079     8.113106531     1.000000000
     3.001569855     8.082864658     1.000000000
     3.014344631     8.053456633     1.000000000
     3.027119407     8.024911327     1.000000000
     3.039894183     7.997253043     1.000000000
     3.052668959     7.970501532     1.000000000
     3.065443735     7.944672023     1.000000000
     3.078218511     7.919775268     1.000000000
     3.090993287     7.895817612     1.000000000
     3.090993287     7.895817612     1.000000000
     3.103315814     7.896479696     1.000000000
     3.115638340     7.898461236     1.000000000
     3.127960866     7.901748187     1.000000000
     3.140283393     7.906317464     1.000000000
     3.152605919     7.912137412     1.000000000
     3.164928445     7.919168421     1.000000000
     3.177250972     7.927363671     1.000000000
     3.189573498     7.936669969     1.000000000
     3.201896024     7.947028631     1.000000000
     3.214218551     7.958376394     1.000000000
     3.226541077     7.970646314     1.000000000
     3.238863604     7.983768631     1.000000000
     3.251186130     7.997671578     1.000000000
     3.263508656     8.014781453     1.000000000
     3.275831183     8.033969809     1.000000000
     3.288153709     8.053847638     1.000000000
     3.300476235     8.074297438     1.000000000
     3.312798762     8.095199474     1.000000000
     3.325121288     8.116433092     1.000000000
     3.337443814     8.137877995     1.000000000
     3.349766341     8.159415450     1.000000000
     3.362088867     8.180929402     1.000000000
     3.374411393     8.202307471     1.000000000
     3.386733920     8.223441829     1.000000000
     3.399056446     8.244229932     1.000000000
     3.411378972     8.264575121     1.000000000
     3.423701499     8.284387091     1.000000000
     3.436024025     8.303582231     1.000000000
     3.448346552     8.322083840     1.000000000
     3.460669078     8.339822239     1.000000000
     3.472991604     8.356734785     1.000000000
     3.485314131     8.372765791     1.000000000
     3.497636657     8.387866379     1.000000000
     3.509959183     8.401994269     1.000000000
     3.522281710     8.415113510     1.000000000
     3.534604236     8.427194183     1.000000000
     3.546926762     8.438212063     1.000000000
     3.559249289     8.448148271     1.000000000
     3.571571815     8.456988909     1.000000000
     3.583894341     8.464724697     1.000000000
     3.596216868     8.471350609     1.000000000
     3.608539394     8.476865527     1.000000000
     3.620861921     8.481271904     1.000000000
     3.633184447     8.484575445     1.000000000
     3.645506973     8.486784817     1.000000000
     3.657829500     8.487911374     1.000000000
     3.670152026     8.487968914     1.000000000
     3.682474552     8.486973458     1.000000000
     3.694797079     8.484943111     1.000000000
     3.694797079     8.484943111     1.000000000
     3.707627912     8.511831361     1.000000000
     3.720458746     8.539414501     1.000000000
     3.733289579     8.567518285     1.000000000
     3.746120413     8.595964391     1.000000000
     3.758951246     8.624572354     1.000000000
     3.771782079     8.653161502     1.000000000
     3.784612913     8.681552884     1.000000000
     3.797443746     8.709571153     1.000000000
     3.810274580     8.737046388     1.000000000
     3.823105413     8.763815818     1.000000000
     3.835936247     8.789725433     1.000000000
     3.848767080     8.814631446     1.000000000
     3.861597914     8.838401583     1.000000000
     3.874428747     8.860916173     1.000000000
     3.887259581     8.882069017     1.000000000
     3.900090414     8.901768020     1.000000000
     3.912921248     8.919935570     1.000000000
     3.925752081     8.936508664     1.000000000
     3.938582915     8.951438786     1.000000000
     3.951413748     8.964691536     1.000000000
     3.964244582     8.976246058     1.000000000
     3.977075415     8.986094257     1.000000000
     3.989906249     8.994239871     1.000000000
     4.002737082     9.000697415     1.000000000
     4.015567915     9.005491044     1.000000000
     4.028398749     9.008653360     1.000000000
     4.041229582     9.010224225     1.000000000
     4.054060416     9.010249576     1.000000000
     4.066891249     9.008780307     1.000000000
     4.079722083     9.005871212     1.000000000
     4.092552916     9.001580023     1.000000000
     4.105383750     8.995966549     1.000000000
     4.118214583     8.989091919     1.000000000
     4.131045417     8.981017938     1.000000000
     4.143876250     8.971806550     1.000000000
     4.156707084     8.961519405     1.000000000
     4.169537917     8.950217514     1.000000000
     4.182368751     8.937961000     1.000000000
     4.195199584     8.924808916     1.000000000
     4.208030418     8.910819130     1.000000000
     4.220861251     8.896048265     1.000000000
     4.233692084     8.880551677     1.000000000
     4.246522918     8.864383475     1.000000000
     4.259353751     8.847596557     1.000000000
     4.272184585     8.830242674     1.000000000
     4.285015418     8.812372498     1.000000000
     4.297846252     8.794035700     1.000000000
     4.310677085     8.775281044     1.000000000
     4.323507919     8.756156571     1.000000000
     4.323507919     8.756156571     1.000000000
     4.335830445     8.762321348     1.000000000
     4.348152971     8.767763994     1.000000000
     4.360475498     8.772505360     1.000000000
     4.372798024     8.776568700     1.000000000
     4.385120551     8.779979345     1.000000000
     4.397443077     8.782764458     1.000000000
     4.409765603     8.784952794     1.000000000
     4.422088130     8.786574468     1.000000000
     4.434410656     8.787660739     1.000000000
     4.446733182     8.788243799     1.000000000
     4.459055709     8.788356582     1.000000000
     4.471378235     8.788032583     1.000000000
     4.483700761     8.787305687     1.000000000
     4.496023288     8.786210012     1.000000000
     4.508345814     8.784779765     1.000000000
     4.520668340     8.783049102     1.000000000
     4.532990867     8.781051996     1.000000000
     4.545313393     8.778822113     1.000000000
     4.557635920     8.776392692     1.000000000
     4.569958446     8.773796419     1.000000000
     4.582280972     8.771065306     1.000000000
     4.594603499     8.768230568     1.000000000
     4.606926025     8.765322492     1.000000000
     4.619248551     8.762370302     1.000000000
     4.631571078     8.759402019     1.000000000
     4.643893604     8.756444306     1.000000000
     4.656216130     8.753522321     1.000000000
     4.668538657     8.750659547     1.000000000
     4.680861183     8.747877629     1.000000000
     4.693183709     8.745196207     1.000000000
     4.705506236     8.742632753     1.000000000
     4.717828762     8.740202414     1.000000000
     4.730151288     8.737917876     1.000000000
     4.742473815     8.735789245     1.000000000
     4.754796341     8.733823973     1.000000000
     4.767118868     8.732026820     1.000000000
     4.779441394     8.730399873     1.000000000
     4.791763920     8.728942636     1.000000000
     4.804086447     8.727652195     1.000000000
     4.816408973     8.726523462     1.000000000
     4.828731499     8.725549509     1.000000000
     4.841054026     8.724721983     1.000000000
     4.853376552     8.724031592     1.000000000
     4.865699078     8.723468648     1.000000000
     4.878021605     8.723023644     1.000000000
     4.890344131     8.722687824     1.000000000
     4.902666657     8.722453729     1.000000000
     4.914989184     8.722315659     1.000000000
     4.927311710     8.722270041     1.000000000
     4.927311710     8.722270041     1.000000000
     4.940142544     8.721938908     1.000000000
     4.952973377     8.720943648     1.000000000
     4.965804211     8.719278745     1.000000000
     4.978635044     8.716935195     1.000000000
     4.991465877     8.713900790     1.000000000
     5.004296711     8.710160492     1.000000000
     5.017127544     8.705696896     1.000000000
     5.029958378     8.700490758     1.000000000
     5.042789211     8.694521571     1.000000000
     5.055620045     8.687768169     1.000000000
     5.068450878     8.680209337     1.000000000
     5.081281712     8.671824409     1.000000000
     5.094112545     8.662593829     1.000000000
     5.106943379     8.652499670     1.000000000
     5.119774212     8.641526082     1.000000000
     5.132605046     8.629659673     1.000000000
     5.145435879     8.616889811     1.000000000
     5.158266713     8.603208850     1.000000000
     5.171097546     8.588612288     1.000000000
     5.183928380     8.573098863     1.000000000
     5.196759213     8.556670613     1.000000000
     5.209590047     8.539332910     1.000000000
     5.222420880     8.521094496     1.000000000
     5.235251713     8.501967554     1.000000000
     5.248082547     8.481967819     1.000000000
     5.260913380     8.461114775     1.000000000
     5.273744214     8.439431941     1.000000000
     5.286575047     8.416947260     1.000000000
     5.299405881     8.393693605     1.000000000
     5.312236714     8.369709389     1.000000000
     5.325067548     8.345039268     1.000000000
     5.337898381     8.319734902     1.000000000
     5.350729215     8.293855752     1.000000000
     5.363560048     8.267469847     1.000000000
     5.376390882     8.240654473     1.000000000
     5.389221715     8.213496718     1.000000000
     5.402052549     8.186093816     1.000000000
     5.414883382     8.158553228     1.000000000
     5.427714216     8.130992436     1.000000000
     5.440545049     8.103538437     1.000000000
     5.453375882     8.076327003     1.000000000
     5.466206716     8.049501886     1.000000000
     5.479037549     8.023214370     1.000000000
     5.491868383     7.997624261     1.000000000
     5.504699216     7.972905325     1.000000000
     5.517530050     7.949265681     1.000000000
     5.530360883     7.927031213     1.000000000
     5.543191717     7.907131376     1.000000000
     5.556022550     7.895817612     1.000000000
  
     0.000000000     9.742646565     1.000000000
     0.012322526     9.744613910     1.000000000
     0.024645053     9.750465129     1.000000000
     0.036967579     9.760055539     1.000000000
     0.049290105     9.773166953     1.000000000
     0.061612632     9.789533699     1.000000000
     0.073935158     9.808867531     1.000000000
     0.086257684     9.830877608     1.000000000
     0.098580211     9.855284957     1.000000000
     0.110902737     9.881832561     1.000000000
     0.123225264     9.910292467     1.000000000
     0.135547790     9.940470614     1.000000000
     0.147870316     9.972209400     1.000000000
     0.160192843    10.005387685     1.000000000
     0.172515369    10.039918094     1.000000000
     0.184837895    10.075741976     1.000000000
     0.197160422    10.112822815     1.000000000
     0.209482948    10.151139094     1.000000000
     0.221805474    10.190677531     1.000000000
     0.234128001    10.231427298     1.000000000
     0.246450527    10.273375506     1.000000000
     0.258773053    10.316503942     1.000000000
     0.271095580    10.344622740     1.000000000
     0.283418106    10.361403447     1.000000000
     0.295740632    10.378185521     1.000000000
     0.308063159    10.394962559     1.000000000
     0.320385685    10.411730456     1.000000000
     0.332708212    10.428486746     1.000000000
     0.345030738    10.445230007     1.000000000
     0.357353264    10.461959315     1.000000000
     0.369675791    10.478673753     1.000000000
     0.381998317    10.495371959     1.000000000
     0.394320843    10.512051729     1.000000000
     0.406643370    10.528709649     1.000000000
     0.418965896    10.545340762     1.000000000
     0.431288422    10.561938276     1.000000000
     0.443610949    10.578493288     1.000000000
     0.455933475    10.594994539     1.000000000
     0.468256001    10.611428190     1.000000000
     0.480578528    10.627777602     1.000000000
     0.492901054    10.644023143     1.000000000
     0.505223581    10.660141987     1.000000000
     0.517546107    10.676107921     1.000000000
     0.529868633    10.691891142     1.000000000
     0.542191160    10.707458051     1.000000000
     0.554513686    10.722771021     1.000000000
     0.566836212    10.737788155     1.000000000
     0.579158739    10.752463007     1.000000000
     0.591481265    10.766744282     1.000000000
     0.603803791    10.780575492     1.000000000
     0.603803791    10.780575492     1.000000000
     0.616634625    10.780296121     1.000000000
     0.629465458    10.779460405     1.000000000
     0.642296292    10.778075530     1.000000000
     0.655127125    10.776153467     1.000000000
     0.667957959    10.773710943     1.000000000
     0.680788792    10.770769396     1.000000000
     0.693619626    10.767354888     1.000000000
     0.706450459    10.763497960     1.000000000
     0.719281293    10.759233431     1.000000000
     0.732112126    10.754600121     1.000000000
     0.744942960    10.749640509     1.000000000
     0.757773793    10.744400321     1.000000000
     0.770604626    10.738928059     1.000000000
     0.783435460    10.733274491     1.000000000
     0.796266293    10.727492092     1.000000000
     0.809097127    10.721634481     1.000000000
     0.821927960    10.715755831     1.000000000
     0.834758794    10.709910279     1.000000000
     0.847589627    10.704151342     1.000000000
     0.860420461    10.698531317     1.000000000
     0.873251294    10.693100694     1.000000000
     0.886082128    10.687907551     1.000000000
     0.898912961    10.682996950     1.000000000
     0.911743795    10.678410312     1.000000000
     0.924574628    10.674184792     1.000000000
     0.937405462    10.670352636     1.000000000
     0.950236295    10.666940556     1.000000000
     0.963067129    10.663969112     1.000000000
     0.975897962    10.661452149     1.000000000
     0.988728796    10.659396290     1.000000000
     1.001559629    10.657800539     1.000000000
     1.014390462    10.656656006     1.000000000
     1.027221296    10.655945805     1.000000000
     1.040052129    10.655645145     1.000000000
     1.052882963    10.655721629     1.000000000
     1.065713796    10.656135801     1.000000000
     1.078544630    10.656841910     1.000000000
     1.091375463    10.657788918     1.000000000
     1.104206297    10.658921704     1.000000000
     1.117037130    10.660182450     1.000000000
     1.129867964    10.661512153     1.000000000
     1.142698797    10.662852230     1.000000000
     1.155529631    10.664146151     1.000000000
     1.168360464    10.665341043     1.000000000
     1.181191298    10.666389220     1.000000000
     1.194022131    10.667249577     1.000000000
     1.206852965    10.667888799     1.000000000
     1.219683798    10.668282355     1.000000000
     1.232514631    10.668415225     1.000000000
     1.232514631    10.668415225     1.000000000
     1.244837158    10.661824573     1.000000000
     1.257159684    10.653897076     1.000000000
     1.269482211    10.644593635     1.000000000
     1.281804737    10.633880075     1.000000000
     1.294127263    10.621727703     1.000000000
     1.306449790    10.608113994     1.000000000
     1.318772316    10.593023386     1.000000000
     1.331094842    10.576448113     1.000000000
     1.343417369    10.558389018     1.000000000
     1.355739895    10.538856249     1.000000000
     1.368062421    10.517869768     1.000000000
     1.380384948    10.495459622     1.000000000
     1.392707474    10.471665934     1.000000000
     1.405030000    10.446538616     1.000000000
     1.417352527    10.420136853     1.000000000
     1.429675053    10.392528393     1.000000000
     1.441997580    10.363788746     1.000000000
     1.454320106    10.334000351     1.000000000
     1.466642632    10.303251807     1.000000000
     1.478965159    10.271637215     1.000000000
     1.491287685    10.239255665     1.000000000
     1.503610211    10.206210906     1.000000000
     1.515932738    10.172611162     1.000000000
     1.528255264    10.138569093     1.000000000
     1.540577790    10.104201844     1.000000000
     1.552900317    10.069631151     1.000000000
     1.565222843    10.034983435     1.000000000
     1.577545369    10.000389857     1.000000000
     1.589867896     9.965986281     1.000000000
     1.602190422     9.931913104     1.000000000
     1.614512948     9.898314945     1.000000000
     1.626835475     9.865340162     1.000000000
     1.639158001     9.833140196     1.000000000
     1.651480528     9.801868743     1.000000000
     1.663803054     9.771680757     1.000000000
     1.676125580     9.742731302     1.000000000
     1.688448107     9.715174269     1.000000000
     1.700770633     9.689160973     1.000000000
     1.713093159     9.664838665     1.000000000
     1.725415686     9.642348975     1.000000000
     1.737738212     9.621826326     1.000000000
     1.750060738     9.603396335     1.000000000
     1.762383265     9.587174254     1.000000000
     1.774705791     9.573263468     1.000000000
     1.787028317     9.561754103     1.000000000
     1.799350844     9.552721763     1.000000000
     1.811673370     9.546226446     1.000000000
     1.823995896     9.542311666     1.000000000
     1.836318423     9.541003793     1.000000000
     1.836318423     9.541003793     1.000000000
     1.849149256     9.541227852     1.000000000
     1.861980090     9.541899561     1.000000000
     1.874810923     9.543017509     1.000000000
     1.887641757     9.544579280     1.000000000
     1.900472590     9.546581366     1.000000000
     1.913303424     9.549019046     1.000000000
     1.926134257     9.551886245     1.000000000
     1.938965091     9.555175364     1.000000000
     1.951795924     9.558877110     1.000000000
     1.964626758     9.562980314     1.000000000
     1.977457591     9.567471750     1.000000000
     1.990288424     9.572335971     1.000000000
     2.003119258     9.577555150     1.000000000
     2.015950091     9.583108959     1.000000000
     2.028780925     9.588974459     1.000000000
     2.041611758     9.595126042     1.000000000
     2.054442592     9.601535396     1.000000000
     2.067273425     9.608171526     1.000000000
     2.080104259     9.615000815     1.000000000
     2.092935092     9.621987139     1.000000000
     2.105765926     9.629092046     1.000000000
     2.118596759     9.636274991     1.000000000
     2.131427593     9.643493643     1.000000000
     2.144258426     9.650704267     1.000000000
     2.157089260     9.657862183     1.000000000
     2.169920093     9.664922317     1.000000000
     2.182750927     9.671839828     1.000000000
     2.195581760     9.678570821     1.000000000
     2.208412594     9.685073136     1.000000000
     2.221243427     9.691307186     1.000000000
     2.234074260     9.697236826     1.000000000
     2.246905094     9.702830214     1.000000000
     2.259735927     9.708060613     1.000000000
     2.272566761     9.712907090     1.000000000
     2.285397594     9.717355043     1.000000000
     2.298228428     9.721396520     1.000000000
     2.311059261     9.725030283     1.000000000
     2.323890095     9.728261581     1.000000000
     2.336720928     9.731101649     1.000000000
     2.349551762     9.733566913     1.000000000
     2.362382595     9.735677978     1.000000000
     2.375213429     9.737458410     1.000000000
     2.388044262     9.738933408     1.000000000
     2.400875096     9.740128407     1.000000000
     2.413705929     9.741067710     1.000000000
     2.426536763     9.741773198     1.000000000
     2.439367596     9.742263178     1.000000000
     2.452198429     9.742551444     1.000000000
     2.465029263     9.742646565     1.000000000
     2.465029263     9.748538707     1.000000000
     2.477804039     9.748193793     1.000000000
     2.490578815     9.747164002     1.000000000
     2.503353591     9.745464104     1.000000000
     2.516128367     9.743118416     1.000000000
     2.528903143     9.740160384     1.000000000
     2.541677919     9.736632013     1.000000000
     2.554452695     9.732583181     1.000000000
     2.567227471     9.728070877     1.000000000
     2.580002247     9.723158362     1.000000000
     2.592777023     9.717914316     1.000000000
     2.605551799     9.712411962     1.000000000
     2.618326575     9.706728203     1.000000000
     2.631101351     9.700942788     1.000000000
     2.643876127     9.695137495     1.000000000
     2.656650903     9.689395363     1.000000000
     2.669425679     9.683799943     1.000000000
     2.682200455     9.678434595     1.000000000
     2.694975231     9.673381799     1.000000000
     2.707750007     9.668722492     1.000000000
     2.720524783     9.664535430     1.000000000
     2.733299559     9.660896548     1.000000000
     2.746074335     9.657878347     1.000000000
     2.758849111     9.655549285     1.000000000
     2.771623887     9.653973181     1.000000000
     2.784398663     9.653208646     1.000000000
     2.797173439     9.653308537     1.000000000
     2.809948215     9.654319439     1.000000000
     2.822722991     9.656281203     1.000000000
     2.835497767     9.659226533     1.000000000
     2.848272543     9.663180635     1.000000000
     2.861047319     9.668160948     1.000000000
     2.873822095     9.674176952     1.000000000
     2.886596871     9.681230065     1.000000000
     2.899371647     9.689313633     1.000000000
     2.912146423     9.698413009     1.000000000
     2.924921199     9.708505720     1.000000000
     2.937695975     9.719561717     1.000000000
     2.950470751     9.731543693     1.000000000
     2.963245527     9.744407466     1.000000000
     2.976020303     9.758102406     1.000000000
     2.988795079     9.772571901     1.000000000
     3.001569855     9.787753834     1.000000000
     3.014344631     9.803581076     1.000000000
     3.027119407     9.819981967     1.000000000
     3.039894183     9.836880788     1.000000000
     3.052668959     9.854198211     1.000000000
     3.065443735     9.871851726     1.000000000
     3.078218511     9.889756044     1.000000000
     3.090993287     9.907823452     1.000000000
     3.090993287     9.907823452     1.000000000
     3.103315814     9.909851891     1.000000000
     3.115638340     9.915925405     1.000000000
     3.127960866     9.926008680     1.000000000
     3.140283393     9.940043174     1.000000000
     3.152605919     9.957947585     1.000000000
     3.164928445     9.979618503     1.000000000
     3.177250972    10.004931249     1.000000000
     3.189573498    10.033740890     1.000000000
     3.201896024    10.065883439     1.000000000
     3.214218551    10.101177232     1.000000000
     3.226541077    10.139424474     1.000000000
     3.238863604    10.180412973     1.000000000
     3.251186130    10.223918030     1.000000000
     3.263508656    10.269704495     1.000000000
     3.275831183    10.317528978     1.000000000
     3.288153709    10.367142180     1.000000000
     3.300476235    10.418291343     1.000000000
     3.312798762    10.470722771     1.000000000
     3.325121288    10.524184378     1.000000000
     3.337443814    10.578428229     1.000000000
     3.349766341    10.633212999     1.000000000
     3.362088867    10.688306288     1.000000000
     3.374411393    10.743486738     1.000000000
     3.386733920    10.798545853     1.000000000
     3.399056446    10.853289486     1.000000000
     3.411378972    10.907538930     1.000000000
     3.423701499    10.961131576     1.000000000
     3.436024025    11.013921126     1.000000000
     3.448346552    11.065777381     1.000000000
     3.460669078    11.116585632     1.000000000
     3.472991604    11.166245726     1.000000000
     3.485314131    11.214670874     1.000000000
     3.497636657    11.261786310     1.000000000
     3.509959183    11.307527875     1.000000000
     3.522281710    11.351840639     1.000000000
     3.534604236    11.394677609     1.000000000
     3.546926762    11.435998616     1.000000000
     3.559249289    11.475769395     1.000000000
     3.571571815    11.513960892     1.000000000
     3.583894341    11.550548796     1.000000000
     3.596216868    11.585513275     1.000000000
     3.608539394    11.618838894     1.000000000
     3.620861921    11.650514667     1.000000000
     3.633184447    11.680534214     1.000000000
     3.645506973    11.708895961     1.000000000
     3.657829500    11.735603353     1.000000000
     3.670152026    11.760665051     1.000000000
     3.682474552    11.784095058     1.000000000
     3.694797079    11.805912715     1.000000000
     3.694797079    11.805912715     1.000000000
     3.707627912    11.799561398     1.000000000
     3.720458746    11.793334582     1.000000000
     3.733289579    11.787273360     1.000000000
     3.746120413    11.781417768     1.000000000
     3.758951246    11.775806358     1.000000000
     3.771782079    11.770475740     1.000000000
     3.784612913    11.765460114     1.000000000
     3.797443746    11.760790807     1.000000000
     3.810274580    11.756495832     1.000000000
     3.823105413    11.752599472     1.000000000
     3.835936247    11.749121911     1.000000000
     3.848767080    11.746078933     1.000000000
     3.861597914    11.743481693     1.000000000
     3.874428747    11.741336577     1.000000000
     3.887259581    11.739645170     1.000000000
     3.900090414    11.738404327     1.000000000
     3.912921248    11.737606357     1.000000000
     3.925752081    11.737239317     1.000000000
     3.938582915    11.737287397     1.000000000
     3.951413748    11.737731404     1.000000000
     3.964244582    11.738549308     1.000000000
     3.977075415    11.739716834     1.000000000
     3.989906249    11.741208097     1.000000000
     4.002737082    11.742996218     1.000000000
     4.015567915    11.745053949     1.000000000
     4.028398749    11.747354240     1.000000000
     4.041229582    11.749870770     1.000000000
     4.054060416    11.752578399     1.000000000
     4.066891249    11.755453557     1.000000000
     4.079722083    11.758474539     1.000000000
     4.092552916    11.761621733     1.000000000
     4.105383750    11.764877749     1.000000000
     4.118214583    11.768227489     1.000000000
     4.131045417    11.771658129     1.000000000
     4.143876250    11.775159043     1.000000000
     4.156707084    11.778721677     1.000000000
     4.169537917    11.782339361     1.000000000
     4.182368751    11.786007095     1.000000000
     4.195199584    11.789721302     1.000000000
     4.208030418    11.793479556     1.000000000
     4.220861251    11.797280305     1.000000000
     4.233692084    11.801122582     1.000000000
     4.246522918    11.805005723     1.000000000
     4.259353751    11.808929095     1.000000000
     4.272184585    11.812891830     1.000000000
     4.285015418    11.816892589     1.000000000
     4.297846252    11.820929340     1.000000000
     4.310677085    11.824999170     1.000000000
     4.323507919    11.829098093     1.000000000
     4.323507919    11.829098093     1.000000000
     4.335830445    11.822778305     1.000000000
     4.348152971    11.815974506     1.000000000
     4.360475498    11.808799924     1.000000000
     4.372798024    11.801358603     1.000000000
     4.385120551    11.793745909     1.000000000
     4.397443077    11.786048916     1.000000000
     4.409765603    11.778346767     1.000000000
     4.422088130    11.770710987     1.000000000
     4.434410656    11.763205779     1.000000000
     4.446733182    11.755888296     1.000000000
     4.459055709    11.748808899     1.000000000
     4.471378235    11.742011411     1.000000000
     4.483700761    11.735533367     1.000000000
     4.496023288    11.729406272     1.000000000
     4.508345814    11.723655857     1.000000000
     4.520668340    11.718302350     1.000000000
     4.532990867    11.705659653     1.000000000
     4.545313393    11.674425543     1.000000000
     4.557635920    11.639825538     1.000000000
     4.569958446    11.601971265     1.000000000
     4.582280972    11.561040892     1.000000000
     4.594603499    11.517274317     1.000000000
     4.606926025    11.470964992     1.000000000
     4.619248551    11.422449476     1.000000000
     4.631571078    11.372095941     1.000000000
     4.643893604    11.320292827     1.000000000
     4.656216130    11.267438525     1.000000000
     4.668538657    11.213932647     1.000000000
     4.680861183    11.160169098     1.000000000
     4.693183709    11.106530923     1.000000000
     4.705506236    11.053386710     1.000000000
     4.717828762    11.001088280     1.000000000
     4.730151288    10.949969350     1.000000000
     4.742473815    10.900344905     1.000000000
     4.754796341    10.852511024     1.000000000
     4.767118868    10.806744988     1.000000000
     4.779441394    10.763305514     1.000000000
     4.791763920    10.722433015     1.000000000
     4.804086447    10.684349814     1.000000000
     4.816408973    10.649260265     1.000000000
     4.828731499    10.617350756     1.000000000
     4.841054026    10.588789578     1.000000000
     4.853376552    10.563726690     1.000000000
     4.865699078    10.542293365     1.000000000
     4.878021605    10.524601775     1.000000000
     4.890344131    10.510744534     1.000000000
     4.902666657    10.500794247     1.000000000
     4.914989184    10.494803102     1.000000000
     4.927311710    10.492802552     1.000000000
     4.927311710    10.492802552     1.000000000
     4.940142544    10.492404486     1.000000000
     4.952973377    10.491211593     1.000000000
     4.965804211    10.489227752     1.000000000
     4.978635044    10.486459285     1.000000000
     4.991465877    10.482914737     1.000000000
     5.004296711    10.478604581     1.000000000
     5.017127544    10.473540836     1.000000000
     5.029958378    10.467736630     1.000000000
     5.042789211    10.461205689     1.000000000
     5.055620045    10.453961800     1.000000000
     5.068450878    10.446018251     1.000000000
     5.081281712    10.437387286     1.000000000
     5.094112545    10.428079595     1.000000000
     5.106943379    10.418103902     1.000000000
     5.119774212    10.407466667     1.000000000
     5.132605046    10.396171959     1.000000000
     5.145435879    10.384221537     1.000000000
     5.158266713    10.371615176     1.000000000
     5.171097546    10.358351263     1.000000000
     5.183928380    10.344427685     1.000000000
     5.196759213    10.329843001     1.000000000
     5.209590047    10.314597892     1.000000000
     5.222420880    10.298696843     1.000000000
     5.235251713    10.282150004     1.000000000
     5.248082547    10.264975147     1.000000000
     5.260913380    10.247199624     1.000000000
     5.273744214    10.228862223     1.000000000
     5.286575047    10.210014788     1.000000000
     5.299405881    10.190723504     1.000000000
     5.312236714    10.171069731     1.000000000
     5.325067548    10.151150300     1.000000000
     5.337898381    10.131077225     1.000000000
     5.350729215    10.110976790     1.000000000
     5.363560048    10.090988039     1.000000000
     5.376390882    10.071260728     1.000000000
     5.389221715    10.051952801     1.000000000
     5.402052549    10.033227534     1.000000000
     5.414883382    10.015250460     1.000000000
     5.427714216     9.998186210     1.000000000
     5.440545049     9.982195408     1.000000000
     5.453375882     9.967431726     1.000000000
     5.466206716     9.954039198     1.000000000
     5.479037549     9.942149844     1.000000000
     5.491868383     9.931881648     1.000000000
     5.504699216     9.923336898     1.000000000
     5.517530050     9.916600867     1.000000000
     5.530360883     9.911740809     1.000000000
     5.543191717     9.908805240     1.000000000
     5.556022550     9.907823452     1.000000000
  
     0.000000000    10.072137984     1.000000000
     0.012322526    10.073076925     1.000000000
     0.024645053    10.075873029     1.000000000
     0.036967579    10.080465913     1.000000000
     0.049290105    10.086760484     1.000000000
     0.061612632    10.094634228     1.000000000
     0.073935158    10.103945655     1.000000000
     0.086257684    10.114542770     1.000000000
     0.098580211    10.126270676     1.000000000
     0.110902737    10.138977782     1.000000000
     0.123225264    10.152520416     1.000000000
     0.135547790    10.166765921     1.000000000
     0.147870316    10.181594436     1.000000000
     0.160192843    10.196899646     1.000000000
     0.172515369    10.212588767     1.000000000
     0.184837895    10.228582017     1.000000000
     0.197160422    10.244811752     1.000000000
     0.209482948    10.261221419     1.000000000
     0.221805474    10.277764420     1.000000000
     0.234128001    10.294402961     1.000000000
     0.246450527    10.311106930     1.000000000
     0.258773053    10.327852824     1.000000000
     0.271095580    10.360786864     1.000000000
     0.283418106    10.406189556     1.000000000
     0.295740632    10.452667268     1.000000000
     0.308063159    10.500164071     1.000000000
     0.320385685    10.548610852     1.000000000
     0.332708212    10.597920829     1.000000000
     0.345030738    10.647978195     1.000000000
     0.357353264    10.698605414     1.000000000
     0.369675791    10.749447740     1.000000000
     0.381998317    10.799407592     1.000000000
     0.394320843    10.842710191     1.000000000
     0.406643370    10.864749279     1.000000000
     0.418965896    10.874087606     1.000000000
     0.431288422    10.879176203     1.000000000
     0.443610949    10.881641763     1.000000000
     0.455933475    10.881971128     1.000000000
     0.468256001    10.880419031     1.000000000
     0.480578528    10.877171666     1.000000000
     0.492901054    10.872387617     1.000000000
     0.505223581    10.866210186     1.000000000
     0.517546107    10.858771480     1.000000000
     0.529868633    10.850193882     1.000000000
     0.542191160    10.840590700     1.000000000
     0.554513686    10.830066603     1.000000000
     0.566836212    10.818718023     1.000000000
     0.579158739    10.806633594     1.000000000
     0.591481265    10.793894613     1.000000000
     0.603803791    10.780575510     1.000000000
     0.603803791    10.780575510     1.000000000
     0.616634625    10.780296138     1.000000000
     0.629465458    10.779460423     1.000000000
     0.642296292    10.778075551     1.000000000
     0.655127125    10.776153491     1.000000000
     0.667957959    10.773710969     1.000000000
     0.680788792    10.770769426     1.000000000
     0.693619626    10.767354921     1.000000000
     0.706450459    10.763497996     1.000000000
     0.719281293    10.759233469     1.000000000
     0.732112126    10.754600162     1.000000000
     0.744942960    10.749640552     1.000000000
     0.757773793    10.744400366     1.000000000
     0.770604626    10.738928106     1.000000000
     0.783435460    10.733274539     1.000000000
     0.796266293    10.727492142     1.000000000
     0.809097127    10.721634532     1.000000000
     0.821927960    10.715755883     1.000000000
     0.834758794    10.709910332     1.000000000
     0.847589627    10.704151396     1.000000000
     0.860420461    10.698531371     1.000000000
     0.873251294    10.693100748     1.000000000
     0.886082128    10.687907605     1.000000000
     0.898912961    10.682997003     1.000000000
     0.911743795    10.678410365     1.000000000
     0.924574628    10.674184843     1.000000000
     0.937405462    10.670352686     1.000000000
     0.950236295    10.666940604     1.000000000
     0.963067129    10.663969158     1.000000000
     0.975897962    10.661452193     1.000000000
     0.988728796    10.659396331     1.000000000
     1.001559629    10.657800577     1.000000000
     1.014390462    10.656656041     1.000000000
     1.027221296    10.655945838     1.000000000
     1.040052129    10.655645174     1.000000000
     1.052882963    10.655721656     1.000000000
     1.065713796    10.656135824     1.000000000
     1.078544630    10.656841931     1.000000000
     1.091375463    10.657788936     1.000000000
     1.104206297    10.658921721     1.000000000
     1.117037130    10.660182465     1.000000000
     1.129867964    10.661512167     1.000000000
     1.142698797    10.662852243     1.000000000
     1.155529631    10.664146163     1.000000000
     1.168360464    10.665341055     1.000000000
     1.181191298    10.666389232     1.000000000
     1.194022131    10.667249589     1.000000000
     1.206852965    10.667888811     1.000000000
     1.219683798    10.668282368     1.000000000
     1.232514631    10.668415238     1.000000000
     1.232514631    10.668415238     1.000000000
     1.244837158    10.673712703     1.000000000
     1.257159684    10.677764932     1.000000000
     1.269482211    10.680624032     1.000000000
     1.281804737    10.682346253     1.000000000
     1.294127263    10.682991964     1.000000000
     1.306449790    10.682625650     1.000000000
     1.318772316    10.681315832     1.000000000
     1.331094842    10.679134917     1.000000000
     1.343417369    10.676158917     1.000000000
     1.355739895    10.672467036     1.000000000
     1.368062421    10.668141107     1.000000000
     1.380384948    10.663264886     1.000000000
     1.392707474    10.657923208     1.000000000
     1.405030000    10.652201024     1.000000000
     1.417352527    10.646182338     1.000000000
     1.429675053    10.639949065     1.000000000
     1.441997580    10.633579836     1.000000000
     1.454320106    10.627148755     1.000000000
     1.466642632    10.620724102     1.000000000
     1.478965159    10.614366954     1.000000000
     1.491287685    10.608129619     1.000000000
     1.503610211    10.602053704     1.000000000
     1.515932738    10.596167453     1.000000000
     1.528255264    10.590481652     1.000000000
     1.540577790    10.584982693     1.000000000
     1.552900317    10.579619793     1.000000000
     1.565222843    10.574279564     1.000000000
     1.577545369    10.568730998     1.000000000
     1.589867896    10.562495053     1.000000000
     1.602190422    10.554505870     1.000000000
     1.614512948    10.542209595     1.000000000
     1.626835475    10.519992831     1.000000000
     1.639158001    10.482049641     1.000000000
     1.651480528    10.432219328     1.000000000
     1.663803054    10.378528089     1.000000000
     1.676125580    10.325401376     1.000000000
     1.688448107    10.274729654     1.000000000
     1.700770633    10.227379348     1.000000000
     1.713093159    10.183793286     1.000000000
     1.725415686    10.144212978     1.000000000
     1.737738212    10.108769928     1.000000000
     1.750060738    10.077529017     1.000000000
     1.762383265    10.050512652     1.000000000
     1.774705791    10.027716356     1.000000000
     1.787028317    10.009119998     1.000000000
     1.799350844     9.994696346     1.000000000
     1.811673370     9.984417676     1.000000000
     1.823995896     9.978260732     1.000000000
     1.836318423     9.976210195     1.000000000
     1.836318423     9.976210195     1.000000000
     1.849149256     9.976387929     1.000000000
     1.861980090     9.976919378     1.000000000
     1.874810923     9.977799321     1.000000000
     1.887641757     9.979019164     1.000000000
     1.900472590     9.980567109     1.000000000
     1.913303424     9.982428377     1.000000000
     1.926134257     9.984585493     1.000000000
     1.938965091     9.987018620     1.000000000
     1.951795924     9.989705942     1.000000000
     1.964626758     9.992624083     1.000000000
     1.977457591     9.995748559     1.000000000
     1.990288424     9.999054261     1.000000000
     2.003119258    10.002515946     1.000000000
     2.015950091    10.006108744     1.000000000
     2.028780925    10.009808662     1.000000000
     2.041611758    10.013593082     1.000000000
     2.054442592    10.017441238     1.000000000
     2.067273425    10.021334666     1.000000000
     2.080104259    10.025257615     1.000000000
     2.092935092    10.029197399     1.000000000
     2.105765926    10.033144696     1.000000000
     2.118596759    10.037093753     1.000000000
     2.131427593    10.041042505     1.000000000
     2.144258426    10.044992582     1.000000000
     2.157089260    10.048949188     1.000000000
     2.169920093    10.052920844     1.000000000
     2.182750927    10.056918976     1.000000000
     2.195581760    10.060957349     1.000000000
     2.208412594    10.065051340     1.000000000
     2.221243427    10.069217054     1.000000000
     2.234074260    10.073470302     1.000000000
     2.246905094    10.077825452     1.000000000
     2.259735927    10.082294196     1.000000000
     2.272566761    10.086884232     1.000000000
     2.285397594    10.091597928     1.000000000
     2.298228428    10.096430936     1.000000000
     2.311059261    10.101370785     1.000000000
     2.323890095    10.106395421     1.000000000
     2.336720928    10.111471637     1.000000000
     2.349551762    10.116553351     1.000000000
     2.362382595    10.121579704     1.000000000
     2.375213429    10.126473031     1.000000000
     2.388044262    10.131137005     1.000000000
     2.400875096    10.135455614     1.000000000
     2.413705929    10.139294284     1.000000000
     2.426536763    10.123236706     1.000000000
     2.439367596    10.106437886     1.000000000
     2.452198429    10.096124222     1.000000000
     2.465029263    10.092645077     1.000000000
     2.465029263    10.072137984     1.000000000
     2.477804039    10.074077258     1.000000000
     2.490578815    10.079885565     1.000000000
     2.503353591    10.089534117     1.000000000
     2.516128367    10.096629859     1.000000000
     2.528903143    10.098830121     1.000000000
     2.541677919    10.101478802     1.000000000
     2.554452695    10.104551248     1.000000000
     2.567227471    10.108018034     1.000000000
     2.580002247    10.111844836     1.000000000
     2.592777023    10.115992302     1.000000000
     2.605551799    10.120415932     1.000000000
     2.618326575    10.125065974     1.000000000
     2.631101351    10.129887347     1.000000000
     2.643876127    10.134819621     1.000000000
     2.656650903    10.139797057     1.000000000
     2.669425679    10.144748743     1.000000000
     2.682200455    10.149598837     1.000000000
     2.694975231    10.154266959     1.000000000
     2.707750007    10.158668740     1.000000000
     2.720524783    10.162716564     1.000000000
     2.733299559    10.166320518     1.000000000
     2.746074335    10.169389544     1.000000000
     2.758849111    10.171832819     1.000000000
     2.771623887    10.173561310     1.000000000
     2.784398663    10.174489498     1.000000000
     2.797173439    10.174537186     1.000000000
     2.809948215    10.173631343     1.000000000
     2.822722991    10.171707877     1.000000000
     2.835497767    10.168713256     1.000000000
     2.848272543    10.164605872     1.000000000
     2.861047319    10.159357096     1.000000000
     2.873822095    10.152951926     1.000000000
     2.886596871    10.145389244     1.000000000
     2.899371647    10.136681644     1.000000000
     2.912146423    10.126854896     1.000000000
     2.924921199    10.115947077     1.000000000
     2.937695975    10.104007457     1.000000000
     2.950470751    10.091095224     1.000000000
     2.963245527    10.077278108     1.000000000
     2.976020303    10.062631006     1.000000000
     2.988795079    10.047234641     1.000000000
     3.001569855    10.031174312     1.000000000
     3.014344631    10.014538763     1.000000000
     3.027119407     9.997419183     1.000000000
     3.039894183     9.979908328     1.000000000
     3.052668959     9.962099784     1.000000000
     3.065443735     9.944087322     1.000000000
     3.078218511     9.925964362     1.000000000
     3.090993287     9.907823526     1.000000000
     3.090993287     9.907823526     1.000000000
     3.103315814     9.909851966     1.000000000
     3.115638340     9.915925486     1.000000000
     3.127960866     9.926008771     1.000000000
     3.140283393     9.940043278     1.000000000
     3.152605919     9.957947704     1.000000000
     3.164928445     9.979618637     1.000000000
     3.177250972    10.004931398     1.000000000
     3.189573498    10.033741055     1.000000000
     3.201896024    10.065883620     1.000000000
     3.214218551    10.101177427     1.000000000
     3.226541077    10.139424683     1.000000000
     3.238863604    10.180413195     1.000000000
     3.251186130    10.223918263     1.000000000
     3.263508656    10.269704739     1.000000000
     3.275831183    10.317529230     1.000000000
     3.288153709    10.367142439     1.000000000
     3.300476235    10.418291608     1.000000000
     3.312798762    10.470723039     1.000000000
     3.325121288    10.524184647     1.000000000
     3.337443814    10.578428497     1.000000000
     3.349766341    10.633213263     1.000000000
     3.362088867    10.688306548     1.000000000
     3.374411393    10.743486991     1.000000000
     3.386733920    10.798546098     1.000000000
     3.399056446    10.853289721     1.000000000
     3.411378972    10.907539154     1.000000000
     3.423701499    10.961131789     1.000000000
     3.436024025    11.013921327     1.000000000
     3.448346552    11.065777569     1.000000000
     3.460669078    11.116585809     1.000000000
     3.472991604    11.166245890     1.000000000
     3.485314131    11.214671027     1.000000000
     3.497636657    11.261786451     1.000000000
     3.509959183    11.307528007     1.000000000
     3.522281710    11.351840760     1.000000000
     3.534604236    11.394677721     1.000000000
     3.546926762    11.435998720     1.000000000
     3.559249289    11.475769490     1.000000000
     3.571571815    11.513960978     1.000000000
     3.583894341    11.550548873     1.000000000
     3.596216868    11.585513343     1.000000000
     3.608539394    11.618838952     1.000000000
     3.620861921    11.650514716     1.000000000
     3.633184447    11.680534255     1.000000000
     3.645506973    11.708895995     1.000000000
     3.657829500    11.735603387     1.000000000
     3.670152026    11.760665090     1.000000000
     3.682474552    11.784095107     1.000000000
     3.694797079    11.805912752     1.000000000
     3.694797079    11.805912752     1.000000000
     3.707627912    11.799561423     1.000000000
     3.720458746    11.793334606     1.000000000
     3.733289579    11.787273384     1.000000000
     3.746120413    11.781417792     1.000000000
     3.758951246    11.775806383     1.000000000
     3.771782079    11.770475766     1.000000000
     3.784612913    11.765460141     1.000000000
     3.797443746    11.760790836     1.000000000
     3.810274580    11.756495862     1.000000000
     3.823105413    11.752599503     1.000000000
     3.835936247    11.749121944     1.000000000
     3.848767080    11.746078968     1.000000000
     3.861597914    11.743481730     1.000000000
     3.874428747    11.741336615     1.000000000
     3.887259581    11.739645210     1.000000000
     3.900090414    11.738404369     1.000000000
     3.912921248    11.737606402     1.000000000
     3.925752081    11.737239364     1.000000000
     3.938582915    11.737287447     1.000000000
     3.951413748    11.737731457     1.000000000
     3.964244582    11.738549362     1.000000000
     3.977075415    11.739716892     1.000000000
     3.989906249    11.741208157     1.000000000
     4.002737082    11.742996281     1.000000000
     4.015567915    11.745054014     1.000000000
     4.028398749    11.747354309     1.000000000
     4.041229582    11.749870841     1.000000000
     4.054060416    11.752578474     1.000000000
     4.066891249    11.755453634     1.000000000
     4.079722083    11.758474619     1.000000000
     4.092552916    11.761621814     1.000000000
     4.105383750    11.764877833     1.000000000
     4.118214583    11.768227575     1.000000000
     4.131045417    11.771658216     1.000000000
     4.143876250    11.775159132     1.000000000
     4.156707084    11.778721767     1.000000000
     4.169537917    11.782339452     1.000000000
     4.182368751    11.786007187     1.000000000
     4.195199584    11.789721395     1.000000000
     4.208030418    11.793479649     1.000000000
     4.220861251    11.797280398     1.000000000
     4.233692084    11.801122675     1.000000000
     4.246522918    11.805005817     1.000000000
     4.259353751    11.808929188     1.000000000
     4.272184585    11.812891923     1.000000000
     4.285015418    11.816892682     1.000000000
     4.297846252    11.820929433     1.000000000
     4.310677085    11.824999263     1.000000000
     4.323507919    11.829098166     1.000000000
     4.323507919    11.829098166     1.000000000
     4.335830445    11.822778389     1.000000000
     4.348152971    11.815974591     1.000000000
     4.360475498    11.808800008     1.000000000
     4.372798024    11.801358688     1.000000000
     4.385120551    11.793745993     1.000000000
     4.397443077    11.786049000     1.000000000
     4.409765603    11.778346850     1.000000000
     4.422088130    11.770711070     1.000000000
     4.434410656    11.763205861     1.000000000
     4.446733182    11.755888378     1.000000000
     4.459055709    11.748808980     1.000000000
     4.471378235    11.742011491     1.000000000
     4.483700761    11.735533446     1.000000000
     4.496023288    11.729406350     1.000000000
     4.508345814    11.723655934     1.000000000
     4.520668340    11.718302426     1.000000000
     4.532990867    11.705659783     1.000000000
     4.545313393    11.674425673     1.000000000
     4.557635920    11.639825667     1.000000000
     4.569958446    11.601971393     1.000000000
     4.582280972    11.561041019     1.000000000
     4.594603499    11.517274443     1.000000000
     4.606926025    11.470965117     1.000000000
     4.619248551    11.422449599     1.000000000
     4.631571078    11.372096062     1.000000000
     4.643893604    11.320292946     1.000000000
     4.656216130    11.267438642     1.000000000
     4.668538657    11.213932762     1.000000000
     4.680861183    11.160169210     1.000000000
     4.693183709    11.106531033     1.000000000
     4.705506236    11.053386817     1.000000000
     4.717828762    11.001088383     1.000000000
     4.730151288    10.949969451     1.000000000
     4.742473815    10.900345002     1.000000000
     4.754796341    10.852511118     1.000000000
     4.767118868    10.806745078     1.000000000
     4.779441394    10.763305600     1.000000000
     4.791763920    10.722433096     1.000000000
     4.804086447    10.684349891     1.000000000
     4.816408973    10.649260338     1.000000000
     4.828731499    10.617350824     1.000000000
     4.841054026    10.588789641     1.000000000
     4.853376552    10.563726748     1.000000000
     4.865699078    10.542293419     1.000000000
     4.878021605    10.524601824     1.000000000
     4.890344131    10.510744579     1.000000000
     4.902666657    10.500794288     1.000000000
     4.914989184    10.494803140     1.000000000
     4.927311710    10.492802588     1.000000000
     4.927311710    10.492802588     1.000000000
     4.940142544    10.492404521     1.000000000
     4.952973377    10.491211628     1.000000000
     4.965804211    10.489227788     1.000000000
     4.978635044    10.486459321     1.000000000
     4.991465877    10.482914773     1.000000000
     5.004296711    10.478604617     1.000000000
     5.017127544    10.473540873     1.000000000
     5.029958378    10.467736668     1.000000000
     5.042789211    10.461205727     1.000000000
     5.055620045    10.453961839     1.000000000
     5.068450878    10.446018292     1.000000000
     5.081281712    10.437387328     1.000000000
     5.094112545    10.428079638     1.000000000
     5.106943379    10.418103947     1.000000000
     5.119774212    10.407466713     1.000000000
     5.132605046    10.396172006     1.000000000
     5.145435879    10.384221586     1.000000000
     5.158266713    10.371615227     1.000000000
     5.171097546    10.358351315     1.000000000
     5.183928380    10.344427739     1.000000000
     5.196759213    10.329843056     1.000000000
     5.209590047    10.314597948     1.000000000
     5.222420880    10.298696902     1.000000000
     5.235251713    10.282150064     1.000000000
     5.248082547    10.264975208     1.000000000
     5.260913380    10.247199687     1.000000000
     5.273744214    10.228862287     1.000000000
     5.286575047    10.210014853     1.000000000
     5.299405881    10.190723571     1.000000000
     5.312236714    10.171069799     1.000000000
     5.325067548    10.151150369     1.000000000
     5.337898381    10.131077295     1.000000000
     5.350729215    10.110976860     1.000000000
     5.363560048    10.090988111     1.000000000
     5.376390882    10.071260800     1.000000000
     5.389221715    10.051952873     1.000000000
     5.402052549    10.033227607     1.000000000
     5.414883382    10.015250533     1.000000000
     5.427714216     9.998186284     1.000000000
     5.440545049     9.982195481     1.000000000
     5.453375882     9.967431800     1.000000000
     5.466206716     9.954039272     1.000000000
     5.479037549     9.942149918     1.000000000
     5.491868383     9.931881722     1.000000000
     5.504699216     9.923336972     1.000000000
     5.517530050     9.916600940     1.000000000
     5.530360883     9.911740882     1.000000000
     5.543191717     9.908805313     1.000000000
     5.556022550     9.907823526     1.000000000
  
     0.000000000    10.139178007     1.000000000
     0.012322526    10.140679511     1.000000000
     0.024645053    10.145198006     1.000000000
     0.036967579    10.152773899     1.000000000
     0.049290105    10.163469295     1.000000000
     0.061612632    10.177359755     1.000000000
     0.073935158    10.194521795     1.000000000
     0.086257684    10.215014723     1.000000000
     0.098580211    10.238854119     1.000000000
     0.110902737    10.265972004     1.000000000
     0.123225264    10.296155111     1.000000000
     0.135547790    10.328950696     1.000000000
     0.147870316    10.363547884     1.000000000
     0.160192843    10.398737427     1.000000000
     0.172515369    10.433208378     1.000000000
     0.184837895    10.466189246     1.000000000
     0.197160422    10.497706478     1.000000000
     0.209482948    10.528165800     1.000000000
     0.221805474    10.557924120     1.000000000
     0.234128001    10.587163150     1.000000000
     0.246450527    10.615913626     1.000000000
     0.258773053    10.644103229     1.000000000
     0.271095580    10.671593787     1.000000000
     0.283418106    10.698206823     1.000000000
     0.295740632    10.723742000     1.000000000
     0.308063159    10.747992276     1.000000000
     0.320385685    10.770758312     1.000000000
     0.332708212    10.791864432     1.000000000
     0.345030738    10.811180454     1.000000000
     0.357353264    10.828663358     1.000000000
     0.369675791    10.844479558     1.000000000
     0.381998317    10.859574609     1.000000000
     0.394320843    10.879608661     1.000000000
     0.406643370    10.919109011     1.000000000
     0.418965896    10.969465580     1.000000000
     0.431288422    11.022206071     1.000000000
     0.443610949    11.075702321     1.000000000
     0.455933475    11.129479592     1.000000000
     0.468256001    11.183303189     1.000000000
     0.480578528    11.237010190     1.000000000
     0.492901054    11.290464830     1.000000000
     0.505223581    11.343543521     1.000000000
     0.517546107    11.396128983     1.000000000
     0.529868633    11.448107717     1.000000000
     0.542191160    11.499368831     1.000000000
     0.554513686    11.549803440     1.000000000
     0.566836212    11.599304277     1.000000000
     0.579158739    11.647765293     1.000000000
     0.591481265    11.695081055     1.000000000
     0.603803791    11.741145709     1.000000000
     0.603803791    11.741145709     1.000000000
     0.616634625    11.740494536     1.000000000
     0.629465458    11.738599475     1.000000000
     0.642296292    11.735624132     1.000000000
     0.655127125    11.731807108     1.000000000
     0.667957959    11.727424601     1.000000000
     0.680788792    11.722756647     1.000000000
     0.693619626    11.718062965     1.000000000
     0.706450459    11.713569222     1.000000000
     0.719281293    11.709461582     1.000000000
     0.732112126    11.705886652     1.000000000
     0.744942960    11.702954368     1.000000000
     0.757773793    11.700742159     1.000000000
     0.770604626    11.699299391     1.000000000
     0.783435460    11.698651596     1.000000000
     0.796266293    11.698804258     1.000000000
     0.809097127    11.699746118     1.000000000
     0.821927960    11.701451982     1.000000000
     0.834758794    11.703885121     1.000000000
     0.847589627    11.706999299     1.000000000
     0.860420461    11.710740503     1.000000000
     0.873251294    11.715048446     1.000000000
     0.886082128    11.719857868     1.000000000
     0.898912961    11.725099725     1.000000000
     0.911743795    11.730702264     1.000000000
     0.924574628    11.736592060     1.000000000
     0.937405462    11.742695009     1.000000000
     0.950236295    11.748937323     1.000000000
     0.963067129    11.755246524     1.000000000
     0.975897962    11.761552435     1.000000000
     0.988728796    11.767788184     1.000000000
     1.001559629    11.773891170     1.000000000
     1.014390462    11.779803991     1.000000000
     1.027221296    11.785475296     1.000000000
     1.040052129    11.790860509     1.000000000
     1.052882963    11.795922398     1.000000000
     1.065713796    11.800631446     1.000000000
     1.078544630    11.804965988     1.000000000
     1.091375463    11.808912087     1.000000000
     1.104206297    11.812463140     1.000000000
     1.117037130    11.815619222     1.000000000
     1.129867964    11.818386171     1.000000000
     1.142698797    11.820774469     1.000000000
     1.155529631    11.822797956     1.000000000
     1.168360464    11.824472449     1.000000000
     1.181191298    11.825814331     1.000000000
     1.194022131    11.826839189     1.000000000
     1.206852965    11.827560582     1.000000000
     1.219683798    11.827988994     1.000000000
     1.232514631    11.828131042     1.000000000
     1.232514631    11.828131042     1.000000000
     1.244837158    11.803830685     1.000000000
     1.257159684    11.779717617     1.000000000
     1.269482211    11.755963790     1.000000000
     1.281804737    11.732718747     1.000000000
     1.294127263    11.710113423     1.000000000
     1.306449790    11.688262509     1.000000000
     1.318772316    11.667265730     1.000000000
     1.331094842    11.647208361     1.000000000
     1.343417369    11.628161244     1.000000000
     1.355739895    11.610180552     1.000000000
     1.368062421    11.593307518     1.000000000
     1.380384948    11.577568270     1.000000000
     1.392707474    11.562973923     1.000000000
     1.405030000    11.549520972     1.000000000
     1.417352527    11.537192037     1.000000000
     1.429675053    11.525956921     1.000000000
     1.441997580    11.515773952     1.000000000
     1.454320106    11.506591540     1.000000000
     1.466642632    11.498349873     1.000000000
     1.478965159    11.490982691     1.000000000
     1.491287685    11.484419072     1.000000000
     1.503610211    11.404431008     1.000000000
     1.515932738    11.320702520     1.000000000
     1.528255264    11.236504837     1.000000000
     1.540577790    11.152517601     1.000000000
     1.552900317    11.069374529     1.000000000
     1.565222843    10.987705713     1.000000000
     1.577545369    10.908205251     1.000000000
     1.589867896    10.831770614     1.000000000
     1.602190422    10.759847330     1.000000000
     1.614512948    10.695333528     1.000000000
     1.626835475    10.644152806     1.000000000
     1.639158001    10.612386957     1.000000000
     1.651480528    10.596436794     1.000000000
     1.663803054    10.588478490     1.000000000
     1.676125580    10.584249142     1.000000000
     1.688448107    10.581979440     1.000000000
     1.700770633    10.580882144     1.000000000
     1.713093159    10.580552511     1.000000000
     1.725415686    10.580748549     1.000000000
     1.737738212    10.581303996     1.000000000
     1.750060738    10.582090842     1.000000000
     1.762383265    10.583002410     1.000000000
     1.774705791    10.583945910     1.000000000
     1.787028317    10.584839816     1.000000000
     1.799350844    10.585613850     1.000000000
     1.811673370    10.586210334     1.000000000
     1.823995896    10.586586110     1.000000000
     1.836318423    10.586714397     1.000000000
     1.836318423    10.586714397     1.000000000
     1.849149256    10.586441833     1.000000000
     1.861980090    10.585625700     1.000000000
     1.874810923    10.584270641     1.000000000
     1.887641757    10.582384287     1.000000000
     1.900472590    10.579977096     1.000000000
     1.913303424    10.577062145     1.000000000
     1.926134257    10.573654872     1.000000000
     1.938965091    10.569772795     1.000000000
     1.951795924    10.565435200     1.000000000
     1.964626758    10.560662828     1.000000000
     1.977457591    10.555477559     1.000000000
     1.990288424    10.549902110     1.000000000
     2.003119258    10.543959747     1.000000000
     2.015950091    10.537674025     1.000000000
     2.028780925    10.531068554     1.000000000
     2.041611758    10.524166800     1.000000000
     2.054442592    10.516991918     1.000000000
     2.067273425    10.509566614     1.000000000
     2.080104259    10.501913046     1.000000000
     2.092935092    10.494052752     1.000000000
     2.105765926    10.486006613     1.000000000
     2.118596759    10.477794841     1.000000000
     2.131427593    10.469436993     1.000000000
     2.144258426    10.460952015     1.000000000
     2.157089260    10.452358314     1.000000000
     2.169920093    10.443673848     1.000000000
     2.182750927    10.434916248     1.000000000
     2.195581760    10.426102972     1.000000000
     2.208412594    10.417251487     1.000000000
     2.221243427    10.408379500     1.000000000
     2.234074260    10.399505223     1.000000000
     2.246905094    10.390647718     1.000000000
     2.259735927    10.381827303     1.000000000
     2.272566761    10.373066065     1.000000000
     2.285397594    10.364388501     1.000000000
     2.298228428    10.355822315     1.000000000
     2.311059261    10.347399433     1.000000000
     2.323890095    10.339157267     1.000000000
     2.336720928    10.331140303     1.000000000
     2.349551762    10.323402047     1.000000000
     2.362382595    10.284109849     1.000000000
     2.375213429    10.243799028     1.000000000
     2.388044262    10.206931572     1.000000000
     2.400875096    10.174118195     1.000000000
     2.413705929    10.146002436     1.000000000
     2.426536763    10.142505107     1.000000000
     2.439367596    10.144938345     1.000000000
     2.452198429    10.146461021     1.000000000
     2.465029263    10.146979834     1.000000000
     2.465029263    10.092645077     1.000000000
     2.477804039    10.092896858     1.000000000
     2.490578815    10.093650022     1.000000000
     2.503353591    10.094898012     1.000000000
     2.516128367    10.102974171     1.000000000
     2.528903143    10.120135944     1.000000000
     2.541677919    10.140927284     1.000000000
     2.554452695    10.165232224     1.000000000
     2.567227471    10.192909618     1.000000000
     2.580002247    10.223792098     1.000000000
     2.592777023    10.257685561     1.000000000
     2.605551799    10.294369450     1.000000000
     2.618326575    10.333598026     1.000000000
     2.631101351    10.375102827     1.000000000
     2.643876127    10.418596407     1.000000000
     2.656650903    10.463777380     1.000000000
     2.669425679    10.510336652     1.000000000
     2.682200455    10.557964592     1.000000000
     2.694975231    10.606358761     1.000000000
     2.707750007    10.655231692     1.000000000
     2.720524783    10.704318157     1.000000000
     2.733299559    10.753381352     1.000000000
     2.746074335    10.802217528     1.000000000
     2.758849111    10.850658746     1.000000000
     2.771623887    10.898573633     1.000000000
     2.784398663    10.945866253     1.000000000
     2.797173439    10.992473357     1.000000000
     2.809948215    11.038360441     1.000000000
     2.822722991    11.083517043     1.000000000
     2.835497767    11.127951752     1.000000000
     2.848272543    11.171687272     1.000000000
     2.861047319    11.214755847     1.000000000
     2.873822095    11.257195224     1.000000000
     2.886596871    11.299045231     1.000000000
     2.899371647    11.340345008     1.000000000
     2.912146423    11.381130842     1.000000000
     2.924921199    11.421434566     1.000000000
     2.937695975    11.461282412     1.000000000
     2.950470751    11.500694272     1.000000000
     2.963245527    11.539683259     1.000000000
     2.976020303    11.578255530     1.000000000
     2.988795079    11.616410281     1.000000000
     3.001569855    11.654139892     1.000000000
     3.014344631    11.691430178     1.000000000
     3.027119407    11.728260710     1.000000000
     3.039894183    11.764605191     1.000000000
     3.052668959    11.800431878     1.000000000
     3.065443735    11.835704026     1.000000000
     3.078218511    11.866191908     1.000000000
     3.090993287    11.893962975     1.000000000
     3.090993287    11.893962975     1.000000000
     3.103315814    11.894605741     1.000000000
     3.115638340    11.896535811     1.000000000
     3.127960866    11.899758469     1.000000000
     3.140283393    11.904282408     1.000000000
     3.152605919    11.907958003     1.000000000
     3.164928445    11.909486672     1.000000000
     3.177250972    11.911269620     1.000000000
     3.189573498    11.913294984     1.000000000
     3.201896024    11.915549055     1.000000000
     3.214218551    11.918016265     1.000000000
     3.226541077    11.920679177     1.000000000
     3.238863604    11.923518473     1.000000000
     3.251186130    11.926512938     1.000000000
     3.263508656    11.929639450     1.000000000
     3.275831183    11.932872963     1.000000000
     3.288153709    11.936186492     1.000000000
     3.300476235    11.939551099     1.000000000
     3.312798762    11.942935881     1.000000000
     3.325121288    11.946307951     1.000000000
     3.337443814    11.949632433     1.000000000
     3.349766341    11.952872449     1.000000000
     3.362088867    11.955989117     1.000000000
     3.374411393    11.958941545     1.000000000
     3.386733920    11.961686843     1.000000000
     3.399056446    11.964180132     1.000000000
     3.411378972    11.966374565     1.000000000
     3.423701499    11.968221362     1.000000000
     3.436024025    11.969669853     1.000000000
     3.448346552    11.970667544     1.000000000
     3.460669078    11.971160190     1.000000000
     3.472991604    11.971091898     1.000000000
     3.485314131    11.970405250     1.000000000
     3.497636657    11.969041453     1.000000000
     3.509959183    11.966940515     1.000000000
     3.522281710    11.964041457     1.000000000
     3.534604236    11.960282559     1.000000000
     3.546926762    11.955601639     1.000000000
     3.559249289    11.949936373     1.000000000
     3.571571815    11.943224654     1.000000000
     3.583894341    11.935404982     1.000000000
     3.596216868    11.926416894     1.000000000
     3.608539394    11.916201423     1.000000000
     3.620861921    11.904701578     1.000000000
     3.633184447    11.891862845     1.000000000
     3.645506973    11.877633682     1.000000000
     3.657829500    11.861966013     1.000000000
     3.670152026    11.844815697     1.000000000
     3.682474552    11.826142950     1.000000000
     3.694797079    11.805912793     1.000000000
     3.694797079    11.805912793     1.000000000
     3.707627912    11.812346998     1.000000000
     3.720458746    11.818822224     1.000000000
     3.733289579    11.825296813     1.000000000
     3.746120413    11.831729680     1.000000000
     3.758951246    11.838080656     1.000000000
     3.771782079    11.844310804     1.000000000
     3.784612913    11.850382725     1.000000000
     3.797443746    11.856260829     1.000000000
     3.810274580    11.861911603     1.000000000
     3.823105413    11.867303836     1.000000000
     3.835936247    11.872408833     1.000000000
     3.848767080    11.877200595     1.000000000
     3.861597914    11.881655974     1.000000000
     3.874428747    11.885754793     1.000000000
     3.887259581    11.889479935     1.000000000
     3.900090414    11.892817392     1.000000000
     3.912921248    11.895756286     1.000000000
     3.925752081    11.898288844     1.000000000
     3.938582915    11.900410348     1.000000000
     3.951413748    11.902119048     1.000000000
     3.964244582    11.903416040     1.000000000
     3.977075415    11.904305130     1.000000000
     3.989906249    11.904792663     1.000000000
     4.002737082    11.904887342     1.000000000
     4.015567915    11.904600030     1.000000000
     4.028398749    11.903943545     1.000000000
     4.041229582    11.902932446     1.000000000
     4.054060416    11.901582816     1.000000000
     4.066891249    11.899912049     1.000000000
     4.079722083    11.897938636     1.000000000
     4.092552916    11.895681952     1.000000000
     4.105383750    11.893162056     1.000000000
     4.118214583    11.890399488     1.000000000
     4.131045417    11.887415076     1.000000000
     4.143876250    11.884229750     1.000000000
     4.156707084    11.880864359     1.000000000
     4.169537917    11.877339497     1.000000000
     4.182368751    11.873675337     1.000000000
     4.195199584    11.869891471     1.000000000
     4.208030418    11.866006756     1.000000000
     4.220861251    11.862039181     1.000000000
     4.233692084    11.858005730     1.000000000
     4.246522918    11.853922272     1.000000000
     4.259353751    11.849803457     1.000000000
     4.272184585    11.845662639     1.000000000
     4.285015418    11.841511810     1.000000000
     4.297846252    11.837361563     1.000000000
     4.310677085    11.833221080     1.000000000
     4.323507919    11.829098201     1.000000000
     4.323507919    11.829098201     1.000000000
     4.335830445    11.834811275     1.000000000
     4.348152971    11.839784930     1.000000000
     4.360475498    11.843875662     1.000000000
     4.372798024    11.846929040     1.000000000
     4.385120551    11.848779257     1.000000000
     4.397443077    11.849248990     1.000000000
     4.409765603    11.848149590     1.000000000
     4.422088130    11.845281788     1.000000000
     4.434410656    11.840437120     1.000000000
     4.446733182    11.833400342     1.000000000
     4.459055709    11.823953089     1.000000000
     4.471378235    11.811879028     1.000000000
     4.483700761    11.796970661     1.000000000
     4.496023288    11.779037767     1.000000000
     4.508345814    11.757917221     1.000000000
     4.520668340    11.733483597     1.000000000
     4.532990867    11.713360752     1.000000000
     4.545313393    11.708841123     1.000000000
     4.557635920    11.704748872     1.000000000
     4.569958446    11.701085058     1.000000000
     4.582280972    11.697846690     1.000000000
     4.594603499    11.695027032     1.000000000
     4.606926025    11.692615908     1.000000000
     4.619248551    11.690600003     1.000000000
     4.631571078    11.688963165     1.000000000
     4.643893604    11.687686695     1.000000000
     4.656216130    11.686749641     1.000000000
     4.668538657    11.686129077     1.000000000
     4.680861183    11.685800388     1.000000000
     4.693183709    11.685737533     1.000000000
     4.705506236    11.685913325     1.000000000
     4.717828762    11.686299685     1.000000000
     4.730151288    11.686867915     1.000000000
     4.742473815    11.687588955     1.000000000
     4.754796341    11.688433645     1.000000000
     4.767118868    11.689372991     1.000000000
     4.779441394    11.690378427     1.000000000
     4.791763920    11.691422079     1.000000000
     4.804086447    11.692477034     1.000000000
     4.816408973    11.693517598     1.000000000
     4.828731499    11.694519562     1.000000000
     4.841054026    11.695460451     1.000000000
     4.853376552    11.696319770     1.000000000
     4.865699078    11.697079232     1.000000000
     4.878021605    11.697722972     1.000000000
     4.890344131    11.698237732     1.000000000
     4.902666657    11.698613024     1.000000000
     4.914989184    11.698841261     1.000000000
     4.927311710    11.698917852     1.000000000
     4.927311710    11.698917852     1.000000000
     4.940142544    11.698520885     1.000000000
     4.952973377    11.697339305     1.000000000
     4.965804211    11.695400750     1.000000000
     4.978635044    11.692750143     1.000000000
     4.991465877    11.689448072     1.000000000
     5.004296711    11.685568699     1.000000000
     5.017127544    11.681197331     1.000000000
     5.029958378    11.676427818     1.000000000
     5.042789211    11.671359919     1.000000000
     5.055620045    11.666096776     1.000000000
     5.068450878    11.660742577     1.000000000
     5.081281712    11.655400508     1.000000000
     5.094112545    11.650171015     1.000000000
     5.106943379    11.645150402     1.000000000
     5.119774212    11.640429747     1.000000000
     5.132605046    11.636094122     1.000000000
     5.145435879    11.632222074     1.000000000
     5.158266713    11.628885318     1.000000000
     5.171097546    11.626148608     1.000000000
     5.183928380    11.624069727     1.000000000
     5.196759213    11.622699561     1.000000000
     5.209590047    11.622082229     1.000000000
     5.222420880    11.622255223     1.000000000
     5.235251713    11.623249555     1.000000000
     5.248082547    11.625089891     1.000000000
     5.260913380    11.627794672     1.000000000
     5.273744214    11.631376227     1.000000000
     5.286575047    11.635840878     1.000000000
     5.299405881    11.641189068     1.000000000
     5.312236714    11.647415515     1.000000000
     5.325067548    11.654509417     1.000000000
     5.337898381    11.662454725     1.000000000
     5.350729215    11.671230492     1.000000000
     5.363560048    11.680811325     1.000000000
     5.376390882    11.691167923     1.000000000
     5.389221715    11.702267731     1.000000000
     5.402052549    11.714075677     1.000000000
     5.414883382    11.726555010     1.000000000
     5.427714216    11.739668199     1.000000000
     5.440545049    11.753377886     1.000000000
     5.453375882    11.767647846     1.000000000
     5.466206716    11.782443913     1.000000000
     5.479037549    11.797734748     1.000000000
     5.491868383    11.813492260     1.000000000
     5.504699216    11.829691071     1.000000000
     5.517530050    11.846304957     1.000000000
     5.530360883    11.863290237     1.000000000
     5.543191717    11.880470402     1.000000000
     5.556022550    11.893962975     1.000000000
  
     0.000000000    10.281849295     1.000000000
     0.012322526    10.283008753     1.000000000
     0.024645053    10.286481653     1.000000000
     0.036967579    10.292252392     1.000000000
     0.049290105    10.300297734     1.000000000
     0.061612632    10.310591203     1.000000000
     0.073935158    10.323109929     1.000000000
     0.086257684    10.337845262     1.000000000
     0.098580211    10.354819910     1.000000000
     0.110902737    10.374116979     1.000000000
     0.123225264    10.395930312     1.000000000
     0.135547790    10.420647907     1.000000000
     0.147870316    10.448961689     1.000000000
     0.160192843    10.481901858     1.000000000
     0.172515369    10.520537744     1.000000000
     0.184837895    10.565337315     1.000000000
     0.197160422    10.615911628     1.000000000
     0.209482948    10.671437524     1.000000000
     0.221805474    10.731089774     1.000000000
     0.234128001    10.794170735     1.000000000
     0.246450527    10.860088172     1.000000000
     0.258773053    10.928307996     1.000000000
     0.271095580    10.998316363     1.000000000
     0.283418106    11.069592270     1.000000000
     0.295740632    11.141586517     1.000000000
     0.308063159    11.213704363     1.000000000
     0.320385685    11.285292070     1.000000000
     0.332708212    11.355631360     1.000000000
     0.345030738    11.423950739     1.000000000
     0.357353264    11.489466857     1.000000000
     0.369675791    11.551466158     1.000000000
     0.381998317    11.609417874     1.000000000
     0.394320843    11.663075944     1.000000000
     0.406643370    11.712509896     1.000000000
     0.418965896    11.758037653     1.000000000
     0.431288422    11.800096542     1.000000000
     0.443610949    11.839118675     1.000000000
     0.455933475    11.875453333     1.000000000
     0.468256001    11.909340123     1.000000000
     0.480578528    11.940916130     1.000000000
     0.492901054    11.970238902     1.000000000
     0.505223581    11.997313338     1.000000000
     0.517546107    12.017172617     1.000000000
     0.529868633    11.984236833     1.000000000
     0.542191160    11.948541911     1.000000000
     0.554513686    11.910602706     1.000000000
     0.566836212    11.870717288     1.000000000
     0.579158739    11.829083554     1.000000000
     0.591481265    11.785851134     1.000000000
     0.603803791    11.741145712     1.000000000
     0.603803791    11.741145712     1.000000000
     0.616634625    11.740494558     1.000000000
     0.629465458    11.738599517     1.000000000
     0.642296292    11.735624192     1.000000000
     0.655127125    11.731807184     1.000000000
     0.667957959    11.727424690     1.000000000
     0.680788792    11.722756746     1.000000000
     0.693619626    11.718063072     1.000000000
     0.706450459    11.713569335     1.000000000
     0.719281293    11.709461701     1.000000000
     0.732112126    11.705886774     1.000000000
     0.744942960    11.702954493     1.000000000
     0.757773793    11.700742288     1.000000000
     0.770604626    11.699299523     1.000000000
     0.783435460    11.698651730     1.000000000
     0.796266293    11.698804397     1.000000000
     0.809097127    11.699746261     1.000000000
     0.821927960    11.701452130     1.000000000
     0.834758794    11.703885274     1.000000000
     0.847589627    11.706999457     1.000000000
     0.860420461    11.710740668     1.000000000
     0.873251294    11.715048617     1.000000000
     0.886082128    11.719858046     1.000000000
     0.898912961    11.725099909     1.000000000
     0.911743795    11.730702455     1.000000000
     0.924574628    11.736592257     1.000000000
     0.937405462    11.742695211     1.000000000
     0.950236295    11.748937531     1.000000000
     0.963067129    11.755246735     1.000000000
     0.975897962    11.761552651     1.000000000
     0.988728796    11.767788402     1.000000000
     1.001559629    11.773891389     1.000000000
     1.014390462    11.779804211     1.000000000
     1.027221296    11.785475515     1.000000000
     1.040052129    11.790860725     1.000000000
     1.052882963    11.795922610     1.000000000
     1.065713796    11.800631652     1.000000000
     1.078544630    11.804966187     1.000000000
     1.091375463    11.808912277     1.000000000
     1.104206297    11.812463320     1.000000000
     1.117037130    11.815619390     1.000000000
     1.129867964    11.818386326     1.000000000
     1.142698797    11.820774609     1.000000000
     1.155529631    11.822798081     1.000000000
     1.168360464    11.824472557     1.000000000
     1.181191298    11.825814421     1.000000000
     1.194022131    11.826839262     1.000000000
     1.206852965    11.827560638     1.000000000
     1.219683798    11.827989036     1.000000000
     1.232514631    11.828131078     1.000000000
     1.232514631    11.828131078     1.000000000
     1.244837158    11.852418764     1.000000000
     1.257159684    11.876457722     1.000000000
     1.269482211    11.899964732     1.000000000
     1.281804737    11.922594614     1.000000000
     1.294127263    11.943920768     1.000000000
     1.306449790    11.963410496     1.000000000
     1.318772316    11.980395358     1.000000000
     1.331094842    11.994039082     1.000000000
     1.343417369    12.003310632     1.000000000
     1.355739895    12.006979018     1.000000000
     1.368062421    12.003658385     1.000000000
     1.380384948    11.991937944     1.000000000
     1.392707474    11.970610881     1.000000000
     1.405030000    11.938952939     1.000000000
     1.417352527    11.896927434     1.000000000
     1.429675053    11.845197879     1.000000000
     1.441997580    11.784944430     1.000000000
     1.454320106    11.717597535     1.000000000
     1.466642632    11.644611299     1.000000000
     1.478965159    11.567328974     1.000000000
     1.491287685    11.486930546     1.000000000
     1.503610211    11.478585186     1.000000000
     1.515932738    11.473405969     1.000000000
     1.528255264    11.468806707     1.000000000
     1.540577790    11.464714491     1.000000000
     1.552900317    11.461059536     1.000000000
     1.565222843    11.457776350     1.000000000
     1.577545369    11.454804728     1.000000000
     1.589867896    11.452090567     1.000000000
     1.602190422    11.449586489     1.000000000
     1.614512948    11.447252239     1.000000000
     1.626835475    11.445054889     1.000000000
     1.639158001    11.442968811     1.000000000
     1.651480528    11.440975448     1.000000000
     1.663803054    11.439062893     1.000000000
     1.676125580    11.437225304     1.000000000
     1.688448107    11.435462182     1.000000000
     1.700770633    11.433777553     1.000000000
     1.713093159    11.432179093     1.000000000
     1.725415686    11.430677227     1.000000000
     1.737738212    11.410096448     1.000000000
     1.750060738    11.388271914     1.000000000
     1.762383265    11.369091619     1.000000000
     1.774705791    11.352658828     1.000000000
     1.787028317    11.339068288     1.000000000
     1.799350844    11.328403407     1.000000000
     1.811673370    11.320733257     1.000000000
     1.823995896    11.316109674     1.000000000
     1.836318423    11.314564840     1.000000000
     1.836318423    11.314564840     1.000000000
     1.849149256    11.313995068     1.000000000
     1.861980090    11.312290585     1.000000000
     1.874810923    11.309465650     1.000000000
     1.887641757    11.305543191     1.000000000
     1.900472590    11.300553606     1.000000000
     1.913303424    11.294533150     1.000000000
     1.926134257    11.287521985     1.000000000
     1.938965091    11.279561953     1.000000000
     1.951795924    11.270694138     1.000000000
     1.964626758    11.260956255     1.000000000
     1.977457591    11.250379913     1.000000000
     1.990288424    11.238987757     1.000000000
     2.003119258    11.226790503     1.000000000
     2.015950091    11.213783876     1.000000000
     2.028780925    11.199945448     1.000000000
     2.041611758    11.185231431     1.000000000
     2.054442592    11.169573521     1.000000000
     2.067273425    11.152875973     1.000000000
     2.080104259    11.135013248     1.000000000
     2.092935092    11.115828759     1.000000000
     2.105765926    11.095135487     1.000000000
     2.118596759    11.072719479     1.000000000
     2.131427593    11.048347419     1.000000000
     2.144258426    11.021779359     1.000000000
     2.157089260    10.992787118     1.000000000
     2.169920093    10.961177683     1.000000000
     2.182750927    10.926819184     1.000000000
     2.195581760    10.889665243     1.000000000
     2.208412594    10.849772604     1.000000000
     2.221243427    10.807307803     1.000000000
     2.234074260    10.762541239     1.000000000
     2.246905094    10.715830455     1.000000000
     2.259735927    10.667597099     1.000000000
     2.272566761    10.618302900     1.000000000
     2.285397594    10.568429081     1.000000000
     2.298228428    10.518461832     1.000000000
     2.311059261    10.468884604     1.000000000
     2.323890095    10.420176774     1.000000000
     2.336720928    10.372817541     1.000000000
     2.349551762    10.327293709     1.000000000
     2.362382595    10.316007325     1.000000000
     2.375213429    10.309034859     1.000000000
     2.388044262    10.302579753     1.000000000
     2.400875096    10.296755202     1.000000000
     2.413705929    10.291692041     1.000000000
     2.426536763    10.287534154     1.000000000
     2.439367596    10.284427530     1.000000000
     2.452198429    10.282502125     1.000000000
     2.465029263    10.281849295     1.000000000
     2.465029263    11.586537765     1.000000000
     2.477804039    11.586256354     1.000000000
     2.490578815    11.585414992     1.000000000
     2.503353591    11.584022298     1.000000000
     2.516128367    11.582092662     1.000000000
     2.528903143    11.579646277     1.000000000
     2.541677919    11.576709186     1.000000000
     2.554452695    11.573313332     1.000000000
     2.567227471    11.569496620     1.000000000
     2.580002247    11.565302974     1.000000000
     2.592777023    11.560782387     1.000000000
     2.605551799    11.555990961     1.000000000
     2.618326575    11.550990915     1.000000000
     2.631101351    11.545850557     1.000000000
     2.643876127    11.540644209     1.000000000
     2.656650903    11.535452045     1.000000000
     2.669425679    11.530359855     1.000000000
     2.682200455    11.525458677     1.000000000
     2.694975231    11.520844299     1.000000000
     2.707750007    11.516616595     1.000000000
     2.720524783    11.512878680     1.000000000
     2.733299559    11.509735862     1.000000000
     2.746074335    11.507294387     1.000000000
     2.758849111    11.505659990     1.000000000
     2.771623887    11.504936257     1.000000000
     2.784398663    11.505222845     1.000000000
     2.797173439    11.506613628     1.000000000
     2.809948215    11.509194818     1.000000000
     2.822722991    11.513043176     1.000000000
     2.835497767    11.518224387     1.000000000
     2.848272543    11.524791703     1.000000000
     2.861047319    11.532784926     1.000000000
     2.873822095    11.542229787     1.000000000
     2.886596871    11.553137752     1.000000000
     2.899371647    11.565506256     1.000000000
     2.912146423    11.579319315     1.000000000
     2.924921199    11.594548484     1.000000000
     2.937695975    11.611154052     1.000000000
     2.950470751    11.629086425     1.000000000
     2.963245527    11.648287583     1.000000000
     2.976020303    11.668692557     1.000000000
     2.988795079    11.690230848     1.000000000
     3.001569855    11.712827750     1.000000000
     3.014344631    11.736405532     1.000000000
     3.027119407    11.760884474     1.000000000
     3.039894183    11.786183735     1.000000000
     3.052668959    11.812222057     1.000000000
     3.065443735    11.838918314     1.000000000
     3.078218511    11.870380363     1.000000000
     3.090993287    11.893963069     1.000000000
     3.090993287    11.893963069     1.000000000
     3.103315814    11.894605834     1.000000000
     3.115638340    11.896535904     1.000000000
     3.127960866    11.899758563     1.000000000
     3.140283393    11.904282502     1.000000000
     3.152605919    11.907958053     1.000000000
     3.164928445    11.909486720     1.000000000
     3.177250972    11.911269667     1.000000000
     3.189573498    11.913295031     1.000000000
     3.201896024    11.915549105     1.000000000
     3.214218551    11.918016318     1.000000000
     3.226541077    11.920679234     1.000000000
     3.238863604    11.923518534     1.000000000
     3.251186130    11.926513004     1.000000000
     3.263508656    11.929639521     1.000000000
     3.275831183    11.932873038     1.000000000
     3.288153709    11.936186572     1.000000000
     3.300476235    11.939551185     1.000000000
     3.312798762    11.942935971     1.000000000
     3.325121288    11.946308046     1.000000000
     3.337443814    11.949632533     1.000000000
     3.349766341    11.952872554     1.000000000
     3.362088867    11.955989225     1.000000000
     3.374411393    11.958941657     1.000000000
     3.386733920    11.961686959     1.000000000
     3.399056446    11.964180250     1.000000000
     3.411378972    11.966374686     1.000000000
     3.423701499    11.968221485     1.000000000
     3.436024025    11.969669978     1.000000000
     3.448346552    11.970667669     1.000000000
     3.460669078    11.971160315     1.000000000
     3.472991604    11.971092023     1.000000000
     3.485314131    11.970405375     1.000000000
     3.497636657    11.969041576     1.000000000
     3.509959183    11.966940635     1.000000000
     3.522281710    11.964041575     1.000000000
     3.534604236    11.960282673     1.000000000
     3.546926762    11.955601748     1.000000000
     3.559249289    11.949936478     1.000000000
     3.571571815    11.943224753     1.000000000
     3.583894341    11.935405075     1.000000000
     3.596216868    11.926416980     1.000000000
     3.608539394    11.916201501     1.000000000
     3.620861921    11.904701649     1.000000000
     3.633184447    11.891862908     1.000000000
     3.645506973    11.877633737     1.000000000
     3.657829500    11.861966062     1.000000000
     3.670152026    11.844815741     1.000000000
     3.682474552    11.826142991     1.000000000
     3.694797079    11.805912848     1.000000000
     3.694797079    11.805912848     1.000000000
     3.707627912    11.812347019     1.000000000
     3.720458746    11.818822244     1.000000000
     3.733289579    11.825296831     1.000000000
     3.746120413    11.831729699     1.000000000
     3.758951246    11.838080676     1.000000000
     3.771782079    11.844310826     1.000000000
     3.784612913    11.850382749     1.000000000
     3.797443746    11.856260857     1.000000000
     3.810274580    11.861911635     1.000000000
     3.823105413    11.867303871     1.000000000
     3.835936247    11.872408872     1.000000000
     3.848767080    11.877200638     1.000000000
     3.861597914    11.881656022     1.000000000
     3.874428747    11.885754845     1.000000000
     3.887259581    11.889479991     1.000000000
     3.900090414    11.892817452     1.000000000
     3.912921248    11.895756349     1.000000000
     3.925752081    11.898288911     1.000000000
     3.938582915    11.900410419     1.000000000
     3.951413748    11.902119122     1.000000000
     3.964244582    11.903416117     1.000000000
     3.977075415    11.904305210     1.000000000
     3.989906249    11.904792745     1.000000000
     4.002737082    11.904887425     1.000000000
     4.015567915    11.904600115     1.000000000
     4.028398749    11.903943632     1.000000000
     4.041229582    11.902932533     1.000000000
     4.054060416    11.901582904     1.000000000
     4.066891249    11.899912138     1.000000000
     4.079722083    11.897938724     1.000000000
     4.092552916    11.895682039     1.000000000
     4.105383750    11.893162142     1.000000000
     4.118214583    11.890399573     1.000000000
     4.131045417    11.887415161     1.000000000
     4.143876250    11.884229833     1.000000000
     4.156707084    11.880864441     1.000000000
     4.169537917    11.877339577     1.000000000
     4.182368751    11.873675416     1.000000000
     4.195199584    11.869891548     1.000000000
     4.208030418    11.866006832     1.000000000
     4.220861251    11.862039256     1.000000000
     4.233692084    11.858005805     1.000000000
     4.246522918    11.853922347     1.000000000
     4.259353751    11.849803534     1.000000000
     4.272184585    11.845662717     1.000000000
     4.285015418    11.841511890     1.000000000
     4.297846252    11.837361646     1.000000000
     4.310677085    11.833221167     1.000000000
     4.323507919    11.829098246     1.000000000
     4.323507919    11.829098246     1.000000000
     4.335830445    11.834811379     1.000000000
     4.348152971    11.839785034     1.000000000
     4.360475498    11.843875767     1.000000000
     4.372798024    11.846929146     1.000000000
     4.385120551    11.848779365     1.000000000
     4.397443077    11.849249101     1.000000000
     4.409765603    11.848149704     1.000000000
     4.422088130    11.845281904     1.000000000
     4.434410656    11.840437238     1.000000000
     4.446733182    11.833400463     1.000000000
     4.459055709    11.823953212     1.000000000
     4.471378235    11.811879153     1.000000000
     4.483700761    11.796970788     1.000000000
     4.496023288    11.779037896     1.000000000
     4.508345814    11.757917350     1.000000000
     4.520668340    11.733483727     1.000000000
     4.532990867    11.713360828     1.000000000
     4.545313393    11.708841198     1.000000000
     4.557635920    11.704748946     1.000000000
     4.569958446    11.701085131     1.000000000
     4.582280972    11.697846762     1.000000000
     4.594603499    11.695027103     1.000000000
     4.606926025    11.692615978     1.000000000
     4.619248551    11.690600073     1.000000000
     4.631571078    11.688963233     1.000000000
     4.643893604    11.687686762     1.000000000
     4.656216130    11.686749707     1.000000000
     4.668538657    11.686129143     1.000000000
     4.680861183    11.685800452     1.000000000
     4.693183709    11.685737596     1.000000000
     4.705506236    11.685913386     1.000000000
     4.717828762    11.686299746     1.000000000
     4.730151288    11.686867975     1.000000000
     4.742473815    11.687589013     1.000000000
     4.754796341    11.688433703     1.000000000
     4.767118868    11.689373048     1.000000000
     4.779441394    11.690378483     1.000000000
     4.791763920    11.691422134     1.000000000
     4.804086447    11.692477088     1.000000000
     4.816408973    11.693517652     1.000000000
     4.828731499    11.694519616     1.000000000
     4.841054026    11.695460505     1.000000000
     4.853376552    11.696319824     1.000000000
     4.865699078    11.697079287     1.000000000
     4.878021605    11.697723028     1.000000000
     4.890344131    11.698237788     1.000000000
     4.902666657    11.698613081     1.000000000
     4.914989184    11.698841319     1.000000000
     4.927311710    11.698917911     1.000000000
     4.927311710    11.698917911     1.000000000
     4.940142544    11.698520945     1.000000000
     4.952973377    11.697339365     1.000000000
     4.965804211    11.695400810     1.000000000
     4.978635044    11.692750203     1.000000000
     4.991465877    11.689448132     1.000000000
     5.004296711    11.685568759     1.000000000
     5.017127544    11.681197391     1.000000000
     5.029958378    11.676427878     1.000000000
     5.042789211    11.671359980     1.000000000
     5.055620045    11.666096838     1.000000000
     5.068450878    11.660742640     1.000000000
     5.081281712    11.655400572     1.000000000
     5.094112545    11.650171082     1.000000000
     5.106943379    11.645150471     1.000000000
     5.119774212    11.640429818     1.000000000
     5.132605046    11.636094195     1.000000000
     5.145435879    11.632222148     1.000000000
     5.158266713    11.628885393     1.000000000
     5.171097546    11.626148685     1.000000000
     5.183928380    11.624069804     1.000000000
     5.196759213    11.622699639     1.000000000
     5.209590047    11.622082307     1.000000000
     5.222420880    11.622255300     1.000000000
     5.235251713    11.623249631     1.000000000
     5.248082547    11.625089965     1.000000000
     5.260913380    11.627794745     1.000000000
     5.273744214    11.631376298     1.000000000
     5.286575047    11.635840947     1.000000000
     5.299405881    11.641189135     1.000000000
     5.312236714    11.647415580     1.000000000
     5.325067548    11.654509480     1.000000000
     5.337898381    11.662454785     1.000000000
     5.350729215    11.671230551     1.000000000
     5.363560048    11.680811383     1.000000000
     5.376390882    11.691167981     1.000000000
     5.389221715    11.702267788     1.000000000
     5.402052549    11.714075735     1.000000000
     5.414883382    11.726555069     1.000000000
     5.427714216    11.739668260     1.000000000
     5.440545049    11.753377948     1.000000000
     5.453375882    11.767647911     1.000000000
     5.466206716    11.782443979     1.000000000
     5.479037549    11.797734816     1.000000000
     5.491868383    11.813492330     1.000000000
     5.504699216    11.829691143     1.000000000
     5.517530050    11.846305031     1.000000000
     5.530360883    11.863290312     1.000000000
     5.543191717    11.880470481     1.000000000
     5.556022550    11.893963069     1.000000000
  
     0.000000000    11.682344918     1.000000000
     0.012322526    11.682431605     1.000000000
     0.024645053    11.682692495     1.000000000
     0.036967579    11.683130141     1.000000000
     0.049290105    11.683749053     1.000000000
     0.061612632    11.684556072     1.000000000
     0.073935158    11.685560890     1.000000000
     0.086257684    11.686776733     1.000000000
     0.098580211    11.688221174     1.000000000
     0.110902737    11.689917107     1.000000000
     0.123225264    11.691893868     1.000000000
     0.135547790    11.694188507     1.000000000
     0.147870316    11.696847219     1.000000000
     0.160192843    11.699926936     1.000000000
     0.172515369    11.703497088     1.000000000
     0.184837895    11.707641537     1.000000000
     0.197160422    11.712460697     1.000000000
     0.209482948    11.718073841     1.000000000
     0.221805474    11.724621615     1.000000000
     0.234128001    11.732268771     1.000000000
     0.246450527    11.741207157     1.000000000
     0.258773053    11.751659031     1.000000000
     0.271095580    11.763880760     1.000000000
     0.283418106    11.778166985     1.000000000
     0.295740632    11.794855136     1.000000000
     0.308063159    11.814329684     1.000000000
     0.320385685    11.837024173     1.000000000
     0.332708212    11.863416418     1.000000000
     0.345030738    11.894008088     1.000000000
     0.357353264    11.929276169     1.000000000
     0.369675791    11.969586869     1.000000000
     0.381998317    12.015081688     1.000000000
     0.394320843    12.059580789     1.000000000
     0.406643370    12.067636605     1.000000000
     0.418965896    12.075212047     1.000000000
     0.431288422    12.082041806     1.000000000
     0.443610949    12.087688033     1.000000000
     0.455933475    12.091343718     1.000000000
     0.468256001    12.091418099     1.000000000
     0.480578528    12.085126002     1.000000000
     0.492901054    12.069882880     1.000000000
     0.505223581    12.046357363     1.000000000
     0.517546107    12.022116439     1.000000000
     0.529868633    12.044617578     1.000000000
     0.542191160    12.064793717     1.000000000
     0.554513686    12.082639851     1.000000000
     0.566836212    12.098175288     1.000000000
     0.579158739    12.111446567     1.000000000
     0.591481265    12.122527930     1.000000000
     0.603803791    12.131520337     1.000000000
     0.603803791    12.131520337     1.000000000
     0.616634625    12.133444400     1.000000000
     0.629465458    12.139148414     1.000000000
     0.642296292    12.148439655     1.000000000
     0.655127125    12.161031078     1.000000000
     0.667957959    12.176578891     1.000000000
     0.680788792    12.194716571     1.000000000
     0.693619626    12.215079393     1.000000000
     0.706450459    12.237318674     1.000000000
     0.719281293    12.261107912     1.000000000
     0.732112126    12.286143719     1.000000000
     0.744942960    12.312144071     1.000000000
     0.757773793    12.338845561     1.000000000
     0.770604626    12.366000708     1.000000000
     0.783435460    12.393375864     1.000000000
     0.796266293    12.420749991     1.000000000
     0.809097127    12.447914383     1.000000000
     0.821927960    12.474673330     1.000000000
     0.834758794    12.500845607     1.000000000
     0.847589627    12.526266620     1.000000000
     0.860420461    12.550790931     1.000000000
     0.873251294    12.574294856     1.000000000
     0.886082128    12.596678745     1.000000000
     0.898912961    12.617868591     1.000000000
     0.911743795    12.637816661     1.000000000
     0.924574628    12.656500965     1.000000000
     0.937405462    12.673923549     1.000000000
     0.950236295    12.690107719     1.000000000
     0.963067129    12.705094482     1.000000000
     0.975897962    12.718938496     1.000000000
     0.988728796    12.731703891     1.000000000
     1.001559629    12.743460221     1.000000000
     1.014390462    12.754278795     1.000000000
     1.027221296    12.764229511     1.000000000
     1.040052129    12.773378269     1.000000000
     1.052882963    12.781784984     1.000000000
     1.065713796    12.789502183     1.000000000
     1.078544630    12.796574143     1.000000000
     1.091375463    12.803036526     1.000000000
     1.104206297    12.808916457     1.000000000
     1.117037130    12.814232982     1.000000000
     1.129867964    12.818997849     1.000000000
     1.142698797    12.823216540     1.000000000
     1.155529631    12.826889489     1.000000000
     1.168360464    12.830013406     1.000000000
     1.181191298    12.832582630     1.000000000
     1.194022131    12.834590434     1.000000000
     1.206852965    12.836030214     1.000000000
     1.219683798    12.836896488     1.000000000
     1.232514631    12.837185655     1.000000000
     1.232514631    12.837185655     1.000000000
     1.244837158    12.823633744     1.000000000
     1.257159684    12.808636689     1.000000000
     1.269482211    12.792048663     1.000000000
     1.281804737    12.773708719     1.000000000
     1.294127263    12.753454159     1.000000000
     1.306449790    12.731138330     1.000000000
     1.318772316    12.706654217     1.000000000
     1.331094842    12.679964463     1.000000000
     1.343417369    12.651135402     1.000000000
     1.355739895    12.620365506     1.000000000
     1.368062421    12.587986919     1.000000000
     1.380384948    12.554410497     1.000000000
     1.392707474    12.520000652     1.000000000
     1.405030000    12.484922475     1.000000000
     1.417352527    12.449063221     1.000000000
     1.429675053    12.412104864     1.000000000
     1.441997580    12.373703449     1.000000000
     1.454320106    12.333648229     1.000000000
     1.466642632    12.291919915     1.000000000
     1.478965159    12.248661889     1.000000000
     1.491287685    12.204118546     1.000000000
     1.503610211    12.158579928     1.000000000
     1.515932738    12.112345376     1.000000000
     1.528255264    12.065704152     1.000000000
     1.540577790    12.018927078     1.000000000
     1.552900317    11.972264207     1.000000000
     1.565222843    11.925945376     1.000000000
     1.577545369    11.880181950     1.000000000
     1.589867896    11.835168913     1.000000000
     1.602190422    11.791086959     1.000000000
     1.614512948    11.748104454     1.000000000
     1.626835475    11.706379222     1.000000000
     1.639158001    11.666060178     1.000000000
     1.651480528    11.627288813     1.000000000
     1.663803054    11.590200537     1.000000000
     1.676125580    11.554925891     1.000000000
     1.688448107    11.521591578     1.000000000
     1.700770633    11.490321305     1.000000000
     1.713093159    11.461236355     1.000000000
     1.725415686    11.434455825     1.000000000
     1.737738212    11.429284251     1.000000000
     1.750060738    11.428013488     1.000000000
     1.762383265    11.426878518     1.000000000
     1.774705791    11.425892483     1.000000000
     1.787028317    11.425067493     1.000000000
     1.799350844    11.424414121     1.000000000
     1.811673370    11.423941001     1.000000000
     1.823995896    11.423654516     1.000000000
     1.836318423    11.423558581     1.000000000
     1.836318423    11.423558581     1.000000000
     1.849149256    11.423835795     1.000000000
     1.861980090    11.424665865     1.000000000
     1.874810923    11.426044098     1.000000000
     1.887641757    11.427962769     1.000000000
     1.900472590    11.430411256     1.000000000
     1.913303424    11.433376214     1.000000000
     1.926134257    11.436841793     1.000000000
     1.938965091    11.440789871     1.000000000
     1.951795924    11.445200307     1.000000000
     1.964626758    11.450051192     1.000000000
     1.977457591    11.455319094     1.000000000
     1.990288424    11.460979288     1.000000000
     2.003119258    11.467005967     1.000000000
     2.015950091    11.473372424     1.000000000
     2.028780925    11.480051205     1.000000000
     2.041611758    11.487014244     1.000000000
     2.054442592    11.494232958     1.000000000
     2.067273425    11.501678324     1.000000000
     2.080104259    11.509320942     1.000000000
     2.092935092    11.517131066     1.000000000
     2.105765926    11.525078642     1.000000000
     2.118596759    11.533133323     1.000000000
     2.131427593    11.541264492     1.000000000
     2.144258426    11.549441285     1.000000000
     2.157089260    11.557632621     1.000000000
     2.169920093    11.565807236     1.000000000
     2.182750927    11.573933738     1.000000000
     2.195581760    11.581980669     1.000000000
     2.208412594    11.589916583     1.000000000
     2.221243427    11.597710143     1.000000000
     2.234074260    11.605330227     1.000000000
     2.246905094    11.612746050     1.000000000
     2.259735927    11.619927299     1.000000000
     2.272566761    11.626844276     1.000000000
     2.285397594    11.633468047     1.000000000
     2.298228428    11.634794152     1.000000000
     2.311059261    11.623724612     1.000000000
     2.323890095    11.614761113     1.000000000
     2.336720928    11.607591738     1.000000000
     2.349551762    11.601933916     1.000000000
     2.362382595    11.597534730     1.000000000
     2.375213429    11.594170359     1.000000000
     2.388044262    11.591645209     1.000000000
     2.400875096    11.589791040     1.000000000
     2.413705929    11.588466245     1.000000000
     2.426536763    11.587555350     1.000000000
     2.439367596    11.586968699     1.000000000
     2.452198429    11.586642299     1.000000000
     2.465029263    11.586537765     1.000000000
     2.465029263    11.672190469     1.000000000
     2.477804039    11.673415005     1.000000000
     2.490578815    11.677084431     1.000000000
     2.503353591    11.683186256     1.000000000
     2.516128367    11.691699865     1.000000000
     2.528903143    11.702596798     1.000000000
     2.541677919    11.715841112     1.000000000
     2.554452695    11.731389785     1.000000000
     2.567227471    11.749193136     1.000000000
     2.580002247    11.769195200     1.000000000
     2.592777023    11.791334032     1.000000000
     2.605551799    11.815541880     1.000000000
     2.618326575    11.841745171     1.000000000
     2.631101351    11.869864230     1.000000000
     2.643876127    11.899812652     1.000000000
     2.656650903    11.931496172     1.000000000
     2.669425679    11.964810812     1.000000000
     2.682200455    11.999639972     1.000000000
     2.694975231    12.035849859     1.000000000
     2.707750007    12.073282261     1.000000000
     2.720524783    12.111742887     1.000000000
     2.733299559    12.150982091     1.000000000
     2.746074335    12.190662071     1.000000000
     2.758849111    12.230299755     1.000000000
     2.771623887    12.269166387     1.000000000
     2.784398663    12.306116657     1.000000000
     2.797173439    12.339339862     1.000000000
     2.809948215    12.366182981     1.000000000
     2.822722991    12.379218151     1.000000000
     2.835497767    12.369863109     1.000000000
     2.848272543    12.359078045     1.000000000
     2.861047319    12.346846560     1.000000000
     2.873822095    12.333161244     1.000000000
     2.886596871    12.318023405     1.000000000
     2.899371647    12.301442676     1.000000000
     2.912146423    12.283436525     1.000000000
     2.924921199    12.263909863     1.000000000
     2.937695975    12.237214568     1.000000000
     2.950470751    12.209794443     1.000000000
     2.963245527    12.181814810     1.000000000
     2.976020303    12.153407760     1.000000000
     2.988795079    12.124684193     1.000000000
     3.001569855    12.095741376     1.000000000
     3.014344631    12.066667801     1.000000000
     3.027119407    12.037546419     1.000000000
     3.039894183    12.008456815     1.000000000
     3.052668959    11.979476726     1.000000000
     3.065443735    11.950683085     1.000000000
     3.078218511    11.922152753     1.000000000
     3.090993287    11.904415572     1.000000000
     3.090993287    11.904415572     1.000000000
     3.103315814    11.904559089     1.000000000
     3.115638340    11.904988723     1.000000000
     3.127960866    11.905701752     1.000000000
     3.140283393    11.906693633     1.000000000
     3.152605919    11.910119551     1.000000000
     3.164928445    11.917284812     1.000000000
     3.177250972    11.925795768     1.000000000
     3.189573498    11.935672271     1.000000000
     3.201896024    11.946935967     1.000000000
     3.214218551    11.959609748     1.000000000
     3.226541077    11.973717113     1.000000000
     3.238863604    11.989281444     1.000000000
     3.251186130    12.006325211     1.000000000
     3.263508656    12.024869083     1.000000000
     3.275831183    12.044930978     1.000000000
     3.288153709    12.066525050     1.000000000
     3.300476235    12.089660636     1.000000000
     3.312798762    12.114341183     1.000000000
     3.325121288    12.140563208     1.000000000
     3.337443814    12.168315303     1.000000000
     3.349766341    12.197577273     1.000000000
     3.362088867    12.228319434     1.000000000
     3.374411393    12.260502149     1.000000000
     3.386733920    12.294075652     1.000000000
     3.399056446    12.328980222     1.000000000
     3.411378972    12.365146721     1.000000000
     3.423701499    12.402497540     1.000000000
     3.436024025    12.440947918     1.000000000
     3.448346552    12.480407608     1.000000000
     3.460669078    12.520782814     1.000000000
     3.472991604    12.561978314     1.000000000
     3.485314131    12.603899653     1.000000000
     3.497636657    12.646455286     1.000000000
     3.509959183    12.689558558     1.000000000
     3.522281710    12.733129412     1.000000000
     3.534604236    12.777095748     1.000000000
     3.546926762    12.821394369     1.000000000
     3.559249289    12.865971484     1.000000000
     3.571571815    12.910782787     1.000000000
     3.583894341    12.955793128     1.000000000
     3.596216868    13.000975823     1.000000000
     3.608539394    13.046311698     1.000000000
     3.620861921    13.091787904     1.000000000
     3.633184447    13.137396625     1.000000000
     3.645506973    13.183133720     1.000000000
     3.657829500    13.228997390     1.000000000
     3.670152026    13.274986922     1.000000000
     3.682474552    13.321101550     1.000000000
     3.694797079    13.367339376     1.000000000
     3.694797079    13.367339376     1.000000000
     3.707627912    13.361004311     1.000000000
     3.720458746    13.356120815     1.000000000
     3.733289579    13.352664882     1.000000000
     3.746120413    13.350613035     1.000000000
     3.758951246    13.349942470     1.000000000
     3.771782079    13.350631092     1.000000000
     3.784612913    13.352657471     1.000000000
     3.797443746    13.356000746     1.000000000
     3.810274580    13.360640473     1.000000000
     3.823105413    13.366556440     1.000000000
     3.835936247    13.373728445     1.000000000
     3.848767080    13.382136074     1.000000000
     3.861597914    13.391758468     1.000000000
     3.874428747    13.402574103     1.000000000
     3.887259581    13.414560592     1.000000000
     3.900090414    13.427694514     1.000000000
     3.912921248    13.441951281     1.000000000
     3.925752081    13.457305045     1.000000000
     3.938582915    13.473728646     1.000000000
     3.951413748    13.491193605     1.000000000
     3.964244582    13.509670166     1.000000000
     3.977075415    13.529127360     1.000000000
     3.989906249    13.549533120     1.000000000
     4.002737082    13.570854412     1.000000000
     4.015567915    13.593057386     1.000000000
     4.028398749    13.616107548     1.000000000
     4.041229582    13.639969922     1.000000000
     4.054060416    13.664609212     1.000000000
     4.066891249    13.689989950     1.000000000
     4.079722083    13.716076619     1.000000000
     4.092552916    13.742833737     1.000000000
     4.105383750    13.770225906     1.000000000
     4.118214583    13.798217799     1.000000000
     4.131045417    13.826774089     1.000000000
     4.143876250    13.855859303     1.000000000
     4.156707084    13.885437578     1.000000000
     4.169537917    13.915472328     1.000000000
     4.182368751    13.945925772     1.000000000
     4.195199584    13.976758330     1.000000000
     4.208030418    14.007927832     1.000000000
     4.220861251    14.039388516     1.000000000
     4.233692084    14.071089758     1.000000000
     4.246522918    14.102974455     1.000000000
     4.259353751    14.134976972     1.000000000
     4.272184585    14.167020498     1.000000000
     4.285015418    14.199013618     1.000000000
     4.297846252    14.230845810     1.000000000
     4.310677085    14.262381451     1.000000000
     4.323507919    14.293451547     1.000000000
     4.323507919    14.293451547     1.000000000
     4.335830445    14.239928544     1.000000000
     4.348152971    14.183890987     1.000000000
     4.360475498    14.125764080     1.000000000
     4.372798024    14.065968841     1.000000000
     4.385120551    14.004918180     1.000000000
     4.397443077    13.943016212     1.000000000
     4.409765603    13.880659415     1.000000000
     4.422088130    13.818238414     1.000000000
     4.434410656    13.756139497     1.000000000
     4.446733182    13.694745178     1.000000000
     4.459055709    13.634433299     1.000000000
     4.471378235    13.575574337     1.000000000
     4.483700761    13.518526695     1.000000000
     4.496023288    13.463630017     1.000000000
     4.508345814    13.411196790     1.000000000
     4.520668340    13.361502867     1.000000000
     4.532990867    13.314777840     1.000000000
     4.545313393    13.271196465     1.000000000
     4.557635920    13.230872357     1.000000000
     4.569958446    13.193854995     1.000000000
     4.582280972    13.160130629     1.000000000
     4.594603499    13.129627037     1.000000000
     4.606926025    13.102221534     1.000000000
     4.619248551    13.077751147     1.000000000
     4.631571078    13.056023747     1.000000000
     4.643893604    13.036828960     1.000000000
     4.656216130    13.019947980     1.000000000
     4.668538657    13.005161748     1.000000000
     4.680861183    12.992257278     1.000000000
     4.693183709    12.981032179     1.000000000
     4.705506236    12.971297584     1.000000000
     4.717828762    12.962879779     1.000000000
     4.730151288    12.955620820     1.000000000
     4.742473815    12.949378439     1.000000000
     4.754796341    12.944025464     1.000000000
     4.767118868    12.939448936     1.000000000
     4.779441394    12.935549073     1.000000000
     4.791763920    12.932238181     1.000000000
     4.804086447    12.929439568     1.000000000
     4.816408973    12.927086527     1.000000000
     4.828731499    12.925121386     1.000000000
     4.841054026    12.923494677     1.000000000
     4.853376552    12.922164385     1.000000000
     4.865699078    12.921095314     1.000000000
     4.878021605    12.920258550     1.000000000
     4.890344131    12.919631016     1.000000000
     4.902666657    12.919195120     1.000000000
     4.914989184    12.918938482     1.000000000
     4.927311710    12.918853750     1.000000000
     4.927311710    12.918853750     1.000000000
     4.940142544    12.918614572     1.000000000
     4.952973377    12.917880298     1.000000000
     4.965804211    12.916601356     1.000000000
     4.978635044    12.914697122     1.000000000
     4.991465877    12.912058882     1.000000000
     5.004296711    12.908553883     1.000000000
     5.017127544    12.904030416     1.000000000
     5.029958378    12.898323830     1.000000000
     5.042789211    12.891263359     1.000000000
     5.055620045    12.882679604     1.000000000
     5.068450878    12.872412445     1.000000000
     5.081281712    12.860319081     1.000000000
     5.094112545    12.846281801     1.000000000
     5.106943379    12.830215014     1.000000000
     5.119774212    12.812071034     1.000000000
     5.132605046    12.791844133     1.000000000
     5.145435879    12.769572488     1.000000000
     5.158266713    12.745337851     1.000000000
     5.171097546    12.719262960     1.000000000
     5.183928380    12.691506961     1.000000000
     5.196759213    12.662259287     1.000000000
     5.209590047    12.631732527     1.000000000
     5.222420880    12.600154841     1.000000000
     5.235251713    12.567762425     1.000000000
     5.248082547    12.534792418     1.000000000
     5.260913380    12.501476530     1.000000000
     5.273744214    12.468035564     1.000000000
     5.286575047    12.434674900     1.000000000
     5.299405881    12.401580972     1.000000000
     5.312236714    12.368918695     1.000000000
     5.325067548    12.336829798     1.000000000
     5.337898381    12.305432003     1.000000000
     5.350729215    12.274818957     1.000000000
     5.363560048    12.245060841     1.000000000
     5.376390882    12.216205570     1.000000000
     5.389221715    12.188280480     1.000000000
     5.402052549    12.161294398     1.000000000
     5.414883382    12.135240008     1.000000000
     5.427714216    12.110096406     1.000000000
     5.440545049    12.085831772     1.000000000
     5.453375882    12.062406069     1.000000000
     5.466206716    12.039773750     1.000000000
     5.479037549    12.017886471     1.000000000
     5.491868383    11.996695948     1.000000000
     5.504699216    11.976157483     1.000000000
     5.517530050    11.956236158     1.000000000
     5.530360883    11.936925689     1.000000000
     5.543191717    11.918365580     1.000000000
     5.556022550    11.904415572     1.000000000
  
     0.000000000    11.904477850     1.000000000
     0.012322526    11.904597125     1.000000000
     0.024645053    11.904956380     1.000000000
     0.036967579    11.905559845     1.000000000
     0.049290105    11.906414375     1.000000000
     0.061612632    11.907529170     1.000000000
     0.073935158    11.908915406     1.000000000
     0.086257684    11.910585800     1.000000000
     0.098580211    11.912554120     1.000000000
     0.110902737    11.914834677     1.000000000
     0.123225264    11.917441806     1.000000000
     0.135547790    11.920389361     1.000000000
     0.147870316    11.923690228     1.000000000
     0.160192843    11.927355869     1.000000000
     0.172515369    11.931395910     1.000000000
     0.184837895    11.935817756     1.000000000
     0.197160422    11.940626250     1.000000000
     0.209482948    11.945823358     1.000000000
     0.221805474    11.951407887     1.000000000
     0.234128001    11.957375220     1.000000000
     0.246450527    11.963717064     1.000000000
     0.258773053    11.970421202     1.000000000
     0.271095580    11.977471239     1.000000000
     0.283418106    11.984846323     1.000000000
     0.295740632    11.992520832     1.000000000
     0.308063159    12.000463990     1.000000000
     0.320385685    12.008639395     1.000000000
     0.332708212    12.017004369     1.000000000
     0.345030738    12.025509075     1.000000000
     0.357353264    12.034095213     1.000000000
     0.369675791    12.042694024     1.000000000
     0.381998317    12.051223074     1.000000000
     0.394320843    12.065578505     1.000000000
     0.406643370    12.120547710     1.000000000
     0.418965896    12.179189964     1.000000000
     0.431288422    12.240578574     1.000000000
     0.443610949    12.222215721     1.000000000
     0.455933475    12.201156065     1.000000000
     0.468256001    12.181311481     1.000000000
     0.480578528    12.165370199     1.000000000
     0.492901054    12.155821241     1.000000000
     0.505223581    12.151901817     1.000000000
     0.517546107    12.150896064     1.000000000
     0.529868633    12.150804824     1.000000000
     0.542191160    12.150547533     1.000000000
     0.554513686    12.149523902     1.000000000
     0.566836212    12.147355040     1.000000000
     0.579158739    12.143768763     1.000000000
     0.591481265    12.138550163     1.000000000
     0.603803791    12.131520354     1.000000000
     0.603803791    12.131520354     1.000000000
     0.616634625    12.133444425     1.000000000
     0.629465458    12.139148466     1.000000000
     0.642296292    12.148439735     1.000000000
     0.655127125    12.161031183     1.000000000
     0.667957959    12.176579017     1.000000000
     0.680788792    12.194716717     1.000000000
     0.693619626    12.215079555     1.000000000
     0.706450459    12.237318852     1.000000000
     0.719281293    12.261108101     1.000000000
     0.732112126    12.286143919     1.000000000
     0.744942960    12.312144281     1.000000000
     0.757773793    12.338845779     1.000000000
     0.770604626    12.366000933     1.000000000
     0.783435460    12.393376096     1.000000000
     0.796266293    12.420750229     1.000000000
     0.809097127    12.447914626     1.000000000
     0.821927960    12.474673576     1.000000000
     0.834758794    12.500845857     1.000000000
     0.847589627    12.526266871     1.000000000
     0.860420461    12.550791184     1.000000000
     0.873251294    12.574295108     1.000000000
     0.886082128    12.596678996     1.000000000
     0.898912961    12.617868840     1.000000000
     0.911743795    12.637816905     1.000000000
     0.924574628    12.656501205     1.000000000
     0.937405462    12.673923782     1.000000000
     0.950236295    12.690107945     1.000000000
     0.963067129    12.705094699     1.000000000
     0.975897962    12.718938705     1.000000000
     0.988728796    12.731704090     1.000000000
     1.001559629    12.743460409     1.000000000
     1.014390462    12.754278972     1.000000000
     1.027221296    12.764229676     1.000000000
     1.040052129    12.773378422     1.000000000
     1.052882963    12.781785125     1.000000000
     1.065713796    12.789502312     1.000000000
     1.078544630    12.796574259     1.000000000
     1.091375463    12.803036630     1.000000000
     1.104206297    12.808916549     1.000000000
     1.117037130    12.814233062     1.000000000
     1.129867964    12.818997916     1.000000000
     1.142698797    12.823216595     1.000000000
     1.155529631    12.826889532     1.000000000
     1.168360464    12.830013437     1.000000000
     1.181191298    12.832582649     1.000000000
     1.194022131    12.834590446     1.000000000
     1.206852965    12.836030228     1.000000000
     1.219683798    12.836896511     1.000000000
     1.232514631    12.837185690     1.000000000
     1.232514631    12.837185690     1.000000000
     1.244837158    12.849413171     1.000000000
     1.257159684    12.860403946     1.000000000
     1.269482211    12.870206611     1.000000000
     1.281804737    12.878826038     1.000000000
     1.294127263    12.886219981     1.000000000
     1.306449790    12.892297337     1.000000000
     1.318772316    12.896918676     1.000000000
     1.331094842    12.899900065     1.000000000
     1.343417369    12.901021510     1.000000000
     1.355739895    12.900041292     1.000000000
     1.368062421    12.896716875     1.000000000
     1.380384948    12.890831552     1.000000000
     1.392707474    12.882223849     1.000000000
     1.405030000    12.870814554     1.000000000
     1.417352527    12.856625357     1.000000000
     1.429675053    12.839784482     1.000000000
     1.441997580    12.820518139     1.000000000
     1.454320106    12.799130576     1.000000000
     1.466642632    12.775978048     1.000000000
     1.478965159    12.751442334     1.000000000
     1.491287685    12.725907869     1.000000000
     1.503610211    12.699744439     1.000000000
     1.515932738    12.673295603     1.000000000
     1.528255264    12.646871942     1.000000000
     1.540577790    12.620747934     1.000000000
     1.552900317    12.595161268     1.000000000
     1.565222843    12.570313688     1.000000000
     1.577545369    12.546372730     1.000000000
     1.589867896    12.523473941     1.000000000
     1.602190422    12.501723343     1.000000000
     1.614512948    12.481200013     1.000000000
     1.626835475    12.461958719     1.000000000
     1.639158001    12.444032581     1.000000000
     1.651480528    12.427435744     1.000000000
     1.663803054    12.412166042     1.000000000
     1.676125580    12.398207644     1.000000000
     1.688448107    12.385533639     1.000000000
     1.700770633    12.374108554     1.000000000
     1.713093159    12.363890750     1.000000000
     1.725415686    12.354834677     1.000000000
     1.737738212    12.346892965     1.000000000
     1.750060738    12.340018309     1.000000000
     1.762383265    12.334165159     1.000000000
     1.774705791    12.329291187     1.000000000
     1.787028317    12.325358542     1.000000000
     1.799350844    12.322334886     1.000000000
     1.811673370    12.320194228     1.000000000
     1.823995896    12.318917561     1.000000000
     1.836318423    12.318493301     1.000000000
     1.836318423    12.318493301     1.000000000
     1.849149256    12.318699860     1.000000000
     1.861980090    12.319313981     1.000000000
     1.874810923    12.320319155     1.000000000
     1.887641757    12.321688336     1.000000000
     1.900472590    12.323384563     1.000000000
     1.913303424    12.325361687     1.000000000
     1.926134257    12.327565059     1.000000000
     1.938965091    12.329931959     1.000000000
     1.951795924    12.332391485     1.000000000
     1.964626758    12.334863419     1.000000000
     1.977457591    12.337255292     1.000000000
     1.990288424    12.339456145     1.000000000
     2.003119258    12.341323941     1.000000000
     2.015950091    12.342659848     1.000000000
     2.028780925    12.343153221     1.000000000
     2.041611758    12.342255121     1.000000000
     2.054442592    12.338864146     1.000000000
     2.067273425    12.330525318     1.000000000
     2.080104259    12.311916478     1.000000000
     2.092935092    12.276197748     1.000000000
     2.105765926    12.224629578     1.000000000
     2.118596759    12.165549369     1.000000000
     2.131427593    12.104840564     1.000000000
     2.144258426    12.045348183     1.000000000
     2.157089260    11.988530541     1.000000000
     2.169920093    11.935246000     1.000000000
     2.182750927    11.886039429     1.000000000
     2.195581760    11.841243895     1.000000000
     2.208412594    11.801018888     1.000000000
     2.221243427    11.765371028     1.000000000
     2.234074260    11.734174940     1.000000000
     2.246905094    11.707199218     1.000000000
     2.259735927    11.684136105     1.000000000
     2.272566761    11.664631115     1.000000000
     2.285397594    11.648309019     1.000000000
     2.298228428    11.639770602     1.000000000
     2.311059261    11.645725012     1.000000000
     2.323890095    11.651305586     1.000000000
     2.336720928    11.656488030     1.000000000
     2.349551762    11.661249597     1.000000000
     2.362382595    11.665569232     1.000000000
     2.375213429    11.669427704     1.000000000
     2.388044262    11.672807737     1.000000000
     2.400875096    11.675694121     1.000000000
     2.413705929    11.678073810     1.000000000
     2.426536763    11.679936011     1.000000000
     2.439367596    11.681272252     1.000000000
     2.452198429    11.682076445     1.000000000
     2.465029263    11.682344918     1.000000000
     2.465029263    11.904477850     1.000000000
     2.477804039    11.905703520     1.000000000
     2.490578815    11.909389446     1.000000000
     2.503353591    11.915562340     1.000000000
     2.516128367    11.924266622     1.000000000
     2.528903143    11.935564228     1.000000000
     2.541677919    11.949534304     1.000000000
     2.554452695    11.966272702     1.000000000
     2.567227471    11.985891219     1.000000000
     2.580002247    12.008516479     1.000000000
     2.592777023    12.034288362     1.000000000
     2.605551799    12.063357841     1.000000000
     2.618326575    12.095884140     1.000000000
     2.631101351    12.132031097     1.000000000
     2.643876127    12.171962684     1.000000000
     2.656650903    12.215837700     1.000000000
     2.669425679    12.263803736     1.000000000
     2.682200455    12.315990616     1.000000000
     2.694975231    12.372503681     1.000000000
     2.707750007    12.406209297     1.000000000
     2.720524783    12.407523338     1.000000000
     2.733299559    12.407944541     1.000000000
     2.746074335    12.407383336     1.000000000
     2.758849111    12.405756187     1.000000000
     2.771623887    12.402986351     1.000000000
     2.784398663    12.399004557     1.000000000
     2.797173439    12.393749584     1.000000000
     2.809948215    12.387168728     1.000000000
     2.822722991    12.383623262     1.000000000
     2.835497767    12.389922812     1.000000000
     2.848272543    12.385968147     1.000000000
     2.861047319    12.374298939     1.000000000
     2.873822095    12.357385492     1.000000000
     2.886596871    12.336972056     1.000000000
     2.899371647    12.314165877     1.000000000
     2.912146423    12.289661952     1.000000000
     2.924921199    12.264029689     1.000000000
     2.937695975    12.243253531     1.000000000
     2.950470751    12.221145349     1.000000000
     2.963245527    12.197747650     1.000000000
     2.976020303    12.173107392     1.000000000
     2.988795079    12.147275225     1.000000000
     3.001569855    12.120304727     1.000000000
     3.014344631    12.092251655     1.000000000
     3.027119407    12.063173207     1.000000000
     3.039894183    12.033127312     1.000000000
     3.052668959    12.002171938     1.000000000
     3.065443735    11.970364441     1.000000000
     3.078218511    11.937760925     1.000000000
     3.090993287    11.904415650     1.000000000
     3.090993287    11.904415650     1.000000000
     3.103315814    11.904559159     1.000000000
     3.115638340    11.904988787     1.000000000
     3.127960866    11.905701810     1.000000000
     3.140283393    11.906693686     1.000000000
     3.152605919    11.910119648     1.000000000
     3.164928445    11.917284911     1.000000000
     3.177250972    11.925795871     1.000000000
     3.189573498    11.935672377     1.000000000
     3.201896024    11.946936078     1.000000000
     3.214218551    11.959609864     1.000000000
     3.226541077    11.973717234     1.000000000
     3.238863604    11.989281571     1.000000000
     3.251186130    12.006325345     1.000000000
     3.263508656    12.024869224     1.000000000
     3.275831183    12.044931126     1.000000000
     3.288153709    12.066525207     1.000000000
     3.300476235    12.089660802     1.000000000
     3.312798762    12.114341359     1.000000000
     3.325121288    12.140563393     1.000000000
     3.337443814    12.168315499     1.000000000
     3.349766341    12.197577481     1.000000000
     3.362088867    12.228319653     1.000000000
     3.374411393    12.260502380     1.000000000
     3.386733920    12.294075895     1.000000000
     3.399056446    12.328980477     1.000000000
     3.411378972    12.365146988     1.000000000
     3.423701499    12.402497818     1.000000000
     3.436024025    12.440948206     1.000000000
     3.448346552    12.480407905     1.000000000
     3.460669078    12.520783119     1.000000000
     3.472991604    12.561978625     1.000000000
     3.485314131    12.603899968     1.000000000
     3.497636657    12.646455603     1.000000000
     3.509959183    12.689558874     1.000000000
     3.522281710    12.733129724     1.000000000
     3.534604236    12.777096055     1.000000000
     3.546926762    12.821394667     1.000000000
     3.559249289    12.865971771     1.000000000
     3.571571815    12.910783062     1.000000000
     3.583894341    12.955793386     1.000000000
     3.596216868    13.000976064     1.000000000
     3.608539394    13.046311919     1.000000000
     3.620861921    13.091788104     1.000000000
     3.633184447    13.137396804     1.000000000
     3.645506973    13.183133878     1.000000000
     3.657829500    13.228997529     1.000000000
     3.670152026    13.274987045     1.000000000
     3.682474552    13.321101663     1.000000000
     3.694797079    13.367339459     1.000000000
     3.694797079    13.367339459     1.000000000
     3.707627912    13.361004420     1.000000000
     3.720458746    13.356120925     1.000000000
     3.733289579    13.352664993     1.000000000
     3.746120413    13.350613148     1.000000000
     3.758951246    13.349942586     1.000000000
     3.771782079    13.350631211     1.000000000
     3.784612913    13.352657594     1.000000000
     3.797443746    13.356000873     1.000000000
     3.810274580    13.360640605     1.000000000
     3.823105413    13.366556577     1.000000000
     3.835936247    13.373728588     1.000000000
     3.848767080    13.382136222     1.000000000
     3.861597914    13.391758622     1.000000000
     3.874428747    13.402574263     1.000000000
     3.887259581    13.414560758     1.000000000
     3.900090414    13.427694686     1.000000000
     3.912921248    13.441951459     1.000000000
     3.925752081    13.457305229     1.000000000
     3.938582915    13.473728835     1.000000000
     3.951413748    13.491193800     1.000000000
     3.964244582    13.509670367     1.000000000
     3.977075415    13.529127566     1.000000000
     3.989906249    13.549533331     1.000000000
     4.002737082    13.570854627     1.000000000
     4.015567915    13.593057606     1.000000000
     4.028398749    13.616107772     1.000000000
     4.041229582    13.639970148     1.000000000
     4.054060416    13.664609441     1.000000000
     4.066891249    13.689990182     1.000000000
     4.079722083    13.716076853     1.000000000
     4.092552916    13.742833973     1.000000000
     4.105383750    13.770226142     1.000000000
     4.118214583    13.798218036     1.000000000
     4.131045417    13.826774326     1.000000000
     4.143876250    13.855859539     1.000000000
     4.156707084    13.885437813     1.000000000
     4.169537917    13.915472561     1.000000000
     4.182368751    13.945926003     1.000000000
     4.195199584    13.976758558     1.000000000
     4.208030418    14.007928056     1.000000000
     4.220861251    14.039388735     1.000000000
     4.233692084    14.071089972     1.000000000
     4.246522918    14.102974663     1.000000000
     4.259353751    14.134977174     1.000000000
     4.272184585    14.167020693     1.000000000
     4.285015418    14.199013806     1.000000000
     4.297846252    14.230845989     1.000000000
     4.310677085    14.262381621     1.000000000
     4.323507919    14.293451697     1.000000000
     4.323507919    14.293451697     1.000000000
     4.335830445    14.239928666     1.000000000
     4.348152971    14.183891110     1.000000000
     4.360475498    14.125764205     1.000000000
     4.372798024    14.065968967     1.000000000
     4.385120551    14.004918305     1.000000000
     4.397443077    13.943016338     1.000000000
     4.409765603    13.880659540     1.000000000
     4.422088130    13.818238539     1.000000000
     4.434410656    13.756139623     1.000000000
     4.446733182    13.694745304     1.000000000
     4.459055709    13.634433425     1.000000000
     4.471378235    13.575574464     1.000000000
     4.483700761    13.518526823     1.000000000
     4.496023288    13.463630145     1.000000000
     4.508345814    13.411196919     1.000000000
     4.520668340    13.361502996     1.000000000
     4.532990867    13.314777969     1.000000000
     4.545313393    13.271196595     1.000000000
     4.557635920    13.230872486     1.000000000
     4.569958446    13.193855124     1.000000000
     4.582280972    13.160130757     1.000000000
     4.594603499    13.129627165     1.000000000
     4.606926025    13.102221660     1.000000000
     4.619248551    13.077751273     1.000000000
     4.631571078    13.056023872     1.000000000
     4.643893604    13.036829084     1.000000000
     4.656216130    13.019948103     1.000000000
     4.668538657    13.005161869     1.000000000
     4.680861183    12.992257397     1.000000000
     4.693183709    12.981032296     1.000000000
     4.705506236    12.971297700     1.000000000
     4.717828762    12.962879893     1.000000000
     4.730151288    12.955620931     1.000000000
     4.742473815    12.949378548     1.000000000
     4.754796341    12.944025570     1.000000000
     4.767118868    12.939449039     1.000000000
     4.779441394    12.935549174     1.000000000
     4.791763920    12.932238278     1.000000000
     4.804086447    12.929439662     1.000000000
     4.816408973    12.927086617     1.000000000
     4.828731499    12.925121473     1.000000000
     4.841054026    12.923494760     1.000000000
     4.853376552    12.922164464     1.000000000
     4.865699078    12.921095389     1.000000000
     4.878021605    12.920258621     1.000000000
     4.890344131    12.919631083     1.000000000
     4.902666657    12.919195182     1.000000000
     4.914989184    12.918938540     1.000000000
     4.927311710    12.918853803     1.000000000
     4.927311710    12.918853803     1.000000000
     4.940142544    12.918614621     1.000000000
     4.952973377    12.917880345     1.000000000
     4.965804211    12.916601400     1.000000000
     4.978635044    12.914697166     1.000000000
     4.991465877    12.912058927     1.000000000
     5.004296711    12.908553929     1.000000000
     5.017127544    12.904030464     1.000000000
     5.029958378    12.898323881     1.000000000
     5.042789211    12.891263413     1.000000000
     5.055620045    12.882679661     1.000000000
     5.068450878    12.872412506     1.000000000
     5.081281712    12.860319145     1.000000000
     5.094112545    12.846281867     1.000000000
     5.106943379    12.830215082     1.000000000
     5.119774212    12.812071104     1.000000000
     5.132605046    12.791844204     1.000000000
     5.145435879    12.769572560     1.000000000
     5.158266713    12.745337924     1.000000000
     5.171097546    12.719263033     1.000000000
     5.183928380    12.691507033     1.000000000
     5.196759213    12.662259359     1.000000000
     5.209590047    12.631732599     1.000000000
     5.222420880    12.600154913     1.000000000
     5.235251713    12.567762497     1.000000000
     5.248082547    12.534792490     1.000000000
     5.260913380    12.501476602     1.000000000
     5.273744214    12.468035636     1.000000000
     5.286575047    12.434674973     1.000000000
     5.299405881    12.401581046     1.000000000
     5.312236714    12.368918769     1.000000000
     5.325067548    12.336829873     1.000000000
     5.337898381    12.305432079     1.000000000
     5.350729215    12.274819033     1.000000000
     5.363560048    12.245060918     1.000000000
     5.376390882    12.216205648     1.000000000
     5.389221715    12.188280558     1.000000000
     5.402052549    12.161294476     1.000000000
     5.414883382    12.135240086     1.000000000
     5.427714216    12.110096485     1.000000000
     5.440545049    12.085831851     1.000000000
     5.453375882    12.062406147     1.000000000
     5.466206716    12.039773828     1.000000000
     5.479037549    12.017886549     1.000000000
     5.491868383    11.996696026     1.000000000
     5.504699216    11.976157560     1.000000000
     5.517530050    11.956236234     1.000000000
     5.530360883    11.936925763     1.000000000
     5.543191717    11.918365653     1.000000000
     5.556022550    11.904415650     1.000000000
  
     0.000000000    12.342635786     1.000000000
     0.012322526    12.342891790     1.000000000
     0.024645053    12.343654824     1.000000000
     0.036967579    12.344910019     1.000000000
     0.049290105    12.346632834     1.000000000
     0.061612632    12.348789395     1.000000000
     0.073935158    12.351336953     1.000000000
     0.086257684    12.354224436     1.000000000
     0.098580211    12.357393070     1.000000000
     0.110902737    12.360777055     1.000000000
     0.123225264    12.364304265     1.000000000
     0.135547790    12.367896964     1.000000000
     0.147870316    12.371472532     1.000000000
     0.160192843    12.374944163     1.000000000
     0.172515369    12.378221576     1.000000000
     0.184837895    12.381211685     1.000000000
     0.197160422    12.383819281     1.000000000
     0.209482948    12.385947685     1.000000000
     0.221805474    12.387499405     1.000000000
     0.234128001    12.388376795     1.000000000
     0.246450527    12.388482715     1.000000000
     0.258773053    12.387721214     1.000000000
     0.271095580    12.385998225     1.000000000
     0.283418106    12.383222304     1.000000000
     0.295740632    12.379305404     1.000000000
     0.308063159    12.374163723     1.000000000
     0.320385685    12.367718637     1.000000000
     0.332708212    12.359897789     1.000000000
     0.345030738    12.350636394     1.000000000
     0.357353264    12.339878927     1.000000000
     0.369675791    12.327581467     1.000000000
     0.381998317    12.313715198     1.000000000
     0.394320843    12.298272110     1.000000000
     0.406643370    12.281275016     1.000000000
     0.418965896    12.262796559     1.000000000
     0.431288422    12.242998170     1.000000000
     0.443610949    12.303799245     1.000000000
     0.455933475    12.368043448     1.000000000
     0.468256001    12.432650381     1.000000000
     0.480578528    12.497113170     1.000000000
     0.492901054    12.561066355     1.000000000
     0.505223581    12.624265791     1.000000000
     0.517546107    12.686566517     1.000000000
     0.529868633    12.747900937     1.000000000
     0.542191160    12.808258346     1.000000000
     0.554513686    12.867666416     1.000000000
     0.566836212    12.926175157     1.000000000
     0.579158739    12.983843751     1.000000000
     0.591481265    13.040730453     1.000000000
     0.603803791    13.096885486     1.000000000
     0.603803791    13.096885486     1.000000000
     0.616634625    13.097200885     1.000000000
     0.629465458    13.098148458     1.000000000
     0.642296292    13.099732375     1.000000000
     0.655127125    13.101959680     1.000000000
     0.667957959    13.104840412     1.000000000
     0.680788792    13.108387778     1.000000000
     0.693619626    13.112618332     1.000000000
     0.706450459    13.117552167     1.000000000
     0.719281293    13.123213063     1.000000000
     0.732112126    13.129628572     1.000000000
     0.744942960    13.136829975     1.000000000
     0.757773793    13.144852058     1.000000000
     0.770604626    13.153732630     1.000000000
     0.783435460    13.163511713     1.000000000
     0.796266293    13.174230326     1.000000000
     0.809097127    13.185928804     1.000000000
     0.821927960    13.198644637     1.000000000
     0.834758794    13.212409844     1.000000000
     0.847589627    13.227247992     1.000000000
     0.860420461    13.243171038     1.000000000
     0.873251294    13.260176248     1.000000000
     0.886082128    13.278243509     1.000000000
     0.898912961    13.297333351     1.000000000
     0.911743795    13.317385920     1.000000000
     0.924574628    13.338321069     1.000000000
     0.937405462    13.360039551     1.000000000
     0.950236295    13.382425173     1.000000000
     0.963067129    13.405347637     1.000000000
     0.975897962    13.428665745     1.000000000
     0.988728796    13.452230645     1.000000000
     1.001559629    13.475888843     1.000000000
     1.014390462    13.499484777     1.000000000
     1.027221296    13.522862862     1.000000000
     1.040052129    13.545868955     1.000000000
     1.052882963    13.568351286     1.000000000
     1.065713796    13.590160910     1.000000000
     1.078544630    13.611151791     1.000000000
     1.091375463    13.631180630     1.000000000
     1.104206297    13.650106572     1.000000000
     1.117037130    13.667790950     1.000000000
     1.129867964    13.684097249     1.000000000
     1.142698797    13.698891489     1.000000000
     1.155529631    13.712043246     1.000000000
     1.168360464    13.723427515     1.000000000
     1.181191298    13.732927508     1.000000000
     1.194022131    13.740438403     1.000000000
     1.206852965    13.745871752     1.000000000
     1.219683798    13.749160086     1.000000000
     1.232514631    13.750261013     1.000000000
     1.232514631    13.750261013     1.000000000
     1.244837158    13.714604464     1.000000000
     1.257159684    13.668871288     1.000000000
     1.269482211    13.614963522     1.000000000
     1.281804737    13.555029352     1.000000000
     1.294127263    13.491100222     1.000000000
     1.306449790    13.424981158     1.000000000
     1.318772316    13.358283100     1.000000000
     1.331094842    13.292497200     1.000000000
     1.343417369    13.229059629     1.000000000
     1.355739895    13.169385579     1.000000000
     1.368062421    13.114863997     1.000000000
     1.380384948    13.066810600     1.000000000
     1.392707474    13.026381749     1.000000000
     1.405030000    12.994458683     1.000000000
     1.417352527    12.971525453     1.000000000
     1.429675053    12.957584466     1.000000000
     1.441997580    12.952159150     1.000000000
     1.454320106    12.954398510     1.000000000
     1.466642632    12.963242573     1.000000000
     1.478965159    12.977583066     1.000000000
     1.491287685    12.996375596     1.000000000
     1.503610211    13.018695924     1.000000000
     1.515932738    13.043754764     1.000000000
     1.528255264    13.070889400     1.000000000
     1.540577790    13.099545759     1.000000000
     1.552900317    13.129258705     1.000000000
     1.565222843    13.159634152     1.000000000
     1.577545369    13.190334213     1.000000000
     1.589867896    13.221065463     1.000000000
     1.602190422    13.251569948     1.000000000
     1.614512948    13.281618454     1.000000000
     1.626835475    13.311005547     1.000000000
     1.639158001    13.339546001     1.000000000
     1.651480528    13.367072251     1.000000000
     1.663803054    13.393432605     1.000000000
     1.676125580    13.418490005     1.000000000
     1.688448107    13.442121130     1.000000000
     1.700770633    13.464215716     1.000000000
     1.713093159    13.484675982     1.000000000
     1.725415686    13.503416064     1.000000000
     1.737738212    13.520361428     1.000000000
     1.750060738    13.535448220     1.000000000
     1.762383265    13.548622563     1.000000000
     1.774705791    13.559839807     1.000000000
     1.787028317    13.569063776     1.000000000
     1.799350844    13.576266038     1.000000000
     1.811673370    13.581425246     1.000000000
     1.823995896    13.584526577     1.000000000
     1.836318423    13.585561312     1.000000000
     1.836318423    13.585561312     1.000000000
     1.849149256    13.578964850     1.000000000
     1.861980090    13.559617126     1.000000000
     1.874810923    13.528696014     1.000000000
     1.887641757    13.487779015     1.000000000
     1.900472590    13.438515180     1.000000000
     1.913303424    13.382421151     1.000000000
     1.926134257    13.320802404     1.000000000
     1.938965091    13.254751836     1.000000000
     1.951795924    13.185182046     1.000000000
     1.964626758    13.112866396     1.000000000
     1.977457591    13.038478710     1.000000000
     1.990288424    12.962629911     1.000000000
     2.003119258    12.885904678     1.000000000
     2.015950091    12.808905988     1.000000000
     2.028780925    12.732324945     1.000000000
     2.041611758    12.657079030     1.000000000
     2.054442592    12.584635738     1.000000000
     2.067273425    12.517821246     1.000000000
     2.080104259    12.462339787     1.000000000
     2.092935092    12.425427947     1.000000000
     2.105765926    12.406237846     1.000000000
     2.118596759    12.396858373     1.000000000
     2.131427593    12.391839518     1.000000000
     2.144258426    12.388764893     1.000000000
     2.157089260    12.386582232     1.000000000
     2.169920093    12.384793804     1.000000000
     2.182750927    12.383144566     1.000000000
     2.195581760    12.381496788     1.000000000
     2.208412594    12.379775027     1.000000000
     2.221243427    12.377939810     1.000000000
     2.234074260    12.375974072     1.000000000
     2.246905094    12.373875681     1.000000000
     2.259735927    12.371653073     1.000000000
     2.272566761    12.369322552     1.000000000
     2.285397594    12.366906507     1.000000000
     2.298228428    12.364432139     1.000000000
     2.311059261    12.361930478     1.000000000
     2.323890095    12.359435533     1.000000000
     2.336720928    12.356983496     1.000000000
     2.349551762    12.354611946     1.000000000
     2.362382595    12.352359009     1.000000000
     2.375213429    12.350262478     1.000000000
     2.388044262    12.348358879     1.000000000
     2.400875096    12.346682507     1.000000000
     2.413705929    12.345264457     1.000000000
     2.426536763    12.344131696     1.000000000
     2.439367596    12.343306199     1.000000000
     2.452198429    12.342804232     1.000000000
     2.465029263    12.342635786     1.000000000
     2.465029263    12.342635786     1.000000000
     2.477804039    12.342964285     1.000000000
     2.490578815    12.343943851     1.000000000
     2.503353591    12.345556771     1.000000000
     2.516128367    12.347773802     1.000000000
     2.528903143    12.350554585     1.000000000
     2.541677919    12.353848192     1.000000000
     2.554452695    12.357593822     1.000000000
     2.567227471    12.361721592     1.000000000
     2.580002247    12.366153431     1.000000000
     2.592777023    12.370804046     1.000000000
     2.605551799    12.375581935     1.000000000
     2.618326575    12.380390451     1.000000000
     2.631101351    12.385128876     1.000000000
     2.643876127    12.389693517     1.000000000
     2.656650903    12.393978798     1.000000000
     2.669425679    12.397878345     1.000000000
     2.682200455    12.401286063     1.000000000
     2.694975231    12.404097184     1.000000000
     2.707750007    12.433417302     1.000000000
     2.720524783    12.498769159     1.000000000
     2.733299559    12.568555740     1.000000000
     2.746074335    12.642729473     1.000000000
     2.758849111    12.665859815     1.000000000
     2.771623887    12.650688181     1.000000000
     2.784398663    12.637794827     1.000000000
     2.797173439    12.628931110     1.000000000
     2.809948215    12.626690676     1.000000000
     2.822722991    12.634037057     1.000000000
     2.835497767    12.652649300     1.000000000
     2.848272543    12.681582678     1.000000000
     2.861047319    12.718240239     1.000000000
     2.873822095    12.760095658     1.000000000
     2.886596871    12.805350279     1.000000000
     2.899371647    12.852844449     1.000000000
     2.912146423    12.901833163     1.000000000
     2.924921199    12.951819640     1.000000000
     2.937695975    13.002454951     1.000000000
     2.950470751    13.053480400     1.000000000
     2.963245527    13.104694395     1.000000000
     2.976020303    13.155933033     1.000000000
     2.988795079    13.207058430     1.000000000
     3.001569855    13.257951519     1.000000000
     3.014344631    13.308507504     1.000000000
     3.027119407    13.358632914     1.000000000
     3.039894183    13.408243662     1.000000000
     3.052668959    13.457263720     1.000000000
     3.065443735    13.505624203     1.000000000
     3.078218511    13.553262710     1.000000000
     3.090993287    13.600122828     1.000000000
     3.090993287    13.600122828     1.000000000
     3.103315814    13.600778311     1.000000000
     3.115638340    13.602744514     1.000000000
     3.127960866    13.606020714     1.000000000
     3.140283393    13.610605739     1.000000000
     3.152605919    13.616498019     1.000000000
     3.164928445    13.623695651     1.000000000
     3.177250972    13.632196481     1.000000000
     3.189573498    13.641998195     1.000000000
     3.201896024    13.653098417     1.000000000
     3.214218551    13.665494805     1.000000000
     3.226541077    13.679185146     1.000000000
     3.238863604    13.694167435     1.000000000
     3.251186130    13.710439939     1.000000000
     3.263508656    13.728001230     1.000000000
     3.275831183    13.746850188     1.000000000
     3.288153709    13.766985954     1.000000000
     3.300476235    13.788407832     1.000000000
     3.312798762    13.811115137     1.000000000
     3.325121288    13.835106963     1.000000000
     3.337443814    13.860381885     1.000000000
     3.349766341    13.886937570     1.000000000
     3.362088867    13.914770320     1.000000000
     3.374411393    13.943874514     1.000000000
     3.386733920    13.974241987     1.000000000
     3.399056446    14.005861333     1.000000000
     3.411378972    14.038717153     1.000000000
     3.423701499    14.072789272     1.000000000
     3.436024025    14.108051940     1.000000000
     3.448346552    14.144473060     1.000000000
     3.460669078    14.182013462     1.000000000
     3.472991604    14.202008242     1.000000000
     3.485314131    14.157047210     1.000000000
     3.497636657    14.111709393     1.000000000
     3.509959183    14.066040136     1.000000000
     3.522281710    14.020083841     1.000000000
     3.534604236    13.973883784     1.000000000
     3.546926762    13.927481919     1.000000000
     3.559249289    13.880918654     1.000000000
     3.571571815    13.834232612     1.000000000
     3.583894341    13.787460377     1.000000000
     3.596216868    13.740636234     1.000000000
     3.608539394    13.693791897     1.000000000
     3.620861921    13.646956264     1.000000000
     3.633184447    13.600155176     1.000000000
     3.645506973    13.553411222     1.000000000
     3.657829500    13.506743605     1.000000000
     3.670152026    13.460168076     1.000000000
     3.682474552    13.413696974     1.000000000
     3.694797079    13.367339515     1.000000000
     3.694797079    13.367339515     1.000000000
     3.707627912    13.375150571     1.000000000
     3.720458746    13.384462199     1.000000000
     3.733289579    13.395298536     1.000000000
     3.746120413    13.407683039     1.000000000
     3.758951246    13.421637863     1.000000000
     3.771782079    13.437183233     1.000000000
     3.784612913    13.454336746     1.000000000
     3.797443746    13.473112599     1.000000000
     3.810274580    13.493520778     1.000000000
     3.823105413    13.515566199     1.000000000
     3.835936247    13.539247840     1.000000000
     3.848767080    13.564557857     1.000000000
     3.861597914    13.591480727     1.000000000
     3.874428747    13.619992405     1.000000000
     3.887259581    13.650059545     1.000000000
     3.900090414    13.681638763     1.000000000
     3.912921248    13.714675977     1.000000000
     3.925752081    13.749105805     1.000000000
     3.938582915    13.784851035     1.000000000
     3.951413748    13.821822126     1.000000000
     3.964244582    13.859916730     1.000000000
     3.977075415    13.899019174     1.000000000
     3.989906249    13.938999834     1.000000000
     4.002737082    13.979714304     1.000000000
     4.015567915    14.021002208     1.000000000
     4.028398749    14.062685467     1.000000000
     4.041229582    14.104565731     1.000000000
     4.054060416    14.146420575     1.000000000
     4.066891249    14.187997912     1.000000000
     4.079722083    14.229007838     1.000000000
     4.092552916    14.269110897     1.000000000
     4.105383750    14.307901543     1.000000000
     4.118214583    14.344885765     1.000000000
     4.131045417    14.379453159     1.000000000
     4.143876250    14.410847966     1.000000000
     4.156707084    14.438153548     1.000000000
     4.169537917    14.460321976     1.000000000
     4.182368751    14.476294831     1.000000000
     4.195199584    14.485237793     1.000000000
     4.208030418    14.486815384     1.000000000
     4.220861251    14.481330831     1.000000000
     4.233692084    14.469615781     1.000000000
     4.246522918    14.452756685     1.000000000
     4.259353751    14.431839566     1.000000000
     4.272184585    14.407808603     1.000000000
     4.285015418    14.381425992     1.000000000
     4.297846252    14.353285471     1.000000000
     4.310677085    14.323843617     1.000000000
     4.323507919    14.293451769     1.000000000
     4.323507919    14.293451769     1.000000000
     4.335830445    14.344040145     1.000000000
     4.348152971    14.391293872     1.000000000
     4.360475498    14.434854089     1.000000000
     4.372798024    14.474428854     1.000000000
     4.385120551    14.509817712     1.000000000
     4.397443077    14.540929254     1.000000000
     4.409765603    14.567785890     1.000000000
     4.422088130    14.590513677     1.000000000
     4.434410656    14.609319891     1.000000000
     4.446733182    14.624464430     1.000000000
     4.459055709    14.636231778     1.000000000
     4.471378235    14.644908281     1.000000000
     4.483700761    14.650766723     1.000000000
     4.496023288    14.654057888     1.000000000
     4.508345814    14.655007580     1.000000000
     4.520668340    14.653817321     1.000000000
     4.532990867    14.650667129     1.000000000
     4.545313393    14.645719250     1.000000000
     4.557635920    14.639122070     1.000000000
     4.569958446    14.631013779     1.000000000
     4.582280972    14.621525565     1.000000000
     4.594603499    14.610784240     1.000000000
     4.606926025    14.598914293     1.000000000
     4.619248551    14.586039410     1.000000000
     4.631571078    14.572283517     1.000000000
     4.643893604    14.557771405     1.000000000
     4.656216130    14.542629014     1.000000000
     4.668538657    14.526983431     1.000000000
     4.680861183    14.510962662     1.000000000
     4.693183709    14.494695230     1.000000000
     4.705506236    14.478309643     1.000000000
     4.717828762    14.461933766     1.000000000
     4.730151288    14.445694130     1.000000000
     4.742473815    14.429715199     1.000000000
     4.754796341    14.414118621     1.000000000
     4.767118868    14.399022472     1.000000000
     4.779441394    14.384540508     1.000000000
     4.791763920    14.370781433     1.000000000
     4.804086447    14.357848195     1.000000000
     4.816408973    14.345837307     1.000000000
     4.828731499    14.334838207     1.000000000
     4.841054026    14.324932661     1.000000000
     4.853376552    14.316194209     1.000000000
     4.865699078    14.308687659     1.000000000
     4.878021605    14.302468642     1.000000000
     4.890344131    14.297583222     1.000000000
     4.902666657    14.294067572     1.000000000
     4.914989184    14.291947717     1.000000000
     4.927311710    14.291239348     1.000000000
     4.927311710    14.291239348     1.000000000
     4.940142544    14.289333347     1.000000000
     4.952973377    14.283685863     1.000000000
     4.965804211    14.274499009     1.000000000
     4.978635044    14.262081345     1.000000000
     4.991465877    14.246814669     1.000000000
     5.004296711    14.229120929     1.000000000
     5.017127544    14.209434713     1.000000000
     5.029958378    14.188183262     1.000000000
     5.042789211    14.165773296     1.000000000
     5.055620045    14.142582803     1.000000000
     5.068450878    14.118955875     1.000000000
     5.081281712    14.095199169     1.000000000
     5.094112545    14.071579195     1.000000000
     5.106943379    14.048320181     1.000000000
     5.119774212    14.025602631     1.000000000
     5.132605046    14.003562882     1.000000000
     5.145435879    13.982293984     1.000000000
     5.158266713    13.961848111     1.000000000
     5.171097546    13.942240506     1.000000000
     5.183928380    13.923454789     1.000000000
     5.196759213    13.905449227     1.000000000
     5.209590047    13.888163522     1.000000000
     5.222420880    13.871525619     1.000000000
     5.235251713    13.855458116     1.000000000
     5.248082547    13.839883953     1.000000000
     5.260913380    13.824731194     1.000000000
     5.273744214    13.809936810     1.000000000
     5.286575047    13.795449476     1.000000000
     5.299405881    13.781231454     1.000000000
     5.312236714    13.767259668     1.000000000
     5.325067548    13.753526086     1.000000000
     5.337898381    13.740037531     1.000000000
     5.350729215    13.726815026     1.000000000
     5.363560048    13.713892766     1.000000000
     5.376390882    13.701316788     1.000000000
     5.389221715    13.689143416     1.000000000
     5.402052549    13.677437516     1.000000000
     5.414883382    13.666270624     1.000000000
     5.427714216    13.655718962     1.000000000
     5.440545049    13.645861402     1.000000000
     5.453375882    13.636777396     1.000000000
     5.466206716    13.628544913     1.000000000
     5.479037549    13.621238425     1.000000000
     5.491868383    13.614926984     1.000000000
     5.504699216    13.609672422     1.000000000
     5.517530050    13.605527734     1.000000000
     5.530360883    13.602535681     1.000000000
     5.543191717    13.600727653     1.000000000
     5.556022550    13.600122828     1.000000000
  
     0.000000000    13.964809718     1.000000000
     0.012322526    13.964084533     1.000000000
     0.024645053    13.961929040     1.000000000
     0.036967579    13.958401761     1.000000000
     0.049290105    13.953595026     1.000000000
     0.061612632    13.947628216     1.000000000
     0.073935158    13.940640049     1.000000000
     0.086257684    13.932781016     1.000000000
     0.098580211    13.924206765     1.000000000
     0.110902737    13.915072872     1.000000000
     0.123225264    13.905531134     1.000000000
     0.135547790    13.895727238     1.000000000
     0.147870316    13.885799607     1.000000000
     0.160192843    13.875879127     1.000000000
     0.172515369    13.866089535     1.000000000
     0.184837895    13.856548246     1.000000000
     0.197160422    13.847367478     1.000000000
     0.209482948    13.838655558     1.000000000
     0.221805474    13.830518346     1.000000000
     0.234128001    13.823060717     1.000000000
     0.246450527    13.816388081     1.000000000
     0.258773053    13.810607910     1.000000000
     0.271095580    13.805831262     1.000000000
     0.283418106    13.802174264     1.000000000
     0.295740632    13.799759531     1.000000000
     0.308063159    13.798717479     1.000000000
     0.320385685    13.799187448     1.000000000
     0.332708212    13.801318564     1.000000000
     0.345030738    13.805270214     1.000000000
     0.357353264    13.811211976     1.000000000
     0.369675791    13.819322850     1.000000000
     0.381998317    13.829789566     1.000000000
     0.394320843    13.842803788     1.000000000
     0.406643370    13.858558016     1.000000000
     0.418965896    13.848191317     1.000000000
     0.431288422    13.804712803     1.000000000
     0.443610949    13.760083909     1.000000000
     0.455933475    13.714349395     1.000000000
     0.468256001    13.667557576     1.000000000
     0.480578528    13.619759449     1.000000000
     0.492901054    13.571007635     1.000000000
     0.505223581    13.521355129     1.000000000
     0.517546107    13.470853860     1.000000000
     0.529868633    13.419553045     1.000000000
     0.542191160    13.367497365     1.000000000
     0.554513686    13.314724963     1.000000000
     0.566836212    13.261265339     1.000000000
     0.579158739    13.207137240     1.000000000
     0.591481265    13.152346703     1.000000000
     0.603803791    13.096885528     1.000000000
     0.603803791    13.096885528     1.000000000
     0.616634625    13.097200926     1.000000000
     0.629465458    13.098148499     1.000000000
     0.642296292    13.099732417     1.000000000
     0.655127125    13.101959724     1.000000000
     0.667957959    13.104840459     1.000000000
     0.680788792    13.108387829     1.000000000
     0.693619626    13.112618387     1.000000000
     0.706450459    13.117552227     1.000000000
     0.719281293    13.123213128     1.000000000
     0.732112126    13.129628641     1.000000000
     0.744942960    13.136830050     1.000000000
     0.757773793    13.144852137     1.000000000
     0.770604626    13.153732715     1.000000000
     0.783435460    13.163511803     1.000000000
     0.796266293    13.174230421     1.000000000
     0.809097127    13.185928904     1.000000000
     0.821927960    13.198644741     1.000000000
     0.834758794    13.212409953     1.000000000
     0.847589627    13.227248105     1.000000000
     0.860420461    13.243171154     1.000000000
     0.873251294    13.260176367     1.000000000
     0.886082128    13.278243631     1.000000000
     0.898912961    13.297333474     1.000000000
     0.911743795    13.317386044     1.000000000
     0.924574628    13.338321193     1.000000000
     0.937405462    13.360039675     1.000000000
     0.950236295    13.382425297     1.000000000
     0.963067129    13.405347759     1.000000000
     0.975897962    13.428665865     1.000000000
     0.988728796    13.452230763     1.000000000
     1.001559629    13.475888958     1.000000000
     1.014390462    13.499484889     1.000000000
     1.027221296    13.522862971     1.000000000
     1.040052129    13.545869062     1.000000000
     1.052882963    13.568351390     1.000000000
     1.065713796    13.590161010     1.000000000
     1.078544630    13.611151888     1.000000000
     1.091375463    13.631180724     1.000000000
     1.104206297    13.650106662     1.000000000
     1.117037130    13.667791037     1.000000000
     1.129867964    13.684097333     1.000000000
     1.142698797    13.698891569     1.000000000
     1.155529631    13.712043324     1.000000000
     1.168360464    13.723427589     1.000000000
     1.181191298    13.732927581     1.000000000
     1.194022131    13.740438474     1.000000000
     1.206852965    13.745871821     1.000000000
     1.219683798    13.749160155     1.000000000
     1.232514631    13.750261083     1.000000000
     1.232514631    13.750261083     1.000000000
     1.244837158    13.774754538     1.000000000
     1.257159684    13.788236486     1.000000000
     1.269482211    13.791998905     1.000000000
     1.281804737    13.787952088     1.000000000
     1.294127263    13.778098757     1.000000000
     1.306449790    13.764246910     1.000000000
     1.318772316    13.747933079     1.000000000
     1.331094842    13.730446846     1.000000000
     1.343417369    13.712880749     1.000000000
     1.355739895    13.696172065     1.000000000
     1.368062421    13.681126697     1.000000000
     1.380384948    13.668425764     1.000000000
     1.392707474    13.658620108     1.000000000
     1.405030000    13.652120232     1.000000000
     1.417352527    13.649189604     1.000000000
     1.429675053    13.649947329     1.000000000
     1.441997580    13.654382394     1.000000000
     1.454320106    13.662377391     1.000000000
     1.466642632    13.673736908     1.000000000
     1.478965159    13.688215337     1.000000000
     1.491287685    13.705540295     1.000000000
     1.503610211    13.725429940     1.000000000
     1.515932738    13.747604185     1.000000000
     1.528255264    13.771790856     1.000000000
     1.540577790    13.797728140     1.000000000
     1.552900317    13.825164607     1.000000000
     1.565222843    13.853857825     1.000000000
     1.577545369    13.883572312     1.000000000
     1.589867896    13.914077308     1.000000000
     1.602190422    13.945144692     1.000000000
     1.614512948    13.976547228     1.000000000
     1.626835475    14.008057259     1.000000000
     1.639158001    14.039445904     1.000000000
     1.651480528    14.070482801     1.000000000
     1.663803054    14.100936385     1.000000000
     1.676125580    14.130574707     1.000000000
     1.688448107    14.159166762     1.000000000
     1.700770633    14.186484258     1.000000000
     1.713093159    14.212303792     1.000000000
     1.725415686    14.236409314     1.000000000
     1.737738212    14.258594790     1.000000000
     1.750060738    14.278666958     1.000000000
     1.762383265    14.296448046     1.000000000
     1.774705791    14.311778358     1.000000000
     1.787028317    14.324518627     1.000000000
     1.799350844    14.334552069     1.000000000
     1.811673370    14.341786086     1.000000000
     1.823995896    14.346153592     1.000000000
     1.836318423    14.347613963     1.000000000
     1.836318423    14.347613963     1.000000000
     1.849149256    14.350937369     1.000000000
     1.861980090    14.360489733     1.000000000
     1.874810923    14.375164856     1.000000000
     1.887641757    14.393505381     1.000000000
     1.900472590    14.400415488     1.000000000
     1.913303424    14.392571687     1.000000000
     1.926134257    14.383506172     1.000000000
     1.938965091    14.373311732     1.000000000
     1.951795924    14.362088987     1.000000000
     1.964626758    14.349944313     1.000000000
     1.977457591    14.336987849     1.000000000
     1.990288424    14.323331627     1.000000000
     2.003119258    14.309087875     1.000000000
     2.015950091    14.294367517     1.000000000
     2.028780925    14.279278877     1.000000000
     2.041611758    14.263926592     1.000000000
     2.054442592    14.248410720     1.000000000
     2.067273425    14.232826038     1.000000000
     2.080104259    14.217261495     1.000000000
     2.092935092    14.201799831     1.000000000
     2.105765926    14.186517313     1.000000000
     2.118596759    14.171483590     1.000000000
     2.131427593    14.156761649     1.000000000
     2.144258426    14.142407853     1.000000000
     2.157089260    14.128472050     1.000000000
     2.169920093    14.114997751     1.000000000
     2.182750927    14.102022351     1.000000000
     2.195581760    14.089577409     1.000000000
     2.208412594    14.077688959     1.000000000
     2.221243427    14.066377852     1.000000000
     2.234074260    14.055660140     1.000000000
     2.246905094    14.045547465     1.000000000
     2.259735927    14.036047479     1.000000000
     2.272566761    14.027164274     1.000000000
     2.285397594    14.018898823     1.000000000
     2.298228428    14.011249416     1.000000000
     2.311059261    14.004212112     1.000000000
     2.323890095    13.997781171     1.000000000
     2.336720928    13.991949484     1.000000000
     2.349551762    13.986708989     1.000000000
     2.362382595    13.982051065     1.000000000
     2.375213429    13.977966907     1.000000000
     2.388044262    13.974447874     1.000000000
     2.400875096    13.971485800     1.000000000
     2.413705929    13.969073280     1.000000000
     2.426536763    13.967203912     1.000000000
     2.439367596    13.965872499     1.000000000
     2.452198429    13.965075216     1.000000000
     2.465029263    13.964809718     1.000000000
     2.465029263    12.906780149     1.000000000
     2.477804039    12.906265345     1.000000000
     2.490578815    12.904721845     1.000000000
     2.503353591    12.902152389     1.000000000
     2.516128367    12.898561572     1.000000000
     2.528903143    12.893955897     1.000000000
     2.541677919    12.888343837     1.000000000
     2.554452695    12.881735947     1.000000000
     2.567227471    12.874144999     1.000000000
     2.580002247    12.865586181     1.000000000
     2.592777023    12.856077364     1.000000000
     2.605551799    12.845639464     1.000000000
     2.618326575    12.834296954     1.000000000
     2.631101351    12.822078566     1.000000000
     2.643876127    12.809018286     1.000000000
     2.656650903    12.795156779     1.000000000
     2.669425679    12.780543467     1.000000000
     2.682200455    12.765239604     1.000000000
     2.694975231    12.749322974     1.000000000
     2.707750007    12.732895191     1.000000000
     2.720524783    12.716093407     1.000000000
     2.733299559    12.699109638     1.000000000
     2.746074335    12.682223591     1.000000000
     2.758849111    12.721197748     1.000000000
     2.771623887    12.803823873     1.000000000
     2.784398663    12.890429825     1.000000000
     2.797173439    12.980800468     1.000000000
     2.809948215    13.074688806     1.000000000
     2.822722991    13.171821773     1.000000000
     2.835497767    13.271906120     1.000000000
     2.848272543    13.374633974     1.000000000
     2.861047319    13.479687772     1.000000000
     2.873822095    13.586744335     1.000000000
     2.886596871    13.695477913     1.000000000
     2.899371647    13.805562050     1.000000000
     2.912146423    13.916670081     1.000000000
     2.924921199    14.028473917     1.000000000
     2.937695975    14.088019112     1.000000000
     2.950470751    14.053130542     1.000000000
     2.963245527    14.017148193     1.000000000
     2.976020303    13.980078137     1.000000000
     2.988795079    13.941929352     1.000000000
     3.001569855    13.902713949     1.000000000
     3.014344631    13.862447403     1.000000000
     3.027119407    13.821148786     1.000000000
     3.039894183    13.778840997     1.000000000
     3.052668959    13.735550987     1.000000000
     3.065443735    13.691309995     1.000000000
     3.078218511    13.646153778     1.000000000
     3.090993287    13.600122850     1.000000000
     3.090993287    13.600122850     1.000000000
     3.103315814    13.600778332     1.000000000
     3.115638340    13.602744536     1.000000000
     3.127960866    13.606020737     1.000000000
     3.140283393    13.610605764     1.000000000
     3.152605919    13.616498046     1.000000000
     3.164928445    13.623695681     1.000000000
     3.177250972    13.632196514     1.000000000
     3.189573498    13.641998232     1.000000000
     3.201896024    13.653098459     1.000000000
     3.214218551    13.665494852     1.000000000
     3.226541077    13.679185199     1.000000000
     3.238863604    13.694167494     1.000000000
     3.251186130    13.710440005     1.000000000
     3.263508656    13.728001304     1.000000000
     3.275831183    13.746850269     1.000000000
     3.288153709    13.766986042     1.000000000
     3.300476235    13.788407928     1.000000000
     3.312798762    13.811115242     1.000000000
     3.325121288    13.835107077     1.000000000
     3.337443814    13.860382007     1.000000000
     3.349766341    13.886937702     1.000000000
     3.362088867    13.914770460     1.000000000
     3.374411393    13.943874663     1.000000000
     3.386733920    13.974242146     1.000000000
     3.399056446    14.005861501     1.000000000
     3.411378972    14.038717331     1.000000000
     3.423701499    14.072789459     1.000000000
     3.436024025    14.108052136     1.000000000
     3.448346552    14.144473266     1.000000000
     3.460669078    14.182013676     1.000000000
     3.472991604    14.202008378     1.000000000
     3.485314131    14.157047342     1.000000000
     3.497636657    14.111709521     1.000000000
     3.509959183    14.066040261     1.000000000
     3.522281710    14.020083961     1.000000000
     3.534604236    13.973883901     1.000000000
     3.546926762    13.927482032     1.000000000
     3.559249289    13.880918764     1.000000000
     3.571571815    13.834232720     1.000000000
     3.583894341    13.787460484     1.000000000
     3.596216868    13.740636339     1.000000000
     3.608539394    13.693792003     1.000000000
     3.620861921    13.646956371     1.000000000
     3.633184447    13.600155284     1.000000000
     3.645506973    13.553411332     1.000000000
     3.657829500    13.506743718     1.000000000
     3.670152026    13.460168192     1.000000000
     3.682474552    13.413697092     1.000000000
     3.694797079    13.367339591     1.000000000
     3.694797079    13.367339591     1.000000000
     3.707627912    13.375150681     1.000000000
     3.720458746    13.384462305     1.000000000
     3.733289579    13.395298640     1.000000000
     3.746120413    13.407683140     1.000000000
     3.758951246    13.421637962     1.000000000
     3.771782079    13.437183331     1.000000000
     3.784612913    13.454336842     1.000000000
     3.797443746    13.473112695     1.000000000
     3.810274580    13.493520873     1.000000000
     3.823105413    13.515566294     1.000000000
     3.835936247    13.539247935     1.000000000
     3.848767080    13.564557954     1.000000000
     3.861597914    13.591480824     1.000000000
     3.874428747    13.619992503     1.000000000
     3.887259581    13.650059645     1.000000000
     3.900090414    13.681638865     1.000000000
     3.912921248    13.714676080     1.000000000
     3.925752081    13.749105910     1.000000000
     3.938582915    13.784851142     1.000000000
     3.951413748    13.821822236     1.000000000
     3.964244582    13.859916842     1.000000000
     3.977075415    13.899019288     1.000000000
     3.989906249    13.938999951     1.000000000
     4.002737082    13.979714422     1.000000000
     4.015567915    14.021002328     1.000000000
     4.028398749    14.062685590     1.000000000
     4.041229582    14.104565856     1.000000000
     4.054060416    14.146420701     1.000000000
     4.066891249    14.187998039     1.000000000
     4.079722083    14.229007967     1.000000000
     4.092552916    14.269111027     1.000000000
     4.105383750    14.307901674     1.000000000
     4.118214583    14.344885896     1.000000000
     4.131045417    14.379453291     1.000000000
     4.143876250    14.410848097     1.000000000
     4.156707084    14.438153677     1.000000000
     4.169537917    14.460322103     1.000000000
     4.182368751    14.476294954     1.000000000
     4.195199584    14.485237911     1.000000000
     4.208030418    14.486815496     1.000000000
     4.220861251    14.481330938     1.000000000
     4.233692084    14.469615887     1.000000000
     4.246522918    14.452756794     1.000000000
     4.259353751    14.431839681     1.000000000
     4.272184585    14.407808725     1.000000000
     4.285015418    14.381426124     1.000000000
     4.297846252    14.353285612     1.000000000
     4.310677085    14.323843769     1.000000000
     4.323507919    14.293451922     1.000000000
     4.323507919    14.293451922     1.000000000
     4.335830445    14.344040345     1.000000000
     4.348152971    14.391294058     1.000000000
     4.360475498    14.434854261     1.000000000
     4.372798024    14.474429013     1.000000000
     4.385120551    14.509817858     1.000000000
     4.397443077    14.540929389     1.000000000
     4.409765603    14.567786017     1.000000000
     4.422088130    14.590513800     1.000000000
     4.434410656    14.609320012     1.000000000
     4.446733182    14.624464554     1.000000000
     4.459055709    14.636231906     1.000000000
     4.471378235    14.644908416     1.000000000
     4.483700761    14.650766867     1.000000000
     4.496023288    14.654058041     1.000000000
     4.508345814    14.655007743     1.000000000
     4.520668340    14.653817493     1.000000000
     4.532990867    14.650667311     1.000000000
     4.545313393    14.645719441     1.000000000
     4.557635920    14.639122268     1.000000000
     4.569958446    14.631013984     1.000000000
     4.582280972    14.621525777     1.000000000
     4.594603499    14.610784457     1.000000000
     4.606926025    14.598914513     1.000000000
     4.619248551    14.586039633     1.000000000
     4.631571078    14.572283742     1.000000000
     4.643893604    14.557771631     1.000000000
     4.656216130    14.542629239     1.000000000
     4.668538657    14.526983654     1.000000000
     4.680861183    14.510962882     1.000000000
     4.693183709    14.494695445     1.000000000
     4.705506236    14.478309853     1.000000000
     4.717828762    14.461933969     1.000000000
     4.730151288    14.445694325     1.000000000
     4.742473815    14.429715386     1.000000000
     4.754796341    14.414118799     1.000000000
     4.767118868    14.399022639     1.000000000
     4.779441394    14.384540664     1.000000000
     4.791763920    14.370781578     1.000000000
     4.804086447    14.357848328     1.000000000
     4.816408973    14.345837427     1.000000000
     4.828731499    14.334838316     1.000000000
     4.841054026    14.324932759     1.000000000
     4.853376552    14.316194296     1.000000000
     4.865699078    14.308687738     1.000000000
     4.878021605    14.302468715     1.000000000
     4.890344131    14.297583294     1.000000000
     4.902666657    14.294067647     1.000000000
     4.914989184    14.291947798     1.000000000
     4.927311710    14.291239438     1.000000000
     4.927311710    14.291239438     1.000000000
     4.940142544    14.289333440     1.000000000
     4.952973377    14.283685958     1.000000000
     4.965804211    14.274499105     1.000000000
     4.978635044    14.262081442     1.000000000
     4.991465877    14.246814768     1.000000000
     5.004296711    14.229121028     1.000000000
     5.017127544    14.209434813     1.000000000
     5.029958378    14.188183362     1.000000000
     5.042789211    14.165773396     1.000000000
     5.055620045    14.142582903     1.000000000
     5.068450878    14.118955975     1.000000000
     5.081281712    14.095199268     1.000000000
     5.094112545    14.071579293     1.000000000
     5.106943379    14.048320278     1.000000000
     5.119774212    14.025602726     1.000000000
     5.132605046    14.003562975     1.000000000
     5.145435879    13.982294076     1.000000000
     5.158266713    13.961848200     1.000000000
     5.171097546    13.942240593     1.000000000
     5.183928380    13.923454874     1.000000000
     5.196759213    13.905449311     1.000000000
     5.209590047    13.888163604     1.000000000
     5.222420880    13.871525701     1.000000000
     5.235251713    13.855458197     1.000000000
     5.248082547    13.839884033     1.000000000
     5.260913380    13.824731274     1.000000000
     5.273744214    13.809936889     1.000000000
     5.286575047    13.795449555     1.000000000
     5.299405881    13.781231532     1.000000000
     5.312236714    13.767259745     1.000000000
     5.325067548    13.753526161     1.000000000
     5.337898381    13.740037605     1.000000000
     5.350729215    13.726815098     1.000000000
     5.363560048    13.713892835     1.000000000
     5.376390882    13.701316855     1.000000000
     5.389221715    13.689143479     1.000000000
     5.402052549    13.677437576     1.000000000
     5.414883382    13.666270681     1.000000000
     5.427714216    13.655719015     1.000000000
     5.440545049    13.645861452     1.000000000
     5.453375882    13.636777442     1.000000000
     5.466206716    13.628544955     1.000000000
     5.479037549    13.621238464     1.000000000
     5.491868383    13.614927020     1.000000000
     5.504699216    13.609672454     1.000000000
     5.517530050    13.605527763     1.000000000
     5.530360883    13.602535708     1.000000000
     5.543191717    13.600727677     1.000000000
     5.556022550    13.600122850     1.000000000
  
     0.000000000    14.536494419     1.000000000
     0.012322526    14.537367236     1.000000000
     0.024645053    14.539965667     1.000000000
     0.036967579    14.544231340     1.000000000
     0.049290105    14.550072246     1.000000000
     0.061612632    14.550862433     1.000000000
     0.073935158    14.544211525     1.000000000
     0.086257684    14.536348965     1.000000000
     0.098580211    14.527273221     1.000000000
     0.110902737    14.516982291     1.000000000
     0.123225264    14.505473608     1.000000000
     0.135547790    14.492743957     1.000000000
     0.147870316    14.478789389     1.000000000
     0.160192843    14.463605155     1.000000000
     0.172515369    14.447185642     1.000000000
     0.184837895    14.429524350     1.000000000
     0.197160422    14.410613886     1.000000000
     0.209482948    14.390446010     1.000000000
     0.221805474    14.369011721     1.000000000
     0.234128001    14.346301406     1.000000000
     0.246450527    14.322305048     1.000000000
     0.258773053    14.297012505     1.000000000
     0.271095580    14.270413854     1.000000000
     0.283418106    14.242499812     1.000000000
     0.295740632    14.213262212     1.000000000
     0.308063159    14.182694533     1.000000000
     0.320385685    14.150792476     1.000000000
     0.332708212    14.117554540     1.000000000
     0.345030738    14.082982614     1.000000000
     0.357353264    14.047082514     1.000000000
     0.369675791    14.009864477     1.000000000
     0.381998317    13.971343555     1.000000000
     0.394320843    13.931539905     1.000000000
     0.406643370    13.890478937     1.000000000
     0.418965896    13.877240101     1.000000000
     0.431288422    13.899026366     1.000000000
     0.443610949    13.924073546     1.000000000
     0.455933475    13.952509964     1.000000000
     0.468256001    13.984426612     1.000000000
     0.480578528    14.019868999     1.000000000
     0.492901054    14.058830700     1.000000000
     0.505223581    14.101249485     1.000000000
     0.517546107    14.147006589     1.000000000
     0.529868633    14.195929319     1.000000000
     0.542191160    14.247796657     1.000000000
     0.554513686    14.302347128     1.000000000
     0.566836212    14.359287888     1.000000000
     0.579158739    14.418303857     1.000000000
     0.591481265    14.479065753     1.000000000
     0.603803791    14.541235878     1.000000000
     0.603803791    14.541235878     1.000000000
     0.616634625    14.540927528     1.000000000
     0.629465458    14.540006446     1.000000000
     0.642296292    14.538484341     1.000000000
     0.655127125    14.536380088     1.000000000
     0.667957959    14.533718840     1.000000000
     0.680788792    14.530530904     1.000000000
     0.693619626    14.526850469     1.000000000
     0.706450459    14.522714298     1.000000000
     0.719281293    14.518160451     1.000000000
     0.732112126    14.513227111     1.000000000
     0.744942960    14.507951559     1.000000000
     0.757773793    14.502369314     1.000000000
     0.770604626    14.496513450     1.000000000
     0.783435460    14.490414079     1.000000000
     0.796266293    14.484097995     1.000000000
     0.809097127    14.477588455     1.000000000
     0.821927960    14.470905081     1.000000000
     0.834758794    14.464063872     1.000000000
     0.847589627    14.457077312     1.000000000
     0.860420461    14.449954571     1.000000000
     0.873251294    14.442701785     1.000000000
     0.886082128    14.435322428     1.000000000
     0.898912961    14.427817769     1.000000000
     0.911743795    14.420187421     1.000000000
     0.924574628    14.412429984     1.000000000
     0.937405462    14.404543787     1.000000000
     0.950236295    14.396527721     1.000000000
     0.963067129    14.388382166     1.000000000
     0.975897962    14.380109983     1.000000000
     0.988728796    14.371717568     1.000000000
     1.001559629    14.363215927     1.000000000
     1.014390462    14.354621730     1.000000000
     1.027221296    14.345958323     1.000000000
     1.040052129    14.337256630     1.000000000
     1.052882963    14.328555917     1.000000000
     1.065713796    14.319904371     1.000000000
     1.078544630    14.311359457     1.000000000
     1.091375463    14.302988017     1.000000000
     1.104206297    14.294866070     1.000000000
     1.117037130    14.287078251     1.000000000
     1.129867964    14.279716822     1.000000000
     1.142698797    14.272880131     1.000000000
     1.155529631    14.266670405     1.000000000
     1.168360464    14.261190738     1.000000000
     1.181191298    14.256541230     1.000000000
     1.194022131    14.252814325     1.000000000
     1.206852965    14.250089632     1.000000000
     1.219683798    14.248428726     1.000000000
     1.232514631    14.247870633     1.000000000
     1.232514631    14.247870633     1.000000000
     1.244837158    14.220914513     1.000000000
     1.257159684    14.199443158     1.000000000
     1.269482211    14.181740738     1.000000000
     1.281804737    14.166169237     1.000000000
     1.294127263    14.151558331     1.000000000
     1.306449790    14.137291685     1.000000000
     1.318772316    14.123209957     1.000000000
     1.331094842    14.109453625     1.000000000
     1.343417369    14.096317173     1.000000000
     1.355739895    14.084141873     1.000000000
     1.368062421    14.073248919     1.000000000
     1.380384948    14.063904234     1.000000000
     1.392707474    14.056304639     1.000000000
     1.405030000    14.050577002     1.000000000
     1.417352527    14.046784534     1.000000000
     1.429675053    14.044936493     1.000000000
     1.441997580    14.044998984     1.000000000
     1.454320106    14.046905491     1.000000000
     1.466642632    14.050566357     1.000000000
     1.478965159    14.055876844     1.000000000
     1.491287685    14.062723645     1.000000000
     1.503610211    14.070989905     1.000000000
     1.515932738    14.080558858     1.000000000
     1.528255264    14.091316285     1.000000000
     1.540577790    14.103151963     1.000000000
     1.552900317    14.115960273     1.000000000
     1.565222843    14.129640144     1.000000000
     1.577545369    14.144094435     1.000000000
     1.589867896    14.159228874     1.000000000
     1.602190422    14.174950647     1.000000000
     1.614512948    14.191166695     1.000000000
     1.626835475    14.207781808     1.000000000
     1.639158001    14.224696570     1.000000000
     1.651480528    14.241805256     1.000000000
     1.663803054    14.258993746     1.000000000
     1.676125580    14.276137599     1.000000000
     1.688448107    14.293100407     1.000000000
     1.700770633    14.309732596     1.000000000
     1.713093159    14.325870876     1.000000000
     1.725415686    14.341338557     1.000000000
     1.737738212    14.355946966     1.000000000
     1.750060738    14.369498217     1.000000000
     1.762383265    14.381789496     1.000000000
     1.774705791    14.392618982     1.000000000
     1.787028317    14.401793294     1.000000000
     1.799350844    14.409136141     1.000000000
     1.811673370    14.414497532     1.000000000
     1.823995896    14.417762638     1.000000000
     1.836318423    14.418859227     1.000000000
     1.836318423    14.418859227     1.000000000
     1.849149256    14.418104481     1.000000000
     1.861980090    14.415848908     1.000000000
     1.874810923    14.412118268     1.000000000
     1.887641757    14.406954685     1.000000000
     1.900472590    14.414031673     1.000000000
     1.913303424    14.435446496     1.000000000
     1.926134257    14.456714156     1.000000000
     1.938965091    14.477061804     1.000000000
     1.951795924    14.495946586     1.000000000
     1.964626758    14.513013954     1.000000000
     1.977457591    14.528058131     1.000000000
     1.990288424    14.540988215     1.000000000
     2.003119258    14.551800211     1.000000000
     2.015950091    14.560554329     1.000000000
     2.028780925    14.567356713     1.000000000
     2.041611758    14.572344869     1.000000000
     2.054442592    14.575676218     1.000000000
     2.067273425    14.577519274     1.000000000
     2.080104259    14.578047026     1.000000000
     2.092935092    14.577432136     1.000000000
     2.105765926    14.575843601     1.000000000
     2.118596759    14.573444559     1.000000000
     2.131427593    14.570390971     1.000000000
     2.144258426    14.566830929     1.000000000
     2.157089260    14.562904415     1.000000000
     2.169920093    14.558743332     1.000000000
     2.182750927    14.554471706     1.000000000
     2.195581760    14.550205958     1.000000000
     2.208412594    14.546055180     1.000000000
     2.221243427    14.542121365     1.000000000
     2.234074260    14.538499548     1.000000000
     2.246905094    14.535277842     1.000000000
     2.259735927    14.532537325     1.000000000
     2.272566761    14.530351761     1.000000000
     2.285397594    14.528787111     1.000000000
     2.298228428    14.527900777     1.000000000
     2.311059261    14.527740491     1.000000000
     2.323890095    14.528342702     1.000000000
     2.336720928    14.529730225     1.000000000
     2.349551762    14.531908779     1.000000000
     2.362382595    14.534861763     1.000000000
     2.375213429    14.538542254     1.000000000
     2.388044262    14.542860588     1.000000000
     2.400875096    14.547665201     1.000000000
     2.413705929    14.552714293     1.000000000
     2.426536763    14.557639280     1.000000000
     2.439367596    14.561915763     1.000000000
     2.452198429    14.564894047     1.000000000
     2.465029263    14.565972141     1.000000000
     2.465029263    14.565972141     1.000000000
     2.477804039    14.566144361     1.000000000
     2.490578815    14.566661626     1.000000000
     2.503353591    14.567525760     1.000000000
     2.516128367    14.568739822     1.000000000
     2.528903143    14.570308134     1.000000000
     2.541677919    14.572236315     1.000000000
     2.554452695    14.574531318     1.000000000
     2.567227471    14.577201470     1.000000000
     2.580002247    14.580256502     1.000000000
     2.592777023    14.583707566     1.000000000
     2.605551799    14.587567240     1.000000000
     2.618326575    14.591849501     1.000000000
     2.631101351    14.596569670     1.000000000
     2.643876127    14.601374358     1.000000000
     2.656650903    14.589638145     1.000000000
     2.669425679    14.577028738     1.000000000
     2.682200455    14.563534246     1.000000000
     2.694975231    14.549142301     1.000000000
     2.707750007    14.533840125     1.000000000
     2.720524783    14.517614596     1.000000000
     2.733299559    14.500452318     1.000000000
     2.746074335    14.482339706     1.000000000
     2.758849111    14.463263070     1.000000000
     2.771623887    14.443208711     1.000000000
     2.784398663    14.422163021     1.000000000
     2.797173439    14.400112598     1.000000000
     2.809948215    14.377044359     1.000000000
     2.822722991    14.352945675     1.000000000
     2.835497767    14.327804502     1.000000000
     2.848272543    14.301609532     1.000000000
     2.861047319    14.274350346     1.000000000
     2.873822095    14.246017582     1.000000000
     2.886596871    14.216603110     1.000000000
     2.899371647    14.186100211     1.000000000
     2.912146423    14.154503777     1.000000000
     2.924921199    14.121810505     1.000000000
     2.937695975    14.140640478     1.000000000
     2.950470751    14.252824507     1.000000000
     2.963245527    14.364655145     1.000000000
     2.976020303    14.475710812     1.000000000
     2.988795079    14.585470099     1.000000000
     3.001569855    14.693209522     1.000000000
     3.014344631    14.797773603     1.000000000
     3.027119407    14.897019403     1.000000000
     3.039894183    14.986469430     1.000000000
     3.052668959    15.057048109     1.000000000
     3.065443735    15.077334187     1.000000000
     3.078218511    15.093464973     1.000000000
     3.090993287    15.105707656     1.000000000
     3.090993287    15.105707656     1.000000000
     3.103315814    15.104199777     1.000000000
     3.115638340    15.099704994     1.000000000
     3.127960866    15.092305933     1.000000000
     3.140283393    15.082128300     1.000000000
     3.152605919    15.069326532     1.000000000
     3.164928445    15.054069251     1.000000000
     3.177250972    15.036527065     1.000000000
     3.189573498    15.016863885     1.000000000
     3.201896024    14.995231767     1.000000000
     3.214218551    14.971768606     1.000000000
     3.226541077    14.946597831     1.000000000
     3.238863604    14.919829311     1.000000000
     3.251186130    14.891560877     1.000000000
     3.263508656    14.861880074     1.000000000
     3.275831183    14.830865896     1.000000000
     3.288153709    14.798590373     1.000000000
     3.300476235    14.765119963     1.000000000
     3.312798762    14.730516731     1.000000000
     3.325121288    14.694839322     1.000000000
     3.337443814    14.658143746     1.000000000
     3.349766341    14.620484015     1.000000000
     3.362088867    14.581912624     1.000000000
     3.374411393    14.542480940     1.000000000
     3.386733920    14.502239477     1.000000000
     3.399056446    14.461238105     1.000000000
     3.411378972    14.419526190     1.000000000
     3.423701499    14.377152678     1.000000000
     3.436024025    14.334166138     1.000000000
     3.448346552    14.290614766     1.000000000
     3.460669078    14.246546357     1.000000000
     3.472991604    14.220626265     1.000000000
     3.485314131    14.260256364     1.000000000
     3.497636657    14.300840065     1.000000000
     3.509959183    14.342304900     1.000000000
     3.522281710    14.384569638     1.000000000
     3.534604236    14.427544502     1.000000000
     3.546926762    14.471131585     1.000000000
     3.559249289    14.515225470     1.000000000
     3.571571815    14.559714010     1.000000000
     3.583894341    14.604479264     1.000000000
     3.596216868    14.649398543     1.000000000
     3.608539394    14.694345539     1.000000000
     3.620861921    14.739191496     1.000000000
     3.633184447    14.783806404     1.000000000
     3.645506973    14.828060180     1.000000000
     3.657829500    14.871823822     1.000000000
     3.670152026    14.914970517     1.000000000
     3.682474552    14.957376700     1.000000000
     3.694797079    14.998922996     1.000000000
     3.694797079    14.998922996     1.000000000
     3.707627912    14.996510540     1.000000000
     3.720458746    14.994713856     1.000000000
     3.733289579    14.993523547     1.000000000
     3.746120413    14.992924321     1.000000000
     3.758951246    14.992894834     1.000000000
     3.771782079    14.993407527     1.000000000
     3.784612913    14.994428433     1.000000000
     3.797443746    14.995916983     1.000000000
     3.810274580    14.997825780     1.000000000
     3.823105413    15.000100361     1.000000000
     3.835936247    15.002678933     1.000000000
     3.848767080    15.005492101     1.000000000
     3.861597914    15.008462580     1.000000000
     3.874428747    15.011504939     1.000000000
     3.887259581    15.014525382     1.000000000
     3.900090414    15.017421625     1.000000000
     3.912921248    15.020082933     1.000000000
     3.925752081    15.022390404     1.000000000
     3.938582915    15.024217614     1.000000000
     3.951413748    15.025431765     1.000000000
     3.964244582    15.025895512     1.000000000
     3.977075415    15.025469649     1.000000000
     3.989906249    15.024016872     1.000000000
     4.002737082    15.021406776     1.000000000
     4.015567915    15.017522272     1.000000000
     4.028398749    15.012267472     1.000000000
     4.041229582    15.005577091     1.000000000
     4.054060416    14.997427302     1.000000000
     4.066891249    14.987848062     1.000000000
     4.079722083    14.976937014     1.000000000
     4.092552916    14.964875389     1.000000000
     4.105383750    14.951946683     1.000000000
     4.118214583    14.938558956     1.000000000
     4.131045417    14.925270579     1.000000000
     4.143876250    14.912815333     1.000000000
     4.156707084    14.902112933     1.000000000
     4.169537917    14.894233968     1.000000000
     4.182368751    14.890273750     1.000000000
     4.195199584    14.891112913     1.000000000
     4.208030418    14.897138717     1.000000000
     4.220861251    14.908102172     1.000000000
     4.233692084    14.923226242     1.000000000
     4.246522918    14.941478208     1.000000000
     4.259353751    14.961824316     1.000000000
     4.272184585    14.983371098     1.000000000
     4.285015418    15.005405768     1.000000000
     4.297846252    15.027383158     1.000000000
     4.310677085    15.048894983     1.000000000
     4.323507919    15.069638546     1.000000000
     4.323507919    15.069638546     1.000000000
     4.335830445    15.053696686     1.000000000
     4.348152971    15.039491004     1.000000000
     4.360475498    15.026813457     1.000000000
     4.372798024    15.015471771     1.000000000
     4.385120551    15.005294219     1.000000000
     4.397443077    14.996130847     1.000000000
     4.409765603    14.987852527     1.000000000
     4.422088130    14.980348895     1.000000000
     4.434410656    14.973525824     1.000000000
     4.446733182    14.967302879     1.000000000
     4.459055709    14.961610946     1.000000000
     4.471378235    14.956390173     1.000000000
     4.483700761    14.951588220     1.000000000
     4.496023288    14.947158842     1.000000000
     4.508345814    14.943060751     1.000000000
     4.520668340    14.939256741     1.000000000
     4.532990867    14.935713025     1.000000000
     4.545313393    14.932398759     1.000000000
     4.557635920    14.929285705     1.000000000
     4.569958446    14.926348025     1.000000000
     4.582280972    14.923562154     1.000000000
     4.594603499    14.920906750     1.000000000
     4.606926025    14.918362689     1.000000000
     4.619248551    14.915913090     1.000000000
     4.631571078    14.913543354     1.000000000
     4.643893604    14.911241200     1.000000000
     4.656216130    14.908996701     1.000000000
     4.668538657    14.906802290     1.000000000
     4.680861183    14.904652744     1.000000000
     4.693183709    14.902545143     1.000000000
     4.705506236    14.900478786     1.000000000
     4.717828762    14.898455081     1.000000000
     4.730151288    14.896477392     1.000000000
     4.742473815    14.894550865     1.000000000
     4.754796341    14.892682214     1.000000000
     4.767118868    14.890879488     1.000000000
     4.779441394    14.889151820     1.000000000
     4.791763920    14.887509154     1.000000000
     4.804086447    14.885961971     1.000000000
     4.816408973    14.884521002     1.000000000
     4.828731499    14.883196959     1.000000000
     4.841054026    14.882000254     1.000000000
     4.853376552    14.880940750     1.000000000
     4.865699078    14.880027519     1.000000000
     4.878021605    14.879268625     1.000000000
     4.890344131    14.878670936     1.000000000
     4.902666657    14.878239966     1.000000000
     4.914989184    14.877979746     1.000000000
     4.927311710    14.877892731     1.000000000
     4.927311710    14.877892731     1.000000000
     4.940142544    14.879072127     1.000000000
     4.952973377    14.882554004     1.000000000
     4.965804211    14.888178532     1.000000000
     4.978635044    14.895706436     1.000000000
     4.991465877    14.904850388     1.000000000
     5.004296711    14.915305516     1.000000000
     5.017127544    14.926773523     1.000000000
     5.029958378    14.938978466     1.000000000
     5.042789211    14.951674918     1.000000000
     5.055620045    14.964650408     1.000000000
     5.068450878    14.977724243     1.000000000
     5.081281712    14.990744354     1.000000000
     5.094112545    15.003583344     1.000000000
     5.106943379    15.016134446     1.000000000
     5.119774212    15.028307767     1.000000000
     5.132605046    15.040027018     1.000000000
     5.145435879    15.051226779     1.000000000
     5.158266713    15.061850312     1.000000000
     5.171097546    15.071847886     1.000000000
     5.183928380    15.081175601     1.000000000
     5.196759213    15.089794656     1.000000000
     5.209590047    15.097671065     1.000000000
     5.222420880    15.104775772     1.000000000
     5.235251713    15.111085150     1.000000000
     5.248082547    15.116581837     1.000000000
     5.260913380    15.121255834     1.000000000
     5.273744214    15.125105767     1.000000000
     5.286575047    15.128140170     1.000000000
     5.299405881    15.130378608     1.000000000
     5.312236714    15.131852464     1.000000000
     5.325067548    15.132605213     1.000000000
     5.337898381    15.132692050     1.000000000
     5.350729215    15.132178844     1.000000000
     5.363560048    15.131140444     1.000000000
     5.376390882    15.129658500     1.000000000
     5.389221715    15.127818967     1.000000000
     5.402052549    15.125709541     1.000000000
     5.414883382    15.123417221     1.000000000
     5.427714216    15.121026142     1.000000000
     5.440545049    15.118615807     1.000000000
     5.453375882    15.116259717     1.000000000
     5.466206716    15.114024409     1.000000000
     5.479037549    15.111968840     1.000000000
     5.491868383    15.110144054     1.000000000
     5.504699216    15.108593049     1.000000000
     5.517530050    15.107350793     1.000000000
     5.530360883    15.106444305     1.000000000
     5.543191717    15.105892772     1.000000000
     5.556022550    15.105707656     1.000000000
  
     0.000000000    14.565972141     1.000000000
     0.012322526    14.565367895     1.000000000
     0.024645053    14.563555090     1.000000000
     0.036967579    14.560533522     1.000000000
     0.049290105    14.556302826     1.000000000
     0.061612632    14.557369614     1.000000000
     0.073935158    14.565985776     1.000000000
     0.086257684    14.575771941     1.000000000
     0.098580211    14.586575071     1.000000000
     0.110902737    14.598243403     1.000000000
     0.123225264    14.610630531     1.000000000
     0.135547790    14.623598141     1.000000000
     0.147870316    14.637017647     1.000000000
     0.160192843    14.650770998     1.000000000
     0.172515369    14.664750888     1.000000000
     0.184837895    14.678860599     1.000000000
     0.197160422    14.693013609     1.000000000
     0.209482948    14.707133090     1.000000000
     0.221805474    14.721151355     1.000000000
     0.234128001    14.735009315     1.000000000
     0.246450527    14.748655953     1.000000000
     0.258773053    14.762047844     1.000000000
     0.271095580    14.775148710     1.000000000
     0.283418106    14.787929019     1.000000000
     0.295740632    14.800365617     1.000000000
     0.308063159    14.812441391     1.000000000
     0.320385685    14.824144954     1.000000000
     0.332708212    14.835470355     1.000000000
     0.345030738    14.846416801     1.000000000
     0.357353264    14.856988387     1.000000000
     0.369675791    14.867193842     1.000000000
     0.381998317    14.877046283     1.000000000
     0.394320843    14.886562968     1.000000000
     0.406643370    14.895765070     1.000000000
     0.418965896    14.904677446     1.000000000
     0.431288422    14.913328430     1.000000000
     0.443610949    14.921749627     1.000000000
     0.455933475    14.929975729     1.000000000
     0.468256001    14.938044346     1.000000000
     0.480578528    14.945995861     1.000000000
     0.492901054    14.953873312     1.000000000
     0.505223581    14.961722312     1.000000000
     0.517546107    14.969591015     1.000000000
     0.529868633    14.922519745     1.000000000
     0.542191160    14.860438075     1.000000000
     0.554513686    14.796887690     1.000000000
     0.566836212    14.732697591     1.000000000
     0.579158739    14.668416090     1.000000000
     0.591481265    14.604470511     1.000000000
     0.603803791    14.541236014     1.000000000
     0.603803791    14.541236014     1.000000000
     0.616634625    14.540927662     1.000000000
     0.629465458    14.540006578     1.000000000
     0.642296292    14.538484472     1.000000000
     0.655127125    14.536380218     1.000000000
     0.667957959    14.533718970     1.000000000
     0.680788792    14.530531034     1.000000000
     0.693619626    14.526850599     1.000000000
     0.706450459    14.522714429     1.000000000
     0.719281293    14.518160583     1.000000000
     0.732112126    14.513227244     1.000000000
     0.744942960    14.507951694     1.000000000
     0.757773793    14.502369451     1.000000000
     0.770604626    14.496513588     1.000000000
     0.783435460    14.490414218     1.000000000
     0.796266293    14.484098136     1.000000000
     0.809097127    14.477588598     1.000000000
     0.821927960    14.470905226     1.000000000
     0.834758794    14.464064018     1.000000000
     0.847589627    14.457077460     1.000000000
     0.860420461    14.449954720     1.000000000
     0.873251294    14.442701936     1.000000000
     0.886082128    14.435322580     1.000000000
     0.898912961    14.427817923     1.000000000
     0.911743795    14.420187576     1.000000000
     0.924574628    14.412430141     1.000000000
     0.937405462    14.404543946     1.000000000
     0.950236295    14.396527882     1.000000000
     0.963067129    14.388382328     1.000000000
     0.975897962    14.380110147     1.000000000
     0.988728796    14.371717734     1.000000000
     1.001559629    14.363216093     1.000000000
     1.014390462    14.354621897     1.000000000
     1.027221296    14.345958491     1.000000000
     1.040052129    14.337256798     1.000000000
     1.052882963    14.328556085     1.000000000
     1.065713796    14.319904539     1.000000000
     1.078544630    14.311359624     1.000000000
     1.091375463    14.302988183     1.000000000
     1.104206297    14.294866234     1.000000000
     1.117037130    14.287078413     1.000000000
     1.129867964    14.279716981     1.000000000
     1.142698797    14.272880288     1.000000000
     1.155529631    14.266670558     1.000000000
     1.168360464    14.261190887     1.000000000
     1.181191298    14.256541375     1.000000000
     1.194022131    14.252814465     1.000000000
     1.206852965    14.250089767     1.000000000
     1.219683798    14.248428856     1.000000000
     1.232514631    14.247870757     1.000000000
     1.232514631    14.247870757     1.000000000
     1.244837158    14.281471460     1.000000000
     1.257159684    14.321821456     1.000000000
     1.269482211    14.368002063     1.000000000
     1.281804737    14.418548171     1.000000000
     1.294127263    14.471949339     1.000000000
     1.306449790    14.526926315     1.000000000
     1.318772316    14.582504009     1.000000000
     1.331094842    14.637983844     1.000000000
     1.343417369    14.692886905     1.000000000
     1.355739895    14.746898577     1.000000000
     1.368062421    14.799823443     1.000000000
     1.380384948    14.829089078     1.000000000
     1.392707474    14.848903013     1.000000000
     1.405030000    14.869319850     1.000000000
     1.417352527    14.890071719     1.000000000
     1.429675053    14.910942120     1.000000000
     1.441997580    14.931756556     1.000000000
     1.454320106    14.952374636     1.000000000
     1.466642632    14.972683608     1.000000000
     1.478965159    14.992593150     1.000000000
     1.491287685    15.012031242     1.000000000
     1.503610211    15.030940908     1.000000000
     1.515932738    15.049277686     1.000000000
     1.528255264    15.067007679     1.000000000
     1.540577790    15.084106070     1.000000000
     1.552900317    15.100556038     1.000000000
     1.565222843    15.116347967     1.000000000
     1.577545369    15.131478929     1.000000000
     1.589867896    15.145952371     1.000000000
     1.602190422    15.159777973     1.000000000
     1.614512948    15.172971664     1.000000000
     1.626835475    15.185555751     1.000000000
     1.639158001    15.197559150     1.000000000
     1.651480528    15.209017697     1.000000000
     1.663803054    15.219974514     1.000000000
     1.676125580    15.230480377     1.000000000
     1.688448107    15.240594049     1.000000000
     1.700770633    15.250382439     1.000000000
     1.713093159    15.259920435     1.000000000
     1.725415686    15.269290057     1.000000000
     1.737738212    15.278578356     1.000000000
     1.750060738    15.287872971     1.000000000
     1.762383265    15.297253150     1.000000000
     1.774705791    15.306771560     1.000000000
     1.787028317    15.316415917     1.000000000
     1.799350844    15.326022756     1.000000000
     1.811673370    15.335074187     1.000000000
     1.823995896    15.342265144     1.000000000
     1.836318423    15.345196795     1.000000000
     1.836318423    15.345196795     1.000000000
     1.849149256    15.345059175     1.000000000
     1.861980090    15.344647022     1.000000000
     1.874810923    15.343962433     1.000000000
     1.887641757    15.343008847     1.000000000
     1.900472590    15.341790960     1.000000000
     1.913303424    15.340314622     1.000000000
     1.926134257    15.338586723     1.000000000
     1.938965091    15.336615075     1.000000000
     1.951795924    15.334408305     1.000000000
     1.964626758    15.331975759     1.000000000
     1.977457591    15.329327418     1.000000000
     1.990288424    15.326473841     1.000000000
     2.003119258    15.323426115     1.000000000
     2.015950091    15.315647084     1.000000000
     2.028780925    15.303397168     1.000000000
     2.041611758    15.290331434     1.000000000
     2.054442592    15.276415175     1.000000000
     2.067273425    15.261622800     1.000000000
     2.080104259    15.245940057     1.000000000
     2.092935092    15.229365337     1.000000000
     2.105765926    15.211910146     1.000000000
     2.118596759    15.193598941     1.000000000
     2.131427593    15.174468462     1.000000000
     2.144258426    15.154566737     1.000000000
     2.157089260    15.133951890     1.000000000
     2.169920093    15.112690853     1.000000000
     2.182750927    15.090858081     1.000000000
     2.195581760    15.068534317     1.000000000
     2.208412594    15.045805450     1.000000000
     2.221243427    15.022761509     1.000000000
     2.234074260    14.999495781     1.000000000
     2.246905094    14.976104103     1.000000000
     2.259735927    14.952684303     1.000000000
     2.272566761    14.929335845     1.000000000
     2.285397594    14.906159681     1.000000000
     2.298228428    14.883258382     1.000000000
     2.311059261    14.860736629     1.000000000
     2.323890095    14.838702202     1.000000000
     2.336720928    14.817267721     1.000000000
     2.349551762    14.796553513     1.000000000
     2.362382595    14.776692252     1.000000000
     2.375213429    14.757836405     1.000000000
     2.388044262    14.740170126     1.000000000
     2.400875096    14.723927932     1.000000000
     2.413705929    14.709422600     1.000000000
     2.426536763    14.697081333     1.000000000
     2.439367596    14.687474470     1.000000000
     2.452198429    14.681284704     1.000000000
     2.465029263    14.679133904     1.000000000
     2.465029263    14.679133904     1.000000000
     2.477804039    14.678744257     1.000000000
     2.490578815    14.677574870     1.000000000
     2.503353591    14.675624408     1.000000000
     2.516128367    14.672890652     1.000000000
     2.528903143    14.669370504     1.000000000
     2.541677919    14.665059998     1.000000000
     2.554452695    14.659954315     1.000000000
     2.567227471    14.654047796     1.000000000
     2.580002247    14.647333967     1.000000000
     2.592777023    14.639805554     1.000000000
     2.605551799    14.631454517     1.000000000
     2.618326575    14.622272075     1.000000000
     2.631101351    14.612248740     1.000000000
     2.643876127    14.601744319     1.000000000
     2.656650903    14.607391140     1.000000000
     2.669425679    14.613528758     1.000000000
     2.682200455    14.620176502     1.000000000
     2.694975231    14.627354126     1.000000000
     2.707750007    14.635081484     1.000000000
     2.720524783    14.643378150     1.000000000
     2.733299559    14.652263017     1.000000000
     2.746074335    14.661753857     1.000000000
     2.758849111    14.671866863     1.000000000
     2.771623887    14.682616194     1.000000000
     2.784398663    14.694013515     1.000000000
     2.797173439    14.706067572     1.000000000
     2.809948215    14.718783790     1.000000000
     2.822722991    14.732163919     1.000000000
     2.835497767    14.746205729     1.000000000
     2.848272543    14.760902763     1.000000000
     2.861047319    14.776244139     1.000000000
     2.873822095    14.792214406     1.000000000
     2.886596871    14.808793425     1.000000000
     2.899371647    14.825956271     1.000000000
     2.912146423    14.843673115     1.000000000
     2.924921199    14.861909041     1.000000000
     2.937695975    14.880623733     1.000000000
     2.950470751    14.899770945     1.000000000
     2.963245527    14.919297586     1.000000000
     2.976020303    14.939142205     1.000000000
     2.988795079    14.959232447     1.000000000
     3.001569855    14.979480803     1.000000000
     3.014344631    14.999777331     1.000000000
     3.027119407    15.019976830     1.000000000
     3.039894183    15.039875244     1.000000000
     3.052668959    15.059163853     1.000000000
     3.065443735    15.097772871     1.000000000
     3.078218511    15.110017766     1.000000000
     3.090993287    15.105707689     1.000000000
     3.090993287    15.105707689     1.000000000
     3.103315814    15.104199802     1.000000000
     3.115638340    15.099705017     1.000000000
     3.127960866    15.092305964     1.000000000
     3.140283393    15.082128341     1.000000000
     3.152605919    15.069326584     1.000000000
     3.164928445    15.054069314     1.000000000
     3.177250972    15.036527139     1.000000000
     3.189573498    15.016863970     1.000000000
     3.201896024    14.995231861     1.000000000
     3.214218551    14.971768708     1.000000000
     3.226541077    14.946597942     1.000000000
     3.238863604    14.919829429     1.000000000
     3.251186130    14.891561001     1.000000000
     3.263508656    14.861880204     1.000000000
     3.275831183    14.830866031     1.000000000
     3.288153709    14.798590512     1.000000000
     3.300476235    14.765120106     1.000000000
     3.312798762    14.730516877     1.000000000
     3.325121288    14.694839470     1.000000000
     3.337443814    14.658143897     1.000000000
     3.349766341    14.620484166     1.000000000
     3.362088867    14.581912776     1.000000000
     3.374411393    14.542481092     1.000000000
     3.386733920    14.502239628     1.000000000
     3.399056446    14.461238256     1.000000000
     3.411378972    14.419526339     1.000000000
     3.423701499    14.377152825     1.000000000
     3.436024025    14.334166283     1.000000000
     3.448346552    14.290614909     1.000000000
     3.460669078    14.246546496     1.000000000
     3.472991604    14.220626487     1.000000000
     3.485314131    14.260256594     1.000000000
     3.497636657    14.300840303     1.000000000
     3.509959183    14.342305146     1.000000000
     3.522281710    14.384569892     1.000000000
     3.534604236    14.427544762     1.000000000
     3.546926762    14.471131852     1.000000000
     3.559249289    14.515225743     1.000000000
     3.571571815    14.559714289     1.000000000
     3.583894341    14.604479549     1.000000000
     3.596216868    14.649398834     1.000000000
     3.608539394    14.694345837     1.000000000
     3.620861921    14.739191801     1.000000000
     3.633184447    14.783806716     1.000000000
     3.645506973    14.828060500     1.000000000
     3.657829500    14.871824152     1.000000000
     3.670152026    14.914970859     1.000000000
     3.682474552    14.957377054     1.000000000
     3.694797079    14.998923049     1.000000000
     3.694797079    14.998923049     1.000000000
     3.707627912    14.996510911     1.000000000
     3.720458746    14.994714225     1.000000000
     3.733289579    14.993523915     1.000000000
     3.746120413    14.992924686     1.000000000
     3.758951246    14.992895197     1.000000000
     3.771782079    14.993407888     1.000000000
     3.784612913    14.994428792     1.000000000
     3.797443746    14.995917339     1.000000000
     3.810274580    14.997826134     1.000000000
     3.823105413    15.000100712     1.000000000
     3.835936247    15.002679282     1.000000000
     3.848767080    15.005492447     1.000000000
     3.861597914    15.008462923     1.000000000
     3.874428747    15.011505280     1.000000000
     3.887259581    15.014525720     1.000000000
     3.900090414    15.017421960     1.000000000
     3.912921248    15.020083265     1.000000000
     3.925752081    15.022390733     1.000000000
     3.938582915    15.024217940     1.000000000
     3.951413748    15.025432088     1.000000000
     3.964244582    15.025895831     1.000000000
     3.977075415    15.025469965     1.000000000
     3.989906249    15.024017183     1.000000000
     4.002737082    15.021407083     1.000000000
     4.015567915    15.017522574     1.000000000
     4.028398749    15.012267770     1.000000000
     4.041229582    15.005577382     1.000000000
     4.054060416    14.997427587     1.000000000
     4.066891249    14.987848341     1.000000000
     4.079722083    14.976937286     1.000000000
     4.092552916    14.964875654     1.000000000
     4.105383750    14.951946943     1.000000000
     4.118214583    14.938559210     1.000000000
     4.131045417    14.925270828     1.000000000
     4.143876250    14.912815577     1.000000000
     4.156707084    14.902113173     1.000000000
     4.169537917    14.894234203     1.000000000
     4.182368751    14.890273979     1.000000000
     4.195199584    14.891113133     1.000000000
     4.208030418    14.897138928     1.000000000
     4.220861251    14.908102371     1.000000000
     4.233692084    14.923226429     1.000000000
     4.246522918    14.941478385     1.000000000
     4.259353751    14.961824483     1.000000000
     4.272184585    14.983371258     1.000000000
     4.285015418    15.005405922     1.000000000
     4.297846252    15.027383308     1.000000000
     4.310677085    15.048895131     1.000000000
     4.323507919    15.069638682     1.000000000
     4.323507919    15.069638682     1.000000000
     4.335830445    15.053696863     1.000000000
     4.348152971    15.039491188     1.000000000
     4.360475498    15.026813646     1.000000000
     4.372798024    15.015471961     1.000000000
     4.385120551    15.005294409     1.000000000
     4.397443077    14.996131034     1.000000000
     4.409765603    14.987852711     1.000000000
     4.422088130    14.980349074     1.000000000
     4.434410656    14.973525998     1.000000000
     4.446733182    14.967303047     1.000000000
     4.459055709    14.961611108     1.000000000
     4.471378235    14.956390329     1.000000000
     4.483700761    14.951588370     1.000000000
     4.496023288    14.947158985     1.000000000
     4.508345814    14.943060888     1.000000000
     4.520668340    14.939256871     1.000000000
     4.532990867    14.935713149     1.000000000
     4.545313393    14.932398876     1.000000000
     4.557635920    14.929285816     1.000000000
     4.569958446    14.926348130     1.000000000
     4.582280972    14.923562252     1.000000000
     4.594603499    14.920906841     1.000000000
     4.606926025    14.918362774     1.000000000
     4.619248551    14.915913169     1.000000000
     4.631571078    14.913543426     1.000000000
     4.643893604    14.911241267     1.000000000
     4.656216130    14.908996761     1.000000000
     4.668538657    14.906802343     1.000000000
     4.680861183    14.904652791     1.000000000
     4.693183709    14.902545184     1.000000000
     4.705506236    14.900478822     1.000000000
     4.717828762    14.898455111     1.000000000
     4.730151288    14.896477418     1.000000000
     4.742473815    14.894550886     1.000000000
     4.754796341    14.892682231     1.000000000
     4.767118868    14.890879502     1.000000000
     4.779441394    14.889151832     1.000000000
     4.791763920    14.887509166     1.000000000
     4.804086447    14.885961983     1.000000000
     4.816408973    14.884521016     1.000000000
     4.828731499    14.883196975     1.000000000
     4.841054026    14.882000272     1.000000000
     4.853376552    14.880940770     1.000000000
     4.865699078    14.880027541     1.000000000
     4.878021605    14.879268648     1.000000000
     4.890344131    14.878670961     1.000000000
     4.902666657    14.878239993     1.000000000
     4.914989184    14.877979774     1.000000000
     4.927311710    14.877892759     1.000000000
     4.927311710    14.877892759     1.000000000
     4.940142544    14.879072155     1.000000000
     4.952973377    14.882554031     1.000000000
     4.965804211    14.888178557     1.000000000
     4.978635044    14.895706460     1.000000000
     4.991465877    14.904850412     1.000000000
     5.004296711    14.915305539     1.000000000
     5.017127544    14.926773545     1.000000000
     5.029958378    14.938978489     1.000000000
     5.042789211    14.951674941     1.000000000
     5.055620045    14.964650433     1.000000000
     5.068450878    14.977724269     1.000000000
     5.081281712    14.990744381     1.000000000
     5.094112545    15.003583373     1.000000000
     5.106943379    15.016134477     1.000000000
     5.119774212    15.028307799     1.000000000
     5.132605046    15.040027051     1.000000000
     5.145435879    15.051226814     1.000000000
     5.158266713    15.061850347     1.000000000
     5.171097546    15.071847922     1.000000000
     5.183928380    15.081175637     1.000000000
     5.196759213    15.089794693     1.000000000
     5.209590047    15.097671102     1.000000000
     5.222420880    15.104775809     1.000000000
     5.235251713    15.111085186     1.000000000
     5.248082547    15.116581872     1.000000000
     5.260913380    15.121255867     1.000000000
     5.273744214    15.125105800     1.000000000
     5.286575047    15.128140201     1.000000000
     5.299405881    15.130378638     1.000000000
     5.312236714    15.131852493     1.000000000
     5.325067548    15.132605240     1.000000000
     5.337898381    15.132692076     1.000000000
     5.350729215    15.132178869     1.000000000
     5.363560048    15.131140469     1.000000000
     5.376390882    15.129658525     1.000000000
     5.389221715    15.127818992     1.000000000
     5.402052549    15.125709567     1.000000000
     5.414883382    15.123417247     1.000000000
     5.427714216    15.121026169     1.000000000
     5.440545049    15.118615835     1.000000000
     5.453375882    15.116259745     1.000000000
     5.466206716    15.114024438     1.000000000
     5.479037549    15.111968870     1.000000000
     5.491868383    15.110144084     1.000000000
     5.504699216    15.108593080     1.000000000
     5.517530050    15.107350825     1.000000000
     5.530360883    15.106444337     1.000000000
     5.543191717    15.105892804     1.000000000
     5.556022550    15.105707689     1.000000000
  
     0.000000000    15.821421299     1.000000000
     0.012322526    15.820603027     1.000000000
     0.024645053    15.818152119     1.000000000
     0.036967579    15.814080271     1.000000000
     0.049290105    15.808406888     1.000000000
     0.061612632    15.801158950     1.000000000
     0.073935158    15.792370833     1.000000000
     0.086257684    15.782084086     1.000000000
     0.098580211    15.770347175     1.000000000
     0.110902737    15.757215194     1.000000000
     0.123225264    15.742749550     1.000000000
     0.135547790    15.727017625     1.000000000
     0.147870316    15.710092422     1.000000000
     0.160192843    15.692052185     1.000000000
     0.172515369    15.672980001     1.000000000
     0.184837895    15.652963376     1.000000000
     0.197160422    15.632093773     1.000000000
     0.209482948    15.610466116     1.000000000
     0.221805474    15.588178235     1.000000000
     0.234128001    15.565330257     1.000000000
     0.246450527    15.542023918     1.000000000
     0.258773053    15.518361803     1.000000000
     0.271095580    15.494446483     1.000000000
     0.283418106    15.470379567     1.000000000
     0.295740632    15.446260648     1.000000000
     0.308063159    15.422186134     1.000000000
     0.320385685    15.398247967     1.000000000
     0.332708212    15.374532195     1.000000000
     0.345030738    15.351117366     1.000000000
     0.357353264    15.328072641     1.000000000
     0.369675791    15.305455467     1.000000000
     0.381998317    15.283308452     1.000000000
     0.394320843    15.261654797     1.000000000
     0.406643370    15.240490912     1.000000000
     0.418965896    15.219773394     1.000000000
     0.431288422    15.199394013     1.000000000
     0.443610949    15.179127676     1.000000000
     0.455933475    15.158515652     1.000000000
     0.468256001    15.136589591     1.000000000
     0.480578528    15.111260245     1.000000000
     0.492901054    15.078632792     1.000000000
     0.505223581    15.035024289     1.000000000
     0.517546107    14.981652314     1.000000000
     0.529868633    14.977530151     1.000000000
     0.542191160    14.985593152     1.000000000
     0.554513686    14.993836431     1.000000000
     0.566836212    15.002319878     1.000000000
     0.579158739    15.011107730     1.000000000
     0.591481265    15.020270055     1.000000000
     0.603803791    15.029885311     1.000000000
     0.603803791    15.029885311     1.000000000
     0.616634625    15.030069608     1.000000000
     0.629465458    15.030614832     1.000000000
     0.642296292    15.031498262     1.000000000
     0.655127125    15.032682819     1.000000000
     0.667957959    15.034118204     1.000000000
     0.680788792    15.035742367     1.000000000
     0.693619626    15.037483233     1.000000000
     0.706450459    15.039260596     1.000000000
     0.719281293    15.040988103     1.000000000
     0.732112126    15.042575285     1.000000000
     0.744942960    15.043929583     1.000000000
     0.757773793    15.044958361     1.000000000
     0.770604626    15.045570892     1.000000000
     0.783435460    15.045680327     1.000000000
     0.796266293    15.045205626     1.000000000
     0.809097127    15.044073456     1.000000000
     0.821927960    15.042220020     1.000000000
     0.834758794    15.039592802     1.000000000
     0.847589627    15.036152158     1.000000000
     0.860420461    15.031872703     1.000000000
     0.873251294    15.026744430     1.000000000
     0.886082128    15.020773485     1.000000000
     0.898912961    15.013982531     1.000000000
     0.911743795    15.006410657     1.000000000
     0.924574628    14.998112795     1.000000000
     0.937405462    14.989158634     1.000000000
     0.950236295    14.979631057     1.000000000
     0.963067129    14.969624147     1.000000000
     0.975897962    14.959240848     1.000000000
     0.988728796    14.948590367     1.000000000
     1.001559629    14.937785465     1.000000000
     1.014390462    14.926939731     1.000000000
     1.027221296    14.916164995     1.000000000
     1.040052129    14.905568991     1.000000000
     1.052882963    14.895253354     1.000000000
     1.065713796    14.885312050     1.000000000
     1.078544630    14.875830257     1.000000000
     1.091375463    14.866883718     1.000000000
     1.104206297    14.858538535     1.000000000
     1.117037130    14.850851349     1.000000000
     1.129867964    14.843869831     1.000000000
     1.142698797    14.837633403     1.000000000
     1.155529631    14.832174089     1.000000000
     1.168360464    14.827517421     1.000000000
     1.181191298    14.823683325     1.000000000
     1.194022131    14.820686927     1.000000000
     1.206852965    14.818539251     1.000000000
     1.219683798    14.817247770     1.000000000
     1.232514631    14.816816808     1.000000000
     1.232514631    14.816816808     1.000000000
     1.244837158    14.790933207     1.000000000
     1.257159684    14.770667763     1.000000000
     1.269482211    14.756248319     1.000000000
     1.281804737    14.747668735     1.000000000
     1.294127263    14.744668174     1.000000000
     1.306449790    14.746761268     1.000000000
     1.318772316    14.753308676     1.000000000
     1.331094842    14.763601775     1.000000000
     1.343417369    14.776936296     1.000000000
     1.355739895    14.792661987     1.000000000
     1.368062421    14.810207850     1.000000000
     1.380384948    14.851550878     1.000000000
     1.392707474    14.902029558     1.000000000
     1.405030000    14.951248906     1.000000000
     1.417352527    14.999225803     1.000000000
     1.429675053    15.045995254     1.000000000
     1.441997580    15.091603994     1.000000000
     1.454320106    15.136106223     1.000000000
     1.466642632    15.179560873     1.000000000
     1.478965159    15.222029937     1.000000000
     1.491287685    15.263577516     1.000000000
     1.503610211    15.304269343     1.000000000
     1.515932738    15.344172587     1.000000000
     1.528255264    15.383355825     1.000000000
     1.540577790    15.421889066     1.000000000
     1.552900317    15.459843776     1.000000000
     1.565222843    15.497292819     1.000000000
     1.577545369    15.534310281     1.000000000
     1.589867896    15.570971122     1.000000000
     1.602190422    15.607350584     1.000000000
     1.614512948    15.643523315     1.000000000
     1.626835475    15.679562138     1.000000000
     1.639158001    15.715536366     1.000000000
     1.651480528    15.751509595     1.000000000
     1.663803054    15.727198222     1.000000000
     1.676125580    15.694780729     1.000000000
     1.688448107    15.663327145     1.000000000
     1.700770633    15.632911405     1.000000000
     1.713093159    15.603614868     1.000000000
     1.725415686    15.575526112     1.000000000
     1.737738212    15.548741102     1.000000000
     1.750060738    15.523364571     1.000000000
     1.762383265    15.499514591     1.000000000
     1.774705791    15.477334888     1.000000000
     1.787028317    15.457025922     1.000000000
     1.799350844    15.438922698     1.000000000
     1.811673370    15.423689055     1.000000000
     1.823995896    15.412741795     1.000000000
     1.836318423    15.408550043     1.000000000
     1.836318423    15.408550043     1.000000000
     1.849149256    15.407939232     1.000000000
     1.861980090    15.406125395     1.000000000
     1.874810923    15.403161384     1.000000000
     1.887641757    15.399126168     1.000000000
     1.900472590    15.394113427     1.000000000
     1.913303424    15.388219241     1.000000000
     1.926134257    15.381531038     1.000000000
     1.938965091    15.374119274     1.000000000
     1.951795924    15.366032469     1.000000000
     1.964626758    15.357295602     1.000000000
     1.977457591    15.347911355     1.000000000
     1.990288424    15.337863519     1.000000000
     2.003119258    15.327121770     1.000000000
     2.015950091    15.320195831     1.000000000
     2.028780925    15.316795064     1.000000000
     2.041611758    15.313236365     1.000000000
     2.054442592    15.309532759     1.000000000
     2.067273425    15.305697745     1.000000000
     2.080104259    15.301745297     1.000000000
     2.092935092    15.297689859     1.000000000
     2.105765926    15.293546341     1.000000000
     2.118596759    15.289330105     1.000000000
     2.131427593    15.285056950     1.000000000
     2.144258426    15.280743086     1.000000000
     2.157089260    15.276405103     1.000000000
     2.169920093    15.272059930     1.000000000
     2.182750927    15.267724789     1.000000000
     2.195581760    15.263417144     1.000000000
     2.208412594    15.259154636     1.000000000
     2.221243427    15.254955014     1.000000000
     2.234074260    15.250836066     1.000000000
     2.246905094    15.246815527     1.000000000
     2.259735927    15.242911003     1.000000000
     2.272566761    15.239139868     1.000000000
     2.285397594    15.235519174     1.000000000
     2.298228428    15.232065543     1.000000000
     2.311059261    15.228795069     1.000000000
     2.323890095    15.225723208     1.000000000
     2.336720928    15.222864673     1.000000000
     2.349551762    15.220233329     1.000000000
     2.362382595    15.217842086     1.000000000
     2.375213429    15.215702806     1.000000000
     2.388044262    15.213826202     1.000000000
     2.400875096    15.212221752     1.000000000
     2.413705929    15.210897623     1.000000000
     2.426536763    15.209860595     1.000000000
     2.439367596    15.209116007     1.000000000
     2.452198429    15.208667705     1.000000000
     2.465029263    15.208518012     1.000000000
     2.465029263    15.821421299     1.000000000
     2.477804039    15.821166120     1.000000000
     2.490578815    15.820399261     1.000000000
     2.503353591    15.819116819     1.000000000
     2.516128367    15.817312483     1.000000000
     2.528903143    15.814977820     1.000000000
     2.541677919    15.812102644     1.000000000
     2.554452695    15.808675453     1.000000000
     2.567227471    15.804683906     1.000000000
     2.580002247    15.800115318     1.000000000
     2.592777023    15.794957145     1.000000000
     2.605551799    15.789197438     1.000000000
     2.618326575    15.782825250     1.000000000
     2.631101351    15.775830985     1.000000000
     2.643876127    15.768206680     1.000000000
     2.656650903    15.759946214     1.000000000
     2.669425679    15.751045460     1.000000000
     2.682200455    15.741502377     1.000000000
     2.694975231    15.731317042     1.000000000
     2.707750007    15.720491657     1.000000000
     2.720524783    15.709030517     1.000000000
     2.733299559    15.696939964     1.000000000
     2.746074335    15.684228333     1.000000000
     2.758849111    15.670905899     1.000000000
     2.771623887    15.656984842     1.000000000
     2.784398663    15.642479224     1.000000000
     2.797173439    15.627405001     1.000000000
     2.809948215    15.611780077     1.000000000
     2.822722991    15.595624409     1.000000000
     2.835497767    15.578960181     1.000000000
     2.848272543    15.561812083     1.000000000
     2.861047319    15.544207710     1.000000000
     2.873822095    15.526178158     1.000000000
     2.886596871    15.507758898     1.000000000
     2.899371647    15.488991061     1.000000000
     2.912146423    15.469923388     1.000000000
     2.924921199    15.450615252     1.000000000
     2.937695975    15.431141475     1.000000000
     2.950470751    15.411600324     1.000000000
     2.963245527    15.392127371     1.000000000
     2.976020303    15.372920786     1.000000000
     2.988795079    15.354290386     1.000000000
     3.001569855    15.336759709     1.000000000
     3.014344631    15.321295649     1.000000000
     3.027119407    15.309863615     1.000000000
     3.039894183    15.306774308     1.000000000
     3.052668959    15.320946986     1.000000000
     3.065443735    15.363218178     1.000000000
     3.078218511    15.432077984     1.000000000
     3.090993287    15.515475938     1.000000000
     3.090993287    15.515475938     1.000000000
     3.103315814    15.516017652     1.000000000
     3.115638340    15.517614507     1.000000000
     3.127960866    15.520185635     1.000000000
     3.140283393    15.523608220     1.000000000
     3.152605919    15.527731761     1.000000000
     3.164928445    15.532392526     1.000000000
     3.177250972    15.537425624     1.000000000
     3.189573498    15.542673535     1.000000000
     3.201896024    15.547991098     1.000000000
     3.214218551    15.553247617     1.000000000
     3.226541077    15.558326960     1.000000000
     3.238863604    15.563126427     1.000000000
     3.251186130    15.567554990     1.000000000
     3.263508656    15.571531305     1.000000000
     3.275831183    15.574981740     1.000000000
     3.288153709    15.577838556     1.000000000
     3.300476235    15.580038301     1.000000000
     3.312798762    15.581520441     1.000000000
     3.325121288    15.582226236     1.000000000
     3.337443814    15.582097830     1.000000000
     3.349766341    15.581077569     1.000000000
     3.362088867    15.579107515     1.000000000
     3.374411393    15.576129147     1.000000000
     3.386733920    15.572083255     1.000000000
     3.399056446    15.566909999     1.000000000
     3.411378972    15.560549137     1.000000000
     3.423701499    15.552940418     1.000000000
     3.436024025    15.544024124     1.000000000
     3.448346552    15.533741747     1.000000000
     3.460669078    15.522036791     1.000000000
     3.472991604    15.508855675     1.000000000
     3.485314131    15.494148703     1.000000000
     3.497636657    15.477871089     1.000000000
     3.509959183    15.459983975     1.000000000
     3.522281710    15.440455435     1.000000000
     3.534604236    15.419261403     1.000000000
     3.546926762    15.396386516     1.000000000
     3.559249289    15.371824818     1.000000000
     3.571571815    15.345580328     1.000000000
     3.583894341    15.317667441     1.000000000
     3.596216868    15.288111160     1.000000000
     3.608539394    15.256947170     1.000000000
     3.620861921    15.224221744     1.000000000
     3.633184447    15.189991522     1.000000000
     3.645506973    15.154323153     1.000000000
     3.657829500    15.117292827     1.000000000
     3.670152026    15.078985726     1.000000000
     3.682474552    15.039495388     1.000000000
     3.694797079    14.998923370     1.000000000
     3.694797079    14.998923370     1.000000000
     3.707627912    15.001954994     1.000000000
     3.720458746    15.005604582     1.000000000
     3.733289579    15.009864549     1.000000000
     3.746120413    15.014722441     1.000000000
     3.758951246    15.020160779     1.000000000
     3.771782079    15.026157257     1.000000000
     3.784612913    15.032684944     1.000000000
     3.797443746    15.039712505     1.000000000
     3.810274580    15.047204425     1.000000000
     3.823105413    15.055121241     1.000000000
     3.835936247    15.063419783     1.000000000
     3.848767080    15.072053418     1.000000000
     3.861597914    15.080972294     1.000000000
     3.874428747    15.090123588     1.000000000
     3.887259581    15.099451752     1.000000000
     3.900090414    15.108898752     1.000000000
     3.912921248    15.118404311     1.000000000
     3.925752081    15.127906142     1.000000000
     3.938582915    15.137340179     1.000000000
     3.951413748    15.146640805     1.000000000
     3.964244582    15.155741074     1.000000000
     3.977075415    15.164572936     1.000000000
     3.989906249    15.173067454     1.000000000
     4.002737082    15.181155031     1.000000000
     4.015567915    15.188765635     1.000000000
     4.028398749    15.195829027     1.000000000
     4.041229582    15.202275007     1.000000000
     4.054060416    15.208033658     1.000000000
     4.066891249    15.213035615     1.000000000
     4.079722083    15.217212341     1.000000000
     4.092552916    15.220496432     1.000000000
     4.105383750    15.222821937     1.000000000
     4.118214583    15.224124714     1.000000000
     4.131045417    15.224342815     1.000000000
     4.143876250    15.223416919     1.000000000
     4.156707084    15.221290814     1.000000000
     4.169537917    15.217911943     1.000000000
     4.182368751    15.213232036     1.000000000
     4.195199584    15.207207842     1.000000000
     4.208030418    15.199802001     1.000000000
     4.220861251    15.190984089     1.000000000
     4.233692084    15.180731893     1.000000000
     4.246522918    15.169032987     1.000000000
     4.259353751    15.155886715     1.000000000
     4.272184585    15.141306724     1.000000000
     4.285015418    15.125324232     1.000000000
     4.297846252    15.107992334     1.000000000
     4.310677085    15.089391745     1.000000000
     4.323507919    15.069638733     1.000000000
     4.323507919    15.069638733     1.000000000
     4.335830445    15.087531059     1.000000000
     4.348152971    15.107578315     1.000000000
     4.360475498    15.129953074     1.000000000
     4.372798024    15.154770282     1.000000000
     4.385120551    15.182062139     1.000000000
     4.397443077    15.211760344     1.000000000
     4.409765603    15.243691339     1.000000000
     4.422088130    15.277586689     1.000000000
     4.434410656    15.313105951     1.000000000
     4.446733182    15.349865911     1.000000000
     4.459055709    15.387469489     1.000000000
     4.471378235    15.425529526     1.000000000
     4.483700761    15.463685451     1.000000000
     4.496023288    15.501613104     1.000000000
     4.508345814    15.539029188     1.000000000
     4.520668340    15.575692070     1.000000000
     4.532990867    15.611400419     1.000000000
     4.545313393    15.645990738     1.000000000
     4.557635920    15.679334419     1.000000000
     4.569958446    15.711334658     1.000000000
     4.582280972    15.741923354     1.000000000
     4.594603499    15.771058020     1.000000000
     4.606926025    15.798718671     1.000000000
     4.619248551    15.824904674     1.000000000
     4.631571078    15.849631575     1.000000000
     4.643893604    15.872927932     1.000000000
     4.656216130    15.894832229     1.000000000
     4.668538657    15.915389956     1.000000000
     4.680861183    15.934650936     1.000000000
     4.693183709    15.952666972     1.000000000
     4.705506236    15.969489865     1.000000000
     4.717828762    15.985169818     1.000000000
     4.730151288    15.999754233     1.000000000
     4.742473815    16.013286867     1.000000000
     4.754796341    16.025807314     1.000000000
     4.767118868    16.037350749     1.000000000
     4.779441394    16.047947906     1.000000000
     4.791763920    16.057625215     1.000000000
     4.804086447    16.066405055     1.000000000
     4.816408973    16.074306104     1.000000000
     4.828731499    16.081343712     1.000000000
     4.841054026    16.087530310     1.000000000
     4.853376552    16.092875804     1.000000000
     4.865699078    16.097387951     1.000000000
     4.878021605    16.101072702     1.000000000
     4.890344131    16.103934501     1.000000000
     4.902666657    16.105976539     1.000000000
     4.914989184    16.107200948     1.000000000
     4.927311710    16.107608952     1.000000000
     4.927311710    16.107608952     1.000000000
     4.940142544    16.105636642     1.000000000
     4.952973377    16.099809275     1.000000000
     4.965804211    16.090380278     1.000000000
     4.978635044    16.077726749     1.000000000
     4.991465877    16.062297896     1.000000000
     5.004296711    16.044566071     1.000000000
     5.017127544    16.024989220     1.000000000
     5.029958378    16.003987326     1.000000000
     5.042789211    15.981931104     1.000000000
     5.055620045    15.959139494     1.000000000
     5.068450878    15.935882517     1.000000000
     5.081281712    15.912386865     1.000000000
     5.094112545    15.888842469     1.000000000
     5.106943379    15.865409024     1.000000000
     5.119774212    15.842221930     1.000000000
     5.132605046    15.819397436     1.000000000
     5.145435879    15.797036899     1.000000000
     5.158266713    15.775230203     1.000000000
     5.171097546    15.754058374     1.000000000
     5.183928380    15.733595469     1.000000000
     5.196759213    15.713909796     1.000000000
     5.209590047    15.695064518     1.000000000
     5.222420880    15.677117699     1.000000000
     5.235251713    15.660121851     1.000000000
     5.248082547    15.644123046     1.000000000
     5.260913380    15.629159692     1.000000000
     5.273744214    15.615261100     1.000000000
     5.286575047    15.602446001     1.000000000
     5.299405881    15.590721213     1.000000000
     5.312236714    15.580080649     1.000000000
     5.325067548    15.570504859     1.000000000
     5.337898381    15.561961241     1.000000000
     5.350729215    15.554404968     1.000000000
     5.363560048    15.547780593     1.000000000
     5.376390882    15.542024184     1.000000000
     5.389221715    15.537065808     1.000000000
     5.402052549    15.532832117     1.000000000
     5.414883382    15.529248845     1.000000000
     5.427714216    15.526243038     1.000000000
     5.440545049    15.523744927     1.000000000
     5.453375882    15.521689391     1.000000000
     5.466206716    15.520017031     1.000000000
     5.479037549    15.518674891     1.000000000
     5.491868383    15.517616897     1.000000000
     5.504699216    15.516804080     1.000000000
     5.517530050    15.516204654     1.000000000
     5.530360883    15.515793993     1.000000000
     5.543191717    15.515554580     1.000000000
     5.556022550    15.515475938     1.000000000
  
     0.000000000    16.552253720     1.000000000
     0.012322526    16.551294523     1.000000000
     0.024645053    16.548418103     1.000000000
     0.036967579    16.543627928     1.000000000
     0.049290105    16.536929649     1.000000000
     0.061612632    16.528330911     1.000000000
     0.073935158    16.517841113     1.000000000
     0.086257684    16.505471131     1.000000000
     0.098580211    16.491233023     1.000000000
     0.110902737    16.475139736     1.000000000
     0.123225264    16.457204825     1.000000000
     0.135547790    16.437442210     1.000000000
     0.147870316    16.415865976     1.000000000
     0.160192843    16.392490209     1.000000000
     0.172515369    16.367328903     1.000000000
     0.184837895    16.340395910     1.000000000
     0.197160422    16.311704941     1.000000000
     0.209482948    16.281269632     1.000000000
     0.221805474    16.249103647     1.000000000
     0.234128001    16.215220837     1.000000000
     0.246450527    16.179635451     1.000000000
     0.258773053    16.142362387     1.000000000
     0.271095580    16.103417509     1.000000000
     0.283418106    16.062818017     1.000000000
     0.295740632    16.020582894     1.000000000
     0.308063159    15.976733444     1.000000000
     0.320385685    15.931293955     1.000000000
     0.332708212    15.884292524     1.000000000
     0.345030738    15.835762129     1.000000000
     0.357353264    15.785742064     1.000000000
     0.369675791    15.734279948     1.000000000
     0.381998317    15.681434689     1.000000000
     0.394320843    15.627281089     1.000000000
     0.406643370    15.571917480     1.000000000
     0.418965896    15.515479245     1.000000000
     0.431288422    15.458164578     1.000000000
     0.443610949    15.400287515     1.000000000
     0.455933475    15.342395960     1.000000000
     0.468256001    15.285549139     1.000000000
     0.480578528    15.231930566     1.000000000
     0.492901054    15.185534568     1.000000000
     0.505223581    15.150150833     1.000000000
     0.517546107    15.124677825     1.000000000
     0.529868633    15.105240088     1.000000000
     0.542191160    15.089166926     1.000000000
     0.554513686    15.075133947     1.000000000
     0.566836212    15.062484810     1.000000000
     0.579158739    15.050861514     1.000000000
     0.591481265    15.040044946     1.000000000
     0.603803791    15.029885345     1.000000000
     0.603803791    15.029885345     1.000000000
     0.616634625    15.030069636     1.000000000
     0.629465458    15.030614858     1.000000000
     0.642296292    15.031498286     1.000000000
     0.655127125    15.032682845     1.000000000
     0.667957959    15.034118233     1.000000000
     0.680788792    15.035742401     1.000000000
     0.693619626    15.037483272     1.000000000
     0.706450459    15.039260639     1.000000000
     0.719281293    15.040988151     1.000000000
     0.732112126    15.042575338     1.000000000
     0.744942960    15.043929640     1.000000000
     0.757773793    15.044958420     1.000000000
     0.770604626    15.045570955     1.000000000
     0.783435460    15.045680393     1.000000000
     0.796266293    15.045205695     1.000000000
     0.809097127    15.044073527     1.000000000
     0.821927960    15.042220093     1.000000000
     0.834758794    15.039592878     1.000000000
     0.847589627    15.036152236     1.000000000
     0.860420461    15.031872783     1.000000000
     0.873251294    15.026744513     1.000000000
     0.886082128    15.020773571     1.000000000
     0.898912961    15.013982619     1.000000000
     0.911743795    15.006410748     1.000000000
     0.924574628    14.998112889     1.000000000
     0.937405462    14.989158730     1.000000000
     0.950236295    14.979631156     1.000000000
     0.963067129    14.969624249     1.000000000
     0.975897962    14.959240952     1.000000000
     0.988728796    14.948590474     1.000000000
     1.001559629    14.937785573     1.000000000
     1.014390462    14.926939840     1.000000000
     1.027221296    14.916165105     1.000000000
     1.040052129    14.905569101     1.000000000
     1.052882963    14.895253464     1.000000000
     1.065713796    14.885312159     1.000000000
     1.078544630    14.875830364     1.000000000
     1.091375463    14.866883823     1.000000000
     1.104206297    14.858538637     1.000000000
     1.117037130    14.850851447     1.000000000
     1.129867964    14.843869925     1.000000000
     1.142698797    14.837633492     1.000000000
     1.155529631    14.832174173     1.000000000
     1.168360464    14.827517500     1.000000000
     1.181191298    14.823683397     1.000000000
     1.194022131    14.820686993     1.000000000
     1.206852965    14.818539310     1.000000000
     1.219683798    14.817247823     1.000000000
     1.232514631    14.816816854     1.000000000
     1.232514631    14.816816854     1.000000000
     1.244837158    14.847916423     1.000000000
     1.257159684    14.883727985     1.000000000
     1.269482211    14.923709004     1.000000000
     1.281804737    14.967321573     1.000000000
     1.294127263    15.014055304     1.000000000
     1.306449790    15.063435638     1.000000000
     1.318772316    15.115023877     1.000000000
     1.331094842    15.168413857     1.000000000
     1.343417369    15.223228248     1.000000000
     1.355739895    15.279115838     1.000000000
     1.368062421    15.335750052     1.000000000
     1.380384948    15.392828396     1.000000000
     1.392707474    15.450072314     1.000000000
     1.405030000    15.507227014     1.000000000
     1.417352527    15.564060982     1.000000000
     1.429675053    15.620365062     1.000000000
     1.441997580    15.675951122     1.000000000
     1.454320106    15.730650389     1.000000000
     1.466642632    15.784311575     1.000000000
     1.478965159    15.836798880     1.000000000
     1.491287685    15.887989983     1.000000000
     1.503610211    15.937774056     1.000000000
     1.515932738    15.986049839     1.000000000
     1.528255264    16.032723790     1.000000000
     1.540577790    16.077708279     1.000000000
     1.552900317    16.053862890     1.000000000
     1.565222843    16.014865783     1.000000000
     1.577545369    15.976496380     1.000000000
     1.589867896    15.938766064     1.000000000
     1.602190422    15.901691786     1.000000000
     1.614512948    15.865296512     1.000000000
     1.626835475    15.829609646     1.000000000
     1.639158001    15.794667434     1.000000000
     1.651480528    15.760513319     1.000000000
     1.663803054    15.787536839     1.000000000
     1.676125580    15.823660857     1.000000000
     1.688448107    15.859907469     1.000000000
     1.700770633    15.896279522     1.000000000
     1.713093159    15.932749017     1.000000000
     1.725415686    15.969246522     1.000000000
     1.737738212    16.005646355     1.000000000
     1.750060738    16.041744754     1.000000000
     1.762383265    16.077225793     1.000000000
     1.774705791    16.111605055     1.000000000
     1.787028317    16.144132519     1.000000000
     1.799350844    16.173625122     1.000000000
     1.811673370    16.198211612     1.000000000
     1.823995896    16.215134343     1.000000000
     1.836318423    16.221280427     1.000000000
     1.836318423    16.221280427     1.000000000
     1.849149256    16.223683732     1.000000000
     1.861980090    16.230851272     1.000000000
     1.874810923    16.242659163     1.000000000
     1.887641757    16.258911009     1.000000000
     1.900472590    16.279350943     1.000000000
     1.913303424    16.303678519     1.000000000
     1.926134257    16.331563499     1.000000000
     1.938965091    16.362659169     1.000000000
     1.951795924    16.396613501     1.000000000
     1.964626758    16.433077993     1.000000000
     1.977457591    16.460923035     1.000000000
     1.990288424    16.465675307     1.000000000
     2.003119258    16.470237058     1.000000000
     2.015950091    16.474538434     1.000000000
     2.028780925    16.478523930     1.000000000
     2.041611758    16.482152286     1.000000000
     2.054442592    16.485395731     1.000000000
     2.067273425    16.488238751     1.000000000
     2.080104259    16.490676555     1.000000000
     2.092935092    16.492713414     1.000000000
     2.105765926    16.494360993     1.000000000
     2.118596759    16.495636777     1.000000000
     2.131427593    16.496562649     1.000000000
     2.144258426    16.497163658     1.000000000
     2.157089260    16.497466970     1.000000000
     2.169920093    16.497501020     1.000000000
     2.182750927    16.497294819     1.000000000
     2.195581760    16.496877414     1.000000000
     2.208412594    16.496277472     1.000000000
     2.221243427    16.495522969     1.000000000
     2.234074260    16.494640949     1.000000000
     2.246905094    16.493657361     1.000000000
     2.259735927    16.492596931     1.000000000
     2.272566761    16.491483086     1.000000000
     2.285397594    16.490337892     1.000000000
     2.298228428    16.489182017     1.000000000
     2.311059261    16.488034713     1.000000000
     2.323890095    16.486913800     1.000000000
     2.336720928    16.485835664     1.000000000
     2.349551762    16.484815252     1.000000000
     2.362382595    16.483866072     1.000000000
     2.375213429    16.483000202     1.000000000
     2.388044262    16.482228288     1.000000000
     2.400875096    16.481559548     1.000000000
     2.413705929    16.481001778     1.000000000
     2.426536763    16.480561351     1.000000000
     2.439367596    16.480243223     1.000000000
     2.452198429    16.480050931     1.000000000
     2.465029263    16.479986598     1.000000000
     2.465029263    16.552253720     1.000000000
     2.477804039    16.552790803     1.000000000
     2.490578815    16.554402009     1.000000000
     2.503353591    16.557087154     1.000000000
     2.516128367    16.560845787     1.000000000
     2.528903143    16.565676972     1.000000000
     2.541677919    16.571579020     1.000000000
     2.554452695    16.578549171     1.000000000
     2.567227471    16.586583264     1.000000000
     2.580002247    16.595675413     1.000000000
     2.592777023    16.605817712     1.000000000
     2.605551799    16.616999984     1.000000000
     2.618326575    16.629209601     1.000000000
     2.631101351    16.642431370     1.000000000
     2.643876127    16.656647504     1.000000000
     2.656650903    16.671837664     1.000000000
     2.669425679    16.687979081     1.000000000
     2.682200455    16.705046741     1.000000000
     2.694975231    16.723013624     1.000000000
     2.707750007    16.741850997     1.000000000
     2.720524783    16.761528731     1.000000000
     2.733299559    16.782015649     1.000000000
     2.746074335    16.803279886     1.000000000
     2.758849111    16.825289259     1.000000000
     2.771623887    16.848011636     1.000000000
     2.784398663    16.871415297     1.000000000
     2.797173439    16.895469293     1.000000000
     2.809948215    16.920143796     1.000000000
     2.822722991    16.945410429     1.000000000
     2.835497767    16.954580699     1.000000000
     2.848272543    16.906916229     1.000000000
     2.861047319    16.856929680     1.000000000
     2.873822095    16.804517142     1.000000000
     2.886596871    16.749578089     1.000000000
     2.899371647    16.692018508     1.000000000
     2.912146423    16.631754176     1.000000000
     2.924921199    16.568713947     1.000000000
     2.937695975    16.502842968     1.000000000
     2.950470751    16.434105738     1.000000000
     2.963245527    16.362489064     1.000000000
     2.976020303    16.288005045     1.000000000
     2.988795079    16.210694472     1.000000000
     3.001569855    16.130631372     1.000000000
     3.014344631    16.047930064     1.000000000
     3.027119407    15.962757374     1.000000000
     3.039894183    15.875355327     1.000000000
     3.052668959    15.786085910     1.000000000
     3.065443735    15.695525056     1.000000000
     3.078218511    15.604674654     1.000000000
     3.090993287    15.515476063     1.000000000
     3.090993287    15.515476063     1.000000000
     3.103315814    15.516017765     1.000000000
     3.115638340    15.517614608     1.000000000
     3.127960866    15.520185724     1.000000000
     3.140283393    15.523608298     1.000000000
     3.152605919    15.527731828     1.000000000
     3.164928445    15.532392584     1.000000000
     3.177250972    15.537425676     1.000000000
     3.189573498    15.542673584     1.000000000
     3.201896024    15.547991148     1.000000000
     3.214218551    15.553247672     1.000000000
     3.226541077    15.558327023     1.000000000
     3.238863604    15.563126501     1.000000000
     3.251186130    15.567555076     1.000000000
     3.263508656    15.571531404     1.000000000
     3.275831183    15.574981852     1.000000000
     3.288153709    15.577838681     1.000000000
     3.300476235    15.580038439     1.000000000
     3.312798762    15.581520594     1.000000000
     3.325121288    15.582226402     1.000000000
     3.337443814    15.582098010     1.000000000
     3.349766341    15.581077763     1.000000000
     3.362088867    15.579107722     1.000000000
     3.374411393    15.576129368     1.000000000
     3.386733920    15.572083489     1.000000000
     3.399056446    15.566910245     1.000000000
     3.411378972    15.560549395     1.000000000
     3.423701499    15.552940689     1.000000000
     3.436024025    15.544024407     1.000000000
     3.448346552    15.533742041     1.000000000
     3.460669078    15.522037096     1.000000000
     3.472991604    15.508855990     1.000000000
     3.485314131    15.494149029     1.000000000
     3.497636657    15.477871424     1.000000000
     3.509959183    15.459984319     1.000000000
     3.522281710    15.440455787     1.000000000
     3.534604236    15.419261763     1.000000000
     3.546926762    15.396386882     1.000000000
     3.559249289    15.371825190     1.000000000
     3.571571815    15.345580705     1.000000000
     3.583894341    15.317667822     1.000000000
     3.596216868    15.288111545     1.000000000
     3.608539394    15.256947557     1.000000000
     3.620861921    15.224222132     1.000000000
     3.633184447    15.189991911     1.000000000
     3.645506973    15.154323540     1.000000000
     3.657829500    15.117293212     1.000000000
     3.670152026    15.078986109     1.000000000
     3.682474552    15.039495766     1.000000000
     3.694797079    14.998923418     1.000000000
     3.694797079    14.998923418     1.000000000
     3.707627912    15.001955364     1.000000000
     3.720458746    15.005604951     1.000000000
     3.733289579    15.009864917     1.000000000
     3.746120413    15.014722808     1.000000000
     3.758951246    15.020161145     1.000000000
     3.771782079    15.026157621     1.000000000
     3.784612913    15.032685307     1.000000000
     3.797443746    15.039712866     1.000000000
     3.810274580    15.047204783     1.000000000
     3.823105413    15.055121597     1.000000000
     3.835936247    15.063420136     1.000000000
     3.848767080    15.072053768     1.000000000
     3.861597914    15.080972640     1.000000000
     3.874428747    15.090123931     1.000000000
     3.887259581    15.099452091     1.000000000
     3.900090414    15.108899087     1.000000000
     3.912921248    15.118404642     1.000000000
     3.925752081    15.127906469     1.000000000
     3.938582915    15.137340502     1.000000000
     3.951413748    15.146641123     1.000000000
     3.964244582    15.155741387     1.000000000
     3.977075415    15.164573244     1.000000000
     3.989906249    15.173067757     1.000000000
     4.002737082    15.181155329     1.000000000
     4.015567915    15.188765926     1.000000000
     4.028398749    15.195829313     1.000000000
     4.041229582    15.202275286     1.000000000
     4.054060416    15.208033931     1.000000000
     4.066891249    15.213035881     1.000000000
     4.079722083    15.217212601     1.000000000
     4.092552916    15.220496685     1.000000000
     4.105383750    15.222822183     1.000000000
     4.118214583    15.224124952     1.000000000
     4.131045417    15.224343045     1.000000000
     4.143876250    15.223417142     1.000000000
     4.156707084    15.221291030     1.000000000
     4.169537917    15.217912152     1.000000000
     4.182368751    15.213232237     1.000000000
     4.195199584    15.207208035     1.000000000
     4.208030418    15.199802187     1.000000000
     4.220861251    15.190984269     1.000000000
     4.233692084    15.180732066     1.000000000
     4.246522918    15.169033153     1.000000000
     4.259353751    15.155886876     1.000000000
     4.272184585    15.141306880     1.000000000
     4.285015418    15.125324383     1.000000000
     4.297846252    15.107992482     1.000000000
     4.310677085    15.089391890     1.000000000
     4.323507919    15.069638882     1.000000000
     4.323507919    15.069638882     1.000000000
     4.335830445    15.087531183     1.000000000
     4.348152971    15.107578438     1.000000000
     4.360475498    15.129953197     1.000000000
     4.372798024    15.154770409     1.000000000
     4.385120551    15.182062273     1.000000000
     4.397443077    15.211760487     1.000000000
     4.409765603    15.243691493     1.000000000
     4.422088130    15.277586855     1.000000000
     4.434410656    15.313106128     1.000000000
     4.446733182    15.349866098     1.000000000
     4.459055709    15.387469686     1.000000000
     4.471378235    15.425529731     1.000000000
     4.483700761    15.463685663     1.000000000
     4.496023288    15.501613321     1.000000000
     4.508345814    15.539029409     1.000000000
     4.520668340    15.575692292     1.000000000
     4.532990867    15.611400642     1.000000000
     4.545313393    15.645990960     1.000000000
     4.557635920    15.679334639     1.000000000
     4.569958446    15.711334874     1.000000000
     4.582280972    15.741923565     1.000000000
     4.594603499    15.771058225     1.000000000
     4.606926025    15.798718869     1.000000000
     4.619248551    15.824904865     1.000000000
     4.631571078    15.849631758     1.000000000
     4.643893604    15.872928106     1.000000000
     4.656216130    15.894832394     1.000000000
     4.668538657    15.915390112     1.000000000
     4.680861183    15.934651083     1.000000000
     4.693183709    15.952667111     1.000000000
     4.705506236    15.969489996     1.000000000
     4.717828762    15.985169941     1.000000000
     4.730151288    15.999754349     1.000000000
     4.742473815    16.013286977     1.000000000
     4.754796341    16.025807417     1.000000000
     4.767118868    16.037350847     1.000000000
     4.779441394    16.047948001     1.000000000
     4.791763920    16.057625306     1.000000000
     4.804086447    16.066405144     1.000000000
     4.816408973    16.074306190     1.000000000
     4.828731499    16.081343796     1.000000000
     4.841054026    16.087530393     1.000000000
     4.853376552    16.092875886     1.000000000
     4.865699078    16.097388032     1.000000000
     4.878021605    16.101072783     1.000000000
     4.890344131    16.103934581     1.000000000
     4.902666657    16.105976618     1.000000000
     4.914989184    16.107201026     1.000000000
     4.927311710    16.107609030     1.000000000
     4.927311710    16.107609030     1.000000000
     4.940142544    16.105636720     1.000000000
     4.952973377    16.099809352     1.000000000
     4.965804211    16.090380353     1.000000000
     4.978635044    16.077726823     1.000000000
     4.991465877    16.062297970     1.000000000
     5.004296711    16.044566147     1.000000000
     5.017127544    16.024989299     1.000000000
     5.029958378    16.003987408     1.000000000
     5.042789211    15.981931190     1.000000000
     5.055620045    15.959139583     1.000000000
     5.068450878    15.935882609     1.000000000
     5.081281712    15.912386960     1.000000000
     5.094112545    15.888842567     1.000000000
     5.106943379    15.865409124     1.000000000
     5.119774212    15.842222032     1.000000000
     5.132605046    15.819397539     1.000000000
     5.145435879    15.797037003     1.000000000
     5.158266713    15.775230308     1.000000000
     5.171097546    15.754058479     1.000000000
     5.183928380    15.733595576     1.000000000
     5.196759213    15.713909903     1.000000000
     5.209590047    15.695064625     1.000000000
     5.222420880    15.677117807     1.000000000
     5.235251713    15.660121959     1.000000000
     5.248082547    15.644123155     1.000000000
     5.260913380    15.629159801     1.000000000
     5.273744214    15.615261209     1.000000000
     5.286575047    15.602446111     1.000000000
     5.299405881    15.590721324     1.000000000
     5.312236714    15.580080761     1.000000000
     5.325067548    15.570504971     1.000000000
     5.337898381    15.561961354     1.000000000
     5.350729215    15.554405082     1.000000000
     5.363560048    15.547780707     1.000000000
     5.376390882    15.542024300     1.000000000
     5.389221715    15.537065924     1.000000000
     5.402052549    15.532832234     1.000000000
     5.414883382    15.529248963     1.000000000
     5.427714216    15.526243157     1.000000000
     5.440545049    15.523745047     1.000000000
     5.453375882    15.521689512     1.000000000
     5.466206716    15.520017152     1.000000000
     5.479037549    15.518675013     1.000000000
     5.491868383    15.517617019     1.000000000
     5.504699216    15.516804204     1.000000000
     5.517530050    15.516204777     1.000000000
     5.530360883    15.515794117     1.000000000
     5.543191717    15.515554704     1.000000000
     5.556022550    15.515476063     1.000000000
  
     0.000000000    17.599026755     1.000000000
     0.012322526    17.599227894     1.000000000
     0.024645053    17.599828978     1.000000000
     0.036967579    17.600823081     1.000000000
     0.049290105    17.602198894     1.000000000
     0.061612632    17.603941066     1.000000000
     0.073935158    17.606030650     1.000000000
     0.086257684    17.608445634     1.000000000
     0.098580211    17.611161525     1.000000000
     0.110902737    17.614151967     1.000000000
     0.123225264    17.617389359     1.000000000
     0.135547790    17.620845458     1.000000000
     0.147870316    17.624491937     1.000000000
     0.160192843    17.628300902     1.000000000
     0.172515369    17.632245343     1.000000000
     0.184837895    17.636299525     1.000000000
     0.197160422    17.640439309     1.000000000
     0.209482948    17.644642412     1.000000000
     0.221805474    17.648888604     1.000000000
     0.234128001    17.653159847     1.000000000
     0.246450527    17.657440391     1.000000000
     0.258773053    17.661716810     1.000000000
     0.271095580    17.665978015     1.000000000
     0.283418106    17.670215219     1.000000000
     0.295740632    17.674421881     1.000000000
     0.308063159    17.678593623     1.000000000
     0.320385685    17.682728125     1.000000000
     0.332708212    17.686825009     1.000000000
     0.345030738    17.690885701     1.000000000
     0.357353264    17.694913294     1.000000000
     0.369675791    17.698912389     1.000000000
     0.381998317    17.702888947     1.000000000
     0.394320843    17.706850121     1.000000000
     0.406643370    17.710804103     1.000000000
     0.418965896    17.714759957     1.000000000
     0.431288422    17.718727462     1.000000000
     0.443610949    17.722716960     1.000000000
     0.455933475    17.726739199     1.000000000
     0.468256001    17.730805193     1.000000000
     0.480578528    17.734926081     1.000000000
     0.492901054    17.739113000     1.000000000
     0.505223581    17.743376960     1.000000000
     0.517546107    17.747728734     1.000000000
     0.529868633    17.752178758     1.000000000
     0.542191160    17.756737032     1.000000000
     0.554513686    17.761413047     1.000000000
     0.566836212    17.766215707     1.000000000
     0.579158739    17.771153272     1.000000000
     0.591481265    17.776233303     1.000000000
     0.603803791    17.781462610     1.000000000
     0.603803791    17.781462610     1.000000000
     0.616634625    17.780682042     1.000000000
     0.629465458    17.778345731     1.000000000
     0.642296292    17.774469876     1.000000000
     0.655127125    17.769081626     1.000000000
     0.667957959    17.762219283     1.000000000
     0.680788792    17.753932550     1.000000000
     0.693619626    17.744282787     1.000000000
     0.706450459    17.733343228     1.000000000
     0.719281293    17.721199104     1.000000000
     0.732112126    17.707947592     1.000000000
     0.744942960    17.693697548     1.000000000
     0.757773793    17.678568929     1.000000000
     0.770604626    17.662691857     1.000000000
     0.783435460    17.646205265     1.000000000
     0.796266293    17.629255110     1.000000000
     0.809097127    17.611992137     1.000000000
     0.821927960    17.594569229     1.000000000
     0.834758794    17.577138424     1.000000000
     0.847589627    17.559847679     1.000000000
     0.860420461    17.542837530     1.000000000
     0.873251294    17.526237798     1.000000000
     0.886082128    17.510164501     1.000000000
     0.898912961    17.494717151     1.000000000
     0.911743795    17.479976573     1.000000000
     0.924574628    17.466003392     1.000000000
     0.937405462    17.452837271     1.000000000
     0.950236295    17.440496977     1.000000000
     0.963067129    17.428981291     1.000000000
     0.975897962    17.418270741     1.000000000
     0.988728796    17.408330116     1.000000000
     1.001559629    17.399111657     1.000000000
     1.014390462    17.390558797     1.000000000
     1.027221296    17.382610282     1.000000000
     1.040052129    17.375204453     1.000000000
     1.052882963    17.368283455     1.000000000
     1.065713796    17.361797086     1.000000000
     1.078544630    17.355706022     1.000000000
     1.091375463    17.349984160     1.000000000
     1.104206297    17.344619891     1.000000000
     1.117037130    17.339616194     1.000000000
     1.129867964    17.334989577     1.000000000
     1.142698797    17.330767974     1.000000000
     1.155529631    17.326987832     1.000000000
     1.168360464    17.323690673     1.000000000
     1.181191298    17.320919440     1.000000000
     1.194022131    17.318714925     1.000000000
     1.206852965    17.317112534     1.000000000
     1.219683798    17.316139589     1.000000000
     1.232514631    17.315813312     1.000000000
     1.232514631    17.315813312     1.000000000
     1.244837158    17.257521323     1.000000000
     1.257159684    17.199953495     1.000000000
     1.269482211    17.143143979     1.000000000
     1.281804737    17.087119990     1.000000000
     1.294127263    17.031902548     1.000000000
     1.306449790    16.977507007     1.000000000
     1.318772316    16.923943495     1.000000000
     1.331094842    16.871217310     1.000000000
     1.343417369    16.819329308     1.000000000
     1.355739895    16.768276305     1.000000000
     1.368062421    16.718051493     1.000000000
     1.380384948    16.668644883     1.000000000
     1.392707474    16.620043760     1.000000000
     1.405030000    16.572233165     1.000000000
     1.417352527    16.525196391     1.000000000
     1.429675053    16.478915482     1.000000000
     1.441997580    16.433371752     1.000000000
     1.454320106    16.388546294     1.000000000
     1.466642632    16.344420499     1.000000000
     1.478965159    16.300976565     1.000000000
     1.491287685    16.258198004     1.000000000
     1.503610211    16.216070141     1.000000000
     1.515932738    16.174580605     1.000000000
     1.528255264    16.133719810     1.000000000
     1.540577790    16.093481435     1.000000000
     1.552900317    16.120919820     1.000000000
     1.565222843    16.162277298     1.000000000
     1.577545369    16.201700134     1.000000000
     1.589867896    16.239106360     1.000000000
     1.602190422    16.274410520     1.000000000
     1.614512948    16.307521365     1.000000000
     1.626835475    16.338339297     1.000000000
     1.639158001    16.366753541     1.000000000
     1.651480528    16.392639130     1.000000000
     1.663803054    16.415853884     1.000000000
     1.676125580    16.436235842     1.000000000
     1.688448107    16.453601989     1.000000000
     1.700770633    16.467749794     1.000000000
     1.713093159    16.478463915     1.000000000
     1.725415686    16.485531512     1.000000000
     1.737738212    16.488770476     1.000000000
     1.750060738    16.488075098     1.000000000
     1.762383265    16.483483027     1.000000000
     1.774705791    16.475266958     1.000000000
     1.787028317    16.464058195     1.000000000
     1.799350844    16.451019648     1.000000000
     1.811673370    16.438080075     1.000000000
     1.823995896    16.428090470     1.000000000
     1.836318423    16.424244867     1.000000000
     1.836318423    16.424244867     1.000000000
     1.849149256    16.424649077     1.000000000
     1.861980090    16.425849632     1.000000000
     1.874810923    16.427810863     1.000000000
     1.887641757    16.430475180     1.000000000
     1.900472590    16.433765740     1.000000000
     1.913303424    16.437589968     1.000000000
     1.926134257    16.441843729     1.000000000
     1.938965091    16.446415893     1.000000000
     1.951795924    16.451192997     1.000000000
     1.964626758    16.456063745     1.000000000
     1.977457591    16.471714306     1.000000000
     1.990288424    16.512198926     1.000000000
     2.003119258    16.554226103     1.000000000
     2.015950091    16.597509294     1.000000000
     2.028780925    16.641781348     1.000000000
     2.041611758    16.686793642     1.000000000
     2.054442592    16.732314458     1.000000000
     2.067273425    16.778126836     1.000000000
     2.080104259    16.824026207     1.000000000
     2.092935092    16.869818046     1.000000000
     2.105765926    16.915315793     1.000000000
     2.118596759    16.960339229     1.000000000
     2.131427593    17.004713429     1.000000000
     2.144258426    17.048268388     1.000000000
     2.157089260    17.090839334     1.000000000
     2.169920093    17.132267681     1.000000000
     2.182750927    17.172402545     1.000000000
     2.195581760    17.211102666     1.000000000
     2.208412594    17.248238574     1.000000000
     2.221243427    17.283694768     1.000000000
     2.234074260    17.317371707     1.000000000
     2.246905094    17.349187405     1.000000000
     2.259735927    17.379078444     1.000000000
     2.272566761    17.407000306     1.000000000
     2.285397594    17.432926962     1.000000000
     2.298228428    17.456849740     1.000000000
     2.311059261    17.478775567     1.000000000
     2.323890095    17.498724703     1.000000000
     2.336720928    17.516728146     1.000000000
     2.349551762    17.532824869     1.000000000
     2.362382595    17.547059038     1.000000000
     2.375213429    17.559477360     1.000000000
     2.388044262    17.570126640     1.000000000
     2.400875096    17.579051615     1.000000000
     2.413705929    17.586293110     1.000000000
     2.426536763    17.591886501     1.000000000
     2.439367596    17.595860509     1.000000000
     2.452198429    17.598236282     1.000000000
     2.465029263    17.599026755     1.000000000
     2.465029263    17.599026755     1.000000000
     2.477804039    17.598243524     1.000000000
     2.490578815    17.595894957     1.000000000
     2.503353591    17.591984390     1.000000000
     2.516128367    17.586517272     1.000000000
     2.528903143    17.579500990     1.000000000
     2.541677919    17.570944634     1.000000000
     2.554452695    17.560858684     1.000000000
     2.567227471    17.549254643     1.000000000
     2.580002247    17.536144597     1.000000000
     2.592777023    17.521540712     1.000000000
     2.605551799    17.505454674     1.000000000
     2.618326575    17.487897071     1.000000000
     2.631101351    17.468876721     1.000000000
     2.643876127    17.448399962     1.000000000
     2.656650903    17.426469891     1.000000000
     2.669425679    17.403085593     1.000000000
     2.682200455    17.378241338     1.000000000
     2.694975231    17.351925793     1.000000000
     2.707750007    17.324121243     1.000000000
     2.720524783    17.294802857     1.000000000
     2.733299559    17.263938026     1.000000000
     2.746074335    17.231485798     1.000000000
     2.758849111    17.197396446     1.000000000
     2.771623887    17.161611223     1.000000000
     2.784398663    17.124062336     1.000000000
     2.797173439    17.084673189     1.000000000
     2.809948215    17.043358954     1.000000000
     2.822722991    17.000027494     1.000000000
     2.835497767    16.971242597     1.000000000
     2.848272543    16.997615796     1.000000000
     2.861047319    17.024507918     1.000000000
     2.873822095    17.051899543     1.000000000
     2.886596871    17.079774219     1.000000000
     2.899371647    17.108118735     1.000000000
     2.912146423    17.136923383     1.000000000
     2.924921199    17.166182210     1.000000000
     2.937695975    17.195893250     1.000000000
     2.950470751    17.226058754     1.000000000
     2.963245527    17.256685383     1.000000000
     2.976020303    17.287784388     1.000000000
     2.988795079    17.319371751     1.000000000
     3.001569855    17.351468286     1.000000000
     3.014344631    17.384099679     1.000000000
     3.027119407    17.417296465     1.000000000
     3.039894183    17.451093911     1.000000000
     3.052668959    17.485531802     1.000000000
     3.065443735    17.520654081     1.000000000
     3.078218511    17.556508351     1.000000000
     3.090993287    17.593145178     1.000000000
     3.090993287    17.593145178     1.000000000
     3.103315814    17.592755184     1.000000000
     3.115638340    17.591586821     1.000000000
     3.127960866    17.589644956     1.000000000
     3.140283393    17.586937715     1.000000000
     3.152605919    17.583476500     1.000000000
     3.164928445    17.579276018     1.000000000
     3.177250972    17.574354318     1.000000000
     3.189573498    17.568732831     1.000000000
     3.201896024    17.562436425     1.000000000
     3.214218551    17.555493461     1.000000000
     3.226541077    17.547935865     1.000000000
     3.238863604    17.539799192     1.000000000
     3.251186130    17.531122710     1.000000000
     3.263508656    17.521949471     1.000000000
     3.275831183    17.512326387     1.000000000
     3.288153709    17.502304301     1.000000000
     3.300476235    17.491938040     1.000000000
     3.312798762    17.481286456     1.000000000
     3.325121288    17.470412432     1.000000000
     3.337443814    17.459382863     1.000000000
     3.349766341    17.448268582     1.000000000
     3.362088867    17.437144234     1.000000000
     3.374411393    17.426088090     1.000000000
     3.386733920    17.415181768     1.000000000
     3.399056446    17.404509886     1.000000000
     3.411378972    17.394159607     1.000000000
     3.423701499    17.384220092     1.000000000
     3.436024025    17.374781851     1.000000000
     3.448346552    17.365936002     1.000000000
     3.460669078    17.357773437     1.000000000
     3.472991604    17.350383924     1.000000000
     3.485314131    17.343855157     1.000000000
     3.497636657    17.338271783     1.000000000
     3.509959183    17.333714435     1.000000000
     3.522281710    17.330258809     1.000000000
     3.534604236    17.327974811     1.000000000
     3.546926762    17.326925804     1.000000000
     3.559249289    17.327167994     1.000000000
     3.571571815    17.328749948     1.000000000
     3.583894341    17.331712279     1.000000000
     3.596216868    17.336087486     1.000000000
     3.608539394    17.341899944     1.000000000
     3.620861921    17.349166035     1.000000000
     3.633184447    17.357894387     1.000000000
     3.645506973    17.368086219     1.000000000
     3.657829500    17.379735745     1.000000000
     3.670152026    17.392830620     1.000000000
     3.682474552    17.407352412     1.000000000
     3.694797079    17.423277034     1.000000000
     3.694797079    17.423277034     1.000000000
     3.707627912    17.394181684     1.000000000
     3.720458746    17.362945689     1.000000000
     3.733289579    17.329689008     1.000000000
     3.746120413    17.294540757     1.000000000
     3.758951246    17.257638623     1.000000000
     3.771782079    17.219128313     1.000000000
     3.784612913    17.179163088     1.000000000
     3.797443746    17.137903372     1.000000000
     3.810274580    17.095516465     1.000000000
     3.823105413    17.052176343     1.000000000
     3.835936247    17.008063563     1.000000000
     3.848767080    16.963365257     1.000000000
     3.861597914    16.918275201     1.000000000
     3.874428747    16.872993946     1.000000000
     3.887259581    16.827728976     1.000000000
     3.900090414    16.782694844     1.000000000
     3.912921248    16.738113236     1.000000000
     3.925752081    16.694212872     1.000000000
     3.938582915    16.651229150     1.000000000
     3.951413748    16.609403404     1.000000000
     3.964244582    16.568981643     1.000000000
     3.977075415    16.530212611     1.000000000
     3.989906249    16.493345039     1.000000000
     4.002737082    16.458623991     1.000000000
     4.015567915    16.426286271     1.000000000
     4.028398749    16.396555001     1.000000000
     4.041229582    16.369633607     1.000000000
     4.054060416    16.345699629     1.000000000
     4.066891249    16.324898905     1.000000000
     4.079722083    16.307340758     1.000000000
     4.092552916    16.293094771     1.000000000
     4.105383750    16.282189591     1.000000000
     4.118214583    16.274613922     1.000000000
     4.131045417    16.270319598     1.000000000
     4.143876250    16.269226312     1.000000000
     4.156707084    16.271227434     1.000000000
     4.169537917    16.276196254     1.000000000
     4.182368751    16.283992075     1.000000000
     4.195199584    16.294465703     1.000000000
     4.208030418    16.307464042     1.000000000
     4.220861251    16.322833696     1.000000000
     4.233692084    16.340423589     1.000000000
     4.246522918    16.360086708     1.000000000
     4.259353751    16.381681133     1.000000000
     4.272184585    16.405070511     1.000000000
     4.285015418    16.430124131     1.000000000
     4.297846252    16.456716742     1.000000000
     4.310677085    16.484728202     1.000000000
     4.323507919    16.514042927     1.000000000
     4.323507919    16.514042927     1.000000000
     4.335830445    16.510347310     1.000000000
     4.348152971    16.506608223     1.000000000
     4.360475498    16.502813370     1.000000000
     4.372798024    16.498955607     1.000000000
     4.385120551    16.495032694     1.000000000
     4.397443077    16.491046891     1.000000000
     4.409765603    16.487004524     1.000000000
     4.422088130    16.482915510     1.000000000
     4.434410656    16.478792882     1.000000000
     4.446733182    16.474652293     1.000000000
     4.459055709    16.470511526     1.000000000
     4.471378235    16.466390000     1.000000000
     4.483700761    16.462308296     1.000000000
     4.496023288    16.458287679     1.000000000
     4.508345814    16.454349651     1.000000000
     4.520668340    16.450515515     1.000000000
     4.532990867    16.446805966     1.000000000
     4.545313393    16.443240703     1.000000000
     4.557635920    16.439838082     1.000000000
     4.569958446    16.436614787     1.000000000
     4.582280972    16.433585549     1.000000000
     4.594603499    16.430762899     1.000000000
     4.606926025    16.428156967     1.000000000
     4.619248551    16.425775321     1.000000000
     4.631571078    16.423622858     1.000000000
     4.643893604    16.421701743     1.000000000
     4.656216130    16.420011394     1.000000000
     4.668538657    16.418548521     1.000000000
     4.680861183    16.417307210     1.000000000
     4.693183709    16.416279053     1.000000000
     4.705506236    16.415453327     1.000000000
     4.717828762    16.414817205     1.000000000
     4.730151288    16.414356007     1.000000000
     4.742473815    16.414053480     1.000000000
     4.754796341    16.413892098     1.000000000
     4.767118868    16.413853391     1.000000000
     4.779441394    16.413918270     1.000000000
     4.791763920    16.414067371     1.000000000
     4.804086447    16.414281395     1.000000000
     4.816408973    16.414541436     1.000000000
     4.828731499    16.414829306     1.000000000
     4.841054026    16.415127837     1.000000000
     4.853376552    16.415421166     1.000000000
     4.865699078    16.415694995     1.000000000
     4.878021605    16.415936818     1.000000000
     4.890344131    16.416136124     1.000000000
     4.902666657    16.416284563     1.000000000
     4.914989184    16.416376075     1.000000000
     4.927311710    16.416406985     1.000000000
     4.927311710    16.416406985     1.000000000
     4.940142544    16.417326474     1.000000000
     4.952973377    16.420082368     1.000000000
     4.965804211    16.424667351     1.000000000
     4.978635044    16.431070341     1.000000000
     4.991465877    16.439277465     1.000000000
     5.004296711    16.449272632     1.000000000
     5.017127544    16.461037611     1.000000000
     5.029958378    16.474551777     1.000000000
     5.042789211    16.489791689     1.000000000
     5.055620045    16.506730639     1.000000000
     5.068450878    16.525338231     1.000000000
     5.081281712    16.545579994     1.000000000
     5.094112545    16.567417047     1.000000000
     5.106943379    16.590805787     1.000000000
     5.119774212    16.615697611     1.000000000
     5.132605046    16.642038664     1.000000000
     5.145435879    16.669769607     1.000000000
     5.158266713    16.698825417     1.000000000
     5.171097546    16.729135209     1.000000000
     5.183928380    16.760622083     1.000000000
     5.196759213    16.793202994     1.000000000
     5.209590047    16.826788632     1.000000000
     5.222420880    16.861283320     1.000000000
     5.235251713    16.896584908     1.000000000
     5.248082547    16.932584664     1.000000000
     5.260913380    16.969167139     1.000000000
     5.273744214    17.006210017     1.000000000
     5.286575047    17.043583918     1.000000000
     5.299405881    17.081152164     1.000000000
     5.312236714    17.118770496     1.000000000
     5.325067548    17.156286749     1.000000000
     5.337898381    17.193540476     1.000000000
     5.350729215    17.230362564     1.000000000
     5.363560048    17.266574847     1.000000000
     5.376390882    17.301989769     1.000000000
     5.389221715    17.336410162     1.000000000
     5.402052549    17.369629235     1.000000000
     5.414883382    17.401430877     1.000000000
     5.427714216    17.431590439     1.000000000
     5.440545049    17.459876164     1.000000000
     5.453375882    17.486051461     1.000000000
     5.466206716    17.509878202     1.000000000
     5.479037549    17.531121198     1.000000000
     5.491868383    17.549553896     1.000000000
     5.504699216    17.564965199     1.000000000
     5.517530050    17.577167106     1.000000000
     5.530360883    17.586002630     1.000000000
     5.543191717    17.591353268     1.000000000
     5.556022550    17.593145178     1.000000000
  
     0.000000000    18.176695462     1.000000000
     0.012322526    18.173333243     1.000000000
     0.024645053    18.166098137     1.000000000
     0.036967579    18.157630436     1.000000000
     0.049290105    18.148739291     1.000000000
     0.061612632    18.139674461     1.000000000
     0.073935158    18.130527712     1.000000000
     0.086257684    18.121337142     1.000000000
     0.098580211    18.112119721     1.000000000
     0.110902737    18.102883378     1.000000000
     0.123225264    18.093632129     1.000000000
     0.135547790    18.084368467     1.000000000
     0.147870316    18.075094566     1.000000000
     0.160192843    18.065812893     1.000000000
     0.172515369    18.056526529     1.000000000
     0.184837895    18.047239317     1.000000000
     0.197160422    18.037955909     1.000000000
     0.209482948    18.028681764     1.000000000
     0.221805474    18.019423091     1.000000000
     0.234128001    18.010186783     1.000000000
     0.246450527    18.000980327     1.000000000
     0.258773053    17.991811711     1.000000000
     0.271095580    17.982689320     1.000000000
     0.283418106    17.973621839     1.000000000
     0.295740632    17.964618151     1.000000000
     0.308063159    17.955687242     1.000000000
     0.320385685    17.946838111     1.000000000
     0.332708212    17.938079679     1.000000000
     0.345030738    17.929420716     1.000000000
     0.357353264    17.920869760     1.000000000
     0.369675791    17.912435056     1.000000000
     0.381998317    17.904124487     1.000000000
     0.394320843    17.895945527     1.000000000
     0.406643370    17.887905184     1.000000000
     0.418965896    17.880009956     1.000000000
     0.431288422    17.872265794     1.000000000
     0.443610949    17.864678057     1.000000000
     0.455933475    17.857251485     1.000000000
     0.468256001    17.849990165     1.000000000
     0.480578528    17.842897499     1.000000000
     0.492901054    17.835976186     1.000000000
     0.505223581    17.829228189     1.000000000
     0.517546107    17.822654718     1.000000000
     0.529868633    17.816256209     1.000000000
     0.542191160    17.810032307     1.000000000
     0.554513686    17.803981851     1.000000000
     0.566836212    17.798102865     1.000000000
     0.579158739    17.792392550     1.000000000
     0.591481265    17.786847281     1.000000000
     0.603803791    17.781462628     1.000000000
     0.603803791    17.781462628     1.000000000
     0.616634625    17.780682059     1.000000000
     0.629465458    17.778345748     1.000000000
     0.642296292    17.774469896     1.000000000
     0.655127125    17.769081649     1.000000000
     0.667957959    17.762219311     1.000000000
     0.680788792    17.753932582     1.000000000
     0.693619626    17.744282823     1.000000000
     0.706450459    17.733343270     1.000000000
     0.719281293    17.721199150     1.000000000
     0.732112126    17.707947644     1.000000000
     0.744942960    17.693697605     1.000000000
     0.757773793    17.678568991     1.000000000
     0.770604626    17.662691924     1.000000000
     0.783435460    17.646205337     1.000000000
     0.796266293    17.629255187     1.000000000
     0.809097127    17.611992219     1.000000000
     0.821927960    17.594569317     1.000000000
     0.834758794    17.577138517     1.000000000
     0.847589627    17.559847777     1.000000000
     0.860420461    17.542837633     1.000000000
     0.873251294    17.526237905     1.000000000
     0.886082128    17.510164613     1.000000000
     0.898912961    17.494717267     1.000000000
     0.911743795    17.479976694     1.000000000
     0.924574628    17.466003516     1.000000000
     0.937405462    17.452837397     1.000000000
     0.950236295    17.440497106     1.000000000
     0.963067129    17.428981422     1.000000000
     0.975897962    17.418270873     1.000000000
     0.988728796    17.408330249     1.000000000
     1.001559629    17.399111791     1.000000000
     1.014390462    17.390558930     1.000000000
     1.027221296    17.382610414     1.000000000
     1.040052129    17.375204583     1.000000000
     1.052882963    17.368283582     1.000000000
     1.065713796    17.361797210     1.000000000
     1.078544630    17.355706142     1.000000000
     1.091375463    17.349984275     1.000000000
     1.104206297    17.344620000     1.000000000
     1.117037130    17.339616297     1.000000000
     1.129867964    17.334989673     1.000000000
     1.142698797    17.330768062     1.000000000
     1.155529631    17.326987912     1.000000000
     1.168360464    17.323690745     1.000000000
     1.181191298    17.320919503     1.000000000
     1.194022131    17.318714980     1.000000000
     1.206852965    17.317112581     1.000000000
     1.219683798    17.316139631     1.000000000
     1.232514631    17.315813352     1.000000000
     1.232514631    17.315813352     1.000000000
     1.244837158    17.374787287     1.000000000
     1.257159684    17.434390937     1.000000000
     1.269482211    17.494558556     1.000000000
     1.281804737    17.555203974     1.000000000
     1.294127263    17.616205971     1.000000000
     1.306449790    17.677374079     1.000000000
     1.318772316    17.738357702     1.000000000
     1.331094842    17.793993683     1.000000000
     1.343417369    17.783035152     1.000000000
     1.355739895    17.772084713     1.000000000
     1.368062421    17.761172254     1.000000000
     1.380384948    17.750326587     1.000000000
     1.392707474    17.739575453     1.000000000
     1.405030000    17.728945513     1.000000000
     1.417352527    17.718462327     1.000000000
     1.429675053    17.708150332     1.000000000
     1.441997580    17.698032801     1.000000000
     1.454320106    17.688131797     1.000000000
     1.466642632    17.678468121     1.000000000
     1.478965159    17.669061251     1.000000000
     1.491287685    17.659929276     1.000000000
     1.503610211    17.651088828     1.000000000
     1.515932738    17.642555018     1.000000000
     1.528255264    17.634341364     1.000000000
     1.540577790    17.626459735     1.000000000
     1.552900317    17.618920293     1.000000000
     1.565222843    17.611731454     1.000000000
     1.577545369    17.604899854     1.000000000
     1.589867896    17.598430336     1.000000000
     1.602190422    17.592325960     1.000000000
     1.614512948    17.586588029     1.000000000
     1.626835475    17.562597445     1.000000000
     1.639158001    17.522526348     1.000000000
     1.651480528    17.481689900     1.000000000
     1.663803054    17.440457196     1.000000000
     1.676125580    17.399230923     1.000000000
     1.688448107    17.358448995     1.000000000
     1.700770633    17.318585250     1.000000000
     1.713093159    17.280147239     1.000000000
     1.725415686    17.243668467     1.000000000
     1.737738212    17.209692249     1.000000000
     1.750060738    17.178745381     1.000000000
     1.762383265    17.151303039     1.000000000
     1.774705791    17.127751442     1.000000000
     1.787028317    17.108359701     1.000000000
     1.799350844    17.093272858     1.000000000
     1.811673370    17.082531651     1.000000000
     1.823995896    17.076113488     1.000000000
     1.836318423    17.073979907     1.000000000
     1.836318423    17.073979907     1.000000000
     1.849149256    17.074776900     1.000000000
     1.861980090    17.077171203     1.000000000
     1.874810923    17.081172486     1.000000000
     1.887641757    17.086795831     1.000000000
     1.900472590    17.094060228     1.000000000
     1.913303424    17.102986571     1.000000000
     1.926134257    17.113595276     1.000000000
     1.938965091    17.125903654     1.000000000
     1.951795924    17.139923235     1.000000000
     1.964626758    17.155657230     1.000000000
     1.977457591    17.173098348     1.000000000
     1.990288424    17.192227117     1.000000000
     2.003119258    17.213010840     1.000000000
     2.015950091    17.235403238     1.000000000
     2.028780925    17.259344754     1.000000000
     2.041611758    17.284763424     1.000000000
     2.054442592    17.311576196     1.000000000
     2.067273425    17.339690516     1.000000000
     2.080104259    17.369006043     1.000000000
     2.092935092    17.399416327     1.000000000
     2.105765926    17.430810367     1.000000000
     2.118596759    17.463073943     1.000000000
     2.131427593    17.496090693     1.000000000
     2.144258426    17.529742904     1.000000000
     2.157089260    17.563912028     1.000000000
     2.169920093    17.598478920     1.000000000
     2.182750927    17.633323830     1.000000000
     2.195581760    17.668326160     1.000000000
     2.208412594    17.703364015     1.000000000
     2.221243427    17.738313561     1.000000000
     2.234074260    17.773048210     1.000000000
     2.246905094    17.807437643     1.000000000
     2.259735927    17.841346701     1.000000000
     2.272566761    17.874634154     1.000000000
     2.285397594    17.907151396     1.000000000
     2.298228428    17.938741111     1.000000000
     2.311059261    17.969236011     1.000000000
     2.323890095    17.998457748     1.000000000
     2.336720928    18.026216203     1.000000000
     2.349551762    18.052309379     1.000000000
     2.362382595    18.076524211     1.000000000
     2.375213429    18.098638653     1.000000000
     2.388044262    18.118425412     1.000000000
     2.400875096    18.135657633     1.000000000
     2.413705929    18.150116649     1.000000000
     2.426536763    18.161601579     1.000000000
     2.439367596    18.169940130     1.000000000
     2.452198429    18.174999436     1.000000000
     2.465029263    18.176695462     1.000000000
     2.465029263    17.723846933     1.000000000
     2.477804039    17.724293898     1.000000000
     2.490578815    17.725634424     1.000000000
     2.503353591    17.727867406     1.000000000
     2.516128367    17.730991008     1.000000000
     2.528903143    17.735002665     1.000000000
     2.541677919    17.739899088     1.000000000
     2.554452695    17.745676276     1.000000000
     2.567227471    17.752329522     1.000000000
     2.580002247    17.759853417     1.000000000
     2.592777023    17.768241865     1.000000000
     2.605551799    17.777488085     1.000000000
     2.618326575    17.787584617     1.000000000
     2.631101351    17.798523323     1.000000000
     2.643876127    17.810295390     1.000000000
     2.656650903    17.822891321     1.000000000
     2.669425679    17.836300929     1.000000000
     2.682200455    17.850513319     1.000000000
     2.694975231    17.865516874     1.000000000
     2.707750007    17.881299224     1.000000000
     2.720524783    17.897847215     1.000000000
     2.733299559    17.915146873     1.000000000
     2.746074335    17.933183356     1.000000000
     2.758849111    17.951940905     1.000000000
     2.771623887    17.971402785     1.000000000
     2.784398663    17.991551224     1.000000000
     2.797173439    18.012367342     1.000000000
     2.809948215    18.033831086     1.000000000
     2.822722991    18.055921148     1.000000000
     2.835497767    18.078614892     1.000000000
     2.848272543    18.101888282     1.000000000
     2.861047319    18.125715800     1.000000000
     2.873822095    18.150070382     1.000000000
     2.886596871    18.174923346     1.000000000
     2.899371647    18.200244339     1.000000000
     2.912146423    18.212486300     1.000000000
     2.924921199    18.161139733     1.000000000
     2.937695975    18.110807135     1.000000000
     2.950470751    18.061547002     1.000000000
     2.963245527    18.013403030     1.000000000
     2.976020303    17.966403712     1.000000000
     2.988795079    17.920562522     1.000000000
     3.001569855    17.875878682     1.000000000
     3.014344631    17.832338399     1.000000000
     3.027119407    17.789916492     1.000000000
     3.039894183    17.748578254     1.000000000
     3.052668959    17.708281441     1.000000000
     3.065443735    17.668978264     1.000000000
     3.078218511    17.630617294     1.000000000
     3.090993287    17.593145225     1.000000000
     3.090993287    17.593145225     1.000000000
     3.103315814    17.592755229     1.000000000
     3.115638340    17.591586865     1.000000000
     3.127960866    17.589644999     1.000000000
     3.140283393    17.586937757     1.000000000
     3.152605919    17.583476542     1.000000000
     3.164928445    17.579276061     1.000000000
     3.177250972    17.574354362     1.000000000
     3.189573498    17.568732876     1.000000000
     3.201896024    17.562436471     1.000000000
     3.214218551    17.555493509     1.000000000
     3.226541077    17.547935915     1.000000000
     3.238863604    17.539799246     1.000000000
     3.251186130    17.531122767     1.000000000
     3.263508656    17.521949530     1.000000000
     3.275831183    17.512326450     1.000000000
     3.288153709    17.502304368     1.000000000
     3.300476235    17.491938111     1.000000000
     3.312798762    17.481286531     1.000000000
     3.325121288    17.470412511     1.000000000
     3.337443814    17.459382947     1.000000000
     3.349766341    17.448268669     1.000000000
     3.362088867    17.437144327     1.000000000
     3.374411393    17.426088186     1.000000000
     3.386733920    17.415181869     1.000000000
     3.399056446    17.404509992     1.000000000
     3.411378972    17.394159718     1.000000000
     3.423701499    17.384220207     1.000000000
     3.436024025    17.374781972     1.000000000
     3.448346552    17.365936127     1.000000000
     3.460669078    17.357773567     1.000000000
     3.472991604    17.350384059     1.000000000
     3.485314131    17.343855298     1.000000000
     3.497636657    17.338271929     1.000000000
     3.509959183    17.333714587     1.000000000
     3.522281710    17.330258966     1.000000000
     3.534604236    17.327974972     1.000000000
     3.546926762    17.326925971     1.000000000
     3.559249289    17.327168165     1.000000000
     3.571571815    17.328750123     1.000000000
     3.583894341    17.331712458     1.000000000
     3.596216868    17.336087669     1.000000000
     3.608539394    17.341900130     1.000000000
     3.620861921    17.349166224     1.000000000
     3.633184447    17.357894579     1.000000000
     3.645506973    17.368086416     1.000000000
     3.657829500    17.379735945     1.000000000
     3.670152026    17.392830825     1.000000000
     3.682474552    17.407352625     1.000000000
     3.694797079    17.423277231     1.000000000
     3.694797079    17.423277231     1.000000000
     3.707627912    17.394181931     1.000000000
     3.720458746    17.362945935     1.000000000
     3.733289579    17.329689256     1.000000000
     3.746120413    17.294541008     1.000000000
     3.758951246    17.257638877     1.000000000
     3.771782079    17.219128571     1.000000000
     3.784612913    17.179163352     1.000000000
     3.797443746    17.137903643     1.000000000
     3.810274580    17.095516744     1.000000000
     3.823105413    17.052176631     1.000000000
     3.835936247    17.008063861     1.000000000
     3.848767080    16.963365566     1.000000000
     3.861597914    16.918275521     1.000000000
     3.874428747    16.872994279     1.000000000
     3.887259581    16.827729322     1.000000000
     3.900090414    16.782695204     1.000000000
     3.912921248    16.738113611     1.000000000
     3.925752081    16.694213262     1.000000000
     3.938582915    16.651229554     1.000000000
     3.951413748    16.609403824     1.000000000
     3.964244582    16.568982078     1.000000000
     3.977075415    16.530213061     1.000000000
     3.989906249    16.493345504     1.000000000
     4.002737082    16.458624470     1.000000000
     4.015567915    16.426286763     1.000000000
     4.028398749    16.396555505     1.000000000
     4.041229582    16.369634122     1.000000000
     4.054060416    16.345700154     1.000000000
     4.066891249    16.324899439     1.000000000
     4.079722083    16.307341299     1.000000000
     4.092552916    16.293095317     1.000000000
     4.105383750    16.282190140     1.000000000
     4.118214583    16.274614473     1.000000000
     4.131045417    16.270320150     1.000000000
     4.143876250    16.269226863     1.000000000
     4.156707084    16.271227983     1.000000000
     4.169537917    16.276196798     1.000000000
     4.182368751    16.283992615     1.000000000
     4.195199584    16.294466238     1.000000000
     4.208030418    16.307464570     1.000000000
     4.220861251    16.322834218     1.000000000
     4.233692084    16.340424103     1.000000000
     4.246522918    16.360087214     1.000000000
     4.259353751    16.381681631     1.000000000
     4.272184585    16.405071000     1.000000000
     4.285015418    16.430124611     1.000000000
     4.297846252    16.456717212     1.000000000
     4.310677085    16.484728664     1.000000000
     4.323507919    16.514043069     1.000000000
     4.323507919    16.514043069     1.000000000
     4.335830445    16.510347730     1.000000000
     4.348152971    16.506608632     1.000000000
     4.360475498    16.502813768     1.000000000
     4.372798024    16.498955993     1.000000000
     4.385120551    16.495033068     1.000000000
     4.397443077    16.491047254     1.000000000
     4.409765603    16.487004875     1.000000000
     4.422088130    16.482915850     1.000000000
     4.434410656    16.478793211     1.000000000
     4.446733182    16.474652611     1.000000000
     4.459055709    16.470511833     1.000000000
     4.471378235    16.466390297     1.000000000
     4.483700761    16.462308583     1.000000000
     4.496023288    16.458287956     1.000000000
     4.508345814    16.454349919     1.000000000
     4.520668340    16.450515774     1.000000000
     4.532990867    16.446806215     1.000000000
     4.545313393    16.443240944     1.000000000
     4.557635920    16.439838315     1.000000000
     4.569958446    16.436615011     1.000000000
     4.582280972    16.433585765     1.000000000
     4.594603499    16.430763107     1.000000000
     4.606926025    16.428157167     1.000000000
     4.619248551    16.425775512     1.000000000
     4.631571078    16.423623041     1.000000000
     4.643893604    16.421701918     1.000000000
     4.656216130    16.420011561     1.000000000
     4.668538657    16.418548679     1.000000000
     4.680861183    16.417307359     1.000000000
     4.693183709    16.416279193     1.000000000
     4.705506236    16.415453458     1.000000000
     4.717828762    16.414817327     1.000000000
     4.730151288    16.414356120     1.000000000
     4.742473815    16.414053583     1.000000000
     4.754796341    16.413892193     1.000000000
     4.767118868    16.413853476     1.000000000
     4.779441394    16.413918345     1.000000000
     4.791763920    16.414067438     1.000000000
     4.804086447    16.414281454     1.000000000
     4.816408973    16.414541488     1.000000000
     4.828731499    16.414829354     1.000000000
     4.841054026    16.415127883     1.000000000
     4.853376552    16.415421214     1.000000000
     4.865699078    16.415695048     1.000000000
     4.878021605    16.415936879     1.000000000
     4.890344131    16.416136195     1.000000000
     4.902666657    16.416284644     1.000000000
     4.914989184    16.416376168     1.000000000
     4.927311710    16.416407090     1.000000000
     4.927311710    16.416407090     1.000000000
     4.940142544    16.417326576     1.000000000
     4.952973377    16.420082465     1.000000000
     4.965804211    16.424667441     1.000000000
     4.978635044    16.431070422     1.000000000
     4.991465877    16.439277540     1.000000000
     5.004296711    16.449272701     1.000000000
     5.017127544    16.461037678     1.000000000
     5.029958378    16.474551844     1.000000000
     5.042789211    16.489791757     1.000000000
     5.055620045    16.506730710     1.000000000
     5.068450878    16.525338304     1.000000000
     5.081281712    16.545580069     1.000000000
     5.094112545    16.567417124     1.000000000
     5.106943379    16.590805866     1.000000000
     5.119774212    16.615697692     1.000000000
     5.132605046    16.642038746     1.000000000
     5.145435879    16.669769689     1.000000000
     5.158266713    16.698825499     1.000000000
     5.171097546    16.729135292     1.000000000
     5.183928380    16.760622166     1.000000000
     5.196759213    16.793203077     1.000000000
     5.209590047    16.826788714     1.000000000
     5.222420880    16.861283401     1.000000000
     5.235251713    16.896584989     1.000000000
     5.248082547    16.932584743     1.000000000
     5.260913380    16.969167218     1.000000000
     5.273744214    17.006210094     1.000000000
     5.286575047    17.043583994     1.000000000
     5.299405881    17.081152238     1.000000000
     5.312236714    17.118770569     1.000000000
     5.325067548    17.156286820     1.000000000
     5.337898381    17.193540545     1.000000000
     5.350729215    17.230362631     1.000000000
     5.363560048    17.266574913     1.000000000
     5.376390882    17.301989832     1.000000000
     5.389221715    17.336410224     1.000000000
     5.402052549    17.369629295     1.000000000
     5.414883382    17.401430934     1.000000000
     5.427714216    17.431590494     1.000000000
     5.440545049    17.459876218     1.000000000
     5.453375882    17.486051514     1.000000000
     5.466206716    17.509878253     1.000000000
     5.479037549    17.531121248     1.000000000
     5.491868383    17.549553945     1.000000000
     5.504699216    17.564965247     1.000000000
     5.517530050    17.577167154     1.000000000
     5.530360883    17.586002677     1.000000000
     5.543191717    17.591353315     1.000000000
     5.556022550    17.593145225     1.000000000
  
     0.000000000    18.201044989     1.000000000
     0.012322526    18.204509304     1.000000000
     0.024645053    18.212051855     1.000000000
     0.036967579    18.221035811     1.000000000
     0.049290105    18.230657738     1.000000000
     0.061612632    18.240675785     1.000000000
     0.073935158    18.251008175     1.000000000
     0.086257684    18.261628764     1.000000000
     0.098580211    18.272534345     1.000000000
     0.110902737    18.283732386     1.000000000
     0.123225264    18.295235718     1.000000000
     0.135547790    18.307059921     1.000000000
     0.147870316    18.319221907     1.000000000
     0.160192843    18.331739062     1.000000000
     0.172515369    18.344628681     1.000000000
     0.184837895    18.357907571     1.000000000
     0.197160422    18.371591744     1.000000000
     0.209482948    18.385696176     1.000000000
     0.221805474    18.400234606     1.000000000
     0.234128001    18.415219371     1.000000000
     0.246450527    18.430661259     1.000000000
     0.258773053    18.446569392     1.000000000
     0.271095580    18.462951124     1.000000000
     0.283418106    18.479811959     1.000000000
     0.295740632    18.497155490     1.000000000
     0.308063159    18.514983347     1.000000000
     0.320385685    18.533295172     1.000000000
     0.332708212    18.552088603     1.000000000
     0.345030738    18.571359274     1.000000000
     0.357353264    18.591100834     1.000000000
     0.369675791    18.611304976     1.000000000
     0.381998317    18.631961477     1.000000000
     0.394320843    18.653058253     1.000000000
     0.406643370    18.674581422     1.000000000
     0.418965896    18.696515373     1.000000000
     0.431288422    18.718842847     1.000000000
     0.443610949    18.741545015     1.000000000
     0.455933475    18.764601570     1.000000000
     0.468256001    18.787990814     1.000000000
     0.480578528    18.811689745     1.000000000
     0.492901054    18.835674153     1.000000000
     0.505223581    18.859918705     1.000000000
     0.517546107    18.884397036     1.000000000
     0.529868633    18.909081832     1.000000000
     0.542191160    18.933944916     1.000000000
     0.554513686    18.958957328     1.000000000
     0.566836212    18.984089405     1.000000000
     0.579158739    19.009310858     1.000000000
     0.591481265    19.034590844     1.000000000
     0.603803791    19.059898030     1.000000000
     0.603803791    19.059898030     1.000000000
     0.616634625    19.057553661     1.000000000
     0.629465458    19.050564974     1.000000000
     0.642296292    19.039062356     1.000000000
     0.655127125    19.023254206     1.000000000
     0.667957959    19.003414916     1.000000000
     0.680788792    18.979870370     1.000000000
     0.693619626    18.952982595     1.000000000
     0.706450459    18.923134974     1.000000000
     0.719281293    18.890719012     1.000000000
     0.732112126    18.856123218     1.000000000
     0.744942960    18.819724308     1.000000000
     0.757773793    18.781880645     1.000000000
     0.770604626    18.742927703     1.000000000
     0.783435460    18.703175266     1.000000000
     0.796266293    18.662906059     1.000000000
     0.809097127    18.622375552     1.000000000
     0.821927960    18.581812686     1.000000000
     0.834758794    18.541421307     1.000000000
     0.847589627    18.501382132     1.000000000
     0.860420461    18.461855079     1.000000000
     0.873251294    18.422981797     1.000000000
     0.886082128    18.384888274     1.000000000
     0.898912961    18.347687385     1.000000000
     0.911743795    18.311481264     1.000000000
     0.924574628    18.276363406     1.000000000
     0.937405462    18.242420406     1.000000000
     0.950236295    18.209733267     1.000000000
     0.963067129    18.178378222     1.000000000
     0.975897962    18.148427036     1.000000000
     0.988728796    18.119946776     1.000000000
     1.001559629    18.092999068     1.000000000
     1.014390462    18.067638887     1.000000000
     1.027221296    18.043912972     1.000000000
     1.040052129    18.021858020     1.000000000
     1.052882963    18.001498828     1.000000000
     1.065713796    17.982846621     1.000000000
     1.078544630    17.965897806     1.000000000
     1.091375463    17.950633392     1.000000000
     1.104206297    17.937019246     1.000000000
     1.117037130    17.925007315     1.000000000
     1.129867964    17.914537786     1.000000000
     1.142698797    17.905542100     1.000000000
     1.155529631    17.897946602     1.000000000
     1.168360464    17.891676570     1.000000000
     1.181191298    17.886660324     1.000000000
     1.194022131    17.882833151     1.000000000
     1.206852965    17.880140802     1.000000000
     1.219683798    17.878542370     1.000000000
     1.232514631    17.878012425     1.000000000
     1.232514631    17.878012425     1.000000000
     1.244837158    17.868192334     1.000000000
     1.257159684    17.858104336     1.000000000
     1.269482211    17.847785568     1.000000000
     1.281804737    17.837272939     1.000000000
     1.294127263    17.826602669     1.000000000
     1.306449790    17.815810052     1.000000000
     1.318772316    17.804929337     1.000000000
     1.331094842    17.798360638     1.000000000
     1.343417369    17.855060147     1.000000000
     1.355739895    17.900868230     1.000000000
     1.368062421    17.925126573     1.000000000
     1.380384948    17.934508999     1.000000000
     1.392707474    17.937957175     1.000000000
     1.405030000    17.938329213     1.000000000
     1.417352527    17.936432599     1.000000000
     1.429675053    17.932494762     1.000000000
     1.441997580    17.926544581     1.000000000
     1.454320106    17.918531145     1.000000000
     1.466642632    17.908369680     1.000000000
     1.478965159    17.895963772     1.000000000
     1.491287685    17.881218944     1.000000000
     1.503610211    17.864052765     1.000000000
     1.515932738    17.844403305     1.000000000
     1.528255264    17.822236406     1.000000000
     1.540577790    17.797551690     1.000000000
     1.552900317    17.770387029     1.000000000
     1.565222843    17.740821255     1.000000000
     1.577545369    17.708975062     1.000000000
     1.589867896    17.675010298     1.000000000
     1.602190422    17.639128082     1.000000000
     1.614512948    17.601566349     1.000000000
     1.626835475    17.581216137     1.000000000
     1.639158001    17.576208256     1.000000000
     1.651480528    17.571560834     1.000000000
     1.663803054    17.567268932     1.000000000
     1.676125580    17.563326378     1.000000000
     1.688448107    17.559725957     1.000000000
     1.700770633    17.556459612     1.000000000
     1.713093159    17.553518668     1.000000000
     1.725415686    17.550894074     1.000000000
     1.737738212    17.548576649     1.000000000
     1.750060738    17.546557330     1.000000000
     1.762383265    17.544827423     1.000000000
     1.774705791    17.543378839     1.000000000
     1.787028317    17.542204313     1.000000000
     1.799350844    17.541297608     1.000000000
     1.811673370    17.540653686     1.000000000
     1.823995896    17.540268842     1.000000000
     1.836318423    17.540140815     1.000000000
     1.836318423    17.540140815     1.000000000
     1.849149256    17.541639923     1.000000000
     1.861980090    17.546139058     1.000000000
     1.874810923    17.553643206     1.000000000
     1.887641757    17.564159172     1.000000000
     1.900472590    17.577693401     1.000000000
     1.913303424    17.594249085     1.000000000
     1.926134257    17.613822707     1.000000000
     1.938965091    17.636400229     1.000000000
     1.951795924    17.661953130     1.000000000
     1.964626758    17.690434566     1.000000000
     1.977457591    17.721775875     1.000000000
     1.990288424    17.755883667     1.000000000
     2.003119258    17.792637695     1.000000000
     2.015950091    17.831889627     1.000000000
     2.028780925    17.873462818     1.000000000
     2.041611758    17.917153109     1.000000000
     2.054442592    17.962730643     1.000000000
     2.067273425    18.009942705     1.000000000
     2.080104259    18.058517609     1.000000000
     2.092935092    18.108169698     1.000000000
     2.105765926    18.158605581     1.000000000
     2.118596759    18.209531735     1.000000000
     2.131427593    18.260663483     1.000000000
     2.144258426    18.311735146     1.000000000
     2.157089260    18.362510760     1.000000000
     2.169920093    18.412794238     1.000000000
     2.182750927    18.462437433     1.000000000
     2.195581760    18.511344402     1.000000000
     2.208412594    18.559470515     1.000000000
     2.221243427    18.606815901     1.000000000
     2.234074260    18.653413852     1.000000000
     2.246905094    18.699315764     1.000000000
     2.259735927    18.744574698     1.000000000
     2.272566761    18.789229504     1.000000000
     2.285397594    18.833290852     1.000000000
     2.298228428    18.876729737     1.000000000
     2.311059261    18.919468296     1.000000000
     2.323890095    18.961372301     1.000000000
     2.336720928    19.002244451     1.000000000
     2.349551762    19.041817607     1.000000000
     2.362382595    19.079747440     1.000000000
     2.375213429    19.115604606     1.000000000
     2.388044262    19.148867824     1.000000000
     2.400875096    19.178921283     1.000000000
     2.413705929    19.205062749     1.000000000
     2.426536763    19.226531799     1.000000000
     2.439367596    19.221141550     1.000000000
     2.452198429    19.217450007     1.000000000
     2.465029263    19.216210314     1.000000000
     2.465029263    19.255870758     1.000000000
     2.477804039    19.255679612     1.000000000
     2.490578815    19.255105477     1.000000000
     2.503353591    19.254146264     1.000000000
     2.516128367    19.252798499     1.000000000
     2.528903143    19.251057335     1.000000000
     2.541677919    19.248916567     1.000000000
     2.554452695    19.246368659     1.000000000
     2.567227471    19.243404765     1.000000000
     2.580002247    19.240014769     1.000000000
     2.592777023    19.236187324     1.000000000
     2.605551799    19.231909905     1.000000000
     2.618326575    19.227168865     1.000000000
     2.631101351    19.221949508     1.000000000
     2.643876127    19.216236166     1.000000000
     2.656650903    19.210012297     1.000000000
     2.669425679    19.203260588     1.000000000
     2.682200455    19.195963080     1.000000000
     2.694975231    19.146042326     1.000000000
     2.707750007    19.092669874     1.000000000
     2.720524783    19.038621820     1.000000000
     2.733299559    18.983987471     1.000000000
     2.746074335    18.928856204     1.000000000
     2.758849111    18.873318940     1.000000000
     2.771623887    18.817469265     1.000000000
     2.784398663    18.761404222     1.000000000
     2.797173439    18.705224752     1.000000000
     2.809948215    18.649035774     1.000000000
     2.822722991    18.592945883     1.000000000
     2.835497767    18.537066652     1.000000000
     2.848272543    18.481511532     1.000000000
     2.861047319    18.426394363     1.000000000
     2.873822095    18.371827546     1.000000000
     2.886596871    18.317919932     1.000000000
     2.899371647    18.264774552     1.000000000
     2.912146423    18.226001288     1.000000000
     2.924921199    18.252160361     1.000000000
     2.937695975    18.278685953     1.000000000
     2.950470751    18.305540673     1.000000000
     2.963245527    18.332685369     1.000000000
     2.976020303    18.360079157     1.000000000
     2.988795079    18.387679493     1.000000000
     3.001569855    18.415442249     1.000000000
     3.014344631    18.443321837     1.000000000
     3.027119407    18.471271351     1.000000000
     3.039894183    18.499242735     1.000000000
     3.052668959    18.527186993     1.000000000
     3.065443735    18.555054416     1.000000000
     3.078218511    18.582794841     1.000000000
     3.090993287    18.610357907     1.000000000
     3.090993287    18.610357907     1.000000000
     3.103315814    18.609337039     1.000000000
     3.115638340    18.606279358     1.000000000
     3.127960866    18.601199553     1.000000000
     3.140283393    18.594121844     1.000000000
     3.152605919    18.585079596     1.000000000
     3.164928445    18.574114820     1.000000000
     3.177250972    18.561277561     1.000000000
     3.189573498    18.546625221     1.000000000
     3.201896024    18.530221833     1.000000000
     3.214218551    18.512137320     1.000000000
     3.226541077    18.492446749     1.000000000
     3.238863604    18.471229613     1.000000000
     3.251186130    18.448569154     1.000000000
     3.263508656    18.424551720     1.000000000
     3.275831183    18.399266187     1.000000000
     3.288153709    18.372803426     1.000000000
     3.300476235    18.345255831     1.000000000
     3.312798762    18.316716893     1.000000000
     3.325121288    18.287280821     1.000000000
     3.337443814    18.257042214     1.000000000
     3.349766341    18.226095761     1.000000000
     3.362088867    18.194535976     1.000000000
     3.374411393    18.162456968     1.000000000
     3.386733920    18.129952230     1.000000000
     3.399056446    18.097114450     1.000000000
     3.411378972    18.064035340     1.000000000
     3.423701499    18.030805483     1.000000000
     3.436024025    17.997514190     1.000000000
     3.448346552    17.964249372     1.000000000
     3.460669078    17.931097420     1.000000000
     3.472991604    17.898143098     1.000000000
     3.485314131    17.865469437     1.000000000
     3.497636657    17.833157647     1.000000000
     3.509959183    17.801287025     1.000000000
     3.522281710    17.769934872     1.000000000
     3.534604236    17.739176419     1.000000000
     3.546926762    17.709084747     1.000000000
     3.559249289    17.679730711     1.000000000
     3.571571815    17.651182865     1.000000000
     3.583894341    17.623507376     1.000000000
     3.596216868    17.596767937     1.000000000
     3.608539394    17.571025663     1.000000000
     3.620861921    17.546338973     1.000000000
     3.633184447    17.522763454     1.000000000
     3.645506973    17.500351692     1.000000000
     3.657829500    17.479153084     1.000000000
     3.670152026    17.459213606     1.000000000
     3.682474552    17.440575547     1.000000000
     3.694797079    17.423277274     1.000000000
     3.694797079    17.423277274     1.000000000
     3.707627912    17.450121850     1.000000000
     3.720458746    17.474616140     1.000000000
     3.733289579    17.496671656     1.000000000
     3.746120413    17.516211781     1.000000000
     3.758951246    17.533172311     1.000000000
     3.771782079    17.547501972     1.000000000
     3.784612913    17.559162831     1.000000000
     3.797443746    17.568130588     1.000000000
     3.810274580    17.574394719     1.000000000
     3.823105413    17.577958466     1.000000000
     3.835936247    17.578838654     1.000000000
     3.848767080    17.577065353     1.000000000
     3.861597914    17.572681364     1.000000000
     3.874428747    17.565741558     1.000000000
     3.887259581    17.556312087     1.000000000
     3.900090414    17.544469462     1.000000000
     3.912921248    17.530299558     1.000000000
     3.925752081    17.513896543     1.000000000
     3.938582915    17.495361772     1.000000000
     3.951413748    17.474802663     1.000000000
     3.964244582    17.452331594     1.000000000
     3.977075415    17.428064823     1.000000000
     3.989906249    17.402121462     1.000000000
     4.002737082    17.374622523     1.000000000
     4.015567915    17.345690033     1.000000000
     4.028398749    17.315446246     1.000000000
     4.041229582    17.284012948     1.000000000
     4.054060416    17.251510852     1.000000000
     4.066891249    17.218059104     1.000000000
     4.079722083    17.183774884     1.000000000
     4.092552916    17.148773105     1.000000000
     4.105383750    17.113166206     1.000000000
     4.118214583    17.077064049     1.000000000
     4.131045417    17.040573888     1.000000000
     4.143876250    17.003800437     1.000000000
     4.156707084    16.966846005     1.000000000
     4.169537917    16.929810705     1.000000000
     4.182368751    16.892792729     1.000000000
     4.195199584    16.855888671     1.000000000
     4.208030418    16.819193902     1.000000000
     4.220861251    16.782802973     1.000000000
     4.233692084    16.746810052     1.000000000
     4.246522918    16.711309369     1.000000000
     4.259353751    16.676395679     1.000000000
     4.272184585    16.642164719     1.000000000
     4.285015418    16.608713668     1.000000000
     4.297846252    16.576141602     1.000000000
     4.310677085    16.544549948     1.000000000
     4.323507919    16.514043387     1.000000000
     4.323507919    16.514043387     1.000000000
     4.335830445    16.517713319     1.000000000
     4.348152971    16.521382019     1.000000000
     4.360475498    16.525078676     1.000000000
     4.372798024    16.528838802     1.000000000
     4.385120551    16.532703669     1.000000000
     4.397443077    16.536720027     1.000000000
     4.409765603    16.540939642     1.000000000
     4.422088130    16.545418648     1.000000000
     4.434410656    16.550216688     1.000000000
     4.446733182    16.555395837     1.000000000
     4.459055709    16.561019308     1.000000000
     4.471378235    16.567149936     1.000000000
     4.483700761    16.573848472     1.000000000
     4.496023288    16.581171700     1.000000000
     4.508345814    16.589170453     1.000000000
     4.520668340    16.597887572     1.000000000
     4.532990867    16.607355912     1.000000000
     4.545313393    16.617596497     1.000000000
     4.557635920    16.628616935     1.000000000
     4.569958446    16.640410204     1.000000000
     4.582280972    16.652953921     1.000000000
     4.594603499    16.666210160     1.000000000
     4.606926025    16.680125852     1.000000000
     4.619248551    16.694633767     1.000000000
     4.631571078    16.709654007     1.000000000
     4.643893604    16.725095915     1.000000000
     4.656216130    16.740860258     1.000000000
     4.668538657    16.756841556     1.000000000
     4.680861183    16.772930405     1.000000000
     4.693183709    16.789015674     1.000000000
     4.705506236    16.804986493     1.000000000
     4.717828762    16.820733959     1.000000000
     4.730151288    16.836152557     1.000000000
     4.742473815    16.851141264     1.000000000
     4.754796341    16.865604387     1.000000000
     4.767118868    16.879452146     1.000000000
     4.779441394    16.892601059     1.000000000
     4.791763920    16.904974154     1.000000000
     4.804086447    16.916501065     1.000000000
     4.816408973    16.927118029     1.000000000
     4.828731499    16.936767825     1.000000000
     4.841054026    16.945399684     1.000000000
     4.853376552    16.952969167     1.000000000
     4.865699078    16.959438044     1.000000000
     4.878021605    16.964774186     1.000000000
     4.890344131    16.968951453     1.000000000
     4.902666657    16.971949608     1.000000000
     4.914989184    16.973754249     1.000000000
     4.927311710    16.974356752     1.000000000
     4.927311710    16.974356752     1.000000000
     4.940142544    16.977478089     1.000000000
     4.952973377    16.986748101     1.000000000
     4.965804211    17.001899812     1.000000000
     4.978635044    17.022532726     1.000000000
     4.991465877    17.048163827     1.000000000
     5.004296711    17.078276528     1.000000000
     5.017127544    17.112358762     1.000000000
     5.029958378    17.149927485     1.000000000
     5.042789211    17.190541079     1.000000000
     5.055620045    17.233802948     1.000000000
     5.068450878    17.279359632     1.000000000
     5.081281712    17.326896037     1.000000000
     5.094112545    17.376129480     1.000000000
     5.106943379    17.426803578     1.000000000
     5.119774212    17.478682483     1.000000000
     5.132605046    17.531545706     1.000000000
     5.145435879    17.585183562     1.000000000
     5.158266713    17.639393231     1.000000000
     5.171097546    17.693975375     1.000000000
     5.183928380    17.748731263     1.000000000
     5.196759213    17.803460352     1.000000000
     5.209590047    17.857958317     1.000000000
     5.222420880    17.912015538     1.000000000
     5.235251713    17.965416064     1.000000000
     5.248082547    18.017937158     1.000000000
     5.260913380    18.069349473     1.000000000
     5.273744214    18.119418025     1.000000000
     5.286575047    18.167904067     1.000000000
     5.299405881    18.214568023     1.000000000
     5.312236714    18.259173576     1.000000000
     5.325067548    18.301492954     1.000000000
     5.337898381    18.341313369     1.000000000
     5.350729215    18.378444376     1.000000000
     5.363560048    18.412725784     1.000000000
     5.376390882    18.444035530     1.000000000
     5.389221715    18.472296802     1.000000000
     5.402052549    18.497483602     1.000000000
     5.414883382    18.519623996     1.000000000
     5.427714216    18.538800449     1.000000000
     5.440545049    18.555146902     1.000000000
     5.453375882    18.568842565     1.000000000
     5.466206716    18.580102678     1.000000000
     5.479037549    18.589166754     1.000000000
     5.491868383    18.596284973     1.000000000
     5.504699216    18.601703498     1.000000000
     5.517530050    18.605649590     1.000000000
     5.530360883    18.608317448     1.000000000
     5.543191717    18.609855755     1.000000000
     5.556022550    18.610357907     1.000000000
  
     0.000000000    19.795533912     1.000000000
     0.012322526    19.795226690     1.000000000
     0.024645053    19.794304519     1.000000000
     0.036967579    19.792765886     1.000000000
     0.049290105    19.790608313     1.000000000
     0.061612632    19.787828405     1.000000000
     0.073935158    19.784421934     1.000000000
     0.086257684    19.780383930     1.000000000
     0.098580211    19.775708809     1.000000000
     0.110902737    19.770390500     1.000000000
     0.123225264    19.764422601     1.000000000
     0.135547790    19.757798551     1.000000000
     0.147870316    19.750511801     1.000000000
     0.160192843    19.742556010     1.000000000
     0.172515369    19.733925231     1.000000000
     0.184837895    19.724614115     1.000000000
     0.197160422    19.714618100     1.000000000
     0.209482948    19.703933600     1.000000000
     0.221805474    19.692558189     1.000000000
     0.234128001    19.680490763     1.000000000
     0.246450527    19.667731695     1.000000000
     0.258773053    19.654282965     1.000000000
     0.271095580    19.640148272     1.000000000
     0.283418106    19.625333121     1.000000000
     0.295740632    19.609844888     1.000000000
     0.308063159    19.593692859     1.000000000
     0.320385685    19.576888249     1.000000000
     0.332708212    19.559444190     1.000000000
     0.345030738    19.541375709     1.000000000
     0.357353264    19.522699676     1.000000000
     0.369675791    19.503434739     1.000000000
     0.381998317    19.483601248     1.000000000
     0.394320843    19.463221155     1.000000000
     0.406643370    19.442317920     1.000000000
     0.418965896    19.420916393     1.000000000
     0.431288422    19.399042701     1.000000000
     0.443610949    19.376724132     1.000000000
     0.455933475    19.353989009     1.000000000
     0.468256001    19.330866573     1.000000000
     0.480578528    19.307386863     1.000000000
     0.492901054    19.283580601     1.000000000
     0.505223581    19.259479077     1.000000000
     0.517546107    19.235114039     1.000000000
     0.529868633    19.210517596     1.000000000
     0.542191160    19.185722109     1.000000000
     0.554513686    19.160760103     1.000000000
     0.566836212    19.135664172     1.000000000
     0.579158739    19.110466896     1.000000000
     0.591481265    19.085200757     1.000000000
     0.603803791    19.059898077     1.000000000
     0.603803791    19.059898077     1.000000000
     0.616634625    19.057553707     1.000000000
     0.629465458    19.050565024     1.000000000
     0.642296292    19.039062413     1.000000000
     0.655127125    19.023254273     1.000000000
     0.667957959    19.003414993     1.000000000
     0.680788792    18.979870457     1.000000000
     0.693619626    18.952982691     1.000000000
     0.706450459    18.923135080     1.000000000
     0.719281293    18.890719127     1.000000000
     0.732112126    18.856123341     1.000000000
     0.744942960    18.819724439     1.000000000
     0.757773793    18.781880785     1.000000000
     0.770604626    18.742927853     1.000000000
     0.783435460    18.703175426     1.000000000
     0.796266293    18.662906230     1.000000000
     0.809097127    18.622375735     1.000000000
     0.821927960    18.581812880     1.000000000
     0.834758794    18.541421513     1.000000000
     0.847589627    18.501382351     1.000000000
     0.860420461    18.461855309     1.000000000
     0.873251294    18.422982038     1.000000000
     0.886082128    18.384888526     1.000000000
     0.898912961    18.347687646     1.000000000
     0.911743795    18.311481533     1.000000000
     0.924574628    18.276363682     1.000000000
     0.937405462    18.242420688     1.000000000
     0.950236295    18.209733552     1.000000000
     0.963067129    18.178378509     1.000000000
     0.975897962    18.148427322     1.000000000
     0.988728796    18.119947060     1.000000000
     1.001559629    18.092999348     1.000000000
     1.014390462    18.067639160     1.000000000
     1.027221296    18.043913236     1.000000000
     1.040052129    18.021858274     1.000000000
     1.052882963    18.001499070     1.000000000
     1.065713796    17.982846849     1.000000000
     1.078544630    17.965898019     1.000000000
     1.091375463    17.950633588     1.000000000
     1.104206297    17.937019425     1.000000000
     1.117037130    17.925007476     1.000000000
     1.129867964    17.914537928     1.000000000
     1.142698797    17.905542222     1.000000000
     1.155529631    17.897946705     1.000000000
     1.168360464    17.891676653     1.000000000
     1.181191298    17.886660388     1.000000000
     1.194022131    17.882833196     1.000000000
     1.206852965    17.880140828     1.000000000
     1.219683798    17.878542379     1.000000000
     1.232514631    17.878012442     1.000000000
     1.232514631    17.878012442     1.000000000
     1.244837158    17.887528225     1.000000000
     1.257159684    17.896705675     1.000000000
     1.269482211    17.905516478     1.000000000
     1.281804737    17.913944775     1.000000000
     1.294127263    17.922001589     1.000000000
     1.306449790    17.929758843     1.000000000
     1.318772316    17.937440035     1.000000000
     1.331094842    17.945705512     1.000000000
     1.343417369    17.956733183     1.000000000
     1.355739895    17.977957017     1.000000000
     1.368062421    18.019871875     1.000000000
     1.380384948    18.075630856     1.000000000
     1.392707474    18.136109434     1.000000000
     1.405030000    18.198256726     1.000000000
     1.417352527    18.261062473     1.000000000
     1.429675053    18.324086289     1.000000000
     1.441997580    18.387075635     1.000000000
     1.454320106    18.449845540     1.000000000
     1.466642632    18.512228730     1.000000000
     1.478965159    18.574043764     1.000000000
     1.491287685    18.635058481     1.000000000
     1.503610211    18.694924259     1.000000000
     1.515932738    18.753025785     1.000000000
     1.528255264    18.808082747     1.000000000
     1.540577790    18.857009426     1.000000000
     1.552900317    18.892444339     1.000000000
     1.565222843    18.905378791     1.000000000
     1.577545369    18.900084225     1.000000000
     1.589867896    18.887308475     1.000000000
     1.602190422    18.872542605     1.000000000
     1.614512948    18.857830210     1.000000000
     1.626835475    18.843939378     1.000000000
     1.639158001    18.831156477     1.000000000
     1.651480528    18.819565443     1.000000000
     1.663803054    18.809157789     1.000000000
     1.676125580    18.799881471     1.000000000
     1.688448107    18.791664861     1.000000000
     1.700770633    18.784429404     1.000000000
     1.713093159    18.778096596     1.000000000
     1.725415686    18.772591887     1.000000000
     1.737738212    18.767846818     1.000000000
     1.750060738    18.763800114     1.000000000
     1.762383265    18.760398145     1.000000000
     1.774705791    18.757595023     1.000000000
     1.787028317    18.755352486     1.000000000
     1.799350844    18.753639686     1.000000000
     1.811673370    18.752432948     1.000000000
     1.823995896    18.751715544     1.000000000
     1.836318423    18.751477511     1.000000000
     1.836318423    18.751477511     1.000000000
     1.849149256    18.751718733     1.000000000
     1.861980090    18.752445853     1.000000000
     1.874810923    18.753669272     1.000000000
     1.887641757    18.755406427     1.000000000
     1.900472590    18.757681943     1.000000000
     1.913303424    18.760527843     1.000000000
     1.926134257    18.763983830     1.000000000
     1.938965091    18.768097622     1.000000000
     1.951795924    18.772925354     1.000000000
     1.964626758    18.778532029     1.000000000
     1.977457591    18.784992018     1.000000000
     1.990288424    18.792389588     1.000000000
     2.003119258    18.800819419     1.000000000
     2.015950091    18.810387071     1.000000000
     2.028780925    18.821209320     1.000000000
     2.041611758    18.833414260     1.000000000
     2.054442592    18.847141001     1.000000000
     2.067273425    18.862538765     1.000000000
     2.080104259    18.879765091     1.000000000
     2.092935092    18.898982817     1.000000000
     2.105765926    18.920355470     1.000000000
     2.118596759    18.944040710     1.000000000
     2.131427593    18.970181640     1.000000000
     2.144258426    18.998896034     1.000000000
     2.157089260    19.030264031     1.000000000
     2.169920093    19.064315341     1.000000000
     2.182750927    19.101017519     1.000000000
     2.195581760    19.140267001     1.000000000
     2.208412594    19.181884281     1.000000000
     2.221243427    19.225613742     1.000000000
     2.234074260    19.271127467     1.000000000
     2.246905094    19.318031352     1.000000000
     2.259735927    19.365871269     1.000000000
     2.272566761    19.414137143     1.000000000
     2.285397594    19.400349100     1.000000000
     2.298228428    19.380032185     1.000000000
     2.311059261    19.360117849     1.000000000
     2.323890095    19.340750353     1.000000000
     2.336720928    19.322088912     1.000000000
     2.349551762    19.304307692     1.000000000
     2.362382595    19.287594887     1.000000000
     2.375213429    19.272150542     1.000000000
     2.388044262    19.258182732     1.000000000
     2.400875096    19.245901805     1.000000000
     2.413705929    19.235512566     1.000000000
     2.426536763    19.227204623     1.000000000
     2.439367596    19.242568121     1.000000000
     2.452198429    19.252503094     1.000000000
     2.465029263    19.255870758     1.000000000
     2.465029263    19.795533912     1.000000000
     2.477804039    19.792226175     1.000000000
     2.490578815    19.782447689     1.000000000
     2.503353591    19.766599830     1.000000000
     2.516128367    19.745258213     1.000000000
     2.528903143    19.719075989     1.000000000
     2.541677919    19.688703577     1.000000000
     2.554452695    19.654737900     1.000000000
     2.567227471    19.617699109     1.000000000
     2.580002247    19.578026283     1.000000000
     2.592777023    19.536083580     1.000000000
     2.605551799    19.492170773     1.000000000
     2.618326575    19.446534663     1.000000000
     2.631101351    19.399379681     1.000000000
     2.643876127    19.350877054     1.000000000
     2.656650903    19.301172424     1.000000000
     2.669425679    19.250392096     1.000000000
     2.682200455    19.198648101     1.000000000
     2.694975231    19.188101306     1.000000000
     2.707750007    19.179656447     1.000000000
     2.720524783    19.170609507     1.000000000
     2.733299559    19.160941503     1.000000000
     2.746074335    19.150633681     1.000000000
     2.758849111    19.139667740     1.000000000
     2.771623887    19.128026085     1.000000000
     2.784398663    19.115692088     1.000000000
     2.797173439    19.102650365     1.000000000
     2.809948215    19.088887058     1.000000000
     2.822722991    19.074390138     1.000000000
     2.835497767    19.059149685     1.000000000
     2.848272543    19.043158189     1.000000000
     2.861047319    19.026410818     1.000000000
     2.873822095    19.008905683     1.000000000
     2.886596871    18.990644072     1.000000000
     2.899371647    18.971630653     1.000000000
     2.912146423    18.951873640     1.000000000
     2.924921199    18.931384914     1.000000000
     2.937695975    18.910180100     1.000000000
     2.950470751    18.888278590     1.000000000
     2.963245527    18.865703508     1.000000000
     2.976020303    18.842481635     1.000000000
     2.988795079    18.818643270     1.000000000
     3.001569855    18.794222045     1.000000000
     3.014344631    18.769254701     1.000000000
     3.027119407    18.743780819     1.000000000
     3.039894183    18.717842520     1.000000000
     3.052668959    18.691484144     1.000000000
     3.065443735    18.664751905     1.000000000
     3.078218511    18.637693539     1.000000000
     3.090993287    18.610357982     1.000000000
     3.090993287    18.610357982     1.000000000
     3.103315814    18.609337113     1.000000000
     3.115638340    18.606279431     1.000000000
     3.127960866    18.601199626     1.000000000
     3.140283393    18.594121915     1.000000000
     3.152605919    18.585079668     1.000000000
     3.164928445    18.574114892     1.000000000
     3.177250972    18.561277635     1.000000000
     3.189573498    18.546625297     1.000000000
     3.201896024    18.530221914     1.000000000
     3.214218551    18.512137406     1.000000000
     3.226541077    18.492446841     1.000000000
     3.238863604    18.471229714     1.000000000
     3.251186130    18.448569263     1.000000000
     3.263508656    18.424551839     1.000000000
     3.275831183    18.399266316     1.000000000
     3.288153709    18.372803566     1.000000000
     3.300476235    18.345255981     1.000000000
     3.312798762    18.316717054     1.000000000
     3.325121288    18.287280993     1.000000000
     3.337443814    18.257042397     1.000000000
     3.349766341    18.226095954     1.000000000
     3.362088867    18.194536179     1.000000000
     3.374411393    18.162457181     1.000000000
     3.386733920    18.129952453     1.000000000
     3.399056446    18.097114682     1.000000000
     3.411378972    18.064035581     1.000000000
     3.423701499    18.030805732     1.000000000
     3.436024025    17.997514446     1.000000000
     3.448346552    17.964249635     1.000000000
     3.460669078    17.931097690     1.000000000
     3.472991604    17.898143374     1.000000000
     3.485314131    17.865469718     1.000000000
     3.497636657    17.833157933     1.000000000
     3.509959183    17.801287314     1.000000000
     3.522281710    17.769935164     1.000000000
     3.534604236    17.739176713     1.000000000
     3.546926762    17.709085042     1.000000000
     3.559249289    17.679731007     1.000000000
     3.571571815    17.651183161     1.000000000
     3.583894341    17.623507672     1.000000000
     3.596216868    17.596768232     1.000000000
     3.608539394    17.571025956     1.000000000
     3.620861921    17.546339265     1.000000000
     3.633184447    17.522763743     1.000000000
     3.645506973    17.500351978     1.000000000
     3.657829500    17.479153368     1.000000000
     3.670152026    17.459213889     1.000000000
     3.682474552    17.440575828     1.000000000
     3.694797079    17.423277513     1.000000000
     3.694797079    17.423277513     1.000000000
     3.707627912    17.450122098     1.000000000
     3.720458746    17.474616387     1.000000000
     3.733289579    17.496671902     1.000000000
     3.746120413    17.516212025     1.000000000
     3.758951246    17.533172555     1.000000000
     3.771782079    17.547502214     1.000000000
     3.784612913    17.559163073     1.000000000
     3.797443746    17.568130829     1.000000000
     3.810274580    17.574394959     1.000000000
     3.823105413    17.577958705     1.000000000
     3.835936247    17.578838893     1.000000000
     3.848767080    17.577065591     1.000000000
     3.861597914    17.572681601     1.000000000
     3.874428747    17.565741795     1.000000000
     3.887259581    17.556312323     1.000000000
     3.900090414    17.544469697     1.000000000
     3.912921248    17.530299793     1.000000000
     3.925752081    17.513896779     1.000000000
     3.938582915    17.495362007     1.000000000
     3.951413748    17.474802899     1.000000000
     3.964244582    17.452331831     1.000000000
     3.977075415    17.428065061     1.000000000
     3.989906249    17.402121703     1.000000000
     4.002737082    17.374622765     1.000000000
     4.015567915    17.345690278     1.000000000
     4.028398749    17.315446494     1.000000000
     4.041229582    17.284013199     1.000000000
     4.054060416    17.251511107     1.000000000
     4.066891249    17.218059364     1.000000000
     4.079722083    17.183775149     1.000000000
     4.092552916    17.148773376     1.000000000
     4.105383750    17.113166484     1.000000000
     4.118214583    17.077064333     1.000000000
     4.131045417    17.040574180     1.000000000
     4.143876250    17.003800737     1.000000000
     4.156707084    16.966846314     1.000000000
     4.169537917    16.929811023     1.000000000
     4.182368751    16.892793057     1.000000000
     4.195199584    16.855889010     1.000000000
     4.208030418    16.819194251     1.000000000
     4.220861251    16.782803333     1.000000000
     4.233692084    16.746810423     1.000000000
     4.246522918    16.711309751     1.000000000
     4.259353751    16.676396073     1.000000000
     4.272184585    16.642165125     1.000000000
     4.285015418    16.608714085     1.000000000
     4.297846252    16.576142031     1.000000000
     4.310677085    16.544550388     1.000000000
     4.323507919    16.514043514     1.000000000
     4.323507919    16.514043514     1.000000000
     4.335830445    16.517713778     1.000000000
     4.348152971    16.521382464     1.000000000
     4.360475498    16.525079105     1.000000000
     4.372798024    16.528839215     1.000000000
     4.385120551    16.532704066     1.000000000
     4.397443077    16.536720407     1.000000000
     4.409765603    16.540940004     1.000000000
     4.422088130    16.545418992     1.000000000
     4.434410656    16.550217014     1.000000000
     4.446733182    16.555396144     1.000000000
     4.459055709    16.561019596     1.000000000
     4.471378235    16.567150205     1.000000000
     4.483700761    16.573848722     1.000000000
     4.496023288    16.581171932     1.000000000
     4.508345814    16.589170667     1.000000000
     4.520668340    16.597887769     1.000000000
     4.532990867    16.607356092     1.000000000
     4.545313393    16.617596663     1.000000000
     4.557635920    16.628617087     1.000000000
     4.569958446    16.640410344     1.000000000
     4.582280972    16.652954050     1.000000000
     4.594603499    16.666210279     1.000000000
     4.606926025    16.680125963     1.000000000
     4.619248551    16.694633871     1.000000000
     4.631571078    16.709654106     1.000000000
     4.643893604    16.725096010     1.000000000
     4.656216130    16.740860349     1.000000000
     4.668538657    16.756841645     1.000000000
     4.680861183    16.772930493     1.000000000
     4.693183709    16.789015760     1.000000000
     4.705506236    16.804986577     1.000000000
     4.717828762    16.820734043     1.000000000
     4.730151288    16.836152639     1.000000000
     4.742473815    16.851141345     1.000000000
     4.754796341    16.865604466     1.000000000
     4.767118868    16.879452224     1.000000000
     4.779441394    16.892601135     1.000000000
     4.791763920    16.904974228     1.000000000
     4.804086447    16.916501137     1.000000000
     4.816408973    16.927118098     1.000000000
     4.828731499    16.936767893     1.000000000
     4.841054026    16.945399749     1.000000000
     4.853376552    16.952969229     1.000000000
     4.865699078    16.959438105     1.000000000
     4.878021605    16.964774245     1.000000000
     4.890344131    16.968951509     1.000000000
     4.902666657    16.971949663     1.000000000
     4.914989184    16.973754301     1.000000000
     4.927311710    16.974356804     1.000000000
     4.927311710    16.974356804     1.000000000
     4.940142544    16.977478139     1.000000000
     4.952973377    16.986748150     1.000000000
     4.965804211    17.001899862     1.000000000
     4.978635044    17.022532777     1.000000000
     4.991465877    17.048163881     1.000000000
     5.004296711    17.078276585     1.000000000
     5.017127544    17.112358821     1.000000000
     5.029958378    17.149927548     1.000000000
     5.042789211    17.190541145     1.000000000
     5.055620045    17.233803016     1.000000000
     5.068450878    17.279359702     1.000000000
     5.081281712    17.326896110     1.000000000
     5.094112545    17.376129555     1.000000000
     5.106943379    17.426803654     1.000000000
     5.119774212    17.478682561     1.000000000
     5.132605046    17.531545786     1.000000000
     5.145435879    17.585183644     1.000000000
     5.158266713    17.639393313     1.000000000
     5.171097546    17.693975459     1.000000000
     5.183928380    17.748731348     1.000000000
     5.196759213    17.803460439     1.000000000
     5.209590047    17.857958406     1.000000000
     5.222420880    17.912015627     1.000000000
     5.235251713    17.965416155     1.000000000
     5.248082547    18.017937250     1.000000000
     5.260913380    18.069349567     1.000000000
     5.273744214    18.119418119     1.000000000
     5.286575047    18.167904162     1.000000000
     5.299405881    18.214568119     1.000000000
     5.312236714    18.259173673     1.000000000
     5.325067548    18.301493052     1.000000000
     5.337898381    18.341313467     1.000000000
     5.350729215    18.378444474     1.000000000
     5.363560048    18.412725881     1.000000000
     5.376390882    18.444035626     1.000000000
     5.389221715    18.472296898     1.000000000
     5.402052549    18.497483696     1.000000000
     5.414883382    18.519624089     1.000000000
     5.427714216    18.538800540     1.000000000
     5.440545049    18.555146991     1.000000000
     5.453375882    18.568842652     1.000000000
     5.466206716    18.580102762     1.000000000
     5.479037549    18.589166836     1.000000000
     5.491868383    18.596285053     1.000000000
     5.504699216    18.601703576     1.000000000
     5.517530050    18.605649667     1.000000000
     5.530360883    18.608317523     1.000000000
     5.543191717    18.609855830     1.000000000
     5.556022550    18.610357982     1.000000000
  
     0.000000000    20.477130466     1.000000000
     0.012322526    20.477172391     1.000000000
     0.024645053    20.477297602     1.000000000
     0.036967579    20.477504404     1.000000000
     0.049290105    20.477790000     1.000000000
     0.061612632    20.478150525     1.000000000
     0.073935158    20.478581098     1.000000000
     0.086257684    20.479075885     1.000000000
     0.098580211    20.479628176     1.000000000
     0.110902737    20.480230470     1.000000000
     0.123225264    20.480874574     1.000000000
     0.135547790    20.481551708     1.000000000
     0.147870316    20.482252614     1.000000000
     0.160192843    20.482967676     1.000000000
     0.172515369    20.483687036     1.000000000
     0.184837895    20.484123452     1.000000000
     0.197160422    20.482030759     1.000000000
     0.209482948    20.479934414     1.000000000
     0.221805474    20.477852491     1.000000000
     0.234128001    20.475802471     1.000000000
     0.246450527    20.473801068     1.000000000
     0.258773053    20.471864064     1.000000000
     0.271095580    20.470006174     1.000000000
     0.283418106    20.468240924     1.000000000
     0.295740632    20.466580559     1.000000000
     0.308063159    20.465035972     1.000000000
     0.320385685    20.463616655     1.000000000
     0.332708212    20.462330669     1.000000000
     0.345030738    20.461184642     1.000000000
     0.357353264    20.460183777     1.000000000
     0.369675791    20.459331879     1.000000000
     0.381998317    20.458631398     1.000000000
     0.394320843    20.458083478     1.000000000
     0.406643370    20.457688020     1.000000000
     0.418965896    20.457443747     1.000000000
     0.431288422    20.457348281     1.000000000
     0.443610949    20.457398217     1.000000000
     0.455933475    20.457589198     1.000000000
     0.468256001    20.457915997     1.000000000
     0.480578528    20.458372592     1.000000000
     0.492901054    20.458952246     1.000000000
     0.505223581    20.459647576     1.000000000
     0.517546107    20.460450632     1.000000000
     0.529868633    20.461352962     1.000000000
     0.542191160    20.462345685     1.000000000
     0.554513686    20.463419553     1.000000000
     0.566836212    20.464565017     1.000000000
     0.579158739    20.465772288     1.000000000
     0.591481265    20.467031396     1.000000000
     0.603803791    20.468332221     1.000000000
     0.603803791    20.468332221     1.000000000
     0.616634625    20.468593216     1.000000000
     0.629465458    20.469353014     1.000000000
     0.642296292    20.470544511     1.000000000
     0.655127125    20.472063102     1.000000000
     0.667957959    20.473776278     1.000000000
     0.680788792    20.475534777     1.000000000
     0.693619626    20.477183757     1.000000000
     0.706450459    20.478572737     1.000000000
     0.719281293    20.479563489     1.000000000
     0.732112126    20.480035558     1.000000000
     0.744942960    20.479889455     1.000000000
     0.757773793    20.479047864     1.000000000
     0.770604626    20.477455302     1.000000000
     0.783435460    20.475076712     1.000000000
     0.796266293    20.471895416     1.000000000
     0.809097127    20.467910767     1.000000000
     0.821927960    20.463135761     1.000000000
     0.834758794    20.457594780     1.000000000
     0.847589627    20.451321556     1.000000000
     0.860420461    20.444357405     1.000000000
     0.873251294    20.436749745     1.000000000
     0.886082128    20.428550881     1.000000000
     0.898912961    20.419817024     1.000000000
     0.911743795    20.410607509     1.000000000
     0.924574628    20.400984191     1.000000000
     0.937405462    20.391010958     1.000000000
     0.950236295    20.380753354     1.000000000
     0.963067129    20.370278265     1.000000000
     0.975897962    20.359653656     1.000000000
     0.988728796    20.348948327     1.000000000
     1.001559629    20.338231683     1.000000000
     1.014390462    20.327573488     1.000000000
     1.027221296    20.317043603     1.000000000
     1.040052129    20.306711693     1.000000000
     1.052882963    20.296646898     1.000000000
     1.065713796    20.286917460     1.000000000
     1.078544630    20.277590310     1.000000000
     1.091375463    20.268730606     1.000000000
     1.104206297    20.260401239     1.000000000
     1.117037130    20.252662295     1.000000000
     1.129867964    20.245570500     1.000000000
     1.142698797    20.239178645     1.000000000
     1.155529631    20.233535007     1.000000000
     1.168360464    20.228682787     1.000000000
     1.181191298    20.224659579     1.000000000
     1.194022131    20.221496874     1.000000000
     1.206852965    20.219219643     1.000000000
     1.219683798    20.217845987     1.000000000
     1.232514631    20.217386873     1.000000000
     1.232514631    20.217386873     1.000000000
     1.244837158    20.161173074     1.000000000
     1.257159684    20.105031223     1.000000000
     1.269482211    20.049019824     1.000000000
     1.281804737    19.993198793     1.000000000
     1.294127263    19.937630153     1.000000000
     1.306449790    19.882378819     1.000000000
     1.318772316    19.827513443     1.000000000
     1.331094842    19.773107333     1.000000000
     1.343417369    19.719239419     1.000000000
     1.355739895    19.665995255     1.000000000
     1.368062421    19.613468034     1.000000000
     1.380384948    19.561759582     1.000000000
     1.392707474    19.510981323     1.000000000
     1.405030000    19.461255169     1.000000000
     1.417352527    19.412714380     1.000000000
     1.429675053    19.365504469     1.000000000
     1.441997580    19.319784427     1.000000000
     1.454320106    19.275728901     1.000000000
     1.466642632    19.233532782     1.000000000
     1.478965159    19.193421444     1.000000000
     1.491287685    19.155674308     1.000000000
     1.503610211    19.120681035     1.000000000
     1.515932738    19.089083860     1.000000000
     1.528255264    19.062169185     1.000000000
     1.540577790    19.043002571     1.000000000
     1.552900317    19.038895241     1.000000000
     1.565222843    19.058773505     1.000000000
     1.577545369    19.098251290     1.000000000
     1.589867896    19.146435498     1.000000000
     1.602190422    19.197662118     1.000000000
     1.614512948    19.249690647     1.000000000
     1.626835475    19.301536030     1.000000000
     1.639158001    19.352678405     1.000000000
     1.651480528    19.402786519     1.000000000
     1.663803054    19.451609358     1.000000000
     1.676125580    19.498927715     1.000000000
     1.688448107    19.544529502     1.000000000
     1.700770633    19.588195399     1.000000000
     1.713093159    19.629689534     1.000000000
     1.725415686    19.668753081     1.000000000
     1.737738212    19.705100194     1.000000000
     1.750060738    19.738416516     1.000000000
     1.762383265    19.768361129     1.000000000
     1.774705791    19.794573122     1.000000000
     1.787028317    19.816683988     1.000000000
     1.799350844    19.834336494     1.000000000
     1.811673370    19.847209362     1.000000000
     1.823995896    19.855045110     1.000000000
     1.836318423    19.857676397     1.000000000
     1.836318423    19.857676397     1.000000000
     1.849149256    19.857239285     1.000000000
     1.861980090    19.855928485     1.000000000
     1.874810923    19.853745609     1.000000000
     1.887641757    19.850693346     1.000000000
     1.900472590    19.846775465     1.000000000
     1.913303424    19.841996821     1.000000000
     1.926134257    19.836363356     1.000000000
     1.938965091    19.829882114     1.000000000
     1.951795924    19.822561255     1.000000000
     1.964626758    19.814410064     1.000000000
     1.977457591    19.805438982     1.000000000
     1.990288424    19.795659633     1.000000000
     2.003119258    19.785084860     1.000000000
     2.015950091    19.773728772     1.000000000
     2.028780925    19.761606808     1.000000000
     2.041611758    19.748735801     1.000000000
     2.054442592    19.735134075     1.000000000
     2.067273425    19.720821545     1.000000000
     2.080104259    19.705819851     1.000000000
     2.092935092    19.690152509     1.000000000
     2.105765926    19.673845094     1.000000000
     2.118596759    19.656925460     1.000000000
     2.131427593    19.639423990     1.000000000
     2.144258426    19.621373899     1.000000000
     2.157089260    19.602811589     1.000000000
     2.169920093    19.583777051     1.000000000
     2.182750927    19.564314348     1.000000000
     2.195581760    19.544472164     1.000000000
     2.208412594    19.524304440     1.000000000
     2.221243427    19.503871101     1.000000000
     2.234074260    19.483238883     1.000000000
     2.246905094    19.462482263     1.000000000
     2.259735927    19.441684488     1.000000000
     2.272566761    19.420938697     1.000000000
     2.285397594    19.462263535     1.000000000
     2.298228428    19.509626578     1.000000000
     2.311059261    19.555538921     1.000000000
     2.323890095    19.599247024     1.000000000
     2.336720928    19.639938950     1.000000000
     2.349551762    19.676775146     1.000000000
     2.362382595    19.708956677     1.000000000
     2.375213429    19.735838502     1.000000000
     2.388044262    19.757073047     1.000000000
     2.400875096    19.772736386     1.000000000
     2.413705929    19.783371388     1.000000000
     2.426536763    19.789905764     1.000000000
     2.439367596    19.793457442     1.000000000
     2.452198429    19.795082820     1.000000000
     2.465029263    19.795533912     1.000000000
     2.465029263    20.017034874     1.000000000
     2.477804039    20.017107272     1.000000000
     2.490578815    20.017324549     1.000000000
     2.503353591    20.017686956     1.000000000
     2.516128367    20.018194909     1.000000000
     2.528903143    20.018848992     1.000000000
     2.541677919    20.019649957     1.000000000
     2.554452695    20.020598721     1.000000000
     2.567227471    20.021696372     1.000000000
     2.580002247    20.022944163     1.000000000
     2.592777023    20.024343520     1.000000000
     2.605551799    20.025896037     1.000000000
     2.618326575    20.027603481     1.000000000
     2.631101351    20.029467793     1.000000000
     2.643876127    20.031491090     1.000000000
     2.656650903    20.033675670     1.000000000
     2.669425679    20.036024013     1.000000000
     2.682200455    20.038538785     1.000000000
     2.694975231    20.041222845     1.000000000
     2.707750007    20.044079249     1.000000000
     2.720524783    20.047111256     1.000000000
     2.733299559    20.050322337     1.000000000
     2.746074335    20.053716176     1.000000000
     2.758849111    20.057296686     1.000000000
     2.771623887    20.061068011     1.000000000
     2.784398663    20.065034536     1.000000000
     2.797173439    20.069200895     1.000000000
     2.809948215    20.073571981     1.000000000
     2.822722991    20.078152950     1.000000000
     2.835497767    20.082949230     1.000000000
     2.848272543    20.087966523     1.000000000
     2.861047319    20.093210813     1.000000000
     2.873822095    20.098688361     1.000000000
     2.886596871    20.104405705     1.000000000
     2.899371647    20.110369655     1.000000000
     2.912146423    20.116587278     1.000000000
     2.924921199    20.123065883     1.000000000
     2.937695975    20.129812997     1.000000000
     2.950470751    20.136836335     1.000000000
     2.963245527    20.144143755     1.000000000
     2.976020303    20.151743215     1.000000000
     2.988795079    20.159642707     1.000000000
     3.001569855    20.167850183     1.000000000
     3.014344631    20.176373473     1.000000000
     3.027119407    20.185220184     1.000000000
     3.039894183    20.194397581     1.000000000
     3.052668959    20.203912467     1.000000000
     3.065443735    20.213771031     1.000000000
     3.078218511    20.223978695     1.000000000
     3.090993287    20.234539922     1.000000000
     3.090993287    20.234539922     1.000000000
     3.103315814    20.235054278     1.000000000
     3.115638340    20.236595345     1.000000000
     3.127960866    20.239157202     1.000000000
     3.140283393    20.242730171     1.000000000
     3.152605919    20.247301090     1.000000000
     3.164928445    20.252853672     1.000000000
     3.177250972    20.259368923     1.000000000
     3.189573498    20.266825595     1.000000000
     3.201896024    20.275200657     1.000000000
     3.214218551    20.284469749     1.000000000
     3.226541077    20.294607609     1.000000000
     3.238863604    20.305588457     1.000000000
     3.251186130    20.317386317     1.000000000
     3.263508656    20.329975286     1.000000000
     3.275831183    20.343329728     1.000000000
     3.288153709    20.357424420     1.000000000
     3.300476235    20.372234627     1.000000000
     3.312798762    20.387736137     1.000000000
     3.325121288    20.403905242     1.000000000
     3.337443814    20.420718686     1.000000000
     3.349766341    20.438153580     1.000000000
     3.362088867    20.456187302     1.000000000
     3.374411393    20.474797372     1.000000000
     3.386733920    20.493961324     1.000000000
     3.399056446    20.513656567     1.000000000
     3.411378972    20.533860258     1.000000000
     3.423701499    20.554549164     1.000000000
     3.436024025    20.575699542     1.000000000
     3.448346552    20.597287023     1.000000000
     3.460669078    20.619286509     1.000000000
     3.472991604    20.641672090     1.000000000
     3.485314131    20.664416963     1.000000000
     3.497636657    20.687493381     1.000000000
     3.509959183    20.710872608     1.000000000
     3.522281710    20.734524897     1.000000000
     3.534604236    20.758419487     1.000000000
     3.546926762    20.782524609     1.000000000
     3.559249289    20.806807521     1.000000000
     3.571571815    20.831234550     1.000000000
     3.583894341    20.855771159     1.000000000
     3.596216868    20.880382021     1.000000000
     3.608539394    20.905031117     1.000000000
     3.620861921    20.929681845     1.000000000
     3.633184447    20.954297137     1.000000000
     3.645506973    20.978839595     1.000000000
     3.657829500    21.003271632     1.000000000
     3.670152026    21.027555629     1.000000000
     3.682474552    21.051654088     1.000000000
     3.694797079    21.075529738     1.000000000
     3.694797079    21.075529738     1.000000000
     3.707627912    21.067846305     1.000000000
     3.720458746    21.060246601     1.000000000
     3.733289579    21.052780600     1.000000000
     3.746120413    21.045494979     1.000000000
     3.758951246    21.038432464     1.000000000
     3.771782079    21.031631237     1.000000000
     3.784612913    21.025124430     1.000000000
     3.797443746    21.018939737     1.000000000
     3.810274580    21.013099151     1.000000000
     3.823105413    21.007618851     1.000000000
     3.835936247    21.002509228     1.000000000
     3.848767080    20.997775063     1.000000000
     3.861597914    20.993415843     1.000000000
     3.874428747    20.989426211     1.000000000
     3.887259581    20.985796529     1.000000000
     3.900090414    20.982513525     1.000000000
     3.912921248    20.979561019     1.000000000
     3.925752081    20.976920681     1.000000000
     3.938582915    20.974572808     1.000000000
     3.951413748    20.972497098     1.000000000
     3.964244582    20.970673380     1.000000000
     3.977075415    20.969082306     1.000000000
     3.989906249    20.967705959     1.000000000
     4.002737082    20.966528394     1.000000000
     4.015567915    20.965536078     1.000000000
     4.028398749    20.964718237     1.000000000
     4.041229582    20.964067105     1.000000000
     4.054060416    20.963578065     1.000000000
     4.066891249    20.963249707     1.000000000
     4.079722083    20.963083780     1.000000000
     4.092552916    20.963085065     1.000000000
     4.105383750    20.963261171     1.000000000
     4.118214583    20.963622254     1.000000000
     4.131045417    20.964180680     1.000000000
     4.143876250    20.964950637     1.000000000
     4.156707084    20.965947700     1.000000000
     4.169537917    20.967188372     1.000000000
     4.182368751    20.968689596     1.000000000
     4.195199584    20.970468264     1.000000000
     4.208030418    20.972540715     1.000000000
     4.220861251    20.974922251     1.000000000
     4.233692084    20.977626665     1.000000000
     4.246522918    20.980665794     1.000000000
     4.259353751    20.984049110     1.000000000
     4.272184585    20.987783348     1.000000000
     4.285015418    20.991872182     1.000000000
     4.297846252    20.996315954     1.000000000
     4.310677085    21.001111457     1.000000000
     4.323507919    21.006251725     1.000000000
     4.323507919    21.006251725     1.000000000
     4.335830445    20.974943228     1.000000000
     4.348152971    20.944208530     1.000000000
     4.360475498    20.914092838     1.000000000
     4.372798024    20.884638248     1.000000000
     4.385120551    20.855883497     1.000000000
     4.397443077    20.827863727     1.000000000
     4.409765603    20.800610282     1.000000000
     4.422088130    20.774150546     1.000000000
     4.434410656    20.748507812     1.000000000
     4.446733182    20.723701214     1.000000000
     4.459055709    20.699745691     1.000000000
     4.471378235    20.676652016     1.000000000
     4.483700761    20.654426863     1.000000000
     4.496023288    20.633072932     1.000000000
     4.508345814    20.612589118     1.000000000
     4.520668340    20.592970728     1.000000000
     4.532990867    20.574209732     1.000000000
     4.545313393    20.556295055     1.000000000
     4.557635920    20.539212895     1.000000000
     4.569958446    20.522947063     1.000000000
     4.582280972    20.507479342     1.000000000
     4.594603499    20.492789846     1.000000000
     4.606926025    20.478857395     1.000000000
     4.619248551    20.465659867     1.000000000
     4.631571078    20.453174557     1.000000000
     4.643893604    20.441378502     1.000000000
     4.656216130    20.430248799     1.000000000
     4.668538657    20.419762886     1.000000000
     4.680861183    20.409898797     1.000000000
     4.693183709    20.400635386     1.000000000
     4.705506236    20.391952519     1.000000000
     4.717828762    20.383831220     1.000000000
     4.730151288    20.376253797     1.000000000
     4.742473815    20.369203925     1.000000000
     4.754796341    20.362666694     1.000000000
     4.767118868    20.356628633     1.000000000
     4.779441394    20.351077698     1.000000000
     4.791763920    20.346003246     1.000000000
     4.804086447    20.341395969     1.000000000
     4.816408973    20.337247833     1.000000000
     4.828731499    20.333551983     1.000000000
     4.841054026    20.330302652     1.000000000
     4.853376552    20.327495060     1.000000000
     4.865699078    20.325125313     1.000000000
     4.878021605    20.323190305     1.000000000
     4.890344131    20.321687633     1.000000000
     4.902666657    20.320615512     1.000000000
     4.914989184    20.319972717     1.000000000
     4.927311710    20.319758532     1.000000000
     4.927311710    20.319758532     1.000000000
     4.940142544    20.319342784     1.000000000
     4.952973377    20.318098060     1.000000000
     4.965804211    20.316031969     1.000000000
     4.978635044    20.313157149     1.000000000
     4.991465877    20.309491199     1.000000000
     5.004296711    20.305056606     1.000000000
     5.017127544    20.299880651     1.000000000
     5.029958378    20.293995319     1.000000000
     5.042789211    20.287437220     1.000000000
     5.055620045    20.280247526     1.000000000
     5.068450878    20.272471943     1.000000000
     5.081281712    20.264160723     1.000000000
     5.094112545    20.255368719     1.000000000
     5.106943379    20.246155509     1.000000000
     5.119774212    20.236585567     1.000000000
     5.132605046    20.226728509     1.000000000
     5.145435879    20.216659387     1.000000000
     5.158266713    20.206459040     1.000000000
     5.171097546    20.196214472     1.000000000
     5.183928380    20.186019242     1.000000000
     5.196759213    20.175973819     1.000000000
     5.209590047    20.166185852     1.000000000
     5.222420880    20.156770297     1.000000000
     5.235251713    20.147849287     1.000000000
     5.248082547    20.139551650     1.000000000
     5.260913380    20.132011940     1.000000000
     5.273744214    20.125368803     1.000000000
     5.286575047    20.119762538     1.000000000
     5.299405881    20.115331674     1.000000000
     5.312236714    20.112208425     1.000000000
     5.325067548    20.110512976     1.000000000
     5.337898381    20.110346619     1.000000000
     5.350729215    20.111783946     1.000000000
     5.363560048    20.114864483     1.000000000
     5.376390882    20.119584314     1.000000000
     5.389221715    20.125888469     1.000000000
     5.402052549    20.133664873     1.000000000
     5.414883382    20.142740712     1.000000000
     5.427714216    20.152881893     1.000000000
     5.440545049    20.163796110     1.000000000
     5.453375882    20.175139746     1.000000000
     5.466206716    20.186528610     1.000000000
     5.479037549    20.197552271     1.000000000
     5.491868383    20.207791573     1.000000000
     5.504699216    20.216838656     1.000000000
     5.517530050    20.224318512     1.000000000
     5.530360883    20.229910695     1.000000000
     5.543191717    20.233369407     1.000000000
     5.556022550    20.234539922     1.000000000
  
     0.000000000    20.503401501     1.000000000
     0.012322526    20.503298050     1.000000000
     0.024645053    20.502988740     1.000000000
     0.036967579    20.502476691     1.000000000
     0.049290105    20.501767056     1.000000000
     0.061612632    20.500866962     1.000000000
     0.073935158    20.499785417     1.000000000
     0.086257684    20.498533195     1.000000000
     0.098580211    20.497122709     1.000000000
     0.110902737    20.495567844     1.000000000
     0.123225264    20.493883790     1.000000000
     0.135547790    20.492086847     1.000000000
     0.147870316    20.490194225     1.000000000
     0.160192843    20.488223826     1.000000000
     0.172515369    20.486194026     1.000000000
     0.184837895    20.484400720     1.000000000
     0.197160422    20.485098754     1.000000000
     0.209482948    20.485771285     1.000000000
     0.221805474    20.486408697     1.000000000
     0.234128001    20.487001721     1.000000000
     0.246450527    20.487541535     1.000000000
     0.258773053    20.488019864     1.000000000
     0.271095580    20.488429063     1.000000000
     0.283418106    20.488762195     1.000000000
     0.295740632    20.489013098     1.000000000
     0.308063159    20.489176438     1.000000000
     0.320385685    20.489247756     1.000000000
     0.332708212    20.489223497     1.000000000
     0.345030738    20.489101037     1.000000000
     0.357353264    20.488878694     1.000000000
     0.369675791    20.488555726     1.000000000
     0.381998317    20.488132329     1.000000000
     0.394320843    20.487609618     1.000000000
     0.406643370    20.486989605     1.000000000
     0.418965896    20.486275171     1.000000000
     0.431288422    20.485470027     1.000000000
     0.443610949    20.484578675     1.000000000
     0.455933475    20.483606365     1.000000000
     0.468256001    20.482559047     1.000000000
     0.480578528    20.481443319     1.000000000
     0.492901054    20.480266376     1.000000000
     0.505223581    20.479035957     1.000000000
     0.517546107    20.477760290     1.000000000
     0.529868633    20.476448038     1.000000000
     0.542191160    20.475108244     1.000000000
     0.554513686    20.473750273     1.000000000
     0.566836212    20.472383761     1.000000000
     0.579158739    20.471018559     1.000000000
     0.591481265    20.469664676     1.000000000
     0.603803791    20.468332252     1.000000000
     0.603803791    20.468332252     1.000000000
     0.616634625    20.468593229     1.000000000
     0.629465458    20.469353051     1.000000000
     0.642296292    20.470544577     1.000000000
     0.655127125    20.472063196     1.000000000
     0.667957959    20.473776398     1.000000000
     0.680788792    20.475534920     1.000000000
     0.693619626    20.477183920     1.000000000
     0.706450459    20.478572918     1.000000000
     0.719281293    20.479563686     1.000000000
     0.732112126    20.480035768     1.000000000
     0.744942960    20.479889675     1.000000000
     0.757773793    20.479048092     1.000000000
     0.770604626    20.477455535     1.000000000
     0.783435460    20.475076950     1.000000000
     0.796266293    20.471895656     1.000000000
     0.809097127    20.467911006     1.000000000
     0.821927960    20.463136000     1.000000000
     0.834758794    20.457595017     1.000000000
     0.847589627    20.451321790     1.000000000
     0.860420461    20.444357634     1.000000000
     0.873251294    20.436749969     1.000000000
     0.886082128    20.428551100     1.000000000
     0.898912961    20.419817235     1.000000000
     0.911743795    20.410607713     1.000000000
     0.924574628    20.400984388     1.000000000
     0.937405462    20.391011147     1.000000000
     0.950236295    20.380753535     1.000000000
     0.963067129    20.370278437     1.000000000
     0.975897962    20.359653819     1.000000000
     0.988728796    20.348948481     1.000000000
     1.001559629    20.338231828     1.000000000
     1.014390462    20.327573623     1.000000000
     1.027221296    20.317043729     1.000000000
     1.040052129    20.306711809     1.000000000
     1.052882963    20.296647004     1.000000000
     1.065713796    20.286917557     1.000000000
     1.078544630    20.277590397     1.000000000
     1.091375463    20.268730683     1.000000000
     1.104206297    20.260401306     1.000000000
     1.117037130    20.252662352     1.000000000
     1.129867964    20.245570548     1.000000000
     1.142698797    20.239178683     1.000000000
     1.155529631    20.233535034     1.000000000
     1.168360464    20.228682806     1.000000000
     1.181191298    20.224659590     1.000000000
     1.194022131    20.221496885     1.000000000
     1.206852965    20.219219661     1.000000000
     1.219683798    20.217846015     1.000000000
     1.232514631    20.217386910     1.000000000
     1.232514631    20.217386910     1.000000000
     1.244837158    20.273614961     1.000000000
     1.257159684    20.329799808     1.000000000
     1.269482211    20.385883813     1.000000000
     1.281804737    20.441808786     1.000000000
     1.294127263    20.497515701     1.000000000
     1.306449790    20.552944487     1.000000000
     1.318772316    20.608033909     1.000000000
     1.331094842    20.662721513     1.000000000
     1.343417369    20.716943648     1.000000000
     1.355739895    20.770635561     1.000000000
     1.368062421    20.823731549     1.000000000
     1.380384948    20.876165177     1.000000000
     1.392707474    20.927869547     1.000000000
     1.405030000    20.978777626     1.000000000
     1.417352527    21.028822601     1.000000000
     1.429675053    21.077938284     1.000000000
     1.441997580    21.126059536     1.000000000
     1.454320106    21.173122711     1.000000000
     1.466642632    21.219066105     1.000000000
     1.478965159    21.263830408     1.000000000
     1.491287685    21.307359131     1.000000000
     1.503610211    21.349599017     1.000000000
     1.515932738    21.390500410     1.000000000
     1.528255264    21.430017575     1.000000000
     1.540577790    21.468108966     1.000000000
     1.552900317    21.485566645     1.000000000
     1.565222843    21.453489556     1.000000000
     1.577545369    21.421477576     1.000000000
     1.589867896    21.389549555     1.000000000
     1.602190422    21.357731569     1.000000000
     1.614512948    21.326058340     1.000000000
     1.626835475    21.294574883     1.000000000
     1.639158001    21.263338400     1.000000000
     1.651480528    21.232420451     1.000000000
     1.663803054    21.201909433     1.000000000
     1.676125580    21.171913369     1.000000000
     1.688448107    21.142562973     1.000000000
     1.700770633    21.114014901     1.000000000
     1.713093159    21.086454985     1.000000000
     1.725415686    21.060101101     1.000000000
     1.737738212    21.035205092     1.000000000
     1.750060738    21.012052875     1.000000000
     1.762383265    20.990961591     1.000000000
     1.774705791    20.972272410     1.000000000
     1.787028317    20.956337696     1.000000000
     1.799350844    20.943501826     1.000000000
     1.811673370    20.934076284     1.000000000
     1.823995896    20.928311660     1.000000000
     1.836318423    20.926371201     1.000000000
     1.836318423    20.926371201     1.000000000
     1.849149256    20.926110072     1.000000000
     1.861980090    20.925325005     1.000000000
     1.874810923    20.924010998     1.000000000
     1.887641757    20.922159800     1.000000000
     1.900472590    20.919760037     1.000000000
     1.913303424    20.916797383     1.000000000
     1.926134257    20.913254785     1.000000000
     1.938965091    20.909112725     1.000000000
     1.951795924    20.904349531     1.000000000
     1.964626758    20.898941720     1.000000000
     1.977457591    20.892864388     1.000000000
     1.990288424    20.886091627     1.000000000
     2.003119258    20.878596988     1.000000000
     2.015950091    20.870353963     1.000000000
     2.028780925    20.861336516     1.000000000
     2.041611758    20.851519648     1.000000000
     2.054442592    20.840879994     1.000000000
     2.067273425    20.829396479     1.000000000
     2.080104259    20.817051023     1.000000000
     2.092935092    20.803829316     1.000000000
     2.105765926    20.789721678     1.000000000
     2.118596759    20.774724027     1.000000000
     2.131427593    20.758838985     1.000000000
     2.144258426    20.742077159     1.000000000
     2.157089260    20.724458655     1.000000000
     2.169920093    20.706014879     1.000000000
     2.182750927    20.686790735     1.000000000
     2.195581760    20.666847308     1.000000000
     2.208412594    20.646265201     1.000000000
     2.221243427    20.625148701     1.000000000
     2.234074260    20.603631011     1.000000000
     2.246905094    20.581880802     1.000000000
     2.259735927    20.560110385     1.000000000
     2.272566761    20.538585697     1.000000000
     2.285397594    20.517638093     1.000000000
     2.298228428    20.497677299     1.000000000
     2.311059261    20.479203624     1.000000000
     2.323890095    20.462815098     1.000000000
     2.336720928    20.449201321     1.000000000
     2.349551762    20.439110906     1.000000000
     2.362382595    20.433276266     1.000000000
     2.375213429    20.432284172     1.000000000
     2.388044262    20.436398928     1.000000000
     2.400875096    20.445371479     1.000000000
     2.413705929    20.458277065     1.000000000
     2.426536763    20.473397863     1.000000000
     2.439367596    20.488153979     1.000000000
     2.452198429    20.499231755     1.000000000
     2.465029263    20.503401501     1.000000000
     2.465029263    20.503401501     1.000000000
     2.477804039    20.505980618     1.000000000
     2.490578815    20.513573725     1.000000000
     2.503353591    20.525780909     1.000000000
     2.516128367    20.542029059     1.000000000
     2.528903143    20.561668656     1.000000000
     2.541677919    20.584054171     1.000000000
     2.554452695    20.608595002     1.000000000
     2.567227471    20.634778954     1.000000000
     2.580002247    20.662176786     1.000000000
     2.592777023    20.690436346     1.000000000
     2.605551799    20.719272365     1.000000000
     2.618326575    20.738320101     1.000000000
     2.631101351    20.728740482     1.000000000
     2.643876127    20.718517063     1.000000000
     2.656650903    20.707678000     1.000000000
     2.669425679    20.696253414     1.000000000
     2.682200455    20.684275318     1.000000000
     2.694975231    20.671777545     1.000000000
     2.707750007    20.658795640     1.000000000
     2.720524783    20.645366746     1.000000000
     2.733299559    20.631529458     1.000000000
     2.746074335    20.617323662     1.000000000
     2.758849111    20.602790346     1.000000000
     2.771623887    20.587971389     1.000000000
     2.784398663    20.572909331     1.000000000
     2.797173439    20.557647117     1.000000000
     2.809948215    20.542227828     1.000000000
     2.822722991    20.526694391     1.000000000
     2.835497767    20.511089285     1.000000000
     2.848272543    20.495454240     1.000000000
     2.861047319    20.479829927     1.000000000
     2.873822095    20.464255671     1.000000000
     2.886596871    20.448769162     1.000000000
     2.899371647    20.433406192     1.000000000
     2.912146423    20.418200419     1.000000000
     2.924921199    20.403183153     1.000000000
     2.937695975    20.388383196     1.000000000
     2.950470751    20.373826698     1.000000000
     2.963245527    20.359537079     1.000000000
     2.976020303    20.345534972     1.000000000
     2.988795079    20.331838228     1.000000000
     3.001569855    20.318461945     1.000000000
     3.014344631    20.305418549     1.000000000
     3.027119407    20.292717898     1.000000000
     3.039894183    20.280367417     1.000000000
     3.052668959    20.268372263     1.000000000
     3.065443735    20.256735499     1.000000000
     3.078218511    20.245458284     1.000000000
     3.090993287    20.234540094     1.000000000
     3.090993287    20.234540094     1.000000000
     3.103315814    20.235054443     1.000000000
     3.115638340    20.236595502     1.000000000
     3.127960866    20.239157351     1.000000000
     3.140283393    20.242730310     1.000000000
     3.152605919    20.247301220     1.000000000
     3.164928445    20.252853792     1.000000000
     3.177250972    20.259369032     1.000000000
     3.189573498    20.266825693     1.000000000
     3.201896024    20.275200744     1.000000000
     3.214218551    20.284469824     1.000000000
     3.226541077    20.294607673     1.000000000
     3.238863604    20.305588510     1.000000000
     3.251186130    20.317386360     1.000000000
     3.263508656    20.329975319     1.000000000
     3.275831183    20.343329753     1.000000000
     3.288153709    20.357424439     1.000000000
     3.300476235    20.372234645     1.000000000
     3.312798762    20.387736158     1.000000000
     3.325121288    20.403905268     1.000000000
     3.337443814    20.420718718     1.000000000
     3.349766341    20.438153620     1.000000000
     3.362088867    20.456187348     1.000000000
     3.374411393    20.474797424     1.000000000
     3.386733920    20.493961381     1.000000000
     3.399056446    20.513656630     1.000000000
     3.411378972    20.533860326     1.000000000
     3.423701499    20.554549237     1.000000000
     3.436024025    20.575699619     1.000000000
     3.448346552    20.597287103     1.000000000
     3.460669078    20.619286593     1.000000000
     3.472991604    20.641672177     1.000000000
     3.485314131    20.664417053     1.000000000
     3.497636657    20.687493474     1.000000000
     3.509959183    20.710872703     1.000000000
     3.522281710    20.734524995     1.000000000
     3.534604236    20.758419587     1.000000000
     3.546926762    20.782524712     1.000000000
     3.559249289    20.806807626     1.000000000
     3.571571815    20.831234657     1.000000000
     3.583894341    20.855771267     1.000000000
     3.596216868    20.880382131     1.000000000
     3.608539394    20.905031229     1.000000000
     3.620861921    20.929681959     1.000000000
     3.633184447    20.954297252     1.000000000
     3.645506973    20.978839711     1.000000000
     3.657829500    21.003271749     1.000000000
     3.670152026    21.027555747     1.000000000
     3.682474552    21.051654206     1.000000000
     3.694797079    21.075529814     1.000000000
     3.694797079    21.075529814     1.000000000
     3.707627912    21.067846451     1.000000000
     3.720458746    21.060246750     1.000000000
     3.733289579    21.052780752     1.000000000
     3.746120413    21.045495133     1.000000000
     3.758951246    21.038432621     1.000000000
     3.771782079    21.031631397     1.000000000
     3.784612913    21.025124592     1.000000000
     3.797443746    21.018939900     1.000000000
     3.810274580    21.013099317     1.000000000
     3.823105413    21.007619019     1.000000000
     3.835936247    21.002509398     1.000000000
     3.848767080    20.997775234     1.000000000
     3.861597914    20.993416016     1.000000000
     3.874428747    20.989426386     1.000000000
     3.887259581    20.985796705     1.000000000
     3.900090414    20.982513703     1.000000000
     3.912921248    20.979561198     1.000000000
     3.925752081    20.976920861     1.000000000
     3.938582915    20.974572989     1.000000000
     3.951413748    20.972497280     1.000000000
     3.964244582    20.970673564     1.000000000
     3.977075415    20.969082491     1.000000000
     3.989906249    20.967706144     1.000000000
     4.002737082    20.966528580     1.000000000
     4.015567915    20.965536265     1.000000000
     4.028398749    20.964718425     1.000000000
     4.041229582    20.964067294     1.000000000
     4.054060416    20.963578255     1.000000000
     4.066891249    20.963249897     1.000000000
     4.079722083    20.963083970     1.000000000
     4.092552916    20.963085255     1.000000000
     4.105383750    20.963261361     1.000000000
     4.118214583    20.963622444     1.000000000
     4.131045417    20.964180871     1.000000000
     4.143876250    20.964950828     1.000000000
     4.156707084    20.965947891     1.000000000
     4.169537917    20.967188562     1.000000000
     4.182368751    20.968689787     1.000000000
     4.195199584    20.970468454     1.000000000
     4.208030418    20.972540904     1.000000000
     4.220861251    20.974922440     1.000000000
     4.233692084    20.977626854     1.000000000
     4.246522918    20.980665983     1.000000000
     4.259353751    20.984049299     1.000000000
     4.272184585    20.987783537     1.000000000
     4.285015418    20.991872371     1.000000000
     4.297846252    20.996316143     1.000000000
     4.310677085    21.001111646     1.000000000
     4.323507919    21.006251795     1.000000000
     4.323507919    21.006251795     1.000000000
     4.335830445    20.974943436     1.000000000
     4.348152971    20.944208741     1.000000000
     4.360475498    20.914093052     1.000000000
     4.372798024    20.884638464     1.000000000
     4.385120551    20.855883713     1.000000000
     4.397443077    20.827863942     1.000000000
     4.409765603    20.800610497     1.000000000
     4.422088130    20.774150758     1.000000000
     4.434410656    20.748508022     1.000000000
     4.446733182    20.723701420     1.000000000
     4.459055709    20.699745895     1.000000000
     4.471378235    20.676652216     1.000000000
     4.483700761    20.654427059     1.000000000
     4.496023288    20.633073123     1.000000000
     4.508345814    20.612589305     1.000000000
     4.520668340    20.592970910     1.000000000
     4.532990867    20.574209910     1.000000000
     4.545313393    20.556295228     1.000000000
     4.557635920    20.539213064     1.000000000
     4.569958446    20.522947229     1.000000000
     4.582280972    20.507479503     1.000000000
     4.594603499    20.492790004     1.000000000
     4.606926025    20.478857549     1.000000000
     4.619248551    20.465660018     1.000000000
     4.631571078    20.453174704     1.000000000
     4.643893604    20.441378646     1.000000000
     4.656216130    20.430248940     1.000000000
     4.668538657    20.419763024     1.000000000
     4.680861183    20.409898931     1.000000000
     4.693183709    20.400635518     1.000000000
     4.705506236    20.391952647     1.000000000
     4.717828762    20.383831346     1.000000000
     4.730151288    20.376253920     1.000000000
     4.742473815    20.369204045     1.000000000
     4.754796341    20.362666811     1.000000000
     4.767118868    20.356628746     1.000000000
     4.779441394    20.351077809     1.000000000
     4.791763920    20.346003352     1.000000000
     4.804086447    20.341396072     1.000000000
     4.816408973    20.337247932     1.000000000
     4.828731499    20.333552079     1.000000000
     4.841054026    20.330302744     1.000000000
     4.853376552    20.327495148     1.000000000
     4.865699078    20.325125397     1.000000000
     4.878021605    20.323190385     1.000000000
     4.890344131    20.321687708     1.000000000
     4.902666657    20.320615583     1.000000000
     4.914989184    20.319972784     1.000000000
     4.927311710    20.319758595     1.000000000
     4.927311710    20.319758595     1.000000000
     4.940142544    20.319342839     1.000000000
     4.952973377    20.318098108     1.000000000
     4.965804211    20.316032012     1.000000000
     4.978635044    20.313157187     1.000000000
     4.991465877    20.309491233     1.000000000
     5.004296711    20.305056637     1.000000000
     5.017127544    20.299880680     1.000000000
     5.029958378    20.293995347     1.000000000
     5.042789211    20.287437247     1.000000000
     5.055620045    20.280247553     1.000000000
     5.068450878    20.272471972     1.000000000
     5.081281712    20.264160753     1.000000000
     5.094112545    20.255368750     1.000000000
     5.106943379    20.246155542     1.000000000
     5.119774212    20.236585602     1.000000000
     5.132605046    20.226728546     1.000000000
     5.145435879    20.216659427     1.000000000
     5.158266713    20.206459082     1.000000000
     5.171097546    20.196214518     1.000000000
     5.183928380    20.186019291     1.000000000
     5.196759213    20.175973871     1.000000000
     5.209590047    20.166185908     1.000000000
     5.222420880    20.156770356     1.000000000
     5.235251713    20.147849350     1.000000000
     5.248082547    20.139551718     1.000000000
     5.260913380    20.132012012     1.000000000
     5.273744214    20.125368879     1.000000000
     5.286575047    20.119762619     1.000000000
     5.299405881    20.115331759     1.000000000
     5.312236714    20.112208515     1.000000000
     5.325067548    20.110513071     1.000000000
     5.337898381    20.110346718     1.000000000
     5.350729215    20.111784051     1.000000000
     5.363560048    20.114864592     1.000000000
     5.376390882    20.119584428     1.000000000
     5.389221715    20.125888587     1.000000000
     5.402052549    20.133664996     1.000000000
     5.414883382    20.142740839     1.000000000
     5.427714216    20.152882025     1.000000000
     5.440545049    20.163796246     1.000000000
     5.453375882    20.175139886     1.000000000
     5.466206716    20.186528754     1.000000000
     5.479037549    20.197552420     1.000000000
     5.491868383    20.207791725     1.000000000
     5.504699216    20.216838812     1.000000000
     5.517530050    20.224318672     1.000000000
     5.530360883    20.229910860     1.000000000
     5.543191717    20.233369576     1.000000000
     5.556022550    20.234540094     1.000000000
  
     0.000000000    21.356715985     1.000000000
     0.012322526    21.356886913     1.000000000
     0.024645053    21.357399928     1.000000000
     0.036967579    21.358255711     1.000000000
     0.049290105    21.359455383     1.000000000
     0.061612632    21.361000479     1.000000000
     0.073935158    21.362892924     1.000000000
     0.086257684    21.365134983     1.000000000
     0.098580211    21.367729222     1.000000000
     0.110902737    21.370678446     1.000000000
     0.123225264    21.373985642     1.000000000
     0.135547790    21.377653905     1.000000000
     0.147870316    21.381686371     1.000000000
     0.160192843    21.386086133     1.000000000
     0.172515369    21.390856162     1.000000000
     0.184837895    21.395999221     1.000000000
     0.197160422    21.401517784     1.000000000
     0.209482948    21.407413945     1.000000000
     0.221805474    21.413689338     1.000000000
     0.234128001    21.420345052     1.000000000
     0.246450527    21.427381556     1.000000000
     0.258773053    21.434798619     1.000000000
     0.271095580    21.442595247     1.000000000
     0.283418106    21.450769615     1.000000000
     0.295740632    21.459319016     1.000000000
     0.308063159    21.468239809     1.000000000
     0.320385685    21.477527382     1.000000000
     0.332708212    21.487176117     1.000000000
     0.345030738    21.497179371     1.000000000
     0.357353264    21.507529457     1.000000000
     0.369675791    21.518217640     1.000000000
     0.381998317    21.529234139     1.000000000
     0.394320843    21.540568136     1.000000000
     0.406643370    21.552207791     1.000000000
     0.418965896    21.564140273     1.000000000
     0.431288422    21.576351781     1.000000000
     0.443610949    21.588827589     1.000000000
     0.455933475    21.601552084     1.000000000
     0.468256001    21.614508815     1.000000000
     0.480578528    21.627680542     1.000000000
     0.492901054    21.641049296     1.000000000
     0.505223581    21.654596434     1.000000000
     0.517546107    21.668302705     1.000000000
     0.529868633    21.682148313     1.000000000
     0.542191160    21.696112987     1.000000000
     0.554513686    21.710176049     1.000000000
     0.566836212    21.724316485     1.000000000
     0.579158739    21.738513023     1.000000000
     0.591481265    21.752744200     1.000000000
     0.603803791    21.766988422     1.000000000
     0.603803791    21.766988422     1.000000000
     0.616634625    21.768107095     1.000000000
     0.629465458    21.771448268     1.000000000
     0.642296292    21.776967791     1.000000000
     0.655127125    21.784593253     1.000000000
     0.667957959    21.794225749     1.000000000
     0.680788792    21.805742304     1.000000000
     0.693619626    21.818998914     1.000000000
     0.706450459    21.833834106     1.000000000
     0.719281293    21.850072873     1.000000000
     0.732112126    21.867530812     1.000000000
     0.744942960    21.886018290     1.000000000
     0.757773793    21.905344450     1.000000000
     0.770604626    21.925320900     1.000000000
     0.783435460    21.945764956     1.000000000
     0.796266293    21.966502376     1.000000000
     0.809097127    21.987369531     1.000000000
     0.821927960    22.008215026     1.000000000
     0.834758794    22.028900798     1.000000000
     0.847589627    22.049302749     1.000000000
     0.860420461    22.069310973     1.000000000
     0.873251294    22.088829643     1.000000000
     0.886082128    22.107776632     1.000000000
     0.898912961    22.126082928     1.000000000
     0.911743795    22.143691889     1.000000000
     0.924574628    22.160558397     1.000000000
     0.937405462    22.176647941     1.000000000
     0.950236295    22.191935666     1.000000000
     0.963067129    22.206405400     1.000000000
     0.975897962    22.220048699     1.000000000
     0.988728796    22.232863903     1.000000000
     1.001559629    22.244855223     1.000000000
     1.014390462    22.256031866     1.000000000
     1.027221296    22.266407203     1.000000000
     1.040052129    22.275997980     1.000000000
     1.052882963    22.284823577     1.000000000
     1.065713796    22.292905309     1.000000000
     1.078544630    22.300265785     1.000000000
     1.091375463    22.306928308     1.000000000
     1.104206297    22.312916317     1.000000000
     1.117037130    22.318252890     1.000000000
     1.129867964    22.322960278     1.000000000
     1.142698797    22.327059494     1.000000000
     1.155529631    22.330569943     1.000000000
     1.168360464    22.333509096     1.000000000
     1.181191298    22.335892211     1.000000000
     1.194022131    22.337732095     1.000000000
     1.206852965    22.339038908     1.000000000
     1.219683798    22.339820015     1.000000000
     1.232514631    22.340079878     1.000000000
     1.232514631    22.340079878     1.000000000
     1.244837158    22.306447156     1.000000000
     1.257159684    22.272838303     1.000000000
     1.269482211    22.239263439     1.000000000
     1.281804737    22.205731997     1.000000000
     1.294127263    22.172252666     1.000000000
     1.306449790    22.138833273     1.000000000
     1.318772316    22.105480671     1.000000000
     1.331094842    22.072200641     1.000000000
     1.343417369    22.038997806     1.000000000
     1.355739895    22.005875566     1.000000000
     1.368062421    21.972836061     1.000000000
     1.380384948    21.939880149     1.000000000
     1.392707474    21.907007429     1.000000000
     1.405030000    21.874216285     1.000000000
     1.417352527    21.841503977     1.000000000
     1.429675053    21.808866763     1.000000000
     1.441997580    21.776300067     1.000000000
     1.454320106    21.743798695     1.000000000
     1.466642632    21.711357089     1.000000000
     1.478965159    21.678969640     1.000000000
     1.491287685    21.646631055     1.000000000
     1.503610211    21.614336776     1.000000000
     1.515932738    21.582083470     1.000000000
     1.528255264    21.549869583     1.000000000
     1.540577790    21.517695975     1.000000000
     1.552900317    21.504737423     1.000000000
     1.565222843    21.539870302     1.000000000
     1.577545369    21.573479531     1.000000000
     1.589867896    21.605541587     1.000000000
     1.602190422    21.636037397     1.000000000
     1.614512948    21.664952174     1.000000000
     1.626835475    21.692275183     1.000000000
     1.639158001    21.717999447     1.000000000
     1.651480528    21.742121409     1.000000000
     1.663803054    21.764640551     1.000000000
     1.676125580    21.785558988     1.000000000
     1.688448107    21.804881043     1.000000000
     1.700770633    21.822612809     1.000000000
     1.713093159    21.838761726     1.000000000
     1.725415686    21.853336154     1.000000000
     1.737738212    21.866344972     1.000000000
     1.750060738    21.877797203     1.000000000
     1.762383265    21.887701660     1.000000000
     1.774705791    21.896066638     1.000000000
     1.787028317    21.902899634     1.000000000
     1.799350844    21.908207110     1.000000000
     1.811673370    21.911994296     1.000000000
     1.823995896    21.914265038     1.000000000
     1.836318423    21.915021688     1.000000000
     1.836318423    21.915021688     1.000000000
     1.849149256    21.914545966     1.000000000
     1.861980090    21.913118045     1.000000000
     1.874810923    21.910735683     1.000000000
     1.887641757    21.907395169     1.000000000
     1.900472590    21.903091360     1.000000000
     1.913303424    21.897817736     1.000000000
     1.926134257    21.891566462     1.000000000
     1.938965091    21.884328480     1.000000000
     1.951795924    21.876093593     1.000000000
     1.964626758    21.866850582     1.000000000
     1.977457591    21.856587322     1.000000000
     1.990288424    21.845290922     1.000000000
     2.003119258    21.832947863     1.000000000
     2.015950091    21.819544162     1.000000000
     2.028780925    21.805065538     1.000000000
     2.041611758    21.789497592     1.000000000
     2.054442592    21.772825996     1.000000000
     2.067273425    21.755036703     1.000000000
     2.080104259    21.736116152     1.000000000
     2.092935092    21.716051508     1.000000000
     2.105765926    21.694830899     1.000000000
     2.118596759    21.672443683     1.000000000
     2.131427593    21.648880729     1.000000000
     2.144258426    21.624134726     1.000000000
     2.157089260    21.598200528     1.000000000
     2.169920093    21.571075529     1.000000000
     2.182750927    21.542760100     1.000000000
     2.195581760    21.513258078     1.000000000
     2.208412594    21.482577347     1.000000000
     2.221243427    21.450730526     1.000000000
     2.234074260    21.417735801     1.000000000
     2.246905094    21.383617945     1.000000000
     2.259735927    21.348409609     1.000000000
     2.272566761    21.312152963     1.000000000
     2.285397594    21.274901842     1.000000000
     2.298228428    21.236724606     1.000000000
     2.311059261    21.197708035     1.000000000
     2.323890095    21.157962747     1.000000000
     2.336720928    21.117630955     1.000000000
     2.349551762    21.076897835     1.000000000
     2.362382595    21.036008706     1.000000000
     2.375213429    20.995295731     1.000000000
     2.388044262    20.955220582     1.000000000
     2.400875096    20.916443957     1.000000000
     2.413705929    20.879938556     1.000000000
     2.426536763    20.847161728     1.000000000
     2.439367596    20.820262036     1.000000000
     2.452198429    20.802112061     1.000000000
     2.465029263    20.795623206     1.000000000
     2.465029263    20.795623206     1.000000000
     2.477804039    20.795212804     1.000000000
     2.490578815    20.793982643     1.000000000
     2.503353591    20.791935852     1.000000000
     2.516128367    20.789077652     1.000000000
     2.528903143    20.785415355     1.000000000
     2.541677919    20.780958372     1.000000000
     2.554452695    20.775718214     1.000000000
     2.567227471    20.769708499     1.000000000
     2.580002247    20.762944949     1.000000000
     2.592777023    20.755445395     1.000000000
     2.605551799    20.747229771     1.000000000
     2.618326575    20.748455407     1.000000000
     2.631101351    20.777801670     1.000000000
     2.643876127    20.807164266     1.000000000
     2.656650903    20.836426065     1.000000000
     2.669425679    20.865493957     1.000000000
     2.682200455    20.894294298     1.000000000
     2.694975231    20.922769314     1.000000000
     2.707750007    20.950874263     1.000000000
     2.720524783    20.978575184     1.000000000
     2.733299559    21.005847095     1.000000000
     2.746074335    21.032672552     1.000000000
     2.758849111    21.059040465     1.000000000
     2.771623887    21.084945134     1.000000000
     2.784398663    21.110385435     1.000000000
     2.797173439    21.135364139     1.000000000
     2.809948215    21.159887322     1.000000000
     2.822722991    21.183963857     1.000000000
     2.835497767    21.207604958     1.000000000
     2.848272543    21.230823785     1.000000000
     2.861047319    21.253635072     1.000000000
     2.873822095    21.276054801     1.000000000
     2.886596871    21.298099893     1.000000000
     2.899371647    21.319787932     1.000000000
     2.912146423    21.341136902     1.000000000
     2.924921199    21.362164942     1.000000000
     2.937695975    21.382890130     1.000000000
     2.950470751    21.403330267     1.000000000
     2.963245527    21.423502691     1.000000000
     2.976020303    21.443424103     1.000000000
     2.988795079    21.463110403     1.000000000
     3.001569855    21.482576554     1.000000000
     3.014344631    21.501836448     1.000000000
     3.027119407    21.520902802     1.000000000
     3.039894183    21.539787057     1.000000000
     3.052668959    21.558499306     1.000000000
     3.065443735    21.577048225     1.000000000
     3.078218511    21.595441029     1.000000000
     3.090993287    21.613683430     1.000000000
     3.090993287    21.613683430     1.000000000
     3.103315814    21.613559321     1.000000000
     3.115638340    21.613185809     1.000000000
     3.127960866    21.612559355     1.000000000
     3.140283393    21.611674107     1.000000000
     3.152605919    21.610521967     1.000000000
     3.164928445    21.609092694     1.000000000
     3.177250972    21.607374015     1.000000000
     3.189573498    21.605351777     1.000000000
     3.201896024    21.603010107     1.000000000
     3.214218551    21.600331599     1.000000000
     3.226541077    21.597297508     1.000000000
     3.238863604    21.593887969     1.000000000
     3.251186130    21.590082221     1.000000000
     3.263508656    21.585858832     1.000000000
     3.275831183    21.581195948     1.000000000
     3.288153709    21.576071521     1.000000000
     3.300476235    21.570463559     1.000000000
     3.312798762    21.564350359     1.000000000
     3.325121288    21.557710741     1.000000000
     3.337443814    21.550524274     1.000000000
     3.349766341    21.542771495     1.000000000
     3.362088867    21.534434118     1.000000000
     3.374411393    21.525495226     1.000000000
     3.386733920    21.515939456     1.000000000
     3.399056446    21.505753166     1.000000000
     3.411378972    21.494924590     1.000000000
     3.423701499    21.483443972     1.000000000
     3.436024025    21.471303689     1.000000000
     3.448346552    21.458498353     1.000000000
     3.460669078    21.445024895     1.000000000
     3.472991604    21.430882636     1.000000000
     3.485314131    21.416073337     1.000000000
     3.497636657    21.400601227     1.000000000
     3.509959183    21.384473024     1.000000000
     3.522281710    21.367697929     1.000000000
     3.534604236    21.350287607     1.000000000
     3.546926762    21.332256152     1.000000000
     3.559249289    21.313620032     1.000000000
     3.571571815    21.294398022     1.000000000
     3.583894341    21.274611124     1.000000000
     3.596216868    21.254282464     1.000000000
     3.608539394    21.233437189     1.000000000
     3.620861921    21.212102340     1.000000000
     3.633184447    21.190306718     1.000000000
     3.645506973    21.168080746     1.000000000
     3.657829500    21.145456311     1.000000000
     3.670152026    21.122466612     1.000000000
     3.682474552    21.099145987     1.000000000
     3.694797079    21.075529902     1.000000000
     3.694797079    21.075529902     1.000000000
     3.707627912    21.083244494     1.000000000
     3.720458746    21.090936103     1.000000000
     3.733289579    21.098549265     1.000000000
     3.746120413    21.106028317     1.000000000
     3.758951246    21.113318015     1.000000000
     3.771782079    21.120364220     1.000000000
     3.784612913    21.127114531     1.000000000
     3.797443746    21.133518863     1.000000000
     3.810274580    21.139529959     1.000000000
     3.823105413    21.145103845     1.000000000
     3.835936247    21.150200218     1.000000000
     3.848767080    21.154782768     1.000000000
     3.861597914    21.158819445     1.000000000
     3.874428747    21.162282665     1.000000000
     3.887259581    21.165149463     1.000000000
     3.900090414    21.167401592     1.000000000
     3.912921248    21.169025580     1.000000000
     3.925752081    21.170012745     1.000000000
     3.938582915    21.170359164     1.000000000
     3.951413748    21.170065610     1.000000000
     3.964244582    21.169137461     1.000000000
     3.977075415    21.167584569     1.000000000
     3.989906249    21.165421105     1.000000000
     4.002737082    21.162665383     1.000000000
     4.015567915    21.159339649     1.000000000
     4.028398749    21.155469857     1.000000000
     4.041229582    21.151085416     1.000000000
     4.054060416    21.146218920     1.000000000
     4.066891249    21.140905859     1.000000000
     4.079722083    21.135184305     1.000000000
     4.092552916    21.129094592     1.000000000
     4.105383750    21.122678967     1.000000000
     4.118214583    21.115981232     1.000000000
     4.131045417    21.109046377     1.000000000
     4.143876250    21.101920190     1.000000000
     4.156707084    21.094648872     1.000000000
     4.169537917    21.087278632     1.000000000
     4.182368751    21.079855288     1.000000000
     4.195199584    21.072423864     1.000000000
     4.208030418    21.065028195     1.000000000
     4.220861251    21.057710534     1.000000000
     4.233692084    21.050511183     1.000000000
     4.246522918    21.043468131     1.000000000
     4.259353751    21.036616727     1.000000000
     4.272184585    21.029989374     1.000000000
     4.285015418    21.023615265     1.000000000
     4.297846252    21.017520156     1.000000000
     4.310677085    21.011726187     1.000000000
     4.323507919    21.006251914     1.000000000
     4.323507919    21.006251914     1.000000000
     4.335830445    21.038086140     1.000000000
     4.348152971    21.070395809     1.000000000
     4.360475498    21.103128081     1.000000000
     4.372798024    21.136228366     1.000000000
     4.385120551    21.169640508     1.000000000
     4.397443077    21.203307097     1.000000000
     4.409765603    21.237169764     1.000000000
     4.422088130    21.271169476     1.000000000
     4.434410656    21.305246812     1.000000000
     4.446733182    21.339342215     1.000000000
     4.459055709    21.373396238     1.000000000
     4.471378235    21.407349762     1.000000000
     4.483700761    21.441144196     1.000000000
     4.496023288    21.474721660     1.000000000
     4.508345814    21.508025145     1.000000000
     4.520668340    21.540998658     1.000000000
     4.532990867    21.573587346     1.000000000
     4.545313393    21.605737602     1.000000000
     4.557635920    21.637397163     1.000000000
     4.569958446    21.668515183     1.000000000
     4.582280972    21.699042300     1.000000000
     4.594603499    21.728930693     1.000000000
     4.606926025    21.758134120     1.000000000
     4.619248551    21.786607955     1.000000000
     4.631571078    21.814309216     1.000000000
     4.643893604    21.841196583     1.000000000
     4.656216130    21.867230411     1.000000000
     4.668538657    21.892372746     1.000000000
     4.680861183    21.916587323     1.000000000
     4.693183709    21.939839577     1.000000000
     4.705506236    21.962096638     1.000000000
     4.717828762    21.983327336     1.000000000
     4.730151288    22.003502195     1.000000000
     4.742473815    22.022593434     1.000000000
     4.754796341    22.040574963     1.000000000
     4.767118868    22.057422382     1.000000000
     4.779441394    22.073112978     1.000000000
     4.791763920    22.087625721     1.000000000
     4.804086447    22.100941265     1.000000000
     4.816408973    22.113041949     1.000000000
     4.828731499    22.123911789     1.000000000
     4.841054026    22.133536484     1.000000000
     4.853376552    22.141903416     1.000000000
     4.865699078    22.149001644     1.000000000
     4.878021605    22.154821912     1.000000000
     4.890344131    22.159356643     1.000000000
     4.902666657    22.162599947     1.000000000
     4.914989184    22.164547613     1.000000000
     4.927311710    22.165197116     1.000000000
     4.927311710    22.165197116     1.000000000
     4.940142544    22.165060967     1.000000000
     4.952973377    22.164649970     1.000000000
     4.965804211    22.163956540     1.000000000
     4.978635044    22.162968164     1.000000000
     4.991465877    22.161667581     1.000000000
     5.004296711    22.160033042     1.000000000
     5.017127544    22.158038624     1.000000000
     5.029958378    22.155654606     1.000000000
     5.042789211    22.152847899     1.000000000
     5.055620045    22.149582517     1.000000000
     5.068450878    22.145820084     1.000000000
     5.081281712    22.141520382     1.000000000
     5.094112545    22.136641917     1.000000000
     5.106943379    22.131142517     1.000000000
     5.119774212    22.124979936     1.000000000
     5.132605046    22.118112492     1.000000000
     5.145435879    22.110499714     1.000000000
     5.158266713    22.102103004     1.000000000
     5.171097546    22.092886330     1.000000000
     5.183928380    22.082816931     1.000000000
     5.196759213    22.071866062     1.000000000
     5.209590047    22.060009761     1.000000000
     5.222420880    22.047229669     1.000000000
     5.235251713    22.033513890     1.000000000
     5.248082547    22.018857909     1.000000000
     5.260913380    22.003265580     1.000000000
     5.273744214    21.986750182     1.000000000
     5.286575047    21.969335565     1.000000000
     5.299405881    21.951057378     1.000000000
     5.312236714    21.931964403     1.000000000
     5.325067548    21.912119975     1.000000000
     5.337898381    21.891603499     1.000000000
     5.350729215    21.870512040     1.000000000
     5.363560048    21.848961952     1.000000000
     5.376390882    21.827090491     1.000000000
     5.389221715    21.805057326     1.000000000
     5.402052549    21.783045811     1.000000000
     5.414883382    21.761263824     1.000000000
     5.427714216    21.739943921     1.000000000
     5.440545049    21.719342457     1.000000000
     5.453375882    21.699737280     1.000000000
     5.466206716    21.681423545     1.000000000
     5.479037549    21.664707216     1.000000000
     5.491868383    21.649895972     1.000000000
     5.504699216    21.637287497     1.000000000
     5.517530050    21.627155548     1.000000000
     5.530360883    21.619734810     1.000000000
     5.543191717    21.615206042     1.000000000
     5.556022550    21.613683430     1.000000000
  
     0.000000000    22.169115503     1.000000000
     0.012322526    22.168953314     1.000000000
     0.024645053    22.168466467     1.000000000
     0.036967579    22.167654120     1.000000000
     0.049290105    22.166514890     1.000000000
     0.061612632    22.165046882     1.000000000
     0.073935158    22.163247725     1.000000000
     0.086257684    22.161114621     1.000000000
     0.098580211    22.158644403     1.000000000
     0.110902737    22.155833600     1.000000000
     0.123225264    22.152678511     1.000000000
     0.135547790    22.149175281     1.000000000
     0.147870316    22.145319985     1.000000000
     0.160192843    22.141108716     1.000000000
     0.172515369    22.136537669     1.000000000
     0.184837895    22.131603236     1.000000000
     0.197160422    22.126302090     1.000000000
     0.209482948    22.120631277     1.000000000
     0.221805474    22.114588298     1.000000000
     0.234128001    22.108171191     1.000000000
     0.246450527    22.101378610     1.000000000
     0.258773053    22.094209898     1.000000000
     0.271095580    22.086665153     1.000000000
     0.283418106    22.078745285     1.000000000
     0.295740632    22.070452076     1.000000000
     0.308063159    22.061788226     1.000000000
     0.320385685    22.052757387     1.000000000
     0.332708212    22.043364204     1.000000000
     0.345030738    22.033614331     1.000000000
     0.357353264    22.023514457     1.000000000
     0.369675791    22.013072311     1.000000000
     0.381998317    22.002296665     1.000000000
     0.394320843    21.991197334     1.000000000
     0.406643370    21.979785158     1.000000000
     0.418965896    21.968071993     1.000000000
     0.431288422    21.956070679     1.000000000
     0.443610949    21.943795015     1.000000000
     0.455933475    21.931259721     1.000000000
     0.468256001    21.918480401     1.000000000
     0.480578528    21.905473492     1.000000000
     0.492901054    21.892256216     1.000000000
     0.505223581    21.878846525     1.000000000
     0.517546107    21.865263046     1.000000000
     0.529868633    21.851525014     1.000000000
     0.542191160    21.837652209     1.000000000
     0.554513686    21.823664890     1.000000000
     0.566836212    21.809583724     1.000000000
     0.579158739    21.795429716     1.000000000
     0.591481265    21.781224134     1.000000000
     0.603803791    21.766988456     1.000000000
     0.603803791    21.766988456     1.000000000
     0.616634625    21.768107134     1.000000000
     0.629465458    21.771448317     1.000000000
     0.642296292    21.776967850     1.000000000
     0.655127125    21.784593324     1.000000000
     0.667957959    21.794225832     1.000000000
     0.680788792    21.805742398     1.000000000
     0.693619626    21.818999020     1.000000000
     0.706450459    21.833834225     1.000000000
     0.719281293    21.850073003     1.000000000
     0.732112126    21.867530953     1.000000000
     0.744942960    21.886018442     1.000000000
     0.757773793    21.905344612     1.000000000
     0.770604626    21.925321071     1.000000000
     0.783435460    21.945765137     1.000000000
     0.796266293    21.966502565     1.000000000
     0.809097127    21.987369728     1.000000000
     0.821927960    22.008215229     1.000000000
     0.834758794    22.028901006     1.000000000
     0.847589627    22.049302963     1.000000000
     0.860420461    22.069311191     1.000000000
     0.873251294    22.088829865     1.000000000
     0.886082128    22.107776857     1.000000000
     0.898912961    22.126083155     1.000000000
     0.911743795    22.143692117     1.000000000
     0.924574628    22.160558625     1.000000000
     0.937405462    22.176648169     1.000000000
     0.950236295    22.191935893     1.000000000
     0.963067129    22.206405625     1.000000000
     0.975897962    22.220048922     1.000000000
     0.988728796    22.232864123     1.000000000
     1.001559629    22.244855439     1.000000000
     1.014390462    22.256032078     1.000000000
     1.027221296    22.266407410     1.000000000
     1.040052129    22.275998181     1.000000000
     1.052882963    22.284823771     1.000000000
     1.065713796    22.292905497     1.000000000
     1.078544630    22.300265966     1.000000000
     1.091375463    22.306928480     1.000000000
     1.104206297    22.312916481     1.000000000
     1.117037130    22.318253044     1.000000000
     1.129867964    22.322960422     1.000000000
     1.142698797    22.327059627     1.000000000
     1.155529631    22.330570065     1.000000000
     1.168360464    22.333509207     1.000000000
     1.181191298    22.335892310     1.000000000
     1.194022131    22.337732182     1.000000000
     1.206852965    22.339038985     1.000000000
     1.219683798    22.339820083     1.000000000
     1.232514631    22.340079940     1.000000000
     1.232514631    22.340079940     1.000000000
     1.244837158    22.373726047     1.000000000
     1.257159684    22.407374619     1.000000000
     1.269482211    22.441014338     1.000000000
     1.281804737    22.474633731     1.000000000
     1.294127263    22.508221178     1.000000000
     1.306449790    22.541764951     1.000000000
     1.318772316    22.575253226     1.000000000
     1.331094842    22.608674065     1.000000000
     1.343417369    22.642015369     1.000000000
     1.355739895    22.675264790     1.000000000
     1.368062421    22.708409611     1.000000000
     1.380384948    22.741436587     1.000000000
     1.392707474    22.774331755     1.000000000
     1.405030000    22.807080205     1.000000000
     1.417352527    22.839665826     1.000000000
     1.429675053    22.872071021     1.000000000
     1.441997580    22.904276407     1.000000000
     1.454320106    22.936260502     1.000000000
     1.466642632    22.967999406     1.000000000
     1.478965159    22.999466495     1.000000000
     1.491287685    23.030632125     1.000000000
     1.503610211    23.061463374     1.000000000
     1.515932738    23.091923816     1.000000000
     1.528255264    23.121973352     1.000000000
     1.540577790    23.151568108     1.000000000
     1.552900317    23.180660390     1.000000000
     1.565222843    23.209198739     1.000000000
     1.577545369    23.237128047     1.000000000
     1.589867896    23.264389777     1.000000000
     1.602190422    23.290922260     1.000000000
     1.614512948    23.316661076     1.000000000
     1.626835475    23.341539514     1.000000000
     1.639158001    23.365489101     1.000000000
     1.651480528    23.388440192     1.000000000
     1.663803054    23.410322610     1.000000000
     1.676125580    23.431066320     1.000000000
     1.688448107    23.450602131     1.000000000
     1.700770633    23.468862410     1.000000000
     1.713093159    23.485781793     1.000000000
     1.725415686    23.501297886     1.000000000
     1.737738212    23.515351942     1.000000000
     1.750060738    23.527889504     1.000000000
     1.762383265    23.538861004     1.000000000
     1.774705791    23.548222310     1.000000000
     1.787028317    23.555935217     1.000000000
     1.799350844    23.561967868     1.000000000
     1.811673370    23.566295113     1.000000000
     1.823995896    23.568898785     1.000000000
     1.836318423    23.569767900     1.000000000
     1.836318423    23.569767900     1.000000000
     1.849149256    23.569818437     1.000000000
     1.861980090    23.569969736     1.000000000
     1.874810923    23.570220889     1.000000000
     1.887641757    23.570570393     1.000000000
     1.900472590    23.571016165     1.000000000
     1.913303424    23.571555559     1.000000000
     1.926134257    23.572185394     1.000000000
     1.938965091    23.572901981     1.000000000
     1.951795924    23.573701159     1.000000000
     1.964626758    23.574578333     1.000000000
     1.977457591    23.575528514     1.000000000
     1.990288424    23.576546362     1.000000000
     2.003119258    23.577626235     1.000000000
     2.015950091    23.578762236     1.000000000
     2.028780925    23.579948260     1.000000000
     2.041611758    23.581178044     1.000000000
     2.054442592    23.582445216     1.000000000
     2.067273425    23.583743341     1.000000000
     2.080104259    23.585065972     1.000000000
     2.092935092    23.586406688     1.000000000
     2.105765926    23.587759141     1.000000000
     2.118596759    23.589117093     1.000000000
     2.131427593    23.590474454     1.000000000
     2.144258426    23.591825312     1.000000000
     2.157089260    23.593163966     1.000000000
     2.169920093    23.594484947     1.000000000
     2.182750927    23.595783041     1.000000000
     2.195581760    23.597053309     1.000000000
     2.208412594    23.598291095     1.000000000
     2.221243427    23.599492039     1.000000000
     2.234074260    23.600652083     1.000000000
     2.246905094    23.601767471     1.000000000
     2.259735927    23.602834749     1.000000000
     2.272566761    23.603850761     1.000000000
     2.285397594    23.604812639     1.000000000
     2.298228428    23.605717800     1.000000000
     2.311059261    23.606563925     1.000000000
     2.323890095    23.607348956     1.000000000
     2.336720928    23.608071073     1.000000000
     2.349551762    23.608728686     1.000000000
     2.362382595    23.609320414     1.000000000
     2.375213429    23.609845073     1.000000000
     2.388044262    23.610301657     1.000000000
     2.400875096    23.610689329     1.000000000
     2.413705929    23.611007405     1.000000000
     2.426536763    23.611255341     1.000000000
     2.439367596    23.611432725     1.000000000
     2.452198429    23.611539269     1.000000000
     2.465029263    23.611574802     1.000000000
     2.465029263    22.169115503     1.000000000
     2.477804039    22.168822117     1.000000000
     2.490578815    22.167942330     1.000000000
     2.503353591    22.166477255     1.000000000
     2.516128367    22.164428745     1.000000000
     2.528903143    22.161799391     1.000000000
     2.541677919    22.158592521     1.000000000
     2.554452695    22.154812196     1.000000000
     2.567227471    22.150463203     1.000000000
     2.580002247    22.145551052     1.000000000
     2.592777023    22.140081969     1.000000000
     2.605551799    22.134062885     1.000000000
     2.618326575    22.127501427     1.000000000
     2.631101351    22.120405906     1.000000000
     2.643876127    22.112785302     1.000000000
     2.656650903    22.104649248     1.000000000
     2.669425679    22.096008008     1.000000000
     2.682200455    22.086872459     1.000000000
     2.694975231    22.077254060     1.000000000
     2.707750007    22.067164828     1.000000000
     2.720524783    22.056617305     1.000000000
     2.733299559    22.045624519     1.000000000
     2.746074335    22.034199948     1.000000000
     2.758849111    22.022357472     1.000000000
     2.771623887    22.010111330     1.000000000
     2.784398663    21.997476062     1.000000000
     2.797173439    21.984466457     1.000000000
     2.809948215    21.971097490     1.000000000
     2.822722991    21.957384257     1.000000000
     2.835497767    21.943341906     1.000000000
     2.848272543    21.928985562     1.000000000
     2.861047319    21.914330252     1.000000000
     2.873822095    21.899390825     1.000000000
     2.886596871    21.884181864     1.000000000
     2.899371647    21.868717604     1.000000000
     2.912146423    21.853011838     1.000000000
     2.924921199    21.837077834     1.000000000
     2.937695975    21.820928235     1.000000000
     2.950470751    21.804574972     1.000000000
     2.963245527    21.788029172     1.000000000
     2.976020303    21.771301066     1.000000000
     2.988795079    21.754399902     1.000000000
     3.001569855    21.737333862     1.000000000
     3.014344631    21.720109976     1.000000000
     3.027119407    21.702734053     1.000000000
     3.039894183    21.685210608     1.000000000
     3.052668959    21.667542801     1.000000000
     3.065443735    21.649732383     1.000000000
     3.078218511    21.631779655     1.000000000
     3.090993287    21.613683437     1.000000000
     3.090993287    21.613683437     1.000000000
     3.103315814    21.613559328     1.000000000
     3.115638340    21.613185817     1.000000000
     3.127960866    21.612559363     1.000000000
     3.140283393    21.611674115     1.000000000
     3.152605919    21.610521976     1.000000000
     3.164928445    21.609092704     1.000000000
     3.177250972    21.607374026     1.000000000
     3.189573498    21.605351790     1.000000000
     3.201896024    21.603010123     1.000000000
     3.214218551    21.600331616     1.000000000
     3.226541077    21.597297527     1.000000000
     3.238863604    21.593887991     1.000000000
     3.251186130    21.590082245     1.000000000
     3.263508656    21.585858860     1.000000000
     3.275831183    21.581195978     1.000000000
     3.288153709    21.576071554     1.000000000
     3.300476235    21.570463595     1.000000000
     3.312798762    21.564350398     1.000000000
     3.325121288    21.557710783     1.000000000
     3.337443814    21.550524319     1.000000000
     3.349766341    21.542771543     1.000000000
     3.362088867    21.534434169     1.000000000
     3.374411393    21.525495280     1.000000000
     3.386733920    21.515939513     1.000000000
     3.399056446    21.505753227     1.000000000
     3.411378972    21.494924654     1.000000000
     3.423701499    21.483444040     1.000000000
     3.436024025    21.471303760     1.000000000
     3.448346552    21.458498427     1.000000000
     3.460669078    21.445024973     1.000000000
     3.472991604    21.430882718     1.000000000
     3.485314131    21.416073422     1.000000000
     3.497636657    21.400601316     1.000000000
     3.509959183    21.384473117     1.000000000
     3.522281710    21.367698026     1.000000000
     3.534604236    21.350287708     1.000000000
     3.546926762    21.332256258     1.000000000
     3.559249289    21.313620142     1.000000000
     3.571571815    21.294398137     1.000000000
     3.583894341    21.274611244     1.000000000
     3.596216868    21.254282589     1.000000000
     3.608539394    21.233437320     1.000000000
     3.620861921    21.212102476     1.000000000
     3.633184447    21.190306861     1.000000000
     3.645506973    21.168080895     1.000000000
     3.657829500    21.145456468     1.000000000
     3.670152026    21.122466775     1.000000000
     3.682474552    21.099146158     1.000000000
     3.694797079    21.075529950     1.000000000
     3.694797079    21.075529950     1.000000000
     3.707627912    21.083244629     1.000000000
     3.720458746    21.090936236     1.000000000
     3.733289579    21.098549397     1.000000000
     3.746120413    21.106028448     1.000000000
     3.758951246    21.113318144     1.000000000
     3.771782079    21.120364348     1.000000000
     3.784612913    21.127114658     1.000000000
     3.797443746    21.133518989     1.000000000
     3.810274580    21.139530085     1.000000000
     3.823105413    21.145103971     1.000000000
     3.835936247    21.150200343     1.000000000
     3.848767080    21.154782893     1.000000000
     3.861597914    21.158819571     1.000000000
     3.874428747    21.162282792     1.000000000
     3.887259581    21.165149590     1.000000000
     3.900090414    21.167401720     1.000000000
     3.912921248    21.169025709     1.000000000
     3.925752081    21.170012875     1.000000000
     3.938582915    21.170359295     1.000000000
     3.951413748    21.170065743     1.000000000
     3.964244582    21.169137595     1.000000000
     3.977075415    21.167584704     1.000000000
     3.989906249    21.165421242     1.000000000
     4.002737082    21.162665522     1.000000000
     4.015567915    21.159339789     1.000000000
     4.028398749    21.155469999     1.000000000
     4.041229582    21.151085560     1.000000000
     4.054060416    21.146219066     1.000000000
     4.066891249    21.140906006     1.000000000
     4.079722083    21.135184454     1.000000000
     4.092552916    21.129094743     1.000000000
     4.105383750    21.122679119     1.000000000
     4.118214583    21.115981387     1.000000000
     4.131045417    21.109046533     1.000000000
     4.143876250    21.101920348     1.000000000
     4.156707084    21.094649032     1.000000000
     4.169537917    21.087278793     1.000000000
     4.182368751    21.079855451     1.000000000
     4.195199584    21.072424029     1.000000000
     4.208030418    21.065028361     1.000000000
     4.220861251    21.057710702     1.000000000
     4.233692084    21.050511353     1.000000000
     4.246522918    21.043468303     1.000000000
     4.259353751    21.036616901     1.000000000
     4.272184585    21.029989549     1.000000000
     4.285015418    21.023615443     1.000000000
     4.297846252    21.017520337     1.000000000
     4.310677085    21.011726371     1.000000000
     4.323507919    21.006251987     1.000000000
     4.323507919    21.006251987     1.000000000
     4.335830445    21.038086306     1.000000000
     4.348152971    21.070395966     1.000000000
     4.360475498    21.103128227     1.000000000
     4.372798024    21.136228502     1.000000000
     4.385120551    21.169640636     1.000000000
     4.397443077    21.203307215     1.000000000
     4.409765603    21.237169873     1.000000000
     4.422088130    21.271169577     1.000000000
     4.434410656    21.305246905     1.000000000
     4.446733182    21.339342300     1.000000000
     4.459055709    21.373396317     1.000000000
     4.471378235    21.407349835     1.000000000
     4.483700761    21.441144264     1.000000000
     4.496023288    21.474721723     1.000000000
     4.508345814    21.508025205     1.000000000
     4.520668340    21.540998716     1.000000000
     4.532990867    21.573587402     1.000000000
     4.545313393    21.605737657     1.000000000
     4.557635920    21.637397218     1.000000000
     4.569958446    21.668515238     1.000000000
     4.582280972    21.699042357     1.000000000
     4.594603499    21.728930751     1.000000000
     4.606926025    21.758134180     1.000000000
     4.619248551    21.786608017     1.000000000
     4.631571078    21.814309279     1.000000000
     4.643893604    21.841196647     1.000000000
     4.656216130    21.867230478     1.000000000
     4.668538657    21.892372814     1.000000000
     4.680861183    21.916587392     1.000000000
     4.693183709    21.939839647     1.000000000
     4.705506236    21.962096709     1.000000000
     4.717828762    21.983327408     1.000000000
     4.730151288    22.003502268     1.000000000
     4.742473815    22.022593507     1.000000000
     4.754796341    22.040575037     1.000000000
     4.767118868    22.057422457     1.000000000
     4.779441394    22.073113052     1.000000000
     4.791763920    22.087625795     1.000000000
     4.804086447    22.100941340     1.000000000
     4.816408973    22.113042024     1.000000000
     4.828731499    22.123911864     1.000000000
     4.841054026    22.133536560     1.000000000
     4.853376552    22.141903491     1.000000000
     4.865699078    22.149001720     1.000000000
     4.878021605    22.154821987     1.000000000
     4.890344131    22.159356719     1.000000000
     4.902666657    22.162600023     1.000000000
     4.914989184    22.164547689     1.000000000
     4.927311710    22.165197192     1.000000000
     4.927311710    22.165197192     1.000000000
     4.940142544    22.165061043     1.000000000
     4.952973377    22.164650046     1.000000000
     4.965804211    22.163956616     1.000000000
     4.978635044    22.162968240     1.000000000
     4.991465877    22.161667657     1.000000000
     5.004296711    22.160033118     1.000000000
     5.017127544    22.158038699     1.000000000
     5.029958378    22.155654680     1.000000000
     5.042789211    22.152847973     1.000000000
     5.055620045    22.149582589     1.000000000
     5.068450878    22.145820155     1.000000000
     5.081281712    22.141520452     1.000000000
     5.094112545    22.136641987     1.000000000
     5.106943379    22.131142585     1.000000000
     5.119774212    22.124980002     1.000000000
     5.132605046    22.118112557     1.000000000
     5.145435879    22.110499777     1.000000000
     5.158266713    22.102103066     1.000000000
     5.171097546    22.092886389     1.000000000
     5.183928380    22.082816989     1.000000000
     5.196759213    22.071866117     1.000000000
     5.209590047    22.060009814     1.000000000
     5.222420880    22.047229720     1.000000000
     5.235251713    22.033513939     1.000000000
     5.248082547    22.018857956     1.000000000
     5.260913380    22.003265624     1.000000000
     5.273744214    21.986750224     1.000000000
     5.286575047    21.969335605     1.000000000
     5.299405881    21.951057416     1.000000000
     5.312236714    21.931964438     1.000000000
     5.325067548    21.912120008     1.000000000
     5.337898381    21.891603530     1.000000000
     5.350729215    21.870512069     1.000000000
     5.363560048    21.848961979     1.000000000
     5.376390882    21.827090516     1.000000000
     5.389221715    21.805057349     1.000000000
     5.402052549    21.783045833     1.000000000
     5.414883382    21.761263844     1.000000000
     5.427714216    21.739943940     1.000000000
     5.440545049    21.719342474     1.000000000
     5.453375882    21.699737296     1.000000000
     5.466206716    21.681423559     1.000000000
     5.479037549    21.664707228     1.000000000
     5.491868383    21.649895984     1.000000000
     5.504699216    21.637287507     1.000000000
     5.517530050    21.627155557     1.000000000
     5.530360883    21.619734818     1.000000000
     5.543191717    21.615206050     1.000000000
     5.556022550    21.613683437     1.000000000
  
