#        klen             E | projection   |group 1: A    |group
#column    1               2               3
     0.000000000     0.764062807     1.000000000
     0.000352217     0.765483866     1.000000000
     0.000704434     0.766905879     1.000000000
     0.001056651     0.768328837     1.000000000
     0.001408868     0.769752735     1.000000000
     0.001761085     0.771177567     1.000000000
     0.002113302     0.772603325     1.000000000
     0.002465519     0.774030004     1.000000000
     0.002817736     0.775457598     1.000000000
     0.003169953     0.776886100     1.000000000
     0.003522170     0.778315504     1.000000000
     0.003874386     0.779745804     1.000000000
     0.004226603     0.781176994     1.000000000
     0.004578820     0.782609068     1.000000000
     0.004931037     0.784042019     1.000000000
     0.005283254     0.785475843     1.000000000
     0.005635471     0.786910532     1.000000000
     0.005987688     0.788346081     1.000000000
     0.006339905     0.789782484     1.000000000
     0.006692122     0.791219736     1.000000000
     0.007044339     0.792657830     1.000000000
     0.007396556     0.794096760     1.000000000
     0.007748773     0.795536522     1.000000000
     0.008100990     0.796977110     1.000000000
     0.008453207     0.798418516     1.000000000
     0.008805424     0.799860738     1.000000000
     0.009157641     0.801303767     1.000000000
     0.009509858     0.802747600     1.000000000
     0.009862075     0.804192230     1.000000000
     0.010214292     0.805637652     1.000000000
     0.010566509     0.807083861     1.000000000
     0.010918726     0.808530852     1.000000000
     0.011270942     0.809978618     1.000000000
     0.011623159     0.811427154     1.000000000
     0.011975376     0.812876457     1.000000000
     0.012327593     0.814326519     1.000000000
     0.012679810     0.815777336     1.000000000
     0.013032027     0.817228902     1.000000000
     0.013384244     0.818681213     1.000000000
     0.013736461     0.820134264     1.000000000
     0.014088678     0.821588049     1.000000000
     0.014440895     0.823042563     1.000000000
     0.014793112     0.824497801     1.000000000
     0.015145329     0.825953759     1.000000000
     0.015497546     0.827410430     1.000000000
     0.015849763     0.828867811     1.000000000
     0.016201980     0.830325897     1.000000000
     0.016554197     0.831784682     1.000000000
     0.016906414     0.833244162     1.000000000
     0.017258631     0.834704332     1.000000000
     0.017610848     0.836165186     1.000000000
     0.017963065     0.837626722     1.000000000
     0.018315281     0.839088933     1.000000000
     0.018667498     0.840551815     1.000000000
     0.019019715     0.842015363     1.000000000
     0.019371932     0.843479573     1.000000000
     0.019724149     0.844944440     1.000000000
     0.020076366     0.846409960     1.000000000
     0.020428583     0.847876128     1.000000000
     0.020780800     0.849342939     1.000000000
     0.021133017     0.850810389     1.000000000
     0.021485234     0.852278474     1.000000000
     0.021837451     0.853747189     1.000000000
     0.022189668     0.855216530     1.000000000
     0.022541885     0.856686492     1.000000000
     0.022894102     0.858157070     1.000000000
     0.023246319     0.859628262     1.000000000
     0.023598536     0.861100062     1.000000000
     0.023950753     0.862572466     1.000000000
     0.024302970     0.864045470     1.000000000
     0.024655187     0.865519069     1.000000000
     0.025007404     0.866993260     1.000000000
     0.025359621     0.868468039     1.000000000
     0.025711837     0.869943400     1.000000000
     0.026064054     0.871419340     1.000000000
     0.026416271     0.872895856     1.000000000
     0.026768488     0.874372942     1.000000000
     0.027120705     0.875850595     1.000000000
     0.027472922     0.877328811     1.000000000
     0.027825139     0.878807585     1.000000000
     0.028177356     0.880286915     1.000000000
     0.028529573     0.881766795     1.000000000
     0.028881790     0.883247223     1.000000000
     0.029234007     0.884728193     1.000000000
     0.029586224     0.886209703     1.000000000
     0.029938441     0.887691748     1.000000000
     0.030290658     0.889174324     1.000000000
     0.030642875     0.890657429     1.000000000
     0.030995092     0.892141057     1.000000000
     0.031347309     0.893625205     1.000000000
     0.031699526     0.895109870     1.000000000
     0.032051743     0.896595048     1.000000000
     0.032403960     0.898080734     1.000000000
     0.032756177     0.899566926     1.000000000
     0.033108393     0.901053620     1.000000000
     0.033460610     0.902540812     1.000000000
     0.033812827     0.904028498     1.000000000
     0.034165044     0.905516675     1.000000000
     0.034517261     0.907005340     1.000000000
     0.034869478     0.908494488     1.000000000
     0.035221695     0.909984117     1.000000000
     0.035573912     0.911474223     1.000000000
     0.035926129     0.912964801     1.000000000
     0.036278346     0.914455850     1.000000000
     0.036630563     0.915947365     1.000000000
     0.036982780     0.917439343     1.000000000
     0.037334997     0.918931780     1.000000000
     0.037687214     0.920424674     1.000000000
     0.038039431     0.921918021     1.000000000
     0.038391648     0.923411817     1.000000000
     0.038743865     0.924906059     1.000000000
     0.039096082     0.926400744     1.000000000
     0.039448299     0.927895869     1.000000000
     0.039800516     0.929391430     1.000000000
     0.040152733     0.930887424     1.000000000
     0.040504949     0.932383849     1.000000000
     0.040857166     0.933880699     1.000000000
     0.041209383     0.935377973     1.000000000
     0.041561600     0.936875668     1.000000000
     0.041913817     0.938373779     1.000000000
     0.042266034     0.939872305     1.000000000
     0.042618251     0.941371241     1.000000000
     0.042970468     0.942870586     1.000000000
     0.043322685     0.944370335     1.000000000
     0.043674902     0.945870485     1.000000000
     0.044027119     0.947371034     1.000000000
     0.044379336     0.948871979     1.000000000
     0.044731553     0.950373316     1.000000000
     0.045083770     0.951875043     1.000000000
     0.045435987     0.953377157     1.000000000
     0.045788204     0.954879654     1.000000000
     0.046140421     0.956382531     1.000000000
     0.046492638     0.957885787     1.000000000
     0.046844855     0.959389417     1.000000000
     0.047197072     0.960893419     1.000000000
     0.047549289     0.962397790     1.000000000
     0.047901505     0.963902527     1.000000000
     0.048253722     0.965407628     1.000000000
     0.048605939     0.966913089     1.000000000
     0.048958156     0.968418908     1.000000000
     0.049310373     0.969925082     1.000000000
     0.049662590     0.971431607     1.000000000
     0.050014807     0.972938483     1.000000000
     0.050367024     0.974445704     1.000000000
     0.050719241     0.975953270     1.000000000
     0.051071458     0.977461176     1.000000000
     0.051423675     0.978969421     1.000000000
     0.051775892     0.980478002     1.000000000
     0.052128109     0.981986915     1.000000000
     0.052480326     0.983496159     1.000000000
     0.052832543     0.985005731     1.000000000
     0.053184760     0.986515627     1.000000000
     0.053536977     0.988025846     1.000000000
     0.053889194     0.989536385     1.000000000
     0.054241411     0.991047241     1.000000000
     0.054593628     0.992558412     1.000000000
     0.054945844     0.994069895     1.000000000
     0.055298061     0.995581687     1.000000000
     0.055650278     0.997093786     1.000000000
     0.056002495     0.998606190     1.000000000
     0.056354712     1.000118895     1.000000000
     0.056706929     1.001631900     1.000000000
     0.057059146     1.003145202     1.000000000
     0.057411363     1.004658799     1.000000000
     0.057763580     1.006172687     1.000000000
     0.058115797     1.007686865     1.000000000
     0.058468014     1.009201330     1.000000000
     0.058820231     1.010716080     1.000000000
     0.059172448     1.012231112     1.000000000
     0.059524665     1.013746424     1.000000000
     0.059876882     1.015262013     1.000000000
     0.060229099     1.016777878     1.000000000
     0.060581316     1.018294015     1.000000000
     0.060933533     1.019810423     1.000000000
     0.061285750     1.021327099     1.000000000
     0.061637967     1.022844041     1.000000000
     0.061990184     1.024361246     1.000000000
     0.062342400     1.025878712     1.000000000
     0.062694617     1.027396437     1.000000000
     0.063046834     1.028914419     1.000000000
     0.063399051     1.030432655     1.000000000
     0.063751268     1.031951143     1.000000000
     0.064103485     1.033469881     1.000000000
     0.064455702     1.034988867     1.000000000
     0.064807919     1.036508098     1.000000000
     0.065160136     1.038027572     1.000000000
     0.065512353     1.039547287     1.000000000
     0.065864570     1.041067241     1.000000000
     0.066216787     1.042587432     1.000000000
     0.066569004     1.044107857     1.000000000
     0.066921221     1.045628514     1.000000000
     0.067273438     1.047149402     1.000000000
     0.067625655     1.048670518     1.000000000
     0.067977872     1.050191859     1.000000000
     0.068330089     1.051713425     1.000000000
     0.068682306     1.053235212     1.000000000
     0.069034523     1.054757219     1.000000000
     0.069386740     1.056279443     1.000000000
     0.069738956     1.057801883     1.000000000
     0.070091173     1.059324536     1.000000000
     0.070443390     1.060847401     1.000000000
     0.070795607     1.062370475     1.000000000
     0.071147824     1.063893756     1.000000000
     0.071500041     1.065417243     1.000000000
     0.071852258     1.066940933     1.000000000
     0.072204475     1.068464824     1.000000000
     0.072556692     1.069988915     1.000000000
     0.072908909     1.071513203     1.000000000
     0.073261126     1.073037686     1.000000000
     0.073613343     1.074562363     1.000000000
     0.073965560     1.076087231     1.000000000
     0.074317777     1.077612289     1.000000000
     0.074669994     1.079137534     1.000000000
     0.075022211     1.080662965     1.000000000
     0.075374428     1.082188580     1.000000000
     0.075726645     1.083714377     1.000000000
     0.076078862     1.085240354     1.000000000
     0.076431079     1.086766508     1.000000000
     0.076783296     1.088292839     1.000000000
     0.077135512     1.089819344     1.000000000
     0.077487729     1.091346022     1.000000000
     0.077839946     1.092872870     1.000000000
     0.078192163     1.094399888     1.000000000
     0.078544380     1.095927072     1.000000000
     0.078896597     1.097454421     1.000000000
     0.079248814     1.098981934     1.000000000
     0.079601031     1.100509608     1.000000000
     0.079953248     1.102037441     1.000000000
     0.080305465     1.103565433     1.000000000
     0.080657682     1.105093581     1.000000000
     0.081009899     1.106621883     1.000000000
     0.081362116     1.108150338     1.000000000
     0.081714333     1.109678944     1.000000000
     0.082066550     1.111207699     1.000000000
     0.082418767     1.112736601     1.000000000
     0.082770984     1.114265649     1.000000000
     0.083123201     1.115794840     1.000000000
     0.083475418     1.117324174     1.000000000
     0.083827635     1.118853649     1.000000000
     0.084179851     1.120383262     1.000000000
     0.084532068     1.121913012     1.000000000
     0.084532068     0.868084954     1.000000000
     0.084898811     0.868505532     1.000000000
     0.085265554     0.868929312     1.000000000
     0.085632297     0.869356291     1.000000000
     0.085999039     0.869786463     1.000000000
     0.086365782     0.870219824     1.000000000
     0.086732525     0.870656369     1.000000000
     0.087099267     0.871096093     1.000000000
     0.087466010     0.871538990     1.000000000
     0.087832753     0.871985057     1.000000000
     0.088199496     0.872434288     1.000000000
     0.088566238     0.872886678     1.000000000
     0.088932981     0.873342221     1.000000000
     0.089299724     0.873800914     1.000000000
     0.089666466     0.874262751     1.000000000
     0.090033209     0.874727726     1.000000000
     0.090399952     0.875195835     1.000000000
     0.090766695     0.875667072     1.000000000
     0.091133437     0.876141433     1.000000000
     0.091500180     0.876618911     1.000000000
     0.091866923     0.877099502     1.000000000
     0.092233665     0.877583201     1.000000000
     0.092600408     0.878070002     1.000000000
     0.092967151     0.878559899     1.000000000
     0.093333894     0.879052888     1.000000000
     0.093700636     0.879548962     1.000000000
     0.094067379     0.880048117     1.000000000
     0.094434122     0.880550348     1.000000000
     0.094800864     0.881055648     1.000000000
     0.095167607     0.881564012     1.000000000
     0.095534350     0.882075434     1.000000000
     0.095901093     0.882589910     1.000000000
     0.096267835     0.883107433     1.000000000
     0.096634578     0.883627998     1.000000000
     0.097001321     0.884151599     1.000000000
     0.097368063     0.884678231     1.000000000
     0.097734806     0.885207888     1.000000000
     0.098101549     0.885740564     1.000000000
     0.098468291     0.886276253     1.000000000
     0.098835034     0.886814950     1.000000000
     0.099201777     0.887356649     1.000000000
     0.099568520     0.887901345     1.000000000
     0.099935262     0.888449030     1.000000000
     0.100302005     0.888999700     1.000000000
     0.100668748     0.889553349     1.000000000
     0.101035490     0.890109971     1.000000000
     0.101402233     0.890669559     1.000000000
     0.101768976     0.891232109     1.000000000
     0.102135719     0.891797613     1.000000000
     0.102502461     0.892366067     1.000000000
     0.102869204     0.892937464     1.000000000
     0.103235947     0.893511797     1.000000000
     0.103602689     0.894089062     1.000000000
     0.103969432     0.894669251     1.000000000
     0.104336175     0.895252360     1.000000000
     0.104702918     0.895838381     1.000000000
     0.105069660     0.896427309     1.000000000
     0.105436403     0.897019138     1.000000000
     0.105803146     0.897613861     1.000000000
     0.106169888     0.898211472     1.000000000
     0.106536631     0.898811965     1.000000000
     0.106903374     0.899415334     1.000000000
     0.107270117     0.900021573     1.000000000
     0.107636859     0.900630675     1.000000000
     0.108003602     0.901242635     1.000000000
     0.108370345     0.901857445     1.000000000
     0.108737087     0.902475099     1.000000000
     0.109103830     0.903095592     1.000000000
     0.109470573     0.903718917     1.000000000
     0.109837316     0.904345068     1.000000000
     0.110204058     0.904974037     1.000000000
     0.110570801     0.905605820     1.000000000
     0.110937544     0.906240409     1.000000000
     0.111304286     0.906877797     1.000000000
     0.111671029     0.907517980     1.000000000
     0.112037772     0.908160950     1.000000000
     0.112404515     0.908806700     1.000000000
     0.112771257     0.909455225     1.000000000
     0.113138000     0.910106517     1.000000000
     0.113504743     0.910760571     1.000000000
     0.113871485     0.911417379     1.000000000
     0.114238228     0.912076936     1.000000000
     0.114604971     0.912739234     1.000000000
     0.114971714     0.913404267     1.000000000
     0.115338456     0.914072029     1.000000000
     0.115705199     0.914742513     1.000000000
     0.116071942     0.915415712     1.000000000
     0.116438684     0.916091620     1.000000000
     0.116805427     0.916770230     1.000000000
     0.117172170     0.917451536     1.000000000
     0.117538913     0.918135531     1.000000000
     0.117905655     0.918822207     1.000000000
     0.118272398     0.919511560     1.000000000
     0.118639141     0.920203581     1.000000000
     0.119005883     0.920898264     1.000000000
     0.119372626     0.921595603     1.000000000
     0.119739369     0.922295590     1.000000000
     0.120106111     0.922998220     1.000000000
     0.120472854     0.923703485     1.000000000
     0.120839597     0.924411378     1.000000000
     0.121206340     0.925121893     1.000000000
     0.121573082     0.925835024     1.000000000
     0.121939825     0.926550762     1.000000000
     0.122306568     0.927269102     1.000000000
     0.122673310     0.927990037     1.000000000
     0.123040053     0.928713560     1.000000000
     0.123406796     0.929439664     1.000000000
     0.123773539     0.930168342     1.000000000
     0.124140281     0.930899588     1.000000000
     0.124507024     0.931633394     1.000000000
     0.124873767     0.932369754     1.000000000
     0.125240509     0.933108661     1.000000000
     0.125607252     0.933850108     1.000000000
     0.125973995     0.934594089     1.000000000
     0.126340738     0.935340595     1.000000000
     0.126707480     0.936089622     1.000000000
     0.127074223     0.936841161     1.000000000
     0.127440966     0.937595205     1.000000000
     0.127807708     0.938351749     1.000000000
     0.128174451     0.939110784     1.000000000
     0.128541194     0.939872305     1.000000000
     0.128907937     0.940636304     1.000000000
     0.129274679     0.941402774     1.000000000
     0.129641422     0.942171708     1.000000000
     0.130008165     0.942943100     1.000000000
     0.130374907     0.943716942     1.000000000
     0.130741650     0.944493228     1.000000000
     0.131108393     0.945271950     1.000000000
     0.131475136     0.946053102     1.000000000
     0.131841878     0.946836677     1.000000000
     0.132208621     0.947622667     1.000000000
     0.132575364     0.948411066     1.000000000
     0.132942106     0.949201868     1.000000000
     0.133308849     0.949995064     1.000000000
     0.133675592     0.950790648     1.000000000
     0.134042335     0.951588613     1.000000000
     0.134409077     0.952388952     1.000000000
     0.134775820     0.953191658     1.000000000
     0.135142563     0.953996724     1.000000000
     0.135509305     0.954804143     1.000000000
     0.135876048     0.955613909     1.000000000
     0.136242791     0.956426013     1.000000000
     0.136609534     0.957240450     1.000000000
     0.136976276     0.958057212     1.000000000
     0.137343019     0.958876292     1.000000000
     0.137709762     0.959697683     1.000000000
     0.138076504     0.960521379     1.000000000
     0.138443247     0.961347372     1.000000000
     0.138809990     0.962175655     1.000000000
     0.139176733     0.963006222     1.000000000
     0.139543475     0.963839065     1.000000000
     0.139910218     0.964674177     1.000000000
     0.140276961     0.965511552     1.000000000
     0.140643703     0.966351182     1.000000000
     0.141010446     0.967193061     1.000000000
     0.141377189     0.968037181     1.000000000
     0.141743931     0.968883535     1.000000000
     0.142110674     0.969732117     1.000000000
     0.142477417     0.970582919     1.000000000
     0.142844160     0.971435935     1.000000000
     0.143210902     0.972291158     1.000000000
     0.143577645     0.973148580     1.000000000
     0.143944388     0.974008195     1.000000000
     0.144311130     0.974869995     1.000000000
     0.144677873     0.975733974     1.000000000
     0.145044616     0.976600125     1.000000000
     0.145411359     0.977468441     1.000000000
     0.145778101     0.978338914     1.000000000
     0.146144844     0.979211539     1.000000000
     0.146511587     0.980086307     1.000000000
     0.146878329     0.980963212     1.000000000
     0.147245072     0.981842247     1.000000000
     0.147611815     0.982723406     1.000000000
     0.147978558     0.983606680     1.000000000
     0.148345300     0.984492064     1.000000000
     0.148712043     0.985379550     1.000000000
     0.149078786     0.986269131     1.000000000
     0.149445528     0.987160800     1.000000000
     0.149812271     0.988054552     1.000000000
     0.150179014     0.988950378     1.000000000
     0.150545757     0.989848271     1.000000000
     0.150912499     0.990748225     1.000000000
     0.151279242     0.991650233     1.000000000
     0.151645985     0.992554289     1.000000000
     0.152012727     0.993460384     1.000000000
     0.152379470     0.994368512     1.000000000
     0.152746213     0.995278667     1.000000000
     0.153112956     0.996190842     1.000000000
     0.153479698     0.997105029     1.000000000
     0.153846441     0.998021221     1.000000000
     0.154213184     0.998939413     1.000000000
     0.154579926     0.999859596     1.000000000
     0.154946669     1.000781765     1.000000000
     0.155313412     1.001705912     1.000000000
     0.155680155     1.002632031     1.000000000
     0.156046897     1.003560114     1.000000000
     0.156413640     1.004490155     1.000000000
     0.156780383     1.005422148     1.000000000
     0.157147125     1.006356084     1.000000000
     0.157513868     1.007291958     1.000000000
     0.157880611     1.008229763     1.000000000
     0.158247354     1.009169491     1.000000000
     0.158614096     1.010111137     1.000000000
     0.158980839     1.011054693     1.000000000
     0.159347582     1.012000153     1.000000000
     0.159714324     1.012947509     1.000000000
     0.160081067     1.013896756     1.000000000
     0.160447810     1.014847885     1.000000000
     0.160814553     1.015800892     1.000000000
     0.161181295     1.016755768     1.000000000
     0.161548038     1.017712508     1.000000000
     0.161914781     1.018671103     1.000000000
     0.162281523     1.019631549     1.000000000
     0.162648266     1.020593838     1.000000000
     0.163015009     1.021557963     1.000000000
     0.163381751     1.022523918     1.000000000
     0.163748494     1.023491696     1.000000000
     0.164115237     1.024461290     1.000000000
     0.164481980     1.025432694     1.000000000
     0.164848722     1.026405901     1.000000000
     0.165215465     1.027380904     1.000000000
     0.165582208     1.028357698     1.000000000
     0.165948950     1.029336274     1.000000000
     0.166315693     1.030316627     1.000000000
     0.166682436     1.031298751     1.000000000
     0.167049179     1.032282637     1.000000000
     0.167415921     1.033268281     1.000000000
     0.167782664     1.034255674     1.000000000
     0.168149407     1.035244812     1.000000000
     0.168516149     1.036235687     1.000000000
     0.168882892     1.037228292     1.000000000
     0.169249635     1.038222622     1.000000000
     0.169616378     1.039218669     1.000000000
     0.169983120     1.040216427     1.000000000
     0.170349863     1.041215890     1.000000000
     0.170716606     1.042217051     1.000000000
     0.171083348     1.043219903     1.000000000
     0.171450091     1.044224441     1.000000000
     0.171816834     1.045230658     1.000000000
     0.172183577     1.046238546     1.000000000
     0.172550319     1.047248101     1.000000000
  
     0.000000000     0.925198134     1.000000000
     0.000352217     0.926780297     1.000000000
     0.000704434     0.928363324     1.000000000
     0.001056651     0.929947208     1.000000000
     0.001408868     0.931531943     1.000000000
     0.001761085     0.933117523     1.000000000
     0.002113302     0.934703941     1.000000000
     0.002465519     0.936291192     1.000000000
     0.002817736     0.937879269     1.000000000
     0.003169953     0.939468165     1.000000000
     0.003522170     0.941057875     1.000000000
     0.003874386     0.942648393     1.000000000
     0.004226603     0.944239712     1.000000000
     0.004578820     0.945831825     1.000000000
     0.004931037     0.947424729     1.000000000
     0.005283254     0.949018415     1.000000000
     0.005635471     0.950612878     1.000000000
     0.005987688     0.952208113     1.000000000
     0.006339905     0.953804113     1.000000000
     0.006692122     0.955400872     1.000000000
     0.007044339     0.956998384     1.000000000
     0.007396556     0.958596645     1.000000000
     0.007748773     0.960195647     1.000000000
     0.008100990     0.961795384     1.000000000
     0.008453207     0.963395853     1.000000000
     0.008805424     0.964997045     1.000000000
     0.009157641     0.966598956     1.000000000
     0.009509858     0.968201581     1.000000000
     0.009862075     0.969804913     1.000000000
     0.010214292     0.971408946     1.000000000
     0.010566509     0.973013676     1.000000000
     0.010918726     0.974619096     1.000000000
     0.011270942     0.976225202     1.000000000
     0.011623159     0.977831987     1.000000000
     0.011975376     0.979439446     1.000000000
     0.012327593     0.981047573     1.000000000
     0.012679810     0.982656364     1.000000000
     0.013032027     0.984265812     1.000000000
     0.013384244     0.985875913     1.000000000
     0.013736461     0.987486661     1.000000000
     0.014088678     0.989098050     1.000000000
     0.014440895     0.990710076     1.000000000
     0.014793112     0.992322732     1.000000000
     0.015145329     0.993936014     1.000000000
     0.015497546     0.995549917     1.000000000
     0.015849763     0.997164435     1.000000000
     0.016201980     0.998779563     1.000000000
     0.016554197     1.000395296     1.000000000
     0.016906414     1.002011629     1.000000000
     0.017258631     1.003628556     1.000000000
     0.017610848     1.005246073     1.000000000
     0.017963065     1.006864175     1.000000000
     0.018315281     1.008482855     1.000000000
     0.018667498     1.010102111     1.000000000
     0.019019715     1.011721935     1.000000000
     0.019371932     1.013342324     1.000000000
     0.019724149     1.014963273     1.000000000
     0.020076366     1.016584776     1.000000000
     0.020428583     1.018206828     1.000000000
     0.020780800     1.019829425     1.000000000
     0.021133017     1.021452563     1.000000000
     0.021485234     1.023076235     1.000000000
     0.021837451     1.024700437     1.000000000
     0.022189668     1.026325165     1.000000000
     0.022541885     1.027950413     1.000000000
     0.022894102     1.029576177     1.000000000
     0.023246319     1.031202453     1.000000000
     0.023598536     1.032829234     1.000000000
     0.023950753     1.034456518     1.000000000
     0.024302970     1.036084298     1.000000000
     0.024655187     1.037712571     1.000000000
     0.025007404     1.039341331     1.000000000
     0.025359621     1.040970575     1.000000000
     0.025711837     1.042600297     1.000000000
     0.026064054     1.044230493     1.000000000
     0.026416271     1.045861159     1.000000000
     0.026768488     1.047492289     1.000000000
     0.027120705     1.049123880     1.000000000
     0.027472922     1.050755927     1.000000000
     0.027825139     1.052388425     1.000000000
     0.028177356     1.054021371     1.000000000
     0.028529573     1.055654758     1.000000000
     0.028881790     1.057288584     1.000000000
     0.029234007     1.058922844     1.000000000
     0.029586224     1.060557533     1.000000000
     0.029938441     1.062192648     1.000000000
     0.030290658     1.063828183     1.000000000
     0.030642875     1.065464134     1.000000000
     0.030995092     1.067100497     1.000000000
     0.031347309     1.068737269     1.000000000
     0.031699526     1.070374444     1.000000000
     0.032051743     1.072012018     1.000000000
     0.032403960     1.073649987     1.000000000
     0.032756177     1.075288348     1.000000000
     0.033108393     1.076927095     1.000000000
     0.033460610     1.078566225     1.000000000
     0.033812827     1.080205733     1.000000000
     0.034165044     1.081845615     1.000000000
     0.034517261     1.083485868     1.000000000
     0.034869478     1.085126487     1.000000000
     0.035221695     1.086767467     1.000000000
     0.035573912     1.088408806     1.000000000
     0.035926129     1.090050499     1.000000000
     0.036278346     1.091692541     1.000000000
     0.036630563     1.093334930     1.000000000
     0.036982780     1.094977660     1.000000000
     0.037334997     1.096620729     1.000000000
     0.037687214     1.098264131     1.000000000
     0.038039431     1.099907864     1.000000000
     0.038391648     1.101551922     1.000000000
     0.038743865     1.103196303     1.000000000
     0.039096082     1.104841003     1.000000000
     0.039448299     1.106486016     1.000000000
     0.039800516     1.108131341     1.000000000
     0.040152733     1.109776972     1.000000000
     0.040504949     1.111422906     1.000000000
     0.040857166     1.113069139     1.000000000
     0.041209383     1.114715668     1.000000000
     0.041561600     1.116362488     1.000000000
     0.041913817     1.118009596     1.000000000
     0.042266034     1.119656988     1.000000000
     0.042618251     1.121304661     1.000000000
     0.042970468     1.122952610     1.000000000
     0.043322685     1.124600832     1.000000000
     0.043674902     1.126249323     1.000000000
     0.044027119     1.127898080     1.000000000
     0.044379336     1.129547099     1.000000000
     0.044731553     1.131196377     1.000000000
     0.045083770     1.132845909     1.000000000
     0.045435987     1.134495692     1.000000000
     0.045788204     1.136145723     1.000000000
     0.046140421     1.137795997     1.000000000
     0.046492638     1.139446512     1.000000000
     0.046844855     1.141097264     1.000000000
     0.047197072     1.142748249     1.000000000
     0.047549289     1.144399464     1.000000000
     0.047901505     1.146050905     1.000000000
     0.048253722     1.147702569     1.000000000
     0.048605939     1.149354452     1.000000000
     0.048958156     1.151006551     1.000000000
     0.049310373     1.152658863     1.000000000
     0.049662590     1.154311383     1.000000000
     0.050014807     1.155964109     1.000000000
     0.050367024     1.157617038     1.000000000
     0.050719241     1.159270165     1.000000000
     0.051071458     1.160923487     1.000000000
     0.051423675     1.162577001     1.000000000
     0.051775892     1.164230705     1.000000000
     0.052128109     1.165884593     1.000000000
     0.052480326     1.167538663     1.000000000
     0.052832543     1.169192912     1.000000000
     0.053184760     1.170847337     1.000000000
     0.053536977     1.172501934     1.000000000
     0.053889194     1.174156699     1.000000000
     0.054241411     1.175811630     1.000000000
     0.054593628     1.177466724     1.000000000
     0.054945844     1.179121976     1.000000000
     0.055298061     1.180777385     1.000000000
     0.055650278     1.182432946     1.000000000
     0.056002495     1.184088657     1.000000000
     0.056354712     1.185744513     1.000000000
     0.056706929     1.187400514     1.000000000
     0.057059146     1.189056654     1.000000000
     0.057411363     1.190712931     1.000000000
     0.057763580     1.192369341     1.000000000
     0.058115797     1.194025883     1.000000000
     0.058468014     1.195682551     1.000000000
     0.058820231     1.197339344     1.000000000
     0.059172448     1.198996259     1.000000000
     0.059524665     1.200653291     1.000000000
     0.059876882     1.202310439     1.000000000
     0.060229099     1.203967699     1.000000000
     0.060581316     1.205625068     1.000000000
     0.060933533     1.207282544     1.000000000
     0.061285750     1.208940122     1.000000000
     0.061637967     1.210597800     1.000000000
     0.061990184     1.212255575     1.000000000
     0.062342400     1.213913445     1.000000000
     0.062694617     1.215571405     1.000000000
     0.063046834     1.217229454     1.000000000
     0.063399051     1.218887588     1.000000000
     0.063751268     1.220545804     1.000000000
     0.064103485     1.222204100     1.000000000
     0.064455702     1.223862472     1.000000000
     0.064807919     1.225520917     1.000000000
     0.065160136     1.227179434     1.000000000
     0.065512353     1.228838018     1.000000000
     0.065864570     1.230496667     1.000000000
     0.066216787     1.232155378     1.000000000
     0.066569004     1.233814148     1.000000000
     0.066921221     1.235472975     1.000000000
     0.067273438     1.237131855     1.000000000
     0.067625655     1.238790786     1.000000000
     0.067977872     1.240449765     1.000000000
     0.068330089     1.242108789     1.000000000
     0.068682306     1.243767856     1.000000000
     0.069034523     1.245426962     1.000000000
     0.069386740     1.247086105     1.000000000
     0.069738956     1.248745282     1.000000000
     0.070091173     1.250404490     1.000000000
     0.070443390     1.252063727     1.000000000
     0.070795607     1.253722990     1.000000000
     0.071147824     1.255382276     1.000000000
     0.071500041     1.257041582     1.000000000
     0.071852258     1.258700907     1.000000000
     0.072204475     1.260360246     1.000000000
     0.072556692     1.262019598     1.000000000
     0.072908909     1.263678959     1.000000000
     0.073261126     1.265338328     1.000000000
     0.073613343     1.266997701     1.000000000
     0.073965560     1.268657076     1.000000000
     0.074317777     1.270316451     1.000000000
     0.074669994     1.271975822     1.000000000
     0.075022211     1.273635186     1.000000000
     0.075374428     1.275294543     1.000000000
     0.075726645     1.276953888     1.000000000
     0.076078862     1.278613219     1.000000000
     0.076431079     1.280272534     1.000000000
     0.076783296     1.281931830     1.000000000
     0.077135512     1.283591105     1.000000000
     0.077487729     1.285250356     1.000000000
     0.077839946     1.286909580     1.000000000
     0.078192163     1.288568775     1.000000000
     0.078544380     1.290227939     1.000000000
     0.078896597     1.291887068     1.000000000
     0.079248814     1.293546162     1.000000000
     0.079601031     1.295205216     1.000000000
     0.079953248     1.296864228     1.000000000
     0.080305465     1.298523197     1.000000000
     0.080657682     1.300182119     1.000000000
     0.081009899     1.301840992     1.000000000
     0.081362116     1.303499814     1.000000000
     0.081714333     1.305158582     1.000000000
     0.082066550     1.306817294     1.000000000
     0.082418767     1.308475947     1.000000000
     0.082770984     1.310134540     1.000000000
     0.083123201     1.311793068     1.000000000
     0.083475418     1.313451531     1.000000000
     0.083827635     1.315109926     1.000000000
     0.084179851     1.316768250     1.000000000
     0.084532068     1.318426502     1.000000000
     0.084532068     1.033861330     1.000000000
     0.084898811     1.034379708     1.000000000
     0.085265554     1.034901811     1.000000000
     0.085632297     1.035427631     1.000000000
     0.085999039     1.035957155     1.000000000
     0.086365782     1.036490375     1.000000000
     0.086732525     1.037027280     1.000000000
     0.087099267     1.037567859     1.000000000
     0.087466010     1.038112102     1.000000000
     0.087832753     1.038659999     1.000000000
     0.088199496     1.039211540     1.000000000
     0.088566238     1.039766713     1.000000000
     0.088932981     1.040325509     1.000000000
     0.089299724     1.040887916     1.000000000
     0.089666466     1.041453925     1.000000000
     0.090033209     1.042023525     1.000000000
     0.090399952     1.042596705     1.000000000
     0.090766695     1.043173454     1.000000000
     0.091133437     1.043753763     1.000000000
     0.091500180     1.044337619     1.000000000
     0.091866923     1.044925014     1.000000000
     0.092233665     1.045515935     1.000000000
     0.092600408     1.046110372     1.000000000
     0.092967151     1.046708315     1.000000000
     0.093333894     1.047309752     1.000000000
     0.093700636     1.047914673     1.000000000
     0.094067379     1.048523067     1.000000000
     0.094434122     1.049134923     1.000000000
     0.094800864     1.049750231     1.000000000
     0.095167607     1.050368979     1.000000000
     0.095534350     1.050991157     1.000000000
     0.095901093     1.051616753     1.000000000
     0.096267835     1.052245758     1.000000000
     0.096634578     1.052878159     1.000000000
     0.097001321     1.053513946     1.000000000
     0.097368063     1.054153109     1.000000000
     0.097734806     1.054795635     1.000000000
     0.098101549     1.055441515     1.000000000
     0.098468291     1.056090737     1.000000000
     0.098835034     1.056743290     1.000000000
     0.099201777     1.057399163     1.000000000
     0.099568520     1.058058346     1.000000000
     0.099935262     1.058720826     1.000000000
     0.100302005     1.059386594     1.000000000
     0.100668748     1.060055638     1.000000000
     0.101035490     1.060727948     1.000000000
     0.101402233     1.061403511     1.000000000
     0.101768976     1.062082318     1.000000000
     0.102135719     1.062764357     1.000000000
     0.102502461     1.063449617     1.000000000
     0.102869204     1.064138087     1.000000000
     0.103235947     1.064829756     1.000000000
     0.103602689     1.065524613     1.000000000
     0.103969432     1.066222647     1.000000000
     0.104336175     1.066923847     1.000000000
     0.104702918     1.067628202     1.000000000
     0.105069660     1.068335701     1.000000000
     0.105436403     1.069046332     1.000000000
     0.105803146     1.069760086     1.000000000
     0.106169888     1.070476950     1.000000000
     0.106536631     1.071196914     1.000000000
     0.106903374     1.071919967     1.000000000
     0.107270117     1.072646097     1.000000000
     0.107636859     1.073375295     1.000000000
     0.108003602     1.074107548     1.000000000
     0.108370345     1.074842846     1.000000000
     0.108737087     1.075581178     1.000000000
     0.109103830     1.076322533     1.000000000
     0.109470573     1.077066899     1.000000000
     0.109837316     1.077814267     1.000000000
     0.110204058     1.078564624     1.000000000
     0.110570801     1.079317961     1.000000000
     0.110937544     1.080074266     1.000000000
     0.111304286     1.080833528     1.000000000
     0.111671029     1.081595736     1.000000000
     0.112037772     1.082360879     1.000000000
     0.112404515     1.083128948     1.000000000
     0.112771257     1.083899930     1.000000000
     0.113138000     1.084673814     1.000000000
     0.113504743     1.085450591     1.000000000
     0.113871485     1.086230249     1.000000000
     0.114238228     1.087012777     1.000000000
     0.114604971     1.087798165     1.000000000
     0.114971714     1.088586402     1.000000000
     0.115338456     1.089377476     1.000000000
     0.115705199     1.090171378     1.000000000
     0.116071942     1.090968097     1.000000000
     0.116438684     1.091767621     1.000000000
     0.116805427     1.092569940     1.000000000
     0.117172170     1.093375044     1.000000000
     0.117538913     1.094182922     1.000000000
     0.117905655     1.094993562     1.000000000
     0.118272398     1.095806955     1.000000000
     0.118639141     1.096623091     1.000000000
     0.119005883     1.097441957     1.000000000
     0.119372626     1.098263544     1.000000000
     0.119739369     1.099087841     1.000000000
     0.120106111     1.099914838     1.000000000
     0.120472854     1.100744524     1.000000000
     0.120839597     1.101576889     1.000000000
     0.121206340     1.102411922     1.000000000
     0.121573082     1.103249613     1.000000000
     0.121939825     1.104089951     1.000000000
     0.122306568     1.104932926     1.000000000
     0.122673310     1.105778528     1.000000000
     0.123040053     1.106626745     1.000000000
     0.123406796     1.107477569     1.000000000
     0.123773539     1.108330988     1.000000000
     0.124140281     1.109186993     1.000000000
     0.124507024     1.110045572     1.000000000
     0.124873767     1.110906717     1.000000000
     0.125240509     1.111770416     1.000000000
     0.125607252     1.112636659     1.000000000
     0.125973995     1.113505436     1.000000000
     0.126340738     1.114376738     1.000000000
     0.126707480     1.115250553     1.000000000
     0.127074223     1.116126873     1.000000000
     0.127440966     1.117005686     1.000000000
     0.127807708     1.117886983     1.000000000
     0.128174451     1.118770754     1.000000000
     0.128541194     1.119656988     1.000000000
     0.128907937     1.120545676     1.000000000
     0.129274679     1.121436809     1.000000000
     0.129641422     1.122330375     1.000000000
     0.130008165     1.123226365     1.000000000
     0.130374907     1.124124770     1.000000000
     0.130741650     1.125025579     1.000000000
     0.131108393     1.125928783     1.000000000
     0.131475136     1.126834371     1.000000000
     0.131841878     1.127742335     1.000000000
     0.132208621     1.128652664     1.000000000
     0.132575364     1.129565349     1.000000000
     0.132942106     1.130480380     1.000000000
     0.133308849     1.131397747     1.000000000
     0.133675592     1.132317441     1.000000000
     0.134042335     1.133239453     1.000000000
     0.134409077     1.134163772     1.000000000
     0.134775820     1.135090390     1.000000000
     0.135142563     1.136019296     1.000000000
     0.135509305     1.136950482     1.000000000
     0.135876048     1.137883937     1.000000000
     0.136242791     1.138819653     1.000000000
     0.136609534     1.139757620     1.000000000
     0.136976276     1.140697829     1.000000000
     0.137343019     1.141640270     1.000000000
     0.137709762     1.142584934     1.000000000
     0.138076504     1.143531813     1.000000000
     0.138443247     1.144480896     1.000000000
     0.138809990     1.145432174     1.000000000
     0.139176733     1.146385639     1.000000000
     0.139543475     1.147341282     1.000000000
     0.139910218     1.148299092     1.000000000
     0.140276961     1.149259062     1.000000000
     0.140643703     1.150221181     1.000000000
     0.141010446     1.151185442     1.000000000
     0.141377189     1.152151834     1.000000000
     0.141743931     1.153120350     1.000000000
     0.142110674     1.154090980     1.000000000
     0.142477417     1.155063715     1.000000000
     0.142844160     1.156038547     1.000000000
     0.143210902     1.157015466     1.000000000
     0.143577645     1.157994464     1.000000000
     0.143944388     1.158975532     1.000000000
     0.144311130     1.159958662     1.000000000
     0.144677873     1.160943844     1.000000000
     0.145044616     1.161931070     1.000000000
     0.145411359     1.162920332     1.000000000
     0.145778101     1.163911620     1.000000000
     0.146144844     1.164904926     1.000000000
     0.146511587     1.165900242     1.000000000
     0.146878329     1.166897559     1.000000000
     0.147245072     1.167896868     1.000000000
     0.147611815     1.168898162     1.000000000
     0.147978558     1.169901431     1.000000000
     0.148345300     1.170906668     1.000000000
     0.148712043     1.171913863     1.000000000
     0.149078786     1.172923010     1.000000000
     0.149445528     1.173934098     1.000000000
     0.149812271     1.174947120     1.000000000
     0.150179014     1.175962069     1.000000000
     0.150545757     1.176978934     1.000000000
     0.150912499     1.177997709     1.000000000
     0.151279242     1.179018386     1.000000000
     0.151645985     1.180040955     1.000000000
     0.152012727     1.181065410     1.000000000
     0.152379470     1.182091741     1.000000000
     0.152746213     1.183119942     1.000000000
     0.153112956     1.184150003     1.000000000
     0.153479698     1.185181917     1.000000000
     0.153846441     1.186215676     1.000000000
     0.154213184     1.187251273     1.000000000
     0.154579926     1.188288698     1.000000000
     0.154946669     1.189327945     1.000000000
     0.155313412     1.190369006     1.000000000
     0.155680155     1.191411872     1.000000000
     0.156046897     1.192456536     1.000000000
     0.156413640     1.193502991     1.000000000
     0.156780383     1.194551228     1.000000000
     0.157147125     1.195601240     1.000000000
     0.157513868     1.196653020     1.000000000
     0.157880611     1.197706559     1.000000000
     0.158247354     1.198761850     1.000000000
     0.158614096     1.199818886     1.000000000
     0.158980839     1.200877658     1.000000000
     0.159347582     1.201938161     1.000000000
     0.159714324     1.203000385     1.000000000
     0.160081067     1.204064324     1.000000000
     0.160447810     1.205129970     1.000000000
     0.160814553     1.206197316     1.000000000
     0.161181295     1.207266355     1.000000000
     0.161548038     1.208337078     1.000000000
     0.161914781     1.209409480     1.000000000
     0.162281523     1.210483552     1.000000000
     0.162648266     1.211559288     1.000000000
     0.163015009     1.212636680     1.000000000
     0.163381751     1.213715721     1.000000000
     0.163748494     1.214796403     1.000000000
     0.164115237     1.215878721     1.000000000
     0.164481980     1.216962666     1.000000000
     0.164848722     1.218048232     1.000000000
     0.165215465     1.219135412     1.000000000
     0.165582208     1.220224198     1.000000000
     0.165948950     1.221314583     1.000000000
     0.166315693     1.222406562     1.000000000
     0.166682436     1.223500126     1.000000000
     0.167049179     1.224595269     1.000000000
     0.167415921     1.225691984     1.000000000
     0.167782664     1.226790264     1.000000000
     0.168149407     1.227890102     1.000000000
     0.168516149     1.228991492     1.000000000
     0.168882892     1.230094427     1.000000000
     0.169249635     1.231198900     1.000000000
     0.169616378     1.232304904     1.000000000
     0.169983120     1.233412433     1.000000000
     0.170349863     1.234521480     1.000000000
     0.170716606     1.235632038     1.000000000
     0.171083348     1.236744102     1.000000000
     0.171450091     1.237857663     1.000000000
     0.171816834     1.238972716     1.000000000
     0.172183577     1.240089255     1.000000000
     0.172550319     1.241207272     1.000000000
  
     0.000000000     1.596497116     1.000000000
     0.000352217     1.599358195     1.000000000
     0.000704434     1.602221187     1.000000000
     0.001056651     1.605086077     1.000000000
     0.001408868     1.607952848     1.000000000
     0.001761085     1.610821487     1.000000000
     0.002113302     1.613691979     1.000000000
     0.002465519     1.616564308     1.000000000
     0.002817736     1.619438460     1.000000000
     0.003169953     1.622314420     1.000000000
     0.003522170     1.625192174     1.000000000
     0.003874386     1.628071708     1.000000000
     0.004226603     1.630953006     1.000000000
     0.004578820     1.633836056     1.000000000
     0.004931037     1.636720842     1.000000000
     0.005283254     1.639607350     1.000000000
     0.005635471     1.642495567     1.000000000
     0.005987688     1.645385479     1.000000000
     0.006339905     1.648277071     1.000000000
     0.006692122     1.651170331     1.000000000
     0.007044339     1.654065243     1.000000000
     0.007396556     1.656961795     1.000000000
     0.007748773     1.659859973     1.000000000
     0.008100990     1.662759764     1.000000000
     0.008453207     1.665661153     1.000000000
     0.008805424     1.668564129     1.000000000
     0.009157641     1.671468677     1.000000000
     0.009509858     1.674374784     1.000000000
     0.009862075     1.677282438     1.000000000
     0.010214292     1.680191625     1.000000000
     0.010566509     1.683102332     1.000000000
     0.010918726     1.686014547     1.000000000
     0.011270942     1.688928256     1.000000000
     0.011623159     1.691843447     1.000000000
     0.011975376     1.694760107     1.000000000
     0.012327593     1.697678224     1.000000000
     0.012679810     1.700597785     1.000000000
     0.013032027     1.703518778     1.000000000
     0.013384244     1.706441190     1.000000000
     0.013736461     1.709365009     1.000000000
     0.014088678     1.712290222     1.000000000
     0.014440895     1.715216818     1.000000000
     0.014793112     1.718144784     1.000000000
     0.015145329     1.721074108     1.000000000
     0.015497546     1.724004779     1.000000000
     0.015849763     1.726936784     1.000000000
     0.016201980     1.729870111     1.000000000
     0.016554197     1.732804750     1.000000000
     0.016906414     1.735740687     1.000000000
     0.017258631     1.738677911     1.000000000
     0.017610848     1.741616411     1.000000000
     0.017963065     1.744556175     1.000000000
     0.018315281     1.747497192     1.000000000
     0.018667498     1.750439450     1.000000000
     0.019019715     1.753382937     1.000000000
     0.019371932     1.756327644     1.000000000
     0.019724149     1.759273557     1.000000000
     0.020076366     1.762220667     1.000000000
     0.020428583     1.765168961     1.000000000
     0.020780800     1.768118430     1.000000000
     0.021133017     1.771069061     1.000000000
     0.021485234     1.774020844     1.000000000
     0.021837451     1.776973768     1.000000000
     0.022189668     1.779927822     1.000000000
     0.022541885     1.782882996     1.000000000
     0.022894102     1.785839278     1.000000000
     0.023246319     1.788796659     1.000000000
     0.023598536     1.791755126     1.000000000
     0.023950753     1.794714671     1.000000000
     0.024302970     1.797675282     1.000000000
     0.024655187     1.800636948     1.000000000
     0.025007404     1.803599660     1.000000000
     0.025359621     1.806563407     1.000000000
     0.025711837     1.809528179     1.000000000
     0.026064054     1.812493965     1.000000000
     0.026416271     1.815460755     1.000000000
     0.026768488     1.818428540     1.000000000
     0.027120705     1.821397309     1.000000000
     0.027472922     1.824367051     1.000000000
     0.027825139     1.827337758     1.000000000
     0.028177356     1.830309418     1.000000000
     0.028529573     1.833282023     1.000000000
     0.028881790     1.836255562     1.000000000
     0.029234007     1.839230026     1.000000000
     0.029586224     1.842205404     1.000000000
     0.029938441     1.845181687     1.000000000
     0.030290658     1.848158866     1.000000000
     0.030642875     1.851136930     1.000000000
     0.030995092     1.854115871     1.000000000
     0.031347309     1.857095678     1.000000000
     0.031699526     1.860076342     1.000000000
     0.032051743     1.863057854     1.000000000
     0.032403960     1.866040204     1.000000000
     0.032756177     1.869023383     1.000000000
     0.033108393     1.872007382     1.000000000
     0.033460610     1.874992192     1.000000000
     0.033812827     1.877977802     1.000000000
     0.034165044     1.880964205     1.000000000
     0.034517261     1.883951390     1.000000000
     0.034869478     1.886939349     1.000000000
     0.035221695     1.889928073     1.000000000
     0.035573912     1.892917553     1.000000000
     0.035926129     1.895907779     1.000000000
     0.036278346     1.898898744     1.000000000
     0.036630563     1.901890437     1.000000000
     0.036982780     1.904882850     1.000000000
     0.037334997     1.907875975     1.000000000
     0.037687214     1.910869802     1.000000000
     0.038039431     1.913864323     1.000000000
     0.038391648     1.916859529     1.000000000
     0.038743865     1.919855412     1.000000000
     0.039096082     1.922851963     1.000000000
     0.039448299     1.925849172     1.000000000
     0.039800516     1.928847033     1.000000000
     0.040152733     1.931845536     1.000000000
     0.040504949     1.934844672     1.000000000
     0.040857166     1.937844434     1.000000000
     0.041209383     1.940844813     1.000000000
     0.041561600     1.943845801     1.000000000
     0.041913817     1.946847389     1.000000000
     0.042266034     1.949849569     1.000000000
     0.042618251     1.952852332     1.000000000
     0.042970468     1.955855671     1.000000000
     0.043322685     1.958859578     1.000000000
     0.043674902     1.961864044     1.000000000
     0.044027119     1.964869060     1.000000000
     0.044379336     1.967874620     1.000000000
     0.044731553     1.970880715     1.000000000
     0.045083770     1.973887337     1.000000000
     0.045435987     1.976894477     1.000000000
     0.045788204     1.979902129     1.000000000
     0.046140421     1.982910284     1.000000000
     0.046492638     1.985918934     1.000000000
     0.046844855     1.988928071     1.000000000
     0.047197072     1.991937688     1.000000000
     0.047549289     1.994947776     1.000000000
     0.047901505     1.997958328     1.000000000
     0.048253722     2.000969337     1.000000000
     0.048605939     2.003980794     1.000000000
     0.048958156     2.006992692     1.000000000
     0.049310373     2.010005023     1.000000000
     0.049662590     2.013017779     1.000000000
     0.050014807     2.016030954     1.000000000
     0.050367024     2.019044539     1.000000000
     0.050719241     2.022058527     1.000000000
     0.051071458     2.025072910     1.000000000
     0.051423675     2.028087681     1.000000000
     0.051775892     2.031102832     1.000000000
     0.052128109     2.034118357     1.000000000
     0.052480326     2.037134247     1.000000000
     0.052832543     2.040150495     1.000000000
     0.053184760     2.043167094     1.000000000
     0.053536977     2.046184037     1.000000000
     0.053889194     2.049201315     1.000000000
     0.054241411     2.052218923     1.000000000
     0.054593628     2.055236853     1.000000000
     0.054945844     2.058255097     1.000000000
     0.055298061     2.061273648     1.000000000
     0.055650278     2.064292500     1.000000000
     0.056002495     2.067311644     1.000000000
     0.056354712     2.070331075     1.000000000
     0.056706929     2.073350784     1.000000000
     0.057059146     2.076370765     1.000000000
     0.057411363     2.079391011     1.000000000
     0.057763580     2.082411514     1.000000000
     0.058115797     2.085432268     1.000000000
     0.058468014     2.088453265     1.000000000
     0.058820231     2.091474500     1.000000000
     0.059172448     2.094495963     1.000000000
     0.059524665     2.097517650     1.000000000
     0.059876882     2.100539553     1.000000000
     0.060229099     2.103561664     1.000000000
     0.060581316     2.106583978     1.000000000
     0.060933533     2.109606487     1.000000000
     0.061285750     2.112629185     1.000000000
     0.061637967     2.115652065     1.000000000
     0.061990184     2.118675119     1.000000000
     0.062342400     2.121698342     1.000000000
     0.062694617     2.124721726     1.000000000
     0.063046834     2.127745265     1.000000000
     0.063399051     2.130768951     1.000000000
     0.063751268     2.133792780     1.000000000
     0.064103485     2.136816743     1.000000000
     0.064455702     2.139840834     1.000000000
     0.064807919     2.142865047     1.000000000
     0.065160136     2.145889374     1.000000000
     0.065512353     2.148913810     1.000000000
     0.065864570     2.151938347     1.000000000
     0.066216787     2.154962980     1.000000000
     0.066569004     2.157987701     1.000000000
     0.066921221     2.161012504     1.000000000
     0.067273438     2.164037383     1.000000000
     0.067625655     2.167062331     1.000000000
     0.067977872     2.170087342     1.000000000
     0.068330089     2.173112409     1.000000000
     0.068682306     2.176137525     1.000000000
     0.069034523     2.179162685     1.000000000
     0.069386740     2.182187882     1.000000000
     0.069738956     2.185213110     1.000000000
     0.070091173     2.188238361     1.000000000
     0.070443390     2.191263631     1.000000000
     0.070795607     2.194288912     1.000000000
     0.071147824     2.197314198     1.000000000
     0.071500041     2.200339483     1.000000000
     0.071852258     2.203364760     1.000000000
     0.072204475     2.206390023     1.000000000
     0.072556692     2.209415267     1.000000000
     0.072908909     2.212440484     1.000000000
     0.073261126     2.215465669     1.000000000
     0.073613343     2.218490814     1.000000000
     0.073965560     2.221515915     1.000000000
     0.074317777     2.224540965     1.000000000
     0.074669994     2.227565957     1.000000000
     0.075022211     2.230590885     1.000000000
     0.075374428     2.233615744     1.000000000
     0.075726645     2.236640526     1.000000000
     0.076078862     2.239665227     1.000000000
     0.076431079     2.242689839     1.000000000
     0.076783296     2.245714357     1.000000000
     0.077135512     2.248738774     1.000000000
     0.077487729     2.251763085     1.000000000
     0.077839946     2.254787283     1.000000000
     0.078192163     2.257811362     1.000000000
     0.078544380     2.260835316     1.000000000
     0.078896597     2.263859139     1.000000000
     0.079248814     2.266882825     1.000000000
     0.079601031     2.269906368     1.000000000
     0.079953248     2.272929762     1.000000000
     0.080305465     2.275953001     1.000000000
     0.080657682     2.278976079     1.000000000
     0.081009899     2.281998989     1.000000000
     0.081362116     2.285021727     1.000000000
     0.081714333     2.288044285     1.000000000
     0.082066550     2.291066658     1.000000000
     0.082418767     2.294088839     1.000000000
     0.082770984     2.297110824     1.000000000
     0.083123201     2.300132605     1.000000000
     0.083475418     2.303154178     1.000000000
     0.083827635     2.306175535     1.000000000
     0.084179851     2.309196671     1.000000000
     0.084532068     2.312217581     1.000000000
     0.084532068     1.816428167     1.000000000
     0.084898811     1.817203905     1.000000000
     0.085265554     1.817985628     1.000000000
     0.085632297     1.818773330     1.000000000
     0.085999039     1.819567004     1.000000000
     0.086365782     1.820366642     1.000000000
     0.086732525     1.821172237     1.000000000
     0.087099267     1.821983781     1.000000000
     0.087466010     1.822801268     1.000000000
     0.087832753     1.823624690     1.000000000
     0.088199496     1.824454039     1.000000000
     0.088566238     1.825289307     1.000000000
     0.088932981     1.826130488     1.000000000
     0.089299724     1.826977573     1.000000000
     0.089666466     1.827830554     1.000000000
     0.090033209     1.828689425     1.000000000
     0.090399952     1.829554176     1.000000000
     0.090766695     1.830424801     1.000000000
     0.091133437     1.831301290     1.000000000
     0.091500180     1.832183637     1.000000000
     0.091866923     1.833071833     1.000000000
     0.092233665     1.833965870     1.000000000
     0.092600408     1.834865740     1.000000000
     0.092967151     1.835771435     1.000000000
     0.093333894     1.836682947     1.000000000
     0.093700636     1.837600266     1.000000000
     0.094067379     1.838523386     1.000000000
     0.094434122     1.839452297     1.000000000
     0.094800864     1.840386991     1.000000000
     0.095167607     1.841327460     1.000000000
     0.095534350     1.842273695     1.000000000
     0.095901093     1.843225688     1.000000000
     0.096267835     1.844183429     1.000000000
     0.096634578     1.845146911     1.000000000
     0.097001321     1.846116124     1.000000000
     0.097368063     1.847091060     1.000000000
     0.097734806     1.848071711     1.000000000
     0.098101549     1.849058066     1.000000000
     0.098468291     1.850050117     1.000000000
     0.098835034     1.851047856     1.000000000
     0.099201777     1.852051273     1.000000000
     0.099568520     1.853060360     1.000000000
     0.099935262     1.854075106     1.000000000
     0.100302005     1.855095504     1.000000000
     0.100668748     1.856121543     1.000000000
     0.101035490     1.857153216     1.000000000
     0.101402233     1.858190511     1.000000000
     0.101768976     1.859233421     1.000000000
     0.102135719     1.860281935     1.000000000
     0.102502461     1.861336045     1.000000000
     0.102869204     1.862395741     1.000000000
     0.103235947     1.863461013     1.000000000
     0.103602689     1.864531852     1.000000000
     0.103969432     1.865608248     1.000000000
     0.104336175     1.866690192     1.000000000
     0.104702918     1.867777674     1.000000000
     0.105069660     1.868870685     1.000000000
     0.105436403     1.869969214     1.000000000
     0.105803146     1.871073252     1.000000000
     0.106169888     1.872182789     1.000000000
     0.106536631     1.873297816     1.000000000
     0.106903374     1.874418321     1.000000000
     0.107270117     1.875544296     1.000000000
     0.107636859     1.876675731     1.000000000
     0.108003602     1.877812614     1.000000000
     0.108370345     1.878954937     1.000000000
     0.108737087     1.880102690     1.000000000
     0.109103830     1.881255861     1.000000000
     0.109470573     1.882414441     1.000000000
     0.109837316     1.883578420     1.000000000
     0.110204058     1.884747787     1.000000000
     0.110570801     1.885922533     1.000000000
     0.110937544     1.887102646     1.000000000
     0.111304286     1.888288117     1.000000000
     0.111671029     1.889478935     1.000000000
     0.112037772     1.890675089     1.000000000
     0.112404515     1.891876570     1.000000000
     0.112771257     1.893083366     1.000000000
     0.113138000     1.894295467     1.000000000
     0.113504743     1.895512863     1.000000000
     0.113871485     1.896735542     1.000000000
     0.114238228     1.897963495     1.000000000
     0.114604971     1.899196711     1.000000000
     0.114971714     1.900435178     1.000000000
     0.115338456     1.901678886     1.000000000
     0.115705199     1.902927824     1.000000000
     0.116071942     1.904181982     1.000000000
     0.116438684     1.905441349     1.000000000
     0.116805427     1.906705913     1.000000000
     0.117172170     1.907975664     1.000000000
     0.117538913     1.909250590     1.000000000
     0.117905655     1.910530682     1.000000000
     0.118272398     1.911815927     1.000000000
     0.118639141     1.913106315     1.000000000
     0.119005883     1.914401835     1.000000000
     0.119372626     1.915702475     1.000000000
     0.119739369     1.917008225     1.000000000
     0.120106111     1.918319073     1.000000000
     0.120472854     1.919635008     1.000000000
     0.120839597     1.920956019     1.000000000
     0.121206340     1.922282094     1.000000000
     0.121573082     1.923613223     1.000000000
     0.121939825     1.924949394     1.000000000
     0.122306568     1.926290595     1.000000000
     0.122673310     1.927636815     1.000000000
     0.123040053     1.928988043     1.000000000
     0.123406796     1.930344268     1.000000000
     0.123773539     1.931705478     1.000000000
     0.124140281     1.933071661     1.000000000
     0.124507024     1.934442805     1.000000000
     0.124873767     1.935818901     1.000000000
     0.125240509     1.937199935     1.000000000
     0.125607252     1.938585896     1.000000000
     0.125973995     1.939976773     1.000000000
     0.126340738     1.941372554     1.000000000
     0.126707480     1.942773227     1.000000000
     0.127074223     1.944178781     1.000000000
     0.127440966     1.945589204     1.000000000
     0.127807708     1.947004484     1.000000000
     0.128174451     1.948424610     1.000000000
     0.128541194     1.949849569     1.000000000
     0.128907937     1.951279350     1.000000000
     0.129274679     1.952713941     1.000000000
     0.129641422     1.954153330     1.000000000
     0.130008165     1.955597505     1.000000000
     0.130374907     1.957046455     1.000000000
     0.130741650     1.958500167     1.000000000
     0.131108393     1.959958630     1.000000000
     0.131475136     1.961421831     1.000000000
     0.131841878     1.962889760     1.000000000
     0.132208621     1.964362402     1.000000000
     0.132575364     1.965839748     1.000000000
     0.132942106     1.967321783     1.000000000
     0.133308849     1.968808498     1.000000000
     0.133675592     1.970299879     1.000000000
     0.134042335     1.971795914     1.000000000
     0.134409077     1.973296591     1.000000000
     0.134775820     1.974801899     1.000000000
     0.135142563     1.976311824     1.000000000
     0.135509305     1.977826356     1.000000000
     0.135876048     1.979345481     1.000000000
     0.136242791     1.980869187     1.000000000
     0.136609534     1.982397463     1.000000000
     0.136976276     1.983930295     1.000000000
     0.137343019     1.985467673     1.000000000
     0.137709762     1.987009583     1.000000000
     0.138076504     1.988556013     1.000000000
     0.138443247     1.990106951     1.000000000
     0.138809990     1.991662384     1.000000000
     0.139176733     1.993222301     1.000000000
     0.139543475     1.994786689     1.000000000
     0.139910218     1.996355536     1.000000000
     0.140276961     1.997928829     1.000000000
     0.140643703     1.999506556     1.000000000
     0.141010446     2.001088704     1.000000000
     0.141377189     2.002675261     1.000000000
     0.141743931     2.004266215     1.000000000
     0.142110674     2.005861554     1.000000000
     0.142477417     2.007461264     1.000000000
     0.142844160     2.009065334     1.000000000
     0.143210902     2.010673750     1.000000000
     0.143577645     2.012286501     1.000000000
     0.143944388     2.013903574     1.000000000
     0.144311130     2.015524957     1.000000000
     0.144677873     2.017150637     1.000000000
     0.145044616     2.018780601     1.000000000
     0.145411359     2.020414837     1.000000000
     0.145778101     2.022053333     1.000000000
     0.146144844     2.023696075     1.000000000
     0.146511587     2.025343052     1.000000000
     0.146878329     2.026994251     1.000000000
     0.147245072     2.028649659     1.000000000
     0.147611815     2.030309264     1.000000000
     0.147978558     2.031973052     1.000000000
     0.148345300     2.033641013     1.000000000
     0.148712043     2.035313132     1.000000000
     0.149078786     2.036989398     1.000000000
     0.149445528     2.038669798     1.000000000
     0.149812271     2.040354318     1.000000000
     0.150179014     2.042042947     1.000000000
     0.150545757     2.043735673     1.000000000
     0.150912499     2.045432481     1.000000000
     0.151279242     2.047133360     1.000000000
     0.151645985     2.048838297     1.000000000
     0.152012727     2.050547280     1.000000000
     0.152379470     2.052260295     1.000000000
     0.152746213     2.053977330     1.000000000
     0.153112956     2.055698373     1.000000000
     0.153479698     2.057423410     1.000000000
     0.153846441     2.059152430     1.000000000
     0.154213184     2.060885418     1.000000000
     0.154579926     2.062622364     1.000000000
     0.154946669     2.064363254     1.000000000
     0.155313412     2.066108075     1.000000000
     0.155680155     2.067856815     1.000000000
     0.156046897     2.069609461     1.000000000
     0.156413640     2.071366000     1.000000000
     0.156780383     2.073126420     1.000000000
     0.157147125     2.074890708     1.000000000
     0.157513868     2.076658852     1.000000000
     0.157880611     2.078430838     1.000000000
     0.158247354     2.080206654     1.000000000
     0.158614096     2.081986287     1.000000000
     0.158980839     2.083769725     1.000000000
     0.159347582     2.085556954     1.000000000
     0.159714324     2.087347963     1.000000000
     0.160081067     2.089142738     1.000000000
     0.160447810     2.090941267     1.000000000
     0.160814553     2.092743538     1.000000000
     0.161181295     2.094549536     1.000000000
     0.161548038     2.096359251     1.000000000
     0.161914781     2.098172668     1.000000000
     0.162281523     2.099989776     1.000000000
     0.162648266     2.101810561     1.000000000
     0.163015009     2.103635012     1.000000000
     0.163381751     2.105463114     1.000000000
     0.163748494     2.107294857     1.000000000
     0.164115237     2.109130226     1.000000000
     0.164481980     2.110969210     1.000000000
     0.164848722     2.112811795     1.000000000
     0.165215465     2.114657969     1.000000000
     0.165582208     2.116507720     1.000000000
     0.165948950     2.118361034     1.000000000
     0.166315693     2.120217899     1.000000000
     0.166682436     2.122078303     1.000000000
     0.167049179     2.123942232     1.000000000
     0.167415921     2.125809674     1.000000000
     0.167782664     2.127680616     1.000000000
     0.168149407     2.129555047     1.000000000
     0.168516149     2.131432952     1.000000000
     0.168882892     2.133314320     1.000000000
     0.169249635     2.135199138     1.000000000
     0.169616378     2.137087392     1.000000000
     0.169983120     2.138979072     1.000000000
     0.170349863     2.140874163     1.000000000
     0.170716606     2.142772654     1.000000000
     0.171083348     2.144674532     1.000000000
     0.171450091     2.146579784     1.000000000
     0.171816834     2.148488397     1.000000000
     0.172183577     2.150400359     1.000000000
     0.172550319     2.152315658     1.000000000
  
     0.000000000     3.737740665     1.000000000
     0.000352217     3.737808435     1.000000000
     0.000704434     3.737874472     1.000000000
     0.001056651     3.737938751     1.000000000
     0.001408868     3.738001246     1.000000000
     0.001761085     3.738061933     1.000000000
     0.002113302     3.738120788     1.000000000
     0.002465519     3.738177784     1.000000000
     0.002817736     3.738232900     1.000000000
     0.003169953     3.738286110     1.000000000
     0.003522170     3.738337390     1.000000000
     0.003874386     3.738386718     1.000000000
     0.004226603     3.738434071     1.000000000
     0.004578820     3.738479425     1.000000000
     0.004931037     3.738522758     1.000000000
     0.005283254     3.738564048     1.000000000
     0.005635471     3.738603274     1.000000000
     0.005987688     3.738640413     1.000000000
     0.006339905     3.738675445     1.000000000
     0.006692122     3.738708349     1.000000000
     0.007044339     3.738739105     1.000000000
     0.007396556     3.738767694     1.000000000
     0.007748773     3.738794096     1.000000000
     0.008100990     3.738818292     1.000000000
     0.008453207     3.738840264     1.000000000
     0.008805424     3.738859994     1.000000000
     0.009157641     3.738877465     1.000000000
     0.009509858     3.738892660     1.000000000
     0.009862075     3.738905562     1.000000000
     0.010214292     3.738916156     1.000000000
     0.010566509     3.738924427     1.000000000
     0.010918726     3.738930360     1.000000000
     0.011270942     3.738933940     1.000000000
     0.011623159     3.738935154     1.000000000
     0.011975376     3.738933990     1.000000000
     0.012327593     3.738930434     1.000000000
     0.012679810     3.738924476     1.000000000
     0.013032027     3.738916103     1.000000000
     0.013384244     3.738905306     1.000000000
     0.013736461     3.738892074     1.000000000
     0.014088678     3.738876398     1.000000000
     0.014440895     3.738858270     1.000000000
     0.014793112     3.738837680     1.000000000
     0.015145329     3.738814622     1.000000000
     0.015497546     3.738789089     1.000000000
     0.015849763     3.738761074     1.000000000
     0.016201980     3.738730572     1.000000000
     0.016554197     3.738697578     1.000000000
     0.016906414     3.738662087     1.000000000
     0.017258631     3.738624096     1.000000000
     0.017610848     3.738583602     1.000000000
     0.017963065     3.738540601     1.000000000
     0.018315281     3.738495093     1.000000000
     0.018667498     3.738447075     1.000000000
     0.019019715     3.738396548     1.000000000
     0.019371932     3.738343509     1.000000000
     0.019724149     3.738287961     1.000000000
     0.020076366     3.738229905     1.000000000
     0.020428583     3.738169341     1.000000000
     0.020780800     3.738106271     1.000000000
     0.021133017     3.738040699     1.000000000
     0.021485234     3.737972628     1.000000000
     0.021837451     3.737902061     1.000000000
     0.022189668     3.737829002     1.000000000
     0.022541885     3.737753457     1.000000000
     0.022894102     3.737675430     1.000000000
     0.023246319     3.737594927     1.000000000
     0.023598536     3.737511954     1.000000000
     0.023950753     3.737426519     1.000000000
     0.024302970     3.737338627     1.000000000
     0.024655187     3.737248287     1.000000000
     0.025007404     3.737155506     1.000000000
     0.025359621     3.737060292     1.000000000
     0.025711837     3.736962655     1.000000000
     0.026064054     3.736862604     1.000000000
     0.026416271     3.736760147     1.000000000
     0.026768488     3.736655295     1.000000000
     0.027120705     3.736548057     1.000000000
     0.027472922     3.736438445     1.000000000
     0.027825139     3.736326469     1.000000000
     0.028177356     3.736212139     1.000000000
     0.028529573     3.736095468     1.000000000
     0.028881790     3.735976467     1.000000000
     0.029234007     3.735855148     1.000000000
     0.029586224     3.735731522     1.000000000
     0.029938441     3.735605603     1.000000000
     0.030290658     3.735477403     1.000000000
     0.030642875     3.735346933     1.000000000
     0.030995092     3.735214209     1.000000000
     0.031347309     3.735079242     1.000000000
     0.031699526     3.734942045     1.000000000
     0.032051743     3.734802633     1.000000000
     0.032403960     3.734661019     1.000000000
     0.032756177     3.734517216     1.000000000
     0.033108393     3.734371238     1.000000000
     0.033460610     3.734223099     1.000000000
     0.033812827     3.734072814     1.000000000
     0.034165044     3.733920396     1.000000000
     0.034517261     3.733765860     1.000000000
     0.034869478     3.733609219     1.000000000
     0.035221695     3.733450489     1.000000000
     0.035573912     3.733289683     1.000000000
     0.035926129     3.733126815     1.000000000
     0.036278346     3.732961901     1.000000000
     0.036630563     3.732794955     1.000000000
     0.036982780     3.732625991     1.000000000
     0.037334997     3.732455023     1.000000000
     0.037687214     3.732282066     1.000000000
     0.038039431     3.732107135     1.000000000
     0.038391648     3.731930244     1.000000000
     0.038743865     3.731751407     1.000000000
     0.039096082     3.731570639     1.000000000
     0.039448299     3.731387953     1.000000000
     0.039800516     3.731203365     1.000000000
     0.040152733     3.731016889     1.000000000
     0.040504949     3.730828538     1.000000000
     0.040857166     3.730638327     1.000000000
     0.041209383     3.730446270     1.000000000
     0.041561600     3.730252381     1.000000000
     0.041913817     3.730056673     1.000000000
     0.042266034     3.729859162     1.000000000
     0.042618251     3.729659859     1.000000000
     0.042970468     3.729458780     1.000000000
     0.043322685     3.729255937     1.000000000
     0.043674902     3.729051345     1.000000000
     0.044027119     3.728845016     1.000000000
     0.044379336     3.728636964     1.000000000
     0.044731553     3.728427202     1.000000000
     0.045083770     3.728215743     1.000000000
     0.045435987     3.728002600     1.000000000
     0.045788204     3.727787786     1.000000000
     0.046140421     3.727571313     1.000000000
     0.046492638     3.727353195     1.000000000
     0.046844855     3.727133444     1.000000000
     0.047197072     3.726912072     1.000000000
     0.047549289     3.726689092     1.000000000
     0.047901505     3.726464516     1.000000000
     0.048253722     3.726238355     1.000000000
     0.048605939     3.726010622     1.000000000
     0.048958156     3.725781329     1.000000000
     0.049310373     3.725550487     1.000000000
     0.049662590     3.725318108     1.000000000
     0.050014807     3.725084203     1.000000000
     0.050367024     3.724848784     1.000000000
     0.050719241     3.724611861     1.000000000
     0.051071458     3.724373447     1.000000000
     0.051423675     3.724133551     1.000000000
     0.051775892     3.723892185     1.000000000
     0.052128109     3.723649360     1.000000000
     0.052480326     3.723405086     1.000000000
     0.052832543     3.723159372     1.000000000
     0.053184760     3.722912231     1.000000000
     0.053536977     3.722663672     1.000000000
     0.053889194     3.722413704     1.000000000
     0.054241411     3.722162339     1.000000000
     0.054593628     3.721909586     1.000000000
     0.054945844     3.721655454     1.000000000
     0.055298061     3.721399953     1.000000000
     0.055650278     3.721143093     1.000000000
     0.056002495     3.720884883     1.000000000
     0.056354712     3.720625332     1.000000000
     0.056706929     3.720364449     1.000000000
     0.057059146     3.720102244     1.000000000
     0.057411363     3.719838725     1.000000000
     0.057763580     3.719573901     1.000000000
     0.058115797     3.719307781     1.000000000
     0.058468014     3.719040373     1.000000000
     0.058820231     3.718771685     1.000000000
     0.059172448     3.718501727     1.000000000
     0.059524665     3.718230505     1.000000000
     0.059876882     3.717958029     1.000000000
     0.060229099     3.717684306     1.000000000
     0.060581316     3.717409344     1.000000000
     0.060933533     3.717133151     1.000000000
     0.061285750     3.716855735     1.000000000
     0.061637967     3.716577103     1.000000000
     0.061990184     3.716297262     1.000000000
     0.062342400     3.716016221     1.000000000
     0.062694617     3.715733985     1.000000000
     0.063046834     3.715450563     1.000000000
     0.063399051     3.715165961     1.000000000
     0.063751268     3.714880187     1.000000000
     0.064103485     3.714593247     1.000000000
     0.064455702     3.714305148     1.000000000
     0.064807919     3.714015897     1.000000000
     0.065160136     3.713725500     1.000000000
     0.065512353     3.713433964     1.000000000
     0.065864570     3.713141295     1.000000000
     0.066216787     3.712847499     1.000000000
     0.066569004     3.712552583     1.000000000
     0.066921221     3.712256554     1.000000000
     0.067273438     3.711959416     1.000000000
     0.067625655     3.711661176     1.000000000
     0.067977872     3.711361840     1.000000000
     0.068330089     3.711061413     1.000000000
     0.068682306     3.710759902     1.000000000
     0.069034523     3.710457311     1.000000000
     0.069386740     3.710153648     1.000000000
     0.069738956     3.709848916     1.000000000
     0.070091173     3.709543121     1.000000000
     0.070443390     3.709236270     1.000000000
     0.070795607     3.708928366     1.000000000
     0.071147824     3.708619416     1.000000000
     0.071500041     3.708309423     1.000000000
     0.071852258     3.707998394     1.000000000
     0.072204475     3.707686334     1.000000000
     0.072556692     3.707373246     1.000000000
     0.072908909     3.707059137     1.000000000
     0.073261126     3.706744010     1.000000000
     0.073613343     3.706427871     1.000000000
     0.073965560     3.706110724     1.000000000
     0.074317777     3.705792574     1.000000000
     0.074669994     3.705473424     1.000000000
     0.075022211     3.705153281     1.000000000
     0.075374428     3.704832147     1.000000000
     0.075726645     3.704510027     1.000000000
     0.076078862     3.704186926     1.000000000
     0.076431079     3.703862848     1.000000000
     0.076783296     3.703537797     1.000000000
     0.077135512     3.703211776     1.000000000
     0.077487729     3.702884790     1.000000000
     0.077839946     3.702556844     1.000000000
     0.078192163     3.702227940     1.000000000
     0.078544380     3.701898082     1.000000000
     0.078896597     3.701567275     1.000000000
     0.079248814     3.701235523     1.000000000
     0.079601031     3.700902828     1.000000000
     0.079953248     3.700569195     1.000000000
     0.080305465     3.700234626     1.000000000
     0.080657682     3.699899127     1.000000000
     0.081009899     3.699562699     1.000000000
     0.081362116     3.699225348     1.000000000
     0.081714333     3.698887075     1.000000000
     0.082066550     3.698547885     1.000000000
     0.082418767     3.698207780     1.000000000
     0.082770984     3.697866764     1.000000000
     0.083123201     3.697524840     1.000000000
     0.083475418     3.697182012     1.000000000
     0.083827635     3.696838282     1.000000000
     0.084179851     3.696493653     1.000000000
     0.084532068     3.696148129     1.000000000
     0.084532068     3.748329498     1.000000000
     0.084898811     3.748211590     1.000000000
     0.085265554     3.748092913     1.000000000
     0.085632297     3.747973473     1.000000000
     0.085999039     3.747853273     1.000000000
     0.086365782     3.747732317     1.000000000
     0.086732525     3.747610609     1.000000000
     0.087099267     3.747488154     1.000000000
     0.087466010     3.747364955     1.000000000
     0.087832753     3.747241016     1.000000000
     0.088199496     3.747116341     1.000000000
     0.088566238     3.746990935     1.000000000
     0.088932981     3.746864802     1.000000000
     0.089299724     3.746737945     1.000000000
     0.089666466     3.746610369     1.000000000
     0.090033209     3.746482078     1.000000000
     0.090399952     3.746353076     1.000000000
     0.090766695     3.746223368     1.000000000
     0.091133437     3.746092956     1.000000000
     0.091500180     3.745961846     1.000000000
     0.091866923     3.745830042     1.000000000
     0.092233665     3.745697547     1.000000000
     0.092600408     3.745564367     1.000000000
     0.092967151     3.745430504     1.000000000
     0.093333894     3.745295964     1.000000000
     0.093700636     3.745160750     1.000000000
     0.094067379     3.745024867     1.000000000
     0.094434122     3.744888319     1.000000000
     0.094800864     3.744751110     1.000000000
     0.095167607     3.744613244     1.000000000
     0.095534350     3.744474726     1.000000000
     0.095901093     3.744335559     1.000000000
     0.096267835     3.744195748     1.000000000
     0.096634578     3.744055298     1.000000000
     0.097001321     3.743914211     1.000000000
     0.097368063     3.743772494     1.000000000
     0.097734806     3.743630149     1.000000000
     0.098101549     3.743487181     1.000000000
     0.098468291     3.743343594     1.000000000
     0.098835034     3.743199393     1.000000000
     0.099201777     3.743054581     1.000000000
     0.099568520     3.742909163     1.000000000
     0.099935262     3.742763144     1.000000000
     0.100302005     3.742616527     1.000000000
     0.100668748     3.742469316     1.000000000
     0.101035490     3.742321516     1.000000000
     0.101402233     3.742173131     1.000000000
     0.101768976     3.742024166     1.000000000
     0.102135719     3.741874624     1.000000000
     0.102502461     3.741724509     1.000000000
     0.102869204     3.741573827     1.000000000
     0.103235947     3.741422580     1.000000000
     0.103602689     3.741270774     1.000000000
     0.103969432     3.741118413     1.000000000
     0.104336175     3.740965500     1.000000000
     0.104702918     3.740812040     1.000000000
     0.105069660     3.740658037     1.000000000
     0.105436403     3.740503495     1.000000000
     0.105803146     3.740348419     1.000000000
     0.106169888     3.740192813     1.000000000
     0.106536631     3.740036680     1.000000000
     0.106903374     3.739880026     1.000000000
     0.107270117     3.739722854     1.000000000
     0.107636859     3.739565168     1.000000000
     0.108003602     3.739406972     1.000000000
     0.108370345     3.739248271     1.000000000
     0.108737087     3.739089069     1.000000000
     0.109103830     3.738929370     1.000000000
     0.109470573     3.738769178     1.000000000
     0.109837316     3.738608497     1.000000000
     0.110204058     3.738447332     1.000000000
     0.110570801     3.738285685     1.000000000
     0.110937544     3.738123563     1.000000000
     0.111304286     3.737960968     1.000000000
     0.111671029     3.737797904     1.000000000
     0.112037772     3.737634376     1.000000000
     0.112404515     3.737470388     1.000000000
     0.112771257     3.737305944     1.000000000
     0.113138000     3.737141048     1.000000000
     0.113504743     3.736975704     1.000000000
     0.113871485     3.736809916     1.000000000
     0.114238228     3.736643688     1.000000000
     0.114604971     3.736477023     1.000000000
     0.114971714     3.736309927     1.000000000
     0.115338456     3.736142403     1.000000000
     0.115705199     3.735974455     1.000000000
     0.116071942     3.735806086     1.000000000
     0.116438684     3.735637302     1.000000000
     0.116805427     3.735468105     1.000000000
     0.117172170     3.735298500     1.000000000
     0.117538913     3.735128491     1.000000000
     0.117905655     3.734958082     1.000000000
     0.118272398     3.734787276     1.000000000
     0.118639141     3.734616077     1.000000000
     0.119005883     3.734444490     1.000000000
     0.119372626     3.734272517     1.000000000
     0.119739369     3.734100164     1.000000000
     0.120106111     3.733927434     1.000000000
     0.120472854     3.733754330     1.000000000
     0.120839597     3.733580856     1.000000000
     0.121206340     3.733407017     1.000000000
     0.121573082     3.733232816     1.000000000
     0.121939825     3.733058257     1.000000000
     0.122306568     3.732883344     1.000000000
     0.122673310     3.732708079     1.000000000
     0.123040053     3.732532468     1.000000000
     0.123406796     3.732356514     1.000000000
     0.123773539     3.732180220     1.000000000
     0.124140281     3.732003590     1.000000000
     0.124507024     3.731826628     1.000000000
     0.124873767     3.731649338     1.000000000
     0.125240509     3.731471722     1.000000000
     0.125607252     3.731293786     1.000000000
     0.125973995     3.731115532     1.000000000
     0.126340738     3.730936964     1.000000000
     0.126707480     3.730758085     1.000000000
     0.127074223     3.730578900     1.000000000
     0.127440966     3.730399412     1.000000000
     0.127807708     3.730219623     1.000000000
     0.128174451     3.730039539     1.000000000
     0.128541194     3.729859162     1.000000000
     0.128907937     3.729678495     1.000000000
     0.129274679     3.729497543     1.000000000
     0.129641422     3.729316309     1.000000000
     0.130008165     3.729134796     1.000000000
     0.130374907     3.728953007     1.000000000
     0.130741650     3.728770947     1.000000000
     0.131108393     3.728588618     1.000000000
     0.131475136     3.728406023     1.000000000
     0.131841878     3.728223167     1.000000000
     0.132208621     3.728040053     1.000000000
     0.132575364     3.727856683     1.000000000
     0.132942106     3.727673061     1.000000000
     0.133308849     3.727489191     1.000000000
     0.133675592     3.727305076     1.000000000
     0.134042335     3.727120718     1.000000000
     0.134409077     3.726936122     1.000000000
     0.134775820     3.726751290     1.000000000
     0.135142563     3.726566226     1.000000000
     0.135509305     3.726380933     1.000000000
     0.135876048     3.726195414     1.000000000
     0.136242791     3.726009672     1.000000000
     0.136609534     3.725823710     1.000000000
     0.136976276     3.725637532     1.000000000
     0.137343019     3.725451140     1.000000000
     0.137709762     3.725264538     1.000000000
     0.138076504     3.725077729     1.000000000
     0.138443247     3.724890715     1.000000000
     0.138809990     3.724703500     1.000000000
     0.139176733     3.724516087     1.000000000
     0.139543475     3.724328479     1.000000000
     0.139910218     3.724140678     1.000000000
     0.140276961     3.723952688     1.000000000
     0.140643703     3.723764512     1.000000000
     0.141010446     3.723576152     1.000000000
     0.141377189     3.723387612     1.000000000
     0.141743931     3.723198894     1.000000000
     0.142110674     3.723010001     1.000000000
     0.142477417     3.722820936     1.000000000
     0.142844160     3.722631702     1.000000000
     0.143210902     3.722442302     1.000000000
     0.143577645     3.722252738     1.000000000
     0.143944388     3.722063014     1.000000000
     0.144311130     3.721873131     1.000000000
     0.144677873     3.721683093     1.000000000
     0.145044616     3.721492902     1.000000000
     0.145411359     3.721302561     1.000000000
     0.145778101     3.721112073     1.000000000
     0.146144844     3.720921441     1.000000000
     0.146511587     3.720730666     1.000000000
     0.146878329     3.720539752     1.000000000
     0.147245072     3.720348701     1.000000000
     0.147611815     3.720157516     1.000000000
     0.147978558     3.719966199     1.000000000
     0.148345300     3.719774753     1.000000000
     0.148712043     3.719583180     1.000000000
     0.149078786     3.719391483     1.000000000
     0.149445528     3.719199665     1.000000000
     0.149812271     3.719007727     1.000000000
     0.150179014     3.718815672     1.000000000
     0.150545757     3.718623503     1.000000000
     0.150912499     3.718431221     1.000000000
     0.151279242     3.718238830     1.000000000
     0.151645985     3.718046332     1.000000000
     0.152012727     3.717853728     1.000000000
     0.152379470     3.717661022     1.000000000
     0.152746213     3.717468215     1.000000000
     0.153112956     3.717275310     1.000000000
     0.153479698     3.717082309     1.000000000
     0.153846441     3.716889214     1.000000000
     0.154213184     3.716696028     1.000000000
     0.154579926     3.716502752     1.000000000
     0.154946669     3.716309390     1.000000000
     0.155313412     3.716115942     1.000000000
     0.155680155     3.715922411     1.000000000
     0.156046897     3.715728799     1.000000000
     0.156413640     3.715535108     1.000000000
     0.156780383     3.715341340     1.000000000
     0.157147125     3.715147498     1.000000000
     0.157513868     3.714953583     1.000000000
     0.157880611     3.714759597     1.000000000
     0.158247354     3.714565543     1.000000000
     0.158614096     3.714371421     1.000000000
     0.158980839     3.714177235     1.000000000
     0.159347582     3.713982985     1.000000000
     0.159714324     3.713788675     1.000000000
     0.160081067     3.713594305     1.000000000
     0.160447810     3.713399877     1.000000000
     0.160814553     3.713205394     1.000000000
     0.161181295     3.713010857     1.000000000
     0.161548038     3.712816268     1.000000000
     0.161914781     3.712621628     1.000000000
     0.162281523     3.712426940     1.000000000
     0.162648266     3.712232204     1.000000000
     0.163015009     3.712037424     1.000000000
     0.163381751     3.711842599     1.000000000
     0.163748494     3.711647733     1.000000000
     0.164115237     3.711452826     1.000000000
     0.164481980     3.711257881     1.000000000
     0.164848722     3.711062898     1.000000000
     0.165215465     3.710867879     1.000000000
     0.165582208     3.710672826     1.000000000
     0.165948950     3.710477741     1.000000000
     0.166315693     3.710282624     1.000000000
     0.166682436     3.710087477     1.000000000
     0.167049179     3.709892302     1.000000000
     0.167415921     3.709697100     1.000000000
     0.167782664     3.709501873     1.000000000
     0.168149407     3.709306621     1.000000000
     0.168516149     3.709111346     1.000000000
     0.168882892     3.708916049     1.000000000
     0.169249635     3.708720733     1.000000000
     0.169616378     3.708525397     1.000000000
     0.169983120     3.708330043     1.000000000
     0.170349863     3.708134673     1.000000000
     0.170716606     3.707939287     1.000000000
     0.171083348     3.707743887     1.000000000
     0.171450091     3.707548473     1.000000000
     0.171816834     3.707353048     1.000000000
     0.172183577     3.707157612     1.000000000
     0.172550319     3.706962166     1.000000000
  
     0.000000000     3.800149845     1.000000000
     0.000352217     3.800120660     1.000000000
     0.000704434     3.800093218     1.000000000
     0.001056651     3.800067540     1.000000000
     0.001408868     3.800043648     1.000000000
     0.001761085     3.800021563     1.000000000
     0.002113302     3.800001306     1.000000000
     0.002465519     3.799982898     1.000000000
     0.002817736     3.799966358     1.000000000
     0.003169953     3.799951707     1.000000000
     0.003522170     3.799938965     1.000000000
     0.003874386     3.799928152     1.000000000
     0.004226603     3.799919286     1.000000000
     0.004578820     3.799912386     1.000000000
     0.004931037     3.799907471     1.000000000
     0.005283254     3.799904559     1.000000000
     0.005635471     3.799903668     1.000000000
     0.005987688     3.799904814     1.000000000
     0.006339905     3.799908016     1.000000000
     0.006692122     3.799913290     1.000000000
     0.007044339     3.799920651     1.000000000
     0.007396556     3.799930116     1.000000000
     0.007748773     3.799941699     1.000000000
     0.008100990     3.799955415     1.000000000
     0.008453207     3.799971278     1.000000000
     0.008805424     3.799989303     1.000000000
     0.009157641     3.800009501     1.000000000
     0.009509858     3.800031887     1.000000000
     0.009862075     3.800056471     1.000000000
     0.010214292     3.800083265     1.000000000
     0.010566509     3.800112281     1.000000000
     0.010918726     3.800143528     1.000000000
     0.011270942     3.800177016     1.000000000
     0.011623159     3.800212755     1.000000000
     0.011975376     3.800250753     1.000000000
     0.012327593     3.800291018     1.000000000
     0.012679810     3.800333557     1.000000000
     0.013032027     3.800378378     1.000000000
     0.013384244     3.800425485     1.000000000
     0.013736461     3.800474885     1.000000000
     0.014088678     3.800526582     1.000000000
     0.014440895     3.800580581     1.000000000
     0.014793112     3.800636885     1.000000000
     0.015145329     3.800695497     1.000000000
     0.015497546     3.800756419     1.000000000
     0.015849763     3.800819653     1.000000000
     0.016201980     3.800885199     1.000000000
     0.016554197     3.800953058     1.000000000
     0.016906414     3.801023229     1.000000000
     0.017258631     3.801095712     1.000000000
     0.017610848     3.801170505     1.000000000
     0.017963065     3.801247605     1.000000000
     0.018315281     3.801327010     1.000000000
     0.018667498     3.801408716     1.000000000
     0.019019715     3.801492719     1.000000000
     0.019371932     3.801579013     1.000000000
     0.019724149     3.801667594     1.000000000
     0.020076366     3.801758456     1.000000000
     0.020428583     3.801851592     1.000000000
     0.020780800     3.801946994     1.000000000
     0.021133017     3.802044656     1.000000000
     0.021485234     3.802144568     1.000000000
     0.021837451     3.802246722     1.000000000
     0.022189668     3.802351108     1.000000000
     0.022541885     3.802457717     1.000000000
     0.022894102     3.802566538     1.000000000
     0.023246319     3.802677559     1.000000000
     0.023598536     3.802790770     1.000000000
     0.023950753     3.802906158     1.000000000
     0.024302970     3.803023711     1.000000000
     0.024655187     3.803143416     1.000000000
     0.025007404     3.803265259     1.000000000
     0.025359621     3.803389227     1.000000000
     0.025711837     3.803515306     1.000000000
     0.026064054     3.803643480     1.000000000
     0.026416271     3.803773735     1.000000000
     0.026768488     3.803906055     1.000000000
     0.027120705     3.804040424     1.000000000
     0.027472922     3.804176826     1.000000000
     0.027825139     3.804315245     1.000000000
     0.028177356     3.804455664     1.000000000
     0.028529573     3.804598065     1.000000000
     0.028881790     3.804742431     1.000000000
     0.029234007     3.804888744     1.000000000
     0.029586224     3.805036986     1.000000000
     0.029938441     3.805187139     1.000000000
     0.030290658     3.805339184     1.000000000
     0.030642875     3.805493102     1.000000000
     0.030995092     3.805648874     1.000000000
     0.031347309     3.805806481     1.000000000
     0.031699526     3.805965903     1.000000000
     0.032051743     3.806127121     1.000000000
     0.032403960     3.806290114     1.000000000
     0.032756177     3.806454862     1.000000000
     0.033108393     3.806621345     1.000000000
     0.033460610     3.806789544     1.000000000
     0.033812827     3.806959436     1.000000000
     0.034165044     3.807131002     1.000000000
     0.034517261     3.807304220     1.000000000
     0.034869478     3.807479070     1.000000000
     0.035221695     3.807655530     1.000000000
     0.035573912     3.807833580     1.000000000
     0.035926129     3.808013199     1.000000000
     0.036278346     3.808194364     1.000000000
     0.036630563     3.808377054     1.000000000
     0.036982780     3.808561248     1.000000000
     0.037334997     3.808746925     1.000000000
     0.037687214     3.808934063     1.000000000
     0.038039431     3.809122640     1.000000000
     0.038391648     3.809312634     1.000000000
     0.038743865     3.809504024     1.000000000
     0.039096082     3.809696788     1.000000000
     0.039448299     3.809890905     1.000000000
     0.039800516     3.810086352     1.000000000
     0.040152733     3.810283108     1.000000000
     0.040504949     3.810481151     1.000000000
     0.040857166     3.810680458     1.000000000
     0.041209383     3.810881010     1.000000000
     0.041561600     3.811082783     1.000000000
     0.041913817     3.811285755     1.000000000
     0.042266034     3.811489906     1.000000000
     0.042618251     3.811695212     1.000000000
     0.042970468     3.811901653     1.000000000
     0.043322685     3.812109207     1.000000000
     0.043674902     3.812317852     1.000000000
     0.044027119     3.812527566     1.000000000
     0.044379336     3.812738327     1.000000000
     0.044731553     3.812950115     1.000000000
     0.045083770     3.813162907     1.000000000
     0.045435987     3.813376682     1.000000000
     0.045788204     3.813591418     1.000000000
     0.046140421     3.813807094     1.000000000
     0.046492638     3.814023688     1.000000000
     0.046844855     3.814241179     1.000000000
     0.047197072     3.814459545     1.000000000
     0.047549289     3.814678765     1.000000000
     0.047901505     3.814898818     1.000000000
     0.048253722     3.815119682     1.000000000
     0.048605939     3.815341336     1.000000000
     0.048958156     3.815563759     1.000000000
     0.049310373     3.815786930     1.000000000
     0.049662590     3.816010827     1.000000000
     0.050014807     3.816235429     1.000000000
     0.050367024     3.816460715     1.000000000
     0.050719241     3.816686665     1.000000000
     0.051071458     3.816913256     1.000000000
     0.051423675     3.817140468     1.000000000
     0.051775892     3.817368280     1.000000000
     0.052128109     3.817596671     1.000000000
     0.052480326     3.817825620     1.000000000
     0.052832543     3.818055106     1.000000000
     0.053184760     3.818285109     1.000000000
     0.053536977     3.818515606     1.000000000
     0.053889194     3.818746578     1.000000000
     0.054241411     3.818978003     1.000000000
     0.054593628     3.819209860     1.000000000
     0.054945844     3.819442130     1.000000000
     0.055298061     3.819674790     1.000000000
     0.055650278     3.819907820     1.000000000
     0.056002495     3.820141199     1.000000000
     0.056354712     3.820374907     1.000000000
     0.056706929     3.820608922     1.000000000
     0.057059146     3.820843224     1.000000000
     0.057411363     3.821077791     1.000000000
     0.057763580     3.821312604     1.000000000
     0.058115797     3.821547640     1.000000000
     0.058468014     3.821782880     1.000000000
     0.058820231     3.822018302     1.000000000
     0.059172448     3.822253885     1.000000000
     0.059524665     3.822489608     1.000000000
     0.059876882     3.822725451     1.000000000
     0.060229099     3.822961392     1.000000000
     0.060581316     3.823197411     1.000000000
     0.060933533     3.823433486     1.000000000
     0.061285750     3.823669596     1.000000000
     0.061637967     3.823905719     1.000000000
     0.061990184     3.824141836     1.000000000
     0.062342400     3.824377924     1.000000000
     0.062694617     3.824613963     1.000000000
     0.063046834     3.824849930     1.000000000
     0.063399051     3.825085805     1.000000000
     0.063751268     3.825321566     1.000000000
     0.064103485     3.825557192     1.000000000
     0.064455702     3.825792660     1.000000000
     0.064807919     3.826027950     1.000000000
     0.065160136     3.826263039     1.000000000
     0.065512353     3.826497906     1.000000000
     0.065864570     3.826732528     1.000000000
     0.066216787     3.826966885     1.000000000
     0.066569004     3.827200953     1.000000000
     0.066921221     3.827434712     1.000000000
     0.067273438     3.827668137     1.000000000
     0.067625655     3.827901208     1.000000000
     0.067977872     3.828133902     1.000000000
     0.068330089     3.828366195     1.000000000
     0.068682306     3.828598066     1.000000000
     0.069034523     3.828829493     1.000000000
     0.069386740     3.829060451     1.000000000
     0.069738956     3.829290918     1.000000000
     0.070091173     3.829520871     1.000000000
     0.070443390     3.829750287     1.000000000
     0.070795607     3.829979143     1.000000000
     0.071147824     3.830207414     1.000000000
     0.071500041     3.830435078     1.000000000
     0.071852258     3.830662111     1.000000000
     0.072204475     3.830888489     1.000000000
     0.072556692     3.831114188     1.000000000
     0.072908909     3.831339184     1.000000000
     0.073261126     3.831563452     1.000000000
     0.073613343     3.831786968     1.000000000
     0.073965560     3.832009709     1.000000000
     0.074317777     3.832231648     1.000000000
     0.074669994     3.832452761     1.000000000
     0.075022211     3.832673024     1.000000000
     0.075374428     3.832892410     1.000000000
     0.075726645     3.833110895     1.000000000
     0.076078862     3.833328454     1.000000000
     0.076431079     3.833545059     1.000000000
     0.076783296     3.833760686     1.000000000
     0.077135512     3.833975309     1.000000000
     0.077487729     3.834188901     1.000000000
     0.077839946     3.834401436     1.000000000
     0.078192163     3.834612888     1.000000000
     0.078544380     3.834823229     1.000000000
     0.078896597     3.835032434     1.000000000
     0.079248814     3.835240473     1.000000000
     0.079601031     3.835447322     1.000000000
     0.079953248     3.835652951     1.000000000
     0.080305465     3.835857334     1.000000000
     0.080657682     3.836060442     1.000000000
     0.081009899     3.836262247     1.000000000
     0.081362116     3.836462722     1.000000000
     0.081714333     3.836661837     1.000000000
     0.082066550     3.836859564     1.000000000
     0.082418767     3.837055875     1.000000000
     0.082770984     3.837250740     1.000000000
     0.083123201     3.837444129     1.000000000
     0.083475418     3.837636014     1.000000000
     0.083827635     3.837826365     1.000000000
     0.084179851     3.838015152     1.000000000
     0.084532068     3.838202344     1.000000000
     0.084532068     3.850349477     1.000000000
     0.084898811     3.850055454     1.000000000
     0.085265554     3.849760532     1.000000000
     0.085632297     3.849464725     1.000000000
     0.085999039     3.849168048     1.000000000
     0.086365782     3.848870516     1.000000000
     0.086732525     3.848572144     1.000000000
     0.087099267     3.848272944     1.000000000
     0.087466010     3.847972932     1.000000000
     0.087832753     3.847672122     1.000000000
     0.088199496     3.847370526     1.000000000
     0.088566238     3.847068158     1.000000000
     0.088932981     3.846765031     1.000000000
     0.089299724     3.846461158     1.000000000
     0.089666466     3.846156552     1.000000000
     0.090033209     3.845851226     1.000000000
     0.090399952     3.845545191     1.000000000
     0.090766695     3.845238460     1.000000000
     0.091133437     3.844931045     1.000000000
     0.091500180     3.844622957     1.000000000
     0.091866923     3.844314209     1.000000000
     0.092233665     3.844004811     1.000000000
     0.092600408     3.843694775     1.000000000
     0.092967151     3.843384112     1.000000000
     0.093333894     3.843072833     1.000000000
     0.093700636     3.842760948     1.000000000
     0.094067379     3.842448468     1.000000000
     0.094434122     3.842135403     1.000000000
     0.094800864     3.841821765     1.000000000
     0.095167607     3.841507561     1.000000000
     0.095534350     3.841192804     1.000000000
     0.095901093     3.840877502     1.000000000
     0.096267835     3.840561664     1.000000000
     0.096634578     3.840245301     1.000000000
     0.097001321     3.839928422     1.000000000
     0.097368063     3.839611036     1.000000000
     0.097734806     3.839293151     1.000000000
     0.098101549     3.838974777     1.000000000
     0.098468291     3.838655923     1.000000000
     0.098835034     3.838336597     1.000000000
     0.099201777     3.838016807     1.000000000
     0.099568520     3.837696562     1.000000000
     0.099935262     3.837375870     1.000000000
     0.100302005     3.837054739     1.000000000
     0.100668748     3.836733177     1.000000000
     0.101035490     3.836411191     1.000000000
     0.101402233     3.836088791     1.000000000
     0.101768976     3.835765982     1.000000000
     0.102135719     3.835442773     1.000000000
     0.102502461     3.835119172     1.000000000
     0.102869204     3.834795184     1.000000000
     0.103235947     3.834470817     1.000000000
     0.103602689     3.834146079     1.000000000
     0.103969432     3.833820976     1.000000000
     0.104336175     3.833495515     1.000000000
     0.104702918     3.833169702     1.000000000
     0.105069660     3.832843545     1.000000000
     0.105436403     3.832517050     1.000000000
     0.105803146     3.832190222     1.000000000
     0.106169888     3.831863069     1.000000000
     0.106536631     3.831535597     1.000000000
     0.106903374     3.831207811     1.000000000
     0.107270117     3.830879718     1.000000000
     0.107636859     3.830551324     1.000000000
     0.108003602     3.830222634     1.000000000
     0.108370345     3.829893654     1.000000000
     0.108737087     3.829564390     1.000000000
     0.109103830     3.829234847     1.000000000
     0.109470573     3.828905031     1.000000000
     0.109837316     3.828574948     1.000000000
     0.110204058     3.828244601     1.000000000
     0.110570801     3.827913998     1.000000000
     0.110937544     3.827583142     1.000000000
     0.111304286     3.827252040     1.000000000
     0.111671029     3.826920695     1.000000000
     0.112037772     3.826589113     1.000000000
     0.112404515     3.826257299     1.000000000
     0.112771257     3.825925257     1.000000000
     0.113138000     3.825592993     1.000000000
     0.113504743     3.825260510     1.000000000
     0.113871485     3.824927814     1.000000000
     0.114238228     3.824594909     1.000000000
     0.114604971     3.824261799     1.000000000
     0.114971714     3.823928489     1.000000000
     0.115338456     3.823594983     1.000000000
     0.115705199     3.823261285     1.000000000
     0.116071942     3.822927399     1.000000000
     0.116438684     3.822593330     1.000000000
     0.116805427     3.822259082     1.000000000
     0.117172170     3.821924658     1.000000000
     0.117538913     3.821590062     1.000000000
     0.117905655     3.821255299     1.000000000
     0.118272398     3.820920373     1.000000000
     0.118639141     3.820585286     1.000000000
     0.119005883     3.820250043     1.000000000
     0.119372626     3.819914648     1.000000000
     0.119739369     3.819579103     1.000000000
     0.120106111     3.819243413     1.000000000
     0.120472854     3.818907581     1.000000000
     0.120839597     3.818571611     1.000000000
     0.121206340     3.818235505     1.000000000
     0.121573082     3.817899268     1.000000000
     0.121939825     3.817562903     1.000000000
     0.122306568     3.817226412     1.000000000
     0.122673310     3.816889800     1.000000000
     0.123040053     3.816553069     1.000000000
     0.123406796     3.816216223     1.000000000
     0.123773539     3.815879264     1.000000000
     0.124140281     3.815542196     1.000000000
     0.124507024     3.815205021     1.000000000
     0.124873767     3.814867743     1.000000000
     0.125240509     3.814530365     1.000000000
     0.125607252     3.814192889     1.000000000
     0.125973995     3.813855318     1.000000000
     0.126340738     3.813517656     1.000000000
     0.126707480     3.813179904     1.000000000
     0.127074223     3.812842066     1.000000000
     0.127440966     3.812504145     1.000000000
     0.127807708     3.812166142     1.000000000
     0.128174451     3.811828062     1.000000000
     0.128541194     3.811489906     1.000000000
     0.128907937     3.811151676     1.000000000
     0.129274679     3.810813376     1.000000000
     0.129641422     3.810475008     1.000000000
     0.130008165     3.810136575     1.000000000
     0.130374907     3.809798078     1.000000000
     0.130741650     3.809459520     1.000000000
     0.131108393     3.809120905     1.000000000
     0.131475136     3.808782233     1.000000000
     0.131841878     3.808443508     1.000000000
     0.132208621     3.808104731     1.000000000
     0.132575364     3.807765906     1.000000000
     0.132942106     3.807427034     1.000000000
     0.133308849     3.807088117     1.000000000
     0.133675592     3.806749158     1.000000000
     0.134042335     3.806410158     1.000000000
     0.134409077     3.806071121     1.000000000
     0.134775820     3.805732048     1.000000000
     0.135142563     3.805392941     1.000000000
     0.135509305     3.805053803     1.000000000
     0.135876048     3.804714634     1.000000000
     0.136242791     3.804375438     1.000000000
     0.136609534     3.804036217     1.000000000
     0.136976276     3.803696972     1.000000000
     0.137343019     3.803357705     1.000000000
     0.137709762     3.803018419     1.000000000
     0.138076504     3.802679115     1.000000000
     0.138443247     3.802339795     1.000000000
     0.138809990     3.802000462     1.000000000
     0.139176733     3.801661116     1.000000000
     0.139543475     3.801321760     1.000000000
     0.139910218     3.800982395     1.000000000
     0.140276961     3.800643025     1.000000000
     0.140643703     3.800303649     1.000000000
     0.141010446     3.799964271     1.000000000
     0.141377189     3.799624891     1.000000000
     0.141743931     3.799285512     1.000000000
     0.142110674     3.798946135     1.000000000
     0.142477417     3.798606762     1.000000000
     0.142844160     3.798267396     1.000000000
     0.143210902     3.797928036     1.000000000
     0.143577645     3.797588686     1.000000000
     0.143944388     3.797249347     1.000000000
     0.144311130     3.796910020     1.000000000
     0.144677873     3.796570707     1.000000000
     0.145044616     3.796231410     1.000000000
     0.145411359     3.795892130     1.000000000
     0.145778101     3.795552870     1.000000000
     0.146144844     3.795213630     1.000000000
     0.146511587     3.794874412     1.000000000
     0.146878329     3.794535218     1.000000000
     0.147245072     3.794196049     1.000000000
     0.147611815     3.793856907     1.000000000
     0.147978558     3.793517793     1.000000000
     0.148345300     3.793178710     1.000000000
     0.148712043     3.792839658     1.000000000
     0.149078786     3.792500639     1.000000000
     0.149445528     3.792161654     1.000000000
     0.149812271     3.791822706     1.000000000
     0.150179014     3.791483795     1.000000000
     0.150545757     3.791144923     1.000000000
     0.150912499     3.790806091     1.000000000
     0.151279242     3.790467302     1.000000000
     0.151645985     3.790128556     1.000000000
     0.152012727     3.789789854     1.000000000
     0.152379470     3.789451200     1.000000000
     0.152746213     3.789112592     1.000000000
     0.153112956     3.788774034     1.000000000
     0.153479698     3.788435527     1.000000000
     0.153846441     3.788097072     1.000000000
     0.154213184     3.787758670     1.000000000
     0.154579926     3.787420323     1.000000000
     0.154946669     3.787082033     1.000000000
     0.155313412     3.786743800     1.000000000
     0.155680155     3.786405627     1.000000000
     0.156046897     3.786067514     1.000000000
     0.156413640     3.785729463     1.000000000
     0.156780383     3.785391475     1.000000000
     0.157147125     3.785053553     1.000000000
     0.157513868     3.784715696     1.000000000
     0.157880611     3.784377907     1.000000000
     0.158247354     3.784040187     1.000000000
     0.158614096     3.783702538     1.000000000
     0.158980839     3.783364960     1.000000000
     0.159347582     3.783027455     1.000000000
     0.159714324     3.782690025     1.000000000
     0.160081067     3.782352671     1.000000000
     0.160447810     3.782015394     1.000000000
     0.160814553     3.781678196     1.000000000
     0.161181295     3.781341078     1.000000000
     0.161548038     3.781004041     1.000000000
     0.161914781     3.780667087     1.000000000
     0.162281523     3.780330218     1.000000000
     0.162648266     3.779993434     1.000000000
     0.163015009     3.779656738     1.000000000
     0.163381751     3.779320129     1.000000000
     0.163748494     3.778983611     1.000000000
     0.164115237     3.778647184     1.000000000
     0.164481980     3.778310850     1.000000000
     0.164848722     3.777974609     1.000000000
     0.165215465     3.777638465     1.000000000
     0.165582208     3.777302417     1.000000000
     0.165948950     3.776966467     1.000000000
     0.166315693     3.776630617     1.000000000
     0.166682436     3.776294869     1.000000000
     0.167049179     3.775959223     1.000000000
     0.167415921     3.775623681     1.000000000
     0.167782664     3.775288244     1.000000000
     0.168149407     3.774952914     1.000000000
     0.168516149     3.774617693     1.000000000
     0.168882892     3.774282582     1.000000000
     0.169249635     3.773947582     1.000000000
     0.169616378     3.773612694     1.000000000
     0.169983120     3.773277921     1.000000000
     0.170349863     3.772943264     1.000000000
     0.170716606     3.772608723     1.000000000
     0.171083348     3.772274302     1.000000000
     0.171450091     3.771940000     1.000000000
     0.171816834     3.771605821     1.000000000
     0.172183577     3.771271764     1.000000000
     0.172550319     3.770937832     1.000000000
  
     0.000000000     3.929933377     1.000000000
     0.000352217     3.930498344     1.000000000
     0.000704434     3.931063506     1.000000000
     0.001056651     3.931628855     1.000000000
     0.001408868     3.932194384     1.000000000
     0.001761085     3.932760084     1.000000000
     0.002113302     3.933325946     1.000000000
     0.002465519     3.933891964     1.000000000
     0.002817736     3.934458128     1.000000000
     0.003169953     3.935024430     1.000000000
     0.003522170     3.935590862     1.000000000
     0.003874386     3.936157414     1.000000000
     0.004226603     3.936724080     1.000000000
     0.004578820     3.937290849     1.000000000
     0.004931037     3.937857714     1.000000000
     0.005283254     3.938424666     1.000000000
     0.005635471     3.938991696     1.000000000
     0.005987688     3.939558795     1.000000000
     0.006339905     3.940125954     1.000000000
     0.006692122     3.940693165     1.000000000
     0.007044339     3.941260418     1.000000000
     0.007396556     3.941827705     1.000000000
     0.007748773     3.942395016     1.000000000
     0.008100990     3.942962342     1.000000000
     0.008453207     3.943529673     1.000000000
     0.008805424     3.944097001     1.000000000
     0.009157641     3.944664317     1.000000000
     0.009509858     3.945231609     1.000000000
     0.009862075     3.945798870     1.000000000
     0.010214292     3.946366089     1.000000000
     0.010566509     3.946933257     1.000000000
     0.010918726     3.947500364     1.000000000
     0.011270942     3.948067399     1.000000000
     0.011623159     3.948634354     1.000000000
     0.011975376     3.949201218     1.000000000
     0.012327593     3.949767981     1.000000000
     0.012679810     3.950334632     1.000000000
     0.013032027     3.950901162     1.000000000
     0.013384244     3.951467560     1.000000000
     0.013736461     3.952033815     1.000000000
     0.014088678     3.952599917     1.000000000
     0.014440895     3.953165855     1.000000000
     0.014793112     3.953731619     1.000000000
     0.015145329     3.954297197     1.000000000
     0.015497546     3.954862579     1.000000000
     0.015849763     3.955427753     1.000000000
     0.016201980     3.955992708     1.000000000
     0.016554197     3.956557433     1.000000000
     0.016906414     3.957121917     1.000000000
     0.017258631     3.957686147     1.000000000
     0.017610848     3.958250112     1.000000000
     0.017963065     3.958813800     1.000000000
     0.018315281     3.959377200     1.000000000
     0.018667498     3.959940298     1.000000000
     0.019019715     3.960503084     1.000000000
     0.019371932     3.961065544     1.000000000
     0.019724149     3.961627666     1.000000000
     0.020076366     3.962189437     1.000000000
     0.020428583     3.962750845     1.000000000
     0.020780800     3.963311876     1.000000000
     0.021133017     3.963872518     1.000000000
     0.021485234     3.964432756     1.000000000
     0.021837451     3.964992578     1.000000000
     0.022189668     3.965551970     1.000000000
     0.022541885     3.966110918     1.000000000
     0.022894102     3.966669408     1.000000000
     0.023246319     3.967227425     1.000000000
     0.023598536     3.967784956     1.000000000
     0.023950753     3.968341986     1.000000000
     0.024302970     3.968898499     1.000000000
     0.024655187     3.969454482     1.000000000
     0.025007404     3.970009918     1.000000000
     0.025359621     3.970564792     1.000000000
     0.025711837     3.971119088     1.000000000
     0.026064054     3.971672791     1.000000000
     0.026416271     3.972225883     1.000000000
     0.026768488     3.972778350     1.000000000
     0.027120705     3.973330173     1.000000000
     0.027472922     3.973881337     1.000000000
     0.027825139     3.974431823     1.000000000
     0.028177356     3.974981614     1.000000000
     0.028529573     3.975530692     1.000000000
     0.028881790     3.976079039     1.000000000
     0.029234007     3.976626636     1.000000000
     0.029586224     3.977173465     1.000000000
     0.029938441     3.977719506     1.000000000
     0.030290658     3.978264740     1.000000000
     0.030642875     3.978809147     1.000000000
     0.030995092     3.979352707     1.000000000
     0.031347309     3.979895398     1.000000000
     0.031699526     3.980437201     1.000000000
     0.032051743     3.980978092     1.000000000
     0.032403960     3.981518051     1.000000000
     0.032756177     3.982057055     1.000000000
     0.033108393     3.982595082     1.000000000
     0.033460610     3.983132107     1.000000000
     0.033812827     3.983668107     1.000000000
     0.034165044     3.984203058     1.000000000
     0.034517261     3.984736935     1.000000000
     0.034869478     3.985269712     1.000000000
     0.035221695     3.985801364     1.000000000
     0.035573912     3.986331864     1.000000000
     0.035926129     3.986861185     1.000000000
     0.036278346     3.987389299     1.000000000
     0.036630563     3.987916177     1.000000000
     0.036982780     3.988441791     1.000000000
     0.037334997     3.988966110     1.000000000
     0.037687214     3.989489105     1.000000000
     0.038039431     3.990010743     1.000000000
     0.038391648     3.990530993     1.000000000
     0.038743865     3.991049821     1.000000000
     0.039096082     3.991567195     1.000000000
     0.039448299     3.992083078     1.000000000
     0.039800516     3.992597437     1.000000000
     0.040152733     3.993110234     1.000000000
     0.040504949     3.993621432     1.000000000
     0.040857166     3.994130992     1.000000000
     0.041209383     3.994638875     1.000000000
     0.041561600     3.995145040     1.000000000
     0.041913817     3.995649445     1.000000000
     0.042266034     3.996152048     1.000000000
     0.042618251     3.996652805     1.000000000
     0.042970468     3.997151669     1.000000000
     0.043322685     3.997648594     1.000000000
     0.043674902     3.998143533     1.000000000
     0.044027119     3.998636435     1.000000000
     0.044379336     3.999127250     1.000000000
     0.044731553     3.999615924     1.000000000
     0.045083770     4.000102405     1.000000000
     0.045435987     4.000586636     1.000000000
     0.045788204     4.001068559     1.000000000
     0.046140421     4.001548116     1.000000000
     0.046492638     4.002025245     1.000000000
     0.046844855     4.002499884     1.000000000
     0.047197072     4.002971967     1.000000000
     0.047549289     4.003441428     1.000000000
     0.047901505     4.003908197     1.000000000
     0.048253722     4.004372204     1.000000000
     0.048605939     4.004833374     1.000000000
     0.048958156     4.005291632     1.000000000
     0.049310373     4.005746899     1.000000000
     0.049662590     4.006199095     1.000000000
     0.050014807     4.006648136     1.000000000
     0.050367024     4.007093937     1.000000000
     0.050719241     4.007536408     1.000000000
     0.051071458     4.007975458     1.000000000
     0.051423675     4.008410992     1.000000000
     0.051775892     4.008842913     1.000000000
     0.052128109     4.009271121     1.000000000
     0.052480326     4.009695510     1.000000000
     0.052832543     4.010115976     1.000000000
     0.053184760     4.010532406     1.000000000
     0.053536977     4.010944689     1.000000000
     0.053889194     4.011352705     1.000000000
     0.054241411     4.011756336     1.000000000
     0.054593628     4.012155456     1.000000000
     0.054945844     4.012549939     1.000000000
     0.055298061     4.012939652     1.000000000
     0.055650278     4.013324462     1.000000000
     0.056002495     4.013704228     1.000000000
     0.056354712     4.014078810     1.000000000
     0.056706929     4.014448060     1.000000000
     0.057059146     4.014811830     1.000000000
     0.057411363     4.015169966     1.000000000
     0.057763580     4.015522311     1.000000000
     0.058115797     4.015868707     1.000000000
     0.058468014     4.016208989     1.000000000
     0.058820231     4.016542992     1.000000000
     0.059172448     4.016870545     1.000000000
     0.059524665     4.017191478     1.000000000
     0.059876882     4.017505616     1.000000000
     0.060229099     4.017812782     1.000000000
     0.060581316     4.018112798     1.000000000
     0.060933533     4.018405484     1.000000000
     0.061285750     4.018690659     1.000000000
     0.061637967     4.018968142     1.000000000
     0.061990184     4.019237751     1.000000000
     0.062342400     4.019499304     1.000000000
     0.062694617     4.019752623     1.000000000
     0.063046834     4.019997527     1.000000000
     0.063399051     4.020233841     1.000000000
     0.063751268     4.020461392     1.000000000
     0.064103485     4.020680009     1.000000000
     0.064455702     4.020889528     1.000000000
     0.064807919     4.021089789     1.000000000
     0.065160136     4.021280638     1.000000000
     0.065512353     4.021461929     1.000000000
     0.065864570     4.021633522     1.000000000
     0.066216787     4.021795288     1.000000000
     0.066569004     4.021947104     1.000000000
     0.066921221     4.022088862     1.000000000
     0.067273438     4.022220460     1.000000000
     0.067625655     4.022341811     1.000000000
     0.067977872     4.022452841     1.000000000
     0.068330089     4.022553485     1.000000000
     0.068682306     4.022643697     1.000000000
     0.069034523     4.022723441     1.000000000
     0.069386740     4.022792697     1.000000000
     0.069738956     4.022851460     1.000000000
     0.070091173     4.022899740     1.000000000
     0.070443390     4.022937563     1.000000000
     0.070795607     4.022964967     1.000000000
     0.071147824     4.022982010     1.000000000
     0.071500041     4.022988760     1.000000000
     0.071852258     4.022985303     1.000000000
     0.072204475     4.022971738     1.000000000
     0.072556692     4.022948177     1.000000000
     0.072908909     4.022914748     1.000000000
     0.073261126     4.022871587     1.000000000
     0.073613343     4.022818847     1.000000000
     0.073965560     4.022756688     1.000000000
     0.074317777     4.022685282     1.000000000
     0.074669994     4.022604811     1.000000000
     0.075022211     4.022515465     1.000000000
     0.075374428     4.022417442     1.000000000
     0.075726645     4.022310947     1.000000000
     0.076078862     4.022196191     1.000000000
     0.076431079     4.022073389     1.000000000
     0.076783296     4.021942762     1.000000000
     0.077135512     4.021804534     1.000000000
     0.077487729     4.021658932     1.000000000
     0.077839946     4.021506184     1.000000000
     0.078192163     4.021346520     1.000000000
     0.078544380     4.021180171     1.000000000
     0.078896597     4.021007368     1.000000000
     0.079248814     4.020828340     1.000000000
     0.079601031     4.020643317     1.000000000
     0.079953248     4.020452526     1.000000000
     0.080305465     4.020256191     1.000000000
     0.080657682     4.020054538     1.000000000
     0.081009899     4.019847784     1.000000000
     0.081362116     4.019636149     1.000000000
     0.081714333     4.019419846     1.000000000
     0.082066550     4.019199085     1.000000000
     0.082418767     4.018974073     1.000000000
     0.082770984     4.018745014     1.000000000
     0.083123201     4.018512105     1.000000000
     0.083475418     4.018275543     1.000000000
     0.083827635     4.018035518     1.000000000
     0.084179851     4.017792217     1.000000000
     0.084532068     4.017545822     1.000000000
     0.084532068     3.975274627     1.000000000
     0.084898811     3.975499535     1.000000000
     0.085265554     3.975724317     1.000000000
     0.085632297     3.975948951     1.000000000
     0.085999039     3.976173410     1.000000000
     0.086365782     3.976397670     1.000000000
     0.086732525     3.976621707     1.000000000
     0.087099267     3.976845495     1.000000000
     0.087466010     3.977069012     1.000000000
     0.087832753     3.977292233     1.000000000
     0.088199496     3.977515134     1.000000000
     0.088566238     3.977737692     1.000000000
     0.088932981     3.977959884     1.000000000
     0.089299724     3.978181686     1.000000000
     0.089666466     3.978403077     1.000000000
     0.090033209     3.978624033     1.000000000
     0.090399952     3.978844532     1.000000000
     0.090766695     3.979064551     1.000000000
     0.091133437     3.979284070     1.000000000
     0.091500180     3.979503066     1.000000000
     0.091866923     3.979721517     1.000000000
     0.092233665     3.979939403     1.000000000
     0.092600408     3.980156702     1.000000000
     0.092967151     3.980373394     1.000000000
     0.093333894     3.980589457     1.000000000
     0.093700636     3.980804872     1.000000000
     0.094067379     3.981019619     1.000000000
     0.094434122     3.981233676     1.000000000
     0.094800864     3.981447026     1.000000000
     0.095167607     3.981659647     1.000000000
     0.095534350     3.981871522     1.000000000
     0.095901093     3.982082630     1.000000000
     0.096267835     3.982292953     1.000000000
     0.096634578     3.982502472     1.000000000
     0.097001321     3.982711170     1.000000000
     0.097368063     3.982919027     1.000000000
     0.097734806     3.983126027     1.000000000
     0.098101549     3.983332151     1.000000000
     0.098468291     3.983537381     1.000000000
     0.098835034     3.983741701     1.000000000
     0.099201777     3.983945094     1.000000000
     0.099568520     3.984147543     1.000000000
     0.099935262     3.984349031     1.000000000
     0.100302005     3.984549543     1.000000000
     0.100668748     3.984749061     1.000000000
     0.101035490     3.984947571     1.000000000
     0.101402233     3.985145057     1.000000000
     0.101768976     3.985341503     1.000000000
     0.102135719     3.985536894     1.000000000
     0.102502461     3.985731216     1.000000000
     0.102869204     3.985924454     1.000000000
     0.103235947     3.986116594     1.000000000
     0.103602689     3.986307621     1.000000000
     0.103969432     3.986497522     1.000000000
     0.104336175     3.986686283     1.000000000
     0.104702918     3.986873891     1.000000000
     0.105069660     3.987060332     1.000000000
     0.105436403     3.987245594     1.000000000
     0.105803146     3.987429664     1.000000000
     0.106169888     3.987612530     1.000000000
     0.106536631     3.987794179     1.000000000
     0.106903374     3.987974600     1.000000000
     0.107270117     3.988153782     1.000000000
     0.107636859     3.988331711     1.000000000
     0.108003602     3.988508379     1.000000000
     0.108370345     3.988683773     1.000000000
     0.108737087     3.988857883     1.000000000
     0.109103830     3.989030698     1.000000000
     0.109470573     3.989202209     1.000000000
     0.109837316     3.989372406     1.000000000
     0.110204058     3.989541278     1.000000000
     0.110570801     3.989708817     1.000000000
     0.110937544     3.989875013     1.000000000
     0.111304286     3.990039858     1.000000000
     0.111671029     3.990203342     1.000000000
     0.112037772     3.990365458     1.000000000
     0.112404515     3.990526197     1.000000000
     0.112771257     3.990685551     1.000000000
     0.113138000     3.990843512     1.000000000
     0.113504743     3.991000073     1.000000000
     0.113871485     3.991155227     1.000000000
     0.114238228     3.991308967     1.000000000
     0.114604971     3.991461286     1.000000000
     0.114971714     3.991612177     1.000000000
     0.115338456     3.991761635     1.000000000
     0.115705199     3.991909653     1.000000000
     0.116071942     3.992056224     1.000000000
     0.116438684     3.992201345     1.000000000
     0.116805427     3.992345009     1.000000000
     0.117172170     3.992487212     1.000000000
     0.117538913     3.992627947     1.000000000
     0.117905655     3.992767211     1.000000000
     0.118272398     3.992904999     1.000000000
     0.118639141     3.993041307     1.000000000
     0.119005883     3.993176131     1.000000000
     0.119372626     3.993309467     1.000000000
     0.119739369     3.993441311     1.000000000
     0.120106111     3.993571660     1.000000000
     0.120472854     3.993700510     1.000000000
     0.120839597     3.993827859     1.000000000
     0.121206340     3.993953704     1.000000000
     0.121573082     3.994078042     1.000000000
     0.121939825     3.994200871     1.000000000
     0.122306568     3.994322189     1.000000000
     0.122673310     3.994441993     1.000000000
     0.123040053     3.994560282     1.000000000
     0.123406796     3.994677053     1.000000000
     0.123773539     3.994792306     1.000000000
     0.124140281     3.994906040     1.000000000
     0.124507024     3.995018252     1.000000000
     0.124873767     3.995128942     1.000000000
     0.125240509     3.995238110     1.000000000
     0.125607252     3.995345755     1.000000000
     0.125973995     3.995451875     1.000000000
     0.126340738     3.995556472     1.000000000
     0.126707480     3.995659544     1.000000000
     0.127074223     3.995761092     1.000000000
     0.127440966     3.995861116     1.000000000
     0.127807708     3.995959617     1.000000000
     0.128174451     3.996056594     1.000000000
     0.128541194     3.996152048     1.000000000
     0.128907937     3.996245981     1.000000000
     0.129274679     3.996338392     1.000000000
     0.129641422     3.996429284     1.000000000
     0.130008165     3.996518656     1.000000000
     0.130374907     3.996606511     1.000000000
     0.130741650     3.996692850     1.000000000
     0.131108393     3.996777674     1.000000000
     0.131475136     3.996860984     1.000000000
     0.131841878     3.996942784     1.000000000
     0.132208621     3.997023074     1.000000000
     0.132575364     3.997101857     1.000000000
     0.132942106     3.997179134     1.000000000
     0.133308849     3.997254908     1.000000000
     0.133675592     3.997329181     1.000000000
     0.134042335     3.997401955     1.000000000
     0.134409077     3.997473233     1.000000000
     0.134775820     3.997543018     1.000000000
     0.135142563     3.997611312     1.000000000
     0.135509305     3.997678118     1.000000000
     0.135876048     3.997743438     1.000000000
     0.136242791     3.997807276     1.000000000
     0.136609534     3.997869635     1.000000000
     0.136976276     3.997930517     1.000000000
     0.137343019     3.997989926     1.000000000
     0.137709762     3.998047865     1.000000000
     0.138076504     3.998104337     1.000000000
     0.138443247     3.998159345     1.000000000
     0.138809990     3.998212894     1.000000000
     0.139176733     3.998264986     1.000000000
     0.139543475     3.998315624     1.000000000
     0.139910218     3.998364814     1.000000000
     0.140276961     3.998412557     1.000000000
     0.140643703     3.998458858     1.000000000
     0.141010446     3.998503721     1.000000000
     0.141377189     3.998547149     1.000000000
     0.141743931     3.998589146     1.000000000
     0.142110674     3.998629715     1.000000000
     0.142477417     3.998668862     1.000000000
     0.142844160     3.998706589     1.000000000
     0.143210902     3.998742901     1.000000000
     0.143577645     3.998777802     1.000000000
     0.143944388     3.998811295     1.000000000
     0.144311130     3.998843385     1.000000000
     0.144677873     3.998874076     1.000000000
     0.145044616     3.998903372     1.000000000
     0.145411359     3.998931277     1.000000000
     0.145778101     3.998957795     1.000000000
     0.146144844     3.998982930     1.000000000
     0.146511587     3.999006687     1.000000000
     0.146878329     3.999029070     1.000000000
     0.147245072     3.999050083     1.000000000
     0.147611815     3.999069731     1.000000000
     0.147978558     3.999088016     1.000000000
     0.148345300     3.999104945     1.000000000
     0.148712043     3.999120521     1.000000000
     0.149078786     3.999134748     1.000000000
     0.149445528     3.999147631     1.000000000
     0.149812271     3.999159173     1.000000000
     0.150179014     3.999169380     1.000000000
     0.150545757     3.999178256     1.000000000
     0.150912499     3.999185805     1.000000000
     0.151279242     3.999192030     1.000000000
     0.151645985     3.999196938     1.000000000
     0.152012727     3.999200531     1.000000000
     0.152379470     3.999202814     1.000000000
     0.152746213     3.999203792     1.000000000
     0.153112956     3.999203469     1.000000000
     0.153479698     3.999201848     1.000000000
     0.153846441     3.999198935     1.000000000
     0.154213184     3.999194734     1.000000000
     0.154579926     3.999189249     1.000000000
     0.154946669     3.999182484     1.000000000
     0.155313412     3.999174443     1.000000000
     0.155680155     3.999165131     1.000000000
     0.156046897     3.999154552     1.000000000
     0.156413640     3.999142711     1.000000000
     0.156780383     3.999129610     1.000000000
     0.157147125     3.999115256     1.000000000
     0.157513868     3.999099651     1.000000000
     0.157880611     3.999082800     1.000000000
     0.158247354     3.999064708     1.000000000
     0.158614096     3.999045378     1.000000000
     0.158980839     3.999024814     1.000000000
     0.159347582     3.999003021     1.000000000
     0.159714324     3.998980003     1.000000000
     0.160081067     3.998955763     1.000000000
     0.160447810     3.998930307     1.000000000
     0.160814553     3.998903637     1.000000000
     0.161181295     3.998875758     1.000000000
     0.161548038     3.998846675     1.000000000
     0.161914781     3.998816390     1.000000000
     0.162281523     3.998784908     1.000000000
     0.162648266     3.998752234     1.000000000
     0.163015009     3.998718370     1.000000000
     0.163381751     3.998683321     1.000000000
     0.163748494     3.998647091     1.000000000
     0.164115237     3.998609683     1.000000000
     0.164481980     3.998571102     1.000000000
     0.164848722     3.998531351     1.000000000
     0.165215465     3.998490435     1.000000000
     0.165582208     3.998448356     1.000000000
     0.165948950     3.998405119     1.000000000
     0.166315693     3.998360728     1.000000000
     0.166682436     3.998315186     1.000000000
     0.167049179     3.998268497     1.000000000
     0.167415921     3.998220665     1.000000000
     0.167782664     3.998171693     1.000000000
     0.168149407     3.998121585     1.000000000
     0.168516149     3.998070344     1.000000000
     0.168882892     3.998017975     1.000000000
     0.169249635     3.997964481     1.000000000
     0.169616378     3.997909865     1.000000000
     0.169983120     3.997854131     1.000000000
     0.170349863     3.997797283     1.000000000
     0.170716606     3.997739324     1.000000000
     0.171083348     3.997680257     1.000000000
     0.171450091     3.997620086     1.000000000
     0.171816834     3.997558814     1.000000000
     0.172183577     3.997496446     1.000000000
     0.172550319     3.997432983     1.000000000
  
     0.000000000     4.145716131     1.000000000
     0.000352217     4.145256176     1.000000000
     0.000704434     4.144796047     1.000000000
     0.001056651     4.144335747     1.000000000
     0.001408868     4.143875280     1.000000000
     0.001761085     4.143414648     1.000000000
     0.002113302     4.142953853     1.000000000
     0.002465519     4.142492900     1.000000000
     0.002817736     4.142031790     1.000000000
     0.003169953     4.141570527     1.000000000
     0.003522170     4.141109115     1.000000000
     0.003874386     4.140647556     1.000000000
     0.004226603     4.140185853     1.000000000
     0.004578820     4.139724011     1.000000000
     0.004931037     4.139262031     1.000000000
     0.005283254     4.138799919     1.000000000
     0.005635471     4.138337676     1.000000000
     0.005987688     4.137875307     1.000000000
     0.006339905     4.137412816     1.000000000
     0.006692122     4.136950205     1.000000000
     0.007044339     4.136487479     1.000000000
     0.007396556     4.136024642     1.000000000
     0.007748773     4.135561697     1.000000000
     0.008100990     4.135098648     1.000000000
     0.008453207     4.134635500     1.000000000
     0.008805424     4.134172256     1.000000000
     0.009157641     4.133708921     1.000000000
     0.009509858     4.133245499     1.000000000
     0.009862075     4.132781994     1.000000000
     0.010214292     4.132318411     1.000000000
     0.010566509     4.131854754     1.000000000
     0.010918726     4.131391028     1.000000000
     0.011270942     4.130927238     1.000000000
     0.011623159     4.130463388     1.000000000
     0.011975376     4.129999483     1.000000000
     0.012327593     4.129535528     1.000000000
     0.012679810     4.129071528     1.000000000
     0.013032027     4.128607489     1.000000000
     0.013384244     4.128143415     1.000000000
     0.013736461     4.127679313     1.000000000
     0.014088678     4.127215187     1.000000000
     0.014440895     4.126751043     1.000000000
     0.014793112     4.126286888     1.000000000
     0.015145329     4.125822726     1.000000000
     0.015497546     4.125358564     1.000000000
     0.015849763     4.124894407     1.000000000
     0.016201980     4.124430263     1.000000000
     0.016554197     4.123966137     1.000000000
     0.016906414     4.123502036     1.000000000
     0.017258631     4.123037967     1.000000000
     0.017610848     4.122573935     1.000000000
     0.017963065     4.122109949     1.000000000
     0.018315281     4.121646016     1.000000000
     0.018667498     4.121182141     1.000000000
     0.019019715     4.120718334     1.000000000
     0.019371932     4.120254600     1.000000000
     0.019724149     4.119790949     1.000000000
     0.020076366     4.119327388     1.000000000
     0.020428583     4.118863925     1.000000000
     0.020780800     4.118400567     1.000000000
     0.021133017     4.117937325     1.000000000
     0.021485234     4.117474205     1.000000000
     0.021837451     4.117011218     1.000000000
     0.022189668     4.116548371     1.000000000
     0.022541885     4.116085675     1.000000000
     0.022894102     4.115623137     1.000000000
     0.023246319     4.115160770     1.000000000
     0.023598536     4.114698581     1.000000000
     0.023950753     4.114236581     1.000000000
     0.024302970     4.113774780     1.000000000
     0.024655187     4.113313190     1.000000000
     0.025007404     4.112851820     1.000000000
     0.025359621     4.112390681     1.000000000
     0.025711837     4.111929786     1.000000000
     0.026064054     4.111469146     1.000000000
     0.026416271     4.111008772     1.000000000
     0.026768488     4.110548677     1.000000000
     0.027120705     4.110088874     1.000000000
     0.027472922     4.109629374     1.000000000
     0.027825139     4.109170191     1.000000000
     0.028177356     4.108711339     1.000000000
     0.028529573     4.108252831     1.000000000
     0.028881790     4.107794682     1.000000000
     0.029234007     4.107336905     1.000000000
     0.029586224     4.106879517     1.000000000
     0.029938441     4.106422531     1.000000000
     0.030290658     4.105965963     1.000000000
     0.030642875     4.105509831     1.000000000
     0.030995092     4.105054149     1.000000000
     0.031347309     4.104598935     1.000000000
     0.031699526     4.104144206     1.000000000
     0.032051743     4.103689981     1.000000000
     0.032403960     4.103236276     1.000000000
     0.032756177     4.102783112     1.000000000
     0.033108393     4.102330506     1.000000000
     0.033460610     4.101878480     1.000000000
     0.033812827     4.101427053     1.000000000
     0.034165044     4.100976247     1.000000000
     0.034517261     4.100526082     1.000000000
     0.034869478     4.100076580     1.000000000
     0.035221695     4.099627766     1.000000000
     0.035573912     4.099179661     1.000000000
     0.035926129     4.098732290     1.000000000
     0.036278346     4.098285677     1.000000000
     0.036630563     4.097839849     1.000000000
     0.036982780     4.097394830     1.000000000
     0.037334997     4.096950649     1.000000000
     0.037687214     4.096507332     1.000000000
     0.038039431     4.096064908     1.000000000
     0.038391648     4.095623407     1.000000000
     0.038743865     4.095182858     1.000000000
     0.039096082     4.094743293     1.000000000
     0.039448299     4.094304745     1.000000000
     0.039800516     4.093867245     1.000000000
     0.040152733     4.093430829     1.000000000
     0.040504949     4.092995530     1.000000000
     0.040857166     4.092561386     1.000000000
     0.041209383     4.092128434     1.000000000
     0.041561600     4.091696713     1.000000000
     0.041913817     4.091266261     1.000000000
     0.042266034     4.090837120     1.000000000
     0.042618251     4.090409333     1.000000000
     0.042970468     4.089982942     1.000000000
     0.043322685     4.089557993     1.000000000
     0.043674902     4.089134533     1.000000000
     0.044027119     4.088712608     1.000000000
     0.044379336     4.088292270     1.000000000
     0.044731553     4.087873568     1.000000000
     0.045083770     4.087456557     1.000000000
     0.045435987     4.087041289     1.000000000
     0.045788204     4.086627822     1.000000000
     0.046140421     4.086216214     1.000000000
     0.046492638     4.085806525     1.000000000
     0.046844855     4.085398817     1.000000000
     0.047197072     4.084993154     1.000000000
     0.047549289     4.084589602     1.000000000
     0.047901505     4.084188231     1.000000000
     0.048253722     4.083789111     1.000000000
     0.048605939     4.083392314     1.000000000
     0.048958156     4.082997918     1.000000000
     0.049310373     4.082605999     1.000000000
     0.049662590     4.082216639     1.000000000
     0.050014807     4.081829921     1.000000000
     0.050367024     4.081445931     1.000000000
     0.050719241     4.081064759     1.000000000
     0.051071458     4.080686496     1.000000000
     0.051423675     4.080311238     1.000000000
     0.051775892     4.079939082     1.000000000
     0.052128109     4.079570131     1.000000000
     0.052480326     4.079204488     1.000000000
     0.052832543     4.078842262     1.000000000
     0.053184760     4.078483564     1.000000000
     0.053536977     4.078128509     1.000000000
     0.053889194     4.077777216     1.000000000
     0.054241411     4.077429807     1.000000000
     0.054593628     4.077086407     1.000000000
     0.054945844     4.076747146     1.000000000
     0.055298061     4.076412157     1.000000000
     0.055650278     4.076081578     1.000000000
     0.056002495     4.075755549     1.000000000
     0.056354712     4.075434215     1.000000000
     0.056706929     4.075117724     1.000000000
     0.057059146     4.074806229     1.000000000
     0.057411363     4.074499885     1.000000000
     0.057763580     4.074198853     1.000000000
     0.058115797     4.073903295     1.000000000
     0.058468014     4.073613377     1.000000000
     0.058820231     4.073329270     1.000000000
     0.059172448     4.073051145     1.000000000
     0.059524665     4.072779180     1.000000000
     0.059876882     4.072513552     1.000000000
     0.060229099     4.072254442     1.000000000
     0.060581316     4.072002033     1.000000000
     0.060933533     4.071756508     1.000000000
     0.061285750     4.071518054     1.000000000
     0.061637967     4.071286856     1.000000000
     0.061990184     4.071063102     1.000000000
     0.062342400     4.070846977     1.000000000
     0.062694617     4.070638667     1.000000000
     0.063046834     4.070438357     1.000000000
     0.063399051     4.070246229     1.000000000
     0.063751268     4.070062461     1.000000000
     0.064103485     4.069887229     1.000000000
     0.064455702     4.069720706     1.000000000
     0.064807919     4.069563057     1.000000000
     0.065160136     4.069414442     1.000000000
     0.065512353     4.069275015     1.000000000
     0.065864570     4.069144923     1.000000000
     0.066216787     4.069024303     1.000000000
     0.066569004     4.068913284     1.000000000
     0.066921221     4.068811983     1.000000000
     0.067273438     4.068720509     1.000000000
     0.067625655     4.068638958     1.000000000
     0.067977872     4.068567413     1.000000000
     0.068330089     4.068505946     1.000000000
     0.068682306     4.068454614     1.000000000
     0.069034523     4.068413460     1.000000000
     0.069386740     4.068382514     1.000000000
     0.069738956     4.068361791     1.000000000
     0.070091173     4.068351291     1.000000000
     0.070443390     4.068350999     1.000000000
     0.070795607     4.068360884     1.000000000
     0.071147824     4.068380903     1.000000000
     0.071500041     4.068410995     1.000000000
     0.071852258     4.068451087     1.000000000
     0.072204475     4.068501091     1.000000000
     0.072556692     4.068560906     1.000000000
     0.072908909     4.068630418     1.000000000
     0.073261126     4.068709499     1.000000000
     0.073613343     4.068798013     1.000000000
     0.073965560     4.068895809     1.000000000
     0.074317777     4.069002730     1.000000000
     0.074669994     4.069118606     1.000000000
     0.075022211     4.069243261     1.000000000
     0.075374428     4.069376511     1.000000000
     0.075726645     4.069518164     1.000000000
     0.076078862     4.069668025     1.000000000
     0.076431079     4.069825892     1.000000000
     0.076783296     4.069991559     1.000000000
     0.077135512     4.070164817     1.000000000
     0.077487729     4.070345456     1.000000000
     0.077839946     4.070533262     1.000000000
     0.078192163     4.070728021     1.000000000
     0.078544380     4.070929519     1.000000000
     0.078896597     4.071137541     1.000000000
     0.079248814     4.071351876     1.000000000
     0.079601031     4.071572311     1.000000000
     0.079953248     4.071798635     1.000000000
     0.080305465     4.072030642     1.000000000
     0.080657682     4.072268127     1.000000000
     0.081009899     4.072510887     1.000000000
     0.081362116     4.072758724     1.000000000
     0.081714333     4.073011443     1.000000000
     0.082066550     4.073268853     1.000000000
     0.082418767     4.073530766     1.000000000
     0.082770984     4.073797000     1.000000000
     0.083123201     4.074067375     1.000000000
     0.083475418     4.074341718     1.000000000
     0.083827635     4.074619857     1.000000000
     0.084179851     4.074901629     1.000000000
     0.084532068     4.075186871     1.000000000
     0.084532068     4.062615185     1.000000000
     0.084898811     4.062751805     1.000000000
     0.085265554     4.062889869     1.000000000
     0.085632297     4.063029387     1.000000000
     0.085999039     4.063170365     1.000000000
     0.086365782     4.063312810     1.000000000
     0.086732525     4.063456730     1.000000000
     0.087099267     4.063602132     1.000000000
     0.087466010     4.063749023     1.000000000
     0.087832753     4.063897411     1.000000000
     0.088199496     4.064047302     1.000000000
     0.088566238     4.064198704     1.000000000
     0.088932981     4.064351625     1.000000000
     0.089299724     4.064506070     1.000000000
     0.089666466     4.064662047     1.000000000
     0.090033209     4.064819564     1.000000000
     0.090399952     4.064978627     1.000000000
     0.090766695     4.065139244     1.000000000
     0.091133437     4.065301421     1.000000000
     0.091500180     4.065465165     1.000000000
     0.091866923     4.065630483     1.000000000
     0.092233665     4.065797382     1.000000000
     0.092600408     4.065965869     1.000000000
     0.092967151     4.066135951     1.000000000
     0.093333894     4.066307633     1.000000000
     0.093700636     4.066480923     1.000000000
     0.094067379     4.066655828     1.000000000
     0.094434122     4.066832353     1.000000000
     0.094800864     4.067010505     1.000000000
     0.095167607     4.067190291     1.000000000
     0.095534350     4.067371716     1.000000000
     0.095901093     4.067554787     1.000000000
     0.096267835     4.067739510     1.000000000
     0.096634578     4.067925891     1.000000000
     0.097001321     4.068113935     1.000000000
     0.097368063     4.068303649     1.000000000
     0.097734806     4.068495039     1.000000000
     0.098101549     4.068688109     1.000000000
     0.098468291     4.068882866     1.000000000
     0.098835034     4.069079314     1.000000000
     0.099201777     4.069277460     1.000000000
     0.099568520     4.069477308     1.000000000
     0.099935262     4.069678863     1.000000000
     0.100302005     4.069882131     1.000000000
     0.100668748     4.070087116     1.000000000
     0.101035490     4.070293823     1.000000000
     0.101402233     4.070502256     1.000000000
     0.101768976     4.070712421     1.000000000
     0.102135719     4.070924320     1.000000000
     0.102502461     4.071137960     1.000000000
     0.102869204     4.071353343     1.000000000
     0.103235947     4.071570473     1.000000000
     0.103602689     4.071789355     1.000000000
     0.103969432     4.072009992     1.000000000
     0.104336175     4.072232388     1.000000000
     0.104702918     4.072456545     1.000000000
     0.105069660     4.072682468     1.000000000
     0.105436403     4.072910159     1.000000000
     0.105803146     4.073139621     1.000000000
     0.106169888     4.073370857     1.000000000
     0.106536631     4.073603869     1.000000000
     0.106903374     4.073838661     1.000000000
     0.107270117     4.074075234     1.000000000
     0.107636859     4.074313590     1.000000000
     0.108003602     4.074553732     1.000000000
     0.108370345     4.074795661     1.000000000
     0.108737087     4.075039379     1.000000000
     0.109103830     4.075284888     1.000000000
     0.109470573     4.075532188     1.000000000
     0.109837316     4.075781281     1.000000000
     0.110204058     4.076032169     1.000000000
     0.110570801     4.076284851     1.000000000
     0.110937544     4.076539328     1.000000000
     0.111304286     4.076795602     1.000000000
     0.111671029     4.077053671     1.000000000
     0.112037772     4.077313537     1.000000000
     0.112404515     4.077575200     1.000000000
     0.112771257     4.077838659     1.000000000
     0.113138000     4.078103913     1.000000000
     0.113504743     4.078370963     1.000000000
     0.113871485     4.078639808     1.000000000
     0.114238228     4.078910446     1.000000000
     0.114604971     4.079182877     1.000000000
     0.114971714     4.079457100     1.000000000
     0.115338456     4.079733113     1.000000000
     0.115705199     4.080010914     1.000000000
     0.116071942     4.080290503     1.000000000
     0.116438684     4.080571876     1.000000000
     0.116805427     4.080855033     1.000000000
     0.117172170     4.081139970     1.000000000
     0.117538913     4.081426686     1.000000000
     0.117905655     4.081715178     1.000000000
     0.118272398     4.082005443     1.000000000
     0.118639141     4.082297478     1.000000000
     0.119005883     4.082591281     1.000000000
     0.119372626     4.082886847     1.000000000
     0.119739369     4.083184175     1.000000000
     0.120106111     4.083483260     1.000000000
     0.120472854     4.083784099     1.000000000
     0.120839597     4.084086688     1.000000000
     0.121206340     4.084391024     1.000000000
     0.121573082     4.084697101     1.000000000
     0.121939825     4.085004915     1.000000000
     0.122306568     4.085314464     1.000000000
     0.122673310     4.085625741     1.000000000
     0.123040053     4.085938742     1.000000000
     0.123406796     4.086253463     1.000000000
     0.123773539     4.086569899     1.000000000
     0.124140281     4.086888044     1.000000000
     0.124507024     4.087207894     1.000000000
     0.124873767     4.087529442     1.000000000
     0.125240509     4.087852684     1.000000000
     0.125607252     4.088177614     1.000000000
     0.125973995     4.088504227     1.000000000
     0.126340738     4.088832516     1.000000000
     0.126707480     4.089162476     1.000000000
     0.127074223     4.089494100     1.000000000
     0.127440966     4.089827383     1.000000000
     0.127807708     4.090162318     1.000000000
     0.128174451     4.090498900     1.000000000
     0.128541194     4.090837120     1.000000000
     0.128907937     4.091176974     1.000000000
     0.129274679     4.091518453     1.000000000
     0.129641422     4.091861553     1.000000000
     0.130008165     4.092206264     1.000000000
     0.130374907     4.092552582     1.000000000
     0.130741650     4.092900498     1.000000000
     0.131108393     4.093250006     1.000000000
     0.131475136     4.093601098     1.000000000
     0.131841878     4.093953768     1.000000000
     0.132208621     4.094308007     1.000000000
     0.132575364     4.094663808     1.000000000
     0.132942106     4.095021164     1.000000000
     0.133308849     4.095380068     1.000000000
     0.133675592     4.095740511     1.000000000
     0.134042335     4.096102486     1.000000000
     0.134409077     4.096465985     1.000000000
     0.134775820     4.096831001     1.000000000
     0.135142563     4.097197525     1.000000000
     0.135509305     4.097565549     1.000000000
     0.135876048     4.097935066     1.000000000
     0.136242791     4.098306068     1.000000000
     0.136609534     4.098678546     1.000000000
     0.136976276     4.099052492     1.000000000
     0.137343019     4.099427898     1.000000000
     0.137709762     4.099804755     1.000000000
     0.138076504     4.100183057     1.000000000
     0.138443247     4.100562794     1.000000000
     0.138809990     4.100943957     1.000000000
     0.139176733     4.101326539     1.000000000
     0.139543475     4.101710531     1.000000000
     0.139910218     4.102095925     1.000000000
     0.140276961     4.102482712     1.000000000
     0.140643703     4.102870884     1.000000000
     0.141010446     4.103260432     1.000000000
     0.141377189     4.103651348     1.000000000
     0.141743931     4.104043623     1.000000000
     0.142110674     4.104437249     1.000000000
     0.142477417     4.104832217     1.000000000
     0.142844160     4.105228518     1.000000000
     0.143210902     4.105626144     1.000000000
     0.143577645     4.106025086     1.000000000
     0.143944388     4.106425336     1.000000000
     0.144311130     4.106826884     1.000000000
     0.144677873     4.107229723     1.000000000
     0.145044616     4.107633844     1.000000000
     0.145411359     4.108039238     1.000000000
     0.145778101     4.108445896     1.000000000
     0.146144844     4.108853809     1.000000000
     0.146511587     4.109262970     1.000000000
     0.146878329     4.109673369     1.000000000
     0.147245072     4.110084999     1.000000000
     0.147611815     4.110497849     1.000000000
     0.147978558     4.110911912     1.000000000
     0.148345300     4.111327178     1.000000000
     0.148712043     4.111743640     1.000000000
     0.149078786     4.112161289     1.000000000
     0.149445528     4.112580116     1.000000000
     0.149812271     4.113000112     1.000000000
     0.150179014     4.113421270     1.000000000
     0.150545757     4.113843580     1.000000000
     0.150912499     4.114267033     1.000000000
     0.151279242     4.114691622     1.000000000
     0.151645985     4.115117338     1.000000000
     0.152012727     4.115544173     1.000000000
     0.152379470     4.115972117     1.000000000
     0.152746213     4.116401163     1.000000000
     0.153112956     4.116831302     1.000000000
     0.153479698     4.117262525     1.000000000
     0.153846441     4.117694825     1.000000000
     0.154213184     4.118128193     1.000000000
     0.154579926     4.118562620     1.000000000
     0.154946669     4.118998098     1.000000000
     0.155313412     4.119434620     1.000000000
     0.155680155     4.119872176     1.000000000
     0.156046897     4.120310758     1.000000000
     0.156413640     4.120750359     1.000000000
     0.156780383     4.121190970     1.000000000
     0.157147125     4.121632582     1.000000000
     0.157513868     4.122075189     1.000000000
     0.157880611     4.122518780     1.000000000
     0.158247354     4.122963350     1.000000000
     0.158614096     4.123408889     1.000000000
     0.158980839     4.123855389     1.000000000
     0.159347582     4.124302843     1.000000000
     0.159714324     4.124751242     1.000000000
     0.160081067     4.125200579     1.000000000
     0.160447810     4.125650845     1.000000000
     0.160814553     4.126102033     1.000000000
     0.161181295     4.126554135     1.000000000
     0.161548038     4.127007143     1.000000000
     0.161914781     4.127461049     1.000000000
     0.162281523     4.127915846     1.000000000
     0.162648266     4.128371525     1.000000000
     0.163015009     4.128828079     1.000000000
     0.163381751     4.129285501     1.000000000
     0.163748494     4.129743782     1.000000000
     0.164115237     4.130202915     1.000000000
     0.164481980     4.130662893     1.000000000
     0.164848722     4.131123708     1.000000000
     0.165215465     4.131585352     1.000000000
     0.165582208     4.132047818     1.000000000
     0.165948950     4.132511098     1.000000000
     0.166315693     4.132975185     1.000000000
     0.166682436     4.133440072     1.000000000
     0.167049179     4.133905752     1.000000000
     0.167415921     4.134372215     1.000000000
     0.167782664     4.134839457     1.000000000
     0.168149407     4.135307469     1.000000000
     0.168516149     4.135776243     1.000000000
     0.168882892     4.136245774     1.000000000
     0.169249635     4.136716053     1.000000000
     0.169616378     4.137187073     1.000000000
     0.169983120     4.137658828     1.000000000
     0.170349863     4.138131310     1.000000000
     0.170716606     4.138604512     1.000000000
     0.171083348     4.139078427     1.000000000
     0.171450091     4.139553047     1.000000000
     0.171816834     4.140028367     1.000000000
     0.172183577     4.140504379     1.000000000
     0.172550319     4.140981076     1.000000000
  
     0.000000000     4.400088875     1.000000000
     0.000352217     4.400336613     1.000000000
     0.000704434     4.400584989     1.000000000
     0.001056651     4.400834006     1.000000000
     0.001408868     4.401083667     1.000000000
     0.001761085     4.401333974     1.000000000
     0.002113302     4.401584930     1.000000000
     0.002465519     4.401836539     1.000000000
     0.002817736     4.402088803     1.000000000
     0.003169953     4.402341725     1.000000000
     0.003522170     4.402595308     1.000000000
     0.003874386     4.402849555     1.000000000
     0.004226603     4.403104470     1.000000000
     0.004578820     4.403360055     1.000000000
     0.004931037     4.403616314     1.000000000
     0.005283254     4.403873250     1.000000000
     0.005635471     4.404130865     1.000000000
     0.005987688     4.404389164     1.000000000
     0.006339905     4.404648149     1.000000000
     0.006692122     4.404907823     1.000000000
     0.007044339     4.405168191     1.000000000
     0.007396556     4.405429255     1.000000000
     0.007748773     4.405691019     1.000000000
     0.008100990     4.405953485     1.000000000
     0.008453207     4.406216659     1.000000000
     0.008805424     4.406480542     1.000000000
     0.009157641     4.406745139     1.000000000
     0.009509858     4.407010454     1.000000000
     0.009862075     4.407276488     1.000000000
     0.010214292     4.407543247     1.000000000
     0.010566509     4.407810734     1.000000000
     0.010918726     4.408078953     1.000000000
     0.011270942     4.408347906     1.000000000
     0.011623159     4.408617599     1.000000000
     0.011975376     4.408888034     1.000000000
     0.012327593     4.409159215     1.000000000
     0.012679810     4.409431147     1.000000000
     0.013032027     4.409703833     1.000000000
     0.013384244     4.409977277     1.000000000
     0.013736461     4.410251482     1.000000000
     0.014088678     4.410526453     1.000000000
     0.014440895     4.410802194     1.000000000
     0.014793112     4.411078708     1.000000000
     0.015145329     4.411356000     1.000000000
     0.015497546     4.411634073     1.000000000
     0.015849763     4.411912933     1.000000000
     0.016201980     4.412192581     1.000000000
     0.016554197     4.412473024     1.000000000
     0.016906414     4.412754265     1.000000000
     0.017258631     4.413036308     1.000000000
     0.017610848     4.413319157     1.000000000
     0.017963065     4.413602817     1.000000000
     0.018315281     4.413887292     1.000000000
     0.018667498     4.414172586     1.000000000
     0.019019715     4.414458703     1.000000000
     0.019371932     4.414745648     1.000000000
     0.019724149     4.415033425     1.000000000
     0.020076366     4.415322039     1.000000000
     0.020428583     4.415611493     1.000000000
     0.020780800     4.415901793     1.000000000
     0.021133017     4.416192942     1.000000000
     0.021485234     4.416484946     1.000000000
     0.021837451     4.416777808     1.000000000
     0.022189668     4.417071534     1.000000000
     0.022541885     4.417366128     1.000000000
     0.022894102     4.417661594     1.000000000
     0.023246319     4.417957938     1.000000000
     0.023598536     4.418255163     1.000000000
     0.023950753     4.418553274     1.000000000
     0.024302970     4.418852276     1.000000000
     0.024655187     4.419152174     1.000000000
     0.025007404     4.419452973     1.000000000
     0.025359621     4.419754677     1.000000000
     0.025711837     4.420057291     1.000000000
     0.026064054     4.420360820     1.000000000
     0.026416271     4.420665268     1.000000000
     0.026768488     4.420970642     1.000000000
     0.027120705     4.421276944     1.000000000
     0.027472922     4.421584181     1.000000000
     0.027825139     4.421892357     1.000000000
     0.028177356     4.422201477     1.000000000
     0.028529573     4.422511546     1.000000000
     0.028881790     4.422822570     1.000000000
     0.029234007     4.423134552     1.000000000
     0.029586224     4.423447499     1.000000000
     0.029938441     4.423761414     1.000000000
     0.030290658     4.424076304     1.000000000
     0.030642875     4.424392174     1.000000000
     0.030995092     4.424709028     1.000000000
     0.031347309     4.425026871     1.000000000
     0.031699526     4.425345709     1.000000000
     0.032051743     4.425665547     1.000000000
     0.032403960     4.425986390     1.000000000
     0.032756177     4.426308244     1.000000000
     0.033108393     4.426631113     1.000000000
     0.033460610     4.426955002     1.000000000
     0.033812827     4.427279918     1.000000000
     0.034165044     4.427605865     1.000000000
     0.034517261     4.427932849     1.000000000
     0.034869478     4.428260874     1.000000000
     0.035221695     4.428589947     1.000000000
     0.035573912     4.428920072     1.000000000
     0.035926129     4.429251256     1.000000000
     0.036278346     4.429583502     1.000000000
     0.036630563     4.429916818     1.000000000
     0.036982780     4.430251207     1.000000000
     0.037334997     4.430586676     1.000000000
     0.037687214     4.430923230     1.000000000
     0.038039431     4.431260874     1.000000000
     0.038391648     4.431599615     1.000000000
     0.038743865     4.431939457     1.000000000
     0.039096082     4.432280405     1.000000000
     0.039448299     4.432622466     1.000000000
     0.039800516     4.432965645     1.000000000
     0.040152733     4.433309948     1.000000000
     0.040504949     4.433655380     1.000000000
     0.040857166     4.434001946     1.000000000
     0.041209383     4.434349652     1.000000000
     0.041561600     4.434698504     1.000000000
     0.041913817     4.435048507     1.000000000
     0.042266034     4.435399668     1.000000000
     0.042618251     4.435751990     1.000000000
     0.042970468     4.436105481     1.000000000
     0.043322685     4.436460146     1.000000000
     0.043674902     4.436815990     1.000000000
     0.044027119     4.437173020     1.000000000
     0.044379336     4.437531240     1.000000000
     0.044731553     4.437890656     1.000000000
     0.045083770     4.438251275     1.000000000
     0.045435987     4.438613101     1.000000000
     0.045788204     4.438976141     1.000000000
     0.046140421     4.439340400     1.000000000
     0.046492638     4.439705884     1.000000000
     0.046844855     4.440072598     1.000000000
     0.047197072     4.440440549     1.000000000
     0.047549289     4.440809742     1.000000000
     0.047901505     4.441180182     1.000000000
     0.048253722     4.441551876     1.000000000
     0.048605939     4.441924830     1.000000000
     0.048958156     4.442299048     1.000000000
     0.049310373     4.442674536     1.000000000
     0.049662590     4.443051302     1.000000000
     0.050014807     4.443429349     1.000000000
     0.050367024     4.443808684     1.000000000
     0.050719241     4.444189313     1.000000000
     0.051071458     4.444571241     1.000000000
     0.051423675     4.444954474     1.000000000
     0.051775892     4.445339018     1.000000000
     0.052128109     4.445724879     1.000000000
     0.052480326     4.446112062     1.000000000
     0.052832543     4.446500573     1.000000000
     0.053184760     4.446890418     1.000000000
     0.053536977     4.447281602     1.000000000
     0.053889194     4.447674132     1.000000000
     0.054241411     4.448068013     1.000000000
     0.054593628     4.448463251     1.000000000
     0.054945844     4.448859851     1.000000000
     0.055298061     4.449257819     1.000000000
     0.055650278     4.449657161     1.000000000
     0.056002495     4.450057883     1.000000000
     0.056354712     4.450459990     1.000000000
     0.056706929     4.450863488     1.000000000
     0.057059146     4.451268383     1.000000000
     0.057411363     4.451674681     1.000000000
     0.057763580     4.452082386     1.000000000
     0.058115797     4.452491505     1.000000000
     0.058468014     4.452902044     1.000000000
     0.058820231     4.453314007     1.000000000
     0.059172448     4.453727401     1.000000000
     0.059524665     4.454142232     1.000000000
     0.059876882     4.454558505     1.000000000
     0.060229099     4.454976225     1.000000000
     0.060581316     4.455395398     1.000000000
     0.060933533     4.455816030     1.000000000
     0.061285750     4.456238126     1.000000000
     0.061637967     4.456661692     1.000000000
     0.061990184     4.457086734     1.000000000
     0.062342400     4.457513257     1.000000000
     0.062694617     4.457941266     1.000000000
     0.063046834     4.458370767     1.000000000
     0.063399051     4.458801765     1.000000000
     0.063751268     4.459234266     1.000000000
     0.064103485     4.459668276     1.000000000
     0.064455702     4.460103800     1.000000000
     0.064807919     4.460540842     1.000000000
     0.065160136     4.460979410     1.000000000
     0.065512353     4.461419507     1.000000000
     0.065864570     4.461861140     1.000000000
     0.066216787     4.462304314     1.000000000
     0.066569004     4.462749034     1.000000000
     0.066921221     4.463195305     1.000000000
     0.067273438     4.463643133     1.000000000
     0.067625655     4.464092523     1.000000000
     0.067977872     4.464543480     1.000000000
     0.068330089     4.464996009     1.000000000
     0.068682306     4.465450116     1.000000000
     0.069034523     4.465905806     1.000000000
     0.069386740     4.466363083     1.000000000
     0.069738956     4.466821954     1.000000000
     0.070091173     4.467282423     1.000000000
     0.070443390     4.467744495     1.000000000
     0.070795607     4.468208176     1.000000000
     0.071147824     4.468673470     1.000000000
     0.071500041     4.469140382     1.000000000
     0.071852258     4.469608918     1.000000000
     0.072204475     4.470079081     1.000000000
     0.072556692     4.470550878     1.000000000
     0.072908909     4.471024313     1.000000000
     0.073261126     4.471499391     1.000000000
     0.073613343     4.471976117     1.000000000
     0.073965560     4.472454496     1.000000000
     0.074317777     4.472934531     1.000000000
     0.074669994     4.473416229     1.000000000
     0.075022211     4.473899594     1.000000000
     0.075374428     4.474384630     1.000000000
     0.075726645     4.474871342     1.000000000
     0.076078862     4.475359735     1.000000000
     0.076431079     4.475849813     1.000000000
     0.076783296     4.476341582     1.000000000
     0.077135512     4.476835044     1.000000000
     0.077487729     4.477330206     1.000000000
     0.077839946     4.477827070     1.000000000
     0.078192163     4.478325643     1.000000000
     0.078544380     4.478825927     1.000000000
     0.078896597     4.479327928     1.000000000
     0.079248814     4.479831650     1.000000000
     0.079601031     4.480337097     1.000000000
     0.079953248     4.480844273     1.000000000
     0.080305465     4.481353182     1.000000000
     0.080657682     4.481863829     1.000000000
     0.081009899     4.482376218     1.000000000
     0.081362116     4.482890353     1.000000000
     0.081714333     4.483406237     1.000000000
     0.082066550     4.483923875     1.000000000
     0.082418767     4.484443271     1.000000000
     0.082770984     4.484964428     1.000000000
     0.083123201     4.485487351     1.000000000
     0.083475418     4.486012043     1.000000000
     0.083827635     4.486538509     1.000000000
     0.084179851     4.487066751     1.000000000
     0.084532068     4.487596774     1.000000000
     0.084532068     4.409825212     1.000000000
     0.084898811     4.409971829     1.000000000
     0.085265554     4.410119607     1.000000000
     0.085632297     4.410268545     1.000000000
     0.085999039     4.410418642     1.000000000
     0.086365782     4.410569897     1.000000000
     0.086732525     4.410722310     1.000000000
     0.087099267     4.410875879     1.000000000
     0.087466010     4.411030604     1.000000000
     0.087832753     4.411186484     1.000000000
     0.088199496     4.411343519     1.000000000
     0.088566238     4.411501706     1.000000000
     0.088932981     4.411661047     1.000000000
     0.089299724     4.411821539     1.000000000
     0.089666466     4.411983182     1.000000000
     0.090033209     4.412145974     1.000000000
     0.090399952     4.412309916     1.000000000
     0.090766695     4.412475006     1.000000000
     0.091133437     4.412641243     1.000000000
     0.091500180     4.412808627     1.000000000
     0.091866923     4.412977156     1.000000000
     0.092233665     4.413146829     1.000000000
     0.092600408     4.413317646     1.000000000
     0.092967151     4.413489605     1.000000000
     0.093333894     4.413662706     1.000000000
     0.093700636     4.413836947     1.000000000
     0.094067379     4.414012328     1.000000000
     0.094434122     4.414188847     1.000000000
     0.094800864     4.414366504     1.000000000
     0.095167607     4.414545298     1.000000000
     0.095534350     4.414725226     1.000000000
     0.095901093     4.414906289     1.000000000
     0.096267835     4.415088486     1.000000000
     0.096634578     4.415271814     1.000000000
     0.097001321     4.415456274     1.000000000
     0.097368063     4.415641864     1.000000000
     0.097734806     4.415828582     1.000000000
     0.098101549     4.416016429     1.000000000
     0.098468291     4.416205402     1.000000000
     0.098835034     4.416395500     1.000000000
     0.099201777     4.416586723     1.000000000
     0.099568520     4.416779069     1.000000000
     0.099935262     4.416972537     1.000000000
     0.100302005     4.417167125     1.000000000
     0.100668748     4.417362833     1.000000000
     0.101035490     4.417559659     1.000000000
     0.101402233     4.417757603     1.000000000
     0.101768976     4.417956662     1.000000000
     0.102135719     4.418156836     1.000000000
     0.102502461     4.418358122     1.000000000
     0.102869204     4.418560521     1.000000000
     0.103235947     4.418764031     1.000000000
     0.103602689     4.418968650     1.000000000
     0.103969432     4.419174376     1.000000000
     0.104336175     4.419381210     1.000000000
     0.104702918     4.419589149     1.000000000
     0.105069660     4.419798191     1.000000000
     0.105436403     4.420008336     1.000000000
     0.105803146     4.420219583     1.000000000
     0.106169888     4.420431929     1.000000000
     0.106536631     4.420645373     1.000000000
     0.106903374     4.420859914     1.000000000
     0.107270117     4.421075551     1.000000000
     0.107636859     4.421292282     1.000000000
     0.108003602     4.421510105     1.000000000
     0.108370345     4.421729019     1.000000000
     0.108737087     4.421949022     1.000000000
     0.109103830     4.422170113     1.000000000
     0.109470573     4.422392291     1.000000000
     0.109837316     4.422615554     1.000000000
     0.110204058     4.422839900     1.000000000
     0.110570801     4.423065328     1.000000000
     0.110937544     4.423291836     1.000000000
     0.111304286     4.423519422     1.000000000
     0.111671029     4.423748085     1.000000000
     0.112037772     4.423977824     1.000000000
     0.112404515     4.424208636     1.000000000
     0.112771257     4.424440520     1.000000000
     0.113138000     4.424673475     1.000000000
     0.113504743     4.424907498     1.000000000
     0.113871485     4.425142588     1.000000000
     0.114238228     4.425378743     1.000000000
     0.114604971     4.425615962     1.000000000
     0.114971714     4.425854242     1.000000000
     0.115338456     4.426093582     1.000000000
     0.115705199     4.426333981     1.000000000
     0.116071942     4.426575436     1.000000000
     0.116438684     4.426817945     1.000000000
     0.116805427     4.427061507     1.000000000
     0.117172170     4.427306120     1.000000000
     0.117538913     4.427551782     1.000000000
     0.117905655     4.427798491     1.000000000
     0.118272398     4.428046246     1.000000000
     0.118639141     4.428295044     1.000000000
     0.119005883     4.428544883     1.000000000
     0.119372626     4.428795762     1.000000000
     0.119739369     4.429047679     1.000000000
     0.120106111     4.429300631     1.000000000
     0.120472854     4.429554617     1.000000000
     0.120839597     4.429809635     1.000000000
     0.121206340     4.430065683     1.000000000
     0.121573082     4.430322758     1.000000000
     0.121939825     4.430580859     1.000000000
     0.122306568     4.430839984     1.000000000
     0.122673310     4.431100130     1.000000000
     0.123040053     4.431361296     1.000000000
     0.123406796     4.431623479     1.000000000
     0.123773539     4.431886677     1.000000000
     0.124140281     4.432150889     1.000000000
     0.124507024     4.432416112     1.000000000
     0.124873767     4.432682343     1.000000000
     0.125240509     4.432949582     1.000000000
     0.125607252     4.433217825     1.000000000
     0.125973995     4.433487070     1.000000000
     0.126340738     4.433757316     1.000000000
     0.126707480     4.434028559     1.000000000
     0.127074223     4.434300799     1.000000000
     0.127440966     4.434574031     1.000000000
     0.127807708     4.434848255     1.000000000
     0.128174451     4.435123468     1.000000000
     0.128541194     4.435399668     1.000000000
     0.128907937     4.435676851     1.000000000
     0.129274679     4.435955017     1.000000000
     0.129641422     4.436234162     1.000000000
     0.130008165     4.436514285     1.000000000
     0.130374907     4.436795382     1.000000000
     0.130741650     4.437077452     1.000000000
     0.131108393     4.437360492     1.000000000
     0.131475136     4.437644500     1.000000000
     0.131841878     4.437929473     1.000000000
     0.132208621     4.438215409     1.000000000
     0.132575364     4.438502305     1.000000000
     0.132942106     4.438790159     1.000000000
     0.133308849     4.439078969     1.000000000
     0.133675592     4.439368731     1.000000000
     0.134042335     4.439659444     1.000000000
     0.134409077     4.439951104     1.000000000
     0.134775820     4.440243710     1.000000000
     0.135142563     4.440537258     1.000000000
     0.135509305     4.440831747     1.000000000
     0.135876048     4.441127173     1.000000000
     0.136242791     4.441423534     1.000000000
     0.136609534     4.441720828     1.000000000
     0.136976276     4.442019051     1.000000000
     0.137343019     4.442318201     1.000000000
     0.137709762     4.442618275     1.000000000
     0.138076504     4.442919272     1.000000000
     0.138443247     4.443221187     1.000000000
     0.138809990     4.443524018     1.000000000
     0.139176733     4.443827763     1.000000000
     0.139543475     4.444132419     1.000000000
     0.139910218     4.444437983     1.000000000
     0.140276961     4.444744453     1.000000000
     0.140643703     4.445051825     1.000000000
     0.141010446     4.445360097     1.000000000
     0.141377189     4.445669265     1.000000000
     0.141743931     4.445979328     1.000000000
     0.142110674     4.446290282     1.000000000
     0.142477417     4.446602125     1.000000000
     0.142844160     4.446914854     1.000000000
     0.143210902     4.447228465     1.000000000
     0.143577645     4.447542956     1.000000000
     0.143944388     4.447858324     1.000000000
     0.144311130     4.448174567     1.000000000
     0.144677873     4.448491680     1.000000000
     0.145044616     4.448809662     1.000000000
     0.145411359     4.449128509     1.000000000
     0.145778101     4.449448218     1.000000000
     0.146144844     4.449768787     1.000000000
     0.146511587     4.450090213     1.000000000
     0.146878329     4.450412492     1.000000000
     0.147245072     4.450735621     1.000000000
     0.147611815     4.451059598     1.000000000
     0.147978558     4.451384419     1.000000000
     0.148345300     4.451710081     1.000000000
     0.148712043     4.452036582     1.000000000
     0.149078786     4.452363918     1.000000000
     0.149445528     4.452692086     1.000000000
     0.149812271     4.453021084     1.000000000
     0.150179014     4.453350907     1.000000000
     0.150545757     4.453681554     1.000000000
     0.150912499     4.454013020     1.000000000
     0.151279242     4.454345303     1.000000000
     0.151645985     4.454678399     1.000000000
     0.152012727     4.455012306     1.000000000
     0.152379470     4.455347020     1.000000000
     0.152746213     4.455682538     1.000000000
     0.153112956     4.456018857     1.000000000
     0.153479698     4.456355974     1.000000000
     0.153846441     4.456693885     1.000000000
     0.154213184     4.457032588     1.000000000
     0.154579926     4.457372078     1.000000000
     0.154946669     4.457712354     1.000000000
     0.155313412     4.458053411     1.000000000
     0.155680155     4.458395247     1.000000000
     0.156046897     4.458737858     1.000000000
     0.156413640     4.459081240     1.000000000
     0.156780383     4.459425392     1.000000000
     0.157147125     4.459770308     1.000000000
     0.157513868     4.460115987     1.000000000
     0.157880611     4.460462425     1.000000000
     0.158247354     4.460809618     1.000000000
     0.158614096     4.461157563     1.000000000
     0.158980839     4.461506258     1.000000000
     0.159347582     4.461855697     1.000000000
     0.159714324     4.462205879     1.000000000
     0.160081067     4.462556800     1.000000000
     0.160447810     4.462908457     1.000000000
     0.160814553     4.463260846     1.000000000
     0.161181295     4.463613963     1.000000000
     0.161548038     4.463967806     1.000000000
     0.161914781     4.464322371     1.000000000
     0.162281523     4.464677656     1.000000000
     0.162648266     4.465033655     1.000000000
     0.163015009     4.465390366     1.000000000
     0.163381751     4.465747787     1.000000000
     0.163748494     4.466105912     1.000000000
     0.164115237     4.466464739     1.000000000
     0.164481980     4.466824265     1.000000000
     0.164848722     4.467184486     1.000000000
     0.165215465     4.467545398     1.000000000
     0.165582208     4.467906999     1.000000000
     0.165948950     4.468269284     1.000000000
     0.166315693     4.468632251     1.000000000
     0.166682436     4.468995896     1.000000000
     0.167049179     4.469360216     1.000000000
     0.167415921     4.469725206     1.000000000
     0.167782664     4.470090865     1.000000000
     0.168149407     4.470457187     1.000000000
     0.168516149     4.470824171     1.000000000
     0.168882892     4.471191812     1.000000000
     0.169249635     4.471560107     1.000000000
     0.169616378     4.471929053     1.000000000
     0.169983120     4.472298645     1.000000000
     0.170349863     4.472668882     1.000000000
     0.170716606     4.473039759     1.000000000
     0.171083348     4.473411272     1.000000000
     0.171450091     4.473783419     1.000000000
     0.171816834     4.474156196     1.000000000
     0.172183577     4.474529600     1.000000000
     0.172550319     4.474903627     1.000000000
  
     0.000000000     4.655803580     1.000000000
     0.000352217     4.656155388     1.000000000
     0.000704434     4.656508090     1.000000000
     0.001056651     4.656861687     1.000000000
     0.001408868     4.657216182     1.000000000
     0.001761085     4.657571576     1.000000000
     0.002113302     4.657927870     1.000000000
     0.002465519     4.658285067     1.000000000
     0.002817736     4.658643169     1.000000000
     0.003169953     4.659002176     1.000000000
     0.003522170     4.659362092     1.000000000
     0.003874386     4.659722917     1.000000000
     0.004226603     4.660084653     1.000000000
     0.004578820     4.660447303     1.000000000
     0.004931037     4.660810867     1.000000000
     0.005283254     4.661175348     1.000000000
     0.005635471     4.661540747     1.000000000
     0.005987688     4.661907065     1.000000000
     0.006339905     4.662274305     1.000000000
     0.006692122     4.662642468     1.000000000
     0.007044339     4.663011556     1.000000000
     0.007396556     4.663381570     1.000000000
     0.007748773     4.663752512     1.000000000
     0.008100990     4.664124384     1.000000000
     0.008453207     4.664497187     1.000000000
     0.008805424     4.664870922     1.000000000
     0.009157641     4.665245592     1.000000000
     0.009509858     4.665621197     1.000000000
     0.009862075     4.665997740     1.000000000
     0.010214292     4.666375222     1.000000000
     0.010566509     4.666753645     1.000000000
     0.010918726     4.667133009     1.000000000
     0.011270942     4.667513317     1.000000000
     0.011623159     4.667894570     1.000000000
     0.011975376     4.668276770     1.000000000
     0.012327593     4.668659917     1.000000000
     0.012679810     4.669044014     1.000000000
     0.013032027     4.669429061     1.000000000
     0.013384244     4.669815061     1.000000000
     0.013736461     4.670202015     1.000000000
     0.014088678     4.670589924     1.000000000
     0.014440895     4.670978789     1.000000000
     0.014793112     4.671368612     1.000000000
     0.015145329     4.671759395     1.000000000
     0.015497546     4.672151138     1.000000000
     0.015849763     4.672543844     1.000000000
     0.016201980     4.672937513     1.000000000
     0.016554197     4.673332146     1.000000000
     0.016906414     4.673727746     1.000000000
     0.017258631     4.674124313     1.000000000
     0.017610848     4.674521849     1.000000000
     0.017963065     4.674920354     1.000000000
     0.018315281     4.675319831     1.000000000
     0.018667498     4.675720281     1.000000000
     0.019019715     4.676121704     1.000000000
     0.019371932     4.676524103     1.000000000
     0.019724149     4.676927477     1.000000000
     0.020076366     4.677331830     1.000000000
     0.020428583     4.677737161     1.000000000
     0.020780800     4.678143472     1.000000000
     0.021133017     4.678550764     1.000000000
     0.021485234     4.678959038     1.000000000
     0.021837451     4.679368296     1.000000000
     0.022189668     4.679778539     1.000000000
     0.022541885     4.680189767     1.000000000
     0.022894102     4.680601983     1.000000000
     0.023246319     4.681015186     1.000000000
     0.023598536     4.681429379     1.000000000
     0.023950753     4.681844562     1.000000000
     0.024302970     4.682260736     1.000000000
     0.024655187     4.682677903     1.000000000
     0.025007404     4.683096063     1.000000000
     0.025359621     4.683515218     1.000000000
     0.025711837     4.683935369     1.000000000
     0.026064054     4.684356516     1.000000000
     0.026416271     4.684778661     1.000000000
     0.026768488     4.685201805     1.000000000
     0.027120705     4.685625948     1.000000000
     0.027472922     4.686051093     1.000000000
     0.027825139     4.686477239     1.000000000
     0.028177356     4.686904388     1.000000000
     0.028529573     4.687332540     1.000000000
     0.028881790     4.687761697     1.000000000
     0.029234007     4.688191860     1.000000000
     0.029586224     4.688623029     1.000000000
     0.029938441     4.689055205     1.000000000
     0.030290658     4.689488390     1.000000000
     0.030642875     4.689922585     1.000000000
     0.030995092     4.690357789     1.000000000
     0.031347309     4.690794004     1.000000000
     0.031699526     4.691231231     1.000000000
     0.032051743     4.691669471     1.000000000
     0.032403960     4.692108725     1.000000000
     0.032756177     4.692548993     1.000000000
     0.033108393     4.692990276     1.000000000
     0.033460610     4.693432575     1.000000000
     0.033812827     4.693875891     1.000000000
     0.034165044     4.694320225     1.000000000
     0.034517261     4.694765577     1.000000000
     0.034869478     4.695211949     1.000000000
     0.035221695     4.695659340     1.000000000
     0.035573912     4.696107752     1.000000000
     0.035926129     4.696557186     1.000000000
     0.036278346     4.697007642     1.000000000
     0.036630563     4.697459121     1.000000000
     0.036982780     4.697911623     1.000000000
     0.037334997     4.698365150     1.000000000
     0.037687214     4.698819702     1.000000000
     0.038039431     4.699275280     1.000000000
     0.038391648     4.699731884     1.000000000
     0.038743865     4.700189516     1.000000000
     0.039096082     4.700648175     1.000000000
     0.039448299     4.701107862     1.000000000
     0.039800516     4.701568579     1.000000000
     0.040152733     4.702030325     1.000000000
     0.040504949     4.702493102     1.000000000
     0.040857166     4.702956909     1.000000000
     0.041209383     4.703421748     1.000000000
     0.041561600     4.703887619     1.000000000
     0.041913817     4.704354523     1.000000000
     0.042266034     4.704822460     1.000000000
     0.042618251     4.705291431     1.000000000
     0.042970468     4.705761436     1.000000000
     0.043322685     4.706232476     1.000000000
     0.043674902     4.706704552     1.000000000
     0.044027119     4.707177663     1.000000000
     0.044379336     4.707651811     1.000000000
     0.044731553     4.708126996     1.000000000
     0.045083770     4.708603219     1.000000000
     0.045435987     4.709080479     1.000000000
     0.045788204     4.709558778     1.000000000
     0.046140421     4.710038116     1.000000000
     0.046492638     4.710518493     1.000000000
     0.046844855     4.710999910     1.000000000
     0.047197072     4.711482368     1.000000000
     0.047549289     4.711965866     1.000000000
     0.047901505     4.712450405     1.000000000
     0.048253722     4.712935986     1.000000000
     0.048605939     4.713422609     1.000000000
     0.048958156     4.713910275     1.000000000
     0.049310373     4.714398983     1.000000000
     0.049662590     4.714888735     1.000000000
     0.050014807     4.715379530     1.000000000
     0.050367024     4.715871369     1.000000000
     0.050719241     4.716364252     1.000000000
     0.051071458     4.716858180     1.000000000
     0.051423675     4.717353153     1.000000000
     0.051775892     4.717849171     1.000000000
     0.052128109     4.718346235     1.000000000
     0.052480326     4.718844345     1.000000000
     0.052832543     4.719343502     1.000000000
     0.053184760     4.719843705     1.000000000
     0.053536977     4.720344954     1.000000000
     0.053889194     4.720847252     1.000000000
     0.054241411     4.721350596     1.000000000
     0.054593628     4.721854989     1.000000000
     0.054945844     4.722360429     1.000000000
     0.055298061     4.722866918     1.000000000
     0.055650278     4.723374455     1.000000000
     0.056002495     4.723883042     1.000000000
     0.056354712     4.724392677     1.000000000
     0.056706929     4.724903362     1.000000000
     0.057059146     4.725415096     1.000000000
     0.057411363     4.725927880     1.000000000
     0.057763580     4.726441713     1.000000000
     0.058115797     4.726956597     1.000000000
     0.058468014     4.727472532     1.000000000
     0.058820231     4.727989517     1.000000000
     0.059172448     4.728507552     1.000000000
     0.059524665     4.729026639     1.000000000
     0.059876882     4.729546777     1.000000000
     0.060229099     4.730067965     1.000000000
     0.060581316     4.730590206     1.000000000
     0.060933533     4.731113498     1.000000000
     0.061285750     4.731637841     1.000000000
     0.061637967     4.732163236     1.000000000
     0.061990184     4.732689684     1.000000000
     0.062342400     4.733217183     1.000000000
     0.062694617     4.733745735     1.000000000
     0.063046834     4.734275339     1.000000000
     0.063399051     4.734805995     1.000000000
     0.063751268     4.735337704     1.000000000
     0.064103485     4.735870466     1.000000000
     0.064455702     4.736404280     1.000000000
     0.064807919     4.736939147     1.000000000
     0.065160136     4.737475067     1.000000000
     0.065512353     4.738012040     1.000000000
     0.065864570     4.738550066     1.000000000
     0.066216787     4.739089145     1.000000000
     0.066569004     4.739629277     1.000000000
     0.066921221     4.740170462     1.000000000
     0.067273438     4.740712700     1.000000000
     0.067625655     4.741255992     1.000000000
     0.067977872     4.741800337     1.000000000
     0.068330089     4.742345735     1.000000000
     0.068682306     4.742892186     1.000000000
     0.069034523     4.743439691     1.000000000
     0.069386740     4.743988249     1.000000000
     0.069738956     4.744537861     1.000000000
     0.070091173     4.745088525     1.000000000
     0.070443390     4.745640244     1.000000000
     0.070795607     4.746193015     1.000000000
     0.071147824     4.746746840     1.000000000
     0.071500041     4.747301718     1.000000000
     0.071852258     4.747857649     1.000000000
     0.072204475     4.748414633     1.000000000
     0.072556692     4.748972671     1.000000000
     0.072908909     4.749531762     1.000000000
     0.073261126     4.750091906     1.000000000
     0.073613343     4.750653103     1.000000000
     0.073965560     4.751215353     1.000000000
     0.074317777     4.751778655     1.000000000
     0.074669994     4.752343011     1.000000000
     0.075022211     4.752908419     1.000000000
     0.075374428     4.753474881     1.000000000
     0.075726645     4.754042394     1.000000000
     0.076078862     4.754610961     1.000000000
     0.076431079     4.755180580     1.000000000
     0.076783296     4.755751251     1.000000000
     0.077135512     4.756322974     1.000000000
     0.077487729     4.756895750     1.000000000
     0.077839946     4.757469578     1.000000000
     0.078192163     4.758044458     1.000000000
     0.078544380     4.758620389     1.000000000
     0.078896597     4.759197372     1.000000000
     0.079248814     4.759775407     1.000000000
     0.079601031     4.760354494     1.000000000
     0.079953248     4.760934632     1.000000000
     0.080305465     4.761515821     1.000000000
     0.080657682     4.762098061     1.000000000
     0.081009899     4.762681352     1.000000000
     0.081362116     4.763265694     1.000000000
     0.081714333     4.763851087     1.000000000
     0.082066550     4.764437530     1.000000000
     0.082418767     4.765025024     1.000000000
     0.082770984     4.765613568     1.000000000
     0.083123201     4.766203161     1.000000000
     0.083475418     4.766793805     1.000000000
     0.083827635     4.767385499     1.000000000
     0.084179851     4.767978242     1.000000000
     0.084532068     4.768572035     1.000000000
     0.084532068     4.688241755     1.000000000
     0.084898811     4.688344235     1.000000000
     0.085265554     4.688447395     1.000000000
     0.085632297     4.688551232     1.000000000
     0.085999039     4.688655745     1.000000000
     0.086365782     4.688760931     1.000000000
     0.086732525     4.688866786     1.000000000
     0.087099267     4.688973309     1.000000000
     0.087466010     4.689080496     1.000000000
     0.087832753     4.689188346     1.000000000
     0.088199496     4.689296855     1.000000000
     0.088566238     4.689406021     1.000000000
     0.088932981     4.689515841     1.000000000
     0.089299724     4.689626313     1.000000000
     0.089666466     4.689737435     1.000000000
     0.090033209     4.689849204     1.000000000
     0.090399952     4.689961616     1.000000000
     0.090766695     4.690074671     1.000000000
     0.091133437     4.690188365     1.000000000
     0.091500180     4.690302697     1.000000000
     0.091866923     4.690417663     1.000000000
     0.092233665     4.690533261     1.000000000
     0.092600408     4.690649489     1.000000000
     0.092967151     4.690766344     1.000000000
     0.093333894     4.690883825     1.000000000
     0.093700636     4.691001928     1.000000000
     0.094067379     4.691120653     1.000000000
     0.094434122     4.691239995     1.000000000
     0.094800864     4.691359954     1.000000000
     0.095167607     4.691480526     1.000000000
     0.095534350     4.691601710     1.000000000
     0.095901093     4.691723504     1.000000000
     0.096267835     4.691845905     1.000000000
     0.096634578     4.691968911     1.000000000
     0.097001321     4.692092521     1.000000000
     0.097368063     4.692216731     1.000000000
     0.097734806     4.692341541     1.000000000
     0.098101549     4.692466947     1.000000000
     0.098468291     4.692592948     1.000000000
     0.098835034     4.692719543     1.000000000
     0.099201777     4.692846729     1.000000000
     0.099568520     4.692974503     1.000000000
     0.099935262     4.693102866     1.000000000
     0.100302005     4.693231813     1.000000000
     0.100668748     4.693361344     1.000000000
     0.101035490     4.693491457     1.000000000
     0.101402233     4.693622150     1.000000000
     0.101768976     4.693753422     1.000000000
     0.102135719     4.693885269     1.000000000
     0.102502461     4.694017692     1.000000000
     0.102869204     4.694150688     1.000000000
     0.103235947     4.694284256     1.000000000
     0.103602689     4.694418394     1.000000000
     0.103969432     4.694553100     1.000000000
     0.104336175     4.694688373     1.000000000
     0.104702918     4.694824211     1.000000000
     0.105069660     4.694960614     1.000000000
     0.105436403     4.695097579     1.000000000
     0.105803146     4.695235105     1.000000000
     0.106169888     4.695373191     1.000000000
     0.106536631     4.695511835     1.000000000
     0.106903374     4.695651036     1.000000000
     0.107270117     4.695790794     1.000000000
     0.107636859     4.695931105     1.000000000
     0.108003602     4.696071971     1.000000000
     0.108370345     4.696213388     1.000000000
     0.108737087     4.696355356     1.000000000
     0.109103830     4.696497875     1.000000000
     0.109470573     4.696640942     1.000000000
     0.109837316     4.696784558     1.000000000
     0.110204058     4.696928720     1.000000000
     0.110570801     4.697073428     1.000000000
     0.110937544     4.697218681     1.000000000
     0.111304286     4.697364478     1.000000000
     0.111671029     4.697510818     1.000000000
     0.112037772     4.697657700     1.000000000
     0.112404515     4.697805124     1.000000000
     0.112771257     4.697953089     1.000000000
     0.113138000     4.698101594     1.000000000
     0.113504743     4.698250639     1.000000000
     0.113871485     4.698400222     1.000000000
     0.114238228     4.698550344     1.000000000
     0.114604971     4.698701003     1.000000000
     0.114971714     4.698852199     1.000000000
     0.115338456     4.699003931     1.000000000
     0.115705199     4.699156200     1.000000000
     0.116071942     4.699309005     1.000000000
     0.116438684     4.699462344     1.000000000
     0.116805427     4.699616219     1.000000000
     0.117172170     4.699770628     1.000000000
     0.117538913     4.699925571     1.000000000
     0.117905655     4.700081049     1.000000000
     0.118272398     4.700237060     1.000000000
     0.118639141     4.700393605     1.000000000
     0.119005883     4.700550684     1.000000000
     0.119372626     4.700708296     1.000000000
     0.119739369     4.700866441     1.000000000
     0.120106111     4.701025120     1.000000000
     0.120472854     4.701184332     1.000000000
     0.120839597     4.701344078     1.000000000
     0.121206340     4.701504357     1.000000000
     0.121573082     4.701665170     1.000000000
     0.121939825     4.701826516     1.000000000
     0.122306568     4.701988397     1.000000000
     0.122673310     4.702150812     1.000000000
     0.123040053     4.702313762     1.000000000
     0.123406796     4.702477246     1.000000000
     0.123773539     4.702641266     1.000000000
     0.124140281     4.702805821     1.000000000
     0.124507024     4.702970913     1.000000000
     0.124873767     4.703136541     1.000000000
     0.125240509     4.703302706     1.000000000
     0.125607252     4.703469408     1.000000000
     0.125973995     4.703636649     1.000000000
     0.126340738     4.703804428     1.000000000
     0.126707480     4.703972748     1.000000000
     0.127074223     4.704141607     1.000000000
     0.127440966     4.704311007     1.000000000
     0.127807708     4.704480948     1.000000000
     0.128174451     4.704651433     1.000000000
     0.128541194     4.704822460     1.000000000
     0.128907937     4.704994032     1.000000000
     0.129274679     4.705166148     1.000000000
     0.129641422     4.705338811     1.000000000
     0.130008165     4.705512021     1.000000000
     0.130374907     4.705685779     1.000000000
     0.130741650     4.705860086     1.000000000
     0.131108393     4.706034944     1.000000000
     0.131475136     4.706210353     1.000000000
     0.131841878     4.706386314     1.000000000
     0.132208621     4.706562829     1.000000000
     0.132575364     4.706739900     1.000000000
     0.132942106     4.706917526     1.000000000
     0.133308849     4.707095711     1.000000000
     0.133675592     4.707274454     1.000000000
     0.134042335     4.707453759     1.000000000
     0.134409077     4.707633624     1.000000000
     0.134775820     4.707814054     1.000000000
     0.135142563     4.707995048     1.000000000
     0.135509305     4.708176609     1.000000000
     0.135876048     4.708358737     1.000000000
     0.136242791     4.708541436     1.000000000
     0.136609534     4.708724705     1.000000000
     0.136976276     4.708908548     1.000000000
     0.137343019     4.709092966     1.000000000
     0.137709762     4.709277959     1.000000000
     0.138076504     4.709463532     1.000000000
     0.138443247     4.709649684     1.000000000
     0.138809990     4.709836418     1.000000000
     0.139176733     4.710023737     1.000000000
     0.139543475     4.710211641     1.000000000
     0.139910218     4.710400133     1.000000000
     0.140276961     4.710589215     1.000000000
     0.140643703     4.710778889     1.000000000
     0.141010446     4.710969156     1.000000000
     0.141377189     4.711160020     1.000000000
     0.141743931     4.711351482     1.000000000
     0.142110674     4.711543545     1.000000000
     0.142477417     4.711736210     1.000000000
     0.142844160     4.711929480     1.000000000
     0.143210902     4.712123357     1.000000000
     0.143577645     4.712317844     1.000000000
     0.143944388     4.712512942     1.000000000
     0.144311130     4.712708655     1.000000000
     0.144677873     4.712904985     1.000000000
     0.145044616     4.713101933     1.000000000
     0.145411359     4.713299504     1.000000000
     0.145778101     4.713497698     1.000000000
     0.146144844     4.713696519     1.000000000
     0.146511587     4.713895969     1.000000000
     0.146878329     4.714096051     1.000000000
     0.147245072     4.714296768     1.000000000
     0.147611815     4.714498122     1.000000000
     0.147978558     4.714700116     1.000000000
     0.148345300     4.714902752     1.000000000
     0.148712043     4.715106034     1.000000000
     0.149078786     4.715309964     1.000000000
     0.149445528     4.715514545     1.000000000
     0.149812271     4.715719780     1.000000000
     0.150179014     4.715925672     1.000000000
     0.150545757     4.716132224     1.000000000
     0.150912499     4.716339439     1.000000000
     0.151279242     4.716547319     1.000000000
     0.151645985     4.716755868     1.000000000
     0.152012727     4.716965089     1.000000000
     0.152379470     4.717174984     1.000000000
     0.152746213     4.717385558     1.000000000
     0.153112956     4.717596813     1.000000000
     0.153479698     4.717808752     1.000000000
     0.153846441     4.718021379     1.000000000
     0.154213184     4.718234696     1.000000000
     0.154579926     4.718448707     1.000000000
     0.154946669     4.718663416     1.000000000
     0.155313412     4.718878825     1.000000000
     0.155680155     4.719094938     1.000000000
     0.156046897     4.719311759     1.000000000
     0.156413640     4.719529290     1.000000000
     0.156780383     4.719747535     1.000000000
     0.157147125     4.719966498     1.000000000
     0.157513868     4.720186181     1.000000000
     0.157880611     4.720406590     1.000000000
     0.158247354     4.720627726     1.000000000
     0.158614096     4.720849594     1.000000000
     0.158980839     4.721072197     1.000000000
     0.159347582     4.721295539     1.000000000
     0.159714324     4.721519624     1.000000000
     0.160081067     4.721744454     1.000000000
     0.160447810     4.721970034     1.000000000
     0.160814553     4.722196368     1.000000000
     0.161181295     4.722423459     1.000000000
     0.161548038     4.722651311     1.000000000
     0.161914781     4.722879927     1.000000000
     0.162281523     4.723109313     1.000000000
     0.162648266     4.723339470     1.000000000
     0.163015009     4.723570404     1.000000000
     0.163381751     4.723802118     1.000000000
     0.163748494     4.724034616     1.000000000
     0.164115237     4.724267901     1.000000000
     0.164481980     4.724501979     1.000000000
     0.164848722     4.724736853     1.000000000
     0.165215465     4.724972526     1.000000000
     0.165582208     4.725209003     1.000000000
     0.165948950     4.725446288     1.000000000
     0.166315693     4.725684385     1.000000000
     0.166682436     4.725923298     1.000000000
     0.167049179     4.726163031     1.000000000
     0.167415921     4.726403588     1.000000000
     0.167782664     4.726644973     1.000000000
     0.168149407     4.726887191     1.000000000
     0.168516149     4.727130246     1.000000000
     0.168882892     4.727374141     1.000000000
     0.169249635     4.727618882     1.000000000
     0.169616378     4.727864471     1.000000000
     0.169983120     4.728110915     1.000000000
     0.170349863     4.728358216     1.000000000
     0.170716606     4.728606379     1.000000000
     0.171083348     4.728855408     1.000000000
     0.171450091     4.729105308     1.000000000
     0.171816834     4.729356083     1.000000000
     0.172183577     4.729607738     1.000000000
     0.172550319     4.729860276     1.000000000
  
     0.000000000     5.033046512     1.000000000
     0.000352217     5.033468702     1.000000000
     0.000704434     5.033891955     1.000000000
     0.001056651     5.034316270     1.000000000
     0.001408868     5.034741646     1.000000000
     0.001761085     5.035168081     1.000000000
     0.002113302     5.035595574     1.000000000
     0.002465519     5.036024125     1.000000000
     0.002817736     5.036453732     1.000000000
     0.003169953     5.036884394     1.000000000
     0.003522170     5.037316110     1.000000000
     0.003874386     5.037748878     1.000000000
     0.004226603     5.038182698     1.000000000
     0.004578820     5.038617568     1.000000000
     0.004931037     5.039053487     1.000000000
     0.005283254     5.039490454     1.000000000
     0.005635471     5.039928468     1.000000000
     0.005987688     5.040367527     1.000000000
     0.006339905     5.040807630     1.000000000
     0.006692122     5.041248776     1.000000000
     0.007044339     5.041690964     1.000000000
     0.007396556     5.042134193     1.000000000
     0.007748773     5.042578461     1.000000000
     0.008100990     5.043023767     1.000000000
     0.008453207     5.043470110     1.000000000
     0.008805424     5.043917489     1.000000000
     0.009157641     5.044365902     1.000000000
     0.009509858     5.044815348     1.000000000
     0.009862075     5.045265826     1.000000000
     0.010214292     5.045717334     1.000000000
     0.010566509     5.046169872     1.000000000
     0.010918726     5.046623437     1.000000000
     0.011270942     5.047078029     1.000000000
     0.011623159     5.047533647     1.000000000
     0.011975376     5.047990289     1.000000000
     0.012327593     5.048447953     1.000000000
     0.012679810     5.048906639     1.000000000
     0.013032027     5.049366345     1.000000000
     0.013384244     5.049827070     1.000000000
     0.013736461     5.050288812     1.000000000
     0.014088678     5.050751570     1.000000000
     0.014440895     5.051215344     1.000000000
     0.014793112     5.051680130     1.000000000
     0.015145329     5.052145929     1.000000000
     0.015497546     5.052612738     1.000000000
     0.015849763     5.053080557     1.000000000
     0.016201980     5.053549384     1.000000000
     0.016554197     5.054019217     1.000000000
     0.016906414     5.054490056     1.000000000
     0.017258631     5.054961899     1.000000000
     0.017610848     5.055434743     1.000000000
     0.017963065     5.055908589     1.000000000
     0.018315281     5.056383435     1.000000000
     0.018667498     5.056859279     1.000000000
     0.019019715     5.057336120     1.000000000
     0.019371932     5.057813956     1.000000000
     0.019724149     5.058292786     1.000000000
     0.020076366     5.058772608     1.000000000
     0.020428583     5.059253422     1.000000000
     0.020780800     5.059735225     1.000000000
     0.021133017     5.060218016     1.000000000
     0.021485234     5.060701794     1.000000000
     0.021837451     5.061186558     1.000000000
     0.022189668     5.061672305     1.000000000
     0.022541885     5.062159034     1.000000000
     0.022894102     5.062646745     1.000000000
     0.023246319     5.063135434     1.000000000
     0.023598536     5.063625102     1.000000000
     0.023950753     5.064115746     1.000000000
     0.024302970     5.064607364     1.000000000
     0.024655187     5.065099956     1.000000000
     0.025007404     5.065593520     1.000000000
     0.025359621     5.066088054     1.000000000
     0.025711837     5.066583557     1.000000000
     0.026064054     5.067080027     1.000000000
     0.026416271     5.067577463     1.000000000
     0.026768488     5.068075863     1.000000000
     0.027120705     5.068575225     1.000000000
     0.027472922     5.069075549     1.000000000
     0.027825139     5.069576832     1.000000000
     0.028177356     5.070079072     1.000000000
     0.028529573     5.070582269     1.000000000
     0.028881790     5.071086421     1.000000000
     0.029234007     5.071591526     1.000000000
     0.029586224     5.072097582     1.000000000
     0.029938441     5.072604589     1.000000000
     0.030290658     5.073112543     1.000000000
     0.030642875     5.073621445     1.000000000
     0.030995092     5.074131291     1.000000000
     0.031347309     5.074642081     1.000000000
     0.031699526     5.075153812     1.000000000
     0.032051743     5.075666484     1.000000000
     0.032403960     5.076180095     1.000000000
     0.032756177     5.076694642     1.000000000
     0.033108393     5.077210124     1.000000000
     0.033460610     5.077726540     1.000000000
     0.033812827     5.078243888     1.000000000
     0.034165044     5.078762166     1.000000000
     0.034517261     5.079281373     1.000000000
     0.034869478     5.079801506     1.000000000
     0.035221695     5.080322565     1.000000000
     0.035573912     5.080844547     1.000000000
     0.035926129     5.081367450     1.000000000
     0.036278346     5.081891274     1.000000000
     0.036630563     5.082416016     1.000000000
     0.036982780     5.082941674     1.000000000
     0.037334997     5.083468248     1.000000000
     0.037687214     5.083995734     1.000000000
     0.038039431     5.084524132     1.000000000
     0.038391648     5.085053439     1.000000000
     0.038743865     5.085583655     1.000000000
     0.039096082     5.086114776     1.000000000
     0.039448299     5.086646801     1.000000000
     0.039800516     5.087179729     1.000000000
     0.040152733     5.087713558     1.000000000
     0.040504949     5.088248286     1.000000000
     0.040857166     5.088783911     1.000000000
     0.041209383     5.089320431     1.000000000
     0.041561600     5.089857845     1.000000000
     0.041913817     5.090396150     1.000000000
     0.042266034     5.090935346     1.000000000
     0.042618251     5.091475429     1.000000000
     0.042970468     5.092016399     1.000000000
     0.043322685     5.092558252     1.000000000
     0.043674902     5.093100989     1.000000000
     0.044027119     5.093644606     1.000000000
     0.044379336     5.094189102     1.000000000
     0.044731553     5.094734475     1.000000000
     0.045083770     5.095280723     1.000000000
     0.045435987     5.095827844     1.000000000
     0.045788204     5.096375837     1.000000000
     0.046140421     5.096924699     1.000000000
     0.046492638     5.097474428     1.000000000
     0.046844855     5.098025023     1.000000000
     0.047197072     5.098576482     1.000000000
     0.047549289     5.099128802     1.000000000
     0.047901505     5.099681983     1.000000000
     0.048253722     5.100236021     1.000000000
     0.048605939     5.100790915     1.000000000
     0.048958156     5.101346663     1.000000000
     0.049310373     5.101903264     1.000000000
     0.049662590     5.102460714     1.000000000
     0.050014807     5.103019013     1.000000000
     0.050367024     5.103578157     1.000000000
     0.050719241     5.104138146     1.000000000
     0.051071458     5.104698977     1.000000000
     0.051423675     5.105260649     1.000000000
     0.051775892     5.105823158     1.000000000
     0.052128109     5.106386504     1.000000000
     0.052480326     5.106950684     1.000000000
     0.052832543     5.107515696     1.000000000
     0.053184760     5.108081538     1.000000000
     0.053536977     5.108648209     1.000000000
     0.053889194     5.109215705     1.000000000
     0.054241411     5.109784026     1.000000000
     0.054593628     5.110353168     1.000000000
     0.054945844     5.110923130     1.000000000
     0.055298061     5.111493911     1.000000000
     0.055650278     5.112065507     1.000000000
     0.056002495     5.112637916     1.000000000
     0.056354712     5.113211138     1.000000000
     0.056706929     5.113785169     1.000000000
     0.057059146     5.114360007     1.000000000
     0.057411363     5.114935651     1.000000000
     0.057763580     5.115512097     1.000000000
     0.058115797     5.116089345     1.000000000
     0.058468014     5.116667392     1.000000000
     0.058820231     5.117246236     1.000000000
     0.059172448     5.117825875     1.000000000
     0.059524665     5.118406305     1.000000000
     0.059876882     5.118987527     1.000000000
     0.060229099     5.119569536     1.000000000
     0.060581316     5.120152332     1.000000000
     0.060933533     5.120735912     1.000000000
     0.061285750     5.121320273     1.000000000
     0.061637967     5.121905414     1.000000000
     0.061990184     5.122491332     1.000000000
     0.062342400     5.123078025     1.000000000
     0.062694617     5.123665492     1.000000000
     0.063046834     5.124253729     1.000000000
     0.063399051     5.124842734     1.000000000
     0.063751268     5.125432506     1.000000000
     0.064103485     5.126023042     1.000000000
     0.064455702     5.126614339     1.000000000
     0.064807919     5.127206397     1.000000000
     0.065160136     5.127799211     1.000000000
     0.065512353     5.128392781     1.000000000
     0.065864570     5.128987103     1.000000000
     0.066216787     5.129582176     1.000000000
     0.066569004     5.130177997     1.000000000
     0.066921221     5.130774564     1.000000000
     0.067273438     5.131371874     1.000000000
     0.067625655     5.131969926     1.000000000
     0.067977872     5.132568717     1.000000000
     0.068330089     5.133168245     1.000000000
     0.068682306     5.133768507     1.000000000
     0.069034523     5.134369501     1.000000000
     0.069386740     5.134971225     1.000000000
     0.069738956     5.135573676     1.000000000
     0.070091173     5.136176853     1.000000000
     0.070443390     5.136780752     1.000000000
     0.070795607     5.137385371     1.000000000
     0.071147824     5.137990709     1.000000000
     0.071500041     5.138596762     1.000000000
     0.071852258     5.139203528     1.000000000
     0.072204475     5.139811005     1.000000000
     0.072556692     5.140419190     1.000000000
     0.072908909     5.141028082     1.000000000
     0.073261126     5.141637677     1.000000000
     0.073613343     5.142247973     1.000000000
     0.073965560     5.142858968     1.000000000
     0.074317777     5.143470660     1.000000000
     0.074669994     5.144083045     1.000000000
     0.075022211     5.144696122     1.000000000
     0.075374428     5.145309888     1.000000000
     0.075726645     5.145924340     1.000000000
     0.076078862     5.146539477     1.000000000
     0.076431079     5.147155295     1.000000000
     0.076783296     5.147771792     1.000000000
     0.077135512     5.148388966     1.000000000
     0.077487729     5.149006814     1.000000000
     0.077839946     5.149625334     1.000000000
     0.078192163     5.150244523     1.000000000
     0.078544380     5.150864379     1.000000000
     0.078896597     5.151484899     1.000000000
     0.079248814     5.152106081     1.000000000
     0.079601031     5.152727922     1.000000000
     0.079953248     5.153350419     1.000000000
     0.080305465     5.153973571     1.000000000
     0.080657682     5.154597373     1.000000000
     0.081009899     5.155221825     1.000000000
     0.081362116     5.155846924     1.000000000
     0.081714333     5.156472666     1.000000000
     0.082066550     5.157099049     1.000000000
     0.082418767     5.157726071     1.000000000
     0.082770984     5.158353729     1.000000000
     0.083123201     5.158982020     1.000000000
     0.083475418     5.159610943     1.000000000
     0.083827635     5.160240493     1.000000000
     0.084179851     5.160870669     1.000000000
     0.084532068     5.161501469     1.000000000
     0.084532068     5.053735456     1.000000000
     0.084898811     5.053952819     1.000000000
     0.085265554     5.054171838     1.000000000
     0.085632297     5.054392509     1.000000000
     0.085999039     5.054614832     1.000000000
     0.086365782     5.054838802     1.000000000
     0.086732525     5.055064419     1.000000000
     0.087099267     5.055291680     1.000000000
     0.087466010     5.055520581     1.000000000
     0.087832753     5.055751122     1.000000000
     0.088199496     5.055983300     1.000000000
     0.088566238     5.056217111     1.000000000
     0.088932981     5.056452554     1.000000000
     0.089299724     5.056689627     1.000000000
     0.089666466     5.056928327     1.000000000
     0.090033209     5.057168651     1.000000000
     0.090399952     5.057410598     1.000000000
     0.090766695     5.057654164     1.000000000
     0.091133437     5.057899347     1.000000000
     0.091500180     5.058146146     1.000000000
     0.091866923     5.058394556     1.000000000
     0.092233665     5.058644577     1.000000000
     0.092600408     5.058896205     1.000000000
     0.092967151     5.059149437     1.000000000
     0.093333894     5.059404273     1.000000000
     0.093700636     5.059660708     1.000000000
     0.094067379     5.059918740     1.000000000
     0.094434122     5.060178368     1.000000000
     0.094800864     5.060439588     1.000000000
     0.095167607     5.060702398     1.000000000
     0.095534350     5.060966795     1.000000000
     0.095901093     5.061232777     1.000000000
     0.096267835     5.061500342     1.000000000
     0.096634578     5.061769486     1.000000000
     0.097001321     5.062040207     1.000000000
     0.097368063     5.062312503     1.000000000
     0.097734806     5.062586372     1.000000000
     0.098101549     5.062861809     1.000000000
     0.098468291     5.063138814     1.000000000
     0.098835034     5.063417384     1.000000000
     0.099201777     5.063697515     1.000000000
     0.099568520     5.063979205     1.000000000
     0.099935262     5.064262452     1.000000000
     0.100302005     5.064547253     1.000000000
     0.100668748     5.064833606     1.000000000
     0.101035490     5.065121508     1.000000000
     0.101402233     5.065410956     1.000000000
     0.101768976     5.065701947     1.000000000
     0.102135719     5.065994480     1.000000000
     0.102502461     5.066288551     1.000000000
     0.102869204     5.066584158     1.000000000
     0.103235947     5.066881299     1.000000000
     0.103602689     5.067179970     1.000000000
     0.103969432     5.067480169     1.000000000
     0.104336175     5.067781893     1.000000000
     0.104702918     5.068085141     1.000000000
     0.105069660     5.068389908     1.000000000
     0.105436403     5.068696193     1.000000000
     0.105803146     5.069003992     1.000000000
     0.106169888     5.069313304     1.000000000
     0.106536631     5.069624126     1.000000000
     0.106903374     5.069936454     1.000000000
     0.107270117     5.070250287     1.000000000
     0.107636859     5.070565621     1.000000000
     0.108003602     5.070882455     1.000000000
     0.108370345     5.071200785     1.000000000
     0.108737087     5.071520608     1.000000000
     0.109103830     5.071841922     1.000000000
     0.109470573     5.072164725     1.000000000
     0.109837316     5.072489014     1.000000000
     0.110204058     5.072814785     1.000000000
     0.110570801     5.073142038     1.000000000
     0.110937544     5.073470767     1.000000000
     0.111304286     5.073800972     1.000000000
     0.111671029     5.074132649     1.000000000
     0.112037772     5.074465796     1.000000000
     0.112404515     5.074800411     1.000000000
     0.112771257     5.075136489     1.000000000
     0.113138000     5.075474029     1.000000000
     0.113504743     5.075813029     1.000000000
     0.113871485     5.076153484     1.000000000
     0.114238228     5.076495394     1.000000000
     0.114604971     5.076838755     1.000000000
     0.114971714     5.077183564     1.000000000
     0.115338456     5.077529818     1.000000000
     0.115705199     5.077877516     1.000000000
     0.116071942     5.078226654     1.000000000
     0.116438684     5.078577230     1.000000000
     0.116805427     5.078929241     1.000000000
     0.117172170     5.079282685     1.000000000
     0.117538913     5.079637558     1.000000000
     0.117905655     5.079993858     1.000000000
     0.118272398     5.080351582     1.000000000
     0.118639141     5.080710729     1.000000000
     0.119005883     5.081071294     1.000000000
     0.119372626     5.081433276     1.000000000
     0.119739369     5.081796671     1.000000000
     0.120106111     5.082161477     1.000000000
     0.120472854     5.082527692     1.000000000
     0.120839597     5.082895313     1.000000000
     0.121206340     5.083264336     1.000000000
     0.121573082     5.083634760     1.000000000
     0.121939825     5.084006581     1.000000000
     0.122306568     5.084379798     1.000000000
     0.122673310     5.084754407     1.000000000
     0.123040053     5.085130406     1.000000000
     0.123406796     5.085507792     1.000000000
     0.123773539     5.085886562     1.000000000
     0.124140281     5.086266714     1.000000000
     0.124507024     5.086648245     1.000000000
     0.124873767     5.087031152     1.000000000
     0.125240509     5.087415433     1.000000000
     0.125607252     5.087801085     1.000000000
     0.125973995     5.088188106     1.000000000
     0.126340738     5.088576493     1.000000000
     0.126707480     5.088966242     1.000000000
     0.127074223     5.089357353     1.000000000
     0.127440966     5.089749821     1.000000000
     0.127807708     5.090143644     1.000000000
     0.128174451     5.090538820     1.000000000
     0.128541194     5.090935346     1.000000000
     0.128907937     5.091333219     1.000000000
     0.129274679     5.091732436     1.000000000
     0.129641422     5.092132996     1.000000000
     0.130008165     5.092534895     1.000000000
     0.130374907     5.092938131     1.000000000
     0.130741650     5.093342700     1.000000000
     0.131108393     5.093748602     1.000000000
     0.131475136     5.094155832     1.000000000
     0.131841878     5.094564388     1.000000000
     0.132208621     5.094974268     1.000000000
     0.132575364     5.095385469     1.000000000
     0.132942106     5.095797988     1.000000000
     0.133308849     5.096211822     1.000000000
     0.133675592     5.096626970     1.000000000
     0.134042335     5.097043428     1.000000000
     0.134409077     5.097461194     1.000000000
     0.134775820     5.097880266     1.000000000
     0.135142563     5.098300639     1.000000000
     0.135509305     5.098722313     1.000000000
     0.135876048     5.099145284     1.000000000
     0.136242791     5.099569550     1.000000000
     0.136609534     5.099995108     1.000000000
     0.136976276     5.100421956     1.000000000
     0.137343019     5.100850090     1.000000000
     0.137709762     5.101279509     1.000000000
     0.138076504     5.101710210     1.000000000
     0.138443247     5.102142190     1.000000000
     0.138809990     5.102575446     1.000000000
     0.139176733     5.103009976     1.000000000
     0.139543475     5.103445777     1.000000000
     0.139910218     5.103882847     1.000000000
     0.140276961     5.104321184     1.000000000
     0.140643703     5.104760784     1.000000000
     0.141010446     5.105201645     1.000000000
     0.141377189     5.105643764     1.000000000
     0.141743931     5.106087139     1.000000000
     0.142110674     5.106531767     1.000000000
     0.142477417     5.106977646     1.000000000
     0.142844160     5.107424773     1.000000000
     0.143210902     5.107873146     1.000000000
     0.143577645     5.108322761     1.000000000
     0.143944388     5.108773617     1.000000000
     0.144311130     5.109225711     1.000000000
     0.144677873     5.109679039     1.000000000
     0.145044616     5.110133601     1.000000000
     0.145411359     5.110589392     1.000000000
     0.145778101     5.111046411     1.000000000
     0.146144844     5.111504655     1.000000000
     0.146511587     5.111964122     1.000000000
     0.146878329     5.112424808     1.000000000
     0.147245072     5.112886711     1.000000000
     0.147611815     5.113349829     1.000000000
     0.147978558     5.113814160     1.000000000
     0.148345300     5.114279700     1.000000000
     0.148712043     5.114746447     1.000000000
     0.149078786     5.115214398     1.000000000
     0.149445528     5.115683552     1.000000000
     0.149812271     5.116153905     1.000000000
     0.150179014     5.116625454     1.000000000
     0.150545757     5.117098199     1.000000000
     0.150912499     5.117572135     1.000000000
     0.151279242     5.118047260     1.000000000
     0.151645985     5.118523572     1.000000000
     0.152012727     5.119001068     1.000000000
     0.152379470     5.119479746     1.000000000
     0.152746213     5.119959603     1.000000000
     0.153112956     5.120440636     1.000000000
     0.153479698     5.120922844     1.000000000
     0.153846441     5.121406223     1.000000000
     0.154213184     5.121890771     1.000000000
     0.154579926     5.122376486     1.000000000
     0.154946669     5.122863365     1.000000000
     0.155313412     5.123351405     1.000000000
     0.155680155     5.123840604     1.000000000
     0.156046897     5.124330959     1.000000000
     0.156413640     5.124822469     1.000000000
     0.156780383     5.125315130     1.000000000
     0.157147125     5.125808939     1.000000000
     0.157513868     5.126303895     1.000000000
     0.157880611     5.126799995     1.000000000
     0.158247354     5.127297236     1.000000000
     0.158614096     5.127795616     1.000000000
     0.158980839     5.128295133     1.000000000
     0.159347582     5.128795783     1.000000000
     0.159714324     5.129297565     1.000000000
     0.160081067     5.129800475     1.000000000
     0.160447810     5.130304512     1.000000000
     0.160814553     5.130809672     1.000000000
     0.161181295     5.131315954     1.000000000
     0.161548038     5.131823354     1.000000000
     0.161914781     5.132331871     1.000000000
     0.162281523     5.132841502     1.000000000
     0.162648266     5.133352244     1.000000000
     0.163015009     5.133864095     1.000000000
     0.163381751     5.134377053     1.000000000
     0.163748494     5.134891114     1.000000000
     0.164115237     5.135406276     1.000000000
     0.164481980     5.135922538     1.000000000
     0.164848722     5.136439895     1.000000000
     0.165215465     5.136958347     1.000000000
     0.165582208     5.137477890     1.000000000
     0.165948950     5.137998522     1.000000000
     0.166315693     5.138520241     1.000000000
     0.166682436     5.139043043     1.000000000
     0.167049179     5.139566927     1.000000000
     0.167415921     5.140091890     1.000000000
     0.167782664     5.140617930     1.000000000
     0.168149407     5.141145043     1.000000000
     0.168516149     5.141673229     1.000000000
     0.168882892     5.142202483     1.000000000
     0.169249635     5.142732804     1.000000000
     0.169616378     5.143264189     1.000000000
     0.169983120     5.143796635     1.000000000
     0.170349863     5.144330141     1.000000000
     0.170716606     5.144864704     1.000000000
     0.171083348     5.145400321     1.000000000
     0.171450091     5.145936989     1.000000000
     0.171816834     5.146474707     1.000000000
     0.172183577     5.147013472     1.000000000
     0.172550319     5.147553281     1.000000000
  
     0.000000000     7.053624894     1.000000000
     0.000352217     7.053353235     1.000000000
     0.000704434     7.053080934     1.000000000
     0.001056651     7.052807992     1.000000000
     0.001408868     7.052534408     1.000000000
     0.001761085     7.052260183     1.000000000
     0.002113302     7.051985315     1.000000000
     0.002465519     7.051709806     1.000000000
     0.002817736     7.051433654     1.000000000
     0.003169953     7.051156859     1.000000000
     0.003522170     7.050879422     1.000000000
     0.003874386     7.050601341     1.000000000
     0.004226603     7.050322616     1.000000000
     0.004578820     7.050043248     1.000000000
     0.004931037     7.049763236     1.000000000
     0.005283254     7.049482579     1.000000000
     0.005635471     7.049201278     1.000000000
     0.005987688     7.048919331     1.000000000
     0.006339905     7.048636739     1.000000000
     0.006692122     7.048353502     1.000000000
     0.007044339     7.048069617     1.000000000
     0.007396556     7.047785087     1.000000000
     0.007748773     7.047499909     1.000000000
     0.008100990     7.047214083     1.000000000
     0.008453207     7.046927610     1.000000000
     0.008805424     7.046640488     1.000000000
     0.009157641     7.046352718     1.000000000
     0.009509858     7.046064298     1.000000000
     0.009862075     7.045775228     1.000000000
     0.010214292     7.045485508     1.000000000
     0.010566509     7.045195138     1.000000000
     0.010918726     7.044904115     1.000000000
     0.011270942     7.044612441     1.000000000
     0.011623159     7.044320115     1.000000000
     0.011975376     7.044027135     1.000000000
     0.012327593     7.043733501     1.000000000
     0.012679810     7.043439214     1.000000000
     0.013032027     7.043144271     1.000000000
     0.013384244     7.042848673     1.000000000
     0.013736461     7.042552419     1.000000000
     0.014088678     7.042255508     1.000000000
     0.014440895     7.041957940     1.000000000
     0.014793112     7.041659713     1.000000000
     0.015145329     7.041360828     1.000000000
     0.015497546     7.041061283     1.000000000
     0.015849763     7.040761078     1.000000000
     0.016201980     7.040460211     1.000000000
     0.016554197     7.040158683     1.000000000
     0.016906414     7.039856493     1.000000000
     0.017258631     7.039553639     1.000000000
     0.017610848     7.039250121     1.000000000
     0.017963065     7.038945938     1.000000000
     0.018315281     7.038641089     1.000000000
     0.018667498     7.038335574     1.000000000
     0.019019715     7.038029391     1.000000000
     0.019371932     7.037722540     1.000000000
     0.019724149     7.037415020     1.000000000
     0.020076366     7.037106830     1.000000000
     0.020428583     7.036797969     1.000000000
     0.020780800     7.036488436     1.000000000
     0.021133017     7.036178230     1.000000000
     0.021485234     7.035867350     1.000000000
     0.021837451     7.035555796     1.000000000
     0.022189668     7.035243565     1.000000000
     0.022541885     7.034930658     1.000000000
     0.022894102     7.034617074     1.000000000
     0.023246319     7.034302810     1.000000000
     0.023598536     7.033987867     1.000000000
     0.023950753     7.033672243     1.000000000
     0.024302970     7.033355937     1.000000000
     0.024655187     7.033038948     1.000000000
     0.025007404     7.032721275     1.000000000
     0.025359621     7.032402917     1.000000000
     0.025711837     7.032083873     1.000000000
     0.026064054     7.031764141     1.000000000
     0.026416271     7.031443720     1.000000000
     0.026768488     7.031122610     1.000000000
     0.027120705     7.030800808     1.000000000
     0.027472922     7.030478315     1.000000000
     0.027825139     7.030155128     1.000000000
     0.028177356     7.029831247     1.000000000
     0.028529573     7.029506669     1.000000000
     0.028881790     7.029181395     1.000000000
     0.029234007     7.028855422     1.000000000
     0.029586224     7.028528750     1.000000000
     0.029938441     7.028201377     1.000000000
     0.030290658     7.027873301     1.000000000
     0.030642875     7.027544522     1.000000000
     0.030995092     7.027215038     1.000000000
     0.031347309     7.026884847     1.000000000
     0.031699526     7.026553949     1.000000000
     0.032051743     7.026222342     1.000000000
     0.032403960     7.025890025     1.000000000
     0.032756177     7.025556995     1.000000000
     0.033108393     7.025223252     1.000000000
     0.033460610     7.024888795     1.000000000
     0.033812827     7.024553621     1.000000000
     0.034165044     7.024217730     1.000000000
     0.034517261     7.023881119     1.000000000
     0.034869478     7.023543787     1.000000000
     0.035221695     7.023205734     1.000000000
     0.035573912     7.022866956     1.000000000
     0.035926129     7.022527454     1.000000000
     0.036278346     7.022187224     1.000000000
     0.036630563     7.021846266     1.000000000
     0.036982780     7.021504577     1.000000000
     0.037334997     7.021162157     1.000000000
     0.037687214     7.020819004     1.000000000
     0.038039431     7.020475116     1.000000000
     0.038391648     7.020130491     1.000000000
     0.038743865     7.019785128     1.000000000
     0.039096082     7.019439024     1.000000000
     0.039448299     7.019092179     1.000000000
     0.039800516     7.018744591     1.000000000
     0.040152733     7.018396257     1.000000000
     0.040504949     7.018047176     1.000000000
     0.040857166     7.017697347     1.000000000
     0.041209383     7.017346767     1.000000000
     0.041561600     7.016995435     1.000000000
     0.041913817     7.016643349     1.000000000
     0.042266034     7.016290507     1.000000000
     0.042618251     7.015936907     1.000000000
     0.042970468     7.015582547     1.000000000
     0.043322685     7.015227426     1.000000000
     0.043674902     7.014871541     1.000000000
     0.044027119     7.014514891     1.000000000
     0.044379336     7.014157474     1.000000000
     0.044731553     7.013799287     1.000000000
     0.045083770     7.013440329     1.000000000
     0.045435987     7.013080598     1.000000000
     0.045788204     7.012720092     1.000000000
     0.046140421     7.012358809     1.000000000
     0.046492638     7.011996747     1.000000000
     0.046844855     7.011633903     1.000000000
     0.047197072     7.011270276     1.000000000
     0.047549289     7.010905864     1.000000000
     0.047901505     7.010540664     1.000000000
     0.048253722     7.010174675     1.000000000
     0.048605939     7.009807894     1.000000000
     0.048958156     7.009440320     1.000000000
     0.049310373     7.009071949     1.000000000
     0.049662590     7.008702781     1.000000000
     0.050014807     7.008332812     1.000000000
     0.050367024     7.007962040     1.000000000
     0.050719241     7.007590464     1.000000000
     0.051071458     7.007218081     1.000000000
     0.051423675     7.006844889     1.000000000
     0.051775892     7.006470885     1.000000000
     0.052128109     7.006096067     1.000000000
     0.052480326     7.005720434     1.000000000
     0.052832543     7.005343982     1.000000000
     0.053184760     7.004966709     1.000000000
     0.053536977     7.004588613     1.000000000
     0.053889194     7.004209692     1.000000000
     0.054241411     7.003829943     1.000000000
     0.054593628     7.003449364     1.000000000
     0.054945844     7.003067952     1.000000000
     0.055298061     7.002685705     1.000000000
     0.055650278     7.002302621     1.000000000
     0.056002495     7.001918696     1.000000000
     0.056354712     7.001533930     1.000000000
     0.056706929     7.001148318     1.000000000
     0.057059146     7.000761858     1.000000000
     0.057411363     7.000374549     1.000000000
     0.057763580     6.999986387     1.000000000
     0.058115797     6.999597370     1.000000000
     0.058468014     6.999207495     1.000000000
     0.058820231     6.998816759     1.000000000
     0.059172448     6.998425161     1.000000000
     0.059524665     6.998032697     1.000000000
     0.059876882     6.997639364     1.000000000
     0.060229099     6.997245161     1.000000000
     0.060581316     6.996850084     1.000000000
     0.060933533     6.996454130     1.000000000
     0.061285750     6.996057298     1.000000000
     0.061637967     6.995659583     1.000000000
     0.061990184     6.995260984     1.000000000
     0.062342400     6.994861497     1.000000000
     0.062694617     6.994461120     1.000000000
     0.063046834     6.994059850     1.000000000
     0.063399051     6.993657684     1.000000000
     0.063751268     6.993254620     1.000000000
     0.064103485     6.992850653     1.000000000
     0.064455702     6.992445782     1.000000000
     0.064807919     6.992040003     1.000000000
     0.065160136     6.991633314     1.000000000
     0.065512353     6.991225712     1.000000000
     0.065864570     6.990817193     1.000000000
     0.066216787     6.990407755     1.000000000
     0.066569004     6.989997394     1.000000000
     0.066921221     6.989586108     1.000000000
     0.067273438     6.989173894     1.000000000
     0.067625655     6.988760748     1.000000000
     0.067977872     6.988346668     1.000000000
     0.068330089     6.987931649     1.000000000
     0.068682306     6.987515690     1.000000000
     0.069034523     6.987098787     1.000000000
     0.069386740     6.986680937     1.000000000
     0.069738956     6.986262136     1.000000000
     0.070091173     6.985842382     1.000000000
     0.070443390     6.985421671     1.000000000
     0.070795607     6.985000000     1.000000000
     0.071147824     6.984577365     1.000000000
     0.071500041     6.984153764     1.000000000
     0.071852258     6.983729193     1.000000000
     0.072204475     6.983303649     1.000000000
     0.072556692     6.982877129     1.000000000
     0.072908909     6.982449628     1.000000000
     0.073261126     6.982021144     1.000000000
     0.073613343     6.981591674     1.000000000
     0.073965560     6.981161213     1.000000000
     0.074317777     6.980729759     1.000000000
     0.074669994     6.980297308     1.000000000
     0.075022211     6.979863856     1.000000000
     0.075374428     6.979429400     1.000000000
     0.075726645     6.978993936     1.000000000
     0.076078862     6.978557462     1.000000000
     0.076431079     6.978119972     1.000000000
     0.076783296     6.977681465     1.000000000
     0.077135512     6.977241935     1.000000000
     0.077487729     6.976801380     1.000000000
     0.077839946     6.976359796     1.000000000
     0.078192163     6.975917179     1.000000000
     0.078544380     6.975473525     1.000000000
     0.078896597     6.975028831     1.000000000
     0.079248814     6.974583093     1.000000000
     0.079601031     6.974136307     1.000000000
     0.079953248     6.973688470     1.000000000
     0.080305465     6.973239578     1.000000000
     0.080657682     6.972789626     1.000000000
     0.081009899     6.972338611     1.000000000
     0.081362116     6.971886529     1.000000000
     0.081714333     6.971433376     1.000000000
     0.082066550     6.970979149     1.000000000
     0.082418767     6.970523843     1.000000000
     0.082770984     6.970067455     1.000000000
     0.083123201     6.969609980     1.000000000
     0.083475418     6.969151414     1.000000000
     0.083827635     6.968691754     1.000000000
     0.084179851     6.968230995     1.000000000
     0.084532068     6.967769133     1.000000000
     0.084532068     7.045516000     1.000000000
     0.084898811     7.045313490     1.000000000
     0.085265554     7.045110243     1.000000000
     0.085632297     7.044906262     1.000000000
     0.085999039     7.044701552     1.000000000
     0.086365782     7.044496116     1.000000000
     0.086732525     7.044289958     1.000000000
     0.087099267     7.044083081     1.000000000
     0.087466010     7.043875488     1.000000000
     0.087832753     7.043667183     1.000000000
     0.088199496     7.043458169     1.000000000
     0.088566238     7.043248449     1.000000000
     0.088932981     7.043038024     1.000000000
     0.089299724     7.042826899     1.000000000
     0.089666466     7.042615074     1.000000000
     0.090033209     7.042402554     1.000000000
     0.090399952     7.042189338     1.000000000
     0.090766695     7.041975431     1.000000000
     0.091133437     7.041760833     1.000000000
     0.091500180     7.041545547     1.000000000
     0.091866923     7.041329575     1.000000000
     0.092233665     7.041112917     1.000000000
     0.092600408     7.040895575     1.000000000
     0.092967151     7.040677551     1.000000000
     0.093333894     7.040458846     1.000000000
     0.093700636     7.040239462     1.000000000
     0.094067379     7.040019399     1.000000000
     0.094434122     7.039798658     1.000000000
     0.094800864     7.039577241     1.000000000
     0.095167607     7.039355148     1.000000000
     0.095534350     7.039132380     1.000000000
     0.095901093     7.038908937     1.000000000
     0.096267835     7.038684821     1.000000000
     0.096634578     7.038460032     1.000000000
     0.097001321     7.038234570     1.000000000
     0.097368063     7.038008437     1.000000000
     0.097734806     7.037781631     1.000000000
     0.098101549     7.037554154     1.000000000
     0.098468291     7.037326005     1.000000000
     0.098835034     7.037097185     1.000000000
     0.099201777     7.036867695     1.000000000
     0.099568520     7.036637533     1.000000000
     0.099935262     7.036406701     1.000000000
     0.100302005     7.036175197     1.000000000
     0.100668748     7.035943022     1.000000000
     0.101035490     7.035710177     1.000000000
     0.101402233     7.035476660     1.000000000
     0.101768976     7.035242471     1.000000000
     0.102135719     7.035007611     1.000000000
     0.102502461     7.034772079     1.000000000
     0.102869204     7.034535874     1.000000000
     0.103235947     7.034298996     1.000000000
     0.103602689     7.034061446     1.000000000
     0.103969432     7.033823221     1.000000000
     0.104336175     7.033584323     1.000000000
     0.104702918     7.033344750     1.000000000
     0.105069660     7.033104502     1.000000000
     0.105436403     7.032863579     1.000000000
     0.105803146     7.032621979     1.000000000
     0.106169888     7.032379703     1.000000000
     0.106536631     7.032136749     1.000000000
     0.106903374     7.031893118     1.000000000
     0.107270117     7.031648808     1.000000000
     0.107636859     7.031403818     1.000000000
     0.108003602     7.031158149     1.000000000
     0.108370345     7.030911799     1.000000000
     0.108737087     7.030664768     1.000000000
     0.109103830     7.030417054     1.000000000
     0.109470573     7.030168658     1.000000000
     0.109837316     7.029919578     1.000000000
     0.110204058     7.029669813     1.000000000
     0.110570801     7.029419364     1.000000000
     0.110937544     7.029168228     1.000000000
     0.111304286     7.028916406     1.000000000
     0.111671029     7.028663896     1.000000000
     0.112037772     7.028410698     1.000000000
     0.112404515     7.028156810     1.000000000
     0.112771257     7.027902232     1.000000000
     0.113138000     7.027646964     1.000000000
     0.113504743     7.027391003     1.000000000
     0.113871485     7.027134350     1.000000000
     0.114238228     7.026877004     1.000000000
     0.114604971     7.026618963     1.000000000
     0.114971714     7.026360227     1.000000000
     0.115338456     7.026100795     1.000000000
     0.115705199     7.025840667     1.000000000
     0.116071942     7.025579840     1.000000000
     0.116438684     7.025318315     1.000000000
     0.116805427     7.025056090     1.000000000
     0.117172170     7.024793165     1.000000000
     0.117538913     7.024529539     1.000000000
     0.117905655     7.024265210     1.000000000
     0.118272398     7.024000179     1.000000000
     0.118639141     7.023734444     1.000000000
     0.119005883     7.023468004     1.000000000
     0.119372626     7.023200858     1.000000000
     0.119739369     7.022933007     1.000000000
     0.120106111     7.022664448     1.000000000
     0.120472854     7.022395180     1.000000000
     0.120839597     7.022125204     1.000000000
     0.121206340     7.021854519     1.000000000
     0.121573082     7.021583122     1.000000000
     0.121939825     7.021311014     1.000000000
     0.122306568     7.021038194     1.000000000
     0.122673310     7.020764661     1.000000000
     0.123040053     7.020490414     1.000000000
     0.123406796     7.020215452     1.000000000
     0.123773539     7.019939775     1.000000000
     0.124140281     7.019663382     1.000000000
     0.124507024     7.019386271     1.000000000
     0.124873767     7.019108443     1.000000000
     0.125240509     7.018829895     1.000000000
     0.125607252     7.018550629     1.000000000
     0.125973995     7.018270642     1.000000000
     0.126340738     7.017989934     1.000000000
     0.126707480     7.017708505     1.000000000
     0.127074223     7.017426353     1.000000000
     0.127440966     7.017143478     1.000000000
     0.127807708     7.016859879     1.000000000
     0.128174451     7.016575556     1.000000000
     0.128541194     7.016290507     1.000000000
     0.128907937     7.016004732     1.000000000
     0.129274679     7.015718230     1.000000000
     0.129641422     7.015431001     1.000000000
     0.130008165     7.015143043     1.000000000
     0.130374907     7.014854357     1.000000000
     0.130741650     7.014564941     1.000000000
     0.131108393     7.014274796     1.000000000
     0.131475136     7.013983919     1.000000000
     0.131841878     7.013692311     1.000000000
     0.132208621     7.013399971     1.000000000
     0.132575364     7.013106898     1.000000000
     0.132942106     7.012813092     1.000000000
     0.133308849     7.012518551     1.000000000
     0.133675592     7.012223277     1.000000000
     0.134042335     7.011927267     1.000000000
     0.134409077     7.011630521     1.000000000
     0.134775820     7.011333039     1.000000000
     0.135142563     7.011034820     1.000000000
     0.135509305     7.010735864     1.000000000
     0.135876048     7.010436170     1.000000000
     0.136242791     7.010135737     1.000000000
     0.136609534     7.009834565     1.000000000
     0.136976276     7.009532653     1.000000000
     0.137343019     7.009230001     1.000000000
     0.137709762     7.008926609     1.000000000
     0.138076504     7.008622475     1.000000000
     0.138443247     7.008317600     1.000000000
     0.138809990     7.008011982     1.000000000
     0.139176733     7.007705622     1.000000000
     0.139543475     7.007398519     1.000000000
     0.139910218     7.007090672     1.000000000
     0.140276961     7.006782081     1.000000000
     0.140643703     7.006472745     1.000000000
     0.141010446     7.006162665     1.000000000
     0.141377189     7.005851839     1.000000000
     0.141743931     7.005540267     1.000000000
     0.142110674     7.005227949     1.000000000
     0.142477417     7.004914885     1.000000000
     0.142844160     7.004601073     1.000000000
     0.143210902     7.004286514     1.000000000
     0.143577645     7.003971207     1.000000000
     0.143944388     7.003655152     1.000000000
     0.144311130     7.003338348     1.000000000
     0.144677873     7.003020795     1.000000000
     0.145044616     7.002702492     1.000000000
     0.145411359     7.002383440     1.000000000
     0.145778101     7.002063638     1.000000000
     0.146144844     7.001743086     1.000000000
     0.146511587     7.001421783     1.000000000
     0.146878329     7.001099729     1.000000000
     0.147245072     7.000776923     1.000000000
     0.147611815     7.000453366     1.000000000
     0.147978558     7.000129056     1.000000000
     0.148345300     6.999803995     1.000000000
     0.148712043     6.999478180     1.000000000
     0.149078786     6.999151613     1.000000000
     0.149445528     6.998824293     1.000000000
     0.149812271     6.998496219     1.000000000
     0.150179014     6.998167392     1.000000000
     0.150545757     6.997837810     1.000000000
     0.150912499     6.997507475     1.000000000
     0.151279242     6.997176385     1.000000000
     0.151645985     6.996844540     1.000000000
     0.152012727     6.996511940     1.000000000
     0.152379470     6.996178585     1.000000000
     0.152746213     6.995844475     1.000000000
     0.153112956     6.995509609     1.000000000
     0.153479698     6.995173987     1.000000000
     0.153846441     6.994837609     1.000000000
     0.154213184     6.994500475     1.000000000
     0.154579926     6.994162585     1.000000000
     0.154946669     6.993823938     1.000000000
     0.155313412     6.993484534     1.000000000
     0.155680155     6.993144373     1.000000000
     0.156046897     6.992803455     1.000000000
     0.156413640     6.992461780     1.000000000
     0.156780383     6.992119347     1.000000000
     0.157147125     6.991776156     1.000000000
     0.157513868     6.991432208     1.000000000
     0.157880611     6.991087502     1.000000000
     0.158247354     6.990742038     1.000000000
     0.158614096     6.990395815     1.000000000
     0.158980839     6.990048834     1.000000000
     0.159347582     6.989701095     1.000000000
     0.159714324     6.989352597     1.000000000
     0.160081067     6.989003340     1.000000000
     0.160447810     6.988653325     1.000000000
     0.160814553     6.988302550     1.000000000
     0.161181295     6.987951017     1.000000000
     0.161548038     6.987598724     1.000000000
     0.161914781     6.987245672     1.000000000
     0.162281523     6.986891861     1.000000000
     0.162648266     6.986537291     1.000000000
     0.163015009     6.986181961     1.000000000
     0.163381751     6.985825871     1.000000000
     0.163748494     6.985469022     1.000000000
     0.164115237     6.985111413     1.000000000
     0.164481980     6.984753044     1.000000000
     0.164848722     6.984393916     1.000000000
     0.165215465     6.984034027     1.000000000
     0.165582208     6.983673379     1.000000000
     0.165948950     6.983311970     1.000000000
     0.166315693     6.982949802     1.000000000
     0.166682436     6.982586873     1.000000000
     0.167049179     6.982223185     1.000000000
     0.167415921     6.981858736     1.000000000
     0.167782664     6.981493527     1.000000000
     0.168149407     6.981127558     1.000000000
     0.168516149     6.980760828     1.000000000
     0.168882892     6.980393339     1.000000000
     0.169249635     6.980025089     1.000000000
     0.169616378     6.979656079     1.000000000
     0.169983120     6.979286308     1.000000000
     0.170349863     6.978915777     1.000000000
     0.170716606     6.978544486     1.000000000
     0.171083348     6.978172435     1.000000000
     0.171450091     6.977799623     1.000000000
     0.171816834     6.977426051     1.000000000
     0.172183577     6.977051719     1.000000000
     0.172550319     6.976676627     1.000000000
  
     0.000000000     7.229832284     1.000000000
     0.000352217     7.229456869     1.000000000
     0.000704434     7.229080328     1.000000000
     0.001056651     7.228702658     1.000000000
     0.001408868     7.228323855     1.000000000
     0.001761085     7.227943916     1.000000000
     0.002113302     7.227562839     1.000000000
     0.002465519     7.227180619     1.000000000
     0.002817736     7.226797255     1.000000000
     0.003169953     7.226412742     1.000000000
     0.003522170     7.226027078     1.000000000
     0.003874386     7.225640260     1.000000000
     0.004226603     7.225252285     1.000000000
     0.004578820     7.224863149     1.000000000
     0.004931037     7.224472850     1.000000000
     0.005283254     7.224081384     1.000000000
     0.005635471     7.223688748     1.000000000
     0.005987688     7.223294940     1.000000000
     0.006339905     7.222899956     1.000000000
     0.006692122     7.222503793     1.000000000
     0.007044339     7.222106449     1.000000000
     0.007396556     7.221707920     1.000000000
     0.007748773     7.221308203     1.000000000
     0.008100990     7.220907295     1.000000000
     0.008453207     7.220505194     1.000000000
     0.008805424     7.220101897     1.000000000
     0.009157641     7.219697400     1.000000000
     0.009509858     7.219291701     1.000000000
     0.009862075     7.218884796     1.000000000
     0.010214292     7.218476684     1.000000000
     0.010566509     7.218067361     1.000000000
     0.010918726     7.217656824     1.000000000
     0.011270942     7.217245070     1.000000000
     0.011623159     7.216832098     1.000000000
     0.011975376     7.216417903     1.000000000
     0.012327593     7.216002484     1.000000000
     0.012679810     7.215585837     1.000000000
     0.013032027     7.215167961     1.000000000
     0.013384244     7.214748851     1.000000000
     0.013736461     7.214328506     1.000000000
     0.014088678     7.213906924     1.000000000
     0.014440895     7.213484101     1.000000000
     0.014793112     7.213060035     1.000000000
     0.015145329     7.212634723     1.000000000
     0.015497546     7.212208163     1.000000000
     0.015849763     7.211780354     1.000000000
     0.016201980     7.211351291     1.000000000
     0.016554197     7.210920973     1.000000000
     0.016906414     7.210489397     1.000000000
     0.017258631     7.210056562     1.000000000
     0.017610848     7.209622465     1.000000000
     0.017963065     7.209187103     1.000000000
     0.018315281     7.208750475     1.000000000
     0.018667498     7.208312577     1.000000000
     0.019019715     7.207873410     1.000000000
     0.019371932     7.207432969     1.000000000
     0.019724149     7.206991253     1.000000000
     0.020076366     7.206548260     1.000000000
     0.020428583     7.206103988     1.000000000
     0.020780800     7.205658435     1.000000000
     0.021133017     7.205211599     1.000000000
     0.021485234     7.204763479     1.000000000
     0.021837451     7.204314072     1.000000000
     0.022189668     7.203863377     1.000000000
     0.022541885     7.203411391     1.000000000
     0.022894102     7.202958114     1.000000000
     0.023246319     7.202503544     1.000000000
     0.023598536     7.202047679     1.000000000
     0.023950753     7.201590517     1.000000000
     0.024302970     7.201132057     1.000000000
     0.024655187     7.200672297     1.000000000
     0.025007404     7.200211236     1.000000000
     0.025359621     7.199748874     1.000000000
     0.025711837     7.199285207     1.000000000
     0.026064054     7.198820235     1.000000000
     0.026416271     7.198353957     1.000000000
     0.026768488     7.197886372     1.000000000
     0.027120705     7.197417478     1.000000000
     0.027472922     7.196947274     1.000000000
     0.027825139     7.196475760     1.000000000
     0.028177356     7.196002934     1.000000000
     0.028529573     7.195528795     1.000000000
     0.028881790     7.195053342     1.000000000
     0.029234007     7.194576575     1.000000000
     0.029586224     7.194098492     1.000000000
     0.029938441     7.193619094     1.000000000
     0.030290658     7.193138378     1.000000000
     0.030642875     7.192656345     1.000000000
     0.030995092     7.192172994     1.000000000
     0.031347309     7.191688325     1.000000000
     0.031699526     7.191202336     1.000000000
     0.032051743     7.190715027     1.000000000
     0.032403960     7.190226398     1.000000000
     0.032756177     7.189736449     1.000000000
     0.033108393     7.189245179     1.000000000
     0.033460610     7.188752587     1.000000000
     0.033812827     7.188258675     1.000000000
     0.034165044     7.187763441     1.000000000
     0.034517261     7.187266885     1.000000000
     0.034869478     7.186769008     1.000000000
     0.035221695     7.186269809     1.000000000
     0.035573912     7.185769288     1.000000000
     0.035926129     7.185267446     1.000000000
     0.036278346     7.184764282     1.000000000
     0.036630563     7.184259797     1.000000000
     0.036982780     7.183753991     1.000000000
     0.037334997     7.183246864     1.000000000
     0.037687214     7.182738417     1.000000000
     0.038039431     7.182228650     1.000000000
     0.038391648     7.181717563     1.000000000
     0.038743865     7.181205157     1.000000000
     0.039096082     7.180691432     1.000000000
     0.039448299     7.180176389     1.000000000
     0.039800516     7.179660029     1.000000000
     0.040152733     7.179142352     1.000000000
     0.040504949     7.178623359     1.000000000
     0.040857166     7.178103051     1.000000000
     0.041209383     7.177581428     1.000000000
     0.041561600     7.177058492     1.000000000
     0.041913817     7.176534243     1.000000000
     0.042266034     7.176008683     1.000000000
     0.042618251     7.175481812     1.000000000
     0.042970468     7.174953631     1.000000000
     0.043322685     7.174424142     1.000000000
     0.043674902     7.173893346     1.000000000
     0.044027119     7.173361243     1.000000000
     0.044379336     7.172827836     1.000000000
     0.044731553     7.172293125     1.000000000
     0.045083770     7.171757112     1.000000000
     0.045435987     7.171219798     1.000000000
     0.045788204     7.170681185     1.000000000
     0.046140421     7.170141273     1.000000000
     0.046492638     7.169600066     1.000000000
     0.046844855     7.169057563     1.000000000
     0.047197072     7.168513768     1.000000000
     0.047549289     7.167968681     1.000000000
     0.047901505     7.167422304     1.000000000
     0.048253722     7.166874639     1.000000000
     0.048605939     7.166325688     1.000000000
     0.048958156     7.165775452     1.000000000
     0.049310373     7.165223934     1.000000000
     0.049662590     7.164671135     1.000000000
     0.050014807     7.164117057     1.000000000
     0.050367024     7.163561703     1.000000000
     0.050719241     7.163005074     1.000000000
     0.051071458     7.162447173     1.000000000
     0.051423675     7.161888001     1.000000000
     0.051775892     7.161327560     1.000000000
     0.052128109     7.160765854     1.000000000
     0.052480326     7.160202884     1.000000000
     0.052832543     7.159638652     1.000000000
     0.053184760     7.159073161     1.000000000
     0.053536977     7.158506414     1.000000000
     0.053889194     7.157938411     1.000000000
     0.054241411     7.157369157     1.000000000
     0.054593628     7.156798653     1.000000000
     0.054945844     7.156226902     1.000000000
     0.055298061     7.155653907     1.000000000
     0.055650278     7.155079670     1.000000000
     0.056002495     7.154504193     1.000000000
     0.056354712     7.153927480     1.000000000
     0.056706929     7.153349532     1.000000000
     0.057059146     7.152770354     1.000000000
     0.057411363     7.152189947     1.000000000
     0.057763580     7.151608314     1.000000000
     0.058115797     7.151025459     1.000000000
     0.058468014     7.150441383     1.000000000
     0.058820231     7.149856090     1.000000000
     0.059172448     7.149269584     1.000000000
     0.059524665     7.148681865     1.000000000
     0.059876882     7.148092939     1.000000000
     0.060229099     7.147502808     1.000000000
     0.060581316     7.146911474     1.000000000
     0.060933533     7.146318941     1.000000000
     0.061285750     7.145725212     1.000000000
     0.061637967     7.145130291     1.000000000
     0.061990184     7.144534179     1.000000000
     0.062342400     7.143936881     1.000000000
     0.062694617     7.143338400     1.000000000
     0.063046834     7.142738740     1.000000000
     0.063399051     7.142137902     1.000000000
     0.063751268     7.141535891     1.000000000
     0.064103485     7.140932710     1.000000000
     0.064455702     7.140328362     1.000000000
     0.064807919     7.139722851     1.000000000
     0.065160136     7.139116181     1.000000000
     0.065512353     7.138508354     1.000000000
     0.065864570     7.137899374     1.000000000
     0.066216787     7.137289244     1.000000000
     0.066569004     7.136677969     1.000000000
     0.066921221     7.136065552     1.000000000
     0.067273438     7.135451996     1.000000000
     0.067625655     7.134837305     1.000000000
     0.067977872     7.134221482     1.000000000
     0.068330089     7.133604532     1.000000000
     0.068682306     7.132986457     1.000000000
     0.069034523     7.132367262     1.000000000
     0.069386740     7.131746951     1.000000000
     0.069738956     7.131125526     1.000000000
     0.070091173     7.130502993     1.000000000
     0.070443390     7.129879354     1.000000000
     0.070795607     7.129254613     1.000000000
     0.071147824     7.128628775     1.000000000
     0.071500041     7.128001843     1.000000000
     0.071852258     7.127373821     1.000000000
     0.072204475     7.126744714     1.000000000
     0.072556692     7.126114524     1.000000000
     0.072908909     7.125483256     1.000000000
     0.073261126     7.124850914     1.000000000
     0.073613343     7.124217501     1.000000000
     0.073965560     7.123583023     1.000000000
     0.074317777     7.122947482     1.000000000
     0.074669994     7.122310884     1.000000000
     0.075022211     7.121673232     1.000000000
     0.075374428     7.121034529     1.000000000
     0.075726645     7.120394781     1.000000000
     0.076078862     7.119753992     1.000000000
     0.076431079     7.119112165     1.000000000
     0.076783296     7.118469304     1.000000000
     0.077135512     7.117825415     1.000000000
     0.077487729     7.117180501     1.000000000
     0.077839946     7.116534566     1.000000000
     0.078192163     7.115887615     1.000000000
     0.078544380     7.115239652     1.000000000
     0.078896597     7.114590681     1.000000000
     0.079248814     7.113940706     1.000000000
     0.079601031     7.113289732     1.000000000
     0.079953248     7.112637764     1.000000000
     0.080305465     7.111984805     1.000000000
     0.080657682     7.111330860     1.000000000
     0.081009899     7.110675933     1.000000000
     0.081362116     7.110020029     1.000000000
     0.081714333     7.109363152     1.000000000
     0.082066550     7.108705307     1.000000000
     0.082418767     7.108046498     1.000000000
     0.082770984     7.107386729     1.000000000
     0.083123201     7.106726006     1.000000000
     0.083475418     7.106064332     1.000000000
     0.083827635     7.105401712     1.000000000
     0.084179851     7.104738151     1.000000000
     0.084532068     7.104073653     1.000000000
     0.084532068     7.181260531     1.000000000
     0.084898811     7.181236106     1.000000000
     0.085265554     7.181211393     1.000000000
     0.085632297     7.181186393     1.000000000
     0.085999039     7.181161104     1.000000000
     0.086365782     7.181135527     1.000000000
     0.086732525     7.181109661     1.000000000
     0.087099267     7.181083506     1.000000000
     0.087466010     7.181057061     1.000000000
     0.087832753     7.181030325     1.000000000
     0.088199496     7.181003299     1.000000000
     0.088566238     7.180975981     1.000000000
     0.088932981     7.180948372     1.000000000
     0.089299724     7.180920469     1.000000000
     0.089666466     7.180892273     1.000000000
     0.090033209     7.180863782     1.000000000
     0.090399952     7.180834996     1.000000000
     0.090766695     7.180805915     1.000000000
     0.091133437     7.180776537     1.000000000
     0.091500180     7.180746862     1.000000000
     0.091866923     7.180716888     1.000000000
     0.092233665     7.180686615     1.000000000
     0.092600408     7.180656042     1.000000000
     0.092967151     7.180625168     1.000000000
     0.093333894     7.180593991     1.000000000
     0.093700636     7.180562512     1.000000000
     0.094067379     7.180530729     1.000000000
     0.094434122     7.180498641     1.000000000
     0.094800864     7.180466247     1.000000000
     0.095167607     7.180433546     1.000000000
     0.095534350     7.180400537     1.000000000
     0.095901093     7.180367218     1.000000000
     0.096267835     7.180333590     1.000000000
     0.096634578     7.180299650     1.000000000
     0.097001321     7.180265397     1.000000000
     0.097368063     7.180230831     1.000000000
     0.097734806     7.180195951     1.000000000
     0.098101549     7.180160754     1.000000000
     0.098468291     7.180125240     1.000000000
     0.098835034     7.180089408     1.000000000
     0.099201777     7.180053257     1.000000000
     0.099568520     7.180016785     1.000000000
     0.099935262     7.179979992     1.000000000
     0.100302005     7.179942875     1.000000000
     0.100668748     7.179905434     1.000000000
     0.101035490     7.179867667     1.000000000
     0.101402233     7.179829574     1.000000000
     0.101768976     7.179791153     1.000000000
     0.102135719     7.179752403     1.000000000
     0.102502461     7.179713322     1.000000000
     0.102869204     7.179673909     1.000000000
     0.103235947     7.179634163     1.000000000
     0.103602689     7.179594083     1.000000000
     0.103969432     7.179553667     1.000000000
     0.104336175     7.179512914     1.000000000
     0.104702918     7.179471823     1.000000000
     0.105069660     7.179430392     1.000000000
     0.105436403     7.179388620     1.000000000
     0.105803146     7.179346506     1.000000000
     0.106169888     7.179304049     1.000000000
     0.106536631     7.179261246     1.000000000
     0.106903374     7.179218097     1.000000000
     0.107270117     7.179174601     1.000000000
     0.107636859     7.179130755     1.000000000
     0.108003602     7.179086559     1.000000000
     0.108370345     7.179042011     1.000000000
     0.108737087     7.178997111     1.000000000
     0.109103830     7.178951855     1.000000000
     0.109470573     7.178906244     1.000000000
     0.109837316     7.178860275     1.000000000
     0.110204058     7.178813948     1.000000000
     0.110570801     7.178767261     1.000000000
     0.110937544     7.178720212     1.000000000
     0.111304286     7.178672801     1.000000000
     0.111671029     7.178625025     1.000000000
     0.112037772     7.178576883     1.000000000
     0.112404515     7.178528374     1.000000000
     0.112771257     7.178479497     1.000000000
     0.113138000     7.178430250     1.000000000
     0.113504743     7.178380632     1.000000000
     0.113871485     7.178330640     1.000000000
     0.114238228     7.178280275     1.000000000
     0.114604971     7.178229534     1.000000000
     0.114971714     7.178178416     1.000000000
     0.115338456     7.178126919     1.000000000
     0.115705199     7.178075042     1.000000000
     0.116071942     7.178022784     1.000000000
     0.116438684     7.177970143     1.000000000
     0.116805427     7.177917118     1.000000000
     0.117172170     7.177863708     1.000000000
     0.117538913     7.177809909     1.000000000
     0.117905655     7.177755723     1.000000000
     0.118272398     7.177701146     1.000000000
     0.118639141     7.177646178     1.000000000
     0.119005883     7.177590817     1.000000000
     0.119372626     7.177535061     1.000000000
     0.119739369     7.177478909     1.000000000
     0.120106111     7.177422360     1.000000000
     0.120472854     7.177365412     1.000000000
     0.120839597     7.177308064     1.000000000
     0.121206340     7.177250314     1.000000000
     0.121573082     7.177192161     1.000000000
     0.121939825     7.177133604     1.000000000
     0.122306568     7.177074640     1.000000000
     0.122673310     7.177015268     1.000000000
     0.123040053     7.176955487     1.000000000
     0.123406796     7.176895296     1.000000000
     0.123773539     7.176834693     1.000000000
     0.124140281     7.176773676     1.000000000
     0.124507024     7.176712244     1.000000000
     0.124873767     7.176650396     1.000000000
     0.125240509     7.176588130     1.000000000
     0.125607252     7.176525444     1.000000000
     0.125973995     7.176462338     1.000000000
     0.126340738     7.176398809     1.000000000
     0.126707480     7.176334856     1.000000000
     0.127074223     7.176270478     1.000000000
     0.127440966     7.176205673     1.000000000
     0.127807708     7.176140440     1.000000000
     0.128174451     7.176074777     1.000000000
     0.128541194     7.176008683     1.000000000
     0.128907937     7.175942156     1.000000000
     0.129274679     7.175875195     1.000000000
     0.129641422     7.175807798     1.000000000
     0.130008165     7.175739964     1.000000000
     0.130374907     7.175671692     1.000000000
     0.130741650     7.175602979     1.000000000
     0.131108393     7.175533825     1.000000000
     0.131475136     7.175464228     1.000000000
     0.131841878     7.175394186     1.000000000
     0.132208621     7.175323698     1.000000000
     0.132575364     7.175252763     1.000000000
     0.132942106     7.175181378     1.000000000
     0.133308849     7.175109543     1.000000000
     0.133675592     7.175037257     1.000000000
     0.134042335     7.174964516     1.000000000
     0.134409077     7.174891321     1.000000000
     0.134775820     7.174817670     1.000000000
     0.135142563     7.174743560     1.000000000
     0.135509305     7.174668992     1.000000000
     0.135876048     7.174593962     1.000000000
     0.136242791     7.174518471     1.000000000
     0.136609534     7.174442515     1.000000000
     0.136976276     7.174366094     1.000000000
     0.137343019     7.174289207     1.000000000
     0.137709762     7.174211851     1.000000000
     0.138076504     7.174134026     1.000000000
     0.138443247     7.174055730     1.000000000
     0.138809990     7.173976961     1.000000000
     0.139176733     7.173897718     1.000000000
     0.139543475     7.173817999     1.000000000
     0.139910218     7.173737804     1.000000000
     0.140276961     7.173657130     1.000000000
     0.140643703     7.173575976     1.000000000
     0.141010446     7.173494341     1.000000000
     0.141377189     7.173412222     1.000000000
     0.141743931     7.173329620     1.000000000
     0.142110674     7.173246532     1.000000000
     0.142477417     7.173162956     1.000000000
     0.142844160     7.173078892     1.000000000
     0.143210902     7.172994337     1.000000000
     0.143577645     7.172909291     1.000000000
     0.143944388     7.172823752     1.000000000
     0.144311130     7.172737718     1.000000000
     0.144677873     7.172651188     1.000000000
     0.145044616     7.172564161     1.000000000
     0.145411359     7.172476635     1.000000000
     0.145778101     7.172388608     1.000000000
     0.146144844     7.172300080     1.000000000
     0.146511587     7.172211048     1.000000000
     0.146878329     7.172121512     1.000000000
     0.147245072     7.172031469     1.000000000
     0.147611815     7.171940919     1.000000000
     0.147978558     7.171849860     1.000000000
     0.148345300     7.171758290     1.000000000
     0.148712043     7.171666208     1.000000000
     0.149078786     7.171573612     1.000000000
     0.149445528     7.171480502     1.000000000
     0.149812271     7.171386876     1.000000000
     0.150179014     7.171292732     1.000000000
     0.150545757     7.171198068     1.000000000
     0.150912499     7.171102884     1.000000000
     0.151279242     7.171007178     1.000000000
     0.151645985     7.170910948     1.000000000
     0.152012727     7.170814194     1.000000000
     0.152379470     7.170716913     1.000000000
     0.152746213     7.170619104     1.000000000
     0.153112956     7.170520766     1.000000000
     0.153479698     7.170421897     1.000000000
     0.153846441     7.170322496     1.000000000
     0.154213184     7.170222562     1.000000000
     0.154579926     7.170122092     1.000000000
     0.154946669     7.170021087     1.000000000
     0.155313412     7.169919543     1.000000000
     0.155680155     7.169817460     1.000000000
     0.156046897     7.169714837     1.000000000
     0.156413640     7.169611671     1.000000000
     0.156780383     7.169507962     1.000000000
     0.157147125     7.169403709     1.000000000
     0.157513868     7.169298908     1.000000000
     0.157880611     7.169193560     1.000000000
     0.158247354     7.169087663     1.000000000
     0.158614096     7.168981215     1.000000000
     0.158980839     7.168874216     1.000000000
     0.159347582     7.168766663     1.000000000
     0.159714324     7.168658555     1.000000000
     0.160081067     7.168549891     1.000000000
     0.160447810     7.168440669     1.000000000
     0.160814553     7.168330888     1.000000000
     0.161181295     7.168220547     1.000000000
     0.161548038     7.168109644     1.000000000
     0.161914781     7.167998178     1.000000000
     0.162281523     7.167886147     1.000000000
     0.162648266     7.167773550     1.000000000
     0.163015009     7.167660386     1.000000000
     0.163381751     7.167546653     1.000000000
     0.163748494     7.167432350     1.000000000
     0.164115237     7.167317475     1.000000000
     0.164481980     7.167202027     1.000000000
     0.164848722     7.167086005     1.000000000
     0.165215465     7.166969407     1.000000000
     0.165582208     7.166852231     1.000000000
     0.165948950     7.166734478     1.000000000
     0.166315693     7.166616144     1.000000000
     0.166682436     7.166497229     1.000000000
     0.167049179     7.166377731     1.000000000
     0.167415921     7.166257650     1.000000000
     0.167782664     7.166136982     1.000000000
     0.168149407     7.166015728     1.000000000
     0.168516149     7.165893886     1.000000000
     0.168882892     7.165771454     1.000000000
     0.169249635     7.165648431     1.000000000
     0.169616378     7.165524816     1.000000000
     0.169983120     7.165400608     1.000000000
     0.170349863     7.165275804     1.000000000
     0.170716606     7.165150403     1.000000000
     0.171083348     7.165024405     1.000000000
     0.171450091     7.164897808     1.000000000
     0.171816834     7.164770610     1.000000000
     0.172183577     7.164642810     1.000000000
     0.172550319     7.164514407     1.000000000
  
     0.000000000     7.445640587     1.000000000
     0.000352217     7.444807967     1.000000000
     0.000704434     7.443979413     1.000000000
     0.001056651     7.443154915     1.000000000
     0.001408868     7.442334460     1.000000000
     0.001761085     7.441518038     1.000000000
     0.002113302     7.440705636     1.000000000
     0.002465519     7.439897243     1.000000000
     0.002817736     7.439092846     1.000000000
     0.003169953     7.438292433     1.000000000
     0.003522170     7.437495991     1.000000000
     0.003874386     7.436703509     1.000000000
     0.004226603     7.435914974     1.000000000
     0.004578820     7.435130373     1.000000000
     0.004931037     7.434349693     1.000000000
     0.005283254     7.433572921     1.000000000
     0.005635471     7.432800044     1.000000000
     0.005987688     7.432031050     1.000000000
     0.006339905     7.431265925     1.000000000
     0.006692122     7.430504655     1.000000000
     0.007044339     7.429747228     1.000000000
     0.007396556     7.428993630     1.000000000
     0.007748773     7.428243847     1.000000000
     0.008100990     7.427497867     1.000000000
     0.008453207     7.426755675     1.000000000
     0.008805424     7.426017257     1.000000000
     0.009157641     7.425282601     1.000000000
     0.009509858     7.424551692     1.000000000
     0.009862075     7.423824516     1.000000000
     0.010214292     7.423101060     1.000000000
     0.010566509     7.422381310     1.000000000
     0.010918726     7.421665252     1.000000000
     0.011270942     7.420952871     1.000000000
     0.011623159     7.420244154     1.000000000
     0.011975376     7.419539087     1.000000000
     0.012327593     7.418837655     1.000000000
     0.012679810     7.418139845     1.000000000
     0.013032027     7.417445643     1.000000000
     0.013384244     7.416755033     1.000000000
     0.013736461     7.416068003     1.000000000
     0.014088678     7.415384537     1.000000000
     0.014440895     7.414704623     1.000000000
     0.014793112     7.414028244     1.000000000
     0.015145329     7.413355388     1.000000000
     0.015497546     7.412686039     1.000000000
     0.015849763     7.412020185     1.000000000
     0.016201980     7.411357809     1.000000000
     0.016554197     7.410698899     1.000000000
     0.016906414     7.410043439     1.000000000
     0.017258631     7.409391416     1.000000000
     0.017610848     7.408742815     1.000000000
     0.017963065     7.408097621     1.000000000
     0.018315281     7.407455821     1.000000000
     0.018667498     7.406817400     1.000000000
     0.019019715     7.406182344     1.000000000
     0.019371932     7.405550639     1.000000000
     0.019724149     7.404922269     1.000000000
     0.020076366     7.404297221     1.000000000
     0.020428583     7.403675481     1.000000000
     0.020780800     7.403057033     1.000000000
     0.021133017     7.402441865     1.000000000
     0.021485234     7.401829961     1.000000000
     0.021837451     7.401221307     1.000000000
     0.022189668     7.400615889     1.000000000
     0.022541885     7.400013692     1.000000000
     0.022894102     7.399414703     1.000000000
     0.023246319     7.398818906     1.000000000
     0.023598536     7.398226288     1.000000000
     0.023950753     7.397636835     1.000000000
     0.024302970     7.397050532     1.000000000
     0.024655187     7.396467364     1.000000000
     0.025007404     7.395887318     1.000000000
     0.025359621     7.395310379     1.000000000
     0.025711837     7.394736533     1.000000000
     0.026064054     7.394165767     1.000000000
     0.026416271     7.393598064     1.000000000
     0.026768488     7.393033413     1.000000000
     0.027120705     7.392471797     1.000000000
     0.027472922     7.391913204     1.000000000
     0.027825139     7.391357618     1.000000000
     0.028177356     7.390805027     1.000000000
     0.028529573     7.390255415     1.000000000
     0.028881790     7.389708768     1.000000000
     0.029234007     7.389165072     1.000000000
     0.029586224     7.388624314     1.000000000
     0.029938441     7.388086479     1.000000000
     0.030290658     7.387551554     1.000000000
     0.030642875     7.387019523     1.000000000
     0.030995092     7.386490373     1.000000000
     0.031347309     7.385964090     1.000000000
     0.031699526     7.385440660     1.000000000
     0.032051743     7.384920069     1.000000000
     0.032403960     7.384402302     1.000000000
     0.032756177     7.383887347     1.000000000
     0.033108393     7.383375189     1.000000000
     0.033460610     7.382865813     1.000000000
     0.033812827     7.382359207     1.000000000
     0.034165044     7.381855356     1.000000000
     0.034517261     7.381354246     1.000000000
     0.034869478     7.380855863     1.000000000
     0.035221695     7.380360194     1.000000000
     0.035573912     7.379867225     1.000000000
     0.035926129     7.379376941     1.000000000
     0.036278346     7.378889330     1.000000000
     0.036630563     7.378404376     1.000000000
     0.036982780     7.377922067     1.000000000
     0.037334997     7.377442389     1.000000000
     0.037687214     7.376965327     1.000000000
     0.038039431     7.376490869     1.000000000
     0.038391648     7.376019000     1.000000000
     0.038743865     7.375549707     1.000000000
     0.039096082     7.375082976     1.000000000
     0.039448299     7.374618793     1.000000000
     0.039800516     7.374157145     1.000000000
     0.040152733     7.373698018     1.000000000
     0.040504949     7.373241399     1.000000000
     0.040857166     7.372787273     1.000000000
     0.041209383     7.372335628     1.000000000
     0.041561600     7.371886449     1.000000000
     0.041913817     7.371439724     1.000000000
     0.042266034     7.370995438     1.000000000
     0.042618251     7.370553579     1.000000000
     0.042970468     7.370114132     1.000000000
     0.043322685     7.369677085     1.000000000
     0.043674902     7.369242423     1.000000000
     0.044027119     7.368810134     1.000000000
     0.044379336     7.368380204     1.000000000
     0.044731553     7.367952619     1.000000000
     0.045083770     7.367527367     1.000000000
     0.045435987     7.367104434     1.000000000
     0.045788204     7.366683806     1.000000000
     0.046140421     7.366265471     1.000000000
     0.046492638     7.365849414     1.000000000
     0.046844855     7.365435624     1.000000000
     0.047197072     7.365024086     1.000000000
     0.047549289     7.364614787     1.000000000
     0.047901505     7.364207715     1.000000000
     0.048253722     7.363802855     1.000000000
     0.048605939     7.363400196     1.000000000
     0.048958156     7.362999723     1.000000000
     0.049310373     7.362601423     1.000000000
     0.049662590     7.362205285     1.000000000
     0.050014807     7.361811293     1.000000000
     0.050367024     7.361419437     1.000000000
     0.050719241     7.361029701     1.000000000
     0.051071458     7.360642074     1.000000000
     0.051423675     7.360256543     1.000000000
     0.051775892     7.359873094     1.000000000
     0.052128109     7.359491715     1.000000000
     0.052480326     7.359112393     1.000000000
     0.052832543     7.358735114     1.000000000
     0.053184760     7.358359867     1.000000000
     0.053536977     7.357986638     1.000000000
     0.053889194     7.357615414     1.000000000
     0.054241411     7.357246183     1.000000000
     0.054593628     7.356878932     1.000000000
     0.054945844     7.356513649     1.000000000
     0.055298061     7.356150320     1.000000000
     0.055650278     7.355788932     1.000000000
     0.056002495     7.355429474     1.000000000
     0.056354712     7.355071933     1.000000000
     0.056706929     7.354716296     1.000000000
     0.057059146     7.354362550     1.000000000
     0.057411363     7.354010683     1.000000000
     0.057763580     7.353660683     1.000000000
     0.058115797     7.353312536     1.000000000
     0.058468014     7.352966231     1.000000000
     0.058820231     7.352621756     1.000000000
     0.059172448     7.352279097     1.000000000
     0.059524665     7.351938242     1.000000000
     0.059876882     7.351599180     1.000000000
     0.060229099     7.351261897     1.000000000
     0.060581316     7.350926381     1.000000000
     0.060933533     7.350592621     1.000000000
     0.061285750     7.350260604     1.000000000
     0.061637967     7.349930317     1.000000000
     0.061990184     7.349601749     1.000000000
     0.062342400     7.349274887     1.000000000
     0.062694617     7.348949720     1.000000000
     0.063046834     7.348626235     1.000000000
     0.063399051     7.348304420     1.000000000
     0.063751268     7.347984263     1.000000000
     0.064103485     7.347665752     1.000000000
     0.064455702     7.347348876     1.000000000
     0.064807919     7.347033622     1.000000000
     0.065160136     7.346719978     1.000000000
     0.065512353     7.346407932     1.000000000
     0.065864570     7.346097473     1.000000000
     0.066216787     7.345788589     1.000000000
     0.066569004     7.345481268     1.000000000
     0.066921221     7.345175498     1.000000000
     0.067273438     7.344871267     1.000000000
     0.067625655     7.344568564     1.000000000
     0.067977872     7.344267378     1.000000000
     0.068330089     7.343967695     1.000000000
     0.068682306     7.343669506     1.000000000
     0.069034523     7.343372798     1.000000000
     0.069386740     7.343077559     1.000000000
     0.069738956     7.342783779     1.000000000
     0.070091173     7.342491446     1.000000000
     0.070443390     7.342200547     1.000000000
     0.070795607     7.341911073     1.000000000
     0.071147824     7.341623011     1.000000000
     0.071500041     7.341336350     1.000000000
     0.071852258     7.341051078     1.000000000
     0.072204475     7.340767185     1.000000000
     0.072556692     7.340484659     1.000000000
     0.072908909     7.340203489     1.000000000
     0.073261126     7.339923664     1.000000000
     0.073613343     7.339645172     1.000000000
     0.073965560     7.339368003     1.000000000
     0.074317777     7.339092144     1.000000000
     0.074669994     7.338817586     1.000000000
     0.075022211     7.338544316     1.000000000
     0.075374428     7.338272325     1.000000000
     0.075726645     7.338001600     1.000000000
     0.076078862     7.337732132     1.000000000
     0.076431079     7.337463908     1.000000000
     0.076783296     7.337196919     1.000000000
     0.077135512     7.336931153     1.000000000
     0.077487729     7.336666599     1.000000000
     0.077839946     7.336403247     1.000000000
     0.078192163     7.336141086     1.000000000
     0.078544380     7.335880104     1.000000000
     0.078896597     7.335620292     1.000000000
     0.079248814     7.335361638     1.000000000
     0.079601031     7.335104133     1.000000000
     0.079953248     7.334847764     1.000000000
     0.080305465     7.334592522     1.000000000
     0.080657682     7.334338396     1.000000000
     0.081009899     7.334085375     1.000000000
     0.081362116     7.333833450     1.000000000
     0.081714333     7.333582609     1.000000000
     0.082066550     7.333332841     1.000000000
     0.082418767     7.333084137     1.000000000
     0.082770984     7.332836487     1.000000000
     0.083123201     7.332589879     1.000000000
     0.083475418     7.332344303     1.000000000
     0.083827635     7.332099749     1.000000000
     0.084179851     7.331856207     1.000000000
     0.084532068     7.331613666     1.000000000
     0.084532068     7.240101803     1.000000000
     0.084898811     7.241044208     1.000000000
     0.085265554     7.241991341     1.000000000
     0.085632297     7.242943148     1.000000000
     0.085999039     7.243899580     1.000000000
     0.086365782     7.244860583     1.000000000
     0.086732525     7.245826107     1.000000000
     0.087099267     7.246796100     1.000000000
     0.087466010     7.247770511     1.000000000
     0.087832753     7.248749287     1.000000000
     0.088199496     7.249732377     1.000000000
     0.088566238     7.250719728     1.000000000
     0.088932981     7.251711290     1.000000000
     0.089299724     7.252707008     1.000000000
     0.089666466     7.253706832     1.000000000
     0.090033209     7.254710708     1.000000000
     0.090399952     7.255718584     1.000000000
     0.090766695     7.256730408     1.000000000
     0.091133437     7.257746126     1.000000000
     0.091500180     7.258765685     1.000000000
     0.091866923     7.259789034     1.000000000
     0.092233665     7.260816117     1.000000000
     0.092600408     7.261846882     1.000000000
     0.092967151     7.262881275     1.000000000
     0.093333894     7.263919243     1.000000000
     0.093700636     7.264960731     1.000000000
     0.094067379     7.266005686     1.000000000
     0.094434122     7.267054053     1.000000000
     0.094800864     7.268105777     1.000000000
     0.095167607     7.269160805     1.000000000
     0.095534350     7.270219081     1.000000000
     0.095901093     7.271280549     1.000000000
     0.096267835     7.272345156     1.000000000
     0.096634578     7.273412845     1.000000000
     0.097001321     7.274483561     1.000000000
     0.097368063     7.275557248     1.000000000
     0.097734806     7.276633849     1.000000000
     0.098101549     7.277713309     1.000000000
     0.098468291     7.278795571     1.000000000
     0.098835034     7.279880578     1.000000000
     0.099201777     7.280968272     1.000000000
     0.099568520     7.282058597     1.000000000
     0.099935262     7.283151495     1.000000000
     0.100302005     7.284246908     1.000000000
     0.100668748     7.285344779     1.000000000
     0.101035490     7.286445048     1.000000000
     0.101402233     7.287547657     1.000000000
     0.101768976     7.288652547     1.000000000
     0.102135719     7.289759659     1.000000000
     0.102502461     7.290868933     1.000000000
     0.102869204     7.291980310     1.000000000
     0.103235947     7.293093730     1.000000000
     0.103602689     7.294209131     1.000000000
     0.103969432     7.295326454     1.000000000
     0.104336175     7.296445636     1.000000000
     0.104702918     7.297566618     1.000000000
     0.105069660     7.298689336     1.000000000
     0.105436403     7.299813730     1.000000000
     0.105803146     7.300939735     1.000000000
     0.106169888     7.302067291     1.000000000
     0.106536631     7.303196333     1.000000000
     0.106903374     7.304326798     1.000000000
     0.107270117     7.305458622     1.000000000
     0.107636859     7.306591741     1.000000000
     0.108003602     7.307726090     1.000000000
     0.108370345     7.308861604     1.000000000
     0.108737087     7.309998217     1.000000000
     0.109103830     7.311135864     1.000000000
     0.109470573     7.312274479     1.000000000
     0.109837316     7.313413994     1.000000000
     0.110204058     7.314554342     1.000000000
     0.110570801     7.315695457     1.000000000
     0.110937544     7.316837269     1.000000000
     0.111304286     7.317979710     1.000000000
     0.111671029     7.319122711     1.000000000
     0.112037772     7.320266203     1.000000000
     0.112404515     7.321410115     1.000000000
     0.112771257     7.322554378     1.000000000
     0.113138000     7.323698920     1.000000000
     0.113504743     7.324843670     1.000000000
     0.113871485     7.325988555     1.000000000
     0.114238228     7.327133504     1.000000000
     0.114604971     7.328278443     1.000000000
     0.114971714     7.329423299     1.000000000
     0.115338456     7.330567997     1.000000000
     0.115705199     7.331712462     1.000000000
     0.116071942     7.332856621     1.000000000
     0.116438684     7.334000396     1.000000000
     0.116805427     7.335143710     1.000000000
     0.117172170     7.336286489     1.000000000
     0.117538913     7.337428652     1.000000000
     0.117905655     7.338570122     1.000000000
     0.118272398     7.339710821     1.000000000
     0.118639141     7.340850669     1.000000000
     0.119005883     7.341989585     1.000000000
     0.119372626     7.343127488     1.000000000
     0.119739369     7.344264298     1.000000000
     0.120106111     7.345399932     1.000000000
     0.120472854     7.346534307     1.000000000
     0.120839597     7.347667340     1.000000000
     0.121206340     7.348798946     1.000000000
     0.121573082     7.349929041     1.000000000
     0.121939825     7.351057538     1.000000000
     0.122306568     7.352184353     1.000000000
     0.122673310     7.353309397     1.000000000
     0.123040053     7.354432583     1.000000000
     0.123406796     7.355553822     1.000000000
     0.123773539     7.356673025     1.000000000
     0.124140281     7.357790103     1.000000000
     0.124507024     7.358904964     1.000000000
     0.124873767     7.360017517     1.000000000
     0.125240509     7.361127670     1.000000000
     0.125607252     7.362235329     1.000000000
     0.125973995     7.363340401     1.000000000
     0.126340738     7.364442792     1.000000000
     0.126707480     7.365542406     1.000000000
     0.127074223     7.366639148     1.000000000
     0.127440966     7.367732920     1.000000000
     0.127807708     7.368823624     1.000000000
     0.128174451     7.369911163     1.000000000
     0.128541194     7.370995438     1.000000000
     0.128907937     7.372076349     1.000000000
     0.129274679     7.373153794     1.000000000
     0.129641422     7.374227673     1.000000000
     0.130008165     7.375297884     1.000000000
     0.130374907     7.376364324     1.000000000
     0.130741650     7.377426890     1.000000000
     0.131108393     7.378485477     1.000000000
     0.131475136     7.379539981     1.000000000
     0.131841878     7.380590296     1.000000000
     0.132208621     7.381636315     1.000000000
     0.132575364     7.382677933     1.000000000
     0.132942106     7.383715041     1.000000000
     0.133308849     7.384747532     1.000000000
     0.133675592     7.385775297     1.000000000
     0.134042335     7.386798227     1.000000000
     0.134409077     7.387816213     1.000000000
     0.134775820     7.388829143     1.000000000
     0.135142563     7.389836908     1.000000000
     0.135509305     7.390839397     1.000000000
     0.135876048     7.391836497     1.000000000
     0.136242791     7.392828098     1.000000000
     0.136609534     7.393814088     1.000000000
     0.136976276     7.394794353     1.000000000
     0.137343019     7.395768781     1.000000000
     0.137709762     7.396737260     1.000000000
     0.138076504     7.397699677     1.000000000
     0.138443247     7.398655919     1.000000000
     0.138809990     7.399605873     1.000000000
     0.139176733     7.400549425     1.000000000
     0.139543475     7.401486464     1.000000000
     0.139910218     7.402416876     1.000000000
     0.140276961     7.403340549     1.000000000
     0.140643703     7.404257372     1.000000000
     0.141010446     7.405167231     1.000000000
     0.141377189     7.406070016     1.000000000
     0.141743931     7.406965616     1.000000000
     0.142110674     7.407853920     1.000000000
     0.142477417     7.408734820     1.000000000
     0.142844160     7.409608206     1.000000000
     0.143210902     7.410473971     1.000000000
     0.143577645     7.411332006     1.000000000
     0.143944388     7.412182207     1.000000000
     0.144311130     7.413024467     1.000000000
     0.144677873     7.413858684     1.000000000
     0.145044616     7.414684755     1.000000000
     0.145411359     7.415502578     1.000000000
     0.145778101     7.416312054     1.000000000
     0.146144844     7.417113084     1.000000000
     0.146511587     7.417905573     1.000000000
     0.146878329     7.418689425     1.000000000
     0.147245072     7.419464547     1.000000000
     0.147611815     7.420230848     1.000000000
     0.147978558     7.420988240     1.000000000
     0.148345300     7.421736635     1.000000000
     0.148712043     7.422475949     1.000000000
     0.149078786     7.423206099     1.000000000
     0.149445528     7.423927006     1.000000000
     0.149812271     7.424638592     1.000000000
     0.150179014     7.425340782     1.000000000
     0.150545757     7.426033504     1.000000000
     0.150912499     7.426716688     1.000000000
     0.151279242     7.427390268     1.000000000
     0.151645985     7.428054181     1.000000000
     0.152012727     7.428708365     1.000000000
     0.152379470     7.429352762     1.000000000
     0.152746213     7.429987319     1.000000000
     0.153112956     7.430611984     1.000000000
     0.153479698     7.431226708     1.000000000
     0.153846441     7.431831447     1.000000000
     0.154213184     7.432426159     1.000000000
     0.154579926     7.433010807     1.000000000
     0.154946669     7.433585355     1.000000000
     0.155313412     7.434149772     1.000000000
     0.155680155     7.434704031     1.000000000
     0.156046897     7.435248108     1.000000000
     0.156413640     7.435781981     1.000000000
     0.156780383     7.436305633     1.000000000
     0.157147125     7.436819052     1.000000000
     0.157513868     7.437322226     1.000000000
     0.157880611     7.437815150     1.000000000
     0.158247354     7.438297821     1.000000000
     0.158614096     7.438770238     1.000000000
     0.158980839     7.439232407     1.000000000
     0.159347582     7.439684334     1.000000000
     0.159714324     7.440126031     1.000000000
     0.160081067     7.440557513     1.000000000
     0.160447810     7.440978796     1.000000000
     0.160814553     7.441389902     1.000000000
     0.161181295     7.441790855     1.000000000
     0.161548038     7.442181683     1.000000000
     0.161914781     7.442562416     1.000000000
     0.162281523     7.442933088     1.000000000
     0.162648266     7.443293736     1.000000000
     0.163015009     7.443644399     1.000000000
     0.163381751     7.443985119     1.000000000
     0.163748494     7.444315943     1.000000000
     0.164115237     7.444636917     1.000000000
     0.164481980     7.444948093     1.000000000
     0.164848722     7.445249523     1.000000000
     0.165215465     7.445541263     1.000000000
     0.165582208     7.445823370     1.000000000
     0.165948950     7.446095904     1.000000000
     0.166315693     7.446358927     1.000000000
     0.166682436     7.446612504     1.000000000
     0.167049179     7.446856700     1.000000000
     0.167415921     7.447091584     1.000000000
     0.167782664     7.447317224     1.000000000
     0.168149407     7.447533692     1.000000000
     0.168516149     7.447741061     1.000000000
     0.168882892     7.447939404     1.000000000
     0.169249635     7.448128799     1.000000000
     0.169616378     7.448309320     1.000000000
     0.169983120     7.448481047     1.000000000
     0.170349863     7.448644057     1.000000000
     0.170716606     7.448798432     1.000000000
     0.171083348     7.448944252     1.000000000
     0.171450091     7.449081598     1.000000000
     0.171816834     7.449210553     1.000000000
     0.172183577     7.449331200     1.000000000
     0.172550319     7.449443623     1.000000000
  
     0.000000000     7.625403895     1.000000000
     0.000352217     7.625087954     1.000000000
     0.000704434     7.624771855     1.000000000
     0.001056651     7.624455583     1.000000000
     0.001408868     7.624139127     1.000000000
     0.001761085     7.623822473     1.000000000
     0.002113302     7.623505610     1.000000000
     0.002465519     7.623188525     1.000000000
     0.002817736     7.622871206     1.000000000
     0.003169953     7.622553643     1.000000000
     0.003522170     7.622235823     1.000000000
     0.003874386     7.621917737     1.000000000
     0.004226603     7.621599372     1.000000000
     0.004578820     7.621280719     1.000000000
     0.004931037     7.620961768     1.000000000
     0.005283254     7.620642507     1.000000000
     0.005635471     7.620322928     1.000000000
     0.005987688     7.620003021     1.000000000
     0.006339905     7.619682777     1.000000000
     0.006692122     7.619362185     1.000000000
     0.007044339     7.619041237     1.000000000
     0.007396556     7.618719925     1.000000000
     0.007748773     7.618398239     1.000000000
     0.008100990     7.618076171     1.000000000
     0.008453207     7.617753713     1.000000000
     0.008805424     7.617430857     1.000000000
     0.009157641     7.617107594     1.000000000
     0.009509858     7.616783917     1.000000000
     0.009862075     7.616459818     1.000000000
     0.010214292     7.616135289     1.000000000
     0.010566509     7.615810324     1.000000000
     0.010918726     7.615484916     1.000000000
     0.011270942     7.615159056     1.000000000
     0.011623159     7.614832738     1.000000000
     0.011975376     7.614505956     1.000000000
     0.012327593     7.614178703     1.000000000
     0.012679810     7.613850972     1.000000000
     0.013032027     7.613522757     1.000000000
     0.013384244     7.613194052     1.000000000
     0.013736461     7.612864850     1.000000000
     0.014088678     7.612535146     1.000000000
     0.014440895     7.612204934     1.000000000
     0.014793112     7.611874207     1.000000000
     0.015145329     7.611542961     1.000000000
     0.015497546     7.611211190     1.000000000
     0.015849763     7.610878888     1.000000000
     0.016201980     7.610546051     1.000000000
     0.016554197     7.610212672     1.000000000
     0.016906414     7.609878747     1.000000000
     0.017258631     7.609544271     1.000000000
     0.017610848     7.609209238     1.000000000
     0.017963065     7.608873645     1.000000000
     0.018315281     7.608537486     1.000000000
     0.018667498     7.608200756     1.000000000
     0.019019715     7.607863452     1.000000000
     0.019371932     7.607525569     1.000000000
     0.019724149     7.607187102     1.000000000
     0.020076366     7.606848047     1.000000000
     0.020428583     7.606508400     1.000000000
     0.020780800     7.606168157     1.000000000
     0.021133017     7.605827313     1.000000000
     0.021485234     7.605485866     1.000000000
     0.021837451     7.605143810     1.000000000
     0.022189668     7.604801143     1.000000000
     0.022541885     7.604457860     1.000000000
     0.022894102     7.604113958     1.000000000
     0.023246319     7.603769433     1.000000000
     0.023598536     7.603424282     1.000000000
     0.023950753     7.603078502     1.000000000
     0.024302970     7.602732088     1.000000000
     0.024655187     7.602385038     1.000000000
     0.025007404     7.602037348     1.000000000
     0.025359621     7.601689016     1.000000000
     0.025711837     7.601340038     1.000000000
     0.026064054     7.600990411     1.000000000
     0.026416271     7.600640132     1.000000000
     0.026768488     7.600289199     1.000000000
     0.027120705     7.599937608     1.000000000
     0.027472922     7.599585356     1.000000000
     0.027825139     7.599232442     1.000000000
     0.028177356     7.598878861     1.000000000
     0.028529573     7.598524612     1.000000000
     0.028881790     7.598169693     1.000000000
     0.029234007     7.597814099     1.000000000
     0.029586224     7.597457830     1.000000000
     0.029938441     7.597100882     1.000000000
     0.030290658     7.596743253     1.000000000
     0.030642875     7.596384942     1.000000000
     0.030995092     7.596025945     1.000000000
     0.031347309     7.595666260     1.000000000
     0.031699526     7.595305886     1.000000000
     0.032051743     7.594944820     1.000000000
     0.032403960     7.594583060     1.000000000
     0.032756177     7.594220604     1.000000000
     0.033108393     7.593857451     1.000000000
     0.033460610     7.593493597     1.000000000
     0.033812827     7.593129042     1.000000000
     0.034165044     7.592763783     1.000000000
     0.034517261     7.592397819     1.000000000
     0.034869478     7.592031148     1.000000000
     0.035221695     7.591663769     1.000000000
     0.035573912     7.591295678     1.000000000
     0.035926129     7.590926876     1.000000000
     0.036278346     7.590557360     1.000000000
     0.036630563     7.590187129     1.000000000
     0.036982780     7.589816181     1.000000000
     0.037334997     7.589444514     1.000000000
     0.037687214     7.589072129     1.000000000
     0.038039431     7.588699022     1.000000000
     0.038391648     7.588325193     1.000000000
     0.038743865     7.587950640     1.000000000
     0.039096082     7.587575362     1.000000000
     0.039448299     7.587199358     1.000000000
     0.039800516     7.586822627     1.000000000
     0.040152733     7.586445167     1.000000000
     0.040504949     7.586066977     1.000000000
     0.040857166     7.585688057     1.000000000
     0.041209383     7.585308405     1.000000000
     0.041561600     7.584928020     1.000000000
     0.041913817     7.584546901     1.000000000
     0.042266034     7.584165047     1.000000000
     0.042618251     7.583782457     1.000000000
     0.042970468     7.583399131     1.000000000
     0.043322685     7.583015067     1.000000000
     0.043674902     7.582630265     1.000000000
     0.044027119     7.582244723     1.000000000
     0.044379336     7.581858442     1.000000000
     0.044731553     7.581471420     1.000000000
     0.045083770     7.581083657     1.000000000
     0.045435987     7.580695152     1.000000000
     0.045788204     7.580305904     1.000000000
     0.046140421     7.579915912     1.000000000
     0.046492638     7.579525177     1.000000000
     0.046844855     7.579133697     1.000000000
     0.047197072     7.578741473     1.000000000
     0.047549289     7.578348503     1.000000000
     0.047901505     7.577954787     1.000000000
     0.048253722     7.577560324     1.000000000
     0.048605939     7.577165115     1.000000000
     0.048958156     7.576769159     1.000000000
     0.049310373     7.576372455     1.000000000
     0.049662590     7.575975004     1.000000000
     0.050014807     7.575576804     1.000000000
     0.050367024     7.575177856     1.000000000
     0.050719241     7.574778160     1.000000000
     0.051071458     7.574377715     1.000000000
     0.051423675     7.573976520     1.000000000
     0.051775892     7.573574577     1.000000000
     0.052128109     7.573171884     1.000000000
     0.052480326     7.572768442     1.000000000
     0.052832543     7.572364250     1.000000000
     0.053184760     7.571959309     1.000000000
     0.053536977     7.571553619     1.000000000
     0.053889194     7.571147178     1.000000000
     0.054241411     7.570739989     1.000000000
     0.054593628     7.570332050     1.000000000
     0.054945844     7.569923361     1.000000000
     0.055298061     7.569513923     1.000000000
     0.055650278     7.569103736     1.000000000
     0.056002495     7.568692800     1.000000000
     0.056354712     7.568281116     1.000000000
     0.056706929     7.567868682     1.000000000
     0.057059146     7.567455501     1.000000000
     0.057411363     7.567041571     1.000000000
     0.057763580     7.566626894     1.000000000
     0.058115797     7.566211468     1.000000000
     0.058468014     7.565795296     1.000000000
     0.058820231     7.565378377     1.000000000
     0.059172448     7.564960711     1.000000000
     0.059524665     7.564542300     1.000000000
     0.059876882     7.564123143     1.000000000
     0.060229099     7.563703240     1.000000000
     0.060581316     7.563282593     1.000000000
     0.060933533     7.562861202     1.000000000
     0.061285750     7.562439067     1.000000000
     0.061637967     7.562016189     1.000000000
     0.061990184     7.561592568     1.000000000
     0.062342400     7.561168205     1.000000000
     0.062694617     7.560743101     1.000000000
     0.063046834     7.560317257     1.000000000
     0.063399051     7.559890672     1.000000000
     0.063751268     7.559463348     1.000000000
     0.064103485     7.559035285     1.000000000
     0.064455702     7.558606484     1.000000000
     0.064807919     7.558176947     1.000000000
     0.065160136     7.557746672     1.000000000
     0.065512353     7.557315663     1.000000000
     0.065864570     7.556883918     1.000000000
     0.066216787     7.556451440     1.000000000
     0.066569004     7.556018229     1.000000000
     0.066921221     7.555584285     1.000000000
     0.067273438     7.555149611     1.000000000
     0.067625655     7.554714206     1.000000000
     0.067977872     7.554278072     1.000000000
     0.068330089     7.553841209     1.000000000
     0.068682306     7.553403620     1.000000000
     0.069034523     7.552965304     1.000000000
     0.069386740     7.552526263     1.000000000
     0.069738956     7.552086498     1.000000000
     0.070091173     7.551646009     1.000000000
     0.070443390     7.551204800     1.000000000
     0.070795607     7.550762869     1.000000000
     0.071147824     7.550320219     1.000000000
     0.071500041     7.549876850     1.000000000
     0.071852258     7.549432764     1.000000000
     0.072204475     7.548987963     1.000000000
     0.072556692     7.548542447     1.000000000
     0.072908909     7.548096217     1.000000000
     0.073261126     7.547649276     1.000000000
     0.073613343     7.547201623     1.000000000
     0.073965560     7.546753262     1.000000000
     0.074317777     7.546304192     1.000000000
     0.074669994     7.545854416     1.000000000
     0.075022211     7.545403935     1.000000000
     0.075374428     7.544952751     1.000000000
     0.075726645     7.544500864     1.000000000
     0.076078862     7.544048276     1.000000000
     0.076431079     7.543594989     1.000000000
     0.076783296     7.543141005     1.000000000
     0.077135512     7.542686324     1.000000000
     0.077487729     7.542230949     1.000000000
     0.077839946     7.541774881     1.000000000
     0.078192163     7.541318122     1.000000000
     0.078544380     7.540860673     1.000000000
     0.078896597     7.540402536     1.000000000
     0.079248814     7.539943713     1.000000000
     0.079601031     7.539484206     1.000000000
     0.079953248     7.539024016     1.000000000
     0.080305465     7.538563144     1.000000000
     0.080657682     7.538101594     1.000000000
     0.081009899     7.537639366     1.000000000
     0.081362116     7.537176463     1.000000000
     0.081714333     7.536712886     1.000000000
     0.082066550     7.536248638     1.000000000
     0.082418767     7.535783719     1.000000000
     0.082770984     7.535318133     1.000000000
     0.083123201     7.534851880     1.000000000
     0.083475418     7.534384964     1.000000000
     0.083827635     7.533917386     1.000000000
     0.084179851     7.533449147     1.000000000
     0.084532068     7.532980251     1.000000000
     0.084532068     7.589921009     1.000000000
     0.084898811     7.589850356     1.000000000
     0.085265554     7.589779432     1.000000000
     0.085632297     7.589708248     1.000000000
     0.085999039     7.589636813     1.000000000
     0.086365782     7.589565136     1.000000000
     0.086732525     7.589493227     1.000000000
     0.087099267     7.589421095     1.000000000
     0.087466010     7.589348750     1.000000000
     0.087832753     7.589276203     1.000000000
     0.088199496     7.589203464     1.000000000
     0.088566238     7.589130543     1.000000000
     0.088932981     7.589057450     1.000000000
     0.089299724     7.588984198     1.000000000
     0.089666466     7.588910796     1.000000000
     0.090033209     7.588837256     1.000000000
     0.090399952     7.588763589     1.000000000
     0.090766695     7.588689806     1.000000000
     0.091133437     7.588615921     1.000000000
     0.091500180     7.588541943     1.000000000
     0.091866923     7.588467887     1.000000000
     0.092233665     7.588393763     1.000000000
     0.092600408     7.588319586     1.000000000
     0.092967151     7.588245366     1.000000000
     0.093333894     7.588171119     1.000000000
     0.093700636     7.588096856     1.000000000
     0.094067379     7.588022592     1.000000000
     0.094434122     7.587948340     1.000000000
     0.094800864     7.587874114     1.000000000
     0.095167607     7.587799928     1.000000000
     0.095534350     7.587725797     1.000000000
     0.095901093     7.587651736     1.000000000
     0.096267835     7.587577760     1.000000000
     0.096634578     7.587503883     1.000000000
     0.097001321     7.587430122     1.000000000
     0.097368063     7.587356492     1.000000000
     0.097734806     7.587283010     1.000000000
     0.098101549     7.587209691     1.000000000
     0.098468291     7.587136552     1.000000000
     0.098835034     7.587063611     1.000000000
     0.099201777     7.586990884     1.000000000
     0.099568520     7.586918390     1.000000000
     0.099935262     7.586846145     1.000000000
     0.100302005     7.586774169     1.000000000
     0.100668748     7.586702479     1.000000000
     0.101035490     7.586631095     1.000000000
     0.101402233     7.586560035     1.000000000
     0.101768976     7.586489320     1.000000000
     0.102135719     7.586418969     1.000000000
     0.102502461     7.586349002     1.000000000
     0.102869204     7.586279440     1.000000000
     0.103235947     7.586210304     1.000000000
     0.103602689     7.586141615     1.000000000
     0.103969432     7.586073395     1.000000000
     0.104336175     7.586005666     1.000000000
     0.104702918     7.585938450     1.000000000
     0.105069660     7.585871771     1.000000000
     0.105436403     7.585805651     1.000000000
     0.105803146     7.585740114     1.000000000
     0.106169888     7.585675186     1.000000000
     0.106536631     7.585610889     1.000000000
     0.106903374     7.585547249     1.000000000
     0.107270117     7.585484292     1.000000000
     0.107636859     7.585422043     1.000000000
     0.108003602     7.585360530     1.000000000
     0.108370345     7.585299778     1.000000000
     0.108737087     7.585239815     1.000000000
     0.109103830     7.585180669     1.000000000
     0.109470573     7.585122368     1.000000000
     0.109837316     7.585064942     1.000000000
     0.110204058     7.585008419     1.000000000
     0.110570801     7.584952829     1.000000000
     0.110937544     7.584898203     1.000000000
     0.111304286     7.584844572     1.000000000
     0.111671029     7.584791967     1.000000000
     0.112037772     7.584740421     1.000000000
     0.112404515     7.584689966     1.000000000
     0.112771257     7.584640635     1.000000000
     0.113138000     7.584592463     1.000000000
     0.113504743     7.584545483     1.000000000
     0.113871485     7.584499730     1.000000000
     0.114238228     7.584455241     1.000000000
     0.114604971     7.584412052     1.000000000
     0.114971714     7.584370199     1.000000000
     0.115338456     7.584329721     1.000000000
     0.115705199     7.584290655     1.000000000
     0.116071942     7.584253040     1.000000000
     0.116438684     7.584216917     1.000000000
     0.116805427     7.584182325     1.000000000
     0.117172170     7.584149305     1.000000000
     0.117538913     7.584117900     1.000000000
     0.117905655     7.584088151     1.000000000
     0.118272398     7.584060101     1.000000000
     0.118639141     7.584033796     1.000000000
     0.119005883     7.584009279     1.000000000
     0.119372626     7.583986595     1.000000000
     0.119739369     7.583965792     1.000000000
     0.120106111     7.583946916     1.000000000
     0.120472854     7.583930014     1.000000000
     0.120839597     7.583915136     1.000000000
     0.121206340     7.583902331     1.000000000
     0.121573082     7.583891648     1.000000000
     0.121939825     7.583883140     1.000000000
     0.122306568     7.583876858     1.000000000
     0.122673310     7.583872854     1.000000000
     0.123040053     7.583871182     1.000000000
     0.123406796     7.583871897     1.000000000
     0.123773539     7.583875054     1.000000000
     0.124140281     7.583880709     1.000000000
     0.124507024     7.583888918     1.000000000
     0.124873767     7.583899741     1.000000000
     0.125240509     7.583913235     1.000000000
     0.125607252     7.583929461     1.000000000
     0.125973995     7.583948478     1.000000000
     0.126340738     7.583970349     1.000000000
     0.126707480     7.583995135     1.000000000
     0.127074223     7.584022901     1.000000000
     0.127440966     7.584053709     1.000000000
     0.127807708     7.584087625     1.000000000
     0.128174451     7.584124716     1.000000000
     0.128541194     7.584165047     1.000000000
     0.128907937     7.584208686     1.000000000
     0.129274679     7.584255703     1.000000000
     0.129641422     7.584306166     1.000000000
     0.130008165     7.584360146     1.000000000
     0.130374907     7.584417715     1.000000000
     0.130741650     7.584478943     1.000000000
     0.131108393     7.584543904     1.000000000
     0.131475136     7.584612672     1.000000000
     0.131841878     7.584685321     1.000000000
     0.132208621     7.584761927     1.000000000
     0.132575364     7.584842565     1.000000000
     0.132942106     7.584927313     1.000000000
     0.133308849     7.585016248     1.000000000
     0.133675592     7.585109449     1.000000000
     0.134042335     7.585206994     1.000000000
     0.134409077     7.585308963     1.000000000
     0.134775820     7.585415437     1.000000000
     0.135142563     7.585526496     1.000000000
     0.135509305     7.585642222     1.000000000
     0.135876048     7.585762697     1.000000000
     0.136242791     7.585888004     1.000000000
     0.136609534     7.586018225     1.000000000
     0.136976276     7.586153444     1.000000000
     0.137343019     7.586293745     1.000000000
     0.137709762     7.586439212     1.000000000
     0.138076504     7.586589929     1.000000000
     0.138443247     7.586745982     1.000000000
     0.138809990     7.586907454     1.000000000
     0.139176733     7.587074430     1.000000000
     0.139543475     7.587246996     1.000000000
     0.139910218     7.587425237     1.000000000
     0.140276961     7.587609238     1.000000000
     0.140643703     7.587799083     1.000000000
     0.141010446     7.587994857     1.000000000
     0.141377189     7.588196644     1.000000000
     0.141743931     7.588404528     1.000000000
     0.142110674     7.588618592     1.000000000
     0.142477417     7.588838921     1.000000000
     0.142844160     7.589065595     1.000000000
     0.143210902     7.589298697     1.000000000
     0.143577645     7.589538307     1.000000000
     0.143944388     7.589784507     1.000000000
     0.144311130     7.590037374     1.000000000
     0.144677873     7.590296988     1.000000000
     0.145044616     7.590563425     1.000000000
     0.145411359     7.590836761     1.000000000
     0.145778101     7.591117071     1.000000000
     0.146144844     7.591404428     1.000000000
     0.146511587     7.591698903     1.000000000
     0.146878329     7.592000567     1.000000000
     0.147245072     7.592309488     1.000000000
     0.147611815     7.592625733     1.000000000
     0.147978558     7.592949366     1.000000000
     0.148345300     7.593280450     1.000000000
     0.148712043     7.593619047     1.000000000
     0.149078786     7.593965214     1.000000000
     0.149445528     7.594319008     1.000000000
     0.149812271     7.594680483     1.000000000
     0.150179014     7.595049691     1.000000000
     0.150545757     7.595426681     1.000000000
     0.150912499     7.595811498     1.000000000
     0.151279242     7.596204188     1.000000000
     0.151645985     7.596604791     1.000000000
     0.152012727     7.597013346     1.000000000
     0.152379470     7.597429887     1.000000000
     0.152746213     7.597854447     1.000000000
     0.153112956     7.598287056     1.000000000
     0.153479698     7.598727739     1.000000000
     0.153846441     7.599176521     1.000000000
     0.154213184     7.599633421     1.000000000
     0.154579926     7.600098455     1.000000000
     0.154946669     7.600571638     1.000000000
     0.155313412     7.601052978     1.000000000
     0.155680155     7.601542484     1.000000000
     0.156046897     7.602040159     1.000000000
     0.156413640     7.602546002     1.000000000
     0.156780383     7.603060011     1.000000000
     0.157147125     7.603582178     1.000000000
     0.157513868     7.604112494     1.000000000
     0.157880611     7.604650946     1.000000000
     0.158247354     7.605197515     1.000000000
     0.158614096     7.605752182     1.000000000
     0.158980839     7.606314924     1.000000000
     0.159347582     7.606885713     1.000000000
     0.159714324     7.607464520     1.000000000
     0.160081067     7.608051311     1.000000000
     0.160447810     7.608646049     1.000000000
     0.160814553     7.609248694     1.000000000
     0.161181295     7.609859204     1.000000000
     0.161548038     7.610477533     1.000000000
     0.161914781     7.611103631     1.000000000
     0.162281523     7.611737448     1.000000000
     0.162648266     7.612378927     1.000000000
     0.163015009     7.613028013     1.000000000
     0.163381751     7.613684644     1.000000000
     0.163748494     7.614348758     1.000000000
     0.164115237     7.615020290     1.000000000
     0.164481980     7.615699172     1.000000000
     0.164848722     7.616385334     1.000000000
     0.165215465     7.617078704     1.000000000
     0.165582208     7.617779206     1.000000000
     0.165948950     7.618486766     1.000000000
     0.166315693     7.619201303     1.000000000
     0.166682436     7.619922738     1.000000000
     0.167049179     7.620650988     1.000000000
     0.167415921     7.621385970     1.000000000
     0.167782664     7.622127598     1.000000000
     0.168149407     7.622875785     1.000000000
     0.168516149     7.623630442     1.000000000
     0.168882892     7.624391481     1.000000000
     0.169249635     7.625158809     1.000000000
     0.169616378     7.625932336     1.000000000
     0.169983120     7.626711968     1.000000000
     0.170349863     7.627497611     1.000000000
     0.170716606     7.628289171     1.000000000
     0.171083348     7.629086552     1.000000000
     0.171450091     7.629889657     1.000000000
     0.171816834     7.630698391     1.000000000
     0.172183577     7.631512656     1.000000000
     0.172550319     7.632332354     1.000000000
  
     0.000000000     8.956725519     1.000000000
     0.000352217     8.956246816     1.000000000
     0.000704434     8.955767283     1.000000000
     0.001056651     8.955286926     1.000000000
     0.001408868     8.954805747     1.000000000
     0.001761085     8.954323749     1.000000000
     0.002113302     8.953840938     1.000000000
     0.002465519     8.953357316     1.000000000
     0.002817736     8.952872887     1.000000000
     0.003169953     8.952387655     1.000000000
     0.003522170     8.951901624     1.000000000
     0.003874386     8.951414796     1.000000000
     0.004226603     8.950927177     1.000000000
     0.004578820     8.950438768     1.000000000
     0.004931037     8.949949575     1.000000000
     0.005283254     8.949459601     1.000000000
     0.005635471     8.948968849     1.000000000
     0.005987688     8.948477323     1.000000000
     0.006339905     8.947985026     1.000000000
     0.006692122     8.947491962     1.000000000
     0.007044339     8.946998136     1.000000000
     0.007396556     8.946503549     1.000000000
     0.007748773     8.946008207     1.000000000
     0.008100990     8.945512112     1.000000000
     0.008453207     8.945015268     1.000000000
     0.008805424     8.944517679     1.000000000
     0.009157641     8.944019348     1.000000000
     0.009509858     8.943520279     1.000000000
     0.009862075     8.943020475     1.000000000
     0.010214292     8.942519940     1.000000000
     0.010566509     8.942018678     1.000000000
     0.010918726     8.941516691     1.000000000
     0.011270942     8.941013984     1.000000000
     0.011623159     8.940510561     1.000000000
     0.011975376     8.940006423     1.000000000
     0.012327593     8.939501576     1.000000000
     0.012679810     8.938996023     1.000000000
     0.013032027     8.938489766     1.000000000
     0.013384244     8.937982811     1.000000000
     0.013736461     8.937475159     1.000000000
     0.014088678     8.936966815     1.000000000
     0.014440895     8.936457783     1.000000000
     0.014793112     8.935948064     1.000000000
     0.015145329     8.935437664     1.000000000
     0.015497546     8.934926586     1.000000000
     0.015849763     8.934414833     1.000000000
     0.016201980     8.933902408     1.000000000
     0.016554197     8.933389315     1.000000000
     0.016906414     8.932875558     1.000000000
     0.017258631     8.932361139     1.000000000
     0.017610848     8.931846063     1.000000000
     0.017963065     8.931330333     1.000000000
     0.018315281     8.930813952     1.000000000
     0.018667498     8.930296923     1.000000000
     0.019019715     8.929779251     1.000000000
     0.019371932     8.929260938     1.000000000
     0.019724149     8.928741989     1.000000000
     0.020076366     8.928222406     1.000000000
     0.020428583     8.927702192     1.000000000
     0.020780800     8.927181352     1.000000000
     0.021133017     8.926659888     1.000000000
     0.021485234     8.926137805     1.000000000
     0.021837451     8.925615105     1.000000000
     0.022189668     8.925091792     1.000000000
     0.022541885     8.924567869     1.000000000
     0.022894102     8.924043340     1.000000000
     0.023246319     8.923518208     1.000000000
     0.023598536     8.922992476     1.000000000
     0.023950753     8.922466148     1.000000000
     0.024302970     8.921939228     1.000000000
     0.024655187     8.921411717     1.000000000
     0.025007404     8.920883621     1.000000000
     0.025359621     8.920354942     1.000000000
     0.025711837     8.919825684     1.000000000
     0.026064054     8.919295850     1.000000000
     0.026416271     8.918765443     1.000000000
     0.026768488     8.918234467     1.000000000
     0.027120705     8.917702925     1.000000000
     0.027472922     8.917170820     1.000000000
     0.027825139     8.916638157     1.000000000
     0.028177356     8.916104937     1.000000000
     0.028529573     8.915571165     1.000000000
     0.028881790     8.915036843     1.000000000
     0.029234007     8.914501976     1.000000000
     0.029586224     8.913966566     1.000000000
     0.029938441     8.913430617     1.000000000
     0.030290658     8.912894132     1.000000000
     0.030642875     8.912357114     1.000000000
     0.030995092     8.911819567     1.000000000
     0.031347309     8.911281494     1.000000000
     0.031699526     8.910742898     1.000000000
     0.032051743     8.910203784     1.000000000
     0.032403960     8.909664152     1.000000000
     0.032756177     8.909124009     1.000000000
     0.033108393     8.908583355     1.000000000
     0.033460610     8.908042196     1.000000000
     0.033812827     8.907500534     1.000000000
     0.034165044     8.906958372     1.000000000
     0.034517261     8.906415713     1.000000000
     0.034869478     8.905872562     1.000000000
     0.035221695     8.905328921     1.000000000
     0.035573912     8.904784793     1.000000000
     0.035926129     8.904240182     1.000000000
     0.036278346     8.903695092     1.000000000
     0.036630563     8.903149524     1.000000000
     0.036982780     8.902603483     1.000000000
     0.037334997     8.902056972     1.000000000
     0.037687214     8.901509994     1.000000000
     0.038039431     8.900962553     1.000000000
     0.038391648     8.900414651     1.000000000
     0.038743865     8.899866292     1.000000000
     0.039096082     8.899317479     1.000000000
     0.039448299     8.898768215     1.000000000
     0.039800516     8.898218504     1.000000000
     0.040152733     8.897668349     1.000000000
     0.040504949     8.897117753     1.000000000
     0.040857166     8.896566719     1.000000000
     0.041209383     8.896015251     1.000000000
     0.041561600     8.895463351     1.000000000
     0.041913817     8.894911023     1.000000000
     0.042266034     8.894358271     1.000000000
     0.042618251     8.893805097     1.000000000
     0.042970468     8.893251505     1.000000000
     0.043322685     8.892697497     1.000000000
     0.043674902     8.892143078     1.000000000
     0.044027119     8.891588250     1.000000000
     0.044379336     8.891033016     1.000000000
     0.044731553     8.890477380     1.000000000
     0.045083770     8.889921345     1.000000000
     0.045435987     8.889364914     1.000000000
     0.045788204     8.888808091     1.000000000
     0.046140421     8.888250878     1.000000000
     0.046492638     8.887693278     1.000000000
     0.046844855     8.887135296     1.000000000
     0.047197072     8.886576933     1.000000000
     0.047549289     8.886018194     1.000000000
     0.047901505     8.885459081     1.000000000
     0.048253722     8.884899598     1.000000000
     0.048605939     8.884339747     1.000000000
     0.048958156     8.883779533     1.000000000
     0.049310373     8.883218958     1.000000000
     0.049662590     8.882658025     1.000000000
     0.050014807     8.882096737     1.000000000
     0.050367024     8.881535099     1.000000000
     0.050719241     8.880973112     1.000000000
     0.051071458     8.880410780     1.000000000
     0.051423675     8.879848106     1.000000000
     0.051775892     8.879285093     1.000000000
     0.052128109     8.878721745     1.000000000
     0.052480326     8.878158065     1.000000000
     0.052832543     8.877594055     1.000000000
     0.053184760     8.877029719     1.000000000
     0.053536977     8.876465060     1.000000000
     0.053889194     8.875900082     1.000000000
     0.054241411     8.875334787     1.000000000
     0.054593628     8.874769178     1.000000000
     0.054945844     8.874203259     1.000000000
     0.055298061     8.873637033     1.000000000
     0.055650278     8.873070502     1.000000000
     0.056002495     8.872503671     1.000000000
     0.056354712     8.871936542     1.000000000
     0.056706929     8.871369118     1.000000000
     0.057059146     8.870801402     1.000000000
     0.057411363     8.870233398     1.000000000
     0.057763580     8.869665109     1.000000000
     0.058115797     8.869096538     1.000000000
     0.058468014     8.868527687     1.000000000
     0.058820231     8.867958561     1.000000000
     0.059172448     8.867389161     1.000000000
     0.059524665     8.866819492     1.000000000
     0.059876882     8.866249556     1.000000000
     0.060229099     8.865679357     1.000000000
     0.060581316     8.865108897     1.000000000
     0.060933533     8.864538180     1.000000000
     0.061285750     8.863967208     1.000000000
     0.061637967     8.863395986     1.000000000
     0.061990184     8.862824515     1.000000000
     0.062342400     8.862252800     1.000000000
     0.062694617     8.861680843     1.000000000
     0.063046834     8.861108647     1.000000000
     0.063399051     8.860536215     1.000000000
     0.063751268     8.859963550     1.000000000
     0.064103485     8.859390657     1.000000000
     0.064455702     8.858817536     1.000000000
     0.064807919     8.858244193     1.000000000
     0.065160136     8.857670629     1.000000000
     0.065512353     8.857096848     1.000000000
     0.065864570     8.856522853     1.000000000
     0.066216787     8.855948647     1.000000000
     0.066569004     8.855374233     1.000000000
     0.066921221     8.854799614     1.000000000
     0.067273438     8.854224793     1.000000000
     0.067625655     8.853649773     1.000000000
     0.067977872     8.853074558     1.000000000
     0.068330089     8.852499150     1.000000000
     0.068682306     8.851923553     1.000000000
     0.069034523     8.851347769     1.000000000
     0.069386740     8.850771802     1.000000000
     0.069738956     8.850195654     1.000000000
     0.070091173     8.849619329     1.000000000
     0.070443390     8.849042830     1.000000000
     0.070795607     8.848466159     1.000000000
     0.071147824     8.847889320     1.000000000
     0.071500041     8.847312316     1.000000000
     0.071852258     8.846735150     1.000000000
     0.072204475     8.846157825     1.000000000
     0.072556692     8.845580344     1.000000000
     0.072908909     8.845002710     1.000000000
     0.073261126     8.844424926     1.000000000
     0.073613343     8.843846995     1.000000000
     0.073965560     8.843268920     1.000000000
     0.074317777     8.842690705     1.000000000
     0.074669994     8.842112351     1.000000000
     0.075022211     8.841533863     1.000000000
     0.075374428     8.840955243     1.000000000
     0.075726645     8.840376494     1.000000000
     0.076078862     8.839797620     1.000000000
     0.076431079     8.839218622     1.000000000
     0.076783296     8.838639506     1.000000000
     0.077135512     8.838060272     1.000000000
     0.077487729     8.837480925     1.000000000
     0.077839946     8.836901467     1.000000000
     0.078192163     8.836321901     1.000000000
     0.078544380     8.835742231     1.000000000
     0.078896597     8.835162460     1.000000000
     0.079248814     8.834582589     1.000000000
     0.079601031     8.834002623     1.000000000
     0.079953248     8.833422565     1.000000000
     0.080305465     8.832842417     1.000000000
     0.080657682     8.832262182     1.000000000
     0.081009899     8.831681864     1.000000000
     0.081362116     8.831101465     1.000000000
     0.081714333     8.830520988     1.000000000
     0.082066550     8.829940437     1.000000000
     0.082418767     8.829359814     1.000000000
     0.082770984     8.828779123     1.000000000
     0.083123201     8.828198366     1.000000000
     0.083475418     8.827617546     1.000000000
     0.083827635     8.827036666     1.000000000
     0.084179851     8.826455730     1.000000000
     0.084532068     8.825874740     1.000000000
     0.084532068     8.974161354     1.000000000
     0.084898811     8.973604857     1.000000000
     0.085265554     8.973045819     1.000000000
     0.085632297     8.972484263     1.000000000
     0.085999039     8.971920215     1.000000000
     0.086365782     8.971353699     1.000000000
     0.086732525     8.970784738     1.000000000
     0.087099267     8.970213355     1.000000000
     0.087466010     8.969639574     1.000000000
     0.087832753     8.969063418     1.000000000
     0.088199496     8.968484909     1.000000000
     0.088566238     8.967904070     1.000000000
     0.088932981     8.967320923     1.000000000
     0.089299724     8.966735489     1.000000000
     0.089666466     8.966147792     1.000000000
     0.090033209     8.965557851     1.000000000
     0.090399952     8.964965688     1.000000000
     0.090766695     8.964371325     1.000000000
     0.091133437     8.963774782     1.000000000
     0.091500180     8.963176079     1.000000000
     0.091866923     8.962575237     1.000000000
     0.092233665     8.961972275     1.000000000
     0.092600408     8.961367215     1.000000000
     0.092967151     8.960760074     1.000000000
     0.093333894     8.960150873     1.000000000
     0.093700636     8.959539631     1.000000000
     0.094067379     8.958926367     1.000000000
     0.094434122     8.958311099     1.000000000
     0.094800864     8.957693846     1.000000000
     0.095167607     8.957074626     1.000000000
     0.095534350     8.956453458     1.000000000
     0.095901093     8.955830359     1.000000000
     0.096267835     8.955205348     1.000000000
     0.096634578     8.954578441     1.000000000
     0.097001321     8.953949655     1.000000000
     0.097368063     8.953319009     1.000000000
     0.097734806     8.952686519     1.000000000
     0.098101549     8.952052201     1.000000000
     0.098468291     8.951416073     1.000000000
     0.098835034     8.950778150     1.000000000
     0.099201777     8.950138449     1.000000000
     0.099568520     8.949496985     1.000000000
     0.099935262     8.948853776     1.000000000
     0.100302005     8.948208835     1.000000000
     0.100668748     8.947562179     1.000000000
     0.101035490     8.946913824     1.000000000
     0.101402233     8.946263783     1.000000000
     0.101768976     8.945612072     1.000000000
     0.102135719     8.944958707     1.000000000
     0.102502461     8.944303701     1.000000000
     0.102869204     8.943647068     1.000000000
     0.103235947     8.942988824     1.000000000
     0.103602689     8.942328983     1.000000000
     0.103969432     8.941667558     1.000000000
     0.104336175     8.941004563     1.000000000
     0.104702918     8.940340012     1.000000000
     0.105069660     8.939673919     1.000000000
     0.105436403     8.939006297     1.000000000
     0.105803146     8.938337159     1.000000000
     0.106169888     8.937666518     1.000000000
     0.106536631     8.936994387     1.000000000
     0.106903374     8.936320779     1.000000000
     0.107270117     8.935645707     1.000000000
     0.107636859     8.934969183     1.000000000
     0.108003602     8.934291220     1.000000000
     0.108370345     8.933611830     1.000000000
     0.108737087     8.932931025     1.000000000
     0.109103830     8.932248817     1.000000000
     0.109470573     8.931565218     1.000000000
     0.109837316     8.930880240     1.000000000
     0.110204058     8.930193894     1.000000000
     0.110570801     8.929506192     1.000000000
     0.110937544     8.928817146     1.000000000
     0.111304286     8.928126766     1.000000000
     0.111671029     8.927435063     1.000000000
     0.112037772     8.926742050     1.000000000
     0.112404515     8.926047736     1.000000000
     0.112771257     8.925352133     1.000000000
     0.113138000     8.924655250     1.000000000
     0.113504743     8.923957100     1.000000000
     0.113871485     8.923257692     1.000000000
     0.114238228     8.922557037     1.000000000
     0.114604971     8.921855144     1.000000000
     0.114971714     8.921152024     1.000000000
     0.115338456     8.920447688     1.000000000
     0.115705199     8.919742145     1.000000000
     0.116071942     8.919035404     1.000000000
     0.116438684     8.918327477     1.000000000
     0.116805427     8.917618371     1.000000000
     0.117172170     8.916908098     1.000000000
     0.117538913     8.916196665     1.000000000
     0.117905655     8.915484084     1.000000000
     0.118272398     8.914770362     1.000000000
     0.118639141     8.914055510     1.000000000
     0.119005883     8.913339536     1.000000000
     0.119372626     8.912622449     1.000000000
     0.119739369     8.911904258     1.000000000
     0.120106111     8.911184973     1.000000000
     0.120472854     8.910464601     1.000000000
     0.120839597     8.909743151     1.000000000
     0.121206340     8.909020633     1.000000000
     0.121573082     8.908297054     1.000000000
     0.121939825     8.907572423     1.000000000
     0.122306568     8.906846748     1.000000000
     0.122673310     8.906120037     1.000000000
     0.123040053     8.905392299     1.000000000
     0.123406796     8.904663542     1.000000000
     0.123773539     8.903933774     1.000000000
     0.124140281     8.903203002     1.000000000
     0.124507024     8.902471235     1.000000000
     0.124873767     8.901738480     1.000000000
     0.125240509     8.901004745     1.000000000
     0.125607252     8.900270037     1.000000000
     0.125973995     8.899534365     1.000000000
     0.126340738     8.898797736     1.000000000
     0.126707480     8.898060157     1.000000000
     0.127074223     8.897321636     1.000000000
     0.127440966     8.896582179     1.000000000
     0.127807708     8.895841795     1.000000000
     0.128174451     8.895100490     1.000000000
     0.128541194     8.894358271     1.000000000
     0.128907937     8.893615146     1.000000000
     0.129274679     8.892871121     1.000000000
     0.129641422     8.892126203     1.000000000
     0.130008165     8.891380400     1.000000000
     0.130374907     8.890633718     1.000000000
     0.130741650     8.889886163     1.000000000
     0.131108393     8.889137743     1.000000000
     0.131475136     8.888388463     1.000000000
     0.131841878     8.887638332     1.000000000
     0.132208621     8.886887354     1.000000000
     0.132575364     8.886135537     1.000000000
     0.132942106     8.885382887     1.000000000
     0.133308849     8.884629410     1.000000000
     0.133675592     8.883875112     1.000000000
     0.134042335     8.883120000     1.000000000
     0.134409077     8.882364080     1.000000000
     0.134775820     8.881607359     1.000000000
     0.135142563     8.880849841     1.000000000
     0.135509305     8.880091533     1.000000000
     0.135876048     8.879332442     1.000000000
     0.136242791     8.878572572     1.000000000
     0.136609534     8.877811931     1.000000000
     0.136976276     8.877050523     1.000000000
     0.137343019     8.876288354     1.000000000
     0.137709762     8.875525431     1.000000000
     0.138076504     8.874761758     1.000000000
     0.138443247     8.873997342     1.000000000
     0.138809990     8.873232188     1.000000000
     0.139176733     8.872466302     1.000000000
     0.139543475     8.871699689     1.000000000
     0.139910218     8.870932354     1.000000000
     0.140276961     8.870164304     1.000000000
     0.140643703     8.869395542     1.000000000
     0.141010446     8.868626076     1.000000000
     0.141377189     8.867855909     1.000000000
     0.141743931     8.867085047     1.000000000
     0.142110674     8.866313496     1.000000000
     0.142477417     8.865541260     1.000000000
     0.142844160     8.864768345     1.000000000
     0.143210902     8.863994756     1.000000000
     0.143577645     8.863220497     1.000000000
     0.143944388     8.862445575     1.000000000
     0.144311130     8.861669992     1.000000000
     0.144677873     8.860893756     1.000000000
     0.145044616     8.860116870     1.000000000
     0.145411359     8.859339339     1.000000000
     0.145778101     8.858561169     1.000000000
     0.146144844     8.857782363     1.000000000
     0.146511587     8.857002927     1.000000000
     0.146878329     8.856222866     1.000000000
     0.147245072     8.855442183     1.000000000
     0.147611815     8.854660884     1.000000000
     0.147978558     8.853878974     1.000000000
     0.148345300     8.853096456     1.000000000
     0.148712043     8.852313336     1.000000000
     0.149078786     8.851529617     1.000000000
     0.149445528     8.850745305     1.000000000
     0.149812271     8.849960404     1.000000000
     0.150179014     8.849174917     1.000000000
     0.150545757     8.848388851     1.000000000
     0.150912499     8.847602208     1.000000000
     0.151279242     8.846814993     1.000000000
     0.151645985     8.846027211     1.000000000
     0.152012727     8.845238865     1.000000000
     0.152379470     8.844449961     1.000000000
     0.152746213     8.843660501     1.000000000
     0.153112956     8.842870491     1.000000000
     0.153479698     8.842079934     1.000000000
     0.153846441     8.841288834     1.000000000
     0.154213184     8.840497196     1.000000000
     0.154579926     8.839705024     1.000000000
     0.154946669     8.838912321     1.000000000
     0.155313412     8.838119092     1.000000000
     0.155680155     8.837325340     1.000000000
     0.156046897     8.836531070     1.000000000
     0.156413640     8.835736285     1.000000000
     0.156780383     8.834940990     1.000000000
     0.157147125     8.834145187     1.000000000
     0.157513868     8.833348882     1.000000000
     0.157880611     8.832552077     1.000000000
     0.158247354     8.831754777     1.000000000
     0.158614096     8.830956985     1.000000000
     0.158980839     8.830158705     1.000000000
     0.159347582     8.829359941     1.000000000
     0.159714324     8.828560696     1.000000000
     0.160081067     8.827760974     1.000000000
     0.160447810     8.826960779     1.000000000
     0.160814553     8.826160114     1.000000000
     0.161181295     8.825358983     1.000000000
     0.161548038     8.824557389     1.000000000
     0.161914781     8.823755337     1.000000000
     0.162281523     8.822952829     1.000000000
     0.162648266     8.822149868     1.000000000
     0.163015009     8.821346460     1.000000000
     0.163381751     8.820542606     1.000000000
     0.163748494     8.819738310     1.000000000
     0.164115237     8.818933577     1.000000000
     0.164481980     8.818128408     1.000000000
     0.164848722     8.817322808     1.000000000
     0.165215465     8.816516779     1.000000000
     0.165582208     8.815710326     1.000000000
     0.165948950     8.814903451     1.000000000
     0.166315693     8.814096158     1.000000000
     0.166682436     8.813288450     1.000000000
     0.167049179     8.812480330     1.000000000
     0.167415921     8.811671802     1.000000000
     0.167782664     8.810862868     1.000000000
     0.168149407     8.810053532     1.000000000
     0.168516149     8.809243798     1.000000000
     0.168882892     8.808433667     1.000000000
     0.169249635     8.807623144     1.000000000
     0.169616378     8.806812231     1.000000000
     0.169983120     8.806000931     1.000000000
     0.170349863     8.805189249     1.000000000
     0.170716606     8.804377186     1.000000000
     0.171083348     8.803564745     1.000000000
     0.171450091     8.802751930     1.000000000
     0.171816834     8.801938744     1.000000000
     0.172183577     8.801125190     1.000000000
     0.172550319     8.800311270     1.000000000
  
     0.000000000     9.249377363     1.000000000
     0.000352217     9.249079329     1.000000000
     0.000704434     9.248779196     1.000000000
     0.001056651     9.248476978     1.000000000
     0.001408868     9.248172688     1.000000000
     0.001761085     9.247866341     1.000000000
     0.002113302     9.247557950     1.000000000
     0.002465519     9.247247528     1.000000000
     0.002817736     9.246935089     1.000000000
     0.003169953     9.246620646     1.000000000
     0.003522170     9.246304213     1.000000000
     0.003874386     9.245985803     1.000000000
     0.004226603     9.245665428     1.000000000
     0.004578820     9.245343103     1.000000000
     0.004931037     9.245018839     1.000000000
     0.005283254     9.244692649     1.000000000
     0.005635471     9.244364547     1.000000000
     0.005987688     9.244034544     1.000000000
     0.006339905     9.243702655     1.000000000
     0.006692122     9.243368890     1.000000000
     0.007044339     9.243033262     1.000000000
     0.007396556     9.242695784     1.000000000
     0.007748773     9.242356468     1.000000000
     0.008100990     9.242015325     1.000000000
     0.008453207     9.241672369     1.000000000
     0.008805424     9.241327611     1.000000000
     0.009157641     9.240981063     1.000000000
     0.009509858     9.240632736     1.000000000
     0.009862075     9.240282643     1.000000000
     0.010214292     9.239930795     1.000000000
     0.010566509     9.239577203     1.000000000
     0.010918726     9.239221880     1.000000000
     0.011270942     9.238864836     1.000000000
     0.011623159     9.238506083     1.000000000
     0.011975376     9.238145633     1.000000000
     0.012327593     9.237783495     1.000000000
     0.012679810     9.237419682     1.000000000
     0.013032027     9.237054204     1.000000000
     0.013384244     9.236687073     1.000000000
     0.013736461     9.236318298     1.000000000
     0.014088678     9.235947892     1.000000000
     0.014440895     9.235575865     1.000000000
     0.014793112     9.235202227     1.000000000
     0.015145329     9.234826989     1.000000000
     0.015497546     9.234450161     1.000000000
     0.015849763     9.234071755     1.000000000
     0.016201980     9.233691779     1.000000000
     0.016554197     9.233310246     1.000000000
     0.016906414     9.232927164     1.000000000
     0.017258631     9.232542544     1.000000000
     0.017610848     9.232156396     1.000000000
     0.017963065     9.231768730     1.000000000
     0.018315281     9.231379556     1.000000000
     0.018667498     9.230988883     1.000000000
     0.019019715     9.230596723     1.000000000
     0.019371932     9.230203084     1.000000000
     0.019724149     9.229807976     1.000000000
     0.020076366     9.229411409     1.000000000
     0.020428583     9.229013391     1.000000000
     0.020780800     9.228613934     1.000000000
     0.021133017     9.228213046     1.000000000
     0.021485234     9.227810736     1.000000000
     0.021837451     9.227407014     1.000000000
     0.022189668     9.227001889     1.000000000
     0.022541885     9.226595370     1.000000000
     0.022894102     9.226187467     1.000000000
     0.023246319     9.225778187     1.000000000
     0.023598536     9.225367541     1.000000000
     0.023950753     9.224955537     1.000000000
     0.024302970     9.224542185     1.000000000
     0.024655187     9.224127492     1.000000000
     0.025007404     9.223711467     1.000000000
     0.025359621     9.223294120     1.000000000
     0.025711837     9.222875459     1.000000000
     0.026064054     9.222455492     1.000000000
     0.026416271     9.222034228     1.000000000
     0.026768488     9.221611676     1.000000000
     0.027120705     9.221187843     1.000000000
     0.027472922     9.220762738     1.000000000
     0.027825139     9.220336370     1.000000000
     0.028177356     9.219908747     1.000000000
     0.028529573     9.219479876     1.000000000
     0.028881790     9.219049766     1.000000000
     0.029234007     9.218618425     1.000000000
     0.029586224     9.218185861     1.000000000
     0.029938441     9.217752082     1.000000000
     0.030290658     9.217317095     1.000000000
     0.030642875     9.216880910     1.000000000
     0.030995092     9.216443533     1.000000000
     0.031347309     9.216004972     1.000000000
     0.031699526     9.215565235     1.000000000
     0.032051743     9.215124329     1.000000000
     0.032403960     9.214682263     1.000000000
     0.032756177     9.214239043     1.000000000
     0.033108393     9.213794678     1.000000000
     0.033460610     9.213349174     1.000000000
     0.033812827     9.212902539     1.000000000
     0.034165044     9.212454780     1.000000000
     0.034517261     9.212005905     1.000000000
     0.034869478     9.211555921     1.000000000
     0.035221695     9.211104835     1.000000000
     0.035573912     9.210652654     1.000000000
     0.035926129     9.210199386     1.000000000
     0.036278346     9.209745037     1.000000000
     0.036630563     9.209289614     1.000000000
     0.036982780     9.208833125     1.000000000
     0.037334997     9.208375576     1.000000000
     0.037687214     9.207916974     1.000000000
     0.038039431     9.207457327     1.000000000
     0.038391648     9.206996640     1.000000000
     0.038743865     9.206534921     1.000000000
     0.039096082     9.206072176     1.000000000
     0.039448299     9.205608412     1.000000000
     0.039800516     9.205143635     1.000000000
     0.040152733     9.204677853     1.000000000
     0.040504949     9.204211071     1.000000000
     0.040857166     9.203743297     1.000000000
     0.041209383     9.203274536     1.000000000
     0.041561600     9.202804795     1.000000000
     0.041913817     9.202334081     1.000000000
     0.042266034     9.201862399     1.000000000
     0.042618251     9.201389756     1.000000000
     0.042970468     9.200916158     1.000000000
     0.043322685     9.200441612     1.000000000
     0.043674902     9.199966124     1.000000000
     0.044027119     9.199489699     1.000000000
     0.044379336     9.199012344     1.000000000
     0.044731553     9.198534066     1.000000000
     0.045083770     9.198054869     1.000000000
     0.045435987     9.197574759     1.000000000
     0.045788204     9.197093744     1.000000000
     0.046140421     9.196611829     1.000000000
     0.046492638     9.196129019     1.000000000
     0.046844855     9.195645320     1.000000000
     0.047197072     9.195160739     1.000000000
     0.047549289     9.194675281     1.000000000
     0.047901505     9.194188951     1.000000000
     0.048253722     9.193701756     1.000000000
     0.048605939     9.193213701     1.000000000
     0.048958156     9.192724791     1.000000000
     0.049310373     9.192235033     1.000000000
     0.049662590     9.191744432     1.000000000
     0.050014807     9.191252992     1.000000000
     0.050367024     9.190760721     1.000000000
     0.050719241     9.190267623     1.000000000
     0.051071458     9.189773703     1.000000000
     0.051423675     9.189278968     1.000000000
     0.051775892     9.188783422     1.000000000
     0.052128109     9.188287071     1.000000000
     0.052480326     9.187789919     1.000000000
     0.052832543     9.187291973     1.000000000
     0.053184760     9.186793237     1.000000000
     0.053536977     9.186293717     1.000000000
     0.053889194     9.185793418     1.000000000
     0.054241411     9.185292344     1.000000000
     0.054593628     9.184790502     1.000000000
     0.054945844     9.184287896     1.000000000
     0.055298061     9.183784530     1.000000000
     0.055650278     9.183280411     1.000000000
     0.056002495     9.182775543     1.000000000
     0.056354712     9.182269931     1.000000000
     0.056706929     9.181763580     1.000000000
     0.057059146     9.181256495     1.000000000
     0.057411363     9.180748680     1.000000000
     0.057763580     9.180240141     1.000000000
     0.058115797     9.179730882     1.000000000
     0.058468014     9.179220909     1.000000000
     0.058820231     9.178710225     1.000000000
     0.059172448     9.178198836     1.000000000
     0.059524665     9.177686746     1.000000000
     0.059876882     9.177173959     1.000000000
     0.060229099     9.176660482     1.000000000
     0.060581316     9.176146317     1.000000000
     0.060933533     9.175631471     1.000000000
     0.061285750     9.175115946     1.000000000
     0.061637967     9.174599749     1.000000000
     0.061990184     9.174082882     1.000000000
     0.062342400     9.173565352     1.000000000
     0.062694617     9.173047161     1.000000000
     0.063046834     9.172528316     1.000000000
     0.063399051     9.172008819     1.000000000
     0.063751268     9.171488676     1.000000000
     0.064103485     9.170967891     1.000000000
     0.064455702     9.170446468     1.000000000
     0.064807919     9.169924411     1.000000000
     0.065160136     9.169401725     1.000000000
     0.065512353     9.168878413     1.000000000
     0.065864570     9.168354481     1.000000000
     0.066216787     9.167829933     1.000000000
     0.066569004     9.167304772     1.000000000
     0.066921221     9.166779002     1.000000000
     0.067273438     9.166252629     1.000000000
     0.067625655     9.165725655     1.000000000
     0.067977872     9.165198085     1.000000000
     0.068330089     9.164669924     1.000000000
     0.068682306     9.164141175     1.000000000
     0.069034523     9.163611842     1.000000000
     0.069386740     9.163081929     1.000000000
     0.069738956     9.162551440     1.000000000
     0.070091173     9.162020379     1.000000000
     0.070443390     9.161488750     1.000000000
     0.070795607     9.160956558     1.000000000
     0.071147824     9.160423805     1.000000000
     0.071500041     9.159890496     1.000000000
     0.071852258     9.159356634     1.000000000
     0.072204475     9.158822224     1.000000000
     0.072556692     9.158287269     1.000000000
     0.072908909     9.157751773     1.000000000
     0.073261126     9.157215739     1.000000000
     0.073613343     9.156679173     1.000000000
     0.073965560     9.156142076     1.000000000
     0.074317777     9.155604453     1.000000000
     0.074669994     9.155066308     1.000000000
     0.075022211     9.154527644     1.000000000
     0.075374428     9.153988465     1.000000000
     0.075726645     9.153448775     1.000000000
     0.076078862     9.152908576     1.000000000
     0.076431079     9.152367874     1.000000000
     0.076783296     9.151826670     1.000000000
     0.077135512     9.151284970     1.000000000
     0.077487729     9.150742776     1.000000000
     0.077839946     9.150200092     1.000000000
     0.078192163     9.149656921     1.000000000
     0.078544380     9.149113267     1.000000000
     0.078896597     9.148569133     1.000000000
     0.079248814     9.148024523     1.000000000
     0.079601031     9.147479440     1.000000000
     0.079953248     9.146933888     1.000000000
     0.080305465     9.146387870     1.000000000
     0.080657682     9.145841389     1.000000000
     0.081009899     9.145294449     1.000000000
     0.081362116     9.144747053     1.000000000
     0.081714333     9.144199204     1.000000000
     0.082066550     9.143650906     1.000000000
     0.082418767     9.143102162     1.000000000
     0.082770984     9.142552975     1.000000000
     0.083123201     9.142003348     1.000000000
     0.083475418     9.141453285     1.000000000
     0.083827635     9.140902789     1.000000000
     0.084179851     9.140351863     1.000000000
     0.084532068     9.139800510     1.000000000
     0.084532068     9.180487424     1.000000000
     0.084898811     9.180712660     1.000000000
     0.085265554     9.180937768     1.000000000
     0.085632297     9.181162725     1.000000000
     0.085999039     9.181387507     1.000000000
     0.086365782     9.181612091     1.000000000
     0.086732525     9.181836453     1.000000000
     0.087099267     9.182060572     1.000000000
     0.087466010     9.182284424     1.000000000
     0.087832753     9.182507989     1.000000000
     0.088199496     9.182731242     1.000000000
     0.088566238     9.182954164     1.000000000
     0.088932981     9.183176733     1.000000000
     0.089299724     9.183398928     1.000000000
     0.089666466     9.183620728     1.000000000
     0.090033209     9.183842112     1.000000000
     0.090399952     9.184063060     1.000000000
     0.090766695     9.184283552     1.000000000
     0.091133437     9.184503569     1.000000000
     0.091500180     9.184723091     1.000000000
     0.091866923     9.184942098     1.000000000
     0.092233665     9.185160572     1.000000000
     0.092600408     9.185378493     1.000000000
     0.092967151     9.185595844     1.000000000
     0.093333894     9.185812606     1.000000000
     0.093700636     9.186028761     1.000000000
     0.094067379     9.186244291     1.000000000
     0.094434122     9.186459178     1.000000000
     0.094800864     9.186673406     1.000000000
     0.095167607     9.186886957     1.000000000
     0.095534350     9.187099814     1.000000000
     0.095901093     9.187311961     1.000000000
     0.096267835     9.187523381     1.000000000
     0.096634578     9.187734058     1.000000000
     0.097001321     9.187943975     1.000000000
     0.097368063     9.188153119     1.000000000
     0.097734806     9.188361472     1.000000000
     0.098101549     9.188569019     1.000000000
     0.098468291     9.188775745     1.000000000
     0.098835034     9.188981636     1.000000000
     0.099201777     9.189186677     1.000000000
     0.099568520     9.189390853     1.000000000
     0.099935262     9.189594150     1.000000000
     0.100302005     9.189796553     1.000000000
     0.100668748     9.189998050     1.000000000
     0.101035490     9.190198625     1.000000000
     0.101402233     9.190398267     1.000000000
     0.101768976     9.190596961     1.000000000
     0.102135719     9.190794694     1.000000000
     0.102502461     9.190991454     1.000000000
     0.102869204     9.191187228     1.000000000
     0.103235947     9.191382003     1.000000000
     0.103602689     9.191575767     1.000000000
     0.103969432     9.191768508     1.000000000
     0.104336175     9.191960213     1.000000000
     0.104702918     9.192150872     1.000000000
     0.105069660     9.192340472     1.000000000
     0.105436403     9.192529002     1.000000000
     0.105803146     9.192716450     1.000000000
     0.106169888     9.192902807     1.000000000
     0.106536631     9.193088060     1.000000000
     0.106903374     9.193272198     1.000000000
     0.107270117     9.193455213     1.000000000
     0.107636859     9.193637092     1.000000000
     0.108003602     9.193817826     1.000000000
     0.108370345     9.193997404     1.000000000
     0.108737087     9.194175818     1.000000000
     0.109103830     9.194353056     1.000000000
     0.109470573     9.194529109     1.000000000
     0.109837316     9.194703969     1.000000000
     0.110204058     9.194877625     1.000000000
     0.110570801     9.195050069     1.000000000
     0.110937544     9.195221291     1.000000000
     0.111304286     9.195391283     1.000000000
     0.111671029     9.195560036     1.000000000
     0.112037772     9.195727541     1.000000000
     0.112404515     9.195893791     1.000000000
     0.112771257     9.196058776     1.000000000
     0.113138000     9.196222489     1.000000000
     0.113504743     9.196384922     1.000000000
     0.113871485     9.196546067     1.000000000
     0.114238228     9.196705917     1.000000000
     0.114604971     9.196864463     1.000000000
     0.114971714     9.197021699     1.000000000
     0.115338456     9.197177617     1.000000000
     0.115705199     9.197332211     1.000000000
     0.116071942     9.197485472     1.000000000
     0.116438684     9.197637394     1.000000000
     0.116805427     9.197787972     1.000000000
     0.117172170     9.197937197     1.000000000
     0.117538913     9.198085064     1.000000000
     0.117905655     9.198231566     1.000000000
     0.118272398     9.198376697     1.000000000
     0.118639141     9.198520451     1.000000000
     0.119005883     9.198662822     1.000000000
     0.119372626     9.198803804     1.000000000
     0.119739369     9.198943392     1.000000000
     0.120106111     9.199081580     1.000000000
     0.120472854     9.199218362     1.000000000
     0.120839597     9.199353733     1.000000000
     0.121206340     9.199487688     1.000000000
     0.121573082     9.199620222     1.000000000
     0.121939825     9.199751330     1.000000000
     0.122306568     9.199881007     1.000000000
     0.122673310     9.200009248     1.000000000
     0.123040053     9.200136049     1.000000000
     0.123406796     9.200261405     1.000000000
     0.123773539     9.200385311     1.000000000
     0.124140281     9.200507764     1.000000000
     0.124507024     9.200628759     1.000000000
     0.124873767     9.200748293     1.000000000
     0.125240509     9.200866360     1.000000000
     0.125607252     9.200982957     1.000000000
     0.125973995     9.201098081     1.000000000
     0.126340738     9.201211728     1.000000000
     0.126707480     9.201323895     1.000000000
     0.127074223     9.201434577     1.000000000
     0.127440966     9.201543771     1.000000000
     0.127807708     9.201651475     1.000000000
     0.128174451     9.201757686     1.000000000
     0.128541194     9.201862399     1.000000000
     0.128907937     9.201965612     1.000000000
     0.129274679     9.202067323     1.000000000
     0.129641422     9.202167528     1.000000000
     0.130008165     9.202266226     1.000000000
     0.130374907     9.202363413     1.000000000
     0.130741650     9.202459086     1.000000000
     0.131108393     9.202553245     1.000000000
     0.131475136     9.202645886     1.000000000
     0.131841878     9.202737007     1.000000000
     0.132208621     9.202826606     1.000000000
     0.132575364     9.202914681     1.000000000
     0.132942106     9.203001231     1.000000000
     0.133308849     9.203086253     1.000000000
     0.133675592     9.203169746     1.000000000
     0.134042335     9.203251708     1.000000000
     0.134409077     9.203332138     1.000000000
     0.134775820     9.203411034     1.000000000
     0.135142563     9.203488395     1.000000000
     0.135509305     9.203564219     1.000000000
     0.135876048     9.203638506     1.000000000
     0.136242791     9.203711254     1.000000000
     0.136609534     9.203782463     1.000000000
     0.136976276     9.203852131     1.000000000
     0.137343019     9.203920257     1.000000000
     0.137709762     9.203986841     1.000000000
     0.138076504     9.204051883     1.000000000
     0.138443247     9.204115381     1.000000000
     0.138809990     9.204177335     1.000000000
     0.139176733     9.204237744     1.000000000
     0.139543475     9.204296609     1.000000000
     0.139910218     9.204353928     1.000000000
     0.140276961     9.204409703     1.000000000
     0.140643703     9.204463932     1.000000000
     0.141010446     9.204516616     1.000000000
     0.141377189     9.204567754     1.000000000
     0.141743931     9.204617347     1.000000000
     0.142110674     9.204665395     1.000000000
     0.142477417     9.204711899     1.000000000
     0.142844160     9.204756857     1.000000000
     0.143210902     9.204800272     1.000000000
     0.143577645     9.204842144     1.000000000
     0.143944388     9.204882472     1.000000000
     0.144311130     9.204921258     1.000000000
     0.144677873     9.204958502     1.000000000
     0.145044616     9.204994205     1.000000000
     0.145411359     9.205028369     1.000000000
     0.145778101     9.205060993     1.000000000
     0.146144844     9.205092079     1.000000000
     0.146511587     9.205121628     1.000000000
     0.146878329     9.205149641     1.000000000
     0.147245072     9.205176119     1.000000000
     0.147611815     9.205201064     1.000000000
     0.147978558     9.205224476     1.000000000
     0.148345300     9.205246358     1.000000000
     0.148712043     9.205266710     1.000000000
     0.149078786     9.205285534     1.000000000
     0.149445528     9.205302832     1.000000000
     0.149812271     9.205318606     1.000000000
     0.150179014     9.205332856     1.000000000
     0.150545757     9.205345585     1.000000000
     0.150912499     9.205356795     1.000000000
     0.151279242     9.205366488     1.000000000
     0.151645985     9.205374665     1.000000000
     0.152012727     9.205381329     1.000000000
     0.152379470     9.205386481     1.000000000
     0.152746213     9.205390124     1.000000000
     0.153112956     9.205392260     1.000000000
     0.153479698     9.205392891     1.000000000
     0.153846441     9.205392020     1.000000000
     0.154213184     9.205389648     1.000000000
     0.154579926     9.205385779     1.000000000
     0.154946669     9.205380415     1.000000000
     0.155313412     9.205373558     1.000000000
     0.155680155     9.205365211     1.000000000
     0.156046897     9.205355377     1.000000000
     0.156413640     9.205344058     1.000000000
     0.156780383     9.205331257     1.000000000
     0.157147125     9.205316976     1.000000000
     0.157513868     9.205301220     1.000000000
     0.157880611     9.205283990     1.000000000
     0.158247354     9.205265290     1.000000000
     0.158614096     9.205245123     1.000000000
     0.158980839     9.205223491     1.000000000
     0.159347582     9.205200399     1.000000000
     0.159714324     9.205175848     1.000000000
     0.160081067     9.205149843     1.000000000
     0.160447810     9.205122386     1.000000000
     0.160814553     9.205093481     1.000000000
     0.161181295     9.205063131     1.000000000
     0.161548038     9.205031340     1.000000000
     0.161914781     9.204998112     1.000000000
     0.162281523     9.204963449     1.000000000
     0.162648266     9.204927355     1.000000000
     0.163015009     9.204889834     1.000000000
     0.163381751     9.204850889     1.000000000
     0.163748494     9.204810525     1.000000000
     0.164115237     9.204768745     1.000000000
     0.164481980     9.204725552     1.000000000
     0.164848722     9.204680951     1.000000000
     0.165215465     9.204634946     1.000000000
     0.165582208     9.204587540     1.000000000
     0.165948950     9.204538737     1.000000000
     0.166315693     9.204488542     1.000000000
     0.166682436     9.204436958     1.000000000
     0.167049179     9.204383990     1.000000000
     0.167415921     9.204329641     1.000000000
     0.167782664     9.204273916     1.000000000
     0.168149407     9.204216819     1.000000000
     0.168516149     9.204158355     1.000000000
     0.168882892     9.204098527     1.000000000
     0.169249635     9.204037339     1.000000000
     0.169616378     9.203974797     1.000000000
     0.169983120     9.203910905     1.000000000
     0.170349863     9.203845667     1.000000000
     0.170716606     9.203779087     1.000000000
     0.171083348     9.203711171     1.000000000
     0.171450091     9.203641922     1.000000000
     0.171816834     9.203571345     1.000000000
     0.172183577     9.203499446     1.000000000
     0.172550319     9.203426227     1.000000000
  
     0.000000000     9.972732778     1.000000000
     0.000352217     9.973637661     1.000000000
     0.000704434     9.974543433     1.000000000
     0.001056651     9.975450092     1.000000000
     0.001408868     9.976357632     1.000000000
     0.001761085     9.977266051     1.000000000
     0.002113302     9.978175344     1.000000000
     0.002465519     9.979085509     1.000000000
     0.002817736     9.979996540     1.000000000
     0.003169953     9.980908436     1.000000000
     0.003522170     9.981821192     1.000000000
     0.003874386     9.982734805     1.000000000
     0.004226603     9.983649272     1.000000000
     0.004578820     9.984564588     1.000000000
     0.004931037     9.985480751     1.000000000
     0.005283254     9.986397758     1.000000000
     0.005635471     9.987315605     1.000000000
     0.005987688     9.988234290     1.000000000
     0.006339905     9.989153808     1.000000000
     0.006692122     9.990074157     1.000000000
     0.007044339     9.990995334     1.000000000
     0.007396556     9.991917335     1.000000000
     0.007748773     9.992840159     1.000000000
     0.008100990     9.993763801     1.000000000
     0.008453207     9.994688259     1.000000000
     0.008805424     9.995613531     1.000000000
     0.009157641     9.996539612     1.000000000
     0.009509858     9.997466502     1.000000000
     0.009862075     9.998394196     1.000000000
     0.010214292     9.999322692     1.000000000
     0.010566509    10.000251988     1.000000000
     0.010918726    10.001182081     1.000000000
     0.011270942    10.002112969     1.000000000
     0.011623159    10.003044648     1.000000000
     0.011975376    10.003977117     1.000000000
     0.012327593    10.004910372     1.000000000
     0.012679810    10.005844413     1.000000000
     0.013032027    10.006779235     1.000000000
     0.013384244    10.007714838     1.000000000
     0.013736461    10.008651218     1.000000000
     0.014088678    10.009588374     1.000000000
     0.014440895    10.010526302     1.000000000
     0.014793112    10.011465002     1.000000000
     0.015145329    10.012404471     1.000000000
     0.015497546    10.013344706     1.000000000
     0.015849763    10.014285707     1.000000000
     0.016201980    10.015227470     1.000000000
     0.016554197    10.016169994     1.000000000
     0.016906414    10.017113276     1.000000000
     0.017258631    10.018057316     1.000000000
     0.017610848    10.019002111     1.000000000
     0.017963065    10.019947658     1.000000000
     0.018315281    10.020893958     1.000000000
     0.018667498    10.021841007     1.000000000
     0.019019715    10.022788803     1.000000000
     0.019371932    10.023737346     1.000000000
     0.019724149    10.024686634     1.000000000
     0.020076366    10.025636664     1.000000000
     0.020428583    10.026587436     1.000000000
     0.020780800    10.027538947     1.000000000
     0.021133017    10.028491197     1.000000000
     0.021485234    10.029444183     1.000000000
     0.021837451    10.030397905     1.000000000
     0.022189668    10.031352360     1.000000000
     0.022541885    10.032307548     1.000000000
     0.022894102    10.033263467     1.000000000
     0.023246319    10.034220115     1.000000000
     0.023598536    10.035177492     1.000000000
     0.023950753    10.036135596     1.000000000
     0.024302970    10.037094425     1.000000000
     0.024655187    10.038053980     1.000000000
     0.025007404    10.039014257     1.000000000
     0.025359621    10.039975257     1.000000000
     0.025711837    10.040936978     1.000000000
     0.026064054    10.041899419     1.000000000
     0.026416271    10.042862578     1.000000000
     0.026768488    10.043826456     1.000000000
     0.027120705    10.044791050     1.000000000
     0.027472922    10.045756361     1.000000000
     0.027825139    10.046722386     1.000000000
     0.028177356    10.047689125     1.000000000
     0.028529573    10.048656577     1.000000000
     0.028881790    10.049624741     1.000000000
     0.029234007    10.050593617     1.000000000
     0.029586224    10.051563202     1.000000000
     0.029938441    10.052533498     1.000000000
     0.030290658    10.053504502     1.000000000
     0.030642875    10.054476215     1.000000000
     0.030995092    10.055448634     1.000000000
     0.031347309    10.056421761     1.000000000
     0.031699526    10.057395593     1.000000000
     0.032051743    10.058370131     1.000000000
     0.032403960    10.059345373     1.000000000
     0.032756177    10.060321319     1.000000000
     0.033108393    10.061297969     1.000000000
     0.033460610    10.062275321     1.000000000
     0.033812827    10.063253376     1.000000000
     0.034165044    10.064232133     1.000000000
     0.034517261    10.065211591     1.000000000
     0.034869478    10.066191750     1.000000000
     0.035221695    10.067172609     1.000000000
     0.035573912    10.068154169     1.000000000
     0.035926129    10.069136427     1.000000000
     0.036278346    10.070119385     1.000000000
     0.036630563    10.071103042     1.000000000
     0.036982780    10.072087397     1.000000000
     0.037334997    10.073072450     1.000000000
     0.037687214    10.074058201     1.000000000
     0.038039431    10.075044650     1.000000000
     0.038391648    10.076031795     1.000000000
     0.038743865    10.077019638     1.000000000
     0.039096082    10.078008177     1.000000000
     0.039448299    10.078997413     1.000000000
     0.039800516    10.079987345     1.000000000
     0.040152733    10.080977973     1.000000000
     0.040504949    10.081969297     1.000000000
     0.040857166    10.082961317     1.000000000
     0.041209383    10.083954033     1.000000000
     0.041561600    10.084947444     1.000000000
     0.041913817    10.085941551     1.000000000
     0.042266034    10.086936309     1.000000000
     0.042618251    10.087365085     1.000000000
     0.042970468    10.087794600     1.000000000
     0.043322685    10.088224872     1.000000000
     0.043674902    10.088655895     1.000000000
     0.044027119    10.089087663     1.000000000
     0.044379336    10.089520174     1.000000000
     0.044731553    10.089953421     1.000000000
     0.045083770    10.090387400     1.000000000
     0.045435987    10.090822106     1.000000000
     0.045788204    10.091257534     1.000000000
     0.046140421    10.091693681     1.000000000
     0.046492638    10.092130540     1.000000000
     0.046844855    10.092568108     1.000000000
     0.047197072    10.093006380     1.000000000
     0.047549289    10.093445351     1.000000000
     0.047901505    10.093885016     1.000000000
     0.048253722    10.094325371     1.000000000
     0.048605939    10.094766411     1.000000000
     0.048958156    10.095208132     1.000000000
     0.049310373    10.095650528     1.000000000
     0.049662590    10.096093596     1.000000000
     0.050014807    10.096537331     1.000000000
     0.050367024    10.096981728     1.000000000
     0.050719241    10.097426782     1.000000000
     0.051071458    10.097872490     1.000000000
     0.051423675    10.098318847     1.000000000
     0.051775892    10.098765847     1.000000000
     0.052128109    10.099213487     1.000000000
     0.052480326    10.099661762     1.000000000
     0.052832543    10.100110668     1.000000000
     0.053184760    10.100560199     1.000000000
     0.053536977    10.101010353     1.000000000
     0.053889194    10.101461123     1.000000000
     0.054241411    10.101912507     1.000000000
     0.054593628    10.102364498     1.000000000
     0.054945844    10.102817094     1.000000000
     0.055298061    10.103270290     1.000000000
     0.055650278    10.103724080     1.000000000
     0.056002495    10.104178461     1.000000000
     0.056354712    10.104633429     1.000000000
     0.056706929    10.105088979     1.000000000
     0.057059146    10.105545107     1.000000000
     0.057411363    10.106001808     1.000000000
     0.057763580    10.106459079     1.000000000
     0.058115797    10.106916914     1.000000000
     0.058468014    10.107375310     1.000000000
     0.058820231    10.107834263     1.000000000
     0.059172448    10.108293767     1.000000000
     0.059524665    10.108753819     1.000000000
     0.059876882    10.109214416     1.000000000
     0.060229099    10.109675551     1.000000000
     0.060581316    10.110137222     1.000000000
     0.060933533    10.110599424     1.000000000
     0.061285750    10.111062153     1.000000000
     0.061637967    10.111525404     1.000000000
     0.061990184    10.111989175     1.000000000
     0.062342400    10.112453459     1.000000000
     0.062694617    10.112918255     1.000000000
     0.063046834    10.113383556     1.000000000
     0.063399051    10.113849360     1.000000000
     0.063751268    10.114315661     1.000000000
     0.064103485    10.114782457     1.000000000
     0.064455702    10.115249743     1.000000000
     0.064807919    10.115717515     1.000000000
     0.065160136    10.116185769     1.000000000
     0.065512353    10.116654501     1.000000000
     0.065864570    10.117123707     1.000000000
     0.066216787    10.117593383     1.000000000
     0.066569004    10.118063526     1.000000000
     0.066921221    10.118534130     1.000000000
     0.067273438    10.119005192     1.000000000
     0.067625655    10.119476709     1.000000000
     0.067977872    10.119948676     1.000000000
     0.068330089    10.120421090     1.000000000
     0.068682306    10.120893947     1.000000000
     0.069034523    10.121367242     1.000000000
     0.069386740    10.121840972     1.000000000
     0.069738956    10.122315133     1.000000000
     0.070091173    10.122789722     1.000000000
     0.070443390    10.123264734     1.000000000
     0.070795607    10.123740166     1.000000000
     0.071147824    10.124216013     1.000000000
     0.071500041    10.124692273     1.000000000
     0.071852258    10.125168942     1.000000000
     0.072204475    10.125646015     1.000000000
     0.072556692    10.126123489     1.000000000
     0.072908909    10.126601361     1.000000000
     0.073261126    10.127079626     1.000000000
     0.073613343    10.127558281     1.000000000
     0.073965560    10.128037322     1.000000000
     0.074317777    10.128516746     1.000000000
     0.074669994    10.128996549     1.000000000
     0.075022211    10.129476728     1.000000000
     0.075374428    10.129957278     1.000000000
     0.075726645    10.130438197     1.000000000
     0.076078862    10.130919481     1.000000000
     0.076431079    10.131401125     1.000000000
     0.076783296    10.131883127     1.000000000
     0.077135512    10.132365484     1.000000000
     0.077487729    10.132848191     1.000000000
     0.077839946    10.133331245     1.000000000
     0.078192163    10.133814642     1.000000000
     0.078544380    10.134298380     1.000000000
     0.078896597    10.134782455     1.000000000
     0.079248814    10.135266863     1.000000000
     0.079601031    10.135751600     1.000000000
     0.079953248    10.136236665     1.000000000
     0.080305465    10.136722052     1.000000000
     0.080657682    10.137207759     1.000000000
     0.081009899    10.137693782     1.000000000
     0.081362116    10.138180119     1.000000000
     0.081714333    10.138666765     1.000000000
     0.082066550    10.139153718     1.000000000
     0.082418767    10.139640973     1.000000000
     0.082770984    10.140128529     1.000000000
     0.083123201    10.140616381     1.000000000
     0.083475418    10.141104527     1.000000000
     0.083827635    10.141592962     1.000000000
     0.084179851    10.142081684     1.000000000
     0.084532068    10.142570690     1.000000000
     0.084532068    10.064598096     1.000000000
     0.084898811    10.064726155     1.000000000
     0.085265554    10.064855233     1.000000000
     0.085632297    10.064985328     1.000000000
     0.085999039    10.065116440     1.000000000
     0.086365782    10.065248567     1.000000000
     0.086732525    10.065381710     1.000000000
     0.087099267    10.065515868     1.000000000
     0.087466010    10.065651039     1.000000000
     0.087832753    10.065787224     1.000000000
     0.088199496    10.065924421     1.000000000
     0.088566238    10.066062630     1.000000000
     0.088932981    10.066201850     1.000000000
     0.089299724    10.066342081     1.000000000
     0.089666466    10.066483320     1.000000000
     0.090033209    10.066625568     1.000000000
     0.090399952    10.066768825     1.000000000
     0.090766695    10.066913088     1.000000000
     0.091133437    10.067058357     1.000000000
     0.091500180    10.067204632     1.000000000
     0.091866923    10.067351911     1.000000000
     0.092233665    10.067500194     1.000000000
     0.092600408    10.067649479     1.000000000
     0.092967151    10.067799766     1.000000000
     0.093333894    10.067951055     1.000000000
     0.093700636    10.068103343     1.000000000
     0.094067379    10.068256630     1.000000000
     0.094434122    10.068410915     1.000000000
     0.094800864    10.068566198     1.000000000
     0.095167607    10.068722476     1.000000000
     0.095534350    10.068879750     1.000000000
     0.095901093    10.069038018     1.000000000
     0.096267835    10.069197278     1.000000000
     0.096634578    10.069357531     1.000000000
     0.097001321    10.069518775     1.000000000
     0.097368063    10.069681009     1.000000000
     0.097734806    10.069844231     1.000000000
     0.098101549    10.070008442     1.000000000
     0.098468291    10.070173638     1.000000000
     0.098835034    10.070339821     1.000000000
     0.099201777    10.070506987     1.000000000
     0.099568520    10.070675137     1.000000000
     0.099935262    10.070844268     1.000000000
     0.100302005    10.071014381     1.000000000
     0.100668748    10.071185472     1.000000000
     0.101035490    10.071357543     1.000000000
     0.101402233    10.071530590     1.000000000
     0.101768976    10.071704613     1.000000000
     0.102135719    10.071879610     1.000000000
     0.102502461    10.072055581     1.000000000
     0.102869204    10.072232523     1.000000000
     0.103235947    10.072410437     1.000000000
     0.103602689    10.072589319     1.000000000
     0.103969432    10.072769169     1.000000000
     0.104336175    10.072949986     1.000000000
     0.104702918    10.073131767     1.000000000
     0.105069660    10.073314513     1.000000000
     0.105436403    10.073498220     1.000000000
     0.105803146    10.073682889     1.000000000
     0.106169888    10.073868517     1.000000000
     0.106536631    10.074055102     1.000000000
     0.106903374    10.074242644     1.000000000
     0.107270117    10.074431141     1.000000000
     0.107636859    10.074620591     1.000000000
     0.108003602    10.074810992     1.000000000
     0.108370345    10.075002344     1.000000000
     0.108737087    10.075194645     1.000000000
     0.109103830    10.075387892     1.000000000
     0.109470573    10.075582085     1.000000000
     0.109837316    10.075777221     1.000000000
     0.110204058    10.075973300     1.000000000
     0.110570801    10.076170319     1.000000000
     0.110937544    10.076368276     1.000000000
     0.111304286    10.076567171     1.000000000
     0.111671029    10.076767000     1.000000000
     0.112037772    10.076967763     1.000000000
     0.112404515    10.077169458     1.000000000
     0.112771257    10.077372083     1.000000000
     0.113138000    10.077575636     1.000000000
     0.113504743    10.077780115     1.000000000
     0.113871485    10.077985519     1.000000000
     0.114238228    10.078191845     1.000000000
     0.114604971    10.078399092     1.000000000
     0.114971714    10.078607258     1.000000000
     0.115338456    10.078816341     1.000000000
     0.115705199    10.079026338     1.000000000
     0.116071942    10.079237249     1.000000000
     0.116438684    10.079449071     1.000000000
     0.116805427    10.079661802     1.000000000
     0.117172170    10.079875439     1.000000000
     0.117538913    10.080089982     1.000000000
     0.117905655    10.080305428     1.000000000
     0.118272398    10.080521775     1.000000000
     0.118639141    10.080739021     1.000000000
     0.119005883    10.080957163     1.000000000
     0.119372626    10.081176201     1.000000000
     0.119739369    10.081396130     1.000000000
     0.120106111    10.081616950     1.000000000
     0.120472854    10.081838658     1.000000000
     0.120839597    10.082061252     1.000000000
     0.121206340    10.082284730     1.000000000
     0.121573082    10.082509090     1.000000000
     0.121939825    10.082734329     1.000000000
     0.122306568    10.082960444     1.000000000
     0.122673310    10.083187435     1.000000000
     0.123040053    10.083415298     1.000000000
     0.123406796    10.083644031     1.000000000
     0.123773539    10.083873632     1.000000000
     0.124140281    10.084104099     1.000000000
     0.124507024    10.084335428     1.000000000
     0.124873767    10.084567618     1.000000000
     0.125240509    10.084800667     1.000000000
     0.125607252    10.085034571     1.000000000
     0.125973995    10.085269329     1.000000000
     0.126340738    10.085504937     1.000000000
     0.126707480    10.085741394     1.000000000
     0.127074223    10.085978697     1.000000000
     0.127440966    10.086216843     1.000000000
     0.127807708    10.086455831     1.000000000
     0.128174451    10.086695656     1.000000000
     0.128541194    10.086936309     1.000000000
     0.128907937    10.086627441     1.000000000
     0.129274679    10.086317924     1.000000000
     0.129641422    10.086007817     1.000000000
     0.130008165    10.085697123     1.000000000
     0.130374907    10.085385847     1.000000000
     0.130741650    10.085073993     1.000000000
     0.131108393    10.084761563     1.000000000
     0.131475136    10.084448562     1.000000000
     0.131841878    10.084134992     1.000000000
     0.132208621    10.083820859     1.000000000
     0.132575364    10.083506164     1.000000000
     0.132942106    10.083190913     1.000000000
     0.133308849    10.082875108     1.000000000
     0.133675592    10.082558752     1.000000000
     0.134042335    10.082241850     1.000000000
     0.134409077    10.081924404     1.000000000
     0.134775820    10.081606418     1.000000000
     0.135142563    10.081287896     1.000000000
     0.135509305    10.080968840     1.000000000
     0.135876048    10.080649254     1.000000000
     0.136242791    10.080329141     1.000000000
     0.136609534    10.080008505     1.000000000
     0.136976276    10.079687349     1.000000000
     0.137343019    10.079365676     1.000000000
     0.137709762    10.079043489     1.000000000
     0.138076504    10.078720791     1.000000000
     0.138443247    10.078397585     1.000000000
     0.138809990    10.078073875     1.000000000
     0.139176733    10.077749664     1.000000000
     0.139543475    10.077424954     1.000000000
     0.139910218    10.077099749     1.000000000
     0.140276961    10.076774052     1.000000000
     0.140643703    10.076447865     1.000000000
     0.141010446    10.076121192     1.000000000
     0.141377189    10.075794036     1.000000000
     0.141743931    10.075466399     1.000000000
     0.142110674    10.075138284     1.000000000
     0.142477417    10.074809694     1.000000000
     0.142844160    10.074480633     1.000000000
     0.143210902    10.074151102     1.000000000
     0.143577645    10.073821105     1.000000000
     0.143944388    10.073490645     1.000000000
     0.144311130    10.073159723     1.000000000
     0.144677873    10.072828343     1.000000000
     0.145044616    10.072496508     1.000000000
     0.145411359    10.072164221     1.000000000
     0.145778101    10.071831483     1.000000000
     0.146144844    10.071498297     1.000000000
     0.146511587    10.071164667     1.000000000
     0.146878329    10.070830594     1.000000000
     0.147245072    10.070496082     1.000000000
     0.147611815    10.070161132     1.000000000
     0.147978558    10.069825748     1.000000000
     0.148345300    10.069489932     1.000000000
     0.148712043    10.069153686     1.000000000
     0.149078786    10.068817013     1.000000000
     0.149445528    10.068479915     1.000000000
     0.149812271    10.068142395     1.000000000
     0.150179014    10.067804454     1.000000000
     0.150545757    10.067466097     1.000000000
     0.150912499    10.067127324     1.000000000
     0.151279242    10.066788138     1.000000000
     0.151645985    10.066448542     1.000000000
     0.152012727    10.066108537     1.000000000
     0.152379470    10.065768127     1.000000000
     0.152746213    10.065427312     1.000000000
     0.153112956    10.065086097     1.000000000
     0.153479698    10.064744482     1.000000000
     0.153846441    10.064402470     1.000000000
     0.154213184    10.064060063     1.000000000
     0.154579926    10.063717264     1.000000000
     0.154946669    10.063374074     1.000000000
     0.155313412    10.063030496     1.000000000
     0.155680155    10.062686532     1.000000000
     0.156046897    10.062342183     1.000000000
     0.156413640    10.061997453     1.000000000
     0.156780383    10.061652342     1.000000000
     0.157147125    10.061306854     1.000000000
     0.157513868    10.060960989     1.000000000
     0.157880611    10.060614751     1.000000000
     0.158247354    10.060268141     1.000000000
     0.158614096    10.059921161     1.000000000
     0.158980839    10.059573813     1.000000000
     0.159347582    10.059226099     1.000000000
     0.159714324    10.058878021     1.000000000
     0.160081067    10.058529581     1.000000000
     0.160447810    10.058180780     1.000000000
     0.160814553    10.057831621     1.000000000
     0.161181295    10.057482106     1.000000000
     0.161548038    10.057132236     1.000000000
     0.161914781    10.056782013     1.000000000
     0.162281523    10.056431439     1.000000000
     0.162648266    10.056080517     1.000000000
     0.163015009    10.055729246     1.000000000
     0.163381751    10.055377630     1.000000000
     0.163748494    10.055025671     1.000000000
     0.164115237    10.054673369     1.000000000
     0.164481980    10.054320727     1.000000000
     0.164848722    10.053967746     1.000000000
     0.165215465    10.053614428     1.000000000
     0.165582208    10.053260776     1.000000000
     0.165948950    10.052906789     1.000000000
     0.166315693    10.052552471     1.000000000
     0.166682436    10.052197822     1.000000000
     0.167049179    10.051842845     1.000000000
     0.167415921    10.051487541     1.000000000
     0.167782664    10.051131912     1.000000000
     0.168149407    10.050775959     1.000000000
     0.168516149    10.050419684     1.000000000
     0.168882892    10.050063088     1.000000000
     0.169249635    10.049706174     1.000000000
     0.169616378    10.049348942     1.000000000
     0.169983120    10.048991394     1.000000000
     0.170349863    10.048633531     1.000000000
     0.170716606    10.048275356     1.000000000
     0.171083348    10.047916869     1.000000000
     0.171450091    10.047558073     1.000000000
     0.171816834    10.047198968     1.000000000
     0.172183577    10.046839557     1.000000000
     0.172550319    10.046479839     1.000000000
  
     0.000000000    10.042503971     1.000000000
     0.000352217    10.042804180     1.000000000
     0.000704434    10.043105779     1.000000000
     0.001056651    10.043408762     1.000000000
     0.001408868    10.043713123     1.000000000
     0.001761085    10.044018857     1.000000000
     0.002113302    10.044325960     1.000000000
     0.002465519    10.044634424     1.000000000
     0.002817736    10.044944246     1.000000000
     0.003169953    10.045255419     1.000000000
     0.003522170    10.045567938     1.000000000
     0.003874386    10.045881797     1.000000000
     0.004226603    10.046196992     1.000000000
     0.004578820    10.046513517     1.000000000
     0.004931037    10.046831366     1.000000000
     0.005283254    10.047150534     1.000000000
     0.005635471    10.047471015     1.000000000
     0.005987688    10.047792804     1.000000000
     0.006339905    10.048115896     1.000000000
     0.006692122    10.048440285     1.000000000
     0.007044339    10.048765966     1.000000000
     0.007396556    10.049092933     1.000000000
     0.007748773    10.049421180     1.000000000
     0.008100990    10.049750703     1.000000000
     0.008453207    10.050081496     1.000000000
     0.008805424    10.050413554     1.000000000
     0.009157641    10.050746871     1.000000000
     0.009509858    10.051081441     1.000000000
     0.009862075    10.051417259     1.000000000
     0.010214292    10.051754321     1.000000000
     0.010566509    10.052092619     1.000000000
     0.010918726    10.052432150     1.000000000
     0.011270942    10.052772907     1.000000000
     0.011623159    10.053114885     1.000000000
     0.011975376    10.053458079     1.000000000
     0.012327593    10.053802483     1.000000000
     0.012679810    10.054148091     1.000000000
     0.013032027    10.054494900     1.000000000
     0.013384244    10.054842902     1.000000000
     0.013736461    10.055192093     1.000000000
     0.014088678    10.055542467     1.000000000
     0.014440895    10.055894018     1.000000000
     0.014793112    10.056246743     1.000000000
     0.015145329    10.056600634     1.000000000
     0.015497546    10.056955687     1.000000000
     0.015849763    10.057311896     1.000000000
     0.016201980    10.057669255     1.000000000
     0.016554197    10.058027761     1.000000000
     0.016906414    10.058387406     1.000000000
     0.017258631    10.058748186     1.000000000
     0.017610848    10.059110095     1.000000000
     0.017963065    10.059473129     1.000000000
     0.018315281    10.059837281     1.000000000
     0.018667498    10.060202546     1.000000000
     0.019019715    10.060568919     1.000000000
     0.019371932    10.060936395     1.000000000
     0.019724149    10.061304968     1.000000000
     0.020076366    10.061674632     1.000000000
     0.020428583    10.062045384     1.000000000
     0.020780800    10.062417216     1.000000000
     0.021133017    10.062790125     1.000000000
     0.021485234    10.063164104     1.000000000
     0.021837451    10.063539148     1.000000000
     0.022189668    10.063915253     1.000000000
     0.022541885    10.064292412     1.000000000
     0.022894102    10.064670620     1.000000000
     0.023246319    10.065049873     1.000000000
     0.023598536    10.065430164     1.000000000
     0.023950753    10.065811489     1.000000000
     0.024302970    10.066193842     1.000000000
     0.024655187    10.066577219     1.000000000
     0.025007404    10.066961613     1.000000000
     0.025359621    10.067347019     1.000000000
     0.025711837    10.067733433     1.000000000
     0.026064054    10.068120849     1.000000000
     0.026416271    10.068509262     1.000000000
     0.026768488    10.068898667     1.000000000
     0.027120705    10.069289058     1.000000000
     0.027472922    10.069680430     1.000000000
     0.027825139    10.070072778     1.000000000
     0.028177356    10.070466097     1.000000000
     0.028529573    10.070860381     1.000000000
     0.028881790    10.071255626     1.000000000
     0.029234007    10.071651826     1.000000000
     0.029586224    10.072048977     1.000000000
     0.029938441    10.072447072     1.000000000
     0.030290658    10.072846107     1.000000000
     0.030642875    10.073246077     1.000000000
     0.030995092    10.073646977     1.000000000
     0.031347309    10.074048800     1.000000000
     0.031699526    10.074451544     1.000000000
     0.032051743    10.074855201     1.000000000
     0.032403960    10.075259768     1.000000000
     0.032756177    10.075665238     1.000000000
     0.033108393    10.076071608     1.000000000
     0.033460610    10.076478871     1.000000000
     0.033812827    10.076887024     1.000000000
     0.034165044    10.077296060     1.000000000
     0.034517261    10.077705974     1.000000000
     0.034869478    10.078116763     1.000000000
     0.035221695    10.078528420     1.000000000
     0.035573912    10.078940941     1.000000000
     0.035926129    10.079354320     1.000000000
     0.036278346    10.079768554     1.000000000
     0.036630563    10.080183635     1.000000000
     0.036982780    10.080599561     1.000000000
     0.037334997    10.081016325     1.000000000
     0.037687214    10.081433923     1.000000000
     0.038039431    10.081852350     1.000000000
     0.038391648    10.082271600     1.000000000
     0.038743865    10.082691670     1.000000000
     0.039096082    10.083112553     1.000000000
     0.039448299    10.083534246     1.000000000
     0.039800516    10.083956743     1.000000000
     0.040152733    10.084380039     1.000000000
     0.040504949    10.084804130     1.000000000
     0.040857166    10.085229010     1.000000000
     0.041209383    10.085654675     1.000000000
     0.041561600    10.086081120     1.000000000
     0.041913817    10.086508339     1.000000000
     0.042266034    10.086936373     1.000000000
     0.042618251    10.087931850     1.000000000
     0.042970468    10.088928043     1.000000000
     0.043322685    10.089924931     1.000000000
     0.043674902    10.090922514     1.000000000
     0.044027119    10.091920793     1.000000000
     0.044379336    10.092919766     1.000000000
     0.044731553    10.093919435     1.000000000
     0.045083770    10.094919800     1.000000000
     0.045435987    10.095920860     1.000000000
     0.045788204    10.096922615     1.000000000
     0.046140421    10.097925065     1.000000000
     0.046492638    10.098928212     1.000000000
     0.046844855    10.099932054     1.000000000
     0.047197072    10.100936592     1.000000000
     0.047549289    10.101941826     1.000000000
     0.047901505    10.102947756     1.000000000
     0.048253722    10.103954383     1.000000000
     0.048605939    10.104961706     1.000000000
     0.048958156    10.105969726     1.000000000
     0.049310373    10.106978443     1.000000000
     0.049662590    10.107987857     1.000000000
     0.050014807    10.108997968     1.000000000
     0.050367024    10.110008777     1.000000000
     0.050719241    10.111020283     1.000000000
     0.051071458    10.112032488     1.000000000
     0.051423675    10.113045391     1.000000000
     0.051775892    10.114058992     1.000000000
     0.052128109    10.115073292     1.000000000
     0.052480326    10.116088292     1.000000000
     0.052832543    10.117103991     1.000000000
     0.053184760    10.118120390     1.000000000
     0.053536977    10.119137489     1.000000000
     0.053889194    10.120155288     1.000000000
     0.054241411    10.121173788     1.000000000
     0.054593628    10.122192989     1.000000000
     0.054945844    10.123212892     1.000000000
     0.055298061    10.124233496     1.000000000
     0.055650278    10.125254803     1.000000000
     0.056002495    10.126276812     1.000000000
     0.056354712    10.127299524     1.000000000
     0.056706929    10.128322939     1.000000000
     0.057059146    10.129347058     1.000000000
     0.057411363    10.130371881     1.000000000
     0.057763580    10.131397409     1.000000000
     0.058115797    10.132423641     1.000000000
     0.058468014    10.133450579     1.000000000
     0.058820231    10.134478223     1.000000000
     0.059172448    10.135506573     1.000000000
     0.059524665    10.136535629     1.000000000
     0.059876882    10.137565392     1.000000000
     0.060229099    10.138595863     1.000000000
     0.060581316    10.139627042     1.000000000
     0.060933533    10.140658930     1.000000000
     0.061285750    10.141691526     1.000000000
     0.061637967    10.142724831     1.000000000
     0.061990184    10.143758846     1.000000000
     0.062342400    10.144793572     1.000000000
     0.062694617    10.145829008     1.000000000
     0.063046834    10.146865155     1.000000000
     0.063399051    10.147902014     1.000000000
     0.063751268    10.148939585     1.000000000
     0.064103485    10.149977868     1.000000000
     0.064455702    10.151016865     1.000000000
     0.064807919    10.152056575     1.000000000
     0.065160136    10.153096999     1.000000000
     0.065512353    10.154138138     1.000000000
     0.065864570    10.155179992     1.000000000
     0.066216787    10.156222561     1.000000000
     0.066569004    10.157265846     1.000000000
     0.066921221    10.158309848     1.000000000
     0.067273438    10.159354566     1.000000000
     0.067625655    10.160400002     1.000000000
     0.067977872    10.161446156     1.000000000
     0.068330089    10.162493029     1.000000000
     0.068682306    10.163540620     1.000000000
     0.069034523    10.164588931     1.000000000
     0.069386740    10.165637961     1.000000000
     0.069738956    10.166687712     1.000000000
     0.070091173    10.167738184     1.000000000
     0.070443390    10.168789377     1.000000000
     0.070795607    10.169841292     1.000000000
     0.071147824    10.170893930     1.000000000
     0.071500041    10.171947290     1.000000000
     0.071852258    10.173001373     1.000000000
     0.072204475    10.174056180     1.000000000
     0.072556692    10.175111712     1.000000000
     0.072908909    10.176167968     1.000000000
     0.073261126    10.177224949     1.000000000
     0.073613343    10.178282657     1.000000000
     0.073965560    10.179341090     1.000000000
     0.074317777    10.180400249     1.000000000
     0.074669994    10.181460136     1.000000000
     0.075022211    10.182520750     1.000000000
     0.075374428    10.183582093     1.000000000
     0.075726645    10.184644163     1.000000000
     0.076078862    10.185706963     1.000000000
     0.076431079    10.186770491     1.000000000
     0.076783296    10.187834750     1.000000000
     0.077135512    10.188899738     1.000000000
     0.077487729    10.189965458     1.000000000
     0.077839946    10.191031908     1.000000000
     0.078192163    10.192099089     1.000000000
     0.078544380    10.193167003     1.000000000
     0.078896597    10.194235649     1.000000000
     0.079248814    10.195305027     1.000000000
     0.079601031    10.196375138     1.000000000
     0.079953248    10.197445983     1.000000000
     0.080305465    10.198517562     1.000000000
     0.080657682    10.199589874     1.000000000
     0.081009899    10.200662922     1.000000000
     0.081362116    10.201736704     1.000000000
     0.081714333    10.202811222     1.000000000
     0.082066550    10.203886475     1.000000000
     0.082418767    10.204962464     1.000000000
     0.082770984    10.206039190     1.000000000
     0.083123201    10.207116652     1.000000000
     0.083475418    10.208194851     1.000000000
     0.083827635    10.209273788     1.000000000
     0.084179851    10.210353462     1.000000000
     0.084532068    10.211433874     1.000000000
     0.084532068    10.118303444     1.000000000
     0.084898811    10.118102181     1.000000000
     0.085265554    10.117899655     1.000000000
     0.085632297    10.117695874     1.000000000
     0.085999039    10.117490844     1.000000000
     0.086365782    10.117284573     1.000000000
     0.086732525    10.117077068     1.000000000
     0.087099267    10.116868334     1.000000000
     0.087466010    10.116658380     1.000000000
     0.087832753    10.116447212     1.000000000
     0.088199496    10.116234836     1.000000000
     0.088566238    10.116021261     1.000000000
     0.088932981    10.115806493     1.000000000
     0.089299724    10.115590537     1.000000000
     0.089666466    10.115373403     1.000000000
     0.090033209    10.115155095     1.000000000
     0.090399952    10.114935622     1.000000000
     0.090766695    10.114714989     1.000000000
     0.091133437    10.114493204     1.000000000
     0.091500180    10.114270273     1.000000000
     0.091866923    10.114046204     1.000000000
     0.092233665    10.113821002     1.000000000
     0.092600408    10.113594674     1.000000000
     0.092967151    10.113367228     1.000000000
     0.093333894    10.113138670     1.000000000
     0.093700636    10.112909006     1.000000000
     0.094067379    10.112678243     1.000000000
     0.094434122    10.112446388     1.000000000
     0.094800864    10.112213448     1.000000000
     0.095167607    10.111979428     1.000000000
     0.095534350    10.111744336     1.000000000
     0.095901093    10.111508177     1.000000000
     0.096267835    10.111270959     1.000000000
     0.096634578    10.111032688     1.000000000
     0.097001321    10.110793371     1.000000000
     0.097368063    10.110553013     1.000000000
     0.097734806    10.110311622     1.000000000
     0.098101549    10.110069203     1.000000000
     0.098468291    10.109825763     1.000000000
     0.098835034    10.109581308     1.000000000
     0.099201777    10.109335845     1.000000000
     0.099568520    10.109089380     1.000000000
     0.099935262    10.108841919     1.000000000
     0.100302005    10.108593468     1.000000000
     0.100668748    10.108344034     1.000000000
     0.101035490    10.108093622     1.000000000
     0.101402233    10.107842240     1.000000000
     0.101768976    10.107589892     1.000000000
     0.102135719    10.107336586     1.000000000
     0.102502461    10.107082326     1.000000000
     0.102869204    10.106827120     1.000000000
     0.103235947    10.106570973     1.000000000
     0.103602689    10.106313891     1.000000000
     0.103969432    10.106055880     1.000000000
     0.104336175    10.105796946     1.000000000
     0.104702918    10.105537095     1.000000000
     0.105069660    10.105276333     1.000000000
     0.105436403    10.105014666     1.000000000
     0.105803146    10.104752098     1.000000000
     0.106169888    10.104488637     1.000000000
     0.106536631    10.104224288     1.000000000
     0.106903374    10.103959056     1.000000000
     0.107270117    10.103692948     1.000000000
     0.107636859    10.103425968     1.000000000
     0.108003602    10.103158124     1.000000000
     0.108370345    10.102889419     1.000000000
     0.108737087    10.102619859     1.000000000
     0.109103830    10.102349451     1.000000000
     0.109470573    10.102078200     1.000000000
     0.109837316    10.101806111     1.000000000
     0.110204058    10.101533189     1.000000000
     0.110570801    10.101259440     1.000000000
     0.110937544    10.100984870     1.000000000
     0.111304286    10.100709483     1.000000000
     0.111671029    10.100433285     1.000000000
     0.112037772    10.100156282     1.000000000
     0.112404515    10.099878477     1.000000000
     0.112771257    10.099599878     1.000000000
     0.113138000    10.099320488     1.000000000
     0.113504743    10.099040313     1.000000000
     0.113871485    10.098759359     1.000000000
     0.114238228    10.098477629     1.000000000
     0.114604971    10.098195130     1.000000000
     0.114971714    10.097911866     1.000000000
     0.115338456    10.097627842     1.000000000
     0.115705199    10.097343063     1.000000000
     0.116071942    10.097057534     1.000000000
     0.116438684    10.096771260     1.000000000
     0.116805427    10.096484246     1.000000000
     0.117172170    10.096196497     1.000000000
     0.117538913    10.095908017     1.000000000
     0.117905655    10.095618811     1.000000000
     0.118272398    10.095328884     1.000000000
     0.118639141    10.095038241     1.000000000
     0.119005883    10.094746886     1.000000000
     0.119372626    10.094454824     1.000000000
     0.119739369    10.094162059     1.000000000
     0.120106111    10.093868596     1.000000000
     0.120472854    10.093574440     1.000000000
     0.120839597    10.093279596     1.000000000
     0.121206340    10.092984066     1.000000000
     0.121573082    10.092687857     1.000000000
     0.121939825    10.092390972     1.000000000
     0.122306568    10.092093416     1.000000000
     0.122673310    10.091795193     1.000000000
     0.123040053    10.091496307     1.000000000
     0.123406796    10.091196764     1.000000000
     0.123773539    10.090896566     1.000000000
     0.124140281    10.090595718     1.000000000
     0.124507024    10.090294225     1.000000000
     0.124873767    10.089992091     1.000000000
     0.125240509    10.089689319     1.000000000
     0.125607252    10.089385914     1.000000000
     0.125973995    10.089081880     1.000000000
     0.126340738    10.088777221     1.000000000
     0.126707480    10.088471942     1.000000000
     0.127074223    10.088166044     1.000000000
     0.127440966    10.087859534     1.000000000
     0.127807708    10.087552415     1.000000000
     0.128174451    10.087244691     1.000000000
     0.128541194    10.086936373     1.000000000
     0.128907937    10.087177812     1.000000000
     0.129274679    10.087420137     1.000000000
     0.129641422    10.087663290     1.000000000
     0.130008165    10.087907268     1.000000000
     0.130374907    10.088152069     1.000000000
     0.130741650    10.088397690     1.000000000
     0.131108393    10.088644128     1.000000000
     0.131475136    10.088891381     1.000000000
     0.131841878    10.089139446     1.000000000
     0.132208621    10.089388319     1.000000000
     0.132575364    10.089637999     1.000000000
     0.132942106    10.089888483     1.000000000
     0.133308849    10.090139767     1.000000000
     0.133675592    10.090391849     1.000000000
     0.134042335    10.090644726     1.000000000
     0.134409077    10.090898396     1.000000000
     0.134775820    10.091152855     1.000000000
     0.135142563    10.091408101     1.000000000
     0.135509305    10.091664130     1.000000000
     0.135876048    10.091920940     1.000000000
     0.136242791    10.092178527     1.000000000
     0.136609534    10.092436890     1.000000000
     0.136976276    10.092696024     1.000000000
     0.137343019    10.092955928     1.000000000
     0.137709762    10.093216597     1.000000000
     0.138076504    10.093478030     1.000000000
     0.138443247    10.093740222     1.000000000
     0.138809990    10.094003171     1.000000000
     0.139176733    10.094266874     1.000000000
     0.139543475    10.094531328     1.000000000
     0.139910218    10.094796530     1.000000000
     0.140276961    10.095062476     1.000000000
     0.140643703    10.095329164     1.000000000
     0.141010446    10.095596590     1.000000000
     0.141377189    10.095864752     1.000000000
     0.141743931    10.096133646     1.000000000
     0.142110674    10.096403268     1.000000000
     0.142477417    10.096673617     1.000000000
     0.142844160    10.096944688     1.000000000
     0.143210902    10.097216479     1.000000000
     0.143577645    10.097488985     1.000000000
     0.143944388    10.097762205     1.000000000
     0.144311130    10.098036135     1.000000000
     0.144677873    10.098310771     1.000000000
     0.145044616    10.098586110     1.000000000
     0.145411359    10.098862149     1.000000000
     0.145778101    10.099138885     1.000000000
     0.146144844    10.099416315     1.000000000
     0.146511587    10.099694434     1.000000000
     0.146878329    10.099973240     1.000000000
     0.147245072    10.100252730     1.000000000
     0.147611815    10.100532899     1.000000000
     0.147978558    10.100813745     1.000000000
     0.148345300    10.101095265     1.000000000
     0.148712043    10.101377455     1.000000000
     0.149078786    10.101660311     1.000000000
     0.149445528    10.101943830     1.000000000
     0.149812271    10.102228009     1.000000000
     0.150179014    10.102512845     1.000000000
     0.150545757    10.102798333     1.000000000
     0.150912499    10.103084471     1.000000000
     0.151279242    10.103371255     1.000000000
     0.151645985    10.103658681     1.000000000
     0.152012727    10.103946747     1.000000000
     0.152379470    10.104235448     1.000000000
     0.152746213    10.104524781     1.000000000
     0.153112956    10.104814743     1.000000000
     0.153479698    10.105105330     1.000000000
     0.153846441    10.105396539     1.000000000
     0.154213184    10.105688366     1.000000000
     0.154579926    10.105980808     1.000000000
     0.154946669    10.106273860     1.000000000
     0.155313412    10.106567520     1.000000000
     0.155680155    10.106861784     1.000000000
     0.156046897    10.107156649     1.000000000
     0.156413640    10.107452110     1.000000000
     0.156780383    10.107748165     1.000000000
     0.157147125    10.108044809     1.000000000
     0.157513868    10.108342039     1.000000000
     0.157880611    10.108639852     1.000000000
     0.158247354    10.108938244     1.000000000
     0.158614096    10.109237212     1.000000000
     0.158980839    10.109536751     1.000000000
     0.159347582    10.109836858     1.000000000
     0.159714324    10.110137530     1.000000000
     0.160081067    10.110438763     1.000000000
     0.160447810    10.110740553     1.000000000
     0.160814553    10.111042897     1.000000000
     0.161181295    10.111345790     1.000000000
     0.161548038    10.111649231     1.000000000
     0.161914781    10.111953214     1.000000000
     0.162281523    10.112257736     1.000000000
     0.162648266    10.112562793     1.000000000
     0.163015009    10.112868383     1.000000000
     0.163381751    10.113174501     1.000000000
     0.163748494    10.113481143     1.000000000
     0.164115237    10.113788306     1.000000000
     0.164481980    10.114095986     1.000000000
     0.164848722    10.114404180     1.000000000
     0.165215465    10.114712884     1.000000000
     0.165582208    10.115022094     1.000000000
     0.165948950    10.115331806     1.000000000
     0.166315693    10.115642018     1.000000000
     0.166682436    10.115952725     1.000000000
     0.167049179    10.116263923     1.000000000
     0.167415921    10.116575609     1.000000000
     0.167782664    10.116887780     1.000000000
     0.168149407    10.117200431     1.000000000
     0.168516149    10.117513559     1.000000000
     0.168882892    10.117827160     1.000000000
     0.169249635    10.118141231     1.000000000
     0.169616378    10.118455768     1.000000000
     0.169983120    10.118770767     1.000000000
     0.170349863    10.119086224     1.000000000
     0.170716606    10.119402137     1.000000000
     0.171083348    10.119718500     1.000000000
     0.171450091    10.120035312     1.000000000
     0.171816834    10.120352567     1.000000000
     0.172183577    10.120670262     1.000000000
     0.172550319    10.120988394     1.000000000
  
     0.000000000    10.324811831     1.000000000
     0.000352217    10.325333342     1.000000000
     0.000704434    10.325855898     1.000000000
     0.001056651    10.326379495     1.000000000
     0.001408868    10.326904131     1.000000000
     0.001761085    10.327429804     1.000000000
     0.002113302    10.327956512     1.000000000
     0.002465519    10.328484251     1.000000000
     0.002817736    10.329013020     1.000000000
     0.003169953    10.329542816     1.000000000
     0.003522170    10.330073637     1.000000000
     0.003874386    10.330605480     1.000000000
     0.004226603    10.331138343     1.000000000
     0.004578820    10.331672223     1.000000000
     0.004931037    10.332207118     1.000000000
     0.005283254    10.332743026     1.000000000
     0.005635471    10.333279943     1.000000000
     0.005987688    10.333817866     1.000000000
     0.006339905    10.334356795     1.000000000
     0.006692122    10.334896725     1.000000000
     0.007044339    10.335437655     1.000000000
     0.007396556    10.335979581     1.000000000
     0.007748773    10.336522501     1.000000000
     0.008100990    10.337066413     1.000000000
     0.008453207    10.337611313     1.000000000
     0.008805424    10.338157199     1.000000000
     0.009157641    10.338704068     1.000000000
     0.009509858    10.339251917     1.000000000
     0.009862075    10.339800745     1.000000000
     0.010214292    10.340350547     1.000000000
     0.010566509    10.340901322     1.000000000
     0.010918726    10.341453066     1.000000000
     0.011270942    10.342005777     1.000000000
     0.011623159    10.342559451     1.000000000
     0.011975376    10.343114087     1.000000000
     0.012327593    10.343669681     1.000000000
     0.012679810    10.344226231     1.000000000
     0.013032027    10.344783733     1.000000000
     0.013384244    10.345342185     1.000000000
     0.013736461    10.345901583     1.000000000
     0.014088678    10.346461926     1.000000000
     0.014440895    10.347023210     1.000000000
     0.014793112    10.347585433     1.000000000
     0.015145329    10.348148591     1.000000000
     0.015497546    10.348712681     1.000000000
     0.015849763    10.349277701     1.000000000
     0.016201980    10.349843648     1.000000000
     0.016554197    10.350410518     1.000000000
     0.016906414    10.350978310     1.000000000
     0.017258631    10.351547019     1.000000000
     0.017610848    10.352116643     1.000000000
     0.017963065    10.352687180     1.000000000
     0.018315281    10.353258625     1.000000000
     0.018667498    10.353830976     1.000000000
     0.019019715    10.354404231     1.000000000
     0.019371932    10.354978386     1.000000000
     0.019724149    10.355553438     1.000000000
     0.020076366    10.356129384     1.000000000
     0.020428583    10.356706221     1.000000000
     0.020780800    10.357283946     1.000000000
     0.021133017    10.357862557     1.000000000
     0.021485234    10.358442049     1.000000000
     0.021837451    10.359022421     1.000000000
     0.022189668    10.359603669     1.000000000
     0.022541885    10.360185789     1.000000000
     0.022894102    10.360768780     1.000000000
     0.023246319    10.361352638     1.000000000
     0.023598536    10.361937359     1.000000000
     0.023950753    10.362522942     1.000000000
     0.024302970    10.363109382     1.000000000
     0.024655187    10.363696676     1.000000000
     0.025007404    10.364284822     1.000000000
     0.025359621    10.364873817     1.000000000
     0.025711837    10.365463657     1.000000000
     0.026064054    10.366054340     1.000000000
     0.026416271    10.366645861     1.000000000
     0.026768488    10.367238219     1.000000000
     0.027120705    10.367831409     1.000000000
     0.027472922    10.368425430     1.000000000
     0.027825139    10.369020277     1.000000000
     0.028177356    10.369615948     1.000000000
     0.028529573    10.370212439     1.000000000
     0.028881790    10.370809748     1.000000000
     0.029234007    10.371407870     1.000000000
     0.029586224    10.372006804     1.000000000
     0.029938441    10.372606546     1.000000000
     0.030290658    10.373207092     1.000000000
     0.030642875    10.373808440     1.000000000
     0.030995092    10.374410586     1.000000000
     0.031347309    10.375013527     1.000000000
     0.031699526    10.375617260     1.000000000
     0.032051743    10.376221783     1.000000000
     0.032403960    10.376827090     1.000000000
     0.032756177    10.377433180     1.000000000
     0.033108393    10.378040050     1.000000000
     0.033460610    10.378647695     1.000000000
     0.033812827    10.379256113     1.000000000
     0.034165044    10.379865300     1.000000000
     0.034517261    10.380475254     1.000000000
     0.034869478    10.381085971     1.000000000
     0.035221695    10.381697448     1.000000000
     0.035573912    10.382309682     1.000000000
     0.035926129    10.382922669     1.000000000
     0.036278346    10.383536406     1.000000000
     0.036630563    10.384150889     1.000000000
     0.036982780    10.384766117     1.000000000
     0.037334997    10.385382084     1.000000000
     0.037687214    10.385998789     1.000000000
     0.038039431    10.386616228     1.000000000
     0.038391648    10.387234397     1.000000000
     0.038743865    10.387853293     1.000000000
     0.039096082    10.388472913     1.000000000
     0.039448299    10.389093254     1.000000000
     0.039800516    10.389714311     1.000000000
     0.040152733    10.390336083     1.000000000
     0.040504949    10.390958566     1.000000000
     0.040857166    10.391581756     1.000000000
     0.041209383    10.392205650     1.000000000
     0.041561600    10.392830244     1.000000000
     0.041913817    10.393455536     1.000000000
     0.042266034    10.394081522     1.000000000
     0.042618251    10.394708198     1.000000000
     0.042970468    10.395335562     1.000000000
     0.043322685    10.395963610     1.000000000
     0.043674902    10.396592338     1.000000000
     0.044027119    10.397221743     1.000000000
     0.044379336    10.397851822     1.000000000
     0.044731553    10.398482572     1.000000000
     0.045083770    10.399113988     1.000000000
     0.045435987    10.399746068     1.000000000
     0.045788204    10.400378809     1.000000000
     0.046140421    10.401012206     1.000000000
     0.046492638    10.401646256     1.000000000
     0.046844855    10.402280957     1.000000000
     0.047197072    10.402916303     1.000000000
     0.047549289    10.403552293     1.000000000
     0.047901505    10.404188923     1.000000000
     0.048253722    10.404826189     1.000000000
     0.048605939    10.405464087     1.000000000
     0.048958156    10.406102615     1.000000000
     0.049310373    10.406741769     1.000000000
     0.049662590    10.407381545     1.000000000
     0.050014807    10.408021940     1.000000000
     0.050367024    10.408662950     1.000000000
     0.050719241    10.409304572     1.000000000
     0.051071458    10.409946803     1.000000000
     0.051423675    10.410589638     1.000000000
     0.051775892    10.411233075     1.000000000
     0.052128109    10.411877110     1.000000000
     0.052480326    10.412521739     1.000000000
     0.052832543    10.413166959     1.000000000
     0.053184760    10.413812766     1.000000000
     0.053536977    10.414459157     1.000000000
     0.053889194    10.415106128     1.000000000
     0.054241411    10.415753676     1.000000000
     0.054593628    10.416401797     1.000000000
     0.054945844    10.417050487     1.000000000
     0.055298061    10.417699744     1.000000000
     0.055650278    10.418349562     1.000000000
     0.056002495    10.418999940     1.000000000
     0.056354712    10.419650873     1.000000000
     0.056706929    10.420302357     1.000000000
     0.057059146    10.420954389     1.000000000
     0.057411363    10.421606966     1.000000000
     0.057763580    10.422260084     1.000000000
     0.058115797    10.422913738     1.000000000
     0.058468014    10.423567926     1.000000000
     0.058820231    10.424222644     1.000000000
     0.059172448    10.424877889     1.000000000
     0.059524665    10.425533655     1.000000000
     0.059876882    10.426189941     1.000000000
     0.060229099    10.426846742     1.000000000
     0.060581316    10.427504054     1.000000000
     0.060933533    10.428161875     1.000000000
     0.061285750    10.428820199     1.000000000
     0.061637967    10.429479024     1.000000000
     0.061990184    10.430138346     1.000000000
     0.062342400    10.430798161     1.000000000
     0.062694617    10.431458466     1.000000000
     0.063046834    10.432119256     1.000000000
     0.063399051    10.432780527     1.000000000
     0.063751268    10.433442278     1.000000000
     0.064103485    10.434104502     1.000000000
     0.064455702    10.434767197     1.000000000
     0.064807919    10.435430360     1.000000000
     0.065160136    10.436093985     1.000000000
     0.065512353    10.436758070     1.000000000
     0.065864570    10.437422611     1.000000000
     0.066216787    10.438087603     1.000000000
     0.066569004    10.438753043     1.000000000
     0.066921221    10.439418928     1.000000000
     0.067273438    10.440085253     1.000000000
     0.067625655    10.440752015     1.000000000
     0.067977872    10.441419210     1.000000000
     0.068330089    10.442086834     1.000000000
     0.068682306    10.442754882     1.000000000
     0.069034523    10.443423353     1.000000000
     0.069386740    10.444092241     1.000000000
     0.069738956    10.444761542     1.000000000
     0.070091173    10.445431253     1.000000000
     0.070443390    10.446101370     1.000000000
     0.070795607    10.446771890     1.000000000
     0.071147824    10.447442807     1.000000000
     0.071500041    10.448114119     1.000000000
     0.071852258    10.448785821     1.000000000
     0.072204475    10.449457909     1.000000000
     0.072556692    10.450130381     1.000000000
     0.072908909    10.450803231     1.000000000
     0.073261126    10.451476455     1.000000000
     0.073613343    10.452150051     1.000000000
     0.073965560    10.452824013     1.000000000
     0.074317777    10.453498339     1.000000000
     0.074669994    10.454173023     1.000000000
     0.075022211    10.454848063     1.000000000
     0.075374428    10.455523453     1.000000000
     0.075726645    10.456199191     1.000000000
     0.076078862    10.456875272     1.000000000
     0.076431079    10.457551692     1.000000000
     0.076783296    10.458228447     1.000000000
     0.077135512    10.458905534     1.000000000
     0.077487729    10.459582948     1.000000000
     0.077839946    10.460260685     1.000000000
     0.078192163    10.460938741     1.000000000
     0.078544380    10.461617112     1.000000000
     0.078896597    10.462295795     1.000000000
     0.079248814    10.462974785     1.000000000
     0.079601031    10.463654078     1.000000000
     0.079953248    10.464333669     1.000000000
     0.080305465    10.465013556     1.000000000
     0.080657682    10.465693734     1.000000000
     0.081009899    10.466374199     1.000000000
     0.081362116    10.467054947     1.000000000
     0.081714333    10.467735973     1.000000000
     0.082066550    10.468417274     1.000000000
     0.082418767    10.469098846     1.000000000
     0.082770984    10.469780684     1.000000000
     0.083123201    10.470462784     1.000000000
     0.083475418    10.471145143     1.000000000
     0.083827635    10.471827756     1.000000000
     0.084179851    10.472510619     1.000000000
     0.084532068    10.473193729     1.000000000
     0.084532068    10.371790079     1.000000000
     0.084898811    10.371966916     1.000000000
     0.085265554    10.372144484     1.000000000
     0.085632297    10.372322768     1.000000000
     0.085999039    10.372501752     1.000000000
     0.086365782    10.372681422     1.000000000
     0.086732525    10.372861762     1.000000000
     0.087099267    10.373042758     1.000000000
     0.087466010    10.373224394     1.000000000
     0.087832753    10.373406656     1.000000000
     0.088199496    10.373589527     1.000000000
     0.088566238    10.373772994     1.000000000
     0.088932981    10.373957040     1.000000000
     0.089299724    10.374141650     1.000000000
     0.089666466    10.374326810     1.000000000
     0.090033209    10.374512503     1.000000000
     0.090399952    10.374698715     1.000000000
     0.090766695    10.374885430     1.000000000
     0.091133437    10.375072633     1.000000000
     0.091500180    10.375260308     1.000000000
     0.091866923    10.375448440     1.000000000
     0.092233665    10.375637013     1.000000000
     0.092600408    10.375826013     1.000000000
     0.092967151    10.376015423     1.000000000
     0.093333894    10.376205229     1.000000000
     0.093700636    10.376395415     1.000000000
     0.094067379    10.376585965     1.000000000
     0.094434122    10.376776864     1.000000000
     0.094800864    10.376968097     1.000000000
     0.095167607    10.377159648     1.000000000
     0.095534350    10.377351501     1.000000000
     0.095901093    10.377543642     1.000000000
     0.096267835    10.377736055     1.000000000
     0.096634578    10.377928725     1.000000000
     0.097001321    10.378121636     1.000000000
     0.097368063    10.378314773     1.000000000
     0.097734806    10.378508120     1.000000000
     0.098101549    10.378701663     1.000000000
     0.098468291    10.378895385     1.000000000
     0.098835034    10.379089273     1.000000000
     0.099201777    10.379283310     1.000000000
     0.099568520    10.379477482     1.000000000
     0.099935262    10.379671773     1.000000000
     0.100302005    10.379866168     1.000000000
     0.100668748    10.380060652     1.000000000
     0.101035490    10.380255211     1.000000000
     0.101402233    10.380449828     1.000000000
     0.101768976    10.380644490     1.000000000
     0.102135719    10.380839181     1.000000000
     0.102502461    10.381033887     1.000000000
     0.102869204    10.381228593     1.000000000
     0.103235947    10.381423283     1.000000000
     0.103602689    10.381617945     1.000000000
     0.103969432    10.381812562     1.000000000
     0.104336175    10.382007120     1.000000000
     0.104702918    10.382201606     1.000000000
     0.105069660    10.382396004     1.000000000
     0.105436403    10.382590301     1.000000000
     0.105803146    10.382784481     1.000000000
     0.106169888    10.382978532     1.000000000
     0.106536631    10.383172438     1.000000000
     0.106903374    10.383366187     1.000000000
     0.107270117    10.383559764     1.000000000
     0.107636859    10.383753155     1.000000000
     0.108003602    10.383946347     1.000000000
     0.108370345    10.384139325     1.000000000
     0.108737087    10.384332078     1.000000000
     0.109103830    10.384524590     1.000000000
     0.109470573    10.384716850     1.000000000
     0.109837316    10.384908843     1.000000000
     0.110204058    10.385100556     1.000000000
     0.110570801    10.385291978     1.000000000
     0.110937544    10.385483094     1.000000000
     0.111304286    10.385673893     1.000000000
     0.111671029    10.385864361     1.000000000
     0.112037772    10.386054486     1.000000000
     0.112404515    10.386244256     1.000000000
     0.112771257    10.386433658     1.000000000
     0.113138000    10.386622681     1.000000000
     0.113504743    10.386811312     1.000000000
     0.113871485    10.386999540     1.000000000
     0.114238228    10.387187352     1.000000000
     0.114604971    10.387374738     1.000000000
     0.114971714    10.387561687     1.000000000
     0.115338456    10.387748186     1.000000000
     0.115705199    10.387934224     1.000000000
     0.116071942    10.388119791     1.000000000
     0.116438684    10.388304876     1.000000000
     0.116805427    10.388489469     1.000000000
     0.117172170    10.388673558     1.000000000
     0.117538913    10.388857134     1.000000000
     0.117905655    10.389040186     1.000000000
     0.118272398    10.389222704     1.000000000
     0.118639141    10.389404679     1.000000000
     0.119005883    10.389586101     1.000000000
     0.119372626    10.389766959     1.000000000
     0.119739369    10.389947246     1.000000000
     0.120106111    10.390126952     1.000000000
     0.120472854    10.390306068     1.000000000
     0.120839597    10.390484585     1.000000000
     0.121206340    10.390662494     1.000000000
     0.121573082    10.390839788     1.000000000
     0.121939825    10.391016457     1.000000000
     0.122306568    10.391192494     1.000000000
     0.122673310    10.391367891     1.000000000
     0.123040053    10.391542641     1.000000000
     0.123406796    10.391716735     1.000000000
     0.123773539    10.391890167     1.000000000
     0.124140281    10.392062929     1.000000000
     0.124507024    10.392235014     1.000000000
     0.124873767    10.392406416     1.000000000
     0.125240509    10.392577129     1.000000000
     0.125607252    10.392747145     1.000000000
     0.125973995    10.392916459     1.000000000
     0.126340738    10.393085065     1.000000000
     0.126707480    10.393252957     1.000000000
     0.127074223    10.393420129     1.000000000
     0.127440966    10.393586577     1.000000000
     0.127807708    10.393752295     1.000000000
     0.128174451    10.393917278     1.000000000
     0.128541194    10.394081522     1.000000000
     0.128907937    10.394245022     1.000000000
     0.129274679    10.394407773     1.000000000
     0.129641422    10.394569772     1.000000000
     0.130008165    10.394731014     1.000000000
     0.130374907    10.394891497     1.000000000
     0.130741650    10.395051216     1.000000000
     0.131108393    10.395210168     1.000000000
     0.131475136    10.395368350     1.000000000
     0.131841878    10.395525759     1.000000000
     0.132208621    10.395682392     1.000000000
     0.132575364    10.395838248     1.000000000
     0.132942106    10.395993324     1.000000000
     0.133308849    10.396147617     1.000000000
     0.133675592    10.396301125     1.000000000
     0.134042335    10.396453848     1.000000000
     0.134409077    10.396605784     1.000000000
     0.134775820    10.396756930     1.000000000
     0.135142563    10.396907287     1.000000000
     0.135509305    10.397056854     1.000000000
     0.135876048    10.397205629     1.000000000
     0.136242791    10.397353612     1.000000000
     0.136609534    10.397500803     1.000000000
     0.136976276    10.397647202     1.000000000
     0.137343019    10.397792809     1.000000000
     0.137709762    10.397937623     1.000000000
     0.138076504    10.398081647     1.000000000
     0.138443247    10.398224879     1.000000000
     0.138809990    10.398367322     1.000000000
     0.139176733    10.398508975     1.000000000
     0.139543475    10.398649841     1.000000000
     0.139910218    10.398789921     1.000000000
     0.140276961    10.398929216     1.000000000
     0.140643703    10.399067727     1.000000000
     0.141010446    10.399205458     1.000000000
     0.141377189    10.399342409     1.000000000
     0.141743931    10.399478584     1.000000000
     0.142110674    10.399613984     1.000000000
     0.142477417    10.399748612     1.000000000
     0.142844160    10.399882471     1.000000000
     0.143210902    10.400015564     1.000000000
     0.143577645    10.400147894     1.000000000
     0.143944388    10.400279464     1.000000000
     0.144311130    10.400410277     1.000000000
     0.144677873    10.400540338     1.000000000
     0.145044616    10.400669649     1.000000000
     0.145411359    10.400798214     1.000000000
     0.145778101    10.400926038     1.000000000
     0.146144844    10.401053125     1.000000000
     0.146511587    10.401179478     1.000000000
     0.146878329    10.401305103     1.000000000
     0.147245072    10.401430003     1.000000000
     0.147611815    10.401554184     1.000000000
     0.147978558    10.401677650     1.000000000
     0.148345300    10.401800407     1.000000000
     0.148712043    10.401922458     1.000000000
     0.149078786    10.402043810     1.000000000
     0.149445528    10.402164467     1.000000000
     0.149812271    10.402284435     1.000000000
     0.150179014    10.402403720     1.000000000
     0.150545757    10.402522327     1.000000000
     0.150912499    10.402640262     1.000000000
     0.151279242    10.402757530     1.000000000
     0.151645985    10.402874138     1.000000000
     0.152012727    10.402990092     1.000000000
     0.152379470    10.403105398     1.000000000
     0.152746213    10.403220061     1.000000000
     0.153112956    10.403334089     1.000000000
     0.153479698    10.403447487     1.000000000
     0.153846441    10.403560262     1.000000000
     0.154213184    10.403672422     1.000000000
     0.154579926    10.403783971     1.000000000
     0.154946669    10.403894918     1.000000000
     0.155313412    10.404005269     1.000000000
     0.155680155    10.404115030     1.000000000
     0.156046897    10.404224209     1.000000000
     0.156413640    10.404332812     1.000000000
     0.156780383    10.404440848     1.000000000
     0.157147125    10.404548322     1.000000000
     0.157513868    10.404655242     1.000000000
     0.157880611    10.404761616     1.000000000
     0.158247354    10.404867450     1.000000000
     0.158614096    10.404972752     1.000000000
     0.158980839    10.405077529     1.000000000
     0.159347582    10.405181789     1.000000000
     0.159714324    10.405285539     1.000000000
     0.160081067    10.405388787     1.000000000
     0.160447810    10.405491540     1.000000000
     0.160814553    10.405593806     1.000000000
     0.161181295    10.405695592     1.000000000
     0.161548038    10.405796906     1.000000000
     0.161914781    10.405897756     1.000000000
     0.162281523    10.405998149     1.000000000
     0.162648266    10.406098093     1.000000000
     0.163015009    10.406197596     1.000000000
     0.163381751    10.406296666     1.000000000
     0.163748494    10.406395310     1.000000000
     0.164115237    10.406493536     1.000000000
     0.164481980    10.406591352     1.000000000
     0.164848722    10.406688765     1.000000000
     0.165215465    10.406785784     1.000000000
     0.165582208    10.406882417     1.000000000
     0.165948950    10.406978670     1.000000000
     0.166315693    10.407074552     1.000000000
     0.166682436    10.407170071     1.000000000
     0.167049179    10.407265235     1.000000000
     0.167415921    10.407360050     1.000000000
     0.167782664    10.407454526     1.000000000
     0.168149407    10.407548670     1.000000000
     0.168516149    10.407642489     1.000000000
     0.168882892    10.407735991     1.000000000
     0.169249635    10.407829185     1.000000000
     0.169616378    10.407922077     1.000000000
     0.169983120    10.408014676     1.000000000
     0.170349863    10.408106989     1.000000000
     0.170716606    10.408199024     1.000000000
     0.171083348    10.408290788     1.000000000
     0.171450091    10.408382289     1.000000000
     0.171816834    10.408473535     1.000000000
     0.172183577    10.408564533     1.000000000
     0.172550319    10.408655291     1.000000000
  
     0.000000000    10.417451975     1.000000000
     0.000352217    10.418629910     1.000000000
     0.000704434    10.419811066     1.000000000
     0.001056651    10.420995442     1.000000000
     0.001408868    10.422183035     1.000000000
     0.001761085    10.423373843     1.000000000
     0.002113302    10.424567863     1.000000000
     0.002465519    10.425765094     1.000000000
     0.002817736    10.426965532     1.000000000
     0.003169953    10.428169176     1.000000000
     0.003522170    10.429376023     1.000000000
     0.003874386    10.430586072     1.000000000
     0.004226603    10.431799319     1.000000000
     0.004578820    10.433015763     1.000000000
     0.004931037    10.434235401     1.000000000
     0.005283254    10.435458231     1.000000000
     0.005635471    10.436684250     1.000000000
     0.005987688    10.437913457     1.000000000
     0.006339905    10.439145849     1.000000000
     0.006692122    10.440381423     1.000000000
     0.007044339    10.441620177     1.000000000
     0.007396556    10.442862110     1.000000000
     0.007748773    10.444107217     1.000000000
     0.008100990    10.445355498     1.000000000
     0.008453207    10.446606949     1.000000000
     0.008805424    10.447861569     1.000000000
     0.009157641    10.449119354     1.000000000
     0.009509858    10.450380302     1.000000000
     0.009862075    10.451644412     1.000000000
     0.010214292    10.452911680     1.000000000
     0.010566509    10.454182103     1.000000000
     0.010918726    10.455455680     1.000000000
     0.011270942    10.456732408     1.000000000
     0.011623159    10.458012284     1.000000000
     0.011975376    10.459295306     1.000000000
     0.012327593    10.460581470     1.000000000
     0.012679810    10.461870776     1.000000000
     0.013032027    10.463163219     1.000000000
     0.013384244    10.464458797     1.000000000
     0.013736461    10.465757509     1.000000000
     0.014088678    10.467059350     1.000000000
     0.014440895    10.468364318     1.000000000
     0.014793112    10.469672411     1.000000000
     0.015145329    10.470983625     1.000000000
     0.015497546    10.472297959     1.000000000
     0.015849763    10.473615408     1.000000000
     0.016201980    10.474935972     1.000000000
     0.016554197    10.476259646     1.000000000
     0.016906414    10.477586427     1.000000000
     0.017258631    10.478916314     1.000000000
     0.017610848    10.480249302     1.000000000
     0.017963065    10.481585390     1.000000000
     0.018315281    10.482924574     1.000000000
     0.018667498    10.484266851     1.000000000
     0.019019715    10.485612219     1.000000000
     0.019371932    10.486960674     1.000000000
     0.019724149    10.488312213     1.000000000
     0.020076366    10.489666833     1.000000000
     0.020428583    10.491024531     1.000000000
     0.020780800    10.492385305     1.000000000
     0.021133017    10.493749150     1.000000000
     0.021485234    10.495116065     1.000000000
     0.021837451    10.496486045     1.000000000
     0.022189668    10.497859087     1.000000000
     0.022541885    10.499235189     1.000000000
     0.022894102    10.500614347     1.000000000
     0.023246319    10.501996557     1.000000000
     0.023598536    10.503381817     1.000000000
     0.023950753    10.504770123     1.000000000
     0.024302970    10.506161472     1.000000000
     0.024655187    10.507555861     1.000000000
     0.025007404    10.508953285     1.000000000
     0.025359621    10.510353743     1.000000000
     0.025711837    10.511757229     1.000000000
     0.026064054    10.513163742     1.000000000
     0.026416271    10.514573277     1.000000000
     0.026768488    10.515985830     1.000000000
     0.027120705    10.517401399     1.000000000
     0.027472922    10.518819980     1.000000000
     0.027825139    10.520241568     1.000000000
     0.028177356    10.521666162     1.000000000
     0.028529573    10.523093756     1.000000000
     0.028881790    10.524524347     1.000000000
     0.029234007    10.525957932     1.000000000
     0.029586224    10.527394507     1.000000000
     0.029938441    10.528834068     1.000000000
     0.030290658    10.530276611     1.000000000
     0.030642875    10.531722133     1.000000000
     0.030995092    10.533170629     1.000000000
     0.031347309    10.534622096     1.000000000
     0.031699526    10.536076530     1.000000000
     0.032051743    10.537533927     1.000000000
     0.032403960    10.538994284     1.000000000
     0.032756177    10.540457595     1.000000000
     0.033108393    10.541923858     1.000000000
     0.033460610    10.543393068     1.000000000
     0.033812827    10.544865221     1.000000000
     0.034165044    10.546340314     1.000000000
     0.034517261    10.547818341     1.000000000
     0.034869478    10.549299299     1.000000000
     0.035221695    10.550783184     1.000000000
     0.035573912    10.552269992     1.000000000
     0.035926129    10.553759718     1.000000000
     0.036278346    10.555252358     1.000000000
     0.036630563    10.556747909     1.000000000
     0.036982780    10.558246365     1.000000000
     0.037334997    10.559747722     1.000000000
     0.037687214    10.561251977     1.000000000
     0.038039431    10.562759124     1.000000000
     0.038391648    10.564269159     1.000000000
     0.038743865    10.565782079     1.000000000
     0.039096082    10.567297878     1.000000000
     0.039448299    10.568816552     1.000000000
     0.039800516    10.570338097     1.000000000
     0.040152733    10.571862507     1.000000000
     0.040504949    10.573389780     1.000000000
     0.040857166    10.574919909     1.000000000
     0.041209383    10.576452891     1.000000000
     0.041561600    10.577988720     1.000000000
     0.041913817    10.579527393     1.000000000
     0.042266034    10.581068904     1.000000000
     0.042618251    10.582613248     1.000000000
     0.042970468    10.584160422     1.000000000
     0.043322685    10.585710420     1.000000000
     0.043674902    10.587263238     1.000000000
     0.044027119    10.588818870     1.000000000
     0.044379336    10.590377312     1.000000000
     0.044731553    10.591938559     1.000000000
     0.045083770    10.593502607     1.000000000
     0.045435987    10.595069449     1.000000000
     0.045788204    10.596639082     1.000000000
     0.046140421    10.598211500     1.000000000
     0.046492638    10.599786699     1.000000000
     0.046844855    10.601364673     1.000000000
     0.047197072    10.602945418     1.000000000
     0.047549289    10.604528927     1.000000000
     0.047901505    10.606115197     1.000000000
     0.048253722    10.607704222     1.000000000
     0.048605939    10.609295997     1.000000000
     0.048958156    10.610890516     1.000000000
     0.049310373    10.612487775     1.000000000
     0.049662590    10.614087769     1.000000000
     0.050014807    10.615690491     1.000000000
     0.050367024    10.617295938     1.000000000
     0.050719241    10.618904103     1.000000000
     0.051071458    10.620514981     1.000000000
     0.051423675    10.622128567     1.000000000
     0.051775892    10.623744855     1.000000000
     0.052128109    10.625363841     1.000000000
     0.052480326    10.626985518     1.000000000
     0.052832543    10.628609881     1.000000000
     0.053184760    10.630236925     1.000000000
     0.053536977    10.631866645     1.000000000
     0.053889194    10.633499034     1.000000000
     0.054241411    10.635134087     1.000000000
     0.054593628    10.636771799     1.000000000
     0.054945844    10.638412164     1.000000000
     0.055298061    10.640055176     1.000000000
     0.055650278    10.641700830     1.000000000
     0.056002495    10.643349120     1.000000000
     0.056354712    10.645000040     1.000000000
     0.056706929    10.646653585     1.000000000
     0.057059146    10.648309748     1.000000000
     0.057411363    10.649968525     1.000000000
     0.057763580    10.651629909     1.000000000
     0.058115797    10.653293894     1.000000000
     0.058468014    10.654960475     1.000000000
     0.058820231    10.656629645     1.000000000
     0.059172448    10.658301399     1.000000000
     0.059524665    10.659975731     1.000000000
     0.059876882    10.661652635     1.000000000
     0.060229099    10.663332105     1.000000000
     0.060581316    10.665014134     1.000000000
     0.060933533    10.666698718     1.000000000
     0.061285750    10.668385849     1.000000000
     0.061637967    10.670075522     1.000000000
     0.061990184    10.671767731     1.000000000
     0.062342400    10.673462469     1.000000000
     0.062694617    10.675159730     1.000000000
     0.063046834    10.676859508     1.000000000
     0.063399051    10.678561797     1.000000000
     0.063751268    10.680266591     1.000000000
     0.064103485    10.681973884     1.000000000
     0.064455702    10.683683668     1.000000000
     0.064807919    10.685395939     1.000000000
     0.065160136    10.687110689     1.000000000
     0.065512353    10.688827912     1.000000000
     0.065864570    10.690547602     1.000000000
     0.066216787    10.692269752     1.000000000
     0.066569004    10.693994356     1.000000000
     0.066921221    10.695721407     1.000000000
     0.067273438    10.697450900     1.000000000
     0.067625655    10.699182827     1.000000000
     0.067977872    10.700917182     1.000000000
     0.068330089    10.702653959     1.000000000
     0.068682306    10.704393150     1.000000000
     0.069034523    10.706134749     1.000000000
     0.069386740    10.707878751     1.000000000
     0.069738956    10.709625147     1.000000000
     0.070091173    10.711373931     1.000000000
     0.070443390    10.713125097     1.000000000
     0.070795607    10.714878638     1.000000000
     0.071147824    10.716634547     1.000000000
     0.071500041    10.718392817     1.000000000
     0.071852258    10.720153441     1.000000000
     0.072204475    10.721916414     1.000000000
     0.072556692    10.723681727     1.000000000
     0.072908909    10.725449374     1.000000000
     0.073261126    10.727219348     1.000000000
     0.073613343    10.728991643     1.000000000
     0.073965560    10.730766250     1.000000000
     0.074317777    10.732543164     1.000000000
     0.074669994    10.734322377     1.000000000
     0.075022211    10.736103882     1.000000000
     0.075374428    10.737887672     1.000000000
     0.075726645    10.739673741     1.000000000
     0.076078862    10.741462080     1.000000000
     0.076431079    10.743252683     1.000000000
     0.076783296    10.745045543     1.000000000
     0.077135512    10.746840653     1.000000000
     0.077487729    10.748638004     1.000000000
     0.077839946    10.750437591     1.000000000
     0.078192163    10.752239406     1.000000000
     0.078544380    10.754043441     1.000000000
     0.078896597    10.755849690     1.000000000
     0.079248814    10.757658144     1.000000000
     0.079601031    10.759468798     1.000000000
     0.079953248    10.761281642     1.000000000
     0.080305465    10.763096670     1.000000000
     0.080657682    10.764913875     1.000000000
     0.081009899    10.766733248     1.000000000
     0.081362116    10.768554783     1.000000000
     0.081714333    10.770378472     1.000000000
     0.082066550    10.772204308     1.000000000
     0.082418767    10.774032282     1.000000000
     0.082770984    10.775862388     1.000000000
     0.083123201    10.777694617     1.000000000
     0.083475418    10.779528963     1.000000000
     0.083827635    10.781365417     1.000000000
     0.084179851    10.783203972     1.000000000
     0.084532068    10.785044620     1.000000000
     0.084532068    10.564401211     1.000000000
     0.084898811    10.564423048     1.000000000
     0.085265554    10.564445991     1.000000000
     0.085632297    10.564470061     1.000000000
     0.085999039    10.564495278     1.000000000
     0.086365782    10.564521664     1.000000000
     0.086732525    10.564549239     1.000000000
     0.087099267    10.564578026     1.000000000
     0.087466010    10.564608045     1.000000000
     0.087832753    10.564639318     1.000000000
     0.088199496    10.564671866     1.000000000
     0.088566238    10.564705711     1.000000000
     0.088932981    10.564740875     1.000000000
     0.089299724    10.564777379     1.000000000
     0.089666466    10.564815245     1.000000000
     0.090033209    10.564854495     1.000000000
     0.090399952    10.564895152     1.000000000
     0.090766695    10.564937236     1.000000000
     0.091133437    10.564980770     1.000000000
     0.091500180    10.565025776     1.000000000
     0.091866923    10.565072277     1.000000000
     0.092233665    10.565120295     1.000000000
     0.092600408    10.565169851     1.000000000
     0.092967151    10.565220969     1.000000000
     0.093333894    10.565273671     1.000000000
     0.093700636    10.565327979     1.000000000
     0.094067379    10.565383915     1.000000000
     0.094434122    10.565441504     1.000000000
     0.094800864    10.565500766     1.000000000
     0.095167607    10.565561724     1.000000000
     0.095534350    10.565624402     1.000000000
     0.095901093    10.565688822     1.000000000
     0.096267835    10.565755006     1.000000000
     0.096634578    10.565822978     1.000000000
     0.097001321    10.565892759     1.000000000
     0.097368063    10.565964374     1.000000000
     0.097734806    10.566037844     1.000000000
     0.098101549    10.566113193     1.000000000
     0.098468291    10.566190443     1.000000000
     0.098835034    10.566269618     1.000000000
     0.099201777    10.566350739     1.000000000
     0.099568520    10.566433830     1.000000000
     0.099935262    10.566518913     1.000000000
     0.100302005    10.566606012     1.000000000
     0.100668748    10.566695149     1.000000000
     0.101035490    10.566786347     1.000000000
     0.101402233    10.566879629     1.000000000
     0.101768976    10.566975017     1.000000000
     0.102135719    10.567072534     1.000000000
     0.102502461    10.567172203     1.000000000
     0.102869204    10.567274047     1.000000000
     0.103235947    10.567378088     1.000000000
     0.103602689    10.567484348     1.000000000
     0.103969432    10.567592851     1.000000000
     0.104336175    10.567703619     1.000000000
     0.104702918    10.567816674     1.000000000
     0.105069660    10.567932038     1.000000000
     0.105436403    10.568049735     1.000000000
     0.105803146    10.568169786     1.000000000
     0.106169888    10.568292213     1.000000000
     0.106536631    10.568417039     1.000000000
     0.106903374    10.568544286     1.000000000
     0.107270117    10.568673976     1.000000000
     0.107636859    10.568806130     1.000000000
     0.108003602    10.568940771     1.000000000
     0.108370345    10.569077921     1.000000000
     0.108737087    10.569217601     1.000000000
     0.109103830    10.569359832     1.000000000
     0.109470573    10.569504636     1.000000000
     0.109837316    10.569652036     1.000000000
     0.110204058    10.569802051     1.000000000
     0.110570801    10.569954703     1.000000000
     0.110937544    10.570110014     1.000000000
     0.111304286    10.570268004     1.000000000
     0.111671029    10.570428694     1.000000000
     0.112037772    10.570592105     1.000000000
     0.112404515    10.570758257     1.000000000
     0.112771257    10.570927171     1.000000000
     0.113138000    10.571098868     1.000000000
     0.113504743    10.571273368     1.000000000
     0.113871485    10.571450690     1.000000000
     0.114238228    10.571630855     1.000000000
     0.114604971    10.571813882     1.000000000
     0.114971714    10.571999792     1.000000000
     0.115338456    10.572188604     1.000000000
     0.115705199    10.572380336     1.000000000
     0.116071942    10.572575009     1.000000000
     0.116438684    10.572772642     1.000000000
     0.116805427    10.572973253     1.000000000
     0.117172170    10.573176861     1.000000000
     0.117538913    10.573383484     1.000000000
     0.117905655    10.573593142     1.000000000
     0.118272398    10.573805852     1.000000000
     0.118639141    10.574021632     1.000000000
     0.119005883    10.574240500     1.000000000
     0.119372626    10.574462475     1.000000000
     0.119739369    10.574687572     1.000000000
     0.120106111    10.574915810     1.000000000
     0.120472854    10.575147207     1.000000000
     0.120839597    10.575381777     1.000000000
     0.121206340    10.575619540     1.000000000
     0.121573082    10.575860510     1.000000000
     0.121939825    10.576104704     1.000000000
     0.122306568    10.576352139     1.000000000
     0.122673310    10.576602830     1.000000000
     0.123040053    10.576856794     1.000000000
     0.123406796    10.577114045     1.000000000
     0.123773539    10.577374598     1.000000000
     0.124140281    10.577638470     1.000000000
     0.124507024    10.577905674     1.000000000
     0.124873767    10.578176225     1.000000000
     0.125240509    10.578450139     1.000000000
     0.125607252    10.578727428     1.000000000
     0.125973995    10.579008107     1.000000000
     0.126340738    10.579292190     1.000000000
     0.126707480    10.579579690     1.000000000
     0.127074223    10.579870620     1.000000000
     0.127440966    10.580164994     1.000000000
     0.127807708    10.580462824     1.000000000
     0.128174451    10.580764123     1.000000000
     0.128541194    10.581068904     1.000000000
     0.128907937    10.581377177     1.000000000
     0.129274679    10.581688956     1.000000000
     0.129641422    10.582004252     1.000000000
     0.130008165    10.582323075     1.000000000
     0.130374907    10.582645439     1.000000000
     0.130741650    10.582971352     1.000000000
     0.131108393    10.583300827     1.000000000
     0.131475136    10.583633873     1.000000000
     0.131841878    10.583970501     1.000000000
     0.132208621    10.584310720     1.000000000
     0.132575364    10.584654541     1.000000000
     0.132942106    10.585001973     1.000000000
     0.133308849    10.585353024     1.000000000
     0.133675592    10.585707705     1.000000000
     0.134042335    10.586066023     1.000000000
     0.134409077    10.586427987     1.000000000
     0.134775820    10.586793606     1.000000000
     0.135142563    10.587162888     1.000000000
     0.135509305    10.587535840     1.000000000
     0.135876048    10.587912469     1.000000000
     0.136242791    10.588292784     1.000000000
     0.136609534    10.588676791     1.000000000
     0.136976276    10.589064497     1.000000000
     0.137343019    10.589455909     1.000000000
     0.137709762    10.589851032     1.000000000
     0.138076504    10.590249874     1.000000000
     0.138443247    10.590652439     1.000000000
     0.138809990    10.591058734     1.000000000
     0.139176733    10.591468764     1.000000000
     0.139543475    10.591882533     1.000000000
     0.139910218    10.592300048     1.000000000
     0.140276961    10.592721313     1.000000000
     0.140643703    10.593146331     1.000000000
     0.141010446    10.593575108     1.000000000
     0.141377189    10.594007648     1.000000000
     0.141743931    10.594443953     1.000000000
     0.142110674    10.594884029     1.000000000
     0.142477417    10.595327877     1.000000000
     0.142844160    10.595775502     1.000000000
     0.143210902    10.596226906     1.000000000
     0.143577645    10.596682092     1.000000000
     0.143944388    10.597141062     1.000000000
     0.144311130    10.597603819     1.000000000
     0.144677873    10.598070364     1.000000000
     0.145044616    10.598540700     1.000000000
     0.145411359    10.599014828     1.000000000
     0.145778101    10.599492750     1.000000000
     0.146144844    10.599974466     1.000000000
     0.146511587    10.600459978     1.000000000
     0.146878329    10.600949287     1.000000000
     0.147245072    10.601442393     1.000000000
     0.147611815    10.601939297     1.000000000
     0.147978558    10.602439999     1.000000000
     0.148345300    10.602944499     1.000000000
     0.148712043    10.603452797     1.000000000
     0.149078786    10.603964893     1.000000000
     0.149445528    10.604480785     1.000000000
     0.149812271    10.605000474     1.000000000
     0.150179014    10.605523959     1.000000000
     0.150545757    10.606051238     1.000000000
     0.150912499    10.606582311     1.000000000
     0.151279242    10.607117175     1.000000000
     0.151645985    10.607655830     1.000000000
     0.152012727    10.608198274     1.000000000
     0.152379470    10.608744505     1.000000000
     0.152746213    10.609294520     1.000000000
     0.153112956    10.609848319     1.000000000
     0.153479698    10.610405897     1.000000000
     0.153846441    10.610967254     1.000000000
     0.154213184    10.611532385     1.000000000
     0.154579926    10.612101289     1.000000000
     0.154946669    10.612673963     1.000000000
     0.155313412    10.613250403     1.000000000
     0.155680155    10.613830606     1.000000000
     0.156046897    10.614414568     1.000000000
     0.156413640    10.615002287     1.000000000
     0.156780383    10.615593759     1.000000000
     0.157147125    10.616188980     1.000000000
     0.157513868    10.616787946     1.000000000
     0.157880611    10.617390652     1.000000000
     0.158247354    10.617997096     1.000000000
     0.158614096    10.618607272     1.000000000
     0.158980839    10.619221176     1.000000000
     0.159347582    10.619838804     1.000000000
     0.159714324    10.620460151     1.000000000
     0.160081067    10.621085213     1.000000000
     0.160447810    10.621713984     1.000000000
     0.160814553    10.622346460     1.000000000
     0.161181295    10.622982635     1.000000000
     0.161548038    10.623622504     1.000000000
     0.161914781    10.624266063     1.000000000
     0.162281523    10.624913306     1.000000000
     0.162648266    10.625564227     1.000000000
     0.163015009    10.626218821     1.000000000
     0.163381751    10.626877082     1.000000000
     0.163748494    10.627539005     1.000000000
     0.164115237    10.628204583     1.000000000
     0.164481980    10.628873811     1.000000000
     0.164848722    10.629546683     1.000000000
     0.165215465    10.630223193     1.000000000
     0.165582208    10.630903334     1.000000000
     0.165948950    10.631587101     1.000000000
     0.166315693    10.632274487     1.000000000
     0.166682436    10.632965486     1.000000000
     0.167049179    10.633660091     1.000000000
     0.167415921    10.634358296     1.000000000
     0.167782664    10.635060094     1.000000000
     0.168149407    10.635765479     1.000000000
     0.168516149    10.636474444     1.000000000
     0.168882892    10.637186982     1.000000000
     0.169249635    10.637903087     1.000000000
     0.169616378    10.638622750     1.000000000
     0.169983120    10.639345967     1.000000000
     0.170349863    10.640072729     1.000000000
     0.170716606    10.640803029     1.000000000
     0.171083348    10.641536861     1.000000000
     0.171450091    10.642274217     1.000000000
     0.171816834    10.643015090     1.000000000
     0.172183577    10.643759473     1.000000000
     0.172550319    10.644507358     1.000000000
  
     0.000000000    11.577376236     1.000000000
     0.000352217    11.577468017     1.000000000
     0.000704434    11.577560171     1.000000000
     0.001056651    11.577652700     1.000000000
     0.001408868    11.577745603     1.000000000
     0.001761085    11.577838884     1.000000000
     0.002113302    11.577932543     1.000000000
     0.002465519    11.578026582     1.000000000
     0.002817736    11.578121001     1.000000000
     0.003169953    11.578215803     1.000000000
     0.003522170    11.578310989     1.000000000
     0.003874386    11.578406561     1.000000000
     0.004226603    11.578502519     1.000000000
     0.004578820    11.578598865     1.000000000
     0.004931037    11.578695600     1.000000000
     0.005283254    11.578792726     1.000000000
     0.005635471    11.578890245     1.000000000
     0.005987688    11.578988158     1.000000000
     0.006339905    11.579086466     1.000000000
     0.006692122    11.579185170     1.000000000
     0.007044339    11.579284273     1.000000000
     0.007396556    11.579383775     1.000000000
     0.007748773    11.579483679     1.000000000
     0.008100990    11.579583986     1.000000000
     0.008453207    11.579684696     1.000000000
     0.008805424    11.579785813     1.000000000
     0.009157641    11.579887336     1.000000000
     0.009509858    11.579989268     1.000000000
     0.009862075    11.580091611     1.000000000
     0.010214292    11.580194366     1.000000000
     0.010566509    11.580297533     1.000000000
     0.010918726    11.580401116     1.000000000
     0.011270942    11.580505116     1.000000000
     0.011623159    11.580609533     1.000000000
     0.011975376    11.580714371     1.000000000
     0.012327593    11.580819629     1.000000000
     0.012679810    11.580925311     1.000000000
     0.013032027    11.581031417     1.000000000
     0.013384244    11.581137949     1.000000000
     0.013736461    11.581244909     1.000000000
     0.014088678    11.581352299     1.000000000
     0.014440895    11.581460120     1.000000000
     0.014793112    11.581568373     1.000000000
     0.015145329    11.581677061     1.000000000
     0.015497546    11.581786185     1.000000000
     0.015849763    11.581895747     1.000000000
     0.016201980    11.582005748     1.000000000
     0.016554197    11.582116191     1.000000000
     0.016906414    11.582227076     1.000000000
     0.017258631    11.582338406     1.000000000
     0.017610848    11.582450183     1.000000000
     0.017963065    11.582562407     1.000000000
     0.018315281    11.582675082     1.000000000
     0.018667498    11.582788208     1.000000000
     0.019019715    11.582901787     1.000000000
     0.019371932    11.583015822     1.000000000
     0.019724149    11.583130314     1.000000000
     0.020076366    11.583245264     1.000000000
     0.020428583    11.583360675     1.000000000
     0.020780800    11.583476548     1.000000000
     0.021133017    11.583592886     1.000000000
     0.021485234    11.583709690     1.000000000
     0.021837451    11.583826961     1.000000000
     0.022189668    11.583944702     1.000000000
     0.022541885    11.584062915     1.000000000
     0.022894102    11.584181602     1.000000000
     0.023246319    11.584300763     1.000000000
     0.023598536    11.584420402     1.000000000
     0.023950753    11.584540520     1.000000000
     0.024302970    11.584661119     1.000000000
     0.024655187    11.584782202     1.000000000
     0.025007404    11.584903769     1.000000000
     0.025359621    11.585025823     1.000000000
     0.025711837    11.585148365     1.000000000
     0.026064054    11.585271399     1.000000000
     0.026416271    11.585394925     1.000000000
     0.026768488    11.585518946     1.000000000
     0.027120705    11.585643464     1.000000000
     0.027472922    11.585768480     1.000000000
     0.027825139    11.585893997     1.000000000
     0.028177356    11.586020017     1.000000000
     0.028529573    11.586146542     1.000000000
     0.028881790    11.586273573     1.000000000
     0.029234007    11.586401114     1.000000000
     0.029586224    11.586529165     1.000000000
     0.029938441    11.586657730     1.000000000
     0.030290658    11.586786809     1.000000000
     0.030642875    11.586916406     1.000000000
     0.030995092    11.587046522     1.000000000
     0.031347309    11.587177159     1.000000000
     0.031699526    11.587308320     1.000000000
     0.032051743    11.587440007     1.000000000
     0.032403960    11.587572221     1.000000000
     0.032756177    11.587704965     1.000000000
     0.033108393    11.587838242     1.000000000
     0.033460610    11.587972053     1.000000000
     0.033812827    11.588106400     1.000000000
     0.034165044    11.588241286     1.000000000
     0.034517261    11.588376713     1.000000000
     0.034869478    11.588512683     1.000000000
     0.035221695    11.588649199     1.000000000
     0.035573912    11.588786262     1.000000000
     0.035926129    11.588923875     1.000000000
     0.036278346    11.589062041     1.000000000
     0.036630563    11.589200760     1.000000000
     0.036982780    11.589340037     1.000000000
     0.037334997    11.589479872     1.000000000
     0.037687214    11.589620269     1.000000000
     0.038039431    11.589761229     1.000000000
     0.038391648    11.589902756     1.000000000
     0.038743865    11.590044850     1.000000000
     0.039096082    11.590187516     1.000000000
     0.039448299    11.590330754     1.000000000
     0.039800516    11.590474568     1.000000000
     0.040152733    11.590618960     1.000000000
     0.040504949    11.590763932     1.000000000
     0.040857166    11.590909486     1.000000000
     0.041209383    11.591055626     1.000000000
     0.041561600    11.591202353     1.000000000
     0.041913817    11.591349671     1.000000000
     0.042266034    11.591497580     1.000000000
     0.042618251    11.591646085     1.000000000
     0.042970468    11.591795186     1.000000000
     0.043322685    11.591944888     1.000000000
     0.043674902    11.592095192     1.000000000
     0.044027119    11.592246101     1.000000000
     0.044379336    11.592397618     1.000000000
     0.044731553    11.592549744     1.000000000
     0.045083770    11.592702483     1.000000000
     0.045435987    11.592855838     1.000000000
     0.045788204    11.593009809     1.000000000
     0.046140421    11.593164402     1.000000000
     0.046492638    11.593319617     1.000000000
     0.046844855    11.593475457     1.000000000
     0.047197072    11.593631926     1.000000000
     0.047549289    11.593789025     1.000000000
     0.047901505    11.593946758     1.000000000
     0.048253722    11.594105127     1.000000000
     0.048605939    11.594264135     1.000000000
     0.048958156    11.594423785     1.000000000
     0.049310373    11.594584078     1.000000000
     0.049662590    11.594745019     1.000000000
     0.050014807    11.594906609     1.000000000
     0.050367024    11.595068851     1.000000000
     0.050719241    11.595231749     1.000000000
     0.051071458    11.595395305     1.000000000
     0.051423675    11.595559521     1.000000000
     0.051775892    11.595724401     1.000000000
     0.052128109    11.595889947     1.000000000
     0.052480326    11.596056163     1.000000000
     0.052832543    11.596223050     1.000000000
     0.053184760    11.596390612     1.000000000
     0.053536977    11.596558852     1.000000000
     0.053889194    11.596727772     1.000000000
     0.054241411    11.596897376     1.000000000
     0.054593628    11.597067667     1.000000000
     0.054945844    11.597238646     1.000000000
     0.055298061    11.597410318     1.000000000
     0.055650278    11.597582685     1.000000000
     0.056002495    11.597755750     1.000000000
     0.056354712    11.597929516     1.000000000
     0.056706929    11.598103987     1.000000000
     0.057059146    11.598279164     1.000000000
     0.057411363    11.598455052     1.000000000
     0.057763580    11.598631652     1.000000000
     0.058115797    11.598808969     1.000000000
     0.058468014    11.598987005     1.000000000
     0.058820231    11.599165763     1.000000000
     0.059172448    11.599345247     1.000000000
     0.059524665    11.599525459     1.000000000
     0.059876882    11.599706403     1.000000000
     0.060229099    11.599888081     1.000000000
     0.060581316    11.600070497     1.000000000
     0.060933533    11.600253655     1.000000000
     0.061285750    11.600437556     1.000000000
     0.061637967    11.600622205     1.000000000
     0.061990184    11.600807604     1.000000000
     0.062342400    11.600993757     1.000000000
     0.062694617    11.601180668     1.000000000
     0.063046834    11.601368338     1.000000000
     0.063399051    11.601556772     1.000000000
     0.063751268    11.601745972     1.000000000
     0.064103485    11.601935943     1.000000000
     0.064455702    11.602126687     1.000000000
     0.064807919    11.602318208     1.000000000
     0.065160136    11.602510509     1.000000000
     0.065512353    11.602703593     1.000000000
     0.065864570    11.602897464     1.000000000
     0.066216787    11.603092125     1.000000000
     0.066569004    11.603287580     1.000000000
     0.066921221    11.603483831     1.000000000
     0.067273438    11.603680883     1.000000000
     0.067625655    11.603878738     1.000000000
     0.067977872    11.604077401     1.000000000
     0.068330089    11.604276875     1.000000000
     0.068682306    11.604477162     1.000000000
     0.069034523    11.604678268     1.000000000
     0.069386740    11.604880194     1.000000000
     0.069738956    11.605082946     1.000000000
     0.070091173    11.605286525     1.000000000
     0.070443390    11.605490937     1.000000000
     0.070795607    11.605696184     1.000000000
     0.071147824    11.605902270     1.000000000
     0.071500041    11.606109199     1.000000000
     0.071852258    11.606316974     1.000000000
     0.072204475    11.606525599     1.000000000
     0.072556692    11.606735078     1.000000000
     0.072908909    11.606945414     1.000000000
     0.073261126    11.607156610     1.000000000
     0.073613343    11.607368672     1.000000000
     0.073965560    11.607581602     1.000000000
     0.074317777    11.607795405     1.000000000
     0.074669994    11.608010083     1.000000000
     0.075022211    11.608225641     1.000000000
     0.075374428    11.608442082     1.000000000
     0.075726645    11.608659411     1.000000000
     0.076078862    11.608877632     1.000000000
     0.076431079    11.609096747     1.000000000
     0.076783296    11.609316761     1.000000000
     0.077135512    11.609537678     1.000000000
     0.077487729    11.609759501     1.000000000
     0.077839946    11.609982236     1.000000000
     0.078192163    11.610205885     1.000000000
     0.078544380    11.610430452     1.000000000
     0.078896597    11.610655942     1.000000000
     0.079248814    11.610882358     1.000000000
     0.079601031    11.611109705     1.000000000
     0.079953248    11.611337987     1.000000000
     0.080305465    11.611567207     1.000000000
     0.080657682    11.611797369     1.000000000
     0.081009899    11.612028479     1.000000000
     0.081362116    11.612260539     1.000000000
     0.081714333    11.612493554     1.000000000
     0.082066550    11.612727528     1.000000000
     0.082418767    11.612962466     1.000000000
     0.082770984    11.613198371     1.000000000
     0.083123201    11.613435248     1.000000000
     0.083475418    11.613673100     1.000000000
     0.083827635    11.613911933     1.000000000
     0.084179851    11.614151750     1.000000000
     0.084532068    11.614392555     1.000000000
     0.084532068    11.601585970     1.000000000
     0.084898811    11.601527860     1.000000000
     0.085265554    11.601469295     1.000000000
     0.085632297    11.601410276     1.000000000
     0.085999039    11.601350804     1.000000000
     0.086365782    11.601290878     1.000000000
     0.086732525    11.601230500     1.000000000
     0.087099267    11.601169669     1.000000000
     0.087466010    11.601108385     1.000000000
     0.087832753    11.601046651     1.000000000
     0.088199496    11.600984465     1.000000000
     0.088566238    11.600921828     1.000000000
     0.088932981    11.600858741     1.000000000
     0.089299724    11.600795203     1.000000000
     0.089666466    11.600731216     1.000000000
     0.090033209    11.600666780     1.000000000
     0.090399952    11.600601895     1.000000000
     0.090766695    11.600536562     1.000000000
     0.091133437    11.600470781     1.000000000
     0.091500180    11.600404553     1.000000000
     0.091866923    11.600337877     1.000000000
     0.092233665    11.600270755     1.000000000
     0.092600408    11.600203186     1.000000000
     0.092967151    11.600135172     1.000000000
     0.093333894    11.600066712     1.000000000
     0.093700636    11.599997808     1.000000000
     0.094067379    11.599928459     1.000000000
     0.094434122    11.599858667     1.000000000
     0.094800864    11.599788431     1.000000000
     0.095167607    11.599717751     1.000000000
     0.095534350    11.599646629     1.000000000
     0.095901093    11.599575065     1.000000000
     0.096267835    11.599503060     1.000000000
     0.096634578    11.599430613     1.000000000
     0.097001321    11.599357725     1.000000000
     0.097368063    11.599284398     1.000000000
     0.097734806    11.599210630     1.000000000
     0.098101549    11.599136423     1.000000000
     0.098468291    11.599061777     1.000000000
     0.098835034    11.598986693     1.000000000
     0.099201777    11.598911171     1.000000000
     0.099568520    11.598835211     1.000000000
     0.099935262    11.598758815     1.000000000
     0.100302005    11.598681982     1.000000000
     0.100668748    11.598604714     1.000000000
     0.101035490    11.598527009     1.000000000
     0.101402233    11.598448870     1.000000000
     0.101768976    11.598370297     1.000000000
     0.102135719    11.598291289     1.000000000
     0.102502461    11.598211848     1.000000000
     0.102869204    11.598131975     1.000000000
     0.103235947    11.598051668     1.000000000
     0.103602689    11.597970930     1.000000000
     0.103969432    11.597889761     1.000000000
     0.104336175    11.597808160     1.000000000
     0.104702918    11.597726129     1.000000000
     0.105069660    11.597643669     1.000000000
     0.105436403    11.597560779     1.000000000
     0.105803146    11.597477460     1.000000000
     0.106169888    11.597393713     1.000000000
     0.106536631    11.597309538     1.000000000
     0.106903374    11.597224936     1.000000000
     0.107270117    11.597139907     1.000000000
     0.107636859    11.597054453     1.000000000
     0.108003602    11.596968572     1.000000000
     0.108370345    11.596882267     1.000000000
     0.108737087    11.596795537     1.000000000
     0.109103830    11.596708383     1.000000000
     0.109470573    11.596620805     1.000000000
     0.109837316    11.596532805     1.000000000
     0.110204058    11.596444382     1.000000000
     0.110570801    11.596355538     1.000000000
     0.110937544    11.596266272     1.000000000
     0.111304286    11.596176586     1.000000000
     0.111671029    11.596086479     1.000000000
     0.112037772    11.595995953     1.000000000
     0.112404515    11.595905008     1.000000000
     0.112771257    11.595813645     1.000000000
     0.113138000    11.595721864     1.000000000
     0.113504743    11.595629665     1.000000000
     0.113871485    11.595537050     1.000000000
     0.114238228    11.595444019     1.000000000
     0.114604971    11.595350572     1.000000000
     0.114971714    11.595256710     1.000000000
     0.115338456    11.595162434     1.000000000
     0.115705199    11.595067744     1.000000000
     0.116071942    11.594972641     1.000000000
     0.116438684    11.594877125     1.000000000
     0.116805427    11.594781197     1.000000000
     0.117172170    11.594684858     1.000000000
     0.117538913    11.594588107     1.000000000
     0.117905655    11.594490947     1.000000000
     0.118272398    11.594393377     1.000000000
     0.118639141    11.594295397     1.000000000
     0.119005883    11.594197010     1.000000000
     0.119372626    11.594098214     1.000000000
     0.119739369    11.593999011     1.000000000
     0.120106111    11.593899402     1.000000000
     0.120472854    11.593799387     1.000000000
     0.120839597    11.593698966     1.000000000
     0.121206340    11.593598140     1.000000000
     0.121573082    11.593496910     1.000000000
     0.121939825    11.593395277     1.000000000
     0.122306568    11.593293240     1.000000000
     0.122673310    11.593190802     1.000000000
     0.123040053    11.593087961     1.000000000
     0.123406796    11.592984720     1.000000000
     0.123773539    11.592881078     1.000000000
     0.124140281    11.592777036     1.000000000
     0.124507024    11.592672595     1.000000000
     0.124873767    11.592567755     1.000000000
     0.125240509    11.592462518     1.000000000
     0.125607252    11.592356883     1.000000000
     0.125973995    11.592250852     1.000000000
     0.126340738    11.592144424     1.000000000
     0.126707480    11.592037602     1.000000000
     0.127074223    11.591930384     1.000000000
     0.127440966    11.591822773     1.000000000
     0.127807708    11.591714768     1.000000000
     0.128174451    11.591606370     1.000000000
     0.128541194    11.591497580     1.000000000
     0.128907937    11.591388399     1.000000000
     0.129274679    11.591278827     1.000000000
     0.129641422    11.591168864     1.000000000
     0.130008165    11.591058513     1.000000000
     0.130374907    11.590947772     1.000000000
     0.130741650    11.590836643     1.000000000
     0.131108393    11.590725127     1.000000000
     0.131475136    11.590613224     1.000000000
     0.131841878    11.590500935     1.000000000
     0.132208621    11.590388260     1.000000000
     0.132575364    11.590275201     1.000000000
     0.132942106    11.590161757     1.000000000
     0.133308849    11.590047930     1.000000000
     0.133675592    11.589933720     1.000000000
     0.134042335    11.589819128     1.000000000
     0.134409077    11.589704155     1.000000000
     0.134775820    11.589588801     1.000000000
     0.135142563    11.589473066     1.000000000
     0.135509305    11.589356953     1.000000000
     0.135876048    11.589240461     1.000000000
     0.136242791    11.589123591     1.000000000
     0.136609534    11.589006343     1.000000000
     0.136976276    11.588888719     1.000000000
     0.137343019    11.588770719     1.000000000
     0.137709762    11.588652344     1.000000000
     0.138076504    11.588533594     1.000000000
     0.138443247    11.588414471     1.000000000
     0.138809990    11.588294974     1.000000000
     0.139176733    11.588175105     1.000000000
     0.139543475    11.588054864     1.000000000
     0.139910218    11.587934253     1.000000000
     0.140276961    11.587813271     1.000000000
     0.140643703    11.587691919     1.000000000
     0.141010446    11.587570199     1.000000000
     0.141377189    11.587448110     1.000000000
     0.141743931    11.587325655     1.000000000
     0.142110674    11.587202832     1.000000000
     0.142477417    11.587079643     1.000000000
     0.142844160    11.586956090     1.000000000
     0.143210902    11.586832171     1.000000000
     0.143577645    11.586707889     1.000000000
     0.143944388    11.586583244     1.000000000
     0.144311130    11.586458237     1.000000000
     0.144677873    11.586332867     1.000000000
     0.145044616    11.586207137     1.000000000
     0.145411359    11.586081047     1.000000000
     0.145778101    11.585954597     1.000000000
     0.146144844    11.585827789     1.000000000
     0.146511587    11.585700623     1.000000000
     0.146878329    11.585573099     1.000000000
     0.147245072    11.585445219     1.000000000
     0.147611815    11.585316984     1.000000000
     0.147978558    11.585188393     1.000000000
     0.148345300    11.585059448     1.000000000
     0.148712043    11.584930150     1.000000000
     0.149078786    11.584800499     1.000000000
     0.149445528    11.584670496     1.000000000
     0.149812271    11.584540142     1.000000000
     0.150179014    11.584409437     1.000000000
     0.150545757    11.584278382     1.000000000
     0.150912499    11.584146979     1.000000000
     0.151279242    11.584015227     1.000000000
     0.151645985    11.583883128     1.000000000
     0.152012727    11.583750682     1.000000000
     0.152379470    11.583617890     1.000000000
     0.152746213    11.583484754     1.000000000
     0.153112956    11.583351272     1.000000000
     0.153479698    11.583217447     1.000000000
     0.153846441    11.583083280     1.000000000
     0.154213184    11.582948770     1.000000000
     0.154579926    11.582813918     1.000000000
     0.154946669    11.582678727     1.000000000
     0.155313412    11.582543195     1.000000000
     0.155680155    11.582407325     1.000000000
     0.156046897    11.582271116     1.000000000
     0.156413640    11.582134570     1.000000000
     0.156780383    11.581997687     1.000000000
     0.157147125    11.581860469     1.000000000
     0.157513868    11.581722915     1.000000000
     0.157880611    11.581585027     1.000000000
     0.158247354    11.581446805     1.000000000
     0.158614096    11.581308251     1.000000000
     0.158980839    11.581169365     1.000000000
     0.159347582    11.581030147     1.000000000
     0.159714324    11.580890600     1.000000000
     0.160081067    11.580750722     1.000000000
     0.160447810    11.580610516     1.000000000
     0.160814553    11.580469982     1.000000000
     0.161181295    11.580329121     1.000000000
     0.161548038    11.580187934     1.000000000
     0.161914781    11.580046420     1.000000000
     0.162281523    11.579904583     1.000000000
     0.162648266    11.579762421     1.000000000
     0.163015009    11.579619936     1.000000000
     0.163381751    11.579477128     1.000000000
     0.163748494    11.579333999     1.000000000
     0.164115237    11.579190550     1.000000000
     0.164481980    11.579046780     1.000000000
     0.164848722    11.578902691     1.000000000
     0.165215465    11.578758284     1.000000000
     0.165582208    11.578613560     1.000000000
     0.165948950    11.578468519     1.000000000
     0.166315693    11.578323162     1.000000000
     0.166682436    11.578177489     1.000000000
     0.167049179    11.578031503     1.000000000
     0.167415921    11.577885203     1.000000000
     0.167782664    11.577738591     1.000000000
     0.168149407    11.577591667     1.000000000
     0.168516149    11.577444432     1.000000000
     0.168882892    11.577296887     1.000000000
     0.169249635    11.577149033     1.000000000
     0.169616378    11.577000870     1.000000000
     0.169983120    11.576852399     1.000000000
     0.170349863    11.576703622     1.000000000
     0.170716606    11.576554539     1.000000000
     0.171083348    11.576405150     1.000000000
     0.171450091    11.576255458     1.000000000
     0.171816834    11.576105462     1.000000000
     0.172183577    11.575955163     1.000000000
     0.172550319    11.575804563     1.000000000
  
     0.000000000    11.874039878     1.000000000
     0.000352217    11.874461367     1.000000000
     0.000704434    11.874881423     1.000000000
     0.001056651    11.875300057     1.000000000
     0.001408868    11.875717278     1.000000000
     0.001761085    11.876133095     1.000000000
     0.002113302    11.876547519     1.000000000
     0.002465519    11.876960559     1.000000000
     0.002817736    11.877372224     1.000000000
     0.003169953    11.877782525     1.000000000
     0.003522170    11.878191471     1.000000000
     0.003874386    11.878599071     1.000000000
     0.004226603    11.879005334     1.000000000
     0.004578820    11.879410271     1.000000000
     0.004931037    11.879813890     1.000000000
     0.005283254    11.880216201     1.000000000
     0.005635471    11.880617212     1.000000000
     0.005987688    11.881016934     1.000000000
     0.006339905    11.881415376     1.000000000
     0.006692122    11.881812545     1.000000000
     0.007044339    11.882208453     1.000000000
     0.007396556    11.882603107     1.000000000
     0.007748773    11.882996517     1.000000000
     0.008100990    11.883388691     1.000000000
     0.008453207    11.883779639     1.000000000
     0.008805424    11.884169369     1.000000000
     0.009157641    11.884557891     1.000000000
     0.009509858    11.884945213     1.000000000
     0.009862075    11.885331343     1.000000000
     0.010214292    11.885716291     1.000000000
     0.010566509    11.886100066     1.000000000
     0.010918726    11.886482675     1.000000000
     0.011270942    11.886864127     1.000000000
     0.011623159    11.887244431     1.000000000
     0.011975376    11.887623596     1.000000000
     0.012327593    11.888001630     1.000000000
     0.012679810    11.888378541     1.000000000
     0.013032027    11.888754337     1.000000000
     0.013384244    11.889129028     1.000000000
     0.013736461    11.889502621     1.000000000
     0.014088678    11.889875124     1.000000000
     0.014440895    11.890246546     1.000000000
     0.014793112    11.890616895     1.000000000
     0.015145329    11.890986178     1.000000000
     0.015497546    11.891354405     1.000000000
     0.015849763    11.891721583     1.000000000
     0.016201980    11.892087720     1.000000000
     0.016554197    11.892452824     1.000000000
     0.016906414    11.892816902     1.000000000
     0.017258631    11.893179964     1.000000000
     0.017610848    11.893542016     1.000000000
     0.017963065    11.893903066     1.000000000
     0.018315281    11.894263122     1.000000000
     0.018667498    11.894622192     1.000000000
     0.019019715    11.894980284     1.000000000
     0.019371932    11.895337404     1.000000000
     0.019724149    11.895693561     1.000000000
     0.020076366    11.896048763     1.000000000
     0.020428583    11.896403015     1.000000000
     0.020780800    11.896756327     1.000000000
     0.021133017    11.897108705     1.000000000
     0.021485234    11.897460157     1.000000000
     0.021837451    11.897810690     1.000000000
     0.022189668    11.898160312     1.000000000
     0.022541885    11.898509029     1.000000000
     0.022894102    11.898856849     1.000000000
     0.023246319    11.899203779     1.000000000
     0.023598536    11.899549826     1.000000000
     0.023950753    11.899894998     1.000000000
     0.024302970    11.900239301     1.000000000
     0.024655187    11.900582741     1.000000000
     0.025007404    11.900925328     1.000000000
     0.025359621    11.901267066     1.000000000
     0.025711837    11.901607963     1.000000000
     0.026064054    11.901948026     1.000000000
     0.026416271    11.902287262     1.000000000
     0.026768488    11.902625678     1.000000000
     0.027120705    11.902963279     1.000000000
     0.027472922    11.903300074     1.000000000
     0.027825139    11.903636068     1.000000000
     0.028177356    11.903971268     1.000000000
     0.028529573    11.904305681     1.000000000
     0.028881790    11.904639313     1.000000000
     0.029234007    11.904972171     1.000000000
     0.029586224    11.905304261     1.000000000
     0.029938441    11.905635589     1.000000000
     0.030290658    11.905966163     1.000000000
     0.030642875    11.906295988     1.000000000
     0.030995092    11.906625071     1.000000000
     0.031347309    11.906953418     1.000000000
     0.031699526    11.907281035     1.000000000
     0.032051743    11.907607929     1.000000000
     0.032403960    11.907934105     1.000000000
     0.032756177    11.908259570     1.000000000
     0.033108393    11.908584329     1.000000000
     0.033460610    11.908908390     1.000000000
     0.033812827    11.909231758     1.000000000
     0.034165044    11.909554438     1.000000000
     0.034517261    11.909876437     1.000000000
     0.034869478    11.910197761     1.000000000
     0.035221695    11.910518416     1.000000000
     0.035573912    11.910838407     1.000000000
     0.035926129    11.911157741     1.000000000
     0.036278346    11.911476422     1.000000000
     0.036630563    11.911794458     1.000000000
     0.036982780    11.912111853     1.000000000
     0.037334997    11.912428613     1.000000000
     0.037687214    11.912744744     1.000000000
     0.038039431    11.913060252     1.000000000
     0.038391648    11.913375142     1.000000000
     0.038743865    11.913689419     1.000000000
     0.039096082    11.914003089     1.000000000
     0.039448299    11.914316158     1.000000000
     0.039800516    11.914628631     1.000000000
     0.040152733    11.914940513     1.000000000
     0.040504949    11.915251810     1.000000000
     0.040857166    11.915562527     1.000000000
     0.041209383    11.915872670     1.000000000
     0.041561600    11.916182243     1.000000000
     0.041913817    11.916491252     1.000000000
     0.042266034    11.916799703     1.000000000
     0.042618251    11.917107600     1.000000000
     0.042970468    11.917414948     1.000000000
     0.043322685    11.917721753     1.000000000
     0.043674902    11.918028019     1.000000000
     0.044027119    11.918333753     1.000000000
     0.044379336    11.918638958     1.000000000
     0.044731553    11.918943640     1.000000000
     0.045083770    11.919247803     1.000000000
     0.045435987    11.919551454     1.000000000
     0.045788204    11.919854595     1.000000000
     0.046140421    11.920157234     1.000000000
     0.046492638    11.920459373     1.000000000
     0.046844855    11.920761018     1.000000000
     0.047197072    11.921062175     1.000000000
     0.047549289    11.921362847     1.000000000
     0.047901505    11.921663039     1.000000000
     0.048253722    11.921962756     1.000000000
     0.048605939    11.922262003     1.000000000
     0.048958156    11.922560785     1.000000000
     0.049310373    11.922859105     1.000000000
     0.049662590    11.923156968     1.000000000
     0.050014807    11.923454380     1.000000000
     0.050367024    11.923751344     1.000000000
     0.050719241    11.924047865     1.000000000
     0.051071458    11.924343948     1.000000000
     0.051423675    11.924639597     1.000000000
     0.051775892    11.924934816     1.000000000
     0.052128109    11.925229609     1.000000000
     0.052480326    11.925523982     1.000000000
     0.052832543    11.925817938     1.000000000
     0.053184760    11.926111481     1.000000000
     0.053536977    11.926404617     1.000000000
     0.053889194    11.926697348     1.000000000
     0.054241411    11.926989680     1.000000000
     0.054593628    11.927281617     1.000000000
     0.054945844    11.927573162     1.000000000
     0.055298061    11.927864320     1.000000000
     0.055650278    11.928155095     1.000000000
     0.056002495    11.928445491     1.000000000
     0.056354712    11.928735513     1.000000000
     0.056706929    11.929025163     1.000000000
     0.057059146    11.929314446     1.000000000
     0.057411363    11.929603366     1.000000000
     0.057763580    11.929891928     1.000000000
     0.058115797    11.930180134     1.000000000
     0.058468014    11.930467989     1.000000000
     0.058820231    11.930755497     1.000000000
     0.059172448    11.931042661     1.000000000
     0.059524665    11.931329486     1.000000000
     0.059876882    11.931615975     1.000000000
     0.060229099    11.931902132     1.000000000
     0.060581316    11.932187960     1.000000000
     0.060933533    11.932473464     1.000000000
     0.061285750    11.932758647     1.000000000
     0.061637967    11.933043513     1.000000000
     0.061990184    11.933328065     1.000000000
     0.062342400    11.933612307     1.000000000
     0.062694617    11.933896243     1.000000000
     0.063046834    11.934179876     1.000000000
     0.063399051    11.934463210     1.000000000
     0.063751268    11.934746248     1.000000000
     0.064103485    11.935028994     1.000000000
     0.064455702    11.935311451     1.000000000
     0.064807919    11.935593623     1.000000000
     0.065160136    11.935875514     1.000000000
     0.065512353    11.936157126     1.000000000
     0.065864570    11.936438462     1.000000000
     0.066216787    11.936719528     1.000000000
     0.066569004    11.937000325     1.000000000
     0.066921221    11.937280857     1.000000000
     0.067273438    11.937561127     1.000000000
     0.067625655    11.937841139     1.000000000
     0.067977872    11.938120896     1.000000000
     0.068330089    11.938400401     1.000000000
     0.068682306    11.938679658     1.000000000
     0.069034523    11.938958669     1.000000000
     0.069386740    11.939237437     1.000000000
     0.069738956    11.939515967     1.000000000
     0.070091173    11.939794261     1.000000000
     0.070443390    11.940072321     1.000000000
     0.070795607    11.940350152     1.000000000
     0.071147824    11.940627756     1.000000000
     0.071500041    11.940905136     1.000000000
     0.071852258    11.941182296     1.000000000
     0.072204475    11.941459238     1.000000000
     0.072556692    11.941735965     1.000000000
     0.072908909    11.942012481     1.000000000
     0.073261126    11.942288787     1.000000000
     0.073613343    11.942564888     1.000000000
     0.073965560    11.942840786     1.000000000
     0.074317777    11.943116484     1.000000000
     0.074669994    11.943391984     1.000000000
     0.075022211    11.943667290     1.000000000
     0.075374428    11.943942405     1.000000000
     0.075726645    11.944217331     1.000000000
     0.076078862    11.944492070     1.000000000
     0.076431079    11.944766627     1.000000000
     0.076783296    11.945041003     1.000000000
     0.077135512    11.945315201     1.000000000
     0.077487729    11.945589224     1.000000000
     0.077839946    11.945863075     1.000000000
     0.078192163    11.946136756     1.000000000
     0.078544380    11.946410270     1.000000000
     0.078896597    11.946683619     1.000000000
     0.079248814    11.946956807     1.000000000
     0.079601031    11.947229836     1.000000000
     0.079953248    11.947502707     1.000000000
     0.080305465    11.947775425     1.000000000
     0.080657682    11.948047991     1.000000000
     0.081009899    11.948320408     1.000000000
     0.081362116    11.948592679     1.000000000
     0.081714333    11.948864805     1.000000000
     0.082066550    11.949136790     1.000000000
     0.082418767    11.949408635     1.000000000
     0.082770984    11.949680344     1.000000000
     0.083123201    11.949951918     1.000000000
     0.083475418    11.950223361     1.000000000
     0.083827635    11.950494674     1.000000000
     0.084179851    11.950765860     1.000000000
     0.084532068    11.951036921     1.000000000
     0.084532068    11.927172847     1.000000000
     0.084898811    11.927102773     1.000000000
     0.085265554    11.927032284     1.000000000
     0.085632297    11.926961382     1.000000000
     0.085999039    11.926890071     1.000000000
     0.086365782    11.926818354     1.000000000
     0.086732525    11.926746234     1.000000000
     0.087099267    11.926673716     1.000000000
     0.087466010    11.926600802     1.000000000
     0.087832753    11.926527495     1.000000000
     0.088199496    11.926453799     1.000000000
     0.088566238    11.926379718     1.000000000
     0.088932981    11.926305255     1.000000000
     0.089299724    11.926230413     1.000000000
     0.089666466    11.926155196     1.000000000
     0.090033209    11.926079608     1.000000000
     0.090399952    11.926003651     1.000000000
     0.090766695    11.925927329     1.000000000
     0.091133437    11.925850646     1.000000000
     0.091500180    11.925773606     1.000000000
     0.091866923    11.925696211     1.000000000
     0.092233665    11.925618465     1.000000000
     0.092600408    11.925540373     1.000000000
     0.092967151    11.925461936     1.000000000
     0.093333894    11.925383160     1.000000000
     0.093700636    11.925304047     1.000000000
     0.094067379    11.925224602     1.000000000
     0.094434122    11.925144827     1.000000000
     0.094800864    11.925064726     1.000000000
     0.095167607    11.924984303     1.000000000
     0.095534350    11.924903562     1.000000000
     0.095901093    11.924822506     1.000000000
     0.096267835    11.924741138     1.000000000
     0.096634578    11.924659463     1.000000000
     0.097001321    11.924577484     1.000000000
     0.097368063    11.924495205     1.000000000
     0.097734806    11.924412629     1.000000000
     0.098101549    11.924329760     1.000000000
     0.098468291    11.924246601     1.000000000
     0.098835034    11.924163157     1.000000000
     0.099201777    11.924079431     1.000000000
     0.099568520    11.923995426     1.000000000
     0.099935262    11.923911147     1.000000000
     0.100302005    11.923826597     1.000000000
     0.100668748    11.923741780     1.000000000
     0.101035490    11.923656699     1.000000000
     0.101402233    11.923571358     1.000000000
     0.101768976    11.923485761     1.000000000
     0.102135719    11.923399912     1.000000000
     0.102502461    11.923313815     1.000000000
     0.102869204    11.923227472     1.000000000
     0.103235947    11.923140888     1.000000000
     0.103602689    11.923054066     1.000000000
     0.103969432    11.922967011     1.000000000
     0.104336175    11.922879726     1.000000000
     0.104702918    11.922792215     1.000000000
     0.105069660    11.922704481     1.000000000
     0.105436403    11.922616529     1.000000000
     0.105803146    11.922528361     1.000000000
     0.106169888    11.922439983     1.000000000
     0.106536631    11.922351397     1.000000000
     0.106903374    11.922262607     1.000000000
     0.107270117    11.922173618     1.000000000
     0.107636859    11.922084432     1.000000000
     0.108003602    11.921995054     1.000000000
     0.108370345    11.921905487     1.000000000
     0.108737087    11.921815736     1.000000000
     0.109103830    11.921725804     1.000000000
     0.109470573    11.921635694     1.000000000
     0.109837316    11.921545411     1.000000000
     0.110204058    11.921454958     1.000000000
     0.110570801    11.921364340     1.000000000
     0.110937544    11.921273559     1.000000000
     0.111304286    11.921182620     1.000000000
     0.111671029    11.921091527     1.000000000
     0.112037772    11.921000283     1.000000000
     0.112404515    11.920908892     1.000000000
     0.112771257    11.920817357     1.000000000
     0.113138000    11.920725684     1.000000000
     0.113504743    11.920633875     1.000000000
     0.113871485    11.920541934     1.000000000
     0.114238228    11.920449865     1.000000000
     0.114604971    11.920357672     1.000000000
     0.114971714    11.920265358     1.000000000
     0.115338456    11.920172928     1.000000000
     0.115705199    11.920080386     1.000000000
     0.116071942    11.919987734     1.000000000
     0.116438684    11.919894977     1.000000000
     0.116805427    11.919802118     1.000000000
     0.117172170    11.919709162     1.000000000
     0.117538913    11.919616112     1.000000000
     0.117905655    11.919522972     1.000000000
     0.118272398    11.919429745     1.000000000
     0.118639141    11.919336436     1.000000000
     0.119005883    11.919243049     1.000000000
     0.119372626    11.919149586     1.000000000
     0.119739369    11.919056052     1.000000000
     0.120106111    11.918962451     1.000000000
     0.120472854    11.918868787     1.000000000
     0.120839597    11.918775062     1.000000000
     0.121206340    11.918681282     1.000000000
     0.121573082    11.918587449     1.000000000
     0.121939825    11.918493568     1.000000000
     0.122306568    11.918399642     1.000000000
     0.122673310    11.918305675     1.000000000
     0.123040053    11.918211671     1.000000000
     0.123406796    11.918117633     1.000000000
     0.123773539    11.918023566     1.000000000
     0.124140281    11.917929473     1.000000000
     0.124507024    11.917835358     1.000000000
     0.124873767    11.917741224     1.000000000
     0.125240509    11.917647076     1.000000000
     0.125607252    11.917552917     1.000000000
     0.125973995    11.917458751     1.000000000
     0.126340738    11.917364581     1.000000000
     0.126707480    11.917270412     1.000000000
     0.127074223    11.917176247     1.000000000
     0.127440966    11.917082090     1.000000000
     0.127807708    11.916987944     1.000000000
     0.128174451    11.916893814     1.000000000
     0.128541194    11.916799703     1.000000000
     0.128907937    11.916705615     1.000000000
     0.129274679    11.916611553     1.000000000
     0.129641422    11.916517521     1.000000000
     0.130008165    11.916423524     1.000000000
     0.130374907    11.916329564     1.000000000
     0.130741650    11.916235646     1.000000000
     0.131108393    11.916141773     1.000000000
     0.131475136    11.916047948     1.000000000
     0.131841878    11.915954177     1.000000000
     0.132208621    11.915860461     1.000000000
     0.132575364    11.915766806     1.000000000
     0.132942106    11.915673214     1.000000000
     0.133308849    11.915579690     1.000000000
     0.133675592    11.915486236     1.000000000
     0.134042335    11.915392858     1.000000000
     0.134409077    11.915299558     1.000000000
     0.134775820    11.915206340     1.000000000
     0.135142563    11.915113208     1.000000000
     0.135509305    11.915020166     1.000000000
     0.135876048    11.914927217     1.000000000
     0.136242791    11.914834364     1.000000000
     0.136609534    11.914741613     1.000000000
     0.136976276    11.914648965     1.000000000
     0.137343019    11.914556426     1.000000000
     0.137709762    11.914463998     1.000000000
     0.138076504    11.914371685     1.000000000
     0.138443247    11.914279491     1.000000000
     0.138809990    11.914187420     1.000000000
     0.139176733    11.914095475     1.000000000
     0.139543475    11.914003660     1.000000000
     0.139910218    11.913911979     1.000000000
     0.140276961    11.913820434     1.000000000
     0.140643703    11.913729031     1.000000000
     0.141010446    11.913637772     1.000000000
     0.141377189    11.913546661     1.000000000
     0.141743931    11.913455702     1.000000000
     0.142110674    11.913364899     1.000000000
     0.142477417    11.913274254     1.000000000
     0.142844160    11.913183772     1.000000000
     0.143210902    11.913093456     1.000000000
     0.143577645    11.913003311     1.000000000
     0.143944388    11.912913339     1.000000000
     0.144311130    11.912823544     1.000000000
     0.144677873    11.912733930     1.000000000
     0.145044616    11.912644500     1.000000000
     0.145411359    11.912555258     1.000000000
     0.145778101    11.912466208     1.000000000
     0.146144844    11.912377353     1.000000000
     0.146511587    11.912288697     1.000000000
     0.146878329    11.912200244     1.000000000
     0.147245072    11.912111997     1.000000000
     0.147611815    11.912023959     1.000000000
     0.147978558    11.911936135     1.000000000
     0.148345300    11.911848527     1.000000000
     0.148712043    11.911761140     1.000000000
     0.149078786    11.911673977     1.000000000
     0.149445528    11.911587042     1.000000000
     0.149812271    11.911500338     1.000000000
     0.150179014    11.911413869     1.000000000
     0.150545757    11.911327639     1.000000000
     0.150912499    11.911241650     1.000000000
     0.151279242    11.911155908     1.000000000
     0.151645985    11.911070414     1.000000000
     0.152012727    11.910985173     1.000000000
     0.152379470    11.910900189     1.000000000
     0.152746213    11.910815464     1.000000000
     0.153112956    11.910731003     1.000000000
     0.153479698    11.910646810     1.000000000
     0.153846441    11.910562887     1.000000000
     0.154213184    11.910479238     1.000000000
     0.154579926    11.910395867     1.000000000
     0.154946669    11.910312778     1.000000000
     0.155313412    11.910229974     1.000000000
     0.155680155    11.910147458     1.000000000
     0.156046897    11.910065234     1.000000000
     0.156413640    11.909983306     1.000000000
     0.156780383    11.909901678     1.000000000
     0.157147125    11.909820352     1.000000000
     0.157513868    11.909739333     1.000000000
     0.157880611    11.909658624     1.000000000
     0.158247354    11.909578229     1.000000000
     0.158614096    11.909498151     1.000000000
     0.158980839    11.909418393     1.000000000
     0.159347582    11.909338960     1.000000000
     0.159714324    11.909259855     1.000000000
     0.160081067    11.909181081     1.000000000
     0.160447810    11.909102643     1.000000000
     0.160814553    11.909024542     1.000000000
     0.161181295    11.908946785     1.000000000
     0.161548038    11.908869373     1.000000000
     0.161914781    11.908792310     1.000000000
     0.162281523    11.908715600     1.000000000
     0.162648266    11.908639247     1.000000000
     0.163015009    11.908563253     1.000000000
     0.163381751    11.908487624     1.000000000
     0.163748494    11.908412361     1.000000000
     0.164115237    11.908337470     1.000000000
     0.164481980    11.908262953     1.000000000
     0.164848722    11.908188813     1.000000000
     0.165215465    11.908115056     1.000000000
     0.165582208    11.908041683     1.000000000
     0.165948950    11.907968699     1.000000000
     0.166315693    11.907896108     1.000000000
     0.166682436    11.907823912     1.000000000
     0.167049179    11.907752116     1.000000000
     0.167415921    11.907680723     1.000000000
     0.167782664    11.907609737     1.000000000
     0.168149407    11.907539160     1.000000000
     0.168516149    11.907468998     1.000000000
     0.168882892    11.907399253     1.000000000
     0.169249635    11.907329929     1.000000000
     0.169616378    11.907261030     1.000000000
     0.169983120    11.907192559     1.000000000
     0.170349863    11.907124520     1.000000000
     0.170716606    11.907056917     1.000000000
     0.171083348    11.906989752     1.000000000
     0.171450091    11.906923030     1.000000000
     0.171816834    11.906856755     1.000000000
     0.172183577    11.906790929     1.000000000
     0.172550319    11.906725557     1.000000000
  
     0.000000000    12.334042432     1.000000000
     0.000352217    12.334159100     1.000000000
     0.000704434    12.334275800     1.000000000
     0.001056651    12.334392531     1.000000000
     0.001408868    12.334509291     1.000000000
     0.001761085    12.334626078     1.000000000
     0.002113302    12.334742890     1.000000000
     0.002465519    12.334859725     1.000000000
     0.002817736    12.334976581     1.000000000
     0.003169953    12.335093457     1.000000000
     0.003522170    12.335210350     1.000000000
     0.003874386    12.335327259     1.000000000
     0.004226603    12.335444181     1.000000000
     0.004578820    12.335561115     1.000000000
     0.004931037    12.335678059     1.000000000
     0.005283254    12.335795011     1.000000000
     0.005635471    12.335911969     1.000000000
     0.005987688    12.336028931     1.000000000
     0.006339905    12.336145895     1.000000000
     0.006692122    12.336262859     1.000000000
     0.007044339    12.336379822     1.000000000
     0.007396556    12.336496781     1.000000000
     0.007748773    12.336613734     1.000000000
     0.008100990    12.336730680     1.000000000
     0.008453207    12.336847617     1.000000000
     0.008805424    12.336964542     1.000000000
     0.009157641    12.337081455     1.000000000
     0.009509858    12.337198352     1.000000000
     0.009862075    12.337315231     1.000000000
     0.010214292    12.337432092     1.000000000
     0.010566509    12.337548932     1.000000000
     0.010918726    12.337665749     1.000000000
     0.011270942    12.337782541     1.000000000
     0.011623159    12.337899307     1.000000000
     0.011975376    12.338016044     1.000000000
     0.012327593    12.338132750     1.000000000
     0.012679810    12.338249423     1.000000000
     0.013032027    12.338366062     1.000000000
     0.013384244    12.338482664     1.000000000
     0.013736461    12.338599228     1.000000000
     0.014088678    12.338715752     1.000000000
     0.014440895    12.338832233     1.000000000
     0.014793112    12.338948669     1.000000000
     0.015145329    12.339065060     1.000000000
     0.015497546    12.339181402     1.000000000
     0.015849763    12.339297694     1.000000000
     0.016201980    12.339413935     1.000000000
     0.016554197    12.339530120     1.000000000
     0.016906414    12.339646250     1.000000000
     0.017258631    12.339762322     1.000000000
     0.017610848    12.339878334     1.000000000
     0.017963065    12.339994284     1.000000000
     0.018315281    12.340110170     1.000000000
     0.018667498    12.340225990     1.000000000
     0.019019715    12.340341742     1.000000000
     0.019371932    12.340457425     1.000000000
     0.019724149    12.340573036     1.000000000
     0.020076366    12.340688572     1.000000000
     0.020428583    12.340804034     1.000000000
     0.020780800    12.340919417     1.000000000
     0.021133017    12.341034721     1.000000000
     0.021485234    12.341149943     1.000000000
     0.021837451    12.341265082     1.000000000
     0.022189668    12.341380135     1.000000000
     0.022541885    12.341495100     1.000000000
     0.022894102    12.341609976     1.000000000
     0.023246319    12.341724760     1.000000000
     0.023598536    12.341839451     1.000000000
     0.023950753    12.341954046     1.000000000
     0.024302970    12.342068543     1.000000000
     0.024655187    12.342182942     1.000000000
     0.025007404    12.342297238     1.000000000
     0.025359621    12.342411432     1.000000000
     0.025711837    12.342525519     1.000000000
     0.026064054    12.342639500     1.000000000
     0.026416271    12.342753371     1.000000000
     0.026768488    12.342867130     1.000000000
     0.027120705    12.342980776     1.000000000
     0.027472922    12.343094307     1.000000000
     0.027825139    12.343207721     1.000000000
     0.028177356    12.343321015     1.000000000
     0.028529573    12.343434187     1.000000000
     0.028881790    12.343547236     1.000000000
     0.029234007    12.343660160     1.000000000
     0.029586224    12.343772957     1.000000000
     0.029938441    12.343885624     1.000000000
     0.030290658    12.343998160     1.000000000
     0.030642875    12.344110562     1.000000000
     0.030995092    12.344222829     1.000000000
     0.031347309    12.344334959     1.000000000
     0.031699526    12.344446949     1.000000000
     0.032051743    12.344558798     1.000000000
     0.032403960    12.344670504     1.000000000
     0.032756177    12.344782064     1.000000000
     0.033108393    12.344893477     1.000000000
     0.033460610    12.345004740     1.000000000
     0.033812827    12.345115852     1.000000000
     0.034165044    12.345226811     1.000000000
     0.034517261    12.345337614     1.000000000
     0.034869478    12.345448260     1.000000000
     0.035221695    12.345558746     1.000000000
     0.035573912    12.345669072     1.000000000
     0.035926129    12.345779233     1.000000000
     0.036278346    12.345889229     1.000000000
     0.036630563    12.345999058     1.000000000
     0.036982780    12.346108717     1.000000000
     0.037334997    12.346218205     1.000000000
     0.037687214    12.346327520     1.000000000
     0.038039431    12.346436658     1.000000000
     0.038391648    12.346545620     1.000000000
     0.038743865    12.346654402     1.000000000
     0.039096082    12.346763002     1.000000000
     0.039448299    12.346871419     1.000000000
     0.039800516    12.346979650     1.000000000
     0.040152733    12.347087694     1.000000000
     0.040504949    12.347195548     1.000000000
     0.040857166    12.347303210     1.000000000
     0.041209383    12.347410679     1.000000000
     0.041561600    12.347517952     1.000000000
     0.041913817    12.347625028     1.000000000
     0.042266034    12.347731904     1.000000000
     0.042618251    12.347838578     1.000000000
     0.042970468    12.347945049     1.000000000
     0.043322685    12.348051314     1.000000000
     0.043674902    12.348157371     1.000000000
     0.044027119    12.348263218     1.000000000
     0.044379336    12.348368854     1.000000000
     0.044731553    12.348474276     1.000000000
     0.045083770    12.348579482     1.000000000
     0.045435987    12.348684471     1.000000000
     0.045788204    12.348789239     1.000000000
     0.046140421    12.348893786     1.000000000
     0.046492638    12.348998108     1.000000000
     0.046844855    12.349102205     1.000000000
     0.047197072    12.349206074     1.000000000
     0.047549289    12.349309713     1.000000000
     0.047901505    12.349413121     1.000000000
     0.048253722    12.349516294     1.000000000
     0.048605939    12.349619231     1.000000000
     0.048958156    12.349721930     1.000000000
     0.049310373    12.349824390     1.000000000
     0.049662590    12.349926607     1.000000000
     0.050014807    12.350028580     1.000000000
     0.050367024    12.350130307     1.000000000
     0.050719241    12.350231786     1.000000000
     0.051071458    12.350333015     1.000000000
     0.051423675    12.350433992     1.000000000
     0.051775892    12.350534714     1.000000000
     0.052128109    12.350635181     1.000000000
     0.052480326    12.350735389     1.000000000
     0.052832543    12.350835337     1.000000000
     0.053184760    12.350935023     1.000000000
     0.053536977    12.351034445     1.000000000
     0.053889194    12.351133600     1.000000000
     0.054241411    12.351232487     1.000000000
     0.054593628    12.351331104     1.000000000
     0.054945844    12.351429449     1.000000000
     0.055298061    12.351527519     1.000000000
     0.055650278    12.351625313     1.000000000
     0.056002495    12.351722829     1.000000000
     0.056354712    12.351820064     1.000000000
     0.056706929    12.351917017     1.000000000
     0.057059146    12.352013685     1.000000000
     0.057411363    12.352110067     1.000000000
     0.057763580    12.352206161     1.000000000
     0.058115797    12.352301964     1.000000000
     0.058468014    12.352397474     1.000000000
     0.058820231    12.352492690     1.000000000
     0.059172448    12.352587610     1.000000000
     0.059524665    12.352682231     1.000000000
     0.059876882    12.352776552     1.000000000
     0.060229099    12.352870570     1.000000000
     0.060581316    12.352964284     1.000000000
     0.060933533    12.353057691     1.000000000
     0.061285750    12.353150789     1.000000000
     0.061637967    12.353243577     1.000000000
     0.061990184    12.353336053     1.000000000
     0.062342400    12.353428213     1.000000000
     0.062694617    12.353520057     1.000000000
     0.063046834    12.353611583     1.000000000
     0.063399051    12.353702788     1.000000000
     0.063751268    12.353793670     1.000000000
     0.064103485    12.353884228     1.000000000
     0.064455702    12.353974459     1.000000000
     0.064807919    12.354064361     1.000000000
     0.065160136    12.354153933     1.000000000
     0.065512353    12.354243172     1.000000000
     0.065864570    12.354332076     1.000000000
     0.066216787    12.354420644     1.000000000
     0.066569004    12.354508873     1.000000000
     0.066921221    12.354596762     1.000000000
     0.067273438    12.354684307     1.000000000
     0.067625655    12.354771509     1.000000000
     0.067977872    12.354858363     1.000000000
     0.068330089    12.354944869     1.000000000
     0.068682306    12.355031024     1.000000000
     0.069034523    12.355116826     1.000000000
     0.069386740    12.355202274     1.000000000
     0.069738956    12.355287365     1.000000000
     0.070091173    12.355372098     1.000000000
     0.070443390    12.355456469     1.000000000
     0.070795607    12.355540479     1.000000000
     0.071147824    12.355624123     1.000000000
     0.071500041    12.355707401     1.000000000
     0.071852258    12.355790310     1.000000000
     0.072204475    12.355872849     1.000000000
     0.072556692    12.355955015     1.000000000
     0.072908909    12.356036807     1.000000000
     0.073261126    12.356118222     1.000000000
     0.073613343    12.356199258     1.000000000
     0.073965560    12.356279914     1.000000000
     0.074317777    12.356360188     1.000000000
     0.074669994    12.356440077     1.000000000
     0.075022211    12.356519579     1.000000000
     0.075374428    12.356598693     1.000000000
     0.075726645    12.356677417     1.000000000
     0.076078862    12.356755748     1.000000000
     0.076431079    12.356833685     1.000000000
     0.076783296    12.356911225     1.000000000
     0.077135512    12.356988367     1.000000000
     0.077487729    12.357065109     1.000000000
     0.077839946    12.357141448     1.000000000
     0.078192163    12.357217383     1.000000000
     0.078544380    12.357292912     1.000000000
     0.078896597    12.357368033     1.000000000
     0.079248814    12.357442744     1.000000000
     0.079601031    12.357517042     1.000000000
     0.079953248    12.357590926     1.000000000
     0.080305465    12.357664395     1.000000000
     0.080657682    12.357737445     1.000000000
     0.081009899    12.357810075     1.000000000
     0.081362116    12.357882284     1.000000000
     0.081714333    12.357954068     1.000000000
     0.082066550    12.358025427     1.000000000
     0.082418767    12.358096358     1.000000000
     0.082770984    12.358166859     1.000000000
     0.083123201    12.358236928     1.000000000
     0.083475418    12.358306564     1.000000000
     0.083827635    12.358375764     1.000000000
     0.084179851    12.358444527     1.000000000
     0.084532068    12.358512850     1.000000000
     0.084532068    12.340667312     1.000000000
     0.084898811    12.340708305     1.000000000
     0.085265554    12.340749615     1.000000000
     0.085632297    12.340791244     1.000000000
     0.085999039    12.340833190     1.000000000
     0.086365782    12.340875454     1.000000000
     0.086732525    12.340918034     1.000000000
     0.087099267    12.340960930     1.000000000
     0.087466010    12.341004142     1.000000000
     0.087832753    12.341047670     1.000000000
     0.088199496    12.341091514     1.000000000
     0.088566238    12.341135672     1.000000000
     0.088932981    12.341180144     1.000000000
     0.089299724    12.341224931     1.000000000
     0.089666466    12.341270031     1.000000000
     0.090033209    12.341315445     1.000000000
     0.090399952    12.341361171     1.000000000
     0.090766695    12.341407211     1.000000000
     0.091133437    12.341453562     1.000000000
     0.091500180    12.341500225     1.000000000
     0.091866923    12.341547199     1.000000000
     0.092233665    12.341594484     1.000000000
     0.092600408    12.341642080     1.000000000
     0.092967151    12.341689985     1.000000000
     0.093333894    12.341738201     1.000000000
     0.093700636    12.341786725     1.000000000
     0.094067379    12.341835559     1.000000000
     0.094434122    12.341884700     1.000000000
     0.094800864    12.341934150     1.000000000
     0.095167607    12.341983907     1.000000000
     0.095534350    12.342033971     1.000000000
     0.095901093    12.342084342     1.000000000
     0.096267835    12.342135019     1.000000000
     0.096634578    12.342186001     1.000000000
     0.097001321    12.342237289     1.000000000
     0.097368063    12.342288881     1.000000000
     0.097734806    12.342340778     1.000000000
     0.098101549    12.342392979     1.000000000
     0.098468291    12.342445483     1.000000000
     0.098835034    12.342498290     1.000000000
     0.099201777    12.342551400     1.000000000
     0.099568520    12.342604811     1.000000000
     0.099935262    12.342658524     1.000000000
     0.100302005    12.342712538     1.000000000
     0.100668748    12.342766853     1.000000000
     0.101035490    12.342821467     1.000000000
     0.101402233    12.342876381     1.000000000
     0.101768976    12.342931594     1.000000000
     0.102135719    12.342987106     1.000000000
     0.102502461    12.343042915     1.000000000
     0.102869204    12.343099022     1.000000000
     0.103235947    12.343155426     1.000000000
     0.103602689    12.343212127     1.000000000
     0.103969432    12.343269123     1.000000000
     0.104336175    12.343326415     1.000000000
     0.104702918    12.343384002     1.000000000
     0.105069660    12.343441883     1.000000000
     0.105436403    12.343500058     1.000000000
     0.105803146    12.343558527     1.000000000
     0.106169888    12.343617288     1.000000000
     0.106536631    12.343676341     1.000000000
     0.106903374    12.343735686     1.000000000
     0.107270117    12.343795322     1.000000000
     0.107636859    12.343855249     1.000000000
     0.108003602    12.343915466     1.000000000
     0.108370345    12.343975972     1.000000000
     0.108737087    12.344036768     1.000000000
     0.109103830    12.344097851     1.000000000
     0.109470573    12.344159223     1.000000000
     0.109837316    12.344220881     1.000000000
     0.110204058    12.344282827     1.000000000
     0.110570801    12.344345058     1.000000000
     0.110937544    12.344407575     1.000000000
     0.111304286    12.344470376     1.000000000
     0.111671029    12.344533462     1.000000000
     0.112037772    12.344596832     1.000000000
     0.112404515    12.344660485     1.000000000
     0.112771257    12.344724420     1.000000000
     0.113138000    12.344788637     1.000000000
     0.113504743    12.344853136     1.000000000
     0.113871485    12.344917915     1.000000000
     0.114238228    12.344982974     1.000000000
     0.114604971    12.345048313     1.000000000
     0.114971714    12.345113931     1.000000000
     0.115338456    12.345179827     1.000000000
     0.115705199    12.345246001     1.000000000
     0.116071942    12.345312451     1.000000000
     0.116438684    12.345379178     1.000000000
     0.116805427    12.345446181     1.000000000
     0.117172170    12.345513459     1.000000000
     0.117538913    12.345581011     1.000000000
     0.117905655    12.345648837     1.000000000
     0.118272398    12.345716936     1.000000000
     0.118639141    12.345785308     1.000000000
     0.119005883    12.345853951     1.000000000
     0.119372626    12.345922866     1.000000000
     0.119739369    12.345992052     1.000000000
     0.120106111    12.346061507     1.000000000
     0.120472854    12.346131232     1.000000000
     0.120839597    12.346201225     1.000000000
     0.121206340    12.346271486     1.000000000
     0.121573082    12.346342014     1.000000000
     0.121939825    12.346412809     1.000000000
     0.122306568    12.346483869     1.000000000
     0.122673310    12.346555195     1.000000000
     0.123040053    12.346626785     1.000000000
     0.123406796    12.346698639     1.000000000
     0.123773539    12.346770757     1.000000000
     0.124140281    12.346843136     1.000000000
     0.124507024    12.346915778     1.000000000
     0.124873767    12.346988680     1.000000000
     0.125240509    12.347061843     1.000000000
     0.125607252    12.347135265     1.000000000
     0.125973995    12.347208946     1.000000000
     0.126340738    12.347282886     1.000000000
     0.126707480    12.347357083     1.000000000
     0.127074223    12.347431536     1.000000000
     0.127440966    12.347506246     1.000000000
     0.127807708    12.347581211     1.000000000
     0.128174451    12.347656431     1.000000000
     0.128541194    12.347731904     1.000000000
     0.128907937    12.347807631     1.000000000
     0.129274679    12.347883609     1.000000000
     0.129641422    12.347959840     1.000000000
     0.130008165    12.348036322     1.000000000
     0.130374907    12.348113053     1.000000000
     0.130741650    12.348190034     1.000000000
     0.131108393    12.348267264     1.000000000
     0.131475136    12.348344742     1.000000000
     0.131841878    12.348422467     1.000000000
     0.132208621    12.348500438     1.000000000
     0.132575364    12.348578655     1.000000000
     0.132942106    12.348657116     1.000000000
     0.133308849    12.348735822     1.000000000
     0.133675592    12.348814771     1.000000000
     0.134042335    12.348893963     1.000000000
     0.134409077    12.348973397     1.000000000
     0.134775820    12.349053071     1.000000000
     0.135142563    12.349132986     1.000000000
     0.135509305    12.349213140     1.000000000
     0.135876048    12.349293533     1.000000000
     0.136242791    12.349374164     1.000000000
     0.136609534    12.349455032     1.000000000
     0.136976276    12.349536136     1.000000000
     0.137343019    12.349617476     1.000000000
     0.137709762    12.349699050     1.000000000
     0.138076504    12.349780859     1.000000000
     0.138443247    12.349862900     1.000000000
     0.138809990    12.349945174     1.000000000
     0.139176733    12.350027679     1.000000000
     0.139543475    12.350110415     1.000000000
     0.139910218    12.350193380     1.000000000
     0.140276961    12.350276575     1.000000000
     0.140643703    12.350359998     1.000000000
     0.141010446    12.350443649     1.000000000
     0.141377189    12.350527526     1.000000000
     0.141743931    12.350611628     1.000000000
     0.142110674    12.350695956     1.000000000
     0.142477417    12.350780508     1.000000000
     0.142844160    12.350865283     1.000000000
     0.143210902    12.350950281     1.000000000
     0.143577645    12.351035500     1.000000000
     0.143944388    12.351120940     1.000000000
     0.144311130    12.351206599     1.000000000
     0.144677873    12.351292478     1.000000000
     0.145044616    12.351378575     1.000000000
     0.145411359    12.351464890     1.000000000
     0.145778101    12.351551421     1.000000000
     0.146144844    12.351638167     1.000000000
     0.146511587    12.351725129     1.000000000
     0.146878329    12.351812304     1.000000000
     0.147245072    12.351899693     1.000000000
     0.147611815    12.351987293     1.000000000
     0.147978558    12.352075105     1.000000000
     0.148345300    12.352163128     1.000000000
     0.148712043    12.352251360     1.000000000
     0.149078786    12.352339801     1.000000000
     0.149445528    12.352428450     1.000000000
     0.149812271    12.352517306     1.000000000
     0.150179014    12.352606368     1.000000000
     0.150545757    12.352695635     1.000000000
     0.150912499    12.352785107     1.000000000
     0.151279242    12.352874782     1.000000000
     0.151645985    12.352964660     1.000000000
     0.152012727    12.353054739     1.000000000
     0.152379470    12.353145020     1.000000000
     0.152746213    12.353235500     1.000000000
     0.153112956    12.353326179     1.000000000
     0.153479698    12.353417057     1.000000000
     0.153846441    12.353508131     1.000000000
     0.154213184    12.353599402     1.000000000
     0.154579926    12.353690869     1.000000000
     0.154946669    12.353782530     1.000000000
     0.155313412    12.353874384     1.000000000
     0.155680155    12.353966432     1.000000000
     0.156046897    12.354058671     1.000000000
     0.156413640    12.354151101     1.000000000
     0.156780383    12.354243721     1.000000000
     0.157147125    12.354336530     1.000000000
     0.157513868    12.354429528     1.000000000
     0.157880611    12.354522712     1.000000000
     0.158247354    12.354616083     1.000000000
     0.158614096    12.354709639     1.000000000
     0.158980839    12.354803380     1.000000000
     0.159347582    12.354897304     1.000000000
     0.159714324    12.354991411     1.000000000
     0.160081067    12.355085700     1.000000000
     0.160447810    12.355180169     1.000000000
     0.160814553    12.355274819     1.000000000
     0.161181295    12.355369647     1.000000000
     0.161548038    12.355464653     1.000000000
     0.161914781    12.355559836     1.000000000
     0.162281523    12.355655195     1.000000000
     0.162648266    12.355750730     1.000000000
     0.163015009    12.355846439     1.000000000
     0.163381751    12.355942320     1.000000000
     0.163748494    12.356038375     1.000000000
     0.164115237    12.356134600     1.000000000
     0.164481980    12.356230996     1.000000000
     0.164848722    12.356327562     1.000000000
     0.165215465    12.356424296     1.000000000
     0.165582208    12.356521197     1.000000000
     0.165948950    12.356618265     1.000000000
     0.166315693    12.356715499     1.000000000
     0.166682436    12.356812898     1.000000000
     0.167049179    12.356910460     1.000000000
     0.167415921    12.357008185     1.000000000
     0.167782664    12.357106072     1.000000000
     0.168149407    12.357204120     1.000000000
     0.168516149    12.357302328     1.000000000
     0.168882892    12.357400694     1.000000000
     0.169249635    12.357499219     1.000000000
     0.169616378    12.357597900     1.000000000
     0.169983120    12.357696738     1.000000000
     0.170349863    12.357795731     1.000000000
     0.170716606    12.357894878     1.000000000
     0.171083348    12.357994177     1.000000000
     0.171450091    12.358093630     1.000000000
     0.171816834    12.358193233     1.000000000
     0.172183577    12.358292986     1.000000000
     0.172550319    12.358392889     1.000000000
  
     0.000000000    13.903072894     1.000000000
     0.000352217    13.902773517     1.000000000
     0.000704434    13.902473690     1.000000000
     0.001056651    13.902173418     1.000000000
     0.001408868    13.901872706     1.000000000
     0.001761085    13.901571558     1.000000000
     0.002113302    13.901269978     1.000000000
     0.002465519    13.900967969     1.000000000
     0.002817736    13.900665538     1.000000000
     0.003169953    13.900362687     1.000000000
     0.003522170    13.900059421     1.000000000
     0.003874386    13.899755744     1.000000000
     0.004226603    13.899451661     1.000000000
     0.004578820    13.899147175     1.000000000
     0.004931037    13.898842291     1.000000000
     0.005283254    13.898537013     1.000000000
     0.005635471    13.898231345     1.000000000
     0.005987688    13.897925291     1.000000000
     0.006339905    13.897618855     1.000000000
     0.006692122    13.897312043     1.000000000
     0.007044339    13.897004856     1.000000000
     0.007396556    13.896697301     1.000000000
     0.007748773    13.896389381     1.000000000
     0.008100990    13.896081099     1.000000000
     0.008453207    13.895772460     1.000000000
     0.008805424    13.895463469     1.000000000
     0.009157641    13.895154129     1.000000000
     0.009509858    13.894844444     1.000000000
     0.009862075    13.894534418     1.000000000
     0.010214292    13.894224055     1.000000000
     0.010566509    13.893913360     1.000000000
     0.010918726    13.893602336     1.000000000
     0.011270942    13.893290988     1.000000000
     0.011623159    13.892979318     1.000000000
     0.011975376    13.892667332     1.000000000
     0.012327593    13.892355033     1.000000000
     0.012679810    13.892042426     1.000000000
     0.013032027    13.891729513     1.000000000
     0.013384244    13.891416300     1.000000000
     0.013736461    13.891102789     1.000000000
     0.014088678    13.890788985     1.000000000
     0.014440895    13.890474892     1.000000000
     0.014793112    13.890160514     1.000000000
     0.015145329    13.889845854     1.000000000
     0.015497546    13.889530917     1.000000000
     0.015849763    13.889215706     1.000000000
     0.016201980    13.888900225     1.000000000
     0.016554197    13.888584478     1.000000000
     0.016906414    13.888268469     1.000000000
     0.017258631    13.887952201     1.000000000
     0.017610848    13.887635679     1.000000000
     0.017963065    13.887318906     1.000000000
     0.018315281    13.887001885     1.000000000
     0.018667498    13.886684622     1.000000000
     0.019019715    13.886367119     1.000000000
     0.019371932    13.886049380     1.000000000
     0.019724149    13.885731410     1.000000000
     0.020076366    13.885413211     1.000000000
     0.020428583    13.885094787     1.000000000
     0.020780800    13.884776142     1.000000000
     0.021133017    13.884457281     1.000000000
     0.021485234    13.884138206     1.000000000
     0.021837451    13.883818921     1.000000000
     0.022189668    13.883499430     1.000000000
     0.022541885    13.883179736     1.000000000
     0.022894102    13.882859844     1.000000000
     0.023246319    13.882539757     1.000000000
     0.023598536    13.882219478     1.000000000
     0.023950753    13.881899011     1.000000000
     0.024302970    13.881578360     1.000000000
     0.024655187    13.881257528     1.000000000
     0.025007404    13.880936519     1.000000000
     0.025359621    13.880615336     1.000000000
     0.025711837    13.880293983     1.000000000
     0.026064054    13.879972464     1.000000000
     0.026416271    13.879650782     1.000000000
     0.026768488    13.879328941     1.000000000
     0.027120705    13.879006944     1.000000000
     0.027472922    13.878684794     1.000000000
     0.027825139    13.878362496     1.000000000
     0.028177356    13.878040053     1.000000000
     0.028529573    13.877717468     1.000000000
     0.028881790    13.877394744     1.000000000
     0.029234007    13.877071886     1.000000000
     0.029586224    13.876748896     1.000000000
     0.029938441    13.876425778     1.000000000
     0.030290658    13.876102536     1.000000000
     0.030642875    13.875779173     1.000000000
     0.030995092    13.875455692     1.000000000
     0.031347309    13.875132097     1.000000000
     0.031699526    13.874808392     1.000000000
     0.032051743    13.874484578     1.000000000
     0.032403960    13.874160661     1.000000000
     0.032756177    13.873836643     1.000000000
     0.033108393    13.873512528     1.000000000
     0.033460610    13.873188319     1.000000000
     0.033812827    13.872864020     1.000000000
     0.034165044    13.872539633     1.000000000
     0.034517261    13.872215163     1.000000000
     0.034869478    13.871890611     1.000000000
     0.035221695    13.871565983     1.000000000
     0.035573912    13.871241281     1.000000000
     0.035926129    13.870916508     1.000000000
     0.036278346    13.870591668     1.000000000
     0.036630563    13.870266763     1.000000000
     0.036982780    13.869941798     1.000000000
     0.037334997    13.869616776     1.000000000
     0.037687214    13.869291699     1.000000000
     0.038039431    13.868966571     1.000000000
     0.038391648    13.868641396     1.000000000
     0.038743865    13.868316175     1.000000000
     0.039096082    13.867990914     1.000000000
     0.039448299    13.867665614     1.000000000
     0.039800516    13.867340280     1.000000000
     0.040152733    13.867014914     1.000000000
     0.040504949    13.866689519     1.000000000
     0.040857166    13.866364099     1.000000000
     0.041209383    13.866038657     1.000000000
     0.041561600    13.865713196     1.000000000
     0.041913817    13.865387719     1.000000000
     0.042266034    13.865062230     1.000000000
     0.042618251    13.864736731     1.000000000
     0.042970468    13.864411225     1.000000000
     0.043322685    13.864085717     1.000000000
     0.043674902    13.863760208     1.000000000
     0.044027119    13.863434702     1.000000000
     0.044379336    13.863109202     1.000000000
     0.044731553    13.862783711     1.000000000
     0.045083770    13.862458233     1.000000000
     0.045435987    13.862132770     1.000000000
     0.045788204    13.861807325     1.000000000
     0.046140421    13.861481902     1.000000000
     0.046492638    13.861156503     1.000000000
     0.046844855    13.860831132     1.000000000
     0.047197072    13.860505791     1.000000000
     0.047549289    13.860180484     1.000000000
     0.047901505    13.859855214     1.000000000
     0.048253722    13.859529984     1.000000000
     0.048605939    13.859204796     1.000000000
     0.048958156    13.858879654     1.000000000
     0.049310373    13.858554561     1.000000000
     0.049662590    13.858229520     1.000000000
     0.050014807    13.857904533     1.000000000
     0.050367024    13.857579604     1.000000000
     0.050719241    13.857254736     1.000000000
     0.051071458    13.856929931     1.000000000
     0.051423675    13.856605193     1.000000000
     0.051775892    13.856280524     1.000000000
     0.052128109    13.855955928     1.000000000
     0.052480326    13.855631408     1.000000000
     0.052832543    13.855306966     1.000000000
     0.053184760    13.854982605     1.000000000
     0.053536977    13.854658329     1.000000000
     0.053889194    13.854334139     1.000000000
     0.054241411    13.854010040     1.000000000
     0.054593628    13.853686034     1.000000000
     0.054945844    13.853362123     1.000000000
     0.055298061    13.853038312     1.000000000
     0.055650278    13.852714602     1.000000000
     0.056002495    13.852390996     1.000000000
     0.056354712    13.852067498     1.000000000
     0.056706929    13.851744110     1.000000000
     0.057059146    13.851420836     1.000000000
     0.057411363    13.851097677     1.000000000
     0.057763580    13.850774637     1.000000000
     0.058115797    13.850451719     1.000000000
     0.058468014    13.850128926     1.000000000
     0.058820231    13.849806259     1.000000000
     0.059172448    13.849483723     1.000000000
     0.059524665    13.849161320     1.000000000
     0.059876882    13.848839053     1.000000000
     0.060229099    13.848516924     1.000000000
     0.060581316    13.848194937     1.000000000
     0.060933533    13.847873094     1.000000000
     0.061285750    13.847551398     1.000000000
     0.061637967    13.847229852     1.000000000
     0.061990184    13.846908458     1.000000000
     0.062342400    13.846587220     1.000000000
     0.062694617    13.846266140     1.000000000
     0.063046834    13.845945221     1.000000000
     0.063399051    13.845624465     1.000000000
     0.063751268    13.845303876     1.000000000
     0.064103485    13.844983456     1.000000000
     0.064455702    13.844663208     1.000000000
     0.064807919    13.844343135     1.000000000
     0.065160136    13.844023239     1.000000000
     0.065512353    13.843703523     1.000000000
     0.065864570    13.843383990     1.000000000
     0.066216787    13.843064643     1.000000000
     0.066569004    13.842745484     1.000000000
     0.066921221    13.842426515     1.000000000
     0.067273438    13.842107741     1.000000000
     0.067625655    13.841789163     1.000000000
     0.067977872    13.841470784     1.000000000
     0.068330089    13.841152607     1.000000000
     0.068682306    13.840834635     1.000000000
     0.069034523    13.840516869     1.000000000
     0.069386740    13.840199314     1.000000000
     0.069738956    13.839881971     1.000000000
     0.070091173    13.839564843     1.000000000
     0.070443390    13.839247933     1.000000000
     0.070795607    13.838931244     1.000000000
     0.071147824    13.838614777     1.000000000
     0.071500041    13.838298537     1.000000000
     0.071852258    13.837982525     1.000000000
     0.072204475    13.837666744     1.000000000
     0.072556692    13.837351197     1.000000000
     0.072908909    13.837035887     1.000000000
     0.073261126    13.836720815     1.000000000
     0.073613343    13.836405985     1.000000000
     0.073965560    13.836091400     1.000000000
     0.074317777    13.835777061     1.000000000
     0.074669994    13.835462972     1.000000000
     0.075022211    13.835149135     1.000000000
     0.075374428    13.834835553     1.000000000
     0.075726645    13.834522228     1.000000000
     0.076078862    13.834209164     1.000000000
     0.076431079    13.833896361     1.000000000
     0.076783296    13.833583824     1.000000000
     0.077135512    13.833271555     1.000000000
     0.077487729    13.832959556     1.000000000
     0.077839946    13.832647830     1.000000000
     0.078192163    13.832336379     1.000000000
     0.078544380    13.832025207     1.000000000
     0.078896597    13.831714315     1.000000000
     0.079248814    13.831403706     1.000000000
     0.079601031    13.831093383     1.000000000
     0.079953248    13.830783348     1.000000000
     0.080305465    13.830473605     1.000000000
     0.080657682    13.830164155     1.000000000
     0.081009899    13.829855000     1.000000000
     0.081362116    13.829546145     1.000000000
     0.081714333    13.829237590     1.000000000
     0.082066550    13.828929339     1.000000000
     0.082418767    13.828621394     1.000000000
     0.082770984    13.828313758     1.000000000
     0.083123201    13.828006433     1.000000000
     0.083475418    13.827699422     1.000000000
     0.083827635    13.827392727     1.000000000
     0.084179851    13.827086351     1.000000000
     0.084532068    13.826780297     1.000000000
     0.084532068    13.847304202     1.000000000
     0.084898811    13.847423547     1.000000000
     0.085265554    13.847543601     1.000000000
     0.085632297    13.847664357     1.000000000
     0.085999039    13.847785810     1.000000000
     0.086365782    13.847907955     1.000000000
     0.086732525    13.848030785     1.000000000
     0.087099267    13.848154295     1.000000000
     0.087466010    13.848278479     1.000000000
     0.087832753    13.848403333     1.000000000
     0.088199496    13.848528849     1.000000000
     0.088566238    13.848655022     1.000000000
     0.088932981    13.848781848     1.000000000
     0.089299724    13.848909319     1.000000000
     0.089666466    13.849037430     1.000000000
     0.090033209    13.849166176     1.000000000
     0.090399952    13.849295550     1.000000000
     0.090766695    13.849425547     1.000000000
     0.091133437    13.849556161     1.000000000
     0.091500180    13.849687387     1.000000000
     0.091866923    13.849819218     1.000000000
     0.092233665    13.849951649     1.000000000
     0.092600408    13.850084674     1.000000000
     0.092967151    13.850218286     1.000000000
     0.093333894    13.850352481     1.000000000
     0.093700636    13.850487252     1.000000000
     0.094067379    13.850622594     1.000000000
     0.094434122    13.850758500     1.000000000
     0.094800864    13.850894965     1.000000000
     0.095167607    13.851031983     1.000000000
     0.095534350    13.851169548     1.000000000
     0.095901093    13.851307654     1.000000000
     0.096267835    13.851446295     1.000000000
     0.096634578    13.851585466     1.000000000
     0.097001321    13.851725160     1.000000000
     0.097368063    13.851865371     1.000000000
     0.097734806    13.852006094     1.000000000
     0.098101549    13.852147323     1.000000000
     0.098468291    13.852289052     1.000000000
     0.098835034    13.852431274     1.000000000
     0.099201777    13.852573985     1.000000000
     0.099568520    13.852717177     1.000000000
     0.099935262    13.852860846     1.000000000
     0.100302005    13.853004985     1.000000000
     0.100668748    13.853149589     1.000000000
     0.101035490    13.853294651     1.000000000
     0.101402233    13.853440165     1.000000000
     0.101768976    13.853586126     1.000000000
     0.102135719    13.853732528     1.000000000
     0.102502461    13.853879365     1.000000000
     0.102869204    13.854026631     1.000000000
     0.103235947    13.854174321     1.000000000
     0.103602689    13.854322427     1.000000000
     0.103969432    13.854470945     1.000000000
     0.104336175    13.854619868     1.000000000
     0.104702918    13.854769191     1.000000000
     0.105069660    13.854918908     1.000000000
     0.105436403    13.855069013     1.000000000
     0.105803146    13.855219501     1.000000000
     0.106169888    13.855370364     1.000000000
     0.106536631    13.855521598     1.000000000
     0.106903374    13.855673197     1.000000000
     0.107270117    13.855825155     1.000000000
     0.107636859    13.855977466     1.000000000
     0.108003602    13.856130124     1.000000000
     0.108370345    13.856283124     1.000000000
     0.108737087    13.856436460     1.000000000
     0.109103830    13.856590126     1.000000000
     0.109470573    13.856744117     1.000000000
     0.109837316    13.856898426     1.000000000
     0.110204058    13.857053048     1.000000000
     0.110570801    13.857207977     1.000000000
     0.110937544    13.857363208     1.000000000
     0.111304286    13.857518735     1.000000000
     0.111671029    13.857674553     1.000000000
     0.112037772    13.857830655     1.000000000
     0.112404515    13.857987036     1.000000000
     0.112771257    13.858143691     1.000000000
     0.113138000    13.858300613     1.000000000
     0.113504743    13.858457798     1.000000000
     0.113871485    13.858615240     1.000000000
     0.114238228    13.858772933     1.000000000
     0.114604971    13.858930871     1.000000000
     0.114971714    13.859089050     1.000000000
     0.115338456    13.859247464     1.000000000
     0.115705199    13.859406107     1.000000000
     0.116071942    13.859564974     1.000000000
     0.116438684    13.859724059     1.000000000
     0.116805427    13.859883357     1.000000000
     0.117172170    13.860042863     1.000000000
     0.117538913    13.860202572     1.000000000
     0.117905655    13.860362477     1.000000000
     0.118272398    13.860522574     1.000000000
     0.118639141    13.860682857     1.000000000
     0.119005883    13.860843321     1.000000000
     0.119372626    13.861003962     1.000000000
     0.119739369    13.861164772     1.000000000
     0.120106111    13.861325748     1.000000000
     0.120472854    13.861486885     1.000000000
     0.120839597    13.861648176     1.000000000
     0.121206340    13.861809617     1.000000000
     0.121573082    13.861971203     1.000000000
     0.121939825    13.862132929     1.000000000
     0.122306568    13.862294789     1.000000000
     0.122673310    13.862456779     1.000000000
     0.123040053    13.862618894     1.000000000
     0.123406796    13.862781128     1.000000000
     0.123773539    13.862943477     1.000000000
     0.124140281    13.863105935     1.000000000
     0.124507024    13.863268498     1.000000000
     0.124873767    13.863431161     1.000000000
     0.125240509    13.863593919     1.000000000
     0.125607252    13.863756767     1.000000000
     0.125973995    13.863919701     1.000000000
     0.126340738    13.864082715     1.000000000
     0.126707480    13.864245805     1.000000000
     0.127074223    13.864408967     1.000000000
     0.127440966    13.864572194     1.000000000
     0.127807708    13.864735484     1.000000000
     0.128174451    13.864898831     1.000000000
     0.128541194    13.865062230     1.000000000
     0.128907937    13.865225677     1.000000000
     0.129274679    13.865389168     1.000000000
     0.129641422    13.865552697     1.000000000
     0.130008165    13.865716261     1.000000000
     0.130374907    13.865879855     1.000000000
     0.130741650    13.866043474     1.000000000
     0.131108393    13.866207115     1.000000000
     0.131475136    13.866370772     1.000000000
     0.131841878    13.866534442     1.000000000
     0.132208621    13.866698119     1.000000000
     0.132575364    13.866861801     1.000000000
     0.132942106    13.867025482     1.000000000
     0.133308849    13.867189159     1.000000000
     0.133675592    13.867352827     1.000000000
     0.134042335    13.867516482     1.000000000
     0.134409077    13.867680120     1.000000000
     0.134775820    13.867843736     1.000000000
     0.135142563    13.868007328     1.000000000
     0.135509305    13.868170890     1.000000000
     0.135876048    13.868334419     1.000000000
     0.136242791    13.868497911     1.000000000
     0.136609534    13.868661362     1.000000000
     0.136976276    13.868824768     1.000000000
     0.137343019    13.868988125     1.000000000
     0.137709762    13.869151429     1.000000000
     0.138076504    13.869314678     1.000000000
     0.138443247    13.869477865     1.000000000
     0.138809990    13.869640989     1.000000000
     0.139176733    13.869804046     1.000000000
     0.139543475    13.869967031     1.000000000
     0.139910218    13.870129941     1.000000000
     0.140276961    13.870292773     1.000000000
     0.140643703    13.870455523     1.000000000
     0.141010446    13.870618188     1.000000000
     0.141377189    13.870780763     1.000000000
     0.141743931    13.870943246     1.000000000
     0.142110674    13.871105633     1.000000000
     0.142477417    13.871267921     1.000000000
     0.142844160    13.871430107     1.000000000
     0.143210902    13.871592186     1.000000000
     0.143577645    13.871754157     1.000000000
     0.143944388    13.871916015     1.000000000
     0.144311130    13.872077757     1.000000000
     0.144677873    13.872239381     1.000000000
     0.145044616    13.872400883     1.000000000
     0.145411359    13.872562260     1.000000000
     0.145778101    13.872723509     1.000000000
     0.146144844    13.872884627     1.000000000
     0.146511587    13.873045611     1.000000000
     0.146878329    13.873206458     1.000000000
     0.147245072    13.873367165     1.000000000
     0.147611815    13.873527729     1.000000000
     0.147978558    13.873688147     1.000000000
     0.148345300    13.873848417     1.000000000
     0.148712043    13.874008536     1.000000000
     0.149078786    13.874168501     1.000000000
     0.149445528    13.874328310     1.000000000
     0.149812271    13.874487959     1.000000000
     0.150179014    13.874647446     1.000000000
     0.150545757    13.874806768     1.000000000
     0.150912499    13.874965923     1.000000000
     0.151279242    13.875124909     1.000000000
     0.151645985    13.875283722     1.000000000
     0.152012727    13.875442361     1.000000000
     0.152379470    13.875600823     1.000000000
     0.152746213    13.875759106     1.000000000
     0.153112956    13.875917207     1.000000000
     0.153479698    13.876075123     1.000000000
     0.153846441    13.876232854     1.000000000
     0.154213184    13.876390396     1.000000000
     0.154579926    13.876547747     1.000000000
     0.154946669    13.876704905     1.000000000
     0.155313412    13.876861868     1.000000000
     0.155680155    13.877018634     1.000000000
     0.156046897    13.877175201     1.000000000
     0.156413640    13.877331567     1.000000000
     0.156780383    13.877487729     1.000000000
     0.157147125    13.877643686     1.000000000
     0.157513868    13.877799436     1.000000000
     0.157880611    13.877954977     1.000000000
     0.158247354    13.878110308     1.000000000
     0.158614096    13.878265425     1.000000000
     0.158980839    13.878420329     1.000000000
     0.159347582    13.878575016     1.000000000
     0.159714324    13.878729485     1.000000000
     0.160081067    13.878883735     1.000000000
     0.160447810    13.879037763     1.000000000
     0.160814553    13.879191569     1.000000000
     0.161181295    13.879345150     1.000000000
     0.161548038    13.879498506     1.000000000
     0.161914781    13.879651634     1.000000000
     0.162281523    13.879804533     1.000000000
     0.162648266    13.879957202     1.000000000
     0.163015009    13.880109640     1.000000000
     0.163381751    13.880261844     1.000000000
     0.163748494    13.880413814     1.000000000
     0.164115237    13.880565549     1.000000000
     0.164481980    13.880717046     1.000000000
     0.164848722    13.880868306     1.000000000
     0.165215465    13.881019326     1.000000000
     0.165582208    13.881170106     1.000000000
     0.165948950    13.881320644     1.000000000
     0.166315693    13.881470939     1.000000000
     0.166682436    13.881620991     1.000000000
     0.167049179    13.881770798     1.000000000
     0.167415921    13.881920360     1.000000000
     0.167782664    13.882069674     1.000000000
     0.168149407    13.882218741     1.000000000
     0.168516149    13.882367560     1.000000000
     0.168882892    13.882516129     1.000000000
     0.169249635    13.882664449     1.000000000
     0.169616378    13.882812517     1.000000000
     0.169983120    13.882960333     1.000000000
     0.170349863    13.883107898     1.000000000
     0.170716606    13.883255209     1.000000000
     0.171083348    13.883402266     1.000000000
     0.171450091    13.883549069     1.000000000
     0.171816834    13.883695616     1.000000000
     0.172183577    13.883841909     1.000000000
     0.172550319    13.883987945     1.000000000
  
     0.000000000    14.447485517     1.000000000
     0.000352217    14.447250739     1.000000000
     0.000704434    14.447015272     1.000000000
     0.001056651    14.446779110     1.000000000
     0.001408868    14.446542248     1.000000000
     0.001761085    14.446304679     1.000000000
     0.002113302    14.446066398     1.000000000
     0.002465519    14.445827398     1.000000000
     0.002817736    14.445587673     1.000000000
     0.003169953    14.445347219     1.000000000
     0.003522170    14.445106028     1.000000000
     0.003874386    14.444864096     1.000000000
     0.004226603    14.444621416     1.000000000
     0.004578820    14.444377983     1.000000000
     0.004931037    14.444133792     1.000000000
     0.005283254    14.443888837     1.000000000
     0.005635471    14.443643113     1.000000000
     0.005987688    14.443396614     1.000000000
     0.006339905    14.443149335     1.000000000
     0.006692122    14.442901270     1.000000000
     0.007044339    14.442652415     1.000000000
     0.007396556    14.442402764     1.000000000
     0.007748773    14.442152312     1.000000000
     0.008100990    14.441901054     1.000000000
     0.008453207    14.441648985     1.000000000
     0.008805424    14.441396100     1.000000000
     0.009157641    14.441142393     1.000000000
     0.009509858    14.440887862     1.000000000
     0.009862075    14.440632499     1.000000000
     0.010214292    14.440376301     1.000000000
     0.010566509    14.440119263     1.000000000
     0.010918726    14.439861380     1.000000000
     0.011270942    14.439602647     1.000000000
     0.011623159    14.439343061     1.000000000
     0.011975376    14.439082616     1.000000000
     0.012327593    14.438821307     1.000000000
     0.012679810    14.438559132     1.000000000
     0.013032027    14.438296084     1.000000000
     0.013384244    14.438032160     1.000000000
     0.013736461    14.437767356     1.000000000
     0.014088678    14.437501667     1.000000000
     0.014440895    14.437235089     1.000000000
     0.014793112    14.436967618     1.000000000
     0.015145329    14.436699250     1.000000000
     0.015497546    14.436429981     1.000000000
     0.015849763    14.436159806     1.000000000
     0.016201980    14.435888722     1.000000000
     0.016554197    14.435616725     1.000000000
     0.016906414    14.435343811     1.000000000
     0.017258631    14.435069977     1.000000000
     0.017610848    14.434795217     1.000000000
     0.017963065    14.434519530     1.000000000
     0.018315281    14.434242911     1.000000000
     0.018667498    14.433965355     1.000000000
     0.019019715    14.433686861     1.000000000
     0.019371932    14.433407424     1.000000000
     0.019724149    14.433127041     1.000000000
     0.020076366    14.432845708     1.000000000
     0.020428583    14.432563422     1.000000000
     0.020780800    14.432280179     1.000000000
     0.021133017    14.431995977     1.000000000
     0.021485234    14.431710811     1.000000000
     0.021837451    14.431424679     1.000000000
     0.022189668    14.431137577     1.000000000
     0.022541885    14.430849503     1.000000000
     0.022894102    14.430560452     1.000000000
     0.023246319    14.430270423     1.000000000
     0.023598536    14.429979412     1.000000000
     0.023950753    14.429687415     1.000000000
     0.024302970    14.429394431     1.000000000
     0.024655187    14.429100456     1.000000000
     0.025007404    14.428805487     1.000000000
     0.025359621    14.428509521     1.000000000
     0.025711837    14.428212556     1.000000000
     0.026064054    14.427914588     1.000000000
     0.026416271    14.427615616     1.000000000
     0.026768488    14.427315636     1.000000000
     0.027120705    14.427014646     1.000000000
     0.027472922    14.426712643     1.000000000
     0.027825139    14.426409624     1.000000000
     0.028177356    14.426105588     1.000000000
     0.028529573    14.425800531     1.000000000
     0.028881790    14.425494451     1.000000000
     0.029234007    14.425187345     1.000000000
     0.029586224    14.424879212     1.000000000
     0.029938441    14.424570048     1.000000000
     0.030290658    14.424259852     1.000000000
     0.030642875    14.423948622     1.000000000
     0.030995092    14.423636354     1.000000000
     0.031347309    14.423323047     1.000000000
     0.031699526    14.423008698     1.000000000
     0.032051743    14.422693306     1.000000000
     0.032403960    14.422376868     1.000000000
     0.032756177    14.422059383     1.000000000
     0.033108393    14.421740847     1.000000000
     0.033460610    14.421421260     1.000000000
     0.033812827    14.421100619     1.000000000
     0.034165044    14.420778922     1.000000000
     0.034517261    14.420456167     1.000000000
     0.034869478    14.420132352     1.000000000
     0.035221695    14.419807476     1.000000000
     0.035573912    14.419481537     1.000000000
     0.035926129    14.419154532     1.000000000
     0.036278346    14.418826460     1.000000000
     0.036630563    14.418497320     1.000000000
     0.036982780    14.418167110     1.000000000
     0.037334997    14.417835827     1.000000000
     0.037687214    14.417503471     1.000000000
     0.038039431    14.417170039     1.000000000
     0.038391648    14.416835530     1.000000000
     0.038743865    14.416499943     1.000000000
     0.039096082    14.416163275     1.000000000
     0.039448299    14.415825526     1.000000000
     0.039800516    14.415486694     1.000000000
     0.040152733    14.415146778     1.000000000
     0.040504949    14.414805775     1.000000000
     0.040857166    14.414463685     1.000000000
     0.041209383    14.414120506     1.000000000
     0.041561600    14.413776237     1.000000000
     0.041913817    14.413430877     1.000000000
     0.042266034    14.413084424     1.000000000
     0.042618251    14.412736877     1.000000000
     0.042970468    14.412388234     1.000000000
     0.043322685    14.412038495     1.000000000
     0.043674902    14.411687658     1.000000000
     0.044027119    14.411335723     1.000000000
     0.044379336    14.410982687     1.000000000
     0.044731553    14.410628550     1.000000000
     0.045083770    14.410273310     1.000000000
     0.045435987    14.409916968     1.000000000
     0.045788204    14.409559520     1.000000000
     0.046140421    14.409200967     1.000000000
     0.046492638    14.408841308     1.000000000
     0.046844855    14.408480541     1.000000000
     0.047197072    14.408118665     1.000000000
     0.047549289    14.407755680     1.000000000
     0.047901505    14.407391585     1.000000000
     0.048253722    14.407026378     1.000000000
     0.048605939    14.406660059     1.000000000
     0.048958156    14.406292627     1.000000000
     0.049310373    14.405924081     1.000000000
     0.049662590    14.405554420     1.000000000
     0.050014807    14.405183643     1.000000000
     0.050367024    14.404811750     1.000000000
     0.050719241    14.404438740     1.000000000
     0.051071458    14.404064611     1.000000000
     0.051423675    14.403689364     1.000000000
     0.051775892    14.403312998     1.000000000
     0.052128109    14.402935512     1.000000000
     0.052480326    14.402556904     1.000000000
     0.052832543    14.402177175     1.000000000
     0.053184760    14.401796325     1.000000000
     0.053536977    14.401414351     1.000000000
     0.053889194    14.401031254     1.000000000
     0.054241411    14.400647033     1.000000000
     0.054593628    14.400261687     1.000000000
     0.054945844    14.399875217     1.000000000
     0.055298061    14.399487620     1.000000000
     0.055650278    14.399098898     1.000000000
     0.056002495    14.398709049     1.000000000
     0.056354712    14.398318073     1.000000000
     0.056706929    14.397925969     1.000000000
     0.057059146    14.397532736     1.000000000
     0.057411363    14.397138376     1.000000000
     0.057763580    14.396742886     1.000000000
     0.058115797    14.396346267     1.000000000
     0.058468014    14.395948518     1.000000000
     0.058820231    14.395549638     1.000000000
     0.059172448    14.395149628     1.000000000
     0.059524665    14.394748487     1.000000000
     0.059876882    14.394346215     1.000000000
     0.060229099    14.393942811     1.000000000
     0.060581316    14.393538275     1.000000000
     0.060933533    14.393132607     1.000000000
     0.061285750    14.392725806     1.000000000
     0.061637967    14.392317872     1.000000000
     0.061990184    14.391908805     1.000000000
     0.062342400    14.391498605     1.000000000
     0.062694617    14.391087271     1.000000000
     0.063046834    14.390674803     1.000000000
     0.063399051    14.390261201     1.000000000
     0.063751268    14.389846464     1.000000000
     0.064103485    14.389430593     1.000000000
     0.064455702    14.389013588     1.000000000
     0.064807919    14.388595447     1.000000000
     0.065160136    14.388176172     1.000000000
     0.065512353    14.387755761     1.000000000
     0.065864570    14.387334215     1.000000000
     0.066216787    14.386911534     1.000000000
     0.066569004    14.386487716     1.000000000
     0.066921221    14.386062764     1.000000000
     0.067273438    14.385636675     1.000000000
     0.067625655    14.385209451     1.000000000
     0.067977872    14.384781090     1.000000000
     0.068330089    14.384351594     1.000000000
     0.068682306    14.383920961     1.000000000
     0.069034523    14.383489193     1.000000000
     0.069386740    14.383056288     1.000000000
     0.069738956    14.382622247     1.000000000
     0.070091173    14.382187070     1.000000000
     0.070443390    14.381750757     1.000000000
     0.070795607    14.381313307     1.000000000
     0.071147824    14.380874722     1.000000000
     0.071500041    14.380435000     1.000000000
     0.071852258    14.379994142     1.000000000
     0.072204475    14.379552148     1.000000000
     0.072556692    14.379109018     1.000000000
     0.072908909    14.378664752     1.000000000
     0.073261126    14.378219350     1.000000000
     0.073613343    14.377772812     1.000000000
     0.073965560    14.377325139     1.000000000
     0.074317777    14.376876329     1.000000000
     0.074669994    14.376426385     1.000000000
     0.075022211    14.375975304     1.000000000
     0.075374428    14.375523089     1.000000000
     0.075726645    14.375069738     1.000000000
     0.076078862    14.374615252     1.000000000
     0.076431079    14.374159631     1.000000000
     0.076783296    14.373702875     1.000000000
     0.077135512    14.373244984     1.000000000
     0.077487729    14.372785959     1.000000000
     0.077839946    14.372325800     1.000000000
     0.078192163    14.371864506     1.000000000
     0.078544380    14.371402078     1.000000000
     0.078896597    14.370938517     1.000000000
     0.079248814    14.370473822     1.000000000
     0.079601031    14.370007993     1.000000000
     0.079953248    14.369541031     1.000000000
     0.080305465    14.369072937     1.000000000
     0.080657682    14.368603709     1.000000000
     0.081009899    14.368133349     1.000000000
     0.081362116    14.367661857     1.000000000
     0.081714333    14.367189232     1.000000000
     0.082066550    14.366715476     1.000000000
     0.082418767    14.366240588     1.000000000
     0.082770984    14.365764568     1.000000000
     0.083123201    14.365287418     1.000000000
     0.083475418    14.364809137     1.000000000
     0.083827635    14.364329725     1.000000000
     0.084179851    14.363849183     1.000000000
     0.084532068    14.363367511     1.000000000
     0.084532068    14.426996570     1.000000000
     0.084898811    14.426872981     1.000000000
     0.085265554    14.426749105     1.000000000
     0.085632297    14.426624955     1.000000000
     0.085999039    14.426500543     1.000000000
     0.086365782    14.426375881     1.000000000
     0.086732525    14.426250982     1.000000000
     0.087099267    14.426125858     1.000000000
     0.087466010    14.426000520     1.000000000
     0.087832753    14.425874982     1.000000000
     0.088199496    14.425749254     1.000000000
     0.088566238    14.425623348     1.000000000
     0.088932981    14.425497278     1.000000000
     0.089299724    14.425371054     1.000000000
     0.089666466    14.425244688     1.000000000
     0.090033209    14.425118192     1.000000000
     0.090399952    14.424991577     1.000000000
     0.090766695    14.424864856     1.000000000
     0.091133437    14.424738039     1.000000000
     0.091500180    14.424611138     1.000000000
     0.091866923    14.424484166     1.000000000
     0.092233665    14.424357132     1.000000000
     0.092600408    14.424230048     1.000000000
     0.092967151    14.424102926     1.000000000
     0.093333894    14.423975776     1.000000000
     0.093700636    14.423848611     1.000000000
     0.094067379    14.423721440     1.000000000
     0.094434122    14.423594275     1.000000000
     0.094800864    14.423467127     1.000000000
     0.095167607    14.423340006     1.000000000
     0.095534350    14.423212924     1.000000000
     0.095901093    14.423085891     1.000000000
     0.096267835    14.422958918     1.000000000
     0.096634578    14.422832015     1.000000000
     0.097001321    14.422705193     1.000000000
     0.097368063    14.422578462     1.000000000
     0.097734806    14.422451833     1.000000000
     0.098101549    14.422325317     1.000000000
     0.098468291    14.422198922     1.000000000
     0.098835034    14.422072661     1.000000000
     0.099201777    14.421946541     1.000000000
     0.099568520    14.421820575     1.000000000
     0.099935262    14.421694771     1.000000000
     0.100302005    14.421569140     1.000000000
     0.100668748    14.421443691     1.000000000
     0.101035490    14.421318434     1.000000000
     0.101402233    14.421193380     1.000000000
     0.101768976    14.421068536     1.000000000
     0.102135719    14.420943914     1.000000000
     0.102502461    14.420819522     1.000000000
     0.102869204    14.420695370     1.000000000
     0.103235947    14.420571468     1.000000000
     0.103602689    14.420447824     1.000000000
     0.103969432    14.420324447     1.000000000
     0.104336175    14.420201348     1.000000000
     0.104702918    14.420078534     1.000000000
     0.105069660    14.419956016     1.000000000
     0.105436403    14.419833801     1.000000000
     0.105803146    14.419711899     1.000000000
     0.106169888    14.419590318     1.000000000
     0.106536631    14.419469067     1.000000000
     0.106903374    14.419348155     1.000000000
     0.107270117    14.419227590     1.000000000
     0.107636859    14.419107381     1.000000000
     0.108003602    14.418987536     1.000000000
     0.108370345    14.418868063     1.000000000
     0.108737087    14.418748972     1.000000000
     0.109103830    14.418630269     1.000000000
     0.109470573    14.418511963     1.000000000
     0.109837316    14.418394062     1.000000000
     0.110204058    14.418276574     1.000000000
     0.110570801    14.418159507     1.000000000
     0.110937544    14.418042869     1.000000000
     0.111304286    14.417926668     1.000000000
     0.111671029    14.417810910     1.000000000
     0.112037772    14.417695605     1.000000000
     0.112404515    14.417580759     1.000000000
     0.112771257    14.417466380     1.000000000
     0.113138000    14.417352475     1.000000000
     0.113504743    14.417239051     1.000000000
     0.113871485    14.417126116     1.000000000
     0.114238228    14.417013678     1.000000000
     0.114604971    14.416901742     1.000000000
     0.114971714    14.416790317     1.000000000
     0.115338456    14.416679409     1.000000000
     0.115705199    14.416569025     1.000000000
     0.116071942    14.416459172     1.000000000
     0.116438684    14.416349857     1.000000000
     0.116805427    14.416241086     1.000000000
     0.117172170    14.416132866     1.000000000
     0.117538913    14.416025204     1.000000000
     0.117905655    14.415918106     1.000000000
     0.118272398    14.415811578     1.000000000
     0.118639141    14.415705627     1.000000000
     0.119005883    14.415600260     1.000000000
     0.119372626    14.415495482     1.000000000
     0.119739369    14.415391299     1.000000000
     0.120106111    14.415287718     1.000000000
     0.120472854    14.415184745     1.000000000
     0.120839597    14.415082385     1.000000000
     0.121206340    14.414980645     1.000000000
     0.121573082    14.414879531     1.000000000
     0.121939825    14.414779047     1.000000000
     0.122306568    14.414679200     1.000000000
     0.122673310    14.414579995     1.000000000
     0.123040053    14.414481439     1.000000000
     0.123406796    14.414383536     1.000000000
     0.123773539    14.414286291     1.000000000
     0.124140281    14.414189711     1.000000000
     0.124507024    14.414093801     1.000000000
     0.124873767    14.413998565     1.000000000
     0.125240509    14.413904009     1.000000000
     0.125607252    14.413810138     1.000000000
     0.125973995    14.413716958     1.000000000
     0.126340738    14.413624472     1.000000000
     0.126707480    14.413532686     1.000000000
     0.127074223    14.413441605     1.000000000
     0.127440966    14.413351234     1.000000000
     0.127807708    14.413261576     1.000000000
     0.128174451    14.413172638     1.000000000
     0.128541194    14.413084424     1.000000000
     0.128907937    14.412996937     1.000000000
     0.129274679    14.412910183     1.000000000
     0.129641422    14.412824166     1.000000000
     0.130008165    14.412738891     1.000000000
     0.130374907    14.412654361     1.000000000
     0.130741650    14.412570581     1.000000000
     0.131108393    14.412487555     1.000000000
     0.131475136    14.412405287     1.000000000
     0.131841878    14.412323781     1.000000000
     0.132208621    14.412243041     1.000000000
     0.132575364    14.412163072     1.000000000
     0.132942106    14.412083877     1.000000000
     0.133308849    14.412005459     1.000000000
     0.133675592    14.411927823     1.000000000
     0.134042335    14.411850972     1.000000000
     0.134409077    14.411774910     1.000000000
     0.134775820    14.411699641     1.000000000
     0.135142563    14.411625167     1.000000000
     0.135509305    14.411551494     1.000000000
     0.135876048    14.411478622     1.000000000
     0.136242791    14.411406558     1.000000000
     0.136609534    14.411335302     1.000000000
     0.136976276    14.411264860     1.000000000
     0.137343019    14.411195233     1.000000000
     0.137709762    14.411126426     1.000000000
     0.138076504    14.411058441     1.000000000
     0.138443247    14.410991280     1.000000000
     0.138809990    14.410924948     1.000000000
     0.139176733    14.410859447     1.000000000
     0.139543475    14.410794780     1.000000000
     0.139910218    14.410730950     1.000000000
     0.140276961    14.410667959     1.000000000
     0.140643703    14.410605810     1.000000000
     0.141010446    14.410544506     1.000000000
     0.141377189    14.410484049     1.000000000
     0.141743931    14.410424443     1.000000000
     0.142110674    14.410365688     1.000000000
     0.142477417    14.410307789     1.000000000
     0.142844160    14.410250746     1.000000000
     0.143210902    14.410194563     1.000000000
     0.143577645    14.410139242     1.000000000
     0.143944388    14.410084785     1.000000000
     0.144311130    14.410031194     1.000000000
     0.144677873    14.409978471     1.000000000
     0.145044616    14.409926619     1.000000000
     0.145411359    14.409875639     1.000000000
     0.145778101    14.409825533     1.000000000
     0.146144844    14.409776303     1.000000000
     0.146511587    14.409727952     1.000000000
     0.146878329    14.409680480     1.000000000
     0.147245072    14.409633891     1.000000000
     0.147611815    14.409588184     1.000000000
     0.147978558    14.409543363     1.000000000
     0.148345300    14.409499428     1.000000000
     0.148712043    14.409456382     1.000000000
     0.149078786    14.409414226     1.000000000
     0.149445528    14.409372960     1.000000000
     0.149812271    14.409332588     1.000000000
     0.150179014    14.409293110     1.000000000
     0.150545757    14.409254527     1.000000000
     0.150912499    14.409216841     1.000000000
     0.151279242    14.409180052     1.000000000
     0.151645985    14.409144163     1.000000000
     0.152012727    14.409109175     1.000000000
     0.152379470    14.409075087     1.000000000
     0.152746213    14.409041903     1.000000000
     0.153112956    14.409009622     1.000000000
     0.153479698    14.408978245     1.000000000
     0.153846441    14.408947774     1.000000000
     0.154213184    14.408918209     1.000000000
     0.154579926    14.408889551     1.000000000
     0.154946669    14.408861801     1.000000000
     0.155313412    14.408834960     1.000000000
     0.155680155    14.408809028     1.000000000
     0.156046897    14.408784006     1.000000000
     0.156413640    14.408759895     1.000000000
     0.156780383    14.408736695     1.000000000
     0.157147125    14.408714407     1.000000000
     0.157513868    14.408693032     1.000000000
     0.157880611    14.408672569     1.000000000
     0.158247354    14.408653019     1.000000000
     0.158614096    14.408634383     1.000000000
     0.158980839    14.408616660     1.000000000
     0.159347582    14.408599852     1.000000000
     0.159714324    14.408583958     1.000000000
     0.160081067    14.408568979     1.000000000
     0.160447810    14.408554915     1.000000000
     0.160814553    14.408541765     1.000000000
     0.161181295    14.408529531     1.000000000
     0.161548038    14.408518211     1.000000000
     0.161914781    14.408507807     1.000000000
     0.162281523    14.408498317     1.000000000
     0.162648266    14.408489743     1.000000000
     0.163015009    14.408482083     1.000000000
     0.163381751    14.408475338     1.000000000
     0.163748494    14.408469507     1.000000000
     0.164115237    14.408464591     1.000000000
     0.164481980    14.408460589     1.000000000
     0.164848722    14.408457500     1.000000000
     0.165215465    14.408455325     1.000000000
     0.165582208    14.408454063     1.000000000
     0.165948950    14.408453713     1.000000000
     0.166315693    14.408454276     1.000000000
     0.166682436    14.408455750     1.000000000
     0.167049179    14.408458135     1.000000000
     0.167415921    14.408461431     1.000000000
     0.167782664    14.408465637     1.000000000
     0.168149407    14.408470752     1.000000000
     0.168516149    14.408476777     1.000000000
     0.168882892    14.408483709     1.000000000
     0.169249635    14.408491548     1.000000000
     0.169616378    14.408500294     1.000000000
     0.169983120    14.408509946     1.000000000
     0.170349863    14.408520502     1.000000000
     0.170716606    14.408531963     1.000000000
     0.171083348    14.408544327     1.000000000
     0.171450091    14.408557593     1.000000000
     0.171816834    14.408571761     1.000000000
     0.172183577    14.408586828     1.000000000
     0.172550319    14.408602795     1.000000000
  
     0.000000000    14.682485214     1.000000000
     0.000352217    14.682597550     1.000000000
     0.000704434    14.682710893     1.000000000
     0.001056651    14.682825239     1.000000000
     0.001408868    14.682940587     1.000000000
     0.001761085    14.683056934     1.000000000
     0.002113302    14.683174277     1.000000000
     0.002465519    14.683292614     1.000000000
     0.002817736    14.683411941     1.000000000
     0.003169953    14.683532257     1.000000000
     0.003522170    14.683653559     1.000000000
     0.003874386    14.683775844     1.000000000
     0.004226603    14.683899110     1.000000000
     0.004578820    14.684023353     1.000000000
     0.004931037    14.684148572     1.000000000
     0.005283254    14.684274762     1.000000000
     0.005635471    14.684401923     1.000000000
     0.005987688    14.684530051     1.000000000
     0.006339905    14.684659142     1.000000000
     0.006692122    14.684789196     1.000000000
     0.007044339    14.684920208     1.000000000
     0.007396556    14.685052177     1.000000000
     0.007748773    14.685185098     1.000000000
     0.008100990    14.685318970     1.000000000
     0.008453207    14.685453790     1.000000000
     0.008805424    14.685589555     1.000000000
     0.009157641    14.685726262     1.000000000
     0.009509858    14.685863908     1.000000000
     0.009862075    14.686002491     1.000000000
     0.010214292    14.686142007     1.000000000
     0.010566509    14.686282455     1.000000000
     0.010918726    14.686423830     1.000000000
     0.011270942    14.686566130     1.000000000
     0.011623159    14.686709352     1.000000000
     0.011975376    14.686853494     1.000000000
     0.012327593    14.686998552     1.000000000
     0.012679810    14.687144523     1.000000000
     0.013032027    14.687291405     1.000000000
     0.013384244    14.687439195     1.000000000
     0.013736461    14.687587889     1.000000000
     0.014088678    14.687737484     1.000000000
     0.014440895    14.687887979     1.000000000
     0.014793112    14.688039369     1.000000000
     0.015145329    14.688191652     1.000000000
     0.015497546    14.688344825     1.000000000
     0.015849763    14.688498884     1.000000000
     0.016201980    14.688653827     1.000000000
     0.016554197    14.688809651     1.000000000
     0.016906414    14.688966352     1.000000000
     0.017258631    14.689123928     1.000000000
     0.017610848    14.689282376     1.000000000
     0.017963065    14.689441692     1.000000000
     0.018315281    14.689601873     1.000000000
     0.018667498    14.689762917     1.000000000
     0.019019715    14.689924819     1.000000000
     0.019371932    14.690087578     1.000000000
     0.019724149    14.690251190     1.000000000
     0.020076366    14.690415652     1.000000000
     0.020428583    14.690580960     1.000000000
     0.020780800    14.690747112     1.000000000
     0.021133017    14.690914105     1.000000000
     0.021485234    14.691081935     1.000000000
     0.021837451    14.691250598     1.000000000
     0.022189668    14.691420093     1.000000000
     0.022541885    14.691590416     1.000000000
     0.022894102    14.691761563     1.000000000
     0.023246319    14.691933531     1.000000000
     0.023598536    14.692106318     1.000000000
     0.023950753    14.692279919     1.000000000
     0.024302970    14.692454332     1.000000000
     0.024655187    14.692629554     1.000000000
     0.025007404    14.692805581     1.000000000
     0.025359621    14.692982410     1.000000000
     0.025711837    14.693160037     1.000000000
     0.026064054    14.693338461     1.000000000
     0.026416271    14.693517676     1.000000000
     0.026768488    14.693697680     1.000000000
     0.027120705    14.693878470     1.000000000
     0.027472922    14.694060043     1.000000000
     0.027825139    14.694242394     1.000000000
     0.028177356    14.694425522     1.000000000
     0.028529573    14.694609421     1.000000000
     0.028881790    14.694794091     1.000000000
     0.029234007    14.694979525     1.000000000
     0.029586224    14.695165723     1.000000000
     0.029938441    14.695352680     1.000000000
     0.030290658    14.695540392     1.000000000
     0.030642875    14.695728858     1.000000000
     0.030995092    14.695918072     1.000000000
     0.031347309    14.696108033     1.000000000
     0.031699526    14.696298735     1.000000000
     0.032051743    14.696490178     1.000000000
     0.032403960    14.696682356     1.000000000
     0.032756177    14.696875266     1.000000000
     0.033108393    14.697068906     1.000000000
     0.033460610    14.697263271     1.000000000
     0.033812827    14.697458359     1.000000000
     0.034165044    14.697654165     1.000000000
     0.034517261    14.697850688     1.000000000
     0.034869478    14.698047922     1.000000000
     0.035221695    14.698245866     1.000000000
     0.035573912    14.698444515     1.000000000
     0.035926129    14.698643866     1.000000000
     0.036278346    14.698843915     1.000000000
     0.036630563    14.699044660     1.000000000
     0.036982780    14.699246097     1.000000000
     0.037334997    14.699448223     1.000000000
     0.037687214    14.699651033     1.000000000
     0.038039431    14.699854525     1.000000000
     0.038391648    14.700058695     1.000000000
     0.038743865    14.700263540     1.000000000
     0.039096082    14.700469057     1.000000000
     0.039448299    14.700675242     1.000000000
     0.039800516    14.700882091     1.000000000
     0.040152733    14.701089602     1.000000000
     0.040504949    14.701297770     1.000000000
     0.040857166    14.701506593     1.000000000
     0.041209383    14.701716066     1.000000000
     0.041561600    14.701926188     1.000000000
     0.041913817    14.702136953     1.000000000
     0.042266034    14.702348359     1.000000000
     0.042618251    14.702560402     1.000000000
     0.042970468    14.702773080     1.000000000
     0.043322685    14.702986387     1.000000000
     0.043674902    14.703200322     1.000000000
     0.044027119    14.703414880     1.000000000
     0.044379336    14.703630059     1.000000000
     0.044731553    14.703845855     1.000000000
     0.045083770    14.704062263     1.000000000
     0.045435987    14.704279282     1.000000000
     0.045788204    14.704496908     1.000000000
     0.046140421    14.704715136     1.000000000
     0.046492638    14.704933964     1.000000000
     0.046844855    14.705153389     1.000000000
     0.047197072    14.705373407     1.000000000
     0.047549289    14.705594014     1.000000000
     0.047901505    14.705815207     1.000000000
     0.048253722    14.706036983     1.000000000
     0.048605939    14.706259338     1.000000000
     0.048958156    14.706482269     1.000000000
     0.049310373    14.706705773     1.000000000
     0.049662590    14.706929846     1.000000000
     0.050014807    14.707154485     1.000000000
     0.050367024    14.707379686     1.000000000
     0.050719241    14.707605446     1.000000000
     0.051071458    14.707831762     1.000000000
     0.051423675    14.708058630     1.000000000
     0.051775892    14.708286047     1.000000000
     0.052128109    14.708514009     1.000000000
     0.052480326    14.708742514     1.000000000
     0.052832543    14.708971557     1.000000000
     0.053184760    14.709201136     1.000000000
     0.053536977    14.709431247     1.000000000
     0.053889194    14.709661887     1.000000000
     0.054241411    14.709893052     1.000000000
     0.054593628    14.710124739     1.000000000
     0.054945844    14.710356945     1.000000000
     0.055298061    14.710589666     1.000000000
     0.055650278    14.710822899     1.000000000
     0.056002495    14.711056641     1.000000000
     0.056354712    14.711290888     1.000000000
     0.056706929    14.711525638     1.000000000
     0.057059146    14.711760886     1.000000000
     0.057411363    14.711996630     1.000000000
     0.057763580    14.712232866     1.000000000
     0.058115797    14.712469590     1.000000000
     0.058468014    14.712706801     1.000000000
     0.058820231    14.712944494     1.000000000
     0.059172448    14.713182665     1.000000000
     0.059524665    14.713421313     1.000000000
     0.059876882    14.713660433     1.000000000
     0.060229099    14.713900022     1.000000000
     0.060581316    14.714140078     1.000000000
     0.060933533    14.714380596     1.000000000
     0.061285750    14.714621573     1.000000000
     0.061637967    14.714863007     1.000000000
     0.061990184    14.715104894     1.000000000
     0.062342400    14.715347230     1.000000000
     0.062694617    14.715590014     1.000000000
     0.063046834    14.715833240     1.000000000
     0.063399051    14.716076907     1.000000000
     0.063751268    14.716321011     1.000000000
     0.064103485    14.716565548     1.000000000
     0.064455702    14.716810517     1.000000000
     0.064807919    14.717055912     1.000000000
     0.065160136    14.717301732     1.000000000
     0.065512353    14.717547973     1.000000000
     0.065864570    14.717794632     1.000000000
     0.066216787    14.718041706     1.000000000
     0.066569004    14.718289191     1.000000000
     0.066921221    14.718537085     1.000000000
     0.067273438    14.718785384     1.000000000
     0.067625655    14.719034086     1.000000000
     0.067977872    14.719283186     1.000000000
     0.068330089    14.719532683     1.000000000
     0.068682306    14.719782573     1.000000000
     0.069034523    14.720032852     1.000000000
     0.069386740    14.720283518     1.000000000
     0.069738956    14.720534568     1.000000000
     0.070091173    14.720785999     1.000000000
     0.070443390    14.721037807     1.000000000
     0.070795607    14.721289990     1.000000000
     0.071147824    14.721542544     1.000000000
     0.071500041    14.721795467     1.000000000
     0.071852258    14.722048755     1.000000000
     0.072204475    14.722302406     1.000000000
     0.072556692    14.722556416     1.000000000
     0.072908909    14.722810782     1.000000000
     0.073261126    14.723065502     1.000000000
     0.073613343    14.723320572     1.000000000
     0.073965560    14.723575989     1.000000000
     0.074317777    14.723831751     1.000000000
     0.074669994    14.724087855     1.000000000
     0.075022211    14.724344297     1.000000000
     0.075374428    14.724601075     1.000000000
     0.075726645    14.724858185     1.000000000
     0.076078862    14.725115625     1.000000000
     0.076431079    14.725373392     1.000000000
     0.076783296    14.725631483     1.000000000
     0.077135512    14.725889895     1.000000000
     0.077487729    14.726148625     1.000000000
     0.077839946    14.726407670     1.000000000
     0.078192163    14.726667028     1.000000000
     0.078544380    14.726926695     1.000000000
     0.078896597    14.727186669     1.000000000
     0.079248814    14.727446947     1.000000000
     0.079601031    14.727707526     1.000000000
     0.079953248    14.727968402     1.000000000
     0.080305465    14.728229575     1.000000000
     0.080657682    14.728491039     1.000000000
     0.081009899    14.728752794     1.000000000
     0.081362116    14.729014835     1.000000000
     0.081714333    14.729277161     1.000000000
     0.082066550    14.729539768     1.000000000
     0.082418767    14.729802653     1.000000000
     0.082770984    14.730065815     1.000000000
     0.083123201    14.730329249     1.000000000
     0.083475418    14.730592954     1.000000000
     0.083827635    14.730856927     1.000000000
     0.084179851    14.731121164     1.000000000
     0.084532068    14.731385664     1.000000000
     0.084532068    14.648460403     1.000000000
     0.084898811    14.648808918     1.000000000
     0.085265554    14.649159550     1.000000000
     0.085632297    14.649512284     1.000000000
     0.085999039    14.649867109     1.000000000
     0.086365782    14.650224013     1.000000000
     0.086732525    14.650582984     1.000000000
     0.087099267    14.650944008     1.000000000
     0.087466010    14.651307075     1.000000000
     0.087832753    14.651672172     1.000000000
     0.088199496    14.652039287     1.000000000
     0.088566238    14.652408408     1.000000000
     0.088932981    14.652779523     1.000000000
     0.089299724    14.653152621     1.000000000
     0.089666466    14.653527689     1.000000000
     0.090033209    14.653904715     1.000000000
     0.090399952    14.654283689     1.000000000
     0.090766695    14.654664598     1.000000000
     0.091133437    14.655047430     1.000000000
     0.091500180    14.655432174     1.000000000
     0.091866923    14.655818819     1.000000000
     0.092233665    14.656207352     1.000000000
     0.092600408    14.656597763     1.000000000
     0.092967151    14.656990040     1.000000000
     0.093333894    14.657384172     1.000000000
     0.093700636    14.657780148     1.000000000
     0.094067379    14.658177955     1.000000000
     0.094434122    14.658577584     1.000000000
     0.094800864    14.658979023     1.000000000
     0.095167607    14.659382260     1.000000000
     0.095534350    14.659787286     1.000000000
     0.095901093    14.660194088     1.000000000
     0.096267835    14.660602657     1.000000000
     0.096634578    14.661012981     1.000000000
     0.097001321    14.661425049     1.000000000
     0.097368063    14.661838851     1.000000000
     0.097734806    14.662254376     1.000000000
     0.098101549    14.662671614     1.000000000
     0.098468291    14.663090553     1.000000000
     0.098835034    14.663511185     1.000000000
     0.099201777    14.663933497     1.000000000
     0.099568520    14.664357480     1.000000000
     0.099935262    14.664783123     1.000000000
     0.100302005    14.665210416     1.000000000
     0.100668748    14.665639349     1.000000000
     0.101035490    14.666069912     1.000000000
     0.101402233    14.666502095     1.000000000
     0.101768976    14.666935887     1.000000000
     0.102135719    14.667371280     1.000000000
     0.102502461    14.667808262     1.000000000
     0.102869204    14.668246824     1.000000000
     0.103235947    14.668686956     1.000000000
     0.103602689    14.669128649     1.000000000
     0.103969432    14.669571893     1.000000000
     0.104336175    14.670016677     1.000000000
     0.104702918    14.670462994     1.000000000
     0.105069660    14.670910833     1.000000000
     0.105436403    14.671360185     1.000000000
     0.105803146    14.671811040     1.000000000
     0.106169888    14.672263389     1.000000000
     0.106536631    14.672717224     1.000000000
     0.106903374    14.673172534     1.000000000
     0.107270117    14.673629310     1.000000000
     0.107636859    14.674087544     1.000000000
     0.108003602    14.674547227     1.000000000
     0.108370345    14.675008349     1.000000000
     0.108737087    14.675470902     1.000000000
     0.109103830    14.675934876     1.000000000
     0.109470573    14.676400264     1.000000000
     0.109837316    14.676867056     1.000000000
     0.110204058    14.677335243     1.000000000
     0.110570801    14.677804818     1.000000000
     0.110937544    14.678275771     1.000000000
     0.111304286    14.678748093     1.000000000
     0.111671029    14.679221778     1.000000000
     0.112037772    14.679696815     1.000000000
     0.112404515    14.680173198     1.000000000
     0.112771257    14.680650917     1.000000000
     0.113138000    14.681129964     1.000000000
     0.113504743    14.681610331     1.000000000
     0.113871485    14.682092010     1.000000000
     0.114238228    14.682574994     1.000000000
     0.114604971    14.683059273     1.000000000
     0.114971714    14.683544840     1.000000000
     0.115338456    14.684031688     1.000000000
     0.115705199    14.684519807     1.000000000
     0.116071942    14.685009191     1.000000000
     0.116438684    14.685499832     1.000000000
     0.116805427    14.685991722     1.000000000
     0.117172170    14.686484854     1.000000000
     0.117538913    14.686979219     1.000000000
     0.117905655    14.687474810     1.000000000
     0.118272398    14.687971621     1.000000000
     0.118639141    14.688469643     1.000000000
     0.119005883    14.688968869     1.000000000
     0.119372626    14.689469291     1.000000000
     0.119739369    14.689970903     1.000000000
     0.120106111    14.690473697     1.000000000
     0.120472854    14.690977667     1.000000000
     0.120839597    14.691482804     1.000000000
     0.121206340    14.691989102     1.000000000
     0.121573082    14.692496554     1.000000000
     0.121939825    14.693005153     1.000000000
     0.122306568    14.693514891     1.000000000
     0.122673310    14.694025763     1.000000000
     0.123040053    14.694537761     1.000000000
     0.123406796    14.695050878     1.000000000
     0.123773539    14.695565108     1.000000000
     0.124140281    14.696080443     1.000000000
     0.124507024    14.696596879     1.000000000
     0.124873767    14.697114406     1.000000000
     0.125240509    14.697633020     1.000000000
     0.125607252    14.698152713     1.000000000
     0.125973995    14.698673480     1.000000000
     0.126340738    14.699195313     1.000000000
     0.126707480    14.699718207     1.000000000
     0.127074223    14.700242154     1.000000000
     0.127440966    14.700767150     1.000000000
     0.127807708    14.701293186     1.000000000
     0.128174451    14.701820258     1.000000000
     0.128541194    14.702348359     1.000000000
     0.128907937    14.702877483     1.000000000
     0.129274679    14.703407623     1.000000000
     0.129641422    14.703938775     1.000000000
     0.130008165    14.704470931     1.000000000
     0.130374907    14.705004086     1.000000000
     0.130741650    14.705538234     1.000000000
     0.131108393    14.706073369     1.000000000
     0.131475136    14.706609485     1.000000000
     0.131841878    14.707146576     1.000000000
     0.132208621    14.707684637     1.000000000
     0.132575364    14.708223662     1.000000000
     0.132942106    14.708763645     1.000000000
     0.133308849    14.709304581     1.000000000
     0.133675592    14.709846463     1.000000000
     0.134042335    14.710389287     1.000000000
     0.134409077    14.710933047     1.000000000
     0.134775820    14.711477737     1.000000000
     0.135142563    14.712023352     1.000000000
     0.135509305    14.712569887     1.000000000
     0.135876048    14.713117335     1.000000000
     0.136242791    14.713665692     1.000000000
     0.136609534    14.714214953     1.000000000
     0.136976276    14.714765111     1.000000000
     0.137343019    14.715316162     1.000000000
     0.137709762    14.715868101     1.000000000
     0.138076504    14.716420923     1.000000000
     0.138443247    14.716974622     1.000000000
     0.138809990    14.717529193     1.000000000
     0.139176733    14.718084631     1.000000000
     0.139543475    14.718640931     1.000000000
     0.139910218    14.719198088     1.000000000
     0.140276961    14.719756097     1.000000000
     0.140643703    14.720314953     1.000000000
     0.141010446    14.720874652     1.000000000
     0.141377189    14.721435188     1.000000000
     0.141743931    14.721996556     1.000000000
     0.142110674    14.722558752     1.000000000
     0.142477417    14.723121770     1.000000000
     0.142844160    14.723685607     1.000000000
     0.143210902    14.724250257     1.000000000
     0.143577645    14.724815716     1.000000000
     0.143944388    14.725381978     1.000000000
     0.144311130    14.725949040     1.000000000
     0.144677873    14.726516897     1.000000000
     0.145044616    14.727085544     1.000000000
     0.145411359    14.727654976     1.000000000
     0.145778101    14.728225190     1.000000000
     0.146144844    14.728796179     1.000000000
     0.146511587    14.729367941     1.000000000
     0.146878329    14.729940471     1.000000000
     0.147245072    14.730513764     1.000000000
     0.147611815    14.731087815     1.000000000
     0.147978558    14.731662621     1.000000000
     0.148345300    14.732238177     1.000000000
     0.148712043    14.732814479     1.000000000
     0.149078786    14.733391522     1.000000000
     0.149445528    14.733969303     1.000000000
     0.149812271    14.734547816     1.000000000
     0.150179014    14.735127059     1.000000000
     0.150545757    14.735707025     1.000000000
     0.150912499    14.736287713     1.000000000
     0.151279242    14.736869116     1.000000000
     0.151645985    14.737451232     1.000000000
     0.152012727    14.738034056     1.000000000
     0.152379470    14.738617584     1.000000000
     0.152746213    14.739201812     1.000000000
     0.153112956    14.739786736     1.000000000
     0.153479698    14.740372351     1.000000000
     0.153846441    14.740958655     1.000000000
     0.154213184    14.741545643     1.000000000
     0.154579926    14.742133311     1.000000000
     0.154946669    14.742721656     1.000000000
     0.155313412    14.743310672     1.000000000
     0.155680155    14.743900357     1.000000000
     0.156046897    14.744490707     1.000000000
     0.156413640    14.745081718     1.000000000
     0.156780383    14.745673385     1.000000000
     0.157147125    14.746265706     1.000000000
     0.157513868    14.746858676     1.000000000
     0.157880611    14.747452292     1.000000000
     0.158247354    14.748046551     1.000000000
     0.158614096    14.748641447     1.000000000
     0.158980839    14.749236978     1.000000000
     0.159347582    14.749833140     1.000000000
     0.159714324    14.750429930     1.000000000
     0.160081067    14.751027343     1.000000000
     0.160447810    14.751625377     1.000000000
     0.160814553    14.752224027     1.000000000
     0.161181295    14.752823290     1.000000000
     0.161548038    14.753423163     1.000000000
     0.161914781    14.754023642     1.000000000
     0.162281523    14.754624723     1.000000000
     0.162648266    14.755226403     1.000000000
     0.163015009    14.755828679     1.000000000
     0.163381751    14.756431547     1.000000000
     0.163748494    14.757035003     1.000000000
     0.164115237    14.757639044     1.000000000
     0.164481980    14.758243668     1.000000000
     0.164848722    14.758848870     1.000000000
     0.165215465    14.759454647     1.000000000
     0.165582208    14.760060995     1.000000000
     0.165948950    14.760667912     1.000000000
     0.166315693    14.761275394     1.000000000
     0.166682436    14.761883438     1.000000000
     0.167049179    14.762492040     1.000000000
     0.167415921    14.763101198     1.000000000
     0.167782664    14.763710907     1.000000000
     0.168149407    14.764321165     1.000000000
     0.168516149    14.764931969     1.000000000
     0.168882892    14.765543315     1.000000000
     0.169249635    14.766155200     1.000000000
     0.169616378    14.766767621     1.000000000
     0.169983120    14.767380575     1.000000000
     0.170349863    14.767994058     1.000000000
     0.170716606    14.768608068     1.000000000
     0.171083348    14.769222601     1.000000000
     0.171450091    14.769837654     1.000000000
     0.171816834    14.770453224     1.000000000
     0.172183577    14.771069309     1.000000000
     0.172550319    14.771685904     1.000000000
  
     0.000000000    15.511586814     1.000000000
     0.000352217    15.511805061     1.000000000
     0.000704434    15.512019345     1.000000000
     0.001056651    15.512229682     1.000000000
     0.001408868    15.512436089     1.000000000
     0.001761085    15.512638580     1.000000000
     0.002113302    15.512837172     1.000000000
     0.002465519    15.513031881     1.000000000
     0.002817736    15.513222722     1.000000000
     0.003169953    15.513409711     1.000000000
     0.003522170    15.513592864     1.000000000
     0.003874386    15.513772196     1.000000000
     0.004226603    15.513947723     1.000000000
     0.004578820    15.514119461     1.000000000
     0.004931037    15.514287424     1.000000000
     0.005283254    15.514451629     1.000000000
     0.005635471    15.514612092     1.000000000
     0.005987688    15.514768826     1.000000000
     0.006339905    15.514921848     1.000000000
     0.006692122    15.515071173     1.000000000
     0.007044339    15.515216817     1.000000000
     0.007396556    15.515358794     1.000000000
     0.007748773    15.515497119     1.000000000
     0.008100990    15.515631809     1.000000000
     0.008453207    15.515762877     1.000000000
     0.008805424    15.515890340     1.000000000
     0.009157641    15.516014211     1.000000000
     0.009509858    15.516134507     1.000000000
     0.009862075    15.516251241     1.000000000
     0.010214292    15.516364429     1.000000000
     0.010566509    15.516474086     1.000000000
     0.010918726    15.516580226     1.000000000
     0.011270942    15.516682865     1.000000000
     0.011623159    15.516782016     1.000000000
     0.011975376    15.516877695     1.000000000
     0.012327593    15.516969916     1.000000000
     0.012679810    15.517058694     1.000000000
     0.013032027    15.517144042     1.000000000
     0.013384244    15.517225977     1.000000000
     0.013736461    15.517304511     1.000000000
     0.014088678    15.517379660     1.000000000
     0.014440895    15.517451438     1.000000000
     0.014793112    15.517519859     1.000000000
     0.015145329    15.517584937     1.000000000
     0.015497546    15.517646687     1.000000000
     0.015849763    15.517705122     1.000000000
     0.016201980    15.517760257     1.000000000
     0.016554197    15.517812106     1.000000000
     0.016906414    15.517860682     1.000000000
     0.017258631    15.517906000     1.000000000
     0.017610848    15.517948074     1.000000000
     0.017963065    15.517986917     1.000000000
     0.018315281    15.518022543     1.000000000
     0.018667498    15.518054966     1.000000000
     0.019019715    15.518084200     1.000000000
     0.019371932    15.518110259     1.000000000
     0.019724149    15.518133155     1.000000000
     0.020076366    15.518152903     1.000000000
     0.020428583    15.518169516     1.000000000
     0.020780800    15.518183007     1.000000000
     0.021133017    15.518193390     1.000000000
     0.021485234    15.518200679     1.000000000
     0.021837451    15.518204886     1.000000000
     0.022189668    15.518206025     1.000000000
     0.022541885    15.518204109     1.000000000
     0.022894102    15.518199151     1.000000000
     0.023246319    15.518191165     1.000000000
     0.023598536    15.518180163     1.000000000
     0.023950753    15.518166159     1.000000000
     0.024302970    15.518149165     1.000000000
     0.024655187    15.518129195     1.000000000
     0.025007404    15.518106260     1.000000000
     0.025359621    15.518080376     1.000000000
     0.025711837    15.518051553     1.000000000
     0.026064054    15.518019804     1.000000000
     0.026416271    15.517985143     1.000000000
     0.026768488    15.517947582     1.000000000
     0.027120705    15.517907134     1.000000000
     0.027472922    15.517863811     1.000000000
     0.027825139    15.517817626     1.000000000
     0.028177356    15.517768590     1.000000000
     0.028529573    15.517716718     1.000000000
     0.028881790    15.517662020     1.000000000
     0.029234007    15.517604509     1.000000000
     0.029586224    15.517544198     1.000000000
     0.029938441    15.517481099     1.000000000
     0.030290658    15.517415223     1.000000000
     0.030642875    15.517346584     1.000000000
     0.030995092    15.517275193     1.000000000
     0.031347309    15.517201062     1.000000000
     0.031699526    15.517124203     1.000000000
     0.032051743    15.517044628     1.000000000
     0.032403960    15.516962349     1.000000000
     0.032756177    15.516877378     1.000000000
     0.033108393    15.516789727     1.000000000
     0.033460610    15.516699407     1.000000000
     0.033812827    15.516606430     1.000000000
     0.034165044    15.516510808     1.000000000
     0.034517261    15.516412552     1.000000000
     0.034869478    15.516311674     1.000000000
     0.035221695    15.516208186     1.000000000
     0.035573912    15.516102099     1.000000000
     0.035926129    15.515993424     1.000000000
     0.036278346    15.515882173     1.000000000
     0.036630563    15.515768358     1.000000000
     0.036982780    15.515651989     1.000000000
     0.037334997    15.515533078     1.000000000
     0.037687214    15.515411635     1.000000000
     0.038039431    15.515287673     1.000000000
     0.038391648    15.515161202     1.000000000
     0.038743865    15.515032234     1.000000000
     0.039096082    15.514900779     1.000000000
     0.039448299    15.514766849     1.000000000
     0.039800516    15.514630454     1.000000000
     0.040152733    15.514491605     1.000000000
     0.040504949    15.514350314     1.000000000
     0.040857166    15.514206590     1.000000000
     0.041209383    15.514060446     1.000000000
     0.041561600    15.513911891     1.000000000
     0.041913817    15.513760936     1.000000000
     0.042266034    15.513607592     1.000000000
     0.042618251    15.513451870     1.000000000
     0.042970468    15.513293780     1.000000000
     0.043322685    15.513133333     1.000000000
     0.043674902    15.512970539     1.000000000
     0.044027119    15.512805408     1.000000000
     0.044379336    15.512637952     1.000000000
     0.044731553    15.512468180     1.000000000
     0.045083770    15.512296103     1.000000000
     0.045435987    15.512121731     1.000000000
     0.045788204    15.511945074     1.000000000
     0.046140421    15.511766143     1.000000000
     0.046492638    15.511584947     1.000000000
     0.046844855    15.511401497     1.000000000
     0.047197072    15.511215803     1.000000000
     0.047549289    15.511027875     1.000000000
     0.047901505    15.510837723     1.000000000
     0.048253722    15.510645357     1.000000000
     0.048605939    15.510450787     1.000000000
     0.048958156    15.510254023     1.000000000
     0.049310373    15.510055074     1.000000000
     0.049662590    15.509853950     1.000000000
     0.050014807    15.509650662     1.000000000
     0.050367024    15.509445219     1.000000000
     0.050719241    15.509237631     1.000000000
     0.051071458    15.509027907     1.000000000
     0.051423675    15.508816056     1.000000000
     0.051775892    15.508602090     1.000000000
     0.052128109    15.508386016     1.000000000
     0.052480326    15.508167845     1.000000000
     0.052832543    15.507947586     1.000000000
     0.053184760    15.507725249     1.000000000
     0.053536977    15.507500843     1.000000000
     0.053889194    15.507274377     1.000000000
     0.054241411    15.507045860     1.000000000
     0.054593628    15.506815303     1.000000000
     0.054945844    15.506582713     1.000000000
     0.055298061    15.506348102     1.000000000
     0.055650278    15.506111476     1.000000000
     0.056002495    15.505872847     1.000000000
     0.056354712    15.505632222     1.000000000
     0.056706929    15.505389612     1.000000000
     0.057059146    15.505145024     1.000000000
     0.057411363    15.504898468     1.000000000
     0.057763580    15.504649954     1.000000000
     0.058115797    15.504399489     1.000000000
     0.058468014    15.504147083     1.000000000
     0.058820231    15.503892745     1.000000000
     0.059172448    15.503636483     1.000000000
     0.059524665    15.503378307     1.000000000
     0.059876882    15.503118225     1.000000000
     0.060229099    15.502856246     1.000000000
     0.060581316    15.502592378     1.000000000
     0.060933533    15.502326631     1.000000000
     0.061285750    15.502059013     1.000000000
     0.061637967    15.501789532     1.000000000
     0.061990184    15.501518197     1.000000000
     0.062342400    15.501245017     1.000000000
     0.062694617    15.500970000     1.000000000
     0.063046834    15.500693154     1.000000000
     0.063399051    15.500414489     1.000000000
     0.063751268    15.500134012     1.000000000
     0.064103485    15.499851732     1.000000000
     0.064455702    15.499567657     1.000000000
     0.064807919    15.499281796     1.000000000
     0.065160136    15.498994157     1.000000000
     0.065512353    15.498704747     1.000000000
     0.065864570    15.498413576     1.000000000
     0.066216787    15.498120652     1.000000000
     0.066569004    15.497825982     1.000000000
     0.066921221    15.497529575     1.000000000
     0.067273438    15.497231439     1.000000000
     0.067625655    15.496931582     1.000000000
     0.067977872    15.496630012     1.000000000
     0.068330089    15.496326737     1.000000000
     0.068682306    15.496021765     1.000000000
     0.069034523    15.495715104     1.000000000
     0.069386740    15.495406762     1.000000000
     0.069738956    15.495096746     1.000000000
     0.070091173    15.494785066     1.000000000
     0.070443390    15.494471728     1.000000000
     0.070795607    15.494156740     1.000000000
     0.071147824    15.493840111     1.000000000
     0.071500041    15.493521847     1.000000000
     0.071852258    15.493201957     1.000000000
     0.072204475    15.492880448     1.000000000
     0.072556692    15.492557329     1.000000000
     0.072908909    15.492232605     1.000000000
     0.073261126    15.491906287     1.000000000
     0.073613343    15.491578379     1.000000000
     0.073965560    15.491248892     1.000000000
     0.074317777    15.490917831     1.000000000
     0.074669994    15.490585205     1.000000000
     0.075022211    15.490251020     1.000000000
     0.075374428    15.489915285     1.000000000
     0.075726645    15.489578007     1.000000000
     0.076078862    15.489239193     1.000000000
     0.076431079    15.488898850     1.000000000
     0.076783296    15.488556987     1.000000000
     0.077135512    15.488213609     1.000000000
     0.077487729    15.487868725     1.000000000
     0.077839946    15.487522342     1.000000000
     0.078192163    15.487174467     1.000000000
     0.078544380    15.486825107     1.000000000
     0.078896597    15.486474270     1.000000000
     0.079248814    15.486121962     1.000000000
     0.079601031    15.485768191     1.000000000
     0.079953248    15.485412964     1.000000000
     0.080305465    15.485056287     1.000000000
     0.080657682    15.484698169     1.000000000
     0.081009899    15.484338616     1.000000000
     0.081362116    15.483977635     1.000000000
     0.081714333    15.483615233     1.000000000
     0.082066550    15.483251417     1.000000000
     0.082418767    15.482886194     1.000000000
     0.082770984    15.482519571     1.000000000
     0.083123201    15.482151555     1.000000000
     0.083475418    15.481782152     1.000000000
     0.083827635    15.481411370     1.000000000
     0.084179851    15.481039216     1.000000000
     0.084532068    15.480665695     1.000000000
     0.084532068    15.589432719     1.000000000
     0.084898811    15.588929263     1.000000000
     0.085265554    15.588422749     1.000000000
     0.085632297    15.587913198     1.000000000
     0.085999039    15.587400632     1.000000000
     0.086365782    15.586885073     1.000000000
     0.086732525    15.586366544     1.000000000
     0.087099267    15.585845067     1.000000000
     0.087466010    15.585320664     1.000000000
     0.087832753    15.584793358     1.000000000
     0.088199496    15.584263171     1.000000000
     0.088566238    15.583730126     1.000000000
     0.088932981    15.583194244     1.000000000
     0.089299724    15.582655550     1.000000000
     0.089666466    15.582114065     1.000000000
     0.090033209    15.581569812     1.000000000
     0.090399952    15.581022815     1.000000000
     0.090766695    15.580473095     1.000000000
     0.091133437    15.579920677     1.000000000
     0.091500180    15.579365582     1.000000000
     0.091866923    15.578807834     1.000000000
     0.092233665    15.578247456     1.000000000
     0.092600408    15.577684470     1.000000000
     0.092967151    15.577118901     1.000000000
     0.093333894    15.576550771     1.000000000
     0.093700636    15.575980103     1.000000000
     0.094067379    15.575406920     1.000000000
     0.094434122    15.574831247     1.000000000
     0.094800864    15.574253105     1.000000000
     0.095167607    15.573672519     1.000000000
     0.095534350    15.573089511     1.000000000
     0.095901093    15.572504106     1.000000000
     0.096267835    15.571916325     1.000000000
     0.096634578    15.571326194     1.000000000
     0.097001321    15.570733734     1.000000000
     0.097368063    15.570138971     1.000000000
     0.097734806    15.569541926     1.000000000
     0.098101549    15.568942623     1.000000000
     0.098468291    15.568341086     1.000000000
     0.098835034    15.567737339     1.000000000
     0.099201777    15.567131404     1.000000000
     0.099568520    15.566523306     1.000000000
     0.099935262    15.565913067     1.000000000
     0.100302005    15.565300711     1.000000000
     0.100668748    15.564686262     1.000000000
     0.101035490    15.564069743     1.000000000
     0.101402233    15.563451177     1.000000000
     0.101768976    15.562830588     1.000000000
     0.102135719    15.562208000     1.000000000
     0.102502461    15.561583435     1.000000000
     0.102869204    15.560956918     1.000000000
     0.103235947    15.560328472     1.000000000
     0.103602689    15.559698119     1.000000000
     0.103969432    15.559065884     1.000000000
     0.104336175    15.558431789     1.000000000
     0.104702918    15.557795859     1.000000000
     0.105069660    15.557158116     1.000000000
     0.105436403    15.556518584     1.000000000
     0.105803146    15.555877286     1.000000000
     0.106169888    15.555234244     1.000000000
     0.106536631    15.554589484     1.000000000
     0.106903374    15.553943027     1.000000000
     0.107270117    15.553294896     1.000000000
     0.107636859    15.552645116     1.000000000
     0.108003602    15.551993708     1.000000000
     0.108370345    15.551340697     1.000000000
     0.108737087    15.550686104     1.000000000
     0.109103830    15.550029953     1.000000000
     0.109470573    15.549372268     1.000000000
     0.109837316    15.548713070     1.000000000
     0.110204058    15.548052383     1.000000000
     0.110570801    15.547390229     1.000000000
     0.110937544    15.546726631     1.000000000
     0.111304286    15.546061613     1.000000000
     0.111671029    15.545395196     1.000000000
     0.112037772    15.544727403     1.000000000
     0.112404515    15.544058257     1.000000000
     0.112771257    15.543387780     1.000000000
     0.113138000    15.542715995     1.000000000
     0.113504743    15.542042924     1.000000000
     0.113871485    15.541368590     1.000000000
     0.114238228    15.540693014     1.000000000
     0.114604971    15.540016220     1.000000000
     0.114971714    15.539338229     1.000000000
     0.115338456    15.538659063     1.000000000
     0.115705199    15.537978744     1.000000000
     0.116071942    15.537297295     1.000000000
     0.116438684    15.536614737     1.000000000
     0.116805427    15.535931092     1.000000000
     0.117172170    15.535246383     1.000000000
     0.117538913    15.534560629     1.000000000
     0.117905655    15.533873855     1.000000000
     0.118272398    15.533186080     1.000000000
     0.118639141    15.532497326     1.000000000
     0.119005883    15.531807615     1.000000000
     0.119372626    15.531116969     1.000000000
     0.119739369    15.530425408     1.000000000
     0.120106111    15.529732954     1.000000000
     0.120472854    15.529039628     1.000000000
     0.120839597    15.528345451     1.000000000
     0.121206340    15.527650443     1.000000000
     0.121573082    15.526954627     1.000000000
     0.121939825    15.526258022     1.000000000
     0.122306568    15.525560650     1.000000000
     0.122673310    15.524862531     1.000000000
     0.123040053    15.524163685     1.000000000
     0.123406796    15.523464134     1.000000000
     0.123773539    15.522763898     1.000000000
     0.124140281    15.522062996     1.000000000
     0.124507024    15.521361450     1.000000000
     0.124873767    15.520659279     1.000000000
     0.125240509    15.519956504     1.000000000
     0.125607252    15.519253144     1.000000000
     0.125973995    15.518549219     1.000000000
     0.126340738    15.517844750     1.000000000
     0.126707480    15.517139756     1.000000000
     0.127074223    15.516434256     1.000000000
     0.127440966    15.515728271     1.000000000
     0.127807708    15.515021818     1.000000000
     0.128174451    15.514314919     1.000000000
     0.128541194    15.513607592     1.000000000
     0.128907937    15.512899857     1.000000000
     0.129274679    15.512191732     1.000000000
     0.129641422    15.511483236     1.000000000
     0.130008165    15.510774389     1.000000000
     0.130374907    15.510065209     1.000000000
     0.130741650    15.509355714     1.000000000
     0.131108393    15.508645924     1.000000000
     0.131475136    15.507935857     1.000000000
     0.131841878    15.507225532     1.000000000
     0.132208621    15.506514966     1.000000000
     0.132575364    15.505804177     1.000000000
     0.132942106    15.505093185     1.000000000
     0.133308849    15.504382007     1.000000000
     0.133675592    15.503670661     1.000000000
     0.134042335    15.502959164     1.000000000
     0.134409077    15.502247535     1.000000000
     0.134775820    15.501535790     1.000000000
     0.135142563    15.500823949     1.000000000
     0.135509305    15.500112027     1.000000000
     0.135876048    15.499400043     1.000000000
     0.136242791    15.498688012     1.000000000
     0.136609534    15.497975954     1.000000000
     0.136976276    15.497263884     1.000000000
     0.137343019    15.496551819     1.000000000
     0.137709762    15.495839777     1.000000000
     0.138076504    15.495127774     1.000000000
     0.138443247    15.494415826     1.000000000
     0.138809990    15.493703950     1.000000000
     0.139176733    15.492992162     1.000000000
     0.139543475    15.492280480     1.000000000
     0.139910218    15.491568917     1.000000000
     0.140276961    15.490857492     1.000000000
     0.140643703    15.490146220     1.000000000
     0.141010446    15.489435116     1.000000000
     0.141377189    15.488724196     1.000000000
     0.141743931    15.488013477     1.000000000
     0.142110674    15.487302973     1.000000000
     0.142477417    15.486592700     1.000000000
     0.142844160    15.485882674     1.000000000
     0.143210902    15.485172909     1.000000000
     0.143577645    15.484463420     1.000000000
     0.143944388    15.483754224     1.000000000
     0.144311130    15.483045334     1.000000000
     0.144677873    15.482336765     1.000000000
     0.145044616    15.481628532     1.000000000
     0.145411359    15.480920650     1.000000000
     0.145778101    15.480213134     1.000000000
     0.146144844    15.479505996     1.000000000
     0.146511587    15.478799252     1.000000000
     0.146878329    15.478092917     1.000000000
     0.147245072    15.477387003     1.000000000
     0.147611815    15.476681525     1.000000000
     0.147978558    15.475976497     1.000000000
     0.148345300    15.475271932     1.000000000
     0.148712043    15.474567845     1.000000000
     0.149078786    15.473864248     1.000000000
     0.149445528    15.473161155     1.000000000
     0.149812271    15.472458580     1.000000000
     0.150179014    15.471756535     1.000000000
     0.150545757    15.471055034     1.000000000
     0.150912499    15.470354089     1.000000000
     0.151279242    15.469653714     1.000000000
     0.151645985    15.468953922     1.000000000
     0.152012727    15.468254725     1.000000000
     0.152379470    15.467556135     1.000000000
     0.152746213    15.466858165     1.000000000
     0.153112956    15.466160828     1.000000000
     0.153479698    15.465464136     1.000000000
     0.153846441    15.464768101     1.000000000
     0.154213184    15.464072735     1.000000000
     0.154579926    15.463378049     1.000000000
     0.154946669    15.462684057     1.000000000
     0.155313412    15.461990769     1.000000000
     0.155680155    15.461298198     1.000000000
     0.156046897    15.460606354     1.000000000
     0.156413640    15.459915250     1.000000000
     0.156780383    15.459224896     1.000000000
     0.157147125    15.458535304     1.000000000
     0.157513868    15.457846485     1.000000000
     0.157880611    15.457158450     1.000000000
     0.158247354    15.456471210     1.000000000
     0.158614096    15.455784776     1.000000000
     0.158980839    15.455099159     1.000000000
     0.159347582    15.454414369     1.000000000
     0.159714324    15.453730416     1.000000000
     0.160081067    15.453047312     1.000000000
     0.160447810    15.452365067     1.000000000
     0.160814553    15.451683690     1.000000000
     0.161181295    15.451003192     1.000000000
     0.161548038    15.450323584     1.000000000
     0.161914781    15.449644874     1.000000000
     0.162281523    15.448967074     1.000000000
     0.162648266    15.448290192     1.000000000
     0.163015009    15.447614238     1.000000000
     0.163381751    15.446939222     1.000000000
     0.163748494    15.446265154     1.000000000
     0.164115237    15.445592042     1.000000000
     0.164481980    15.444919897     1.000000000
     0.164848722    15.444248726     1.000000000
     0.165215465    15.443578540     1.000000000
     0.165582208    15.442909348     1.000000000
     0.165948950    15.442241157     1.000000000
     0.166315693    15.441573978     1.000000000
     0.166682436    15.440907818     1.000000000
     0.167049179    15.440242687     1.000000000
     0.167415921    15.439578593     1.000000000
     0.167782664    15.438915544     1.000000000
     0.168149407    15.438253550     1.000000000
     0.168516149    15.437592617     1.000000000
     0.168882892    15.436932754     1.000000000
     0.169249635    15.436273970     1.000000000
     0.169616378    15.435616272     1.000000000
     0.169983120    15.434959669     1.000000000
     0.170349863    15.434304167     1.000000000
     0.170716606    15.433649776     1.000000000
     0.171083348    15.432996501     1.000000000
     0.171450091    15.432344352     1.000000000
     0.171816834    15.431693336     1.000000000
     0.172183577    15.431043459     1.000000000
     0.172550319    15.430394729     1.000000000
  
     0.000000000    16.460687693     1.000000000
     0.000352217    16.460177544     1.000000000
     0.000704434    16.459665693     1.000000000
     0.001056651    16.459152141     1.000000000
     0.001408868    16.458636887     1.000000000
     0.001761085    16.458119933     1.000000000
     0.002113302    16.457601278     1.000000000
     0.002465519    16.457080922     1.000000000
     0.002817736    16.456558867     1.000000000
     0.003169953    16.456035113     1.000000000
     0.003522170    16.455509660     1.000000000
     0.003874386    16.454982508     1.000000000
     0.004226603    16.454453658     1.000000000
     0.004578820    16.453923111     1.000000000
     0.004931037    16.453390866     1.000000000
     0.005283254    16.452856925     1.000000000
     0.005635471    16.452321288     1.000000000
     0.005987688    16.451783954     1.000000000
     0.006339905    16.451244926     1.000000000
     0.006692122    16.450704202     1.000000000
     0.007044339    16.450161784     1.000000000
     0.007396556    16.449617673     1.000000000
     0.007748773    16.449071868     1.000000000
     0.008100990    16.448524370     1.000000000
     0.008453207    16.447975179     1.000000000
     0.008805424    16.447424297     1.000000000
     0.009157641    16.446871724     1.000000000
     0.009509858    16.446317459     1.000000000
     0.009862075    16.445761505     1.000000000
     0.010214292    16.445203861     1.000000000
     0.010566509    16.444644527     1.000000000
     0.010918726    16.444083505     1.000000000
     0.011270942    16.443520795     1.000000000
     0.011623159    16.442956397     1.000000000
     0.011975376    16.442390312     1.000000000
     0.012327593    16.441822541     1.000000000
     0.012679810    16.441253084     1.000000000
     0.013032027    16.440681942     1.000000000
     0.013384244    16.440109115     1.000000000
     0.013736461    16.439534604     1.000000000
     0.014088678    16.438958410     1.000000000
     0.014440895    16.438380533     1.000000000
     0.014793112    16.437800973     1.000000000
     0.015145329    16.437219732     1.000000000
     0.015497546    16.436636809     1.000000000
     0.015849763    16.436052206     1.000000000
     0.016201980    16.435465923     1.000000000
     0.016554197    16.434877961     1.000000000
     0.016906414    16.434288321     1.000000000
     0.017258631    16.433697002     1.000000000
     0.017610848    16.433104006     1.000000000
     0.017963065    16.432509333     1.000000000
     0.018315281    16.431912984     1.000000000
     0.018667498    16.431314960     1.000000000
     0.019019715    16.430715261     1.000000000
     0.019371932    16.430113888     1.000000000
     0.019724149    16.429510841     1.000000000
     0.020076366    16.428906121     1.000000000
     0.020428583    16.428299729     1.000000000
     0.020780800    16.427691666     1.000000000
     0.021133017    16.427081931     1.000000000
     0.021485234    16.426470527     1.000000000
     0.021837451    16.425857453     1.000000000
     0.022189668    16.425242710     1.000000000
     0.022541885    16.424626299     1.000000000
     0.022894102    16.424008220     1.000000000
     0.023246319    16.423388474     1.000000000
     0.023598536    16.422767063     1.000000000
     0.023950753    16.422143985     1.000000000
     0.024302970    16.421519243     1.000000000
     0.024655187    16.420892837     1.000000000
     0.025007404    16.420264768     1.000000000
     0.025359621    16.419635036     1.000000000
     0.025711837    16.419003641     1.000000000
     0.026064054    16.418370586     1.000000000
     0.026416271    16.417735870     1.000000000
     0.026768488    16.417099494     1.000000000
     0.027120705    16.416461458     1.000000000
     0.027472922    16.415821764     1.000000000
     0.027825139    16.415180413     1.000000000
     0.028177356    16.414537404     1.000000000
     0.028529573    16.413892739     1.000000000
     0.028881790    16.413246418     1.000000000
     0.029234007    16.412598442     1.000000000
     0.029586224    16.411948813     1.000000000
     0.029938441    16.411297529     1.000000000
     0.030290658    16.410644593     1.000000000
     0.030642875    16.409990004     1.000000000
     0.030995092    16.409333765     1.000000000
     0.031347309    16.408675874     1.000000000
     0.031699526    16.408016334     1.000000000
     0.032051743    16.407355145     1.000000000
     0.032403960    16.406692307     1.000000000
     0.032756177    16.406027821     1.000000000
     0.033108393    16.405361689     1.000000000
     0.033460610    16.404693910     1.000000000
     0.033812827    16.404024486     1.000000000
     0.034165044    16.403353416     1.000000000
     0.034517261    16.402680703     1.000000000
     0.034869478    16.402006347     1.000000000
     0.035221695    16.401330348     1.000000000
     0.035573912    16.400652707     1.000000000
     0.035926129    16.399973425     1.000000000
     0.036278346    16.399292502     1.000000000
     0.036630563    16.398609940     1.000000000
     0.036982780    16.397925739     1.000000000
     0.037334997    16.397239900     1.000000000
     0.037687214    16.396552424     1.000000000
     0.038039431    16.395863311     1.000000000
     0.038391648    16.395172562     1.000000000
     0.038743865    16.394480178     1.000000000
     0.039096082    16.393786159     1.000000000
     0.039448299    16.393090507     1.000000000
     0.039800516    16.392393222     1.000000000
     0.040152733    16.391694304     1.000000000
     0.040504949    16.390993755     1.000000000
     0.040857166    16.390291576     1.000000000
     0.041209383    16.389587766     1.000000000
     0.041561600    16.388882328     1.000000000
     0.041913817    16.388175261     1.000000000
     0.042266034    16.387466566     1.000000000
     0.042618251    16.386756244     1.000000000
     0.042970468    16.386044296     1.000000000
     0.043322685    16.385330723     1.000000000
     0.043674902    16.384615525     1.000000000
     0.044027119    16.383898703     1.000000000
     0.044379336    16.383180257     1.000000000
     0.044731553    16.382460190     1.000000000
     0.045083770    16.381738500     1.000000000
     0.045435987    16.381015190     1.000000000
     0.045788204    16.380290259     1.000000000
     0.046140421    16.379563709     1.000000000
     0.046492638    16.378835541     1.000000000
     0.046844855    16.378105754     1.000000000
     0.047197072    16.377374350     1.000000000
     0.047549289    16.376641330     1.000000000
     0.047901505    16.375906694     1.000000000
     0.048253722    16.375170443     1.000000000
     0.048605939    16.374432577     1.000000000
     0.048958156    16.373693099     1.000000000
     0.049310373    16.372952007     1.000000000
     0.049662590    16.372209304     1.000000000
     0.050014807    16.371464990     1.000000000
     0.050367024    16.370719065     1.000000000
     0.050719241    16.369971530     1.000000000
     0.051071458    16.369222386     1.000000000
     0.051423675    16.368471635     1.000000000
     0.051775892    16.367719275     1.000000000
     0.052128109    16.366965309     1.000000000
     0.052480326    16.366209737     1.000000000
     0.052832543    16.365452560     1.000000000
     0.053184760    16.364693778     1.000000000
     0.053536977    16.363933393     1.000000000
     0.053889194    16.363171404     1.000000000
     0.054241411    16.362407813     1.000000000
     0.054593628    16.361642621     1.000000000
     0.054945844    16.360875828     1.000000000
     0.055298061    16.360107435     1.000000000
     0.055650278    16.359337443     1.000000000
     0.056002495    16.358565852     1.000000000
     0.056354712    16.357792663     1.000000000
     0.056706929    16.357017878     1.000000000
     0.057059146    16.356241496     1.000000000
     0.057411363    16.355463518     1.000000000
     0.057763580    16.354683946     1.000000000
     0.058115797    16.353902779     1.000000000
     0.058468014    16.353120019     1.000000000
     0.058820231    16.352335667     1.000000000
     0.059172448    16.351549723     1.000000000
     0.059524665    16.350762187     1.000000000
     0.059876882    16.349973061     1.000000000
     0.060229099    16.349182346     1.000000000
     0.060581316    16.348390041     1.000000000
     0.060933533    16.347596148     1.000000000
     0.061285750    16.346800668     1.000000000
     0.061637967    16.346003601     1.000000000
     0.061990184    16.345204948     1.000000000
     0.062342400    16.344404710     1.000000000
     0.062694617    16.343602887     1.000000000
     0.063046834    16.342799480     1.000000000
     0.063399051    16.341994491     1.000000000
     0.063751268    16.341187919     1.000000000
     0.064103485    16.340379765     1.000000000
     0.064455702    16.339570030     1.000000000
     0.064807919    16.338758715     1.000000000
     0.065160136    16.337945821     1.000000000
     0.065512353    16.337131348     1.000000000
     0.065864570    16.336315297     1.000000000
     0.066216787    16.335497669     1.000000000
     0.066569004    16.334678464     1.000000000
     0.066921221    16.333857683     1.000000000
     0.067273438    16.333035327     1.000000000
     0.067625655    16.332211397     1.000000000
     0.067977872    16.331385893     1.000000000
     0.068330089    16.330558816     1.000000000
     0.068682306    16.329730166     1.000000000
     0.069034523    16.328899946     1.000000000
     0.069386740    16.328068154     1.000000000
     0.069738956    16.327234792     1.000000000
     0.070091173    16.326399861     1.000000000
     0.070443390    16.325563361     1.000000000
     0.070795607    16.324725294     1.000000000
     0.071147824    16.323885658     1.000000000
     0.071500041    16.323044457     1.000000000
     0.071852258    16.322201689     1.000000000
     0.072204475    16.321357357     1.000000000
     0.072556692    16.320511460     1.000000000
     0.072908909    16.319663999     1.000000000
     0.073261126    16.318814975     1.000000000
     0.073613343    16.317964389     1.000000000
     0.073965560    16.317112241     1.000000000
     0.074317777    16.316258532     1.000000000
     0.074669994    16.315403264     1.000000000
     0.075022211    16.314546435     1.000000000
     0.075374428    16.313688048     1.000000000
     0.075726645    16.312828103     1.000000000
     0.076078862    16.311966600     1.000000000
     0.076431079    16.311103540     1.000000000
     0.076783296    16.310238925     1.000000000
     0.077135512    16.309372754     1.000000000
     0.077487729    16.308505029     1.000000000
     0.077839946    16.307635749     1.000000000
     0.078192163    16.306764917     1.000000000
     0.078544380    16.305892532     1.000000000
     0.078896597    16.305018595     1.000000000
     0.079248814    16.304143106     1.000000000
     0.079601031    16.303266068     1.000000000
     0.079953248    16.302387479     1.000000000
     0.080305465    16.301507342     1.000000000
     0.080657682    16.300625656     1.000000000
     0.081009899    16.299742422     1.000000000
     0.081362116    16.298857641     1.000000000
     0.081714333    16.297971314     1.000000000
     0.082066550    16.297083441     1.000000000
     0.082418767    16.296194023     1.000000000
     0.082770984    16.295303061     1.000000000
     0.083123201    16.294410555     1.000000000
     0.083475418    16.293516506     1.000000000
     0.083827635    16.292620915     1.000000000
     0.084179851    16.291723783     1.000000000
     0.084532068    16.290825109     1.000000000
     0.084532068    16.403733510     1.000000000
     0.084898811    16.403608669     1.000000000
     0.085265554    16.403483321     1.000000000
     0.085632297    16.403357476     1.000000000
     0.085999039    16.403231142     1.000000000
     0.086365782    16.403104330     1.000000000
     0.086732525    16.402977048     1.000000000
     0.087099267    16.402849307     1.000000000
     0.087466010    16.402721115     1.000000000
     0.087832753    16.402592481     1.000000000
     0.088199496    16.402463415     1.000000000
     0.088566238    16.402333927     1.000000000
     0.088932981    16.402204025     1.000000000
     0.089299724    16.402073718     1.000000000
     0.089666466    16.401943017     1.000000000
     0.090033209    16.401811929     1.000000000
     0.090399952    16.401680464     1.000000000
     0.090766695    16.401548631     1.000000000
     0.091133437    16.401416439     1.000000000
     0.091500180    16.401283897     1.000000000
     0.091866923    16.401151015     1.000000000
     0.092233665    16.401017800     1.000000000
     0.092600408    16.400884263     1.000000000
     0.092967151    16.400750411     1.000000000
     0.093333894    16.400616254     1.000000000
     0.093700636    16.400481800     1.000000000
     0.094067379    16.400347058     1.000000000
     0.094434122    16.400212037     1.000000000
     0.094800864    16.400076746     1.000000000
     0.095167607    16.399941193     1.000000000
     0.095534350    16.399805387     1.000000000
     0.095901093    16.399669336     1.000000000
     0.096267835    16.399533048     1.000000000
     0.096634578    16.399396533     1.000000000
     0.097001321    16.399259798     1.000000000
     0.097368063    16.399122853     1.000000000
     0.097734806    16.398985704     1.000000000
     0.098101549    16.398848361     1.000000000
     0.098468291    16.398710832     1.000000000
     0.098835034    16.398573124     1.000000000
     0.099201777    16.398435246     1.000000000
     0.099568520    16.398297207     1.000000000
     0.099935262    16.398159013     1.000000000
     0.100302005    16.398020673     1.000000000
     0.100668748    16.397882195     1.000000000
     0.101035490    16.397743587     1.000000000
     0.101402233    16.397604856     1.000000000
     0.101768976    16.397466011     1.000000000
     0.102135719    16.397327058     1.000000000
     0.102502461    16.397188006     1.000000000
     0.102869204    16.397048861     1.000000000
     0.103235947    16.396909632     1.000000000
     0.103602689    16.396770327     1.000000000
     0.103969432    16.396630951     1.000000000
     0.104336175    16.396491514     1.000000000
     0.104702918    16.396352021     1.000000000
     0.105069660    16.396212480     1.000000000
     0.105436403    16.396072899     1.000000000
     0.105803146    16.395933285     1.000000000
     0.106169888    16.395793644     1.000000000
     0.106536631    16.395653983     1.000000000
     0.106903374    16.395514310     1.000000000
     0.107270117    16.395374631     1.000000000
     0.107636859    16.395234954     1.000000000
     0.108003602    16.395095284     1.000000000
     0.108370345    16.394955629     1.000000000
     0.108737087    16.394815995     1.000000000
     0.109103830    16.394676389     1.000000000
     0.109470573    16.394536817     1.000000000
     0.109837316    16.394397285     1.000000000
     0.110204058    16.394257801     1.000000000
     0.110570801    16.394118370     1.000000000
     0.110937544    16.393978999     1.000000000
     0.111304286    16.393839693     1.000000000
     0.111671029    16.393700460     1.000000000
     0.112037772    16.393561305     1.000000000
     0.112404515    16.393422233     1.000000000
     0.112771257    16.393283252     1.000000000
     0.113138000    16.393144367     1.000000000
     0.113504743    16.393005583     1.000000000
     0.113871485    16.392866907     1.000000000
     0.114238228    16.392728344     1.000000000
     0.114604971    16.392589899     1.000000000
     0.114971714    16.392451580     1.000000000
     0.115338456    16.392313390     1.000000000
     0.115705199    16.392175335     1.000000000
     0.116071942    16.392037421     1.000000000
     0.116438684    16.391899653     1.000000000
     0.116805427    16.391762037     1.000000000
     0.117172170    16.391624577     1.000000000
     0.117538913    16.391487279     1.000000000
     0.117905655    16.391350148     1.000000000
     0.118272398    16.391213188     1.000000000
     0.118639141    16.391076405     1.000000000
     0.119005883    16.390939804     1.000000000
     0.119372626    16.390803389     1.000000000
     0.119739369    16.390667166     1.000000000
     0.120106111    16.390531139     1.000000000
     0.120472854    16.390395312     1.000000000
     0.120839597    16.390259690     1.000000000
     0.121206340    16.390124279     1.000000000
     0.121573082    16.389989081     1.000000000
     0.121939825    16.389854102     1.000000000
     0.122306568    16.389719347     1.000000000
     0.122673310    16.389584818     1.000000000
     0.123040053    16.389450522     1.000000000
     0.123406796    16.389316460     1.000000000
     0.123773539    16.389182639     1.000000000
     0.124140281    16.389049062     1.000000000
     0.124507024    16.388915733     1.000000000
     0.124873767    16.388782656     1.000000000
     0.125240509    16.388649834     1.000000000
     0.125607252    16.388517272     1.000000000
     0.125973995    16.388384974     1.000000000
     0.126340738    16.388252942     1.000000000
     0.126707480    16.388121182     1.000000000
     0.127074223    16.387989696     1.000000000
     0.127440966    16.387858488     1.000000000
     0.127807708    16.387727561     1.000000000
     0.128174451    16.387596919     1.000000000
     0.128541194    16.387466566     1.000000000
     0.128907937    16.387336504     1.000000000
     0.129274679    16.387206737     1.000000000
     0.129641422    16.387077268     1.000000000
     0.130008165    16.386948101     1.000000000
     0.130374907    16.386819238     1.000000000
     0.130741650    16.386690682     1.000000000
     0.131108393    16.386562437     1.000000000
     0.131475136    16.386434506     1.000000000
     0.131841878    16.386306890     1.000000000
     0.132208621    16.386179594     1.000000000
     0.132575364    16.386052621     1.000000000
     0.132942106    16.385925971     1.000000000
     0.133308849    16.385799650     1.000000000
     0.133675592    16.385673658     1.000000000
     0.134042335    16.385548000     1.000000000
     0.134409077    16.385422676     1.000000000
     0.134775820    16.385297691     1.000000000
     0.135142563    16.385173046     1.000000000
     0.135509305    16.385048743     1.000000000
     0.135876048    16.384924786     1.000000000
     0.136242791    16.384801176     1.000000000
     0.136609534    16.384677915     1.000000000
     0.136976276    16.384555007     1.000000000
     0.137343019    16.384432452     1.000000000
     0.137709762    16.384310254     1.000000000
     0.138076504    16.384188414     1.000000000
     0.138443247    16.384066934     1.000000000
     0.138809990    16.383945817     1.000000000
     0.139176733    16.383825063     1.000000000
     0.139543475    16.383704676     1.000000000
     0.139910218    16.383584657     1.000000000
     0.140276961    16.383465008     1.000000000
     0.140643703    16.383345730     1.000000000
     0.141010446    16.383226826     1.000000000
     0.141377189    16.383108297     1.000000000
     0.141743931    16.382990144     1.000000000
     0.142110674    16.382872370     1.000000000
     0.142477417    16.382754975     1.000000000
     0.142844160    16.382637962     1.000000000
     0.143210902    16.382521332     1.000000000
     0.143577645    16.382405086     1.000000000
     0.143944388    16.382289226     1.000000000
     0.144311130    16.382173752     1.000000000
     0.144677873    16.382058667     1.000000000
     0.145044616    16.381943972     1.000000000
     0.145411359    16.381829668     1.000000000
     0.145778101    16.381715756     1.000000000
     0.146144844    16.381602237     1.000000000
     0.146511587    16.381489113     1.000000000
     0.146878329    16.381376384     1.000000000
     0.147245072    16.381264052     1.000000000
     0.147611815    16.381152118     1.000000000
     0.147978558    16.381040582     1.000000000
     0.148345300    16.380929446     1.000000000
     0.148712043    16.380818710     1.000000000
     0.149078786    16.380708376     1.000000000
     0.149445528    16.380598444     1.000000000
     0.149812271    16.380488915     1.000000000
     0.150179014    16.380379790     1.000000000
     0.150545757    16.380271069     1.000000000
     0.150912499    16.380162754     1.000000000
     0.151279242    16.380054846     1.000000000
     0.151645985    16.379947343     1.000000000
     0.152012727    16.379840249     1.000000000
     0.152379470    16.379733562     1.000000000
     0.152746213    16.379627284     1.000000000
     0.153112956    16.379521414     1.000000000
     0.153479698    16.379415955     1.000000000
     0.153846441    16.379310905     1.000000000
     0.154213184    16.379206266     1.000000000
     0.154579926    16.379102038     1.000000000
     0.154946669    16.378998221     1.000000000
     0.155313412    16.378894815     1.000000000
     0.155680155    16.378791822     1.000000000
     0.156046897    16.378689241     1.000000000
     0.156413640    16.378587073     1.000000000
     0.156780383    16.378485317     1.000000000
     0.157147125    16.378383975     1.000000000
     0.157513868    16.378283046     1.000000000
     0.157880611    16.378182530     1.000000000
     0.158247354    16.378082428     1.000000000
     0.158614096    16.377982739     1.000000000
     0.158980839    16.377883465     1.000000000
     0.159347582    16.377784604     1.000000000
     0.159714324    16.377686157     1.000000000
     0.160081067    16.377588124     1.000000000
     0.160447810    16.377490505     1.000000000
     0.160814553    16.377393300     1.000000000
     0.161181295    16.377296509     1.000000000
     0.161548038    16.377200131     1.000000000
     0.161914781    16.377104168     1.000000000
     0.162281523    16.377008618     1.000000000
     0.162648266    16.376913481     1.000000000
     0.163015009    16.376818758     1.000000000
     0.163381751    16.376724448     1.000000000
     0.163748494    16.376630551     1.000000000
     0.164115237    16.376537066     1.000000000
     0.164481980    16.376443994     1.000000000
     0.164848722    16.376351335     1.000000000
     0.165215465    16.376259087     1.000000000
     0.165582208    16.376167250     1.000000000
     0.165948950    16.376075826     1.000000000
     0.166315693    16.375984812     1.000000000
     0.166682436    16.375894208     1.000000000
     0.167049179    16.375804015     1.000000000
     0.167415921    16.375714232     1.000000000
     0.167782664    16.375624858     1.000000000
     0.168149407    16.375535893     1.000000000
     0.168516149    16.375447337     1.000000000
     0.168882892    16.375359189     1.000000000
     0.169249635    16.375271448     1.000000000
     0.169616378    16.375184114     1.000000000
     0.169983120    16.375097187     1.000000000
     0.170349863    16.375010667     1.000000000
     0.170716606    16.374924551     1.000000000
     0.171083348    16.374838841     1.000000000
     0.171450091    16.374753534     1.000000000
     0.171816834    16.374668632     1.000000000
     0.172183577    16.374584133     1.000000000
     0.172550319    16.374500036     1.000000000
  
     0.000000000    17.501634114     1.000000000
     0.000352217    17.501706692     1.000000000
     0.000704434    17.501779407     1.000000000
     0.001056651    17.501852258     1.000000000
     0.001408868    17.501925245     1.000000000
     0.001761085    17.501998368     1.000000000
     0.002113302    17.502071626     1.000000000
     0.002465519    17.502145019     1.000000000
     0.002817736    17.502218546     1.000000000
     0.003169953    17.502292208     1.000000000
     0.003522170    17.502366003     1.000000000
     0.003874386    17.502439933     1.000000000
     0.004226603    17.502513996     1.000000000
     0.004578820    17.502588192     1.000000000
     0.004931037    17.502662520     1.000000000
     0.005283254    17.502736982     1.000000000
     0.005635471    17.502811575     1.000000000
     0.005987688    17.502886301     1.000000000
     0.006339905    17.502961158     1.000000000
     0.006692122    17.503036146     1.000000000
     0.007044339    17.503111265     1.000000000
     0.007396556    17.503186515     1.000000000
     0.007748773    17.503261895     1.000000000
     0.008100990    17.503337406     1.000000000
     0.008453207    17.503413046     1.000000000
     0.008805424    17.503488816     1.000000000
     0.009157641    17.503564714     1.000000000
     0.009509858    17.503640742     1.000000000
     0.009862075    17.503716899     1.000000000
     0.010214292    17.503793183     1.000000000
     0.010566509    17.503869596     1.000000000
     0.010918726    17.503946136     1.000000000
     0.011270942    17.504022804     1.000000000
     0.011623159    17.504099599     1.000000000
     0.011975376    17.504176521     1.000000000
     0.012327593    17.504253569     1.000000000
     0.012679810    17.504330744     1.000000000
     0.013032027    17.504408044     1.000000000
     0.013384244    17.504485470     1.000000000
     0.013736461    17.504563021     1.000000000
     0.014088678    17.504640698     1.000000000
     0.014440895    17.504718499     1.000000000
     0.014793112    17.504796425     1.000000000
     0.015145329    17.504874475     1.000000000
     0.015497546    17.504952648     1.000000000
     0.015849763    17.505030946     1.000000000
     0.016201980    17.505109367     1.000000000
     0.016554197    17.505187910     1.000000000
     0.016906414    17.505266577     1.000000000
     0.017258631    17.505345366     1.000000000
     0.017610848    17.505424277     1.000000000
     0.017963065    17.505503310     1.000000000
     0.018315281    17.505582464     1.000000000
     0.018667498    17.505661740     1.000000000
     0.019019715    17.505741137     1.000000000
     0.019371932    17.505820654     1.000000000
     0.019724149    17.505900292     1.000000000
     0.020076366    17.505980051     1.000000000
     0.020428583    17.506059929     1.000000000
     0.020780800    17.506139926     1.000000000
     0.021133017    17.506220043     1.000000000
     0.021485234    17.506300279     1.000000000
     0.021837451    17.506380634     1.000000000
     0.022189668    17.506461108     1.000000000
     0.022541885    17.506541699     1.000000000
     0.022894102    17.506622408     1.000000000
     0.023246319    17.506703235     1.000000000
     0.023598536    17.506784180     1.000000000
     0.023950753    17.506865241     1.000000000
     0.024302970    17.506946419     1.000000000
     0.024655187    17.507027714     1.000000000
     0.025007404    17.507109125     1.000000000
     0.025359621    17.507190652     1.000000000
     0.025711837    17.507272295     1.000000000
     0.026064054    17.507354053     1.000000000
     0.026416271    17.507435926     1.000000000
     0.026768488    17.507517915     1.000000000
     0.027120705    17.507600017     1.000000000
     0.027472922    17.507682234     1.000000000
     0.027825139    17.507764566     1.000000000
     0.028177356    17.507847011     1.000000000
     0.028529573    17.507929569     1.000000000
     0.028881790    17.508012241     1.000000000
     0.029234007    17.508095026     1.000000000
     0.029586224    17.508177923     1.000000000
     0.029938441    17.508260933     1.000000000
     0.030290658    17.508344055     1.000000000
     0.030642875    17.508427289     1.000000000
     0.030995092    17.508510635     1.000000000
     0.031347309    17.508594092     1.000000000
     0.031699526    17.508677660     1.000000000
     0.032051743    17.508761339     1.000000000
     0.032403960    17.508845129     1.000000000
     0.032756177    17.508929029     1.000000000
     0.033108393    17.509013039     1.000000000
     0.033460610    17.509097159     1.000000000
     0.033812827    17.509181389     1.000000000
     0.034165044    17.509265728     1.000000000
     0.034517261    17.509350175     1.000000000
     0.034869478    17.509434732     1.000000000
     0.035221695    17.509519397     1.000000000
     0.035573912    17.509604171     1.000000000
     0.035926129    17.509689052     1.000000000
     0.036278346    17.509774041     1.000000000
     0.036630563    17.509859138     1.000000000
     0.036982780    17.509944342     1.000000000
     0.037334997    17.510029653     1.000000000
     0.037687214    17.510115070     1.000000000
     0.038039431    17.510200594     1.000000000
     0.038391648    17.510286225     1.000000000
     0.038743865    17.510371961     1.000000000
     0.039096082    17.510457803     1.000000000
     0.039448299    17.510543751     1.000000000
     0.039800516    17.510629803     1.000000000
     0.040152733    17.510715961     1.000000000
     0.040504949    17.510802224     1.000000000
     0.040857166    17.510888591     1.000000000
     0.041209383    17.510975062     1.000000000
     0.041561600    17.511061637     1.000000000
     0.041913817    17.511148316     1.000000000
     0.042266034    17.511235099     1.000000000
     0.042618251    17.511321984     1.000000000
     0.042970468    17.511408973     1.000000000
     0.043322685    17.511496065     1.000000000
     0.043674902    17.511583259     1.000000000
     0.044027119    17.511670555     1.000000000
     0.044379336    17.511757954     1.000000000
     0.044731553    17.511845454     1.000000000
     0.045083770    17.511933056     1.000000000
     0.045435987    17.512020759     1.000000000
     0.045788204    17.512108564     1.000000000
     0.046140421    17.512196469     1.000000000
     0.046492638    17.512284475     1.000000000
     0.046844855    17.512372581     1.000000000
     0.047197072    17.512460788     1.000000000
     0.047549289    17.512549094     1.000000000
     0.047901505    17.512637500     1.000000000
     0.048253722    17.512726006     1.000000000
     0.048605939    17.512814611     1.000000000
     0.048958156    17.512903314     1.000000000
     0.049310373    17.512992117     1.000000000
     0.049662590    17.513081018     1.000000000
     0.050014807    17.513170018     1.000000000
     0.050367024    17.513259115     1.000000000
     0.050719241    17.513348311     1.000000000
     0.051071458    17.513437604     1.000000000
     0.051423675    17.513526994     1.000000000
     0.051775892    17.513616482     1.000000000
     0.052128109    17.513706067     1.000000000
     0.052480326    17.513795748     1.000000000
     0.052832543    17.513885526     1.000000000
     0.053184760    17.513975401     1.000000000
     0.053536977    17.514065371     1.000000000
     0.053889194    17.514155437     1.000000000
     0.054241411    17.514245599     1.000000000
     0.054593628    17.514335857     1.000000000
     0.054945844    17.514426209     1.000000000
     0.055298061    17.514516657     1.000000000
     0.055650278    17.514607199     1.000000000
     0.056002495    17.514697836     1.000000000
     0.056354712    17.514788567     1.000000000
     0.056706929    17.514879392     1.000000000
     0.057059146    17.514970312     1.000000000
     0.057411363    17.515061325     1.000000000
     0.057763580    17.515152431     1.000000000
     0.058115797    17.515243631     1.000000000
     0.058468014    17.515334924     1.000000000
     0.058820231    17.515426310     1.000000000
     0.059172448    17.515517788     1.000000000
     0.059524665    17.515609359     1.000000000
     0.059876882    17.515701022     1.000000000
     0.060229099    17.515792777     1.000000000
     0.060581316    17.515884624     1.000000000
     0.060933533    17.515976563     1.000000000
     0.061285750    17.516068593     1.000000000
     0.061637967    17.516160714     1.000000000
     0.061990184    17.516252926     1.000000000
     0.062342400    17.516345229     1.000000000
     0.062694617    17.516437623     1.000000000
     0.063046834    17.516530107     1.000000000
     0.063399051    17.516622681     1.000000000
     0.063751268    17.516715346     1.000000000
     0.064103485    17.516808100     1.000000000
     0.064455702    17.516900944     1.000000000
     0.064807919    17.516993877     1.000000000
     0.065160136    17.517086899     1.000000000
     0.065512353    17.517180011     1.000000000
     0.065864570    17.517273211     1.000000000
     0.066216787    17.517366500     1.000000000
     0.066569004    17.517459878     1.000000000
     0.066921221    17.517553343     1.000000000
     0.067273438    17.517646897     1.000000000
     0.067625655    17.517740539     1.000000000
     0.067977872    17.517834268     1.000000000
     0.068330089    17.517928085     1.000000000
     0.068682306    17.518021990     1.000000000
     0.069034523    17.518115981     1.000000000
     0.069386740    17.518210059     1.000000000
     0.069738956    17.518304224     1.000000000
     0.070091173    17.518398476     1.000000000
     0.070443390    17.518492814     1.000000000
     0.070795607    17.518587239     1.000000000
     0.071147824    17.518681749     1.000000000
     0.071500041    17.518776345     1.000000000
     0.071852258    17.518871027     1.000000000
     0.072204475    17.518965795     1.000000000
     0.072556692    17.519060647     1.000000000
     0.072908909    17.519155585     1.000000000
     0.073261126    17.519250608     1.000000000
     0.073613343    17.519345716     1.000000000
     0.073965560    17.519440908     1.000000000
     0.074317777    17.519536184     1.000000000
     0.074669994    17.519631545     1.000000000
     0.075022211    17.519726990     1.000000000
     0.075374428    17.519822519     1.000000000
     0.075726645    17.519918132     1.000000000
     0.076078862    17.520013828     1.000000000
     0.076431079    17.520109608     1.000000000
     0.076783296    17.520205471     1.000000000
     0.077135512    17.520301417     1.000000000
     0.077487729    17.520397446     1.000000000
     0.077839946    17.520493557     1.000000000
     0.078192163    17.520589751     1.000000000
     0.078544380    17.520686028     1.000000000
     0.078896597    17.520782387     1.000000000
     0.079248814    17.520878828     1.000000000
     0.079601031    17.520975351     1.000000000
     0.079953248    17.521071955     1.000000000
     0.080305465    17.521168641     1.000000000
     0.080657682    17.521265409     1.000000000
     0.081009899    17.521362258     1.000000000
     0.081362116    17.521459188     1.000000000
     0.081714333    17.521556199     1.000000000
     0.082066550    17.521653290     1.000000000
     0.082418767    17.521750463     1.000000000
     0.082770984    17.521847715     1.000000000
     0.083123201    17.521945049     1.000000000
     0.083475418    17.522042462     1.000000000
     0.083827635    17.522139955     1.000000000
     0.084179851    17.522237529     1.000000000
     0.084532068    17.522335182     1.000000000
     0.084532068    17.548266336     1.000000000
     0.084898811    17.548056977     1.000000000
     0.085265554    17.547845966     1.000000000
     0.085632297    17.547633302     1.000000000
     0.085999039    17.547418986     1.000000000
     0.086365782    17.547203018     1.000000000
     0.086732525    17.546985398     1.000000000
     0.087099267    17.546766126     1.000000000
     0.087466010    17.546545203     1.000000000
     0.087832753    17.546322628     1.000000000
     0.088199496    17.546098401     1.000000000
     0.088566238    17.545872524     1.000000000
     0.088932981    17.545644995     1.000000000
     0.089299724    17.545415816     1.000000000
     0.089666466    17.545184985     1.000000000
     0.090033209    17.544952503     1.000000000
     0.090399952    17.544718370     1.000000000
     0.090766695    17.544482585     1.000000000
     0.091133437    17.544245150     1.000000000
     0.091500180    17.544006063     1.000000000
     0.091866923    17.543765325     1.000000000
     0.092233665    17.543522936     1.000000000
     0.092600408    17.543278894     1.000000000
     0.092967151    17.543033201     1.000000000
     0.093333894    17.542785856     1.000000000
     0.093700636    17.542536858     1.000000000
     0.094067379    17.542286208     1.000000000
     0.094434122    17.542033905     1.000000000
     0.094800864    17.541779949     1.000000000
     0.095167607    17.541524340     1.000000000
     0.095534350    17.541267077     1.000000000
     0.095901093    17.541008159     1.000000000
     0.096267835    17.540747588     1.000000000
     0.096634578    17.540485361     1.000000000
     0.097001321    17.540221479     1.000000000
     0.097368063    17.539955941     1.000000000
     0.097734806    17.539688747     1.000000000
     0.098101549    17.539419897     1.000000000
     0.098468291    17.539149389     1.000000000
     0.098835034    17.538877223     1.000000000
     0.099201777    17.538603399     1.000000000
     0.099568520    17.538327915     1.000000000
     0.099935262    17.538050773     1.000000000
     0.100302005    17.537771970     1.000000000
     0.100668748    17.537491506     1.000000000
     0.101035490    17.537209380     1.000000000
     0.101402233    17.536925593     1.000000000
     0.101768976    17.536640142     1.000000000
     0.102135719    17.536353028     1.000000000
     0.102502461    17.536064249     1.000000000
     0.102869204    17.535773804     1.000000000
     0.103235947    17.535481694     1.000000000
     0.103602689    17.535187917     1.000000000
     0.103969432    17.534892471     1.000000000
     0.104336175    17.534595358     1.000000000
     0.104702918    17.534296574     1.000000000
     0.105069660    17.533996120     1.000000000
     0.105436403    17.533693995     1.000000000
     0.105803146    17.533390197     1.000000000
     0.106169888    17.533084726     1.000000000
     0.106536631    17.532777580     1.000000000
     0.106903374    17.532468759     1.000000000
     0.107270117    17.532158262     1.000000000
     0.107636859    17.531846086     1.000000000
     0.108003602    17.531532233     1.000000000
     0.108370345    17.531216699     1.000000000
     0.108737087    17.530899484     1.000000000
     0.109103830    17.530580588     1.000000000
     0.109470573    17.530260008     1.000000000
     0.109837316    17.529937744     1.000000000
     0.110204058    17.529613794     1.000000000
     0.110570801    17.529288157     1.000000000
     0.110937544    17.528960832     1.000000000
     0.111304286    17.528631818     1.000000000
     0.111671029    17.528301113     1.000000000
     0.112037772    17.527968716     1.000000000
     0.112404515    17.527634626     1.000000000
     0.112771257    17.527298841     1.000000000
     0.113138000    17.526961360     1.000000000
     0.113504743    17.526622182     1.000000000
     0.113871485    17.526281305     1.000000000
     0.114238228    17.525938728     1.000000000
     0.114604971    17.525594449     1.000000000
     0.114971714    17.525248467     1.000000000
     0.115338456    17.524900780     1.000000000
     0.115705199    17.524551387     1.000000000
     0.116071942    17.524200287     1.000000000
     0.116438684    17.523847478     1.000000000
     0.116805427    17.523492958     1.000000000
     0.117172170    17.523136726     1.000000000
     0.117538913    17.522778780     1.000000000
     0.117905655    17.522419118     1.000000000
     0.118272398    17.522057740     1.000000000
     0.118639141    17.521694643     1.000000000
     0.119005883    17.521329826     1.000000000
     0.119372626    17.520963287     1.000000000
     0.119739369    17.520595025     1.000000000
     0.120106111    17.520225037     1.000000000
     0.120472854    17.519853323     1.000000000
     0.120839597    17.519479880     1.000000000
     0.121206340    17.519104706     1.000000000
     0.121573082    17.518727801     1.000000000
     0.121939825    17.518349162     1.000000000
     0.122306568    17.517968787     1.000000000
     0.122673310    17.517586675     1.000000000
     0.123040053    17.517202823     1.000000000
     0.123406796    17.516817231     1.000000000
     0.123773539    17.516429896     1.000000000
     0.124140281    17.516040816     1.000000000
     0.124507024    17.515649990     1.000000000
     0.124873767    17.515257416     1.000000000
     0.125240509    17.514863091     1.000000000
     0.125607252    17.514467015     1.000000000
     0.125973995    17.514069184     1.000000000
     0.126340738    17.513669598     1.000000000
     0.126707480    17.513268254     1.000000000
     0.127074223    17.512865150     1.000000000
     0.127440966    17.512460284     1.000000000
     0.127807708    17.512053655     1.000000000
     0.128174451    17.511645261     1.000000000
     0.128541194    17.511235099     1.000000000
     0.128907937    17.510823167     1.000000000
     0.129274679    17.510409464     1.000000000
     0.129641422    17.509993988     1.000000000
     0.130008165    17.509576736     1.000000000
     0.130374907    17.509157707     1.000000000
     0.130741650    17.508736898     1.000000000
     0.131108393    17.508314307     1.000000000
     0.131475136    17.507889933     1.000000000
     0.131841878    17.507463774     1.000000000
     0.132208621    17.507035827     1.000000000
     0.132575364    17.506606089     1.000000000
     0.132942106    17.506174561     1.000000000
     0.133308849    17.505741238     1.000000000
     0.133675592    17.505306119     1.000000000
     0.134042335    17.504869202     1.000000000
     0.134409077    17.504430485     1.000000000
     0.134775820    17.503989966     1.000000000
     0.135142563    17.503547642     1.000000000
     0.135509305    17.503103512     1.000000000
     0.135876048    17.502657573     1.000000000
     0.136242791    17.502209823     1.000000000
     0.136609534    17.501760260     1.000000000
     0.136976276    17.501308882     1.000000000
     0.137343019    17.500855687     1.000000000
     0.137709762    17.500400673     1.000000000
     0.138076504    17.499943837     1.000000000
     0.138443247    17.499485177     1.000000000
     0.138809990    17.499024691     1.000000000
     0.139176733    17.498562377     1.000000000
     0.139543475    17.498098233     1.000000000
     0.139910218    17.497632256     1.000000000
     0.140276961    17.497164445     1.000000000
     0.140643703    17.496694797     1.000000000
     0.141010446    17.496223310     1.000000000
     0.141377189    17.495749982     1.000000000
     0.141743931    17.495274811     1.000000000
     0.142110674    17.494797793     1.000000000
     0.142477417    17.494318928     1.000000000
     0.142844160    17.493838213     1.000000000
     0.143210902    17.493355646     1.000000000
     0.143577645    17.492871225     1.000000000
     0.143944388    17.492384946     1.000000000
     0.144311130    17.491896809     1.000000000
     0.144677873    17.491406811     1.000000000
     0.145044616    17.490914949     1.000000000
     0.145411359    17.490421222     1.000000000
     0.145778101    17.489925628     1.000000000
     0.146144844    17.489428163     1.000000000
     0.146511587    17.488928826     1.000000000
     0.146878329    17.488427615     1.000000000
     0.147245072    17.487924528     1.000000000
     0.147611815    17.487419561     1.000000000
     0.147978558    17.486912714     1.000000000
     0.148345300    17.486403983     1.000000000
     0.148712043    17.485893367     1.000000000
     0.149078786    17.485380863     1.000000000
     0.149445528    17.484866470     1.000000000
     0.149812271    17.484350184     1.000000000
     0.150179014    17.483832004     1.000000000
     0.150545757    17.483311928     1.000000000
     0.150912499    17.482789953     1.000000000
     0.151279242    17.482266077     1.000000000
     0.151645985    17.481740298     1.000000000
     0.152012727    17.481212614     1.000000000
     0.152379470    17.480683022     1.000000000
     0.152746213    17.480151521     1.000000000
     0.153112956    17.479618108     1.000000000
     0.153479698    17.479082781     1.000000000
     0.153846441    17.478545538     1.000000000
     0.154213184    17.478006376     1.000000000
     0.154579926    17.477465294     1.000000000
     0.154946669    17.476922290     1.000000000
     0.155313412    17.476377360     1.000000000
     0.155680155    17.475830504     1.000000000
     0.156046897    17.475281718     1.000000000
     0.156413640    17.474731002     1.000000000
     0.156780383    17.474178351     1.000000000
     0.157147125    17.473623766     1.000000000
     0.157513868    17.473067242     1.000000000
     0.157880611    17.472508779     1.000000000
     0.158247354    17.471948374     1.000000000
     0.158614096    17.471386025     1.000000000
     0.158980839    17.470821730     1.000000000
     0.159347582    17.470255486     1.000000000
     0.159714324    17.469687293     1.000000000
     0.160081067    17.469117147     1.000000000
     0.160447810    17.468545046     1.000000000
     0.160814553    17.467970989     1.000000000
     0.161181295    17.467394974     1.000000000
     0.161548038    17.466816998     1.000000000
     0.161914781    17.466237059     1.000000000
     0.162281523    17.465655156     1.000000000
     0.162648266    17.465071286     1.000000000
     0.163015009    17.464485447     1.000000000
     0.163381751    17.463897638     1.000000000
     0.163748494    17.463307855     1.000000000
     0.164115237    17.462716099     1.000000000
     0.164481980    17.462122365     1.000000000
     0.164848722    17.461526653     1.000000000
     0.165215465    17.460928960     1.000000000
     0.165582208    17.460329285     1.000000000
     0.165948950    17.459727625     1.000000000
     0.166315693    17.459123978     1.000000000
     0.166682436    17.458518344     1.000000000
     0.167049179    17.457910719     1.000000000
     0.167415921    17.457301102     1.000000000
     0.167782664    17.456689491     1.000000000
     0.168149407    17.456075884     1.000000000
     0.168516149    17.455460279     1.000000000
     0.168882892    17.454842675     1.000000000
     0.169249635    17.454223069     1.000000000
     0.169616378    17.453601460     1.000000000
     0.169983120    17.452977846     1.000000000
     0.170349863    17.452352225     1.000000000
     0.170716606    17.451724595     1.000000000
     0.171083348    17.451094955     1.000000000
     0.171450091    17.450463303     1.000000000
     0.171816834    17.449829636     1.000000000
     0.172183577    17.449193954     1.000000000
     0.172550319    17.448556255     1.000000000
  
     0.000000000    18.071152405     1.000000000
     0.000352217    18.071291396     1.000000000
     0.000704434    18.071428303     1.000000000
     0.001056651    18.071563102     1.000000000
     0.001408868    18.071695769     1.000000000
     0.001761085    18.071826281     1.000000000
     0.002113302    18.071954612     1.000000000
     0.002465519    18.072080739     1.000000000
     0.002817736    18.072204637     1.000000000
     0.003169953    18.072326281     1.000000000
     0.003522170    18.072445648     1.000000000
     0.003874386    18.072562713     1.000000000
     0.004226603    18.072677452     1.000000000
     0.004578820    18.072789839     1.000000000
     0.004931037    18.072899852     1.000000000
     0.005283254    18.073007464     1.000000000
     0.005635471    18.073112653     1.000000000
     0.005987688    18.073215393     1.000000000
     0.006339905    18.073315660     1.000000000
     0.006692122    18.073413430     1.000000000
     0.007044339    18.073508679     1.000000000
     0.007396556    18.073601382     1.000000000
     0.007748773    18.073691515     1.000000000
     0.008100990    18.073779055     1.000000000
     0.008453207    18.073863976     1.000000000
     0.008805424    18.073946257     1.000000000
     0.009157641    18.074025872     1.000000000
     0.009509858    18.074102797     1.000000000
     0.009862075    18.074177011     1.000000000
     0.010214292    18.074248488     1.000000000
     0.010566509    18.074317206     1.000000000
     0.010918726    18.074383142     1.000000000
     0.011270942    18.074446272     1.000000000
     0.011623159    18.074506574     1.000000000
     0.011975376    18.074564026     1.000000000
     0.012327593    18.074618604     1.000000000
     0.012679810    18.074670288     1.000000000
     0.013032027    18.074719053     1.000000000
     0.013384244    18.074764880     1.000000000
     0.013736461    18.074807747     1.000000000
     0.014088678    18.074847631     1.000000000
     0.014440895    18.074884513     1.000000000
     0.014793112    18.074918371     1.000000000
     0.015145329    18.074949186     1.000000000
     0.015497546    18.074976936     1.000000000
     0.015849763    18.075001602     1.000000000
     0.016201980    18.075023165     1.000000000
     0.016554197    18.075041606     1.000000000
     0.016906414    18.075056904     1.000000000
     0.017258631    18.075069043     1.000000000
     0.017610848    18.075078004     1.000000000
     0.017963065    18.075083769     1.000000000
     0.018315281    18.075086321     1.000000000
     0.018667498    18.075085643     1.000000000
     0.019019715    18.075081719     1.000000000
     0.019371932    18.075074531     1.000000000
     0.019724149    18.075064066     1.000000000
     0.020076366    18.075050306     1.000000000
     0.020428583    18.075033239     1.000000000
     0.020780800    18.075012849     1.000000000
     0.021133017    18.074989122     1.000000000
     0.021485234    18.074962045     1.000000000
     0.021837451    18.074931606     1.000000000
     0.022189668    18.074897793     1.000000000
     0.022541885    18.074860592     1.000000000
     0.022894102    18.074819993     1.000000000
     0.023246319    18.074775986     1.000000000
     0.023598536    18.074728560     1.000000000
     0.023950753    18.074677705     1.000000000
     0.024302970    18.074623413     1.000000000
     0.024655187    18.074565675     1.000000000
     0.025007404    18.074504483     1.000000000
     0.025359621    18.074439829     1.000000000
     0.025711837    18.074371708     1.000000000
     0.026064054    18.074300112     1.000000000
     0.026416271    18.074225037     1.000000000
     0.026768488    18.074146477     1.000000000
     0.027120705    18.074064428     1.000000000
     0.027472922    18.073978887     1.000000000
     0.027825139    18.073889850     1.000000000
     0.028177356    18.073797315     1.000000000
     0.028529573    18.073701281     1.000000000
     0.028881790    18.073601745     1.000000000
     0.029234007    18.073498708     1.000000000
     0.029586224    18.073392169     1.000000000
     0.029938441    18.073282130     1.000000000
     0.030290658    18.073168592     1.000000000
     0.030642875    18.073051557     1.000000000
     0.030995092    18.072931027     1.000000000
     0.031347309    18.072807007     1.000000000
     0.031699526    18.072679499     1.000000000
     0.032051743    18.072548509     1.000000000
     0.032403960    18.072414042     1.000000000
     0.032756177    18.072276103     1.000000000
     0.033108393    18.072134700     1.000000000
     0.033460610    18.071989839     1.000000000
     0.033812827    18.071841529     1.000000000
     0.034165044    18.071689777     1.000000000
     0.034517261    18.071534593     1.000000000
     0.034869478    18.071375986     1.000000000
     0.035221695    18.071213967     1.000000000
     0.035573912    18.071048547     1.000000000
     0.035926129    18.070879736     1.000000000
     0.036278346    18.070707547     1.000000000
     0.036630563    18.070531993     1.000000000
     0.036982780    18.070353087     1.000000000
     0.037334997    18.070170843     1.000000000
     0.037687214    18.069985274     1.000000000
     0.038039431    18.069796396     1.000000000
     0.038391648    18.069604224     1.000000000
     0.038743865    18.069408774     1.000000000
     0.039096082    18.069210063     1.000000000
     0.039448299    18.069008107     1.000000000
     0.039800516    18.068802924     1.000000000
     0.040152733    18.068594532     1.000000000
     0.040504949    18.068382949     1.000000000
     0.040857166    18.068168194     1.000000000
     0.041209383    18.067950287     1.000000000
     0.041561600    18.067729247     1.000000000
     0.041913817    18.067505094     1.000000000
     0.042266034    18.067277849     1.000000000
     0.042618251    18.067047533     1.000000000
     0.042970468    18.066814167     1.000000000
     0.043322685    18.066577773     1.000000000
     0.043674902    18.066338374     1.000000000
     0.044027119    18.066095991     1.000000000
     0.044379336    18.065850648     1.000000000
     0.044731553    18.065602368     1.000000000
     0.045083770    18.065351174     1.000000000
     0.045435987    18.065097090     1.000000000
     0.045788204    18.064840140     1.000000000
     0.046140421    18.064580348     1.000000000
     0.046492638    18.064317740     1.000000000
     0.046844855    18.064052339     1.000000000
     0.047197072    18.063784171     1.000000000
     0.047549289    18.063513261     1.000000000
     0.047901505    18.063239635     1.000000000
     0.048253722    18.062963318     1.000000000
     0.048605939    18.062684337     1.000000000
     0.048958156    18.062402717     1.000000000
     0.049310373    18.062118484     1.000000000
     0.049662590    18.061831666     1.000000000
     0.050014807    18.061542288     1.000000000
     0.050367024    18.061250377     1.000000000
     0.050719241    18.060955960     1.000000000
     0.051071458    18.060659063     1.000000000
     0.051423675    18.060359714     1.000000000
     0.051775892    18.060057940     1.000000000
     0.052128109    18.059753767     1.000000000
     0.052480326    18.059447223     1.000000000
     0.052832543    18.059138335     1.000000000
     0.053184760    18.058827131     1.000000000
     0.053536977    18.058513636     1.000000000
     0.053889194    18.058197879     1.000000000
     0.054241411    18.057879887     1.000000000
     0.054593628    18.057559687     1.000000000
     0.054945844    18.057237306     1.000000000
     0.055298061    18.056912772     1.000000000
     0.055650278    18.056586111     1.000000000
     0.056002495    18.056257351     1.000000000
     0.056354712    18.055926519     1.000000000
     0.056706929    18.055593641     1.000000000
     0.057059146    18.055258745     1.000000000
     0.057411363    18.054921857     1.000000000
     0.057763580    18.054583005     1.000000000
     0.058115797    18.054242214     1.000000000
     0.058468014    18.053899512     1.000000000
     0.058820231    18.053554925     1.000000000
     0.059172448    18.053208479     1.000000000
     0.059524665    18.052860200     1.000000000
     0.059876882    18.052510115     1.000000000
     0.060229099    18.052158250     1.000000000
     0.060581316    18.051804630     1.000000000
     0.060933533    18.051449282     1.000000000
     0.061285750    18.051092229     1.000000000
     0.061637967    18.050733499     1.000000000
     0.061990184    18.050373117     1.000000000
     0.062342400    18.050011107     1.000000000
     0.062694617    18.049647494     1.000000000
     0.063046834    18.049282303     1.000000000
     0.063399051    18.048915558     1.000000000
     0.063751268    18.048547285     1.000000000
     0.064103485    18.048177507     1.000000000
     0.064455702    18.047806249     1.000000000
     0.064807919    18.047433533     1.000000000
     0.065160136    18.047059384     1.000000000
     0.065512353    18.046683826     1.000000000
     0.065864570    18.046306881     1.000000000
     0.066216787    18.045928573     1.000000000
     0.066569004    18.045548924     1.000000000
     0.066921221    18.045167957     1.000000000
     0.067273438    18.044785695     1.000000000
     0.067625655    18.044402160     1.000000000
     0.067977872    18.044017374     1.000000000
     0.068330089    18.043631358     1.000000000
     0.068682306    18.043244135     1.000000000
     0.069034523    18.042855726     1.000000000
     0.069386740    18.042466152     1.000000000
     0.069738956    18.042075434     1.000000000
     0.070091173    18.041683592     1.000000000
     0.070443390    18.041290648     1.000000000
     0.070795607    18.040896622     1.000000000
     0.071147824    18.040501534     1.000000000
     0.071500041    18.040105404     1.000000000
     0.071852258    18.039708251     1.000000000
     0.072204475    18.039310095     1.000000000
     0.072556692    18.038910956     1.000000000
     0.072908909    18.038510852     1.000000000
     0.073261126    18.038109802     1.000000000
     0.073613343    18.037707825     1.000000000
     0.073965560    18.037304940     1.000000000
     0.074317777    18.036901164     1.000000000
     0.074669994    18.036496515     1.000000000
     0.075022211    18.036091012     1.000000000
     0.075374428    18.035684672     1.000000000
     0.075726645    18.035277512     1.000000000
     0.076078862    18.034869550     1.000000000
     0.076431079    18.034460802     1.000000000
     0.076783296    18.034051285     1.000000000
     0.077135512    18.033641015     1.000000000
     0.077487729    18.033230010     1.000000000
     0.077839946    18.032818284     1.000000000
     0.078192163    18.032405855     1.000000000
     0.078544380    18.031992737     1.000000000
     0.078896597    18.031578947     1.000000000
     0.079248814    18.031164499     1.000000000
     0.079601031    18.030749409     1.000000000
     0.079953248    18.030333691     1.000000000
     0.080305465    18.029917361     1.000000000
     0.080657682    18.029500432     1.000000000
     0.081009899    18.029082920     1.000000000
     0.081362116    18.028664838     1.000000000
     0.081714333    18.028246200     1.000000000
     0.082066550    18.027827020     1.000000000
     0.082418767    18.027407312     1.000000000
     0.082770984    18.026987089     1.000000000
     0.083123201    18.026566364     1.000000000
     0.083475418    18.026145150     1.000000000
     0.083827635    18.025723461     1.000000000
     0.084179851    18.025301308     1.000000000
     0.084532068    18.024878705     1.000000000
     0.084532068    18.012650968     1.000000000
     0.084898811    18.013122562     1.000000000
     0.085265554    18.013596088     1.000000000
     0.085632297    18.014071502     1.000000000
     0.085999039    18.014548759     1.000000000
     0.086365782    18.015027815     1.000000000
     0.086732525    18.015508625     1.000000000
     0.087099267    18.015991142     1.000000000
     0.087466010    18.016475320     1.000000000
     0.087832753    18.016961115     1.000000000
     0.088199496    18.017448478     1.000000000
     0.088566238    18.017937362     1.000000000
     0.088932981    18.018427722     1.000000000
     0.089299724    18.018919507     1.000000000
     0.089666466    18.019412672     1.000000000
     0.090033209    18.019907166     1.000000000
     0.090399952    18.020402942     1.000000000
     0.090766695    18.020899949     1.000000000
     0.091133437    18.021398139     1.000000000
     0.091500180    18.021897462     1.000000000
     0.091866923    18.022397866     1.000000000
     0.092233665    18.022899302     1.000000000
     0.092600408    18.023401718     1.000000000
     0.092967151    18.023905062     1.000000000
     0.093333894    18.024409283     1.000000000
     0.093700636    18.024914328     1.000000000
     0.094067379    18.025420145     1.000000000
     0.094434122    18.025926681     1.000000000
     0.094800864    18.026433881     1.000000000
     0.095167607    18.026941692     1.000000000
     0.095534350    18.027450059     1.000000000
     0.095901093    18.027958928     1.000000000
     0.096267835    18.028468244     1.000000000
     0.096634578    18.028977950     1.000000000
     0.097001321    18.029487991     1.000000000
     0.097368063    18.029998310     1.000000000
     0.097734806    18.030508850     1.000000000
     0.098101549    18.031019554     1.000000000
     0.098468291    18.031530363     1.000000000
     0.098835034    18.032041219     1.000000000
     0.099201777    18.032552064     1.000000000
     0.099568520    18.033062839     1.000000000
     0.099935262    18.033573483     1.000000000
     0.100302005    18.034083936     1.000000000
     0.100668748    18.034594137     1.000000000
     0.101035490    18.035104026     1.000000000
     0.101402233    18.035613541     1.000000000
     0.101768976    18.036122620     1.000000000
     0.102135719    18.036631199     1.000000000
     0.102502461    18.037139216     1.000000000
     0.102869204    18.037646608     1.000000000
     0.103235947    18.038153310     1.000000000
     0.103602689    18.038659257     1.000000000
     0.103969432    18.039164384     1.000000000
     0.104336175    18.039668626     1.000000000
     0.104702918    18.040171917     1.000000000
     0.105069660    18.040674190     1.000000000
     0.105436403    18.041175377     1.000000000
     0.105803146    18.041675412     1.000000000
     0.106169888    18.042174225     1.000000000
     0.106536631    18.042671748     1.000000000
     0.106903374    18.043167912     1.000000000
     0.107270117    18.043662647     1.000000000
     0.107636859    18.044155883     1.000000000
     0.108003602    18.044647548     1.000000000
     0.108370345    18.045137572     1.000000000
     0.108737087    18.045625882     1.000000000
     0.109103830    18.046112406     1.000000000
     0.109470573    18.046597072     1.000000000
     0.109837316    18.047079805     1.000000000
     0.110204058    18.047560532     1.000000000
     0.110570801    18.048039178     1.000000000
     0.110937544    18.048515668     1.000000000
     0.111304286    18.048989927     1.000000000
     0.111671029    18.049461879     1.000000000
     0.112037772    18.049931446     1.000000000
     0.112404515    18.050398553     1.000000000
     0.112771257    18.050863121     1.000000000
     0.113138000    18.051325072     1.000000000
     0.113504743    18.051784328     1.000000000
     0.113871485    18.052240811     1.000000000
     0.114238228    18.052694440     1.000000000
     0.114604971    18.053145135     1.000000000
     0.114971714    18.053592817     1.000000000
     0.115338456    18.054037405     1.000000000
     0.115705199    18.054478818     1.000000000
     0.116071942    18.054916973     1.000000000
     0.116438684    18.055351790     1.000000000
     0.116805427    18.055783185     1.000000000
     0.117172170    18.056211076     1.000000000
     0.117538913    18.056635381     1.000000000
     0.117905655    18.057056016     1.000000000
     0.118272398    18.057472896     1.000000000
     0.118639141    18.057885939     1.000000000
     0.119005883    18.058295061     1.000000000
     0.119372626    18.058700176     1.000000000
     0.119739369    18.059101200     1.000000000
     0.120106111    18.059498049     1.000000000
     0.120472854    18.059890637     1.000000000
     0.120839597    18.060278879     1.000000000
     0.121206340    18.060662691     1.000000000
     0.121573082    18.061041987     1.000000000
     0.121939825    18.061416682     1.000000000
     0.122306568    18.061786690     1.000000000
     0.122673310    18.062151926     1.000000000
     0.123040053    18.062512305     1.000000000
     0.123406796    18.062867742     1.000000000
     0.123773539    18.063218152     1.000000000
     0.124140281    18.063563450     1.000000000
     0.124507024    18.063903552     1.000000000
     0.124873767    18.064238372     1.000000000
     0.125240509    18.064567828     1.000000000
     0.125607252    18.064891835     1.000000000
     0.125973995    18.065210310     1.000000000
     0.126340738    18.065523170     1.000000000
     0.126707480    18.065830334     1.000000000
     0.127074223    18.066131718     1.000000000
     0.127440966    18.066427242     1.000000000
     0.127807708    18.066716825     1.000000000
     0.128174451    18.067000387     1.000000000
     0.128541194    18.067277849     1.000000000
     0.128907937    18.067549132     1.000000000
     0.129274679    18.067814159     1.000000000
     0.129641422    18.068072853     1.000000000
     0.130008165    18.068325138     1.000000000
     0.130374907    18.068570939     1.000000000
     0.130741650    18.068810184     1.000000000
     0.131108393    18.069042798     1.000000000
     0.131475136    18.069268711     1.000000000
     0.131841878    18.069487852     1.000000000
     0.132208621    18.069700152     1.000000000
     0.132575364    18.069905544     1.000000000
     0.132942106    18.070103962     1.000000000
     0.133308849    18.070295340     1.000000000
     0.133675592    18.070479615     1.000000000
     0.134042335    18.070656726     1.000000000
     0.134409077    18.070826612     1.000000000
     0.134775820    18.070989215     1.000000000
     0.135142563    18.071144477     1.000000000
     0.135509305    18.071292345     1.000000000
     0.135876048    18.071432764     1.000000000
     0.136242791    18.071565683     1.000000000
     0.136609534    18.071691052     1.000000000
     0.136976276    18.071808824     1.000000000
     0.137343019    18.071918954     1.000000000
     0.137709762    18.072021396     1.000000000
     0.138076504    18.072116111     1.000000000
     0.138443247    18.072203058     1.000000000
     0.138809990    18.072282200     1.000000000
     0.139176733    18.072353501     1.000000000
     0.139543475    18.072416929     1.000000000
     0.139910218    18.072472453     1.000000000
     0.140276961    18.072520043     1.000000000
     0.140643703    18.072559674     1.000000000
     0.141010446    18.072591321     1.000000000
     0.141377189    18.072614963     1.000000000
     0.141743931    18.072630580     1.000000000
     0.142110674    18.072638154     1.000000000
     0.142477417    18.072637672     1.000000000
     0.142844160    18.072629119     1.000000000
     0.143210902    18.072612485     1.000000000
     0.143577645    18.072587763     1.000000000
     0.143944388    18.072554948     1.000000000
     0.144311130    18.072514034     1.000000000
     0.144677873    18.072465022     1.000000000
     0.145044616    18.072407912     1.000000000
     0.145411359    18.072342709     1.000000000
     0.145778101    18.072269417     1.000000000
     0.146144844    18.072188044     1.000000000
     0.146511587    18.072098601     1.000000000
     0.146878329    18.072001099     1.000000000
     0.147245072    18.071895554     1.000000000
     0.147611815    18.071781981     1.000000000
     0.147978558    18.071660400     1.000000000
     0.148345300    18.071530830     1.000000000
     0.148712043    18.071393295     1.000000000
     0.149078786    18.071247820     1.000000000
     0.149445528    18.071094430     1.000000000
     0.149812271    18.070933154     1.000000000
     0.150179014    18.070764022     1.000000000
     0.150545757    18.070587068     1.000000000
     0.150912499    18.070402323     1.000000000
     0.151279242    18.070209825     1.000000000
     0.151645985    18.070009609     1.000000000
     0.152012727    18.069801715     1.000000000
     0.152379470    18.069586184     1.000000000
     0.152746213    18.069363056     1.000000000
     0.153112956    18.069132375     1.000000000
     0.153479698    18.068894186     1.000000000
     0.153846441    18.068648535     1.000000000
     0.154213184    18.068395469     1.000000000
     0.154579926    18.068135037     1.000000000
     0.154946669    18.067867287     1.000000000
     0.155313412    18.067592271     1.000000000
     0.155680155    18.067310041     1.000000000
     0.156046897    18.067020650     1.000000000
     0.156413640    18.066724151     1.000000000
     0.156780383    18.066420598     1.000000000
     0.157147125    18.066110048     1.000000000
     0.157513868    18.065792557     1.000000000
     0.157880611    18.065468181     1.000000000
     0.158247354    18.065136979     1.000000000
     0.158614096    18.064799009     1.000000000
     0.158980839    18.064454329     1.000000000
     0.159347582    18.064103000     1.000000000
     0.159714324    18.063745081     1.000000000
     0.160081067    18.063380633     1.000000000
     0.160447810    18.063009716     1.000000000
     0.160814553    18.062632392     1.000000000
     0.161181295    18.062248722     1.000000000
     0.161548038    18.061858768     1.000000000
     0.161914781    18.061462592     1.000000000
     0.162281523    18.061060256     1.000000000
     0.162648266    18.060651823     1.000000000
     0.163015009    18.060237354     1.000000000
     0.163381751    18.059816913     1.000000000
     0.163748494    18.059390562     1.000000000
     0.164115237    18.058958363     1.000000000
     0.164481980    18.058520380     1.000000000
     0.164848722    18.058076673     1.000000000
     0.165215465    18.057627307     1.000000000
     0.165582208    18.057172343     1.000000000
     0.165948950    18.056711843     1.000000000
     0.166315693    18.056245869     1.000000000
     0.166682436    18.055774484     1.000000000
     0.167049179    18.055297747     1.000000000
     0.167415921    18.054815722     1.000000000
     0.167782664    18.054328468     1.000000000
     0.168149407    18.053836047     1.000000000
     0.168516149    18.053338518     1.000000000
     0.168882892    18.052835943     1.000000000
     0.169249635    18.052328380     1.000000000
     0.169616378    18.051815889     1.000000000
     0.169983120    18.051298529     1.000000000
     0.170349863    18.050776359     1.000000000
     0.170716606    18.050249437     1.000000000
     0.171083348    18.049717821     1.000000000
     0.171450091    18.049181567     1.000000000
     0.171816834    18.048640733     1.000000000
     0.172183577    18.048095376     1.000000000
     0.172550319    18.047545551     1.000000000
  
     0.000000000    18.298007357     1.000000000
     0.000352217    18.297202683     1.000000000
     0.000704434    18.296403936     1.000000000
     0.001056651    18.295611119     1.000000000
     0.001408868    18.294824238     1.000000000
     0.001761085    18.294043297     1.000000000
     0.002113302    18.293268301     1.000000000
     0.002465519    18.292499256     1.000000000
     0.002817736    18.291736166     1.000000000
     0.003169953    18.290979038     1.000000000
     0.003522170    18.290227877     1.000000000
     0.003874386    18.289482688     1.000000000
     0.004226603    18.288743478     1.000000000
     0.004578820    18.288010252     1.000000000
     0.004931037    18.287283017     1.000000000
     0.005283254    18.286561779     1.000000000
     0.005635471    18.285846543     1.000000000
     0.005987688    18.285137317     1.000000000
     0.006339905    18.284434106     1.000000000
     0.006692122    18.283736917     1.000000000
     0.007044339    18.283045757     1.000000000
     0.007396556    18.282360632     1.000000000
     0.007748773    18.281681548     1.000000000
     0.008100990    18.281008514     1.000000000
     0.008453207    18.280341534     1.000000000
     0.008805424    18.279680615     1.000000000
     0.009157641    18.279025765     1.000000000
     0.009509858    18.278376990     1.000000000
     0.009862075    18.277734296     1.000000000
     0.010214292    18.277097691     1.000000000
     0.010566509    18.276467180     1.000000000
     0.010918726    18.275842770     1.000000000
     0.011270942    18.275224468     1.000000000
     0.011623159    18.274612279     1.000000000
     0.011975376    18.274006210     1.000000000
     0.012327593    18.273406268     1.000000000
     0.012679810    18.272812458     1.000000000
     0.013032027    18.272224786     1.000000000
     0.013384244    18.271643259     1.000000000
     0.013736461    18.271067880     1.000000000
     0.014088678    18.270498657     1.000000000
     0.014440895    18.269935595     1.000000000
     0.014793112    18.269378697     1.000000000
     0.015145329    18.268827971     1.000000000
     0.015497546    18.268283419     1.000000000
     0.015849763    18.267745047     1.000000000
     0.016201980    18.267212860     1.000000000
     0.016554197    18.266686860     1.000000000
     0.016906414    18.266167052     1.000000000
     0.017258631    18.265653440     1.000000000
     0.017610848    18.265146026     1.000000000
     0.017963065    18.264644814     1.000000000
     0.018315281    18.264149806     1.000000000
     0.018667498    18.263661005     1.000000000
     0.019019715    18.263178412     1.000000000
     0.019371932    18.262702030     1.000000000
     0.019724149    18.262231859     1.000000000
     0.020076366    18.261767901     1.000000000
     0.020428583    18.261310156     1.000000000
     0.020780800    18.260858625     1.000000000
     0.021133017    18.260413307     1.000000000
     0.021485234    18.259974201     1.000000000
     0.021837451    18.259541307     1.000000000
     0.022189668    18.259114624     1.000000000
     0.022541885    18.258694149     1.000000000
     0.022894102    18.258279879     1.000000000
     0.023246319    18.257871814     1.000000000
     0.023598536    18.257469948     1.000000000
     0.023950753    18.257074279     1.000000000
     0.024302970    18.256684802     1.000000000
     0.024655187    18.256301512     1.000000000
     0.025007404    18.255924405     1.000000000
     0.025359621    18.255553474     1.000000000
     0.025711837    18.255188714     1.000000000
     0.026064054    18.254830118     1.000000000
     0.026416271    18.254477678     1.000000000
     0.026768488    18.254131387     1.000000000
     0.027120705    18.253791237     1.000000000
     0.027472922    18.253457218     1.000000000
     0.027825139    18.253129321     1.000000000
     0.028177356    18.252807536     1.000000000
     0.028529573    18.252491853     1.000000000
     0.028881790    18.252182261     1.000000000
     0.029234007    18.251878748     1.000000000
     0.029586224    18.251581301     1.000000000
     0.029938441    18.251289908     1.000000000
     0.030290658    18.251004556     1.000000000
     0.030642875    18.250725231     1.000000000
     0.030995092    18.250451918     1.000000000
     0.031347309    18.250184602     1.000000000
     0.031699526    18.249923267     1.000000000
     0.032051743    18.249667898     1.000000000
     0.032403960    18.249418477     1.000000000
     0.032756177    18.249174988     1.000000000
     0.033108393    18.248937412     1.000000000
     0.033460610    18.248705731     1.000000000
     0.033812827    18.248479925     1.000000000
     0.034165044    18.248259976     1.000000000
     0.034517261    18.248045863     1.000000000
     0.034869478    18.247837566     1.000000000
     0.035221695    18.247635063     1.000000000
     0.035573912    18.247438332     1.000000000
     0.035926129    18.247247352     1.000000000
     0.036278346    18.247062099     1.000000000
     0.036630563    18.246882550     1.000000000
     0.036982780    18.246708682     1.000000000
     0.037334997    18.246540470     1.000000000
     0.037687214    18.246377889     1.000000000
     0.038039431    18.246220914     1.000000000
     0.038391648    18.246069520     1.000000000
     0.038743865    18.245923680     1.000000000
     0.039096082    18.245783367     1.000000000
     0.039448299    18.245648555     1.000000000
     0.039800516    18.245519215     1.000000000
     0.040152733    18.245395320     1.000000000
     0.040504949    18.245276842     1.000000000
     0.040857166    18.245163751     1.000000000
     0.041209383    18.245056019     1.000000000
     0.041561600    18.244953616     1.000000000
     0.041913817    18.244856512     1.000000000
     0.042266034    18.244764677     1.000000000
     0.042618251    18.244678080     1.000000000
     0.042970468    18.244596690     1.000000000
     0.043322685    18.244520477     1.000000000
     0.043674902    18.244449407     1.000000000
     0.044027119    18.244383451     1.000000000
     0.044379336    18.244322575     1.000000000
     0.044731553    18.244266747     1.000000000
     0.045083770    18.244215934     1.000000000
     0.045435987    18.244170104     1.000000000
     0.045788204    18.244129224     1.000000000
     0.046140421    18.244093259     1.000000000
     0.046492638    18.244062177     1.000000000
     0.046844855    18.244035943     1.000000000
     0.047197072    18.244014524     1.000000000
     0.047549289    18.243997886     1.000000000
     0.047901505    18.243985994     1.000000000
     0.048253722    18.243978815     1.000000000
     0.048605939    18.243976312     1.000000000
     0.048958156    18.243978453     1.000000000
     0.049310373    18.243985202     1.000000000
     0.049662590    18.243996524     1.000000000
     0.050014807    18.244012384     1.000000000
     0.050367024    18.244032748     1.000000000
     0.050719241    18.244057579     1.000000000
     0.051071458    18.244086844     1.000000000
     0.051423675    18.244120508     1.000000000
     0.051775892    18.244158533     1.000000000
     0.052128109    18.244200887     1.000000000
     0.052480326    18.244247533     1.000000000
     0.052832543    18.244298437     1.000000000
     0.053184760    18.244353562     1.000000000
     0.053536977    18.244412875     1.000000000
     0.053889194    18.244476340     1.000000000
     0.054241411    18.244543921     1.000000000
     0.054593628    18.244615585     1.000000000
     0.054945844    18.244691295     1.000000000
     0.055298061    18.244771018     1.000000000
     0.055650278    18.244854718     1.000000000
     0.056002495    18.244942360     1.000000000
     0.056354712    18.245033911     1.000000000
     0.056706929    18.245129336     1.000000000
     0.057059146    18.245228600     1.000000000
     0.057411363    18.245331669     1.000000000
     0.057763580    18.245438509     1.000000000
     0.058115797    18.245549086     1.000000000
     0.058468014    18.245663366     1.000000000
     0.058820231    18.245781316     1.000000000
     0.059172448    18.245902902     1.000000000
     0.059524665    18.246028090     1.000000000
     0.059876882    18.246156848     1.000000000
     0.060229099    18.246289143     1.000000000
     0.060581316    18.246424941     1.000000000
     0.060933533    18.246564211     1.000000000
     0.061285750    18.246706919     1.000000000
     0.061637967    18.246853033     1.000000000
     0.061990184    18.247002522     1.000000000
     0.062342400    18.247155353     1.000000000
     0.062694617    18.247311495     1.000000000
     0.063046834    18.247470916     1.000000000
     0.063399051    18.247633585     1.000000000
     0.063751268    18.247799472     1.000000000
     0.064103485    18.247968545     1.000000000
     0.064455702    18.248140774     1.000000000
     0.064807919    18.248316128     1.000000000
     0.065160136    18.248494578     1.000000000
     0.065512353    18.248676093     1.000000000
     0.065864570    18.248860644     1.000000000
     0.066216787    18.249048202     1.000000000
     0.066569004    18.249238737     1.000000000
     0.066921221    18.249432220     1.000000000
     0.067273438    18.249628624     1.000000000
     0.067625655    18.249827919     1.000000000
     0.067977872    18.250030076     1.000000000
     0.068330089    18.250235070     1.000000000
     0.068682306    18.250442870     1.000000000
     0.069034523    18.250653451     1.000000000
     0.069386740    18.250866785     1.000000000
     0.069738956    18.251082845     1.000000000
     0.070091173    18.251301604     1.000000000
     0.070443390    18.251523036     1.000000000
     0.070795607    18.251747114     1.000000000
     0.071147824    18.251973814     1.000000000
     0.071500041    18.252203108     1.000000000
     0.071852258    18.252434972     1.000000000
     0.072204475    18.252669381     1.000000000
     0.072556692    18.252906309     1.000000000
     0.072908909    18.253145732     1.000000000
     0.073261126    18.253387625     1.000000000
     0.073613343    18.253631964     1.000000000
     0.073965560    18.253878726     1.000000000
     0.074317777    18.254127886     1.000000000
     0.074669994    18.254379422     1.000000000
     0.075022211    18.254633309     1.000000000
     0.075374428    18.254889525     1.000000000
     0.075726645    18.255148048     1.000000000
     0.076078862    18.255408854     1.000000000
     0.076431079    18.255671922     1.000000000
     0.076783296    18.255937230     1.000000000
     0.077135512    18.256204755     1.000000000
     0.077487729    18.256474477     1.000000000
     0.077839946    18.256746374     1.000000000
     0.078192163    18.257020425     1.000000000
     0.078544380    18.257296609     1.000000000
     0.078896597    18.257574906     1.000000000
     0.079248814    18.257855295     1.000000000
     0.079601031    18.258137757     1.000000000
     0.079953248    18.258422270     1.000000000
     0.080305465    18.258708817     1.000000000
     0.080657682    18.258997376     1.000000000
     0.081009899    18.259287930     1.000000000
     0.081362116    18.259580459     1.000000000
     0.081714333    18.259874944     1.000000000
     0.082066550    18.260171367     1.000000000
     0.082418767    18.260469709     1.000000000
     0.082770984    18.260769953     1.000000000
     0.083123201    18.261072080     1.000000000
     0.083475418    18.261376072     1.000000000
     0.083827635    18.261681913     1.000000000
     0.084179851    18.261989584     1.000000000
     0.084532068    18.262299070     1.000000000
     0.084532068    18.277913955     1.000000000
     0.084898811    18.277634382     1.000000000
     0.085265554    18.277353413     1.000000000
     0.085632297    18.277071072     1.000000000
     0.085999039    18.276787383     1.000000000
     0.086365782    18.276502371     1.000000000
     0.086732525    18.276216062     1.000000000
     0.087099267    18.275928480     1.000000000
     0.087466010    18.275639652     1.000000000
     0.087832753    18.275349603     1.000000000
     0.088199496    18.275058360     1.000000000
     0.088566238    18.274765950     1.000000000
     0.088932981    18.274472401     1.000000000
     0.089299724    18.274177739     1.000000000
     0.089666466    18.273881993     1.000000000
     0.090033209    18.273585191     1.000000000
     0.090399952    18.273287361     1.000000000
     0.090766695    18.272988534     1.000000000
     0.091133437    18.272688738     1.000000000
     0.091500180    18.272388004     1.000000000
     0.091866923    18.272086362     1.000000000
     0.092233665    18.271783842     1.000000000
     0.092600408    18.271480475     1.000000000
     0.092967151    18.271176295     1.000000000
     0.093333894    18.270871331     1.000000000
     0.093700636    18.270565617     1.000000000
     0.094067379    18.270259187     1.000000000
     0.094434122    18.269952072     1.000000000
     0.094800864    18.269644307     1.000000000
     0.095167607    18.269335926     1.000000000
     0.095534350    18.269026965     1.000000000
     0.095901093    18.268717457     1.000000000
     0.096267835    18.268407439     1.000000000
     0.096634578    18.268096947     1.000000000
     0.097001321    18.267786017     1.000000000
     0.097368063    18.267474687     1.000000000
     0.097734806    18.267162995     1.000000000
     0.098101549    18.266850977     1.000000000
     0.098468291    18.266538674     1.000000000
     0.098835034    18.266226124     1.000000000
     0.099201777    18.265913366     1.000000000
     0.099568520    18.265600441     1.000000000
     0.099935262    18.265287390     1.000000000
     0.100302005    18.264974253     1.000000000
     0.100668748    18.264661073     1.000000000
     0.101035490    18.264347892     1.000000000
     0.101402233    18.264034753     1.000000000
     0.101768976    18.263721698     1.000000000
     0.102135719    18.263408773     1.000000000
     0.102502461    18.263096021     1.000000000
     0.102869204    18.262783488     1.000000000
     0.103235947    18.262471219     1.000000000
     0.103602689    18.262159261     1.000000000
     0.103969432    18.261847660     1.000000000
     0.104336175    18.261536463     1.000000000
     0.104702918    18.261225720     1.000000000
     0.105069660    18.260915477     1.000000000
     0.105436403    18.260605785     1.000000000
     0.105803146    18.260296694     1.000000000
     0.106169888    18.259988252     1.000000000
     0.106536631    18.259680513     1.000000000
     0.106903374    18.259373526     1.000000000
     0.107270117    18.259067345     1.000000000
     0.107636859    18.258762022     1.000000000
     0.108003602    18.258457610     1.000000000
     0.108370345    18.258154164     1.000000000
     0.108737087    18.257851738     1.000000000
     0.109103830    18.257550387     1.000000000
     0.109470573    18.257250167     1.000000000
     0.109837316    18.256951135     1.000000000
     0.110204058    18.256653347     1.000000000
     0.110570801    18.256356862     1.000000000
     0.110937544    18.256061737     1.000000000
     0.111304286    18.255768032     1.000000000
     0.111671029    18.255475805     1.000000000
     0.112037772    18.255185118     1.000000000
     0.112404515    18.254896030     1.000000000
     0.112771257    18.254608602     1.000000000
     0.113138000    18.254322898     1.000000000
     0.113504743    18.254038978     1.000000000
     0.113871485    18.253756906     1.000000000
     0.114238228    18.253476745     1.000000000
     0.114604971    18.253198560     1.000000000
     0.114971714    18.252922415     1.000000000
     0.115338456    18.252648374     1.000000000
     0.115705199    18.252376504     1.000000000
     0.116071942    18.252106871     1.000000000
     0.116438684    18.251839541     1.000000000
     0.116805427    18.251574581     1.000000000
     0.117172170    18.251312059     1.000000000
     0.117538913    18.251052042     1.000000000
     0.117905655    18.250794600     1.000000000
     0.118272398    18.250539800     1.000000000
     0.118639141    18.250287711     1.000000000
     0.119005883    18.250038404     1.000000000
     0.119372626    18.249791948     1.000000000
     0.119739369    18.249548414     1.000000000
     0.120106111    18.249307870     1.000000000
     0.120472854    18.249070389     1.000000000
     0.120839597    18.248836041     1.000000000
     0.121206340    18.248604897     1.000000000
     0.121573082    18.248377029     1.000000000
     0.121939825    18.248152507     1.000000000
     0.122306568    18.247931403     1.000000000
     0.122673310    18.247713789     1.000000000
     0.123040053    18.247499737     1.000000000
     0.123406796    18.247289318     1.000000000
     0.123773539    18.247082603     1.000000000
     0.124140281    18.246879664     1.000000000
     0.124507024    18.246680573     1.000000000
     0.124873767    18.246485401     1.000000000
     0.125240509    18.246294219     1.000000000
     0.125607252    18.246107096     1.000000000
     0.125973995    18.245924105     1.000000000
     0.126340738    18.245745316     1.000000000
     0.126707480    18.245570797     1.000000000
     0.127074223    18.245400618     1.000000000
     0.127440966    18.245234849     1.000000000
     0.127807708    18.245073557     1.000000000
     0.128174451    18.244916811     1.000000000
     0.128541194    18.244764677     1.000000000
     0.128907937    18.244617222     1.000000000
     0.129274679    18.244474511     1.000000000
     0.129641422    18.244336610     1.000000000
     0.130008165    18.244203583     1.000000000
     0.130374907    18.244075492     1.000000000
     0.130741650    18.243952400     1.000000000
     0.131108393    18.243834368     1.000000000
     0.131475136    18.243721457     1.000000000
     0.131841878    18.243613724     1.000000000
     0.132208621    18.243511229     1.000000000
     0.132575364    18.243414028     1.000000000
     0.132942106    18.243322175     1.000000000
     0.133308849    18.243235726     1.000000000
     0.133675592    18.243154732     1.000000000
     0.134042335    18.243079244     1.000000000
     0.134409077    18.243009313     1.000000000
     0.134775820    18.242944986     1.000000000
     0.135142563    18.242886310     1.000000000
     0.135509305    18.242833329     1.000000000
     0.135876048    18.242786087     1.000000000
     0.136242791    18.242744625     1.000000000
     0.136609534    18.242708982     1.000000000
     0.136976276    18.242679197     1.000000000
     0.137343019    18.242655305     1.000000000
     0.137709762    18.242637339     1.000000000
     0.138076504    18.242625333     1.000000000
     0.138443247    18.242619315     1.000000000
     0.138809990    18.242619315     1.000000000
     0.139176733    18.242625356     1.000000000
     0.139543475    18.242637465     1.000000000
     0.139910218    18.242655661     1.000000000
     0.140276961    18.242679966     1.000000000
     0.140643703    18.242710395     1.000000000
     0.141010446    18.242746964     1.000000000
     0.141377189    18.242789687     1.000000000
     0.141743931    18.242838574     1.000000000
     0.142110674    18.242893633     1.000000000
     0.142477417    18.242954872     1.000000000
     0.142844160    18.243022293     1.000000000
     0.143210902    18.243095900     1.000000000
     0.143577645    18.243175691     1.000000000
     0.143944388    18.243261665     1.000000000
     0.144311130    18.243353815     1.000000000
     0.144677873    18.243452136     1.000000000
     0.145044616    18.243556618     1.000000000
     0.145411359    18.243667250     1.000000000
     0.145778101    18.243784019     1.000000000
     0.146144844    18.243906907     1.000000000
     0.146511587    18.244035899     1.000000000
     0.146878329    18.244170973     1.000000000
     0.147245072    18.244312108     1.000000000
     0.147611815    18.244459280     1.000000000
     0.147978558    18.244612463     1.000000000
     0.148345300    18.244771629     1.000000000
     0.148712043    18.244936748     1.000000000
     0.149078786    18.245107788     1.000000000
     0.149445528    18.245284716     1.000000000
     0.149812271    18.245467495     1.000000000
     0.150179014    18.245656089     1.000000000
     0.150545757    18.245850459     1.000000000
     0.150912499    18.246050565     1.000000000
     0.151279242    18.246256363     1.000000000
     0.151645985    18.246467810     1.000000000
     0.152012727    18.246684861     1.000000000
     0.152379470    18.246907469     1.000000000
     0.152746213    18.247135585     1.000000000
     0.153112956    18.247369161     1.000000000
     0.153479698    18.247608144     1.000000000
     0.153846441    18.247852483     1.000000000
     0.154213184    18.248102124     1.000000000
     0.154579926    18.248357013     1.000000000
     0.154946669    18.248617094     1.000000000
     0.155313412    18.248882311     1.000000000
     0.155680155    18.249152604     1.000000000
     0.156046897    18.249427917     1.000000000
     0.156413640    18.249708189     1.000000000
     0.156780383    18.249993359     1.000000000
     0.157147125    18.250283368     1.000000000
     0.157513868    18.250578152     1.000000000
     0.157880611    18.250877649     1.000000000
     0.158247354    18.251181796     1.000000000
     0.158614096    18.251490529     1.000000000
     0.158980839    18.251803784     1.000000000
     0.159347582    18.252121496     1.000000000
     0.159714324    18.252443599     1.000000000
     0.160081067    18.252770029     1.000000000
     0.160447810    18.253100718     1.000000000
     0.160814553    18.253435602     1.000000000
     0.161181295    18.253774612     1.000000000
     0.161548038    18.254117683     1.000000000
     0.161914781    18.254464748     1.000000000
     0.162281523    18.254815739     1.000000000
     0.162648266    18.255170589     1.000000000
     0.163015009    18.255529232     1.000000000
     0.163381751    18.255891600     1.000000000
     0.163748494    18.256257625     1.000000000
     0.164115237    18.256627241     1.000000000
     0.164481980    18.257000380     1.000000000
     0.164848722    18.257376976     1.000000000
     0.165215465    18.257756961     1.000000000
     0.165582208    18.258140269     1.000000000
     0.165948950    18.258526833     1.000000000
     0.166315693    18.258916588     1.000000000
     0.166682436    18.259309467     1.000000000
     0.167049179    18.259705404     1.000000000
     0.167415921    18.260104334     1.000000000
     0.167782664    18.260506192     1.000000000
     0.168149407    18.260910913     1.000000000
     0.168516149    18.261318432     1.000000000
     0.168882892    18.261728686     1.000000000
     0.169249635    18.262141610     1.000000000
     0.169616378    18.262557141     1.000000000
     0.169983120    18.262975217     1.000000000
     0.170349863    18.263395775     1.000000000
     0.170716606    18.263818753     1.000000000
     0.171083348    18.264244090     1.000000000
     0.171450091    18.264671724     1.000000000
     0.171816834    18.265101594     1.000000000
     0.172183577    18.265533641     1.000000000
     0.172550319    18.265967806     1.000000000
  
     0.000000000    19.624215498     1.000000000
     0.000352217    19.624094666     1.000000000
     0.000704434    19.623972968     1.000000000
     0.001056651    19.623850408     1.000000000
     0.001408868    19.623726989     1.000000000
     0.001761085    19.623602714     1.000000000
     0.002113302    19.623477586     1.000000000
     0.002465519    19.623351607     1.000000000
     0.002817736    19.623224781     1.000000000
     0.003169953    19.623097109     1.000000000
     0.003522170    19.622968595     1.000000000
     0.003874386    19.622839241     1.000000000
     0.004226603    19.622709050     1.000000000
     0.004578820    19.622578024     1.000000000
     0.004931037    19.622446165     1.000000000
     0.005283254    19.622313475     1.000000000
     0.005635471    19.622179958     1.000000000
     0.005987688    19.622045615     1.000000000
     0.006339905    19.621910449     1.000000000
     0.006692122    19.621774462     1.000000000
     0.007044339    19.621637655     1.000000000
     0.007396556    19.621500032     1.000000000
     0.007748773    19.621361593     1.000000000
     0.008100990    19.621222342     1.000000000
     0.008453207    19.621082280     1.000000000
     0.008805424    19.620941408     1.000000000
     0.009157641    19.620799730     1.000000000
     0.009509858    19.620657246     1.000000000
     0.009862075    19.620513959     1.000000000
     0.010214292    19.620369870     1.000000000
     0.010566509    19.620224981     1.000000000
     0.010918726    19.620079294     1.000000000
     0.011270942    19.619932810     1.000000000
     0.011623159    19.619785531     1.000000000
     0.011975376    19.619637459     1.000000000
     0.012327593    19.619488596     1.000000000
     0.012679810    19.619338942     1.000000000
     0.013032027    19.619188499     1.000000000
     0.013384244    19.619037269     1.000000000
     0.013736461    19.618885254     1.000000000
     0.014088678    19.618732454     1.000000000
     0.014440895    19.618578871     1.000000000
     0.014793112    19.618424507     1.000000000
     0.015145329    19.618269362     1.000000000
     0.015497546    19.618113439     1.000000000
     0.015849763    19.617956738     1.000000000
     0.016201980    19.617799260     1.000000000
     0.016554197    19.617641008     1.000000000
     0.016906414    19.617481981     1.000000000
     0.017258631    19.617322182     1.000000000
     0.017610848    19.617161611     1.000000000
     0.017963065    19.617000269     1.000000000
     0.018315281    19.616838158     1.000000000
     0.018667498    19.616675279     1.000000000
     0.019019715    19.616511633     1.000000000
     0.019371932    19.616347220     1.000000000
     0.019724149    19.616182042     1.000000000
     0.020076366    19.616016100     1.000000000
     0.020428583    19.615849395     1.000000000
     0.020780800    19.615681927     1.000000000
     0.021133017    19.615513698     1.000000000
     0.021485234    19.615344709     1.000000000
     0.021837451    19.615174960     1.000000000
     0.022189668    19.615004452     1.000000000
     0.022541885    19.614833187     1.000000000
     0.022894102    19.614661165     1.000000000
     0.023246319    19.614488386     1.000000000
     0.023598536    19.614314852     1.000000000
     0.023950753    19.614140563     1.000000000
     0.024302970    19.613965521     1.000000000
     0.024655187    19.613789726     1.000000000
     0.025007404    19.613613178     1.000000000
     0.025359621    19.613435878     1.000000000
     0.025711837    19.613257828     1.000000000
     0.026064054    19.613079027     1.000000000
     0.026416271    19.612899477     1.000000000
     0.026768488    19.612719178     1.000000000
     0.027120705    19.612538130     1.000000000
     0.027472922    19.612356335     1.000000000
     0.027825139    19.612173793     1.000000000
     0.028177356    19.611990504     1.000000000
     0.028529573    19.611806469     1.000000000
     0.028881790    19.611621689     1.000000000
     0.029234007    19.611436164     1.000000000
     0.029586224    19.611249895     1.000000000
     0.029938441    19.611062882     1.000000000
     0.030290658    19.610875126     1.000000000
     0.030642875    19.610686627     1.000000000
     0.030995092    19.610497387     1.000000000
     0.031347309    19.610307404     1.000000000
     0.031699526    19.610116680     1.000000000
     0.032051743    19.609925215     1.000000000
     0.032403960    19.609733010     1.000000000
     0.032756177    19.609540065     1.000000000
     0.033108393    19.609346380     1.000000000
     0.033460610    19.609151956     1.000000000
     0.033812827    19.608956794     1.000000000
     0.034165044    19.608760893     1.000000000
     0.034517261    19.608564255     1.000000000
     0.034869478    19.608366878     1.000000000
     0.035221695    19.608168765     1.000000000
     0.035573912    19.607969915     1.000000000
     0.035926129    19.607770328     1.000000000
     0.036278346    19.607570005     1.000000000
     0.036630563    19.607368947     1.000000000
     0.036982780    19.607167152     1.000000000
     0.037334997    19.606964623     1.000000000
     0.037687214    19.606761359     1.000000000
     0.038039431    19.606557360     1.000000000
     0.038391648    19.606352626     1.000000000
     0.038743865    19.606147159     1.000000000
     0.039096082    19.605940958     1.000000000
     0.039448299    19.605734024     1.000000000
     0.039800516    19.605526356     1.000000000
     0.040152733    19.605317955     1.000000000
     0.040504949    19.605108822     1.000000000
     0.040857166    19.604898955     1.000000000
     0.041209383    19.604688357     1.000000000
     0.041561600    19.604477027     1.000000000
     0.041913817    19.604264964     1.000000000
     0.042266034    19.604052171     1.000000000
     0.042618251    19.603838645     1.000000000
     0.042970468    19.603624389     1.000000000
     0.043322685    19.603409401     1.000000000
     0.043674902    19.603193682     1.000000000
     0.044027119    19.602977233     1.000000000
     0.044379336    19.602760054     1.000000000
     0.044731553    19.602542144     1.000000000
     0.045083770    19.602323503     1.000000000
     0.045435987    19.602104133     1.000000000
     0.045788204    19.601884033     1.000000000
     0.046140421    19.601663203     1.000000000
     0.046492638    19.601441644     1.000000000
     0.046844855    19.601219355     1.000000000
     0.047197072    19.600996337     1.000000000
     0.047549289    19.600772590     1.000000000
     0.047901505    19.600548114     1.000000000
     0.048253722    19.600322909     1.000000000
     0.048605939    19.600096975     1.000000000
     0.048958156    19.599870312     1.000000000
     0.049310373    19.599642921     1.000000000
     0.049662590    19.599414802     1.000000000
     0.050014807    19.599185954     1.000000000
     0.050367024    19.598956378     1.000000000
     0.050719241    19.598726074     1.000000000
     0.051071458    19.598495042     1.000000000
     0.051423675    19.598263281     1.000000000
     0.051775892    19.598030793     1.000000000
     0.052128109    19.597797578     1.000000000
     0.052480326    19.597563634     1.000000000
     0.052832543    19.597328963     1.000000000
     0.053184760    19.597093564     1.000000000
     0.053536977    19.596857438     1.000000000
     0.053889194    19.596620585     1.000000000
     0.054241411    19.596383004     1.000000000
     0.054593628    19.596144696     1.000000000
     0.054945844    19.595905661     1.000000000
     0.055298061    19.595665898     1.000000000
     0.055650278    19.595425409     1.000000000
     0.056002495    19.595184193     1.000000000
     0.056354712    19.594942249     1.000000000
     0.056706929    19.594699579     1.000000000
     0.057059146    19.594456182     1.000000000
     0.057411363    19.594212058     1.000000000
     0.057763580    19.593967208     1.000000000
     0.058115797    19.593721630     1.000000000
     0.058468014    19.593475326     1.000000000
     0.058820231    19.593228296     1.000000000
     0.059172448    19.592980539     1.000000000
     0.059524665    19.592732055     1.000000000
     0.059876882    19.592482845     1.000000000
     0.060229099    19.592232908     1.000000000
     0.060581316    19.591982246     1.000000000
     0.060933533    19.591730856     1.000000000
     0.061285750    19.591478741     1.000000000
     0.061637967    19.591225899     1.000000000
     0.061990184    19.590972330     1.000000000
     0.062342400    19.590718036     1.000000000
     0.062694617    19.590463015     1.000000000
     0.063046834    19.590207269     1.000000000
     0.063399051    19.589950796     1.000000000
     0.063751268    19.589693596     1.000000000
     0.064103485    19.589435671     1.000000000
     0.064455702    19.589177020     1.000000000
     0.064807919    19.588917643     1.000000000
     0.065160136    19.588657540     1.000000000
     0.065512353    19.588396710     1.000000000
     0.065864570    19.588135155     1.000000000
     0.066216787    19.587872874     1.000000000
     0.066569004    19.587609867     1.000000000
     0.066921221    19.587346135     1.000000000
     0.067273438    19.587081676     1.000000000
     0.067625655    19.586816491     1.000000000
     0.067977872    19.586550581     1.000000000
     0.068330089    19.586283945     1.000000000
     0.068682306    19.586016583     1.000000000
     0.069034523    19.585748496     1.000000000
     0.069386740    19.585479683     1.000000000
     0.069738956    19.585210144     1.000000000
     0.070091173    19.584939880     1.000000000
     0.070443390    19.584668890     1.000000000
     0.070795607    19.584397174     1.000000000
     0.071147824    19.584124733     1.000000000
     0.071500041    19.583851566     1.000000000
     0.071852258    19.583577674     1.000000000
     0.072204475    19.583303056     1.000000000
     0.072556692    19.583027713     1.000000000
     0.072908909    19.582751645     1.000000000
     0.073261126    19.582474851     1.000000000
     0.073613343    19.582197331     1.000000000
     0.073965560    19.581919087     1.000000000
     0.074317777    19.581640117     1.000000000
     0.074669994    19.581360422     1.000000000
     0.075022211    19.581080002     1.000000000
     0.075374428    19.580798856     1.000000000
     0.075726645    19.580516986     1.000000000
     0.076078862    19.580234390     1.000000000
     0.076431079    19.579951069     1.000000000
     0.076783296    19.579667023     1.000000000
     0.077135512    19.579382253     1.000000000
     0.077487729    19.579096757     1.000000000
     0.077839946    19.578810536     1.000000000
     0.078192163    19.578523591     1.000000000
     0.078544380    19.578235920     1.000000000
     0.078896597    19.577947525     1.000000000
     0.079248814    19.577658405     1.000000000
     0.079601031    19.577368561     1.000000000
     0.079953248    19.577077991     1.000000000
     0.080305465    19.576786698     1.000000000
     0.080657682    19.576494679     1.000000000
     0.081009899    19.576201936     1.000000000
     0.081362116    19.575908469     1.000000000
     0.081714333    19.575614277     1.000000000
     0.082066550    19.575319361     1.000000000
     0.082418767    19.575023721     1.000000000
     0.082770984    19.574727357     1.000000000
     0.083123201    19.574430268     1.000000000
     0.083475418    19.574132455     1.000000000
     0.083827635    19.573833918     1.000000000
     0.084179851    19.573534658     1.000000000
     0.084532068    19.573234673     1.000000000
     0.084532068    19.679108487     1.000000000
     0.084898811    19.678660151     1.000000000
     0.085265554    19.678208456     1.000000000
     0.085632297    19.677753407     1.000000000
     0.085999039    19.677295012     1.000000000
     0.086365782    19.676833280     1.000000000
     0.086732525    19.676368216     1.000000000
     0.087099267    19.675899830     1.000000000
     0.087466010    19.675428129     1.000000000
     0.087832753    19.674953120     1.000000000
     0.088199496    19.674474812     1.000000000
     0.088566238    19.673993212     1.000000000
     0.088932981    19.673508329     1.000000000
     0.089299724    19.673020170     1.000000000
     0.089666466    19.672528744     1.000000000
     0.090033209    19.672034058     1.000000000
     0.090399952    19.671536123     1.000000000
     0.090766695    19.671034945     1.000000000
     0.091133437    19.670530534     1.000000000
     0.091500180    19.670022897     1.000000000
     0.091866923    19.669512045     1.000000000
     0.092233665    19.668997984     1.000000000
     0.092600408    19.668480726     1.000000000
     0.092967151    19.667960278     1.000000000
     0.093333894    19.667436649     1.000000000
     0.093700636    19.666909848     1.000000000
     0.094067379    19.666379886     1.000000000
     0.094434122    19.665846771     1.000000000
     0.094800864    19.665310512     1.000000000
     0.095167607    19.664771119     1.000000000
     0.095534350    19.664228602     1.000000000
     0.095901093    19.663682970     1.000000000
     0.096267835    19.663134232     1.000000000
     0.096634578    19.662582400     1.000000000
     0.097001321    19.662027482     1.000000000
     0.097368063    19.661469489     1.000000000
     0.097734806    19.660908430     1.000000000
     0.098101549    19.660344317     1.000000000
     0.098468291    19.659777158     1.000000000
     0.098835034    19.659206965     1.000000000
     0.099201777    19.658633748     1.000000000
     0.099568520    19.658057517     1.000000000
     0.099935262    19.657478283     1.000000000
     0.100302005    19.656896057     1.000000000
     0.100668748    19.656310850     1.000000000
     0.101035490    19.655722671     1.000000000
     0.101402233    19.655131533     1.000000000
     0.101768976    19.654537446     1.000000000
     0.102135719    19.653940421     1.000000000
     0.102502461    19.653340469     1.000000000
     0.102869204    19.652737603     1.000000000
     0.103235947    19.652131832     1.000000000
     0.103602689    19.651523169     1.000000000
     0.103969432    19.650911626     1.000000000
     0.104336175    19.650297212     1.000000000
     0.104702918    19.649679942     1.000000000
     0.105069660    19.649059825     1.000000000
     0.105436403    19.648436874     1.000000000
     0.105803146    19.647811101     1.000000000
     0.106169888    19.647182519     1.000000000
     0.106536631    19.646551138     1.000000000
     0.106903374    19.645916971     1.000000000
     0.107270117    19.645280031     1.000000000
     0.107636859    19.644640330     1.000000000
     0.108003602    19.643997880     1.000000000
     0.108370345    19.643352694     1.000000000
     0.108737087    19.642704785     1.000000000
     0.109103830    19.642054164     1.000000000
     0.109470573    19.641400846     1.000000000
     0.109837316    19.640744841     1.000000000
     0.110204058    19.640086165     1.000000000
     0.110570801    19.639424829     1.000000000
     0.110937544    19.638760847     1.000000000
     0.111304286    19.638094231     1.000000000
     0.111671029    19.637424996     1.000000000
     0.112037772    19.636753154     1.000000000
     0.112404515    19.636078718     1.000000000
     0.112771257    19.635401703     1.000000000
     0.113138000    19.634722121     1.000000000
     0.113504743    19.634039987     1.000000000
     0.113871485    19.633355313     1.000000000
     0.114238228    19.632668115     1.000000000
     0.114604971    19.631978404     1.000000000
     0.114971714    19.631286197     1.000000000
     0.115338456    19.630591506     1.000000000
     0.115705199    19.629894345     1.000000000
     0.116071942    19.629194729     1.000000000
     0.116438684    19.628492672     1.000000000
     0.116805427    19.627788188     1.000000000
     0.117172170    19.627081291     1.000000000
     0.117538913    19.626371996     1.000000000
     0.117905655    19.625660317     1.000000000
     0.118272398    19.624946270     1.000000000
     0.118639141    19.624229867     1.000000000
     0.119005883    19.623511125     1.000000000
     0.119372626    19.622790058     1.000000000
     0.119739369    19.622066681     1.000000000
     0.120106111    19.621341008     1.000000000
     0.120472854    19.620613055     1.000000000
     0.120839597    19.619882836     1.000000000
     0.121206340    19.619150367     1.000000000
     0.121573082    19.618415663     1.000000000
     0.121939825    19.617678738     1.000000000
     0.122306568    19.616939609     1.000000000
     0.122673310    19.616198291     1.000000000
     0.123040053    19.615454799     1.000000000
     0.123406796    19.614709147     1.000000000
     0.123773539    19.613961353     1.000000000
     0.124140281    19.613211432     1.000000000
     0.124507024    19.612459398     1.000000000
     0.124873767    19.611705269     1.000000000
     0.125240509    19.610949058     1.000000000
     0.125607252    19.610190784     1.000000000
     0.125973995    19.609430460     1.000000000
     0.126340738    19.608668103     1.000000000
     0.126707480    19.607903730     1.000000000
     0.127074223    19.607137356     1.000000000
     0.127440966    19.606368996     1.000000000
     0.127807708    19.605598668     1.000000000
     0.128174451    19.604826388     1.000000000
     0.128541194    19.604052171     1.000000000
     0.128907937    19.603276033     1.000000000
     0.129274679    19.602497992     1.000000000
     0.129641422    19.601718064     1.000000000
     0.130008165    19.600936265     1.000000000
     0.130374907    19.600152611     1.000000000
     0.130741650    19.599367119     1.000000000
     0.131108393    19.598579805     1.000000000
     0.131475136    19.597790687     1.000000000
     0.131841878    19.596999780     1.000000000
     0.132208621    19.596207101     1.000000000
     0.132575364    19.595412668     1.000000000
     0.132942106    19.594616496     1.000000000
     0.133308849    19.593818604     1.000000000
     0.133675592    19.593019006     1.000000000
     0.134042335    19.592217721     1.000000000
     0.134409077    19.591414765     1.000000000
     0.134775820    19.590610156     1.000000000
     0.135142563    19.589803909     1.000000000
     0.135509305    19.588996043     1.000000000
     0.135876048    19.588186574     1.000000000
     0.136242791    19.587375519     1.000000000
     0.136609534    19.586562896     1.000000000
     0.136976276    19.585748721     1.000000000
     0.137343019    19.584933013     1.000000000
     0.137709762    19.584115787     1.000000000
     0.138076504    19.583297061     1.000000000
     0.138443247    19.582476853     1.000000000
     0.138809990    19.581655180     1.000000000
     0.139176733    19.580832058     1.000000000
     0.139543475    19.580007506     1.000000000
     0.139910218    19.579181541     1.000000000
     0.140276961    19.578354180     1.000000000
     0.140643703    19.577525441     1.000000000
     0.141010446    19.576695341     1.000000000
     0.141377189    19.575863897     1.000000000
     0.141743931    19.575031128     1.000000000
     0.142110674    19.574197049     1.000000000
     0.142477417    19.573361680     1.000000000
     0.142844160    19.572525037     1.000000000
     0.143210902    19.571687139     1.000000000
     0.143577645    19.570848002     1.000000000
     0.143944388    19.570007644     1.000000000
     0.144311130    19.569166083     1.000000000
     0.144677873    19.568323336     1.000000000
     0.145044616    19.567479422     1.000000000
     0.145411359    19.566634357     1.000000000
     0.145778101    19.565788160     1.000000000
     0.146144844    19.564940847     1.000000000
     0.146511587    19.564092437     1.000000000
     0.146878329    19.563242948     1.000000000
     0.147245072    19.562392397     1.000000000
     0.147611815    19.561540801     1.000000000
     0.147978558    19.560688178     1.000000000
     0.148345300    19.559834547     1.000000000
     0.148712043    19.558979925     1.000000000
     0.149078786    19.558124329     1.000000000
     0.149445528    19.557267777     1.000000000
     0.149812271    19.556410287     1.000000000
     0.150179014    19.555551876     1.000000000
     0.150545757    19.554692563     1.000000000
     0.150912499    19.553832366     1.000000000
     0.151279242    19.552971300     1.000000000
     0.151645985    19.552109386     1.000000000
     0.152012727    19.551246639     1.000000000
     0.152379470    19.550383078     1.000000000
     0.152746213    19.549518721     1.000000000
     0.153112956    19.548653585     1.000000000
     0.153479698    19.547787688     1.000000000
     0.153846441    19.546921047     1.000000000
     0.154213184    19.546053681     1.000000000
     0.154579926    19.545185606     1.000000000
     0.154946669    19.544316841     1.000000000
     0.155313412    19.543447404     1.000000000
     0.155680155    19.542577311     1.000000000
     0.156046897    19.541706580     1.000000000
     0.156413640    19.540835230     1.000000000
     0.156780383    19.539963277     1.000000000
     0.157147125    19.539090739     1.000000000
     0.157513868    19.538217634     1.000000000
     0.157880611    19.537343979     1.000000000
     0.158247354    19.536469792     1.000000000
     0.158614096    19.535595091     1.000000000
     0.158980839    19.534719892     1.000000000
     0.159347582    19.533844213     1.000000000
     0.159714324    19.532968072     1.000000000
     0.160081067    19.532091487     1.000000000
     0.160447810    19.531214473     1.000000000
     0.160814553    19.530337050     1.000000000
     0.161181295    19.529459234     1.000000000
     0.161548038    19.528581043     1.000000000
     0.161914781    19.527702493     1.000000000
     0.162281523    19.526823603     1.000000000
     0.162648266    19.525944389     1.000000000
     0.163015009    19.525064869     1.000000000
     0.163381751    19.524185061     1.000000000
     0.163748494    19.523304980     1.000000000
     0.164115237    19.522424644     1.000000000
     0.164481980    19.521544071     1.000000000
     0.164848722    19.520663278     1.000000000
     0.165215465    19.519782281     1.000000000
     0.165582208    19.518901098     1.000000000
     0.165948950    19.518019746     1.000000000
     0.166315693    19.517138241     1.000000000
     0.166682436    19.516256601     1.000000000
     0.167049179    19.515374842     1.000000000
     0.167415921    19.514492982     1.000000000
     0.167782664    19.513611037     1.000000000
     0.168149407    19.512729024     1.000000000
     0.168516149    19.511846960     1.000000000
     0.168882892    19.510964862     1.000000000
     0.169249635    19.510082745     1.000000000
     0.169616378    19.509200628     1.000000000
     0.169983120    19.508318527     1.000000000
     0.170349863    19.507436457     1.000000000
     0.170716606    19.506554436     1.000000000
     0.171083348    19.505672481     1.000000000
     0.171450091    19.504790607     1.000000000
     0.171816834    19.503908832     1.000000000
     0.172183577    19.503027170     1.000000000
     0.172550319    19.502145640     1.000000000
  
     0.000000000    19.976549563     1.000000000
     0.000352217    19.977049903     1.000000000
     0.000704434    19.977547541     1.000000000
     0.001056651    19.978042499     1.000000000
     0.001408868    19.978534801     1.000000000
     0.001761085    19.979024468     1.000000000
     0.002113302    19.979511525     1.000000000
     0.002465519    19.979995994     1.000000000
     0.002817736    19.980477897     1.000000000
     0.003169953    19.980957256     1.000000000
     0.003522170    19.981434094     1.000000000
     0.003874386    19.981908432     1.000000000
     0.004226603    19.982380293     1.000000000
     0.004578820    19.982849698     1.000000000
     0.004931037    19.983316668     1.000000000
     0.005283254    19.983781226     1.000000000
     0.005635471    19.984243391     1.000000000
     0.005987688    19.984703186     1.000000000
     0.006339905    19.985160631     1.000000000
     0.006692122    19.985615747     1.000000000
     0.007044339    19.986068554     1.000000000
     0.007396556    19.986519073     1.000000000
     0.007748773    19.986967324     1.000000000
     0.008100990    19.987413328     1.000000000
     0.008453207    19.987857104     1.000000000
     0.008805424    19.988298671     1.000000000
     0.009157641    19.988738051     1.000000000
     0.009509858    19.989175262     1.000000000
     0.009862075    19.989610324     1.000000000
     0.010214292    19.990043255     1.000000000
     0.010566509    19.990474076     1.000000000
     0.010918726    19.990902805     1.000000000
     0.011270942    19.991329460     1.000000000
     0.011623159    19.991754061     1.000000000
     0.011975376    19.992176626     1.000000000
     0.012327593    19.992597174     1.000000000
     0.012679810    19.993015722     1.000000000
     0.013032027    19.993432289     1.000000000
     0.013384244    19.993846893     1.000000000
     0.013736461    19.994259551     1.000000000
     0.014088678    19.994670281     1.000000000
     0.014440895    19.995079101     1.000000000
     0.014793112    19.995486029     1.000000000
     0.015145329    19.995891081     1.000000000
     0.015497546    19.996294274     1.000000000
     0.015849763    19.996695627     1.000000000
     0.016201980    19.997095155     1.000000000
     0.016554197    19.997492875     1.000000000
     0.016906414    19.997888804     1.000000000
     0.017258631    19.998282959     1.000000000
     0.017610848    19.998675355     1.000000000
     0.017963065    19.999066010     1.000000000
     0.018315281    19.999454939     1.000000000
     0.018667498    19.999842158     1.000000000
     0.019019715    20.000227683     1.000000000
     0.019371932    20.000611529     1.000000000
     0.019724149    20.000993714     1.000000000
     0.020076366    20.001374251     1.000000000
     0.020428583    20.001753156     1.000000000
     0.020780800    20.002130445     1.000000000
     0.021133017    20.002506133     1.000000000
     0.021485234    20.002880234     1.000000000
     0.021837451    20.003252764     1.000000000
     0.022189668    20.003623737     1.000000000
     0.022541885    20.003993168     1.000000000
     0.022894102    20.004361072     1.000000000
     0.023246319    20.004727463     1.000000000
     0.023598536    20.005092355     1.000000000
     0.023950753    20.005455762     1.000000000
     0.024302970    20.005817700     1.000000000
     0.024655187    20.006178180     1.000000000
     0.025007404    20.006537219     1.000000000
     0.025359621    20.006894828     1.000000000
     0.025711837    20.007251023     1.000000000
     0.026064054    20.007605816     1.000000000
     0.026416271    20.007959220     1.000000000
     0.026768488    20.008311250     1.000000000
     0.027120705    20.008661919     1.000000000
     0.027472922    20.009011239     1.000000000
     0.027825139    20.009359223     1.000000000
     0.028177356    20.009705886     1.000000000
     0.028529573    20.010051238     1.000000000
     0.028881790    20.010395293     1.000000000
     0.029234007    20.010738064     1.000000000
     0.029586224    20.011079564     1.000000000
     0.029938441    20.011419804     1.000000000
     0.030290658    20.011758796     1.000000000
     0.030642875    20.012096554     1.000000000
     0.030995092    20.012433089     1.000000000
     0.031347309    20.012768413     1.000000000
     0.031699526    20.013102539     1.000000000
     0.032051743    20.013435477     1.000000000
     0.032403960    20.013767240     1.000000000
     0.032756177    20.014097840     1.000000000
     0.033108393    20.014427287     1.000000000
     0.033460610    20.014755594     1.000000000
     0.033812827    20.015082772     1.000000000
     0.034165044    20.015408831     1.000000000
     0.034517261    20.015733784     1.000000000
     0.034869478    20.016057642     1.000000000
     0.035221695    20.016380415     1.000000000
     0.035573912    20.016702114     1.000000000
     0.035926129    20.017022750     1.000000000
     0.036278346    20.017342334     1.000000000
     0.036630563    20.017660877     1.000000000
     0.036982780    20.017978388     1.000000000
     0.037334997    20.018294880     1.000000000
     0.037687214    20.018610361     1.000000000
     0.038039431    20.018924844     1.000000000
     0.038391648    20.019238336     1.000000000
     0.038743865    20.019550850     1.000000000
     0.039096082    20.019862394     1.000000000
     0.039448299    20.020172980     1.000000000
     0.039800516    20.020482616     1.000000000
     0.040152733    20.020791313     1.000000000
     0.040504949    20.021099081     1.000000000
     0.040857166    20.021405929     1.000000000
     0.041209383    20.021711867     1.000000000
     0.041561600    20.022016904     1.000000000
     0.041913817    20.022321050     1.000000000
     0.042266034    20.022624314     1.000000000
     0.042618251    20.022926707     1.000000000
     0.042970468    20.023228235     1.000000000
     0.043322685    20.023528910     1.000000000
     0.043674902    20.023828740     1.000000000
     0.044027119    20.024127735     1.000000000
     0.044379336    20.024425902     1.000000000
     0.044731553    20.024723252     1.000000000
     0.045083770    20.025019792     1.000000000
     0.045435987    20.025315532     1.000000000
     0.045788204    20.025610480     1.000000000
     0.046140421    20.025904645     1.000000000
     0.046492638    20.026198036     1.000000000
     0.046844855    20.026490661     1.000000000
     0.047197072    20.026782528     1.000000000
     0.047549289    20.027073645     1.000000000
     0.047901505    20.027364022     1.000000000
     0.048253722    20.027653666     1.000000000
     0.048605939    20.027942585     1.000000000
     0.048958156    20.028230788     1.000000000
     0.049310373    20.028518282     1.000000000
     0.049662590    20.028805076     1.000000000
     0.050014807    20.029091177     1.000000000
     0.050367024    20.029376593     1.000000000
     0.050719241    20.029661333     1.000000000
     0.051071458    20.029945403     1.000000000
     0.051423675    20.030228811     1.000000000
     0.051775892    20.030511565     1.000000000
     0.052128109    20.030793673     1.000000000
     0.052480326    20.031075142     1.000000000
     0.052832543    20.031355979     1.000000000
     0.053184760    20.031636192     1.000000000
     0.053536977    20.031915788     1.000000000
     0.053889194    20.032194774     1.000000000
     0.054241411    20.032473158     1.000000000
     0.054593628    20.032750946     1.000000000
     0.054945844    20.033028146     1.000000000
     0.055298061    20.033304765     1.000000000
     0.055650278    20.033580810     1.000000000
     0.056002495    20.033856287     1.000000000
     0.056354712    20.034131203     1.000000000
     0.056706929    20.034405566     1.000000000
     0.057059146    20.034679382     1.000000000
     0.057411363    20.034952658     1.000000000
     0.057763580    20.035225400     1.000000000
     0.058115797    20.035497616     1.000000000
     0.058468014    20.035769310     1.000000000
     0.058820231    20.036040491     1.000000000
     0.059172448    20.036311164     1.000000000
     0.059524665    20.036581337     1.000000000
     0.059876882    20.036851014     1.000000000
     0.060229099    20.037120203     1.000000000
     0.060581316    20.037388910     1.000000000
     0.060933533    20.037657141     1.000000000
     0.061285750    20.037924902     1.000000000
     0.061637967    20.038192199     1.000000000
     0.061990184    20.038459039     1.000000000
     0.062342400    20.038725427     1.000000000
     0.062694617    20.038991369     1.000000000
     0.063046834    20.039256871     1.000000000
     0.063399051    20.039521940     1.000000000
     0.063751268    20.039786580     1.000000000
     0.064103485    20.040050798     1.000000000
     0.064455702    20.040314600     1.000000000
     0.064807919    20.040577991     1.000000000
     0.065160136    20.040840976     1.000000000
     0.065512353    20.041103562     1.000000000
     0.065864570    20.041365754     1.000000000
     0.066216787    20.041627557     1.000000000
     0.066569004    20.041888978     1.000000000
     0.066921221    20.042150020     1.000000000
     0.067273438    20.042410691     1.000000000
     0.067625655    20.042670994     1.000000000
     0.067977872    20.042930936     1.000000000
     0.068330089    20.043190522     1.000000000
     0.068682306    20.043449757     1.000000000
     0.069034523    20.043708646     1.000000000
     0.069386740    20.043967194     1.000000000
     0.069738956    20.044225406     1.000000000
     0.070091173    20.044483288     1.000000000
     0.070443390    20.044740845     1.000000000
     0.070795607    20.044998081     1.000000000
     0.071147824    20.045255001     1.000000000
     0.071500041    20.045511611     1.000000000
     0.071852258    20.045767915     1.000000000
     0.072204475    20.046023918     1.000000000
     0.072556692    20.046279625     1.000000000
     0.072908909    20.046535041     1.000000000
     0.073261126    20.046790170     1.000000000
     0.073613343    20.047045017     1.000000000
     0.073965560    20.047299587     1.000000000
     0.074317777    20.047553884     1.000000000
     0.074669994    20.047807913     1.000000000
     0.075022211    20.048061679     1.000000000
     0.075374428    20.048315186     1.000000000
     0.075726645    20.048568438     1.000000000
     0.076078862    20.048821440     1.000000000
     0.076431079    20.049074196     1.000000000
     0.076783296    20.049326711     1.000000000
     0.077135512    20.049578990     1.000000000
     0.077487729    20.049831035     1.000000000
     0.077839946    20.050082853     1.000000000
     0.078192163    20.050334446     1.000000000
     0.078544380    20.050585819     1.000000000
     0.078896597    20.050836977     1.000000000
     0.079248814    20.051087923     1.000000000
     0.079601031    20.051338662     1.000000000
     0.079953248    20.051589197     1.000000000
     0.080305465    20.051839533     1.000000000
     0.080657682    20.052089674     1.000000000
     0.081009899    20.052339624     1.000000000
     0.081362116    20.052589386     1.000000000
     0.081714333    20.052838965     1.000000000
     0.082066550    20.053088364     1.000000000
     0.082418767    20.053337588     1.000000000
     0.082770984    20.053586640     1.000000000
     0.083123201    20.053835524     1.000000000
     0.083475418    20.054084244     1.000000000
     0.083827635    20.054332804     1.000000000
     0.084179851    20.054581207     1.000000000
     0.084532068    20.054829457     1.000000000
     0.084532068    20.247421378     1.000000000
     0.084898811    20.245647397     1.000000000
     0.085265554    20.243871092     1.000000000
     0.085632297    20.242092478     1.000000000
     0.085999039    20.240311567     1.000000000
     0.086365782    20.238528376     1.000000000
     0.086732525    20.236742919     1.000000000
     0.087099267    20.234955210     1.000000000
     0.087466010    20.233165265     1.000000000
     0.087832753    20.231373097     1.000000000
     0.088199496    20.229578724     1.000000000
     0.088566238    20.227782159     1.000000000
     0.088932981    20.225983417     1.000000000
     0.089299724    20.224182516     1.000000000
     0.089666466    20.222379469     1.000000000
     0.090033209    20.220574293     1.000000000
     0.090399952    20.218767003     1.000000000
     0.090766695    20.216957615     1.000000000
     0.091133437    20.215146145     1.000000000
     0.091500180    20.213332610     1.000000000
     0.091866923    20.211517025     1.000000000
     0.092233665    20.209699407     1.000000000
     0.092600408    20.207879772     1.000000000
     0.092967151    20.206058137     1.000000000
     0.093333894    20.204234517     1.000000000
     0.093700636    20.202408930     1.000000000
     0.094067379    20.200581393     1.000000000
     0.094434122    20.198751921     1.000000000
     0.094800864    20.196920533     1.000000000
     0.095167607    20.195087245     1.000000000
     0.095534350    20.193252074     1.000000000
     0.095901093    20.191415037     1.000000000
     0.096267835    20.189576152     1.000000000
     0.096634578    20.187735435     1.000000000
     0.097001321    20.185892904     1.000000000
     0.097368063    20.184048577     1.000000000
     0.097734806    20.182202471     1.000000000
     0.098101549    20.180354603     1.000000000
     0.098468291    20.178504992     1.000000000
     0.098835034    20.176653654     1.000000000
     0.099201777    20.174800608     1.000000000
     0.099568520    20.172945871     1.000000000
     0.099935262    20.171089461     1.000000000
     0.100302005    20.169231396     1.000000000
     0.100668748    20.167371694     1.000000000
     0.101035490    20.165510373     1.000000000
     0.101402233    20.163647451     1.000000000
     0.101768976    20.161782946     1.000000000
     0.102135719    20.159916876     1.000000000
     0.102502461    20.158049259     1.000000000
     0.102869204    20.156180114     1.000000000
     0.103235947    20.154309458     1.000000000
     0.103602689    20.152437310     1.000000000
     0.103969432    20.150563688     1.000000000
     0.104336175    20.148688610     1.000000000
     0.104702918    20.146812095     1.000000000
     0.105069660    20.144934161     1.000000000
     0.105436403    20.143054826     1.000000000
     0.105803146    20.141174109     1.000000000
     0.106169888    20.139292027     1.000000000
     0.106536631    20.137408600     1.000000000
     0.106903374    20.135523846     1.000000000
     0.107270117    20.133637783     1.000000000
     0.107636859    20.131750430     1.000000000
     0.108003602    20.129861804     1.000000000
     0.108370345    20.127971925     1.000000000
     0.108737087    20.126080810     1.000000000
     0.109103830    20.124188478     1.000000000
     0.109470573    20.122294948     1.000000000
     0.109837316    20.120400238     1.000000000
     0.110204058    20.118504365     1.000000000
     0.110570801    20.116607350     1.000000000
     0.110937544    20.114709209     1.000000000
     0.111304286    20.112809961     1.000000000
     0.111671029    20.110909624     1.000000000
     0.112037772    20.109008217     1.000000000
     0.112404515    20.107105757     1.000000000
     0.112771257    20.105202264     1.000000000
     0.113138000    20.103297755     1.000000000
     0.113504743    20.101392248     1.000000000
     0.113871485    20.099485761     1.000000000
     0.114238228    20.097578313     1.000000000
     0.114604971    20.095669922     1.000000000
     0.114971714    20.093760604     1.000000000
     0.115338456    20.091850379     1.000000000
     0.115705199    20.089939265     1.000000000
     0.116071942    20.088027278     1.000000000
     0.116438684    20.086114437     1.000000000
     0.116805427    20.084200760     1.000000000
     0.117172170    20.082286264     1.000000000
     0.117538913    20.080370967     1.000000000
     0.117905655    20.078454886     1.000000000
     0.118272398    20.076538040     1.000000000
     0.118639141    20.074620445     1.000000000
     0.119005883    20.072702119     1.000000000
     0.119372626    20.070783079     1.000000000
     0.119739369    20.068863342     1.000000000
     0.120106111    20.066942927     1.000000000
     0.120472854    20.065021849     1.000000000
     0.120839597    20.063100126     1.000000000
     0.121206340    20.061177775     1.000000000
     0.121573082    20.059254812     1.000000000
     0.121939825    20.057331255     1.000000000
     0.122306568    20.055407121     1.000000000
     0.122673310    20.053482426     1.000000000
     0.123040053    20.051557186     1.000000000
     0.123406796    20.049631419     1.000000000
     0.123773539    20.047705140     1.000000000
     0.124140281    20.045778366     1.000000000
     0.124507024    20.043851114     1.000000000
     0.124873767    20.041923399     1.000000000
     0.125240509    20.039995238     1.000000000
     0.125607252    20.038066647     1.000000000
     0.125973995    20.036137641     1.000000000
     0.126340738    20.034208236     1.000000000
     0.126707480    20.032278449     1.000000000
     0.127074223    20.030348294     1.000000000
     0.127440966    20.028417788     1.000000000
     0.127807708    20.026486946     1.000000000
     0.128174451    20.024555783     1.000000000
     0.128541194    20.022624314     1.000000000
     0.128907937    20.020692556     1.000000000
     0.129274679    20.018760522     1.000000000
     0.129641422    20.016828227     1.000000000
     0.130008165    20.014895687     1.000000000
     0.130374907    20.012962917     1.000000000
     0.130741650    20.011029931     1.000000000
     0.131108393    20.009096743     1.000000000
     0.131475136    20.007163368     1.000000000
     0.131841878    20.005229821     1.000000000
     0.132208621    20.003296116     1.000000000
     0.132575364    20.001362266     1.000000000
     0.132942106    19.999428287     1.000000000
     0.133308849    19.997494191     1.000000000
     0.133675592    19.995559993     1.000000000
     0.134042335    19.993625706     1.000000000
     0.134409077    19.991691344     1.000000000
     0.134775820    19.989756921     1.000000000
     0.135142563    19.987822450     1.000000000
     0.135509305    19.985887944     1.000000000
     0.135876048    19.983953417     1.000000000
     0.136242791    19.982018881     1.000000000
     0.136609534    19.980084349     1.000000000
     0.136976276    19.978149835     1.000000000
     0.137343019    19.976215351     1.000000000
     0.137709762    19.974280909     1.000000000
     0.138076504    19.972346523     1.000000000
     0.138443247    19.970412204     1.000000000
     0.138809990    19.968477965     1.000000000
     0.139176733    19.966543818     1.000000000
     0.139543475    19.964609776     1.000000000
     0.139910218    19.962675849     1.000000000
     0.140276961    19.960742050     1.000000000
     0.140643703    19.958808391     1.000000000
     0.141010446    19.956874884     1.000000000
     0.141377189    19.954941539     1.000000000
     0.141743931    19.953008368     1.000000000
     0.142110674    19.951075383     1.000000000
     0.142477417    19.949142594     1.000000000
     0.142844160    19.947210013     1.000000000
     0.143210902    19.945277651     1.000000000
     0.143577645    19.943345519     1.000000000
     0.143944388    19.941413626     1.000000000
     0.144311130    19.939481985     1.000000000
     0.144677873    19.937550605     1.000000000
     0.145044616    19.935619496     1.000000000
     0.145411359    19.933688670     1.000000000
     0.145778101    19.931758136     1.000000000
     0.146144844    19.929827905     1.000000000
     0.146511587    19.927897985     1.000000000
     0.146878329    19.925968388     1.000000000
     0.147245072    19.924039123     1.000000000
     0.147611815    19.922110199     1.000000000
     0.147978558    19.920181626     1.000000000
     0.148345300    19.918253414     1.000000000
     0.148712043    19.916325572     1.000000000
     0.149078786    19.914398108     1.000000000
     0.149445528    19.912471033     1.000000000
     0.149812271    19.910544355     1.000000000
     0.150179014    19.908618082     1.000000000
     0.150545757    19.906692225     1.000000000
     0.150912499    19.904766791     1.000000000
     0.151279242    19.902841790     1.000000000
     0.151645985    19.900917228     1.000000000
     0.152012727    19.898993116     1.000000000
     0.152379470    19.897069461     1.000000000
     0.152746213    19.895146272     1.000000000
     0.153112956    19.893223556     1.000000000
     0.153479698    19.891301321     1.000000000
     0.153846441    19.889379576     1.000000000
     0.154213184    19.887458328     1.000000000
     0.154579926    19.885537585     1.000000000
     0.154946669    19.883617354     1.000000000
     0.155313412    19.881697644     1.000000000
     0.155680155    19.879778461     1.000000000
     0.156046897    19.877859812     1.000000000
     0.156413640    19.875941705     1.000000000
     0.156780383    19.874024148     1.000000000
     0.157147125    19.872107146     1.000000000
     0.157513868    19.870190708     1.000000000
     0.157880611    19.868274839     1.000000000
     0.158247354    19.866359547     1.000000000
     0.158614096    19.864444838     1.000000000
     0.158980839    19.862530719     1.000000000
     0.159347582    19.860617197     1.000000000
     0.159714324    19.858704277     1.000000000
     0.160081067    19.856791967     1.000000000
     0.160447810    19.854880272     1.000000000
     0.160814553    19.852969198     1.000000000
     0.161181295    19.851058752     1.000000000
     0.161548038    19.849148940     1.000000000
     0.161914781    19.847239767     1.000000000
     0.162281523    19.845331240     1.000000000
     0.162648266    19.843423364     1.000000000
     0.163015009    19.841516144     1.000000000
     0.163381751    19.839609588     1.000000000
     0.163748494    19.837703699     1.000000000
     0.164115237    19.835798483     1.000000000
     0.164481980    19.833893946     1.000000000
     0.164848722    19.831990094     1.000000000
     0.165215465    19.830086931     1.000000000
     0.165582208    19.828184462     1.000000000
     0.165948950    19.826282692     1.000000000
     0.166315693    19.824381628     1.000000000
     0.166682436    19.822481273     1.000000000
     0.167049179    19.820581632     1.000000000
     0.167415921    19.818682711     1.000000000
     0.167782664    19.816784513     1.000000000
     0.168149407    19.814887044     1.000000000
     0.168516149    19.812990309     1.000000000
     0.168882892    19.811094311     1.000000000
     0.169249635    19.809199055     1.000000000
     0.169616378    19.807304547     1.000000000
     0.169983120    19.805410789     1.000000000
     0.170349863    19.803517787     1.000000000
     0.170716606    19.801625545     1.000000000
     0.171083348    19.799734066     1.000000000
     0.171450091    19.797843355     1.000000000
     0.171816834    19.795953417     1.000000000
     0.172183577    19.794064254     1.000000000
     0.172550319    19.792175872     1.000000000
  
     0.000000000    20.660623675     1.000000000
     0.000352217    20.661119991     1.000000000
     0.000704434    20.661612887     1.000000000
     0.001056651    20.662102372     1.000000000
     0.001408868    20.662588454     1.000000000
     0.001761085    20.663071143     1.000000000
     0.002113302    20.663550448     1.000000000
     0.002465519    20.664026378     1.000000000
     0.002817736    20.664498942     1.000000000
     0.003169953    20.664968150     1.000000000
     0.003522170    20.665434012     1.000000000
     0.003874386    20.665896537     1.000000000
     0.004226603    20.666355736     1.000000000
     0.004578820    20.666811619     1.000000000
     0.004931037    20.667264195     1.000000000
     0.005283254    20.667713475     1.000000000
     0.005635471    20.668159470     1.000000000
     0.005987688    20.668602191     1.000000000
     0.006339905    20.669041647     1.000000000
     0.006692122    20.669477850     1.000000000
     0.007044339    20.669910811     1.000000000
     0.007396556    20.670340540     1.000000000
     0.007748773    20.670767049     1.000000000
     0.008100990    20.671190350     1.000000000
     0.008453207    20.671610452     1.000000000
     0.008805424    20.672027369     1.000000000
     0.009157641    20.672441111     1.000000000
     0.009509858    20.672851689     1.000000000
     0.009862075    20.673259116     1.000000000
     0.010214292    20.673663404     1.000000000
     0.010566509    20.674064563     1.000000000
     0.010918726    20.674462607     1.000000000
     0.011270942    20.674857546     1.000000000
     0.011623159    20.675249394     1.000000000
     0.011975376    20.675638161     1.000000000
     0.012327593    20.676023860     1.000000000
     0.012679810    20.676406504     1.000000000
     0.013032027    20.676786104     1.000000000
     0.013384244    20.677162673     1.000000000
     0.013736461    20.677536224     1.000000000
     0.014088678    20.677906768     1.000000000
     0.014440895    20.678274318     1.000000000
     0.014793112    20.678638886     1.000000000
     0.015145329    20.679000486     1.000000000
     0.015497546    20.679359129     1.000000000
     0.015849763    20.679714828     1.000000000
     0.016201980    20.680067597     1.000000000
     0.016554197    20.680417446     1.000000000
     0.016906414    20.680764390     1.000000000
     0.017258631    20.681108441     1.000000000
     0.017610848    20.681449611     1.000000000
     0.017963065    20.681787913     1.000000000
     0.018315281    20.682123361     1.000000000
     0.018667498    20.682455966     1.000000000
     0.019019715    20.682785742     1.000000000
     0.019371932    20.683112701     1.000000000
     0.019724149    20.683436857     1.000000000
     0.020076366    20.683758222     1.000000000
     0.020428583    20.684076808     1.000000000
     0.020780800    20.684392630     1.000000000
     0.021133017    20.684705699     1.000000000
     0.021485234    20.685016028     1.000000000
     0.021837451    20.685323631     1.000000000
     0.022189668    20.685628519     1.000000000
     0.022541885    20.685930707     1.000000000
     0.022894102    20.686230206     1.000000000
     0.023246319    20.686527030     1.000000000
     0.023598536    20.686821191     1.000000000
     0.023950753    20.687112702     1.000000000
     0.024302970    20.687401577     1.000000000
     0.024655187    20.687687826     1.000000000
     0.025007404    20.687971465     1.000000000
     0.025359621    20.688252504     1.000000000
     0.025711837    20.688530958     1.000000000
     0.026064054    20.688806838     1.000000000
     0.026416271    20.689080157     1.000000000
     0.026768488    20.689350929     1.000000000
     0.027120705    20.689619165     1.000000000
     0.027472922    20.689884878     1.000000000
     0.027825139    20.690148081     1.000000000
     0.028177356    20.690408786     1.000000000
     0.028529573    20.690667006     1.000000000
     0.028881790    20.690922754     1.000000000
     0.029234007    20.691176041     1.000000000
     0.029586224    20.691426881     1.000000000
     0.029938441    20.691675285     1.000000000
     0.030290658    20.691921267     1.000000000
     0.030642875    20.692164838     1.000000000
     0.030995092    20.692406010     1.000000000
     0.031347309    20.692644797     1.000000000
     0.031699526    20.692881210     1.000000000
     0.032051743    20.693115262     1.000000000
     0.032403960    20.693346964     1.000000000
     0.032756177    20.693576329     1.000000000
     0.033108393    20.693803369     1.000000000
     0.033460610    20.694028096     1.000000000
     0.033812827    20.694250521     1.000000000
     0.034165044    20.694470658     1.000000000
     0.034517261    20.694688517     1.000000000
     0.034869478    20.694904111     1.000000000
     0.035221695    20.695117452     1.000000000
     0.035573912    20.695328551     1.000000000
     0.035926129    20.695537420     1.000000000
     0.036278346    20.695744071     1.000000000
     0.036630563    20.695948515     1.000000000
     0.036982780    20.696150764     1.000000000
     0.037334997    20.696350830     1.000000000
     0.037687214    20.696548723     1.000000000
     0.038039431    20.696744457     1.000000000
     0.038391648    20.696938041     1.000000000
     0.038743865    20.697129488     1.000000000
     0.039096082    20.697318808     1.000000000
     0.039448299    20.697506014     1.000000000
     0.039800516    20.697691115     1.000000000
     0.040152733    20.697874124     1.000000000
     0.040504949    20.698055051     1.000000000
     0.040857166    20.698233908     1.000000000
     0.041209383    20.698410706     1.000000000
     0.041561600    20.698585454     1.000000000
     0.041913817    20.698758166     1.000000000
     0.042266034    20.698928850     1.000000000
     0.042618251    20.699097519     1.000000000
     0.042970468    20.699264183     1.000000000
     0.043322685    20.699428852     1.000000000
     0.043674902    20.699591537     1.000000000
     0.044027119    20.699752249     1.000000000
     0.044379336    20.699910998     1.000000000
     0.044731553    20.700067796     1.000000000
     0.045083770    20.700222651     1.000000000
     0.045435987    20.700375576     1.000000000
     0.045788204    20.700526579     1.000000000
     0.046140421    20.700675671     1.000000000
     0.046492638    20.700822863     1.000000000
     0.046844855    20.700968165     1.000000000
     0.047197072    20.701111586     1.000000000
     0.047549289    20.701253137     1.000000000
     0.047901505    20.701392828     1.000000000
     0.048253722    20.701530669     1.000000000
     0.048605939    20.701666670     1.000000000
     0.048958156    20.701800840     1.000000000
     0.049310373    20.701933189     1.000000000
     0.049662590    20.702063727     1.000000000
     0.050014807    20.702192464     1.000000000
     0.050367024    20.702319410     1.000000000
     0.050719241    20.702444573     1.000000000
     0.051071458    20.702567964     1.000000000
     0.051423675    20.702689591     1.000000000
     0.051775892    20.702809465     1.000000000
     0.052128109    20.702927594     1.000000000
     0.052480326    20.703043988     1.000000000
     0.052832543    20.703158657     1.000000000
     0.053184760    20.703271608     1.000000000
     0.053536977    20.703382853     1.000000000
     0.053889194    20.703492398     1.000000000
     0.054241411    20.703600255     1.000000000
     0.054593628    20.703706430     1.000000000
     0.054945844    20.703810935     1.000000000
     0.055298061    20.703913776     1.000000000
     0.055650278    20.704014964     1.000000000
     0.056002495    20.704114506     1.000000000
     0.056354712    20.704212412     1.000000000
     0.056706929    20.704308690     1.000000000
     0.057059146    20.704403350     1.000000000
     0.057411363    20.704496398     1.000000000
     0.057763580    20.704587844     1.000000000
     0.058115797    20.704677697     1.000000000
     0.058468014    20.704765964     1.000000000
     0.058820231    20.704852654     1.000000000
     0.059172448    20.704937775     1.000000000
     0.059524665    20.705021336     1.000000000
     0.059876882    20.705103345     1.000000000
     0.060229099    20.705183809     1.000000000
     0.060581316    20.705262737     1.000000000
     0.060933533    20.705340137     1.000000000
     0.061285750    20.705416017     1.000000000
     0.061637967    20.705490385     1.000000000
     0.061990184    20.705563248     1.000000000
     0.062342400    20.705634615     1.000000000
     0.062694617    20.705704493     1.000000000
     0.063046834    20.705772890     1.000000000
     0.063399051    20.705839813     1.000000000
     0.063751268    20.705905271     1.000000000
     0.064103485    20.705969270     1.000000000
     0.064455702    20.706031819     1.000000000
     0.064807919    20.706092924     1.000000000
     0.065160136    20.706152594     1.000000000
     0.065512353    20.706210835     1.000000000
     0.065864570    20.706267655     1.000000000
     0.066216787    20.706323062     1.000000000
     0.066569004    20.706377061     1.000000000
     0.066921221    20.706429662     1.000000000
     0.067273438    20.706480870     1.000000000
     0.067625655    20.706530692     1.000000000
     0.067977872    20.706579137     1.000000000
     0.068330089    20.706626210     1.000000000
     0.068682306    20.706671919     1.000000000
     0.069034523    20.706716271     1.000000000
     0.069386740    20.706759272     1.000000000
     0.069738956    20.706800929     1.000000000
     0.070091173    20.706841250     1.000000000
     0.070443390    20.706880240     1.000000000
     0.070795607    20.706917907     1.000000000
     0.071147824    20.706954257     1.000000000
     0.071500041    20.706989297     1.000000000
     0.071852258    20.707023032     1.000000000
     0.072204475    20.707055471     1.000000000
     0.072556692    20.707086618     1.000000000
     0.072908909    20.707116481     1.000000000
     0.073261126    20.707145066     1.000000000
     0.073613343    20.707172379     1.000000000
     0.073965560    20.707198427     1.000000000
     0.074317777    20.707223215     1.000000000
     0.074669994    20.707246750     1.000000000
     0.075022211    20.707269039     1.000000000
     0.075374428    20.707290086     1.000000000
     0.075726645    20.707309899     1.000000000
     0.076078862    20.707328483     1.000000000
     0.076431079    20.707345844     1.000000000
     0.076783296    20.707361988     1.000000000
     0.077135512    20.707376922     1.000000000
     0.077487729    20.707390650     1.000000000
     0.077839946    20.707403179     1.000000000
     0.078192163    20.707414515     1.000000000
     0.078544380    20.707424662     1.000000000
     0.078896597    20.707433628     1.000000000
     0.079248814    20.707441418     1.000000000
     0.079601031    20.707448036     1.000000000
     0.079953248    20.707453490     1.000000000
     0.080305465    20.707457784     1.000000000
     0.080657682    20.707460924     1.000000000
     0.081009899    20.707462915     1.000000000
     0.081362116    20.707463763     1.000000000
     0.081714333    20.707463473     1.000000000
     0.082066550    20.707462050     1.000000000
     0.082418767    20.707459501     1.000000000
     0.082770984    20.707455829     1.000000000
     0.083123201    20.707451041     1.000000000
     0.083475418    20.707445142     1.000000000
     0.083827635    20.707438136     1.000000000
     0.084179851    20.707430029     1.000000000
     0.084532068    20.707420827     1.000000000
     0.084532068    20.596495006     1.000000000
     0.084898811    20.597535949     1.000000000
     0.085265554    20.598573722     1.000000000
     0.085632297    20.599608323     1.000000000
     0.085999039    20.600639752     1.000000000
     0.086365782    20.601668006     1.000000000
     0.086732525    20.602693084     1.000000000
     0.087099267    20.603714984     1.000000000
     0.087466010    20.604733706     1.000000000
     0.087832753    20.605749246     1.000000000
     0.088199496    20.606761605     1.000000000
     0.088566238    20.607770781     1.000000000
     0.088932981    20.608776771     1.000000000
     0.089299724    20.609779576     1.000000000
     0.089666466    20.610779194     1.000000000
     0.090033209    20.611775624     1.000000000
     0.090399952    20.612768864     1.000000000
     0.090766695    20.613758913     1.000000000
     0.091133437    20.614745772     1.000000000
     0.091500180    20.615729437     1.000000000
     0.091866923    20.616709909     1.000000000
     0.092233665    20.617687188     1.000000000
     0.092600408    20.618661271     1.000000000
     0.092967151    20.619632158     1.000000000
     0.093333894    20.620599849     1.000000000
     0.093700636    20.621564343     1.000000000
     0.094067379    20.622525640     1.000000000
     0.094434122    20.623483739     1.000000000
     0.094800864    20.624438640     1.000000000
     0.095167607    20.625390342     1.000000000
     0.095534350    20.626338846     1.000000000
     0.095901093    20.627284151     1.000000000
     0.096267835    20.628226257     1.000000000
     0.096634578    20.629165164     1.000000000
     0.097001321    20.630100873     1.000000000
     0.097368063    20.631033384     1.000000000
     0.097734806    20.631962696     1.000000000
     0.098101549    20.632888812     1.000000000
     0.098468291    20.633811730     1.000000000
     0.098835034    20.634731451     1.000000000
     0.099201777    20.635647977     1.000000000
     0.099568520    20.636561309     1.000000000
     0.099935262    20.637471446     1.000000000
     0.100302005    20.638378390     1.000000000
     0.100668748    20.639282143     1.000000000
     0.101035490    20.640182706     1.000000000
     0.101402233    20.641080079     1.000000000
     0.101768976    20.641974265     1.000000000
     0.102135719    20.642865265     1.000000000
     0.102502461    20.643753081     1.000000000
     0.102869204    20.644637715     1.000000000
     0.103235947    20.645519169     1.000000000
     0.103602689    20.646397444     1.000000000
     0.103969432    20.647272544     1.000000000
     0.104336175    20.648144470     1.000000000
     0.104702918    20.649013225     1.000000000
     0.105069660    20.649878812     1.000000000
     0.105436403    20.650741233     1.000000000
     0.105803146    20.651600492     1.000000000
     0.106169888    20.652456591     1.000000000
     0.106536631    20.653309534     1.000000000
     0.106903374    20.654159324     1.000000000
     0.107270117    20.655005965     1.000000000
     0.107636859    20.655849460     1.000000000
     0.108003602    20.656689813     1.000000000
     0.108370345    20.657527028     1.000000000
     0.108737087    20.658361109     1.000000000
     0.109103830    20.659192061     1.000000000
     0.109470573    20.660019887     1.000000000
     0.109837316    20.660844593     1.000000000
     0.110204058    20.661666183     1.000000000
     0.110570801    20.662484663     1.000000000
     0.110937544    20.663300036     1.000000000
     0.111304286    20.664112309     1.000000000
     0.111671029    20.664921487     1.000000000
     0.112037772    20.665727575     1.000000000
     0.112404515    20.666530580     1.000000000
     0.112771257    20.667330506     1.000000000
     0.113138000    20.668127361     1.000000000
     0.113504743    20.668921151     1.000000000
     0.113871485    20.669711881     1.000000000
     0.114238228    20.670499559     1.000000000
     0.114604971    20.671284191     1.000000000
     0.114971714    20.672065785     1.000000000
     0.115338456    20.672844346     1.000000000
     0.115705199    20.673619884     1.000000000
     0.116071942    20.674392405     1.000000000
     0.116438684    20.675161917     1.000000000
     0.116805427    20.675928428     1.000000000
     0.117172170    20.676691946     1.000000000
     0.117538913    20.677452479     1.000000000
     0.117905655    20.678210035     1.000000000
     0.118272398    20.678964624     1.000000000
     0.118639141    20.679716253     1.000000000
     0.119005883    20.680464933     1.000000000
     0.119372626    20.681210671     1.000000000
     0.119739369    20.681953478     1.000000000
     0.120106111    20.682693363     1.000000000
     0.120472854    20.683430335     1.000000000
     0.120839597    20.684164405     1.000000000
     0.121206340    20.684895583     1.000000000
     0.121573082    20.685623878     1.000000000
     0.121939825    20.686349301     1.000000000
     0.122306568    20.687071864     1.000000000
     0.122673310    20.687791576     1.000000000
     0.123040053    20.688508449     1.000000000
     0.123406796    20.689222494     1.000000000
     0.123773539    20.689933722     1.000000000
     0.124140281    20.690642144     1.000000000
     0.124507024    20.691347773     1.000000000
     0.124873767    20.692050621     1.000000000
     0.125240509    20.692750699     1.000000000
     0.125607252    20.693448020     1.000000000
     0.125973995    20.694142596     1.000000000
     0.126340738    20.694834439     1.000000000
     0.126707480    20.695523563     1.000000000
     0.127074223    20.696209981     1.000000000
     0.127440966    20.696893705     1.000000000
     0.127807708    20.697574749     1.000000000
     0.128174451    20.698253126     1.000000000
     0.128541194    20.698928850     1.000000000
     0.128907937    20.699601935     1.000000000
     0.129274679    20.700272395     1.000000000
     0.129641422    20.700940244     1.000000000
     0.130008165    20.701605495     1.000000000
     0.130374907    20.702268165     1.000000000
     0.130741650    20.702928266     1.000000000
     0.131108393    20.703585815     1.000000000
     0.131475136    20.704240825     1.000000000
     0.131841878    20.704893312     1.000000000
     0.132208621    20.705543292     1.000000000
     0.132575364    20.706190778     1.000000000
     0.132942106    20.706835788     1.000000000
     0.133308849    20.707478337     1.000000000
     0.133675592    20.708118440     1.000000000
     0.134042335    20.708756113     1.000000000
     0.134409077    20.709391372     1.000000000
     0.134775820    20.710024234     1.000000000
     0.135142563    20.710654715     1.000000000
     0.135509305    20.711282832     1.000000000
     0.135876048    20.711908600     1.000000000
     0.136242791    20.712532037     1.000000000
     0.136609534    20.713153160     1.000000000
     0.136976276    20.713771984     1.000000000
     0.137343019    20.714388529     1.000000000
     0.137709762    20.715002809     1.000000000
     0.138076504    20.715614844     1.000000000
     0.138443247    20.716224650     1.000000000
     0.138809990    20.716832244     1.000000000
     0.139176733    20.717437645     1.000000000
     0.139543475    20.718040870     1.000000000
     0.139910218    20.718641936     1.000000000
     0.140276961    20.719240862     1.000000000
     0.140643703    20.719837666     1.000000000
     0.141010446    20.720432365     1.000000000
     0.141377189    20.721024977     1.000000000
     0.141743931    20.721615522     1.000000000
     0.142110674    20.722204016     1.000000000
     0.142477417    20.722790479     1.000000000
     0.142844160    20.723374928     1.000000000
     0.143210902    20.723957383     1.000000000
     0.143577645    20.724537862     1.000000000
     0.143944388    20.725116382     1.000000000
     0.144311130    20.725692964     1.000000000
     0.144677873    20.726267625     1.000000000
     0.145044616    20.726840385     1.000000000
     0.145411359    20.727411262     1.000000000
     0.145778101    20.727980275     1.000000000
     0.146144844    20.728547442     1.000000000
     0.146511587    20.729112783     1.000000000
     0.146878329    20.729676317     1.000000000
     0.147245072    20.730238063     1.000000000
     0.147611815    20.730798038     1.000000000
     0.147978558    20.731356264     1.000000000
     0.148345300    20.731912758     1.000000000
     0.148712043    20.732467539     1.000000000
     0.149078786    20.733020627     1.000000000
     0.149445528    20.733572041     1.000000000
     0.149812271    20.734121799     1.000000000
     0.150179014    20.734669921     1.000000000
     0.150545757    20.735216426     1.000000000
     0.150912499    20.735761333     1.000000000
     0.151279242    20.736304660     1.000000000
     0.151645985    20.736846428     1.000000000
     0.152012727    20.737386654     1.000000000
     0.152379470    20.737925358     1.000000000
     0.152746213    20.738462559     1.000000000
     0.153112956    20.738998276     1.000000000
     0.153479698    20.739532527     1.000000000
     0.153846441    20.740065332     1.000000000
     0.154213184    20.740596710     1.000000000
     0.154579926    20.741126678     1.000000000
     0.154946669    20.741655257     1.000000000
     0.155313412    20.742182465     1.000000000
     0.155680155    20.742708320     1.000000000
     0.156046897    20.743232842     1.000000000
     0.156413640    20.743756048     1.000000000
     0.156780383    20.744277957     1.000000000
     0.157147125    20.744798589     1.000000000
     0.157513868    20.745317960     1.000000000
     0.157880611    20.745836091     1.000000000
     0.158247354    20.746352998     1.000000000
     0.158614096    20.746868700     1.000000000
     0.158980839    20.747383216     1.000000000
     0.159347582    20.747896563     1.000000000
     0.159714324    20.748408760     1.000000000
     0.160081067    20.748919824     1.000000000
     0.160447810    20.749429774     1.000000000
     0.160814553    20.749938626     1.000000000
     0.161181295    20.750446400     1.000000000
     0.161548038    20.750953112     1.000000000
     0.161914781    20.751458780     1.000000000
     0.162281523    20.751963422     1.000000000
     0.162648266    20.752467055     1.000000000
     0.163015009    20.752969695     1.000000000
     0.163381751    20.753471362     1.000000000
     0.163748494    20.753972070     1.000000000
     0.164115237    20.754471838     1.000000000
     0.164481980    20.754970682     1.000000000
     0.164848722    20.755468620     1.000000000
     0.165215465    20.755965667     1.000000000
     0.165582208    20.756461840     1.000000000
     0.165948950    20.756957156     1.000000000
     0.166315693    20.757451632     1.000000000
     0.166682436    20.757945282     1.000000000
     0.167049179    20.758438125     1.000000000
     0.167415921    20.758930175     1.000000000
     0.167782664    20.759421448     1.000000000
     0.168149407    20.759911961     1.000000000
     0.168516149    20.760401728     1.000000000
     0.168882892    20.760890766     1.000000000
     0.169249635    20.761379090     1.000000000
     0.169616378    20.761866715     1.000000000
     0.169983120    20.762353657     1.000000000
     0.170349863    20.762839930     1.000000000
     0.170716606    20.763325550     1.000000000
     0.171083348    20.763810530     1.000000000
     0.171450091    20.764294887     1.000000000
     0.171816834    20.764778634     1.000000000
     0.172183577    20.765261786     1.000000000
     0.172550319    20.765744358     1.000000000
  
     0.000000000    21.072351564     1.000000000
     0.000352217    21.073018887     1.000000000
     0.000704434    21.073687211     1.000000000
     0.001056651    21.074356521     1.000000000
     0.001408868    21.075026803     1.000000000
     0.001761085    21.075698044     1.000000000
     0.002113302    21.076370227     1.000000000
     0.002465519    21.077043340     1.000000000
     0.002817736    21.077717367     1.000000000
     0.003169953    21.078392295     1.000000000
     0.003522170    21.079068109     1.000000000
     0.003874386    21.079744795     1.000000000
     0.004226603    21.080422338     1.000000000
     0.004578820    21.081100725     1.000000000
     0.004931037    21.081779942     1.000000000
     0.005283254    21.082459973     1.000000000
     0.005635471    21.083140805     1.000000000
     0.005987688    21.083822425     1.000000000
     0.006339905    21.084504817     1.000000000
     0.006692122    21.085187968     1.000000000
     0.007044339    21.085871864     1.000000000
     0.007396556    21.086556491     1.000000000
     0.007748773    21.087241835     1.000000000
     0.008100990    21.087927882     1.000000000
     0.008453207    21.088614619     1.000000000
     0.008805424    21.089302032     1.000000000
     0.009157641    21.089990106     1.000000000
     0.009509858    21.090678829     1.000000000
     0.009862075    21.091368187     1.000000000
     0.010214292    21.092058166     1.000000000
     0.010566509    21.092748752     1.000000000
     0.010918726    21.093439933     1.000000000
     0.011270942    21.094131694     1.000000000
     0.011623159    21.094824023     1.000000000
     0.011975376    21.095516906     1.000000000
     0.012327593    21.096210331     1.000000000
     0.012679810    21.096904282     1.000000000
     0.013032027    21.097598749     1.000000000
     0.013384244    21.098293717     1.000000000
     0.013736461    21.098989174     1.000000000
     0.014088678    21.099685107     1.000000000
     0.014440895    21.100381503     1.000000000
     0.014793112    21.101078348     1.000000000
     0.015145329    21.101775631     1.000000000
     0.015497546    21.102473339     1.000000000
     0.015849763    21.103171459     1.000000000
     0.016201980    21.103869979     1.000000000
     0.016554197    21.104568886     1.000000000
     0.016906414    21.105268167     1.000000000
     0.017258631    21.105967811     1.000000000
     0.017610848    21.106667806     1.000000000
     0.017963065    21.107368138     1.000000000
     0.018315281    21.108068797     1.000000000
     0.018667498    21.108769770     1.000000000
     0.019019715    21.109471045     1.000000000
     0.019371932    21.110172610     1.000000000
     0.019724149    21.110874453     1.000000000
     0.020076366    21.111576563     1.000000000
     0.020428583    21.112278929     1.000000000
     0.020780800    21.112981538     1.000000000
     0.021133017    21.113684379     1.000000000
     0.021485234    21.114387441     1.000000000
     0.021837451    21.115090712     1.000000000
     0.022189668    21.115794182     1.000000000
     0.022541885    21.116497838     1.000000000
     0.022894102    21.117201671     1.000000000
     0.023246319    21.117905669     1.000000000
     0.023598536    21.118609820     1.000000000
     0.023950753    21.119314115     1.000000000
     0.024302970    21.120018543     1.000000000
     0.024655187    21.120723092     1.000000000
     0.025007404    21.121427752     1.000000000
     0.025359621    21.122132514     1.000000000
     0.025711837    21.122837366     1.000000000
     0.026064054    21.123542298     1.000000000
     0.026416271    21.124247299     1.000000000
     0.026768488    21.124952361     1.000000000
     0.027120705    21.125657472     1.000000000
     0.027472922    21.126362622     1.000000000
     0.027825139    21.127067803     1.000000000
     0.028177356    21.127773003     1.000000000
     0.028529573    21.128478213     1.000000000
     0.028881790    21.129183424     1.000000000
     0.029234007    21.129888626     1.000000000
     0.029586224    21.130593809     1.000000000
     0.029938441    21.131298965     1.000000000
     0.030290658    21.132004083     1.000000000
     0.030642875    21.132709154     1.000000000
     0.030995092    21.133414171     1.000000000
     0.031347309    21.134119122     1.000000000
     0.031699526    21.134824000     1.000000000
     0.032051743    21.135528795     1.000000000
     0.032403960    21.136233499     1.000000000
     0.032756177    21.136938103     1.000000000
     0.033108393    21.137642599     1.000000000
     0.033460610    21.138346977     1.000000000
     0.033812827    21.139051229     1.000000000
     0.034165044    21.139755348     1.000000000
     0.034517261    21.140459324     1.000000000
     0.034869478    21.141163150     1.000000000
     0.035221695    21.141866817     1.000000000
     0.035573912    21.142570317     1.000000000
     0.035926129    21.143273643     1.000000000
     0.036278346    21.143976786     1.000000000
     0.036630563    21.144679739     1.000000000
     0.036982780    21.145382494     1.000000000
     0.037334997    21.146085043     1.000000000
     0.037687214    21.146787379     1.000000000
     0.038039431    21.147489494     1.000000000
     0.038391648    21.148191381     1.000000000
     0.038743865    21.148893033     1.000000000
     0.039096082    21.149594443     1.000000000
     0.039448299    21.150295602     1.000000000
     0.039800516    21.150996505     1.000000000
     0.040152733    21.151697145     1.000000000
     0.040504949    21.152397513     1.000000000
     0.040857166    21.153097604     1.000000000
     0.041209383    21.153797411     1.000000000
     0.041561600    21.154496927     1.000000000
     0.041913817    21.155196146     1.000000000
     0.042266034    21.155895061     1.000000000
     0.042618251    21.156593665     1.000000000
     0.042970468    21.157291953     1.000000000
     0.043322685    21.157989918     1.000000000
     0.043674902    21.158687554     1.000000000
     0.044027119    21.159384854     1.000000000
     0.044379336    21.160081813     1.000000000
     0.044731553    21.160778425     1.000000000
     0.045083770    21.161474684     1.000000000
     0.045435987    21.162170584     1.000000000
     0.045788204    21.162866119     1.000000000
     0.046140421    21.163561283     1.000000000
     0.046492638    21.164256072     1.000000000
     0.046844855    21.164950479     1.000000000
     0.047197072    21.165644499     1.000000000
     0.047549289    21.166338127     1.000000000
     0.047901505    21.167031358     1.000000000
     0.048253722    21.167724185     1.000000000
     0.048605939    21.168416605     1.000000000
     0.048958156    21.169108611     1.000000000
     0.049310373    21.169800199     1.000000000
     0.049662590    21.170491364     1.000000000
     0.050014807    21.171182102     1.000000000
     0.050367024    21.171872406     1.000000000
     0.050719241    21.172562273     1.000000000
     0.051071458    21.173251698     1.000000000
     0.051423675    21.173940676     1.000000000
     0.051775892    21.174629203     1.000000000
     0.052128109    21.175317274     1.000000000
     0.052480326    21.176004885     1.000000000
     0.052832543    21.176692031     1.000000000
     0.053184760    21.177378708     1.000000000
     0.053536977    21.178064912     1.000000000
     0.053889194    21.178750640     1.000000000
     0.054241411    21.179435885     1.000000000
     0.054593628    21.180120646     1.000000000
     0.054945844    21.180804917     1.000000000
     0.055298061    21.181488695     1.000000000
     0.055650278    21.182171977     1.000000000
     0.056002495    21.182854757     1.000000000
     0.056354712    21.183537033     1.000000000
     0.056706929    21.184218801     1.000000000
     0.057059146    21.184900057     1.000000000
     0.057411363    21.185580797     1.000000000
     0.057763580    21.186261019     1.000000000
     0.058115797    21.186940719     1.000000000
     0.058468014    21.187619893     1.000000000
     0.058820231    21.188298539     1.000000000
     0.059172448    21.188976652     1.000000000
     0.059524665    21.189654231     1.000000000
     0.059876882    21.190331270     1.000000000
     0.060229099    21.191007769     1.000000000
     0.060581316    21.191683723     1.000000000
     0.060933533    21.192359129     1.000000000
     0.061285750    21.193033985     1.000000000
     0.061637967    21.193708288     1.000000000
     0.061990184    21.194382035     1.000000000
     0.062342400    21.195055223     1.000000000
     0.062694617    21.195727850     1.000000000
     0.063046834    21.196399912     1.000000000
     0.063399051    21.197071408     1.000000000
     0.063751268    21.197742334     1.000000000
     0.064103485    21.198412689     1.000000000
     0.064455702    21.199082469     1.000000000
     0.064807919    21.199751673     1.000000000
     0.065160136    21.200420298     1.000000000
     0.065512353    21.201088342     1.000000000
     0.065864570    21.201755802     1.000000000
     0.066216787    21.202422677     1.000000000
     0.066569004    21.203088964     1.000000000
     0.066921221    21.203754660     1.000000000
     0.067273438    21.204419765     1.000000000
     0.067625655    21.205084276     1.000000000
     0.067977872    21.205748190     1.000000000
     0.068330089    21.206411507     1.000000000
     0.068682306    21.207074224     1.000000000
     0.069034523    21.207736339     1.000000000
     0.069386740    21.208397851     1.000000000
     0.069738956    21.209058758     1.000000000
     0.070091173    21.209719058     1.000000000
     0.070443390    21.210378749     1.000000000
     0.070795607    21.211037830     1.000000000
     0.071147824    21.211696300     1.000000000
     0.071500041    21.212354156     1.000000000
     0.071852258    21.213011397     1.000000000
     0.072204475    21.213668022     1.000000000
     0.072556692    21.214324030     1.000000000
     0.072908909    21.214979418     1.000000000
     0.073261126    21.215634186     1.000000000
     0.073613343    21.216288332     1.000000000
     0.073965560    21.216941856     1.000000000
     0.074317777    21.217594755     1.000000000
     0.074669994    21.218247029     1.000000000
     0.075022211    21.218898677     1.000000000
     0.075374428    21.219549697     1.000000000
     0.075726645    21.220200088     1.000000000
     0.076078862    21.220849850     1.000000000
     0.076431079    21.221498981     1.000000000
     0.076783296    21.222147481     1.000000000
     0.077135512    21.222795347     1.000000000
     0.077487729    21.223442581     1.000000000
     0.077839946    21.224089180     1.000000000
     0.078192163    21.224735144     1.000000000
     0.078544380    21.225380471     1.000000000
     0.078896597    21.226025163     1.000000000
     0.079248814    21.226669216     1.000000000
     0.079601031    21.227312632     1.000000000
     0.079953248    21.227955409     1.000000000
     0.080305465    21.228597546     1.000000000
     0.080657682    21.229239044     1.000000000
     0.081009899    21.229879900     1.000000000
     0.081362116    21.230520116     1.000000000
     0.081714333    21.231159690     1.000000000
     0.082066550    21.231798622     1.000000000
     0.082418767    21.232436911     1.000000000
     0.082770984    21.233074557     1.000000000
     0.083123201    21.233711560     1.000000000
     0.083475418    21.234347919     1.000000000
     0.083827635    21.234983634     1.000000000
     0.084179851    21.235618705     1.000000000
     0.084532068    21.236253131     1.000000000
     0.084532068    21.243969645     1.000000000
     0.084898811    21.242874759     1.000000000
     0.085265554    21.241782842     1.000000000
     0.085632297    21.240694022     1.000000000
     0.085999039    21.239608427     1.000000000
     0.086365782    21.238526179     1.000000000
     0.086732525    21.237447403     1.000000000
     0.087099267    21.236372217     1.000000000
     0.087466010    21.235300742     1.000000000
     0.087832753    21.234233093     1.000000000
     0.088199496    21.233169384     1.000000000
     0.088566238    21.232109730     1.000000000
     0.088932981    21.231054239     1.000000000
     0.089299724    21.230003022     1.000000000
     0.089666466    21.228956184     1.000000000
     0.090033209    21.227913832     1.000000000
     0.090399952    21.226876067     1.000000000
     0.090766695    21.225842992     1.000000000
     0.091133437    21.224814706     1.000000000
     0.091500180    21.223791307     1.000000000
     0.091866923    21.222772890     1.000000000
     0.092233665    21.221759549     1.000000000
     0.092600408    21.220751377     1.000000000
     0.092967151    21.219748464     1.000000000
     0.093333894    21.218750900     1.000000000
     0.093700636    21.217758770     1.000000000
     0.094067379    21.216772161     1.000000000
     0.094434122    21.215791156     1.000000000
     0.094800864    21.214815836     1.000000000
     0.095167607    21.213846283     1.000000000
     0.095534350    21.212882575     1.000000000
     0.095901093    21.211924788     1.000000000
     0.096267835    21.210972999     1.000000000
     0.096634578    21.210027280     1.000000000
     0.097001321    21.209087704     1.000000000
     0.097368063    21.208154342     1.000000000
     0.097734806    21.207227263     1.000000000
     0.098101549    21.206306533     1.000000000
     0.098468291    21.205392220     1.000000000
     0.098835034    21.204484386     1.000000000
     0.099201777    21.203583096     1.000000000
     0.099568520    21.202688411     1.000000000
     0.099935262    21.201800390     1.000000000
     0.100302005    21.200919092     1.000000000
     0.100668748    21.200044574     1.000000000
     0.101035490    21.199176892     1.000000000
     0.101402233    21.198316100     1.000000000
     0.101768976    21.197462249     1.000000000
     0.102135719    21.196615393     1.000000000
     0.102502461    21.195775581     1.000000000
     0.102869204    21.194942861     1.000000000
     0.103235947    21.194117280     1.000000000
     0.103602689    21.193298886     1.000000000
     0.103969432    21.192487721     1.000000000
     0.104336175    21.191683830     1.000000000
     0.104702918    21.190887255     1.000000000
     0.105069660    21.190098036     1.000000000
     0.105436403    21.189316212     1.000000000
     0.105803146    21.188541823     1.000000000
     0.106169888    21.187774904     1.000000000
     0.106536631    21.187015492     1.000000000
     0.106903374    21.186263620     1.000000000
     0.107270117    21.185519323     1.000000000
     0.107636859    21.184782633     1.000000000
     0.108003602    21.184053579     1.000000000
     0.108370345    21.183332193     1.000000000
     0.108737087    21.182618502     1.000000000
     0.109103830    21.181912534     1.000000000
     0.109470573    21.181214316     1.000000000
     0.109837316    21.180523872     1.000000000
     0.110204058    21.179841227     1.000000000
     0.110570801    21.179166403     1.000000000
     0.110937544    21.178499423     1.000000000
     0.111304286    21.177840307     1.000000000
     0.111671029    21.177189075     1.000000000
     0.112037772    21.176545746     1.000000000
     0.112404515    21.175910337     1.000000000
     0.112771257    21.175282866     1.000000000
     0.113138000    21.174663347     1.000000000
     0.113504743    21.174051795     1.000000000
     0.113871485    21.173448224     1.000000000
     0.114238228    21.172852647     1.000000000
     0.114604971    21.172265075     1.000000000
     0.114971714    21.171685519     1.000000000
     0.115338456    21.171113989     1.000000000
     0.115705199    21.170550493     1.000000000
     0.116071942    21.169995039     1.000000000
     0.116438684    21.169447635     1.000000000
     0.116805427    21.168908287     1.000000000
     0.117172170    21.168376998     1.000000000
     0.117538913    21.167853775     1.000000000
     0.117905655    21.167338620     1.000000000
     0.118272398    21.166831536     1.000000000
     0.118639141    21.166332525     1.000000000
     0.119005883    21.165841587     1.000000000
     0.119372626    21.165358722     1.000000000
     0.119739369    21.164883929     1.000000000
     0.120106111    21.164417208     1.000000000
     0.120472854    21.163958555     1.000000000
     0.120839597    21.163507967     1.000000000
     0.121206340    21.163065441     1.000000000
     0.121573082    21.162630971     1.000000000
     0.121939825    21.162204552     1.000000000
     0.122306568    21.161786177     1.000000000
     0.122673310    21.161375840     1.000000000
     0.123040053    21.160973533     1.000000000
     0.123406796    21.160579247     1.000000000
     0.123773539    21.160192973     1.000000000
     0.124140281    21.159814701     1.000000000
     0.124507024    21.159444420     1.000000000
     0.124873767    21.159082120     1.000000000
     0.125240509    21.158727787     1.000000000
     0.125607252    21.158381411     1.000000000
     0.125973995    21.158042976     1.000000000
     0.126340738    21.157712469     1.000000000
     0.126707480    21.157389876     1.000000000
     0.127074223    21.157075182     1.000000000
     0.127440966    21.156768370     1.000000000
     0.127807708    21.156469424     1.000000000
     0.128174451    21.156178327     1.000000000
     0.128541194    21.155895061     1.000000000
     0.128907937    21.155619608     1.000000000
     0.129274679    21.155351950     1.000000000
     0.129641422    21.155092067     1.000000000
     0.130008165    21.154839938     1.000000000
     0.130374907    21.154595544     1.000000000
     0.130741650    21.154358864     1.000000000
     0.131108393    21.154129875     1.000000000
     0.131475136    21.153908556     1.000000000
     0.131841878    21.153694885     1.000000000
     0.132208621    21.153488838     1.000000000
     0.132575364    21.153290391     1.000000000
     0.132942106    21.153099521     1.000000000
     0.133308849    21.152916204     1.000000000
     0.133675592    21.152740413     1.000000000
     0.134042335    21.152572124     1.000000000
     0.134409077    21.152411311     1.000000000
     0.134775820    21.152257948     1.000000000
     0.135142563    21.152112007     1.000000000
     0.135509305    21.151973462     1.000000000
     0.135876048    21.151842284     1.000000000
     0.136242791    21.151718447     1.000000000
     0.136609534    21.151601921     1.000000000
     0.136976276    21.151492678     1.000000000
     0.137343019    21.151390689     1.000000000
     0.137709762    21.151295924     1.000000000
     0.138076504    21.151208354     1.000000000
     0.138443247    21.151127947     1.000000000
     0.138809990    21.151054674     1.000000000
     0.139176733    21.150988503     1.000000000
     0.139543475    21.150929404     1.000000000
     0.139910218    21.150877344     1.000000000
     0.140276961    21.150832293     1.000000000
     0.140643703    21.150794217     1.000000000
     0.141010446    21.150763084     1.000000000
     0.141377189    21.150738862     1.000000000
     0.141743931    21.150721517     1.000000000
     0.142110674    21.150711016     1.000000000
     0.142477417    21.150707327     1.000000000
     0.142844160    21.150710413     1.000000000
     0.143210902    21.150720243     1.000000000
     0.143577645    21.150736781     1.000000000
     0.143944388    21.150759993     1.000000000
     0.144311130    21.150789843     1.000000000
     0.144677873    21.150826298     1.000000000
     0.145044616    21.150869322     1.000000000
     0.145411359    21.150918880     1.000000000
     0.145778101    21.150974935     1.000000000
     0.146144844    21.151037453     1.000000000
     0.146511587    21.151106397     1.000000000
     0.146878329    21.151181731     1.000000000
     0.147245072    21.151263418     1.000000000
     0.147611815    21.151351424     1.000000000
     0.147978558    21.151445709     1.000000000
     0.148345300    21.151546239     1.000000000
     0.148712043    21.151652977     1.000000000
     0.149078786    21.151765884     1.000000000
     0.149445528    21.151884924     1.000000000
     0.149812271    21.152010060     1.000000000
     0.150179014    21.152141255     1.000000000
     0.150545757    21.152278470     1.000000000
     0.150912499    21.152421669     1.000000000
     0.151279242    21.152570814     1.000000000
     0.151645985    21.152725867     1.000000000
     0.152012727    21.152886790     1.000000000
     0.152379470    21.153053546     1.000000000
     0.152746213    21.153226095     1.000000000
     0.153112956    21.153404402     1.000000000
     0.153479698    21.153588426     1.000000000
     0.153846441    21.153778131     1.000000000
     0.154213184    21.153973478     1.000000000
     0.154579926    21.154174430     1.000000000
     0.154946669    21.154380946     1.000000000
     0.155313412    21.154592991     1.000000000
     0.155680155    21.154810524     1.000000000
     0.156046897    21.155033509     1.000000000
     0.156413640    21.155261906     1.000000000
     0.156780383    21.155495678     1.000000000
     0.157147125    21.155734786     1.000000000
     0.157513868    21.155979192     1.000000000
     0.157880611    21.156228857     1.000000000
     0.158247354    21.156483744     1.000000000
     0.158614096    21.156743814     1.000000000
     0.158980839    21.157009029     1.000000000
     0.159347582    21.157279351     1.000000000
     0.159714324    21.157554742     1.000000000
     0.160081067    21.157835164     1.000000000
     0.160447810    21.158120578     1.000000000
     0.160814553    21.158410946     1.000000000
     0.161181295    21.158706232     1.000000000
     0.161548038    21.159006396     1.000000000
     0.161914781    21.159311402     1.000000000
     0.162281523    21.159621211     1.000000000
     0.162648266    21.159935785     1.000000000
     0.163015009    21.160255088     1.000000000
     0.163381751    21.160579081     1.000000000
     0.163748494    21.160907727     1.000000000
     0.164115237    21.161240989     1.000000000
     0.164481980    21.161578830     1.000000000
     0.164848722    21.161921212     1.000000000
     0.165215465    21.162268098     1.000000000
     0.165582208    21.162619452     1.000000000
     0.165948950    21.162975236     1.000000000
     0.166315693    21.163335414     1.000000000
     0.166682436    21.163699949     1.000000000
     0.167049179    21.164068804     1.000000000
     0.167415921    21.164441944     1.000000000
     0.167782664    21.164819331     1.000000000
     0.168149407    21.165200930     1.000000000
     0.168516149    21.165586704     1.000000000
     0.168882892    21.165976618     1.000000000
     0.169249635    21.166370636     1.000000000
     0.169616378    21.166768723     1.000000000
     0.169983120    21.167170841     1.000000000
     0.170349863    21.167576957     1.000000000
     0.170716606    21.167987035     1.000000000
     0.171083348    21.168401040     1.000000000
     0.171450091    21.168818937     1.000000000
     0.171816834    21.169240691     1.000000000
     0.172183577    21.169666267     1.000000000
     0.172550319    21.170095630     1.000000000
  
     0.000000000    22.721628528     1.000000000
     0.000352217    22.719798705     1.000000000
     0.000704434    22.717974026     1.000000000
     0.001056651    22.716154476     1.000000000
     0.001408868    22.714340042     1.000000000
     0.001761085    22.712530708     1.000000000
     0.002113302    22.710726462     1.000000000
     0.002465519    22.708927287     1.000000000
     0.002817736    22.707133170     1.000000000
     0.003169953    22.705344096     1.000000000
     0.003522170    22.703560050     1.000000000
     0.003874386    22.701781018     1.000000000
     0.004226603    22.700006985     1.000000000
     0.004578820    22.698237937     1.000000000
     0.004931037    22.696473858     1.000000000
     0.005283254    22.694714734     1.000000000
     0.005635471    22.692960550     1.000000000
     0.005987688    22.691211291     1.000000000
     0.006339905    22.689466942     1.000000000
     0.006692122    22.687727489     1.000000000
     0.007044339    22.685992916     1.000000000
     0.007396556    22.684263208     1.000000000
     0.007748773    22.682538351     1.000000000
     0.008100990    22.680818330     1.000000000
     0.008453207    22.679103129     1.000000000
     0.008805424    22.677392733     1.000000000
     0.009157641    22.675687128     1.000000000
     0.009509858    22.673986297     1.000000000
     0.009862075    22.672290227     1.000000000
     0.010214292    22.670598902     1.000000000
     0.010566509    22.668912307     1.000000000
     0.010918726    22.667230427     1.000000000
     0.011270942    22.665553246     1.000000000
     0.011623159    22.663880750     1.000000000
     0.011975376    22.662212923     1.000000000
     0.012327593    22.660549751     1.000000000
     0.012679810    22.658891217     1.000000000
     0.013032027    22.657237307     1.000000000
     0.013384244    22.655588006     1.000000000
     0.013736461    22.653943298     1.000000000
     0.014088678    22.652303168     1.000000000
     0.014440895    22.650667602     1.000000000
     0.014793112    22.649036583     1.000000000
     0.015145329    22.647410098     1.000000000
     0.015497546    22.645788130     1.000000000
     0.015849763    22.644170664     1.000000000
     0.016201980    22.642557685     1.000000000
     0.016554197    22.640949179     1.000000000
     0.016906414    22.639345129     1.000000000
     0.017258631    22.637745521     1.000000000
     0.017610848    22.636150340     1.000000000
     0.017963065    22.634559570     1.000000000
     0.018315281    22.632973197     1.000000000
     0.018667498    22.631391204     1.000000000
     0.019019715    22.629813579     1.000000000
     0.019371932    22.628240304     1.000000000
     0.019724149    22.626671365     1.000000000
     0.020076366    22.625106747     1.000000000
     0.020428583    22.623546435     1.000000000
     0.020780800    22.621990414     1.000000000
     0.021133017    22.620438668     1.000000000
     0.021485234    22.618891184     1.000000000
     0.021837451    22.617347945     1.000000000
     0.022189668    22.615808938     1.000000000
     0.022541885    22.614274146     1.000000000
     0.022894102    22.612743555     1.000000000
     0.023246319    22.611217151     1.000000000
     0.023598536    22.609694918     1.000000000
     0.023950753    22.608176841     1.000000000
     0.024302970    22.606662906     1.000000000
     0.024655187    22.605153098     1.000000000
     0.025007404    22.603647402     1.000000000
     0.025359621    22.602145803     1.000000000
     0.025711837    22.600648286     1.000000000
     0.026064054    22.599154837     1.000000000
     0.026416271    22.597665441     1.000000000
     0.026768488    22.596180084     1.000000000
     0.027120705    22.594698750     1.000000000
     0.027472922    22.593221426     1.000000000
     0.027825139    22.591748096     1.000000000
     0.028177356    22.590278746     1.000000000
     0.028529573    22.588813361     1.000000000
     0.028881790    22.587351927     1.000000000
     0.029234007    22.585894430     1.000000000
     0.029586224    22.584440855     1.000000000
     0.029938441    22.582991187     1.000000000
     0.030290658    22.581545413     1.000000000
     0.030642875    22.580103517     1.000000000
     0.030995092    22.578665486     1.000000000
     0.031347309    22.577231305     1.000000000
     0.031699526    22.575800960     1.000000000
     0.032051743    22.574374437     1.000000000
     0.032403960    22.572951721     1.000000000
     0.032756177    22.571532798     1.000000000
     0.033108393    22.570117655     1.000000000
     0.033460610    22.568706277     1.000000000
     0.033812827    22.567298649     1.000000000
     0.034165044    22.565894759     1.000000000
     0.034517261    22.564494592     1.000000000
     0.034869478    22.563098133     1.000000000
     0.035221695    22.561705370     1.000000000
     0.035573912    22.560316288     1.000000000
     0.035926129    22.558930873     1.000000000
     0.036278346    22.557549111     1.000000000
     0.036630563    22.556170989     1.000000000
     0.036982780    22.554796493     1.000000000
     0.037334997    22.553425610     1.000000000
     0.037687214    22.552058324     1.000000000
     0.038039431    22.550694624     1.000000000
     0.038391648    22.549334494     1.000000000
     0.038743865    22.547977923     1.000000000
     0.039096082    22.546624895     1.000000000
     0.039448299    22.545275398     1.000000000
     0.039800516    22.543929418     1.000000000
     0.040152733    22.542586942     1.000000000
     0.040504949    22.541247955     1.000000000
     0.040857166    22.539912446     1.000000000
     0.041209383    22.538580401     1.000000000
     0.041561600    22.537251805     1.000000000
     0.041913817    22.535926647     1.000000000
     0.042266034    22.534604913     1.000000000
     0.042618251    22.533286589     1.000000000
     0.042970468    22.531971663     1.000000000
     0.043322685    22.530660121     1.000000000
     0.043674902    22.529351951     1.000000000
     0.044027119    22.528047139     1.000000000
     0.044379336    22.526745673     1.000000000
     0.044731553    22.525447539     1.000000000
     0.045083770    22.524152724     1.000000000
     0.045435987    22.522861217     1.000000000
     0.045788204    22.521573003     1.000000000
     0.046140421    22.520288070     1.000000000
     0.046492638    22.519006406     1.000000000
     0.046844855    22.517727998     1.000000000
     0.047197072    22.516452832     1.000000000
     0.047549289    22.515180897     1.000000000
     0.047901505    22.513912180     1.000000000
     0.048253722    22.512646668     1.000000000
     0.048605939    22.511384349     1.000000000
     0.048958156    22.510125211     1.000000000
     0.049310373    22.508869240     1.000000000
     0.049662590    22.507616425     1.000000000
     0.050014807    22.506366753     1.000000000
     0.050367024    22.505120212     1.000000000
     0.050719241    22.503876789     1.000000000
     0.051071458    22.502636473     1.000000000
     0.051423675    22.501399251     1.000000000
     0.051775892    22.500165112     1.000000000
     0.052128109    22.498934042     1.000000000
     0.052480326    22.497706030     1.000000000
     0.052832543    22.496481064     1.000000000
     0.053184760    22.495259133     1.000000000
     0.053536977    22.494040223     1.000000000
     0.053889194    22.492824323     1.000000000
     0.054241411    22.491611421     1.000000000
     0.054593628    22.490401506     1.000000000
     0.054945844    22.489194566     1.000000000
     0.055298061    22.487990588     1.000000000
     0.055650278    22.486789562     1.000000000
     0.056002495    22.485591475     1.000000000
     0.056354712    22.484396317     1.000000000
     0.056706929    22.483204074     1.000000000
     0.057059146    22.482014737     1.000000000
     0.057411363    22.480828292     1.000000000
     0.057763580    22.479644730     1.000000000
     0.058115797    22.478464038     1.000000000
     0.058468014    22.477286205     1.000000000
     0.058820231    22.476111220     1.000000000
     0.059172448    22.474939071     1.000000000
     0.059524665    22.473769748     1.000000000
     0.059876882    22.472603239     1.000000000
     0.060229099    22.471439532     1.000000000
     0.060581316    22.470278617     1.000000000
     0.060933533    22.469120482     1.000000000
     0.061285750    22.467965117     1.000000000
     0.061637967    22.466812511     1.000000000
     0.061990184    22.465662652     1.000000000
     0.062342400    22.464515530     1.000000000
     0.062694617    22.463371133     1.000000000
     0.063046834    22.462229451     1.000000000
     0.063399051    22.461090473     1.000000000
     0.063751268    22.459954188     1.000000000
     0.064103485    22.458820586     1.000000000
     0.064455702    22.457689655     1.000000000
     0.064807919    22.456561386     1.000000000
     0.065160136    22.455435767     1.000000000
     0.065512353    22.454312788     1.000000000
     0.065864570    22.453192438     1.000000000
     0.066216787    22.452074707     1.000000000
     0.066569004    22.450959585     1.000000000
     0.066921221    22.449847060     1.000000000
     0.067273438    22.448737123     1.000000000
     0.067625655    22.447629763     1.000000000
     0.067977872    22.446524970     1.000000000
     0.068330089    22.445422734     1.000000000
     0.068682306    22.444323044     1.000000000
     0.069034523    22.443225890     1.000000000
     0.069386740    22.442131262     1.000000000
     0.069738956    22.441039150     1.000000000
     0.070091173    22.439949543     1.000000000
     0.070443390    22.438862433     1.000000000
     0.070795607    22.437777808     1.000000000
     0.071147824    22.436695659     1.000000000
     0.071500041    22.435615976     1.000000000
     0.071852258    22.434538748     1.000000000
     0.072204475    22.433463967     1.000000000
     0.072556692    22.432391622     1.000000000
     0.072908909    22.431321703     1.000000000
     0.073261126    22.430254201     1.000000000
     0.073613343    22.429189106     1.000000000
     0.073965560    22.428126409     1.000000000
     0.074317777    22.427066099     1.000000000
     0.074669994    22.426008167     1.000000000
     0.075022211    22.424952604     1.000000000
     0.075374428    22.423899399     1.000000000
     0.075726645    22.422848544     1.000000000
     0.076078862    22.421800030     1.000000000
     0.076431079    22.420753845     1.000000000
     0.076783296    22.419709983     1.000000000
     0.077135512    22.418668432     1.000000000
     0.077487729    22.417629183     1.000000000
     0.077839946    22.416592228     1.000000000
     0.078192163    22.415557557     1.000000000
     0.078544380    22.414525161     1.000000000
     0.078896597    22.413495031     1.000000000
     0.079248814    22.412467157     1.000000000
     0.079601031    22.411441531     1.000000000
     0.079953248    22.410418143     1.000000000
     0.080305465    22.409396984     1.000000000
     0.080657682    22.408378046     1.000000000
     0.081009899    22.407361320     1.000000000
     0.081362116    22.406346796     1.000000000
     0.081714333    22.405334466     1.000000000
     0.082066550    22.404324320     1.000000000
     0.082418767    22.403316351     1.000000000
     0.082770984    22.402310549     1.000000000
     0.083123201    22.401306905     1.000000000
     0.083475418    22.400305411     1.000000000
     0.083827635    22.399306058     1.000000000
     0.084179851    22.398308838     1.000000000
     0.084532068    22.397313741     1.000000000
     0.084532068    22.241739870     1.000000000
     0.084898811    22.244090982     1.000000000
     0.085265554    22.246448114     1.000000000
     0.085632297    22.248811107     1.000000000
     0.085999039    22.251179804     1.000000000
     0.086365782    22.253554052     1.000000000
     0.086732525    22.255933698     1.000000000
     0.087099267    22.258318591     1.000000000
     0.087466010    22.260708581     1.000000000
     0.087832753    22.263103522     1.000000000
     0.088199496    22.265503267     1.000000000
     0.088566238    22.267907672     1.000000000
     0.088932981    22.270316596     1.000000000
     0.089299724    22.272729897     1.000000000
     0.089666466    22.275147436     1.000000000
     0.090033209    22.277569076     1.000000000
     0.090399952    22.279994681     1.000000000
     0.090766695    22.282424117     1.000000000
     0.091133437    22.284857252     1.000000000
     0.091500180    22.287293954     1.000000000
     0.091866923    22.289734094     1.000000000
     0.092233665    22.292177544     1.000000000
     0.092600408    22.294624178     1.000000000
     0.092967151    22.297073871     1.000000000
     0.093333894    22.299526499     1.000000000
     0.093700636    22.301981942     1.000000000
     0.094067379    22.304440078     1.000000000
     0.094434122    22.306900790     1.000000000
     0.094800864    22.309363959     1.000000000
     0.095167607    22.311829470     1.000000000
     0.095534350    22.314297208     1.000000000
     0.095901093    22.316767060     1.000000000
     0.096267835    22.319238914     1.000000000
     0.096634578    22.321712661     1.000000000
     0.097001321    22.324188191     1.000000000
     0.097368063    22.326665397     1.000000000
     0.097734806    22.329144172     1.000000000
     0.098101549    22.331624412     1.000000000
     0.098468291    22.334106013     1.000000000
     0.098835034    22.336588873     1.000000000
     0.099201777    22.339072891     1.000000000
     0.099568520    22.341557967     1.000000000
     0.099935262    22.344044002     1.000000000
     0.100302005    22.346530901     1.000000000
     0.100668748    22.349018566     1.000000000
     0.101035490    22.351506903     1.000000000
     0.101402233    22.353995819     1.000000000
     0.101768976    22.356485221     1.000000000
     0.102135719    22.358975017     1.000000000
     0.102502461    22.361465119     1.000000000
     0.102869204    22.363955438     1.000000000
     0.103235947    22.366445885     1.000000000
     0.103602689    22.368936374     1.000000000
     0.103969432    22.371426820     1.000000000
     0.104336175    22.373917138     1.000000000
     0.104702918    22.376407246     1.000000000
     0.105069660    22.378897061     1.000000000
     0.105436403    22.381386503     1.000000000
     0.105803146    22.383875491     1.000000000
     0.106169888    22.386363946     1.000000000
     0.106536631    22.388851791     1.000000000
     0.106903374    22.391338949     1.000000000
     0.107270117    22.393825344     1.000000000
     0.107636859    22.396310902     1.000000000
     0.108003602    22.398795548     1.000000000
     0.108370345    22.401279209     1.000000000
     0.108737087    22.403761814     1.000000000
     0.109103830    22.406243293     1.000000000
     0.109470573    22.408723574     1.000000000
     0.109837316    22.411202590     1.000000000
     0.110204058    22.413680272     1.000000000
     0.110570801    22.416156553     1.000000000
     0.110937544    22.418631367     1.000000000
     0.111304286    22.421104648     1.000000000
     0.111671029    22.423576333     1.000000000
     0.112037772    22.426046357     1.000000000
     0.112404515    22.428514658     1.000000000
     0.112771257    22.430981175     1.000000000
     0.113138000    22.433445847     1.000000000
     0.113504743    22.435908612     1.000000000
     0.113871485    22.438369413     1.000000000
     0.114238228    22.440828191     1.000000000
     0.114604971    22.443284888     1.000000000
     0.114971714    22.445739447     1.000000000
     0.115338456    22.448191813     1.000000000
     0.115705199    22.450641930     1.000000000
     0.116071942    22.453089745     1.000000000
     0.116438684    22.455535203     1.000000000
     0.116805427    22.457978251     1.000000000
     0.117172170    22.460418839     1.000000000
     0.117538913    22.462856913     1.000000000
     0.117905655    22.465292424     1.000000000
     0.118272398    22.467725322     1.000000000
     0.118639141    22.470155558     1.000000000
     0.119005883    22.472583083     1.000000000
     0.119372626    22.475007850     1.000000000
     0.119739369    22.477429812     1.000000000
     0.120106111    22.479848922     1.000000000
     0.120472854    22.482265136     1.000000000
     0.120839597    22.484678407     1.000000000
     0.121206340    22.487088693     1.000000000
     0.121573082    22.489495948     1.000000000
     0.121939825    22.491900131     1.000000000
     0.122306568    22.494301200     1.000000000
     0.122673310    22.496699112     1.000000000
     0.123040053    22.499093826     1.000000000
     0.123406796    22.501485303     1.000000000
     0.123773539    22.503873503     1.000000000
     0.124140281    22.506258386     1.000000000
     0.124507024    22.508639915     1.000000000
     0.124873767    22.511018051     1.000000000
     0.125240509    22.513392757     1.000000000
     0.125607252    22.515763997     1.000000000
     0.125973995    22.518131734     1.000000000
     0.126340738    22.520495933     1.000000000
     0.126707480    22.522856559     1.000000000
     0.127074223    22.525213578     1.000000000
     0.127440966    22.527566955     1.000000000
     0.127807708    22.529916659     1.000000000
     0.128174451    22.532262655     1.000000000
     0.128541194    22.534604913     1.000000000
     0.128907937    22.536943399     1.000000000
     0.129274679    22.539278084     1.000000000
     0.129641422    22.541608937     1.000000000
     0.130008165    22.543935928     1.000000000
     0.130374907    22.546259027     1.000000000
     0.130741650    22.548578205     1.000000000
     0.131108393    22.550893434     1.000000000
     0.131475136    22.553204686     1.000000000
     0.131841878    22.555511933     1.000000000
     0.132208621    22.557815149     1.000000000
     0.132575364    22.560114307     1.000000000
     0.132942106    22.562409380     1.000000000
     0.133308849    22.564700344     1.000000000
     0.133675592    22.566987173     1.000000000
     0.134042335    22.569269843     1.000000000
     0.134409077    22.571548329     1.000000000
     0.134775820    22.573822609     1.000000000
     0.135142563    22.576092657     1.000000000
     0.135509305    22.578358453     1.000000000
     0.135876048    22.580619972     1.000000000
     0.136242791    22.582877194     1.000000000
     0.136609534    22.585130097     1.000000000
     0.136976276    22.587378660     1.000000000
     0.137343019    22.589622862     1.000000000
     0.137709762    22.591862683     1.000000000
     0.138076504    22.594098103     1.000000000
     0.138443247    22.596329102     1.000000000
     0.138809990    22.598555662     1.000000000
     0.139176733    22.600777764     1.000000000
     0.139543475    22.602995389     1.000000000
     0.139910218    22.605208521     1.000000000
     0.140276961    22.607417141     1.000000000
     0.140643703    22.609621232     1.000000000
     0.141010446    22.611820777     1.000000000
     0.141377189    22.614015761     1.000000000
     0.141743931    22.616206167     1.000000000
     0.142110674    22.618391980     1.000000000
     0.142477417    22.620573184     1.000000000
     0.142844160    22.622749765     1.000000000
     0.143210902    22.624921707     1.000000000
     0.143577645    22.627088998     1.000000000
     0.143944388    22.629251622     1.000000000
     0.144311130    22.631409567     1.000000000
     0.144677873    22.633562819     1.000000000
     0.145044616    22.635711366     1.000000000
     0.145411359    22.637855194     1.000000000
     0.145778101    22.639994292     1.000000000
     0.146144844    22.642128648     1.000000000
     0.146511587    22.644258250     1.000000000
     0.146878329    22.646383088     1.000000000
     0.147245072    22.648503149     1.000000000
     0.147611815    22.650618425     1.000000000
     0.147978558    22.652728903     1.000000000
     0.148345300    22.654834575     1.000000000
     0.148712043    22.656935430     1.000000000
     0.149078786    22.659031460     1.000000000
     0.149445528    22.661122654     1.000000000
     0.149812271    22.663209005     1.000000000
     0.150179014    22.665290503     1.000000000
     0.150545757    22.667367141     1.000000000
     0.150912499    22.669438910     1.000000000
     0.151279242    22.671505803     1.000000000
     0.151645985    22.673567812     1.000000000
     0.152012727    22.675624930     1.000000000
     0.152379470    22.677677151     1.000000000
     0.152746213    22.679724466     1.000000000
     0.153112956    22.681766871     1.000000000
     0.153479698    22.683804359     1.000000000
     0.153846441    22.685836924     1.000000000
     0.154213184    22.687864560     1.000000000
     0.154579926    22.689887262     1.000000000
     0.154946669    22.691905025     1.000000000
     0.155313412    22.693917845     1.000000000
     0.155680155    22.695925715     1.000000000
     0.156046897    22.697928632     1.000000000
     0.156413640    22.699926592     1.000000000
     0.156780383    22.701919591     1.000000000
     0.157147125    22.703907625     1.000000000
     0.157513868    22.705890690     1.000000000
     0.157880611    22.707868784     1.000000000
     0.158247354    22.709841902     1.000000000
     0.158614096    22.711810043     1.000000000
     0.158980839    22.713773203     1.000000000
     0.159347582    22.715731380     1.000000000
     0.159714324    22.717684573     1.000000000
     0.160081067    22.719632778     1.000000000
     0.160447810    22.721575994     1.000000000
     0.160814553    22.723514220     1.000000000
     0.161181295    22.725447453     1.000000000
     0.161548038    22.727375694     1.000000000
     0.161914781    22.729298940     1.000000000
     0.162281523    22.731217192     1.000000000
     0.162648266    22.733130447     1.000000000
     0.163015009    22.735038706     1.000000000
     0.163381751    22.736941969     1.000000000
     0.163748494    22.738840236     1.000000000
     0.164115237    22.740733505     1.000000000
     0.164481980    22.742621779     1.000000000
     0.164848722    22.744505057     1.000000000
     0.165215465    22.746383339     1.000000000
     0.165582208    22.748256627     1.000000000
     0.165948950    22.750124922     1.000000000
     0.166315693    22.751988224     1.000000000
     0.166682436    22.753846535     1.000000000
     0.167049179    22.755699857     1.000000000
     0.167415921    22.757548190     1.000000000
     0.167782664    22.759391537     1.000000000
     0.168149407    22.761229900     1.000000000
     0.168516149    22.763063280     1.000000000
     0.168882892    22.764891680     1.000000000
     0.169249635    22.766715103     1.000000000
     0.169616378    22.768533550     1.000000000
     0.169983120    22.770347024     1.000000000
     0.170349863    22.772155528     1.000000000
     0.170716606    22.773959066     1.000000000
     0.171083348    22.775757640     1.000000000
     0.171450091    22.777551253     1.000000000
     0.171816834    22.779339908     1.000000000
     0.172183577    22.781123610     1.000000000
     0.172550319    22.782902362     1.000000000
  
