    0.12549639   -0.00000006    0.09900825    0.18701180   -0.00000009    0.15386911
    0.12549639    0.00000002    0.09900825    0.18701180    0.00000003    0.15386911
    0.12549637    0.00000010    0.09900825    0.18701177    0.00000015    0.15386911
    0.12549635    0.00000017    0.09900825    0.18701174    0.00000026    0.15386911
    0.12549631    0.00000025    0.09900825    0.18701168    0.00000038    0.15386911
    0.12549627    0.00000032    0.09900825    0.18701162    0.00000048    0.15386911
    0.12549622    0.00000038    0.09900825    0.18701154    0.00000057    0.15386911
    0.12549616    0.00000043    0.09900825    0.18701146    0.00000066    0.15386911
    0.12549610    0.00000048    0.09900825    0.18701136    0.00000073    0.15386911
    0.12549603    0.00000052    0.09900825    0.18701125    0.00000079    0.15386911
    0.12549595    0.00000055    0.09900825    0.18701114    0.00000083    0.15386911
    0.12549587    0.00000057    0.09900825    0.18701103    0.00000086    0.15386911
    0.12549579    0.00000058    0.09900825    0.18701091    0.00000088    0.15386911
    0.12549571    0.00000058    0.09900825    0.18701079    0.00000088    0.15386911
    0.12549563    0.00000057    0.09900825    0.18701067    0.00000086    0.15386911
    0.12549555    0.00000055    0.09900825    0.18701055    0.00000083    0.15386911
    0.12549548    0.00000052    0.09900825    0.18701044    0.00000079    0.15386911
    0.12549541    0.00000048    0.09900825    0.18701034    0.00000073    0.15386911
    0.12549534    0.00000043    0.09900825    0.18701024    0.00000066    0.15386911
    0.12549529    0.00000038    0.09900825    0.18701015    0.00000057    0.15386911
    0.12549523    0.00000032    0.09900825    0.18701007    0.00000048    0.15386911
    0.12549519    0.00000025    0.09900825    0.18701001    0.00000038    0.15386911
    0.12549516    0.00000017    0.09900825    0.18700996    0.00000026    0.15386911
    0.12549513    0.00000010    0.09900825    0.18700992    0.00000015    0.15386911
    0.12549512    0.00000002    0.09900825    0.18700990    0.00000003    0.15386911
    0.12549511   -0.00000006    0.09900825    0.18700989   -0.00000009    0.15386911
    0.12549512   -0.00000014    0.09900825    0.18700990   -0.00000022    0.15386911
    0.12549513   -0.00000022    0.09900825    0.18700992   -0.00000034    0.15386911
    0.12549516   -0.00000030    0.09900825    0.18700996   -0.00000045    0.15386911
    0.12549519   -0.00000037    0.09900825    0.18701001   -0.00000056    0.15386911
    0.12549523   -0.00000044    0.09900825    0.18701007   -0.00000066    0.15386911
    0.12549529   -0.00000050    0.09900825    0.18701015   -0.00000076    0.15386911
    0.12549534   -0.00000056    0.09900825    0.18701024   -0.00000084    0.15386911
    0.12549541   -0.00000060    0.09900825    0.18701034   -0.00000091    0.15386911
    0.12549548   -0.00000064    0.09900825    0.18701044   -0.00000097    0.15386911
    0.12549555   -0.00000067    0.09900825    0.18701055   -0.00000102    0.15386911
    0.12549563   -0.00000069    0.09900825    0.18701067   -0.00000105    0.15386911
    0.12549571   -0.00000070    0.09900825    0.18701079   -0.00000106    0.15386911
    0.12549579   -0.00000070    0.09900825    0.18701091   -0.00000106    0.15386911
    0.12549587   -0.00000069    0.09900825    0.18701103   -0.00000105    0.15386911
    0.12549595   -0.00000067    0.09900825    0.18701114   -0.00000102    0.15386911
    0.12549603   -0.00000064    0.09900825    0.18701125   -0.00000097    0.15386911
    0.12549610   -0.00000060    0.09900825    0.18701136   -0.00000091    0.15386911
    0.12549616   -0.00000056    0.09900825    0.18701146   -0.00000084    0.15386911
    0.12549622   -0.00000050    0.09900825    0.18701154   -0.00000076    0.15386911
    0.12549627   -0.00000044    0.09900825    0.18701162   -0.00000066    0.15386911
    0.12549631   -0.00000037    0.09900825    0.18701168   -0.00000056    0.15386911
    0.12549635   -0.00000030    0.09900825    0.18701174   -0.00000045    0.15386911
    0.12549637   -0.00000022    0.09900825    0.18701177   -0.00000034    0.15386911
    0.12549639   -0.00000014    0.09900825    0.18701180   -0.00000022    0.15386911
    0.12550216   -0.00000006    0.09900846    0.18702040   -0.00000009    0.15386943
    0.12550211    0.00000074    0.09900846    0.18702032    0.00000113    0.15386943
    0.12550196    0.00000153    0.09900846    0.18702010    0.00000232    0.15386943
    0.12550171    0.00000230    0.09900846    0.18701972    0.00000349    0.15386943
    0.12550137    0.00000303    0.09900846    0.18701921    0.00000459    0.15386943
    0.12550094    0.00000370    0.09900846    0.18701857    0.00000562    0.15386943
    0.12550042    0.00000432    0.09900846    0.18701781    0.00000656    0.15386943
    0.12549984    0.00000488    0.09900846    0.18701693    0.00000740    0.15386943
    0.12549919    0.00000535    0.09900846    0.18701596    0.00000811    0.15386943
    0.12549848    0.00000574    0.09900846    0.18701491    0.00000870    0.15386943
    0.12549773    0.00000603    0.09900846    0.18701380    0.00000915    0.15386943
    0.12549695    0.00000623    0.09900846    0.18701264    0.00000946    0.15386943
    0.12549616    0.00000633    0.09900846    0.18701145    0.00000961    0.15386943
    0.12549535    0.00000633    0.09900846    0.18701025    0.00000961    0.15386943
    0.12549455    0.00000623    0.09900846    0.18700906    0.00000946    0.15386943
    0.12549377    0.00000603    0.09900846    0.18700790    0.00000915    0.15386943
    0.12549303    0.00000574    0.09900846    0.18700678    0.00000870    0.15386943
    0.12549232    0.00000535    0.09900846    0.18700573    0.00000811    0.15386943
    0.12549167    0.00000488    0.09900846    0.18700476    0.00000740    0.15386943
    0.12549108    0.00000432    0.09900846    0.18700389    0.00000656    0.15386943
    0.12549057    0.00000370    0.09900846    0.18700312    0.00000562    0.15386943
    0.12549014    0.00000303    0.09900846    0.18700248    0.00000459    0.15386943
    0.12548980    0.00000230    0.09900846    0.18700197    0.00000349    0.15386943
    0.12548955    0.00000153    0.09900846    0.18700160    0.00000232    0.15386943
    0.12548940    0.00000074    0.09900846    0.18700138    0.00000113    0.15386943
    0.12548935   -0.00000006    0.09900846    0.18700130   -0.00000009    0.15386943
    0.12548940   -0.00000086    0.09900846    0.18700138   -0.00000131    0.15386943
    0.12548955   -0.00000165    0.09900846    0.18700160   -0.00000251    0.15386943
    0.12548980   -0.00000242    0.09900846    0.18700197   -0.00000367    0.15386943
    0.12549014   -0.00000315    0.09900846    0.18700248   -0.00000478    0.15386943
    0.12549057   -0.00000383    0.09900846    0.18700312   -0.00000581    0.15386943
    0.12549108   -0.00000445    0.09900846    0.18700389   -0.00000675    0.15386943
    0.12549167   -0.00000500    0.09900846    0.18700476   -0.00000758    0.15386943
    0.12549232   -0.00000547    0.09900846    0.18700573   -0.00000830    0.15386943
    0.12549303   -0.00000586    0.09900846    0.18700678   -0.00000889    0.15386943
    0.12549377   -0.00000615    0.09900846    0.18700790   -0.00000934    0.15386943
    0.12549455   -0.00000635    0.09900846    0.18700906   -0.00000964    0.15386943
    0.12549535   -0.00000646    0.09900846    0.18701025   -0.00000979    0.15386943
    0.12549616   -0.00000646    0.09900846    0.18701145   -0.00000979    0.15386943
    0.12549695   -0.00000635    0.09900846    0.18701264   -0.00000964    0.15386943
    0.12549773   -0.00000615    0.09900846    0.18701380   -0.00000934    0.15386943
    0.12549848   -0.00000586    0.09900846    0.18701491   -0.00000889    0.15386943
    0.12549919   -0.00000547    0.09900846    0.18701596   -0.00000830    0.15386943
    0.12549984   -0.00000500    0.09900846    0.18701693   -0.00000758    0.15386943
    0.12550042   -0.00000445    0.09900846    0.18701781   -0.00000675    0.15386943
    0.12550094   -0.00000383    0.09900846    0.18701857   -0.00000581    0.15386943
    0.12550137   -0.00000315    0.09900846    0.18701921   -0.00000478    0.15386943
    0.12550171   -0.00000242    0.09900846    0.18701972   -0.00000367    0.15386943
    0.12550196   -0.00000165    0.09900846    0.18702010   -0.00000251    0.15386943
    0.12550211   -0.00000086    0.09900846    0.18702032   -0.00000131    0.15386943
    0.12550854   -0.00000006    0.09900907    0.18702990   -0.00000009    0.15387038
    0.12550844    0.00000154    0.09900907    0.18702975    0.00000234    0.15387038
    0.12550814    0.00000312    0.09900907    0.18702930    0.00000473    0.15387038
    0.12550764    0.00000465    0.09900907    0.18702857    0.00000705    0.15387038
    0.12550696    0.00000610    0.09900907    0.18702755    0.00000925    0.15387038
    0.12550610    0.00000746    0.09900907    0.18702626    0.00001131    0.15387038
    0.12550507    0.00000869    0.09900907    0.18702474    0.00001319    0.15387038
    0.12550390    0.00000979    0.09900907    0.18702299    0.00001486    0.15387038
    0.12550261    0.00001074    0.09900907    0.18702106    0.00001629    0.15387038
    0.12550120    0.00001151    0.09900907    0.18701896    0.00001746    0.15387038
    0.12549970    0.00001210    0.09900907    0.18701674    0.00001836    0.15387038
    0.12549815    0.00001250    0.09900907    0.18701442    0.00001896    0.15387038
    0.12549656    0.00001270    0.09900907    0.18701204    0.00001927    0.15387038
    0.12549495    0.00001270    0.09900907    0.18700965    0.00001927    0.15387038
    0.12549336    0.00001250    0.09900907    0.18700728    0.00001896    0.15387038
    0.12549180    0.00001210    0.09900907    0.18700496    0.00001836    0.15387038
    0.12549031    0.00001151    0.09900907    0.18700273    0.00001746    0.15387038
    0.12548890    0.00001074    0.09900907    0.18700064    0.00001629    0.15387038
    0.12548760    0.00000979    0.09900907    0.18699870    0.00001486    0.15387038
    0.12548643    0.00000869    0.09900907    0.18699696    0.00001319    0.15387038
    0.12548541    0.00000746    0.09900907    0.18699543    0.00001131    0.15387038
    0.12548455    0.00000610    0.09900907    0.18699415    0.00000925    0.15387038
    0.12548386    0.00000465    0.09900907    0.18699313    0.00000705    0.15387038
    0.12548337    0.00000312    0.09900907    0.18699239    0.00000473    0.15387038
    0.12548307    0.00000154    0.09900907    0.18699194    0.00000234    0.15387038
    0.12548297   -0.00000006    0.09900907    0.18699179   -0.00000009    0.15387038
    0.12548307   -0.00000166    0.09900907    0.18699194   -0.00000252    0.15387038
    0.12548337   -0.00000324    0.09900907    0.18699239   -0.00000492    0.15387038
    0.12548386   -0.00000477    0.09900907    0.18699313   -0.00000724    0.15387038
    0.12548455   -0.00000622    0.09900907    0.18699415   -0.00000944    0.15387038
    0.12548541   -0.00000758    0.09900907    0.18699543   -0.00001150    0.15387038
    0.12548643   -0.00000882    0.09900907    0.18699696   -0.00001337    0.15387038
    0.12548760   -0.00000991    0.09900907    0.18699870   -0.00001504    0.15387038
    0.12548890   -0.00001086    0.09900907    0.18700064   -0.00001647    0.15387038
    0.12549031   -0.00001163    0.09900907    0.18700273   -0.00001765    0.15387038
    0.12549180   -0.00001222    0.09900907    0.18700496   -0.00001855    0.15387038
    0.12549336   -0.00001262    0.09900907    0.18700728   -0.00001915    0.15387038
    0.12549495   -0.00001282    0.09900907    0.18700965   -0.00001946    0.15387038
    0.12549656   -0.00001282    0.09900907    0.18701204   -0.00001946    0.15387038
    0.12549815   -0.00001262    0.09900907    0.18701442   -0.00001915    0.15387038
    0.12549970   -0.00001222    0.09900907    0.18701674   -0.00001855    0.15387038
    0.12550120   -0.00001163    0.09900907    0.18701896   -0.00001765    0.15387038
    0.12550261   -0.00001086    0.09900907    0.18702106   -0.00001647    0.15387038
    0.12550390   -0.00000991    0.09900907    0.18702299   -0.00001504    0.15387038
    0.12550507   -0.00000882    0.09900907    0.18702474   -0.00001337    0.15387038
    0.12550610   -0.00000758    0.09900907    0.18702626   -0.00001150    0.15387038
    0.12550696   -0.00000622    0.09900907    0.18702755   -0.00000944    0.15387038
    0.12550764   -0.00000477    0.09900907    0.18702857   -0.00000724    0.15387038
    0.12550814   -0.00000324    0.09900907    0.18702930   -0.00000492    0.15387038
    0.12550844   -0.00000166    0.09900907    0.18702975   -0.00000252    0.15387038
    0.12551487   -0.00000006    0.09901009    0.18703933   -0.00000009    0.15387197
    0.12551472    0.00000233    0.09901009    0.18703911    0.00000354    0.15387197
    0.12551427    0.00000469    0.09901009    0.18703844    0.00000712    0.15387197
    0.12551353    0.00000698    0.09901009    0.18703733    0.00001058    0.15387197
    0.12551250    0.00000915    0.09901009    0.18703581    0.00001388    0.15387197
    0.12551122    0.00001117    0.09901009    0.18703389    0.00001695    0.15387197
    0.12550969    0.00001302    0.09901009    0.18703161    0.00001976    0.15387197
    0.12550794    0.00001467    0.09901009    0.18702901    0.00002225    0.15387197
    0.12550600    0.00001608    0.09901009    0.18702611    0.00002439    0.15387197
    0.12550389    0.00001724    0.09901009    0.18702298    0.00002615    0.15387197
    0.12550166    0.00001812    0.09901009    0.18701965    0.00002749    0.15387197
    0.12549934    0.00001872    0.09901009    0.18701619    0.00002840    0.15387197
    0.12549695    0.00001902    0.09901009    0.18701264    0.00002885    0.15387197
    0.12549455    0.00001902    0.09901009    0.18700906    0.00002885    0.15387197
    0.12549217    0.00001872    0.09901009    0.18700551    0.00002840    0.15387197
    0.12548985    0.00001812    0.09901009    0.18700204    0.00002749    0.15387197
    0.12548761    0.00001724    0.09901009    0.18699872    0.00002615    0.15387197
    0.12548551    0.00001608    0.09901009    0.18699558    0.00002439    0.15387197
    0.12548357    0.00001467    0.09901009    0.18699269    0.00002225    0.15387197
    0.12548182    0.00001302    0.09901009    0.18699008    0.00001976    0.15387197
    0.12548029    0.00001117    0.09901009    0.18698780    0.00001695    0.15387197
    0.12547900    0.00000915    0.09901009    0.18698589    0.00001388    0.15387197
    0.12547798    0.00000698    0.09901009    0.18698436    0.00001058    0.15387197
    0.12547724    0.00000469    0.09901009    0.18698326    0.00000712    0.15387197
    0.12547679    0.00000233    0.09901009    0.18698259    0.00000354    0.15387197
    0.12547664   -0.00000006    0.09901009    0.18698236   -0.00000009    0.15387197
    0.12547679   -0.00000246    0.09901009    0.18698259   -0.00000373    0.15387197
    0.12547724   -0.00000482    0.09901009    0.18698326   -0.00000731    0.15387197
    0.12547798   -0.00000710    0.09901009    0.18698436   -0.00001077    0.15387197
    0.12547900   -0.00000927    0.09901009    0.18698589   -0.00001407    0.15387197
    0.12548029   -0.00001130    0.09901009    0.18698780   -0.00001714    0.15387197
    0.12548182   -0.00001315    0.09901009    0.18699008   -0.00001995    0.15387197
    0.12548357   -0.00001479    0.09901009    0.18699269   -0.00002244    0.15387197
    0.12548551   -0.00001620    0.09901009    0.18699558   -0.00002458    0.15387197
    0.12548761   -0.00001736    0.09901009    0.18699872   -0.00002634    0.15387197
    0.12548985   -0.00001824    0.09901009    0.18700204   -0.00002768    0.15387197
    0.12549217   -0.00001884    0.09901009    0.18700551   -0.00002858    0.15387197
    0.12549455   -0.00001914    0.09901009    0.18700906   -0.00002904    0.15387197
    0.12549695   -0.00001914    0.09901009    0.18701264   -0.00002904    0.15387197
    0.12549934   -0.00001884    0.09901009    0.18701619   -0.00002858    0.15387197
    0.12550166   -0.00001824    0.09901009    0.18701965   -0.00002768    0.15387197
    0.12550389   -0.00001736    0.09901009    0.18702298   -0.00002634    0.15387197
    0.12550600   -0.00001620    0.09901009    0.18702611   -0.00002458    0.15387197
    0.12550794   -0.00001479    0.09901009    0.18702901   -0.00002244    0.15387197
    0.12550969   -0.00001315    0.09901009    0.18703161   -0.00001995    0.15387197
    0.12551122   -0.00001130    0.09901009    0.18703389   -0.00001714    0.15387197
    0.12551250   -0.00000927    0.09901009    0.18703581   -0.00001407    0.15387197
    0.12551353   -0.00000710    0.09901009    0.18703733   -0.00001077    0.15387197
    0.12551427   -0.00000482    0.09901009    0.18703844   -0.00000731    0.15387197
    0.12551472   -0.00000246    0.09901009    0.18703911   -0.00000373    0.15387197
    0.12552112   -0.00000006    0.09901152    0.18704865   -0.00000009    0.15387419
    0.12552092    0.00000312    0.09901152    0.18704835    0.00000473    0.15387419
    0.12552032    0.00000625    0.09901152    0.18704746    0.00000948    0.15387419
    0.12551934    0.00000928    0.09901152    0.18704599    0.00001407    0.15387419
    0.12551798    0.00001216    0.09901152    0.18704397    0.00001845    0.15387419
    0.12551627    0.00001485    0.09901152    0.18704143    0.00002253    0.15387419
    0.12551424    0.00001730    0.09901152    0.18703840    0.00002625    0.15387419
    0.12551192    0.00001948    0.09901152    0.18703494    0.00002956    0.15387419
    0.12550934    0.00002136    0.09901152    0.18703110    0.00003240    0.15387419
    0.12550655    0.00002289    0.09901152    0.18702694    0.00003473    0.15387419
    0.12550359    0.00002406    0.09901152    0.18702253    0.00003651    0.15387419
    0.12550051    0.00002485    0.09901152    0.18701793    0.00003771    0.15387419
    0.12549735    0.00002525    0.09901152    0.18701322    0.00003832    0.15387419
    0.12549416    0.00002525    0.09901152    0.18700847    0.00003832    0.15387419
    0.12549100    0.00002485    0.09901152    0.18700376    0.00003771    0.15387419
    0.12548791    0.00002406    0.09901152    0.18699917    0.00003651    0.15387419
    0.12548495    0.00002289    0.09901152    0.18699475    0.00003473    0.15387419
    0.12548216    0.00002136    0.09901152    0.18699059    0.00003240    0.15387419
    0.12547958    0.00001948    0.09901152    0.18698675    0.00002956    0.15387419
    0.12547726    0.00001730    0.09901152    0.18698329    0.00002625    0.15387419
    0.12547523    0.00001485    0.09901152    0.18698027    0.00002253    0.15387419
    0.12547353    0.00001216    0.09901152    0.18697772    0.00001845    0.15387419
    0.12547217    0.00000928    0.09901152    0.18697570    0.00001407    0.15387419
    0.12547118    0.00000625    0.09901152    0.18697424    0.00000948    0.15387419
    0.12547059    0.00000312    0.09901152    0.18697335    0.00000473    0.15387419
    0.12547039   -0.00000006    0.09901152    0.18697305   -0.00000009    0.15387419
    0.12547059   -0.00000324    0.09901152    0.18697335   -0.00000492    0.15387419
    0.12547118   -0.00000637    0.09901152    0.18697424   -0.00000966    0.15387419
    0.12547217   -0.00000940    0.09901152    0.18697570   -0.00001426    0.15387419
    0.12547353   -0.00001228    0.09901152    0.18697772   -0.00001863    0.15387419
    0.12547523   -0.00001497    0.09901152    0.18698027   -0.00002271    0.15387419
    0.12547726   -0.00001743    0.09901152    0.18698329   -0.00002644    0.15387419
    0.12547958   -0.00001961    0.09901152    0.18698675   -0.00002975    0.15387419
    0.12548216   -0.00002148    0.09901152    0.18699059   -0.00003259    0.15387419
    0.12548495   -0.00002301    0.09901152    0.18699475   -0.00003492    0.15387419
    0.12548791   -0.00002419    0.09901152    0.18699917   -0.00003669    0.15387419
    0.12549100   -0.00002498    0.09901152    0.18700376   -0.00003790    0.15387419
    0.12549416   -0.00002538    0.09901152    0.18700847   -0.00003850    0.15387419
    0.12549735   -0.00002538    0.09901152    0.18701322   -0.00003850    0.15387419
    0.12550051   -0.00002498    0.09901152    0.18701793   -0.00003790    0.15387419
    0.12550359   -0.00002419    0.09901152    0.18702253   -0.00003669    0.15387419
    0.12550655   -0.00002301    0.09901152    0.18702694   -0.00003492    0.15387419
    0.12550934   -0.00002148    0.09901152    0.18703110   -0.00003259    0.15387419
    0.12551192   -0.00001961    0.09901152    0.18703494   -0.00002975    0.15387419
    0.12551424   -0.00001743    0.09901152    0.18703840   -0.00002644    0.15387419
    0.12551627   -0.00001497    0.09901152    0.18704143   -0.00002271    0.15387419
    0.12551798   -0.00001228    0.09901152    0.18704397   -0.00001863    0.15387419
    0.12551934   -0.00000940    0.09901152    0.18704599   -0.00001426    0.15387419
    0.12552032   -0.00000637    0.09901152    0.18704746   -0.00000966    0.15387419
    0.12552092   -0.00000324    0.09901152    0.18704835   -0.00000492    0.15387419
    0.12552726   -0.00000006    0.09901335    0.18705780   -0.00000009    0.15387702
    0.12552702    0.00000389    0.09901335    0.18705743    0.00000590    0.15387702
    0.12552627    0.00000777    0.09901335    0.18705633    0.00001180    0.15387702
    0.12552505    0.00001154    0.09901335    0.18705451    0.00001751    0.15387702
    0.12552337    0.00001512    0.09901335    0.18705200    0.00002294    0.15387702
    0.12552125    0.00001846    0.09901335    0.18704884    0.00002801    0.15387702
    0.12551872    0.00002151    0.09901335    0.18704508    0.00003263    0.15387702
    0.12551584    0.00002422    0.09901335    0.18704078    0.00003674    0.15387702
    0.12551264    0.00002654    0.09901335    0.18703601    0.00004027    0.15387702
    0.12550917    0.00002845    0.09901335    0.18703084    0.00004317    0.15387702
    0.12550549    0.00002991    0.09901335    0.18702536    0.00004538    0.15387702
    0.12550166    0.00003089    0.09901335    0.18701965    0.00004687    0.15387702
    0.12549773    0.00003139    0.09901335    0.18701380    0.00004762    0.15387702
    0.12549377    0.00003139    0.09901335    0.18700790    0.00004762    0.15387702
    0.12548985    0.00003089    0.09901335    0.18700205    0.00004687    0.15387702
    0.12548602    0.00002991    0.09901335    0.18699634    0.00004538    0.15387702
    0.12548234    0.00002845    0.09901335    0.18699085    0.00004317    0.15387702
    0.12547887    0.00002654    0.09901335    0.18698569    0.00004027    0.15387702
    0.12547567    0.00002422    0.09901335    0.18698092    0.00003674    0.15387702
    0.12547278    0.00002151    0.09901335    0.18697662    0.00003263    0.15387702
    0.12547026    0.00001846    0.09901335    0.18697286    0.00002801    0.15387702
    0.12546814    0.00001512    0.09901335    0.18696970    0.00002294    0.15387702
    0.12546646    0.00001154    0.09901335    0.18696719    0.00001751    0.15387702
    0.12546523    0.00000777    0.09901335    0.18696537    0.00001180    0.15387702
    0.12546449    0.00000389    0.09901335    0.18696426    0.00000590    0.15387702
    0.12546424   -0.00000006    0.09901335    0.18696389   -0.00000009    0.15387702
    0.12546449   -0.00000401    0.09901335    0.18696426   -0.00000609    0.15387702
    0.12546523   -0.00000790    0.09901335    0.18696537   -0.00001198    0.15387702
    0.12546646   -0.00001166    0.09901335    0.18696719   -0.00001769    0.15387702
    0.12546814   -0.00001524    0.09901335    0.18696970   -0.00002313    0.15387702
    0.12547026   -0.00001858    0.09901335    0.18697286   -0.00002819    0.15387702
    0.12547278   -0.00002163    0.09901335    0.18697662   -0.00003282    0.15387702
    0.12547567   -0.00002434    0.09901335    0.18698092   -0.00003693    0.15387702
    0.12547887   -0.00002667    0.09901335    0.18698569   -0.00004046    0.15387702
    0.12548234   -0.00002857    0.09901335    0.18699085   -0.00004335    0.15387702
    0.12548602   -0.00003003    0.09901335    0.18699634   -0.00004556    0.15387702
    0.12548985   -0.00003101    0.09901335    0.18700205   -0.00004705    0.15387702
    0.12549377   -0.00003151    0.09901335    0.18700790   -0.00004781    0.15387702
    0.12549773   -0.00003151    0.09901335    0.18701380   -0.00004781    0.15387702
    0.12550166   -0.00003101    0.09901335    0.18701965   -0.00004705    0.15387702
    0.12550549   -0.00003003    0.09901335    0.18702536   -0.00004556    0.15387702
    0.12550917   -0.00002857    0.09901335    0.18703084   -0.00004335    0.15387702
    0.12551264   -0.00002667    0.09901335    0.18703601   -0.00004046    0.15387702
    0.12551584   -0.00002434    0.09901335    0.18704078   -0.00003693    0.15387702
    0.12551872   -0.00002163    0.09901335    0.18704508   -0.00003282    0.15387702
    0.12552125   -0.00001858    0.09901335    0.18704884   -0.00002819    0.15387702
    0.12552337   -0.00001524    0.09901335    0.18705200   -0.00002313    0.15387702
    0.12552505   -0.00001166    0.09901335    0.18705451   -0.00001769    0.15387702
    0.12552627   -0.00000790    0.09901335    0.18705633   -0.00001198    0.15387702
    0.12552702   -0.00000401    0.09901335    0.18705743   -0.00000609    0.15387702
    0.12553328   -0.00000006    0.09901556    0.18706677   -0.00000009    0.15388047
    0.12553298    0.00000464    0.09901556    0.18706633    0.00000704    0.15388047
    0.12553210    0.00000927    0.09901556    0.18706501    0.00001407    0.15388047
    0.12553064    0.00001375    0.09901556    0.18706284    0.00002087    0.15388047
    0.12552864    0.00001802    0.09901556    0.18705985    0.00002734    0.15388047
    0.12552611    0.00002200    0.09901556    0.18705609    0.00003337    0.15388047
    0.12552311    0.00002563    0.09901556    0.18705161    0.00003888    0.15388047
    0.12551967    0.00002885    0.09901556    0.18704649    0.00004378    0.15388047
    0.12551586    0.00003162    0.09901556    0.18704081    0.00004798    0.15388047
    0.12551173    0.00003389    0.09901556    0.18703466    0.00005142    0.15388047
    0.12550735    0.00003563    0.09901556    0.18702813    0.00005406    0.15388047
    0.12550278    0.00003680    0.09901556    0.18702133    0.00005583    0.15388047
    0.12549811    0.00003739    0.09901556    0.18701436    0.00005673    0.15388047
    0.12549340    0.00003739    0.09901556    0.18700734    0.00005673    0.15388047
    0.12548872    0.00003680    0.09901556    0.18700037    0.00005583    0.15388047
    0.12548416    0.00003563    0.09901556    0.18699357    0.00005406    0.15388047
    0.12547978    0.00003389    0.09901556    0.18698704    0.00005142    0.15388047
    0.12547565    0.00003162    0.09901556    0.18698088    0.00004798    0.15388047
    0.12547183    0.00002885    0.09901556    0.18697520    0.00004378    0.15388047
    0.12546840    0.00002563    0.09901556    0.18697008    0.00003888    0.15388047
    0.12546539    0.00002200    0.09901556    0.18696561    0.00003337    0.15388047
    0.12546287    0.00001802    0.09901556    0.18696184    0.00002734    0.15388047
    0.12546086    0.00001375    0.09901556    0.18695885    0.00002087    0.15388047
    0.12545941    0.00000927    0.09901556    0.18695668    0.00001407    0.15388047
    0.12545852    0.00000464    0.09901556    0.18695537    0.00000704    0.15388047
    0.12545823   -0.00000006    0.09901556    0.18695493   -0.00000009    0.15388047
    0.12545852   -0.00000476    0.09901556    0.18695537   -0.00000723    0.15388047
    0.12545941   -0.00000939    0.09901556    0.18695668   -0.00001425    0.15388047
    0.12546086   -0.00001388    0.09901556    0.18695885   -0.00002105    0.15388047
    0.12546287   -0.00001814    0.09901556    0.18696184   -0.00002752    0.15388047
    0.12546539   -0.00002212    0.09901556    0.18696561   -0.00003356    0.15388047
    0.12546840   -0.00002575    0.09901556    0.18697008   -0.00003907    0.15388047
    0.12547183   -0.00002898    0.09901556    0.18697520   -0.00004396    0.15388047
    0.12547565   -0.00003175    0.09901556    0.18698088   -0.00004817    0.15388047
    0.12547978   -0.00003402    0.09901556    0.18698704   -0.00005161    0.15388047
    0.12548416   -0.00003575    0.09901556    0.18699357   -0.00005424    0.15388047
    0.12548872   -0.00003692    0.09901556    0.18700037   -0.00005602    0.15388047
    0.12549340   -0.00003751    0.09901556    0.18700734   -0.00005692    0.15388047
    0.12549811   -0.00003751    0.09901556    0.18701436   -0.00005692    0.15388047
    0.12550278   -0.00003692    0.09901556    0.18702133   -0.00005602    0.15388047
    0.12550735   -0.00003575    0.09901556    0.18702813   -0.00005424    0.15388047
    0.12551173   -0.00003402    0.09901556    0.18703466   -0.00005161    0.15388047
    0.12551586   -0.00003175    0.09901556    0.18704081   -0.00004817    0.15388047
    0.12551967   -0.00002898    0.09901556    0.18704649   -0.00004396    0.15388047
    0.12552311   -0.00002575    0.09901556    0.18705161   -0.00003907    0.15388047
    0.12552611   -0.00002212    0.09901556    0.18705609   -0.00003356    0.15388047
    0.12552864   -0.00001814    0.09901556    0.18705985   -0.00002752    0.15388047
    0.12553064   -0.00001388    0.09901556    0.18706284   -0.00002105    0.15388047
    0.12553210   -0.00000939    0.09901556    0.18706501   -0.00001425    0.15388047
    0.12553298   -0.00000476    0.09901556    0.18706633   -0.00000723    0.15388047
    0.12553914   -0.00000006    0.09901815    0.18707550   -0.00000009    0.15388450
    0.12553880    0.00000538    0.09901815    0.18707499    0.00000816    0.15388450
    0.12553778    0.00001073    0.09901815    0.18707347    0.00001628    0.15388450
    0.12553609    0.00001591    0.09901815    0.18707096    0.00002414    0.15388450
    0.12553377    0.00002084    0.09901815    0.18706751    0.00003162    0.15388450
    0.12553086    0.00002544    0.09901815    0.18706316    0.00003860    0.15388450
    0.12552738    0.00002964    0.09901815    0.18705798    0.00004497    0.15388450
    0.12552341    0.00003337    0.09901815    0.18705206    0.00005063    0.15388450
    0.12551900    0.00003657    0.09901815    0.18704549    0.00005549    0.15388450
    0.12551423    0.00003920    0.09901815    0.18703838    0.00005947    0.15388450
    0.12550916    0.00004120    0.09901815    0.18703083    0.00006251    0.15388450
    0.12550388    0.00004256    0.09901815    0.18702296    0.00006457    0.15388450
    0.12549848    0.00004324    0.09901815    0.18701491    0.00006561    0.15388450
    0.12549303    0.00004324    0.09901815    0.18700679    0.00006561    0.15388450
    0.12548762    0.00004256    0.09901815    0.18699873    0.00006457    0.15388450
    0.12548235    0.00004120    0.09901815    0.18699087    0.00006251    0.15388450
    0.12547728    0.00003920    0.09901815    0.18698332    0.00005947    0.15388450
    0.12547250    0.00003657    0.09901815    0.18697620    0.00005549    0.15388450
    0.12546810    0.00003337    0.09901815    0.18696963    0.00005063    0.15388450
    0.12546412    0.00002964    0.09901815    0.18696372    0.00004497    0.15388450
    0.12546065    0.00002544    0.09901815    0.18695854    0.00003860    0.15388450
    0.12545773    0.00002084    0.09901815    0.18695419    0.00003162    0.15388450
    0.12545541    0.00001591    0.09901815    0.18695073    0.00002414    0.15388450
    0.12545373    0.00001073    0.09901815    0.18694822    0.00001628    0.15388450
    0.12545271    0.00000538    0.09901815    0.18694670    0.00000816    0.15388450
    0.12545236   -0.00000006    0.09901815    0.18694619   -0.00000009    0.15388450
    0.12545271   -0.00000550    0.09901815    0.18694670   -0.00000834    0.15388450
    0.12545373   -0.00001085    0.09901815    0.18694822   -0.00001646    0.15388450
    0.12545541   -0.00001603    0.09901815    0.18695073   -0.00002433    0.15388450
    0.12545773   -0.00002096    0.09901815    0.18695419   -0.00003181    0.15388450
    0.12546065   -0.00002556    0.09901815    0.18695854   -0.00003879    0.15388450
    0.12546412   -0.00002976    0.09901815    0.18696372   -0.00004516    0.15388450
    0.12546810   -0.00003349    0.09901815    0.18696963   -0.00005082    0.15388450
    0.12547250   -0.00003670    0.09901815    0.18697620   -0.00005567    0.15388450
    0.12547728   -0.00003932    0.09901815    0.18698332   -0.00005966    0.15388450
    0.12548235   -0.00004133    0.09901815    0.18699087   -0.00006270    0.15388450
    0.12548762   -0.00004268    0.09901815    0.18699873   -0.00006476    0.15388450
    0.12549303   -0.00004336    0.09901815    0.18700679   -0.00006579    0.15388450
    0.12549848   -0.00004336    0.09901815    0.18701491   -0.00006579    0.15388450
    0.12550388   -0.00004268    0.09901815    0.18702296   -0.00006476    0.15388450
    0.12550916   -0.00004133    0.09901815    0.18703083   -0.00006270    0.15388450
    0.12551423   -0.00003932    0.09901815    0.18703838   -0.00005966    0.15388450
    0.12551900   -0.00003670    0.09901815    0.18704549   -0.00005567    0.15388450
    0.12552341   -0.00003349    0.09901815    0.18705206   -0.00005082    0.15388450
    0.12552738   -0.00002976    0.09901815    0.18705798   -0.00004516    0.15388450
    0.12553086   -0.00002556    0.09901815    0.18706316   -0.00003879    0.15388450
    0.12553377   -0.00002096    0.09901815    0.18706751   -0.00003181    0.15388450
    0.12553609   -0.00001603    0.09901815    0.18707096   -0.00002433    0.15388450
    0.12553778   -0.00001085    0.09901815    0.18707347   -0.00001646    0.15388450
    0.12553880   -0.00000550    0.09901815    0.18707499   -0.00000834    0.15388450
    0.12554482   -0.00000006    0.09902112    0.18708397   -0.00000009    0.15388911
    0.12554444    0.00000609    0.09902112    0.18708340    0.00000924    0.15388911
    0.12554328    0.00001214    0.09902112    0.18708168    0.00001842    0.15388911
    0.12554138    0.00001800    0.09902112    0.18707884    0.00002731    0.15388911
    0.12553876    0.00002358    0.09902112    0.18707493    0.00003577    0.15388911
    0.12553545    0.00002878    0.09902112    0.18707001    0.00004367    0.15388911
    0.12553152    0.00003353    0.09902112    0.18706415    0.00005087    0.15388911
    0.12552703    0.00003775    0.09902112    0.18705746    0.00005727    0.15388911
    0.12552205    0.00004137    0.09902112    0.18705003    0.00006277    0.15388911
    0.12551665    0.00004434    0.09902112    0.18704198    0.00006727    0.15388911
    0.12551092    0.00004661    0.09902112    0.18703344    0.00007071    0.15388911
    0.12550495    0.00004814    0.09902112    0.18702455    0.00007304    0.15388911
    0.12549883    0.00004891    0.09902112    0.18701544    0.00007421    0.15388911
    0.12549267    0.00004891    0.09902112    0.18700626    0.00007421    0.15388911
    0.12548656    0.00004814    0.09902112    0.18699715    0.00007304    0.15388911
    0.12548059    0.00004661    0.09902112    0.18698825    0.00007071    0.15388911
    0.12547486    0.00004434    0.09902112    0.18697971    0.00006727    0.15388911
    0.12546946    0.00004137    0.09902112    0.18697166    0.00006277    0.15388911
    0.12546447    0.00003775    0.09902112    0.18696424    0.00005727    0.15388911
    0.12545998    0.00003353    0.09902112    0.18695754    0.00005087    0.15388911
    0.12545605    0.00002878    0.09902112    0.18695169    0.00004367    0.15388911
    0.12545275    0.00002358    0.09902112    0.18694677    0.00003577    0.15388911
    0.12545013    0.00001800    0.09902112    0.18694286    0.00002731    0.15388911
    0.12544822    0.00001214    0.09902112    0.18694002    0.00001842    0.15388911
    0.12544707    0.00000609    0.09902112    0.18693830    0.00000924    0.15388911
    0.12544668   -0.00000006    0.09902112    0.18693772   -0.00000009    0.15388911
    0.12544707   -0.00000621    0.09902112    0.18693830   -0.00000942    0.15388911
    0.12544822   -0.00001227    0.09902112    0.18694002   -0.00001861    0.15388911
    0.12545013   -0.00001813    0.09902112    0.18694286   -0.00002750    0.15388911
    0.12545275   -0.00002370    0.09902112    0.18694677   -0.00003596    0.15388911
    0.12545605   -0.00002891    0.09902112    0.18695169   -0.00004385    0.15388911
    0.12545998   -0.00003365    0.09902112    0.18695754   -0.00005106    0.15388911
    0.12546447   -0.00003787    0.09902112    0.18696424   -0.00005746    0.15388911
    0.12546946   -0.00004149    0.09902112    0.18697166   -0.00006296    0.15388911
    0.12547486   -0.00004446    0.09902112    0.18697971   -0.00006746    0.15388911
    0.12548059   -0.00004673    0.09902112    0.18698825   -0.00007090    0.15388911
    0.12548656   -0.00004826    0.09902112    0.18699715   -0.00007323    0.15388911
    0.12549267   -0.00004904    0.09902112    0.18700626   -0.00007440    0.15388911
    0.12549883   -0.00004904    0.09902112    0.18701544   -0.00007440    0.15388911
    0.12550495   -0.00004826    0.09902112    0.18702455   -0.00007323    0.15388911
    0.12551092   -0.00004673    0.09902112    0.18703344   -0.00007090    0.15388911
    0.12551665   -0.00004446    0.09902112    0.18704198   -0.00006746    0.15388911
    0.12552205   -0.00004149    0.09902112    0.18705003   -0.00006296    0.15388911
    0.12552703   -0.00003787    0.09902112    0.18705746   -0.00005746    0.15388911
    0.12553152   -0.00003365    0.09902112    0.18706415   -0.00005106    0.15388911
    0.12553545   -0.00002891    0.09902112    0.18707001   -0.00004385    0.15388911
    0.12553876   -0.00002370    0.09902112    0.18707493   -0.00003596    0.15388911
    0.12554138   -0.00001813    0.09902112    0.18707884   -0.00002750    0.15388911
    0.12554328   -0.00001227    0.09902112    0.18708168   -0.00001861    0.15388911
    0.12554444   -0.00000621    0.09902112    0.18708340   -0.00000942    0.15388911
    0.12555031   -0.00000006    0.09902444    0.18709214   -0.00000009    0.15389427
    0.12554988    0.00000678    0.09902444    0.18709150    0.00001028    0.15389427
    0.12554859    0.00001351    0.09902444    0.18708959    0.00002049    0.15389427
    0.12554648    0.00002002    0.09902444    0.18708643    0.00003038    0.15389427
    0.12554356    0.00002622    0.09902444    0.18708209    0.00003978    0.15389427
    0.12553989    0.00003200    0.09902444    0.18707662    0.00004856    0.15389427
    0.12553552    0.00003728    0.09902444    0.18707011    0.00005657    0.15389427
    0.12553053    0.00004197    0.09902444    0.18706267    0.00006368    0.15389427
    0.12552498    0.00004600    0.09902444    0.18705441    0.00006979    0.15389427
    0.12551898    0.00004930    0.09902444    0.18704546    0.00007480    0.15389427
    0.12551261    0.00005182    0.09902444    0.18703597    0.00007862    0.15389427
    0.12550598    0.00005353    0.09902444    0.18702608    0.00008121    0.15389427
    0.12549918    0.00005438    0.09902444    0.18701595    0.00008251    0.15389427
    0.12549233    0.00005438    0.09902444    0.18700574    0.00008251    0.15389427
    0.12548553    0.00005353    0.09902444    0.18699561    0.00008121    0.15389427
    0.12547890    0.00005182    0.09902444    0.18698573    0.00007862    0.15389427
    0.12547253    0.00004930    0.09902444    0.18697623    0.00007480    0.15389427
    0.12546652    0.00004600    0.09902444    0.18696729    0.00006979    0.15389427
    0.12546098    0.00004197    0.09902444    0.18695903    0.00006368    0.15389427
    0.12545599    0.00003728    0.09902444    0.18695159    0.00005657    0.15389427
    0.12545162    0.00003200    0.09902444    0.18694508    0.00004856    0.15389427
    0.12544795    0.00002622    0.09902444    0.18693961    0.00003978    0.15389427
    0.12544503    0.00002002    0.09902444    0.18693526    0.00003038    0.15389427
    0.12544291    0.00001351    0.09902444    0.18693211    0.00002049    0.15389427
    0.12544163    0.00000678    0.09902444    0.18693019    0.00001028    0.15389427
    0.12544120   -0.00000006    0.09902444    0.18692955   -0.00000009    0.15389427
    0.12544163   -0.00000690    0.09902444    0.18693019   -0.00001047    0.15389427
    0.12544291   -0.00001363    0.09902444    0.18693211   -0.00002068    0.15389427
    0.12544503   -0.00002014    0.09902444    0.18693526   -0.00003056    0.15389427
    0.12544795   -0.00002634    0.09902444    0.18693961   -0.00003997    0.15389427
    0.12545162   -0.00003213    0.09902444    0.18694508   -0.00004874    0.15389427
    0.12545599   -0.00003741    0.09902444    0.18695159   -0.00005675    0.15389427
    0.12546098   -0.00004210    0.09902444    0.18695903   -0.00006387    0.15389427
    0.12546652   -0.00004612    0.09902444    0.18696729   -0.00006998    0.15389427
    0.12547253   -0.00004942    0.09902444    0.18697623   -0.00007498    0.15389427
    0.12547890   -0.00005194    0.09902444    0.18698573   -0.00007881    0.15389427
    0.12548553   -0.00005365    0.09902444    0.18699561   -0.00008140    0.15389427
    0.12549233   -0.00005451    0.09902444    0.18700574   -0.00008270    0.15389427
    0.12549918   -0.00005451    0.09902444    0.18701595   -0.00008270    0.15389427
    0.12550598   -0.00005365    0.09902444    0.18702608   -0.00008140    0.15389427
    0.12551261   -0.00005194    0.09902444    0.18703597   -0.00007881    0.15389427
    0.12551898   -0.00004942    0.09902444    0.18704546   -0.00007498    0.15389427
    0.12552498   -0.00004612    0.09902444    0.18705441   -0.00006998    0.15389427
    0.12553053   -0.00004210    0.09902444    0.18706267   -0.00006387    0.15389427
    0.12553552   -0.00003741    0.09902444    0.18707011   -0.00005675    0.15389427
    0.12553989   -0.00003213    0.09902444    0.18707662   -0.00004874    0.15389427
    0.12554356   -0.00002634    0.09902444    0.18708209   -0.00003997    0.15389427
    0.12554648   -0.00002014    0.09902444    0.18708643   -0.00003056    0.15389427
    0.12554859   -0.00001363    0.09902444    0.18708959   -0.00002068    0.15389427
    0.12554988   -0.00000690    0.09902444    0.18709150   -0.00001047    0.15389427
    0.12555556   -0.00000006    0.09902811    0.18709998   -0.00000009    0.15389997
    0.12555509    0.00000743    0.09902811    0.18709927    0.00001128    0.15389997
    0.12555369    0.00001481    0.09902811    0.18709718    0.00002247    0.15389997
    0.12555136    0.00002196    0.09902811    0.18709372    0.00003331    0.15389997
    0.12554817    0.00002875    0.09902811    0.18708895    0.00004362    0.15389997
    0.12554414    0.00003509    0.09902811    0.18708295    0.00005325    0.15389997
    0.12553935    0.00004088    0.09902811    0.18707582    0.00006203    0.15389997
    0.12553388    0.00004602    0.09902811    0.18706766    0.00006983    0.15389997
    0.12552780    0.00005044    0.09902811    0.18705861    0.00007653    0.15389997
    0.12552122    0.00005406    0.09902811    0.18704880    0.00008202    0.15389997
    0.12551424    0.00005682    0.09902811    0.18703839    0.00008621    0.15389997
    0.12550696    0.00005869    0.09902811    0.18702755    0.00008905    0.15389997
    0.12549951    0.00005963    0.09902811    0.18701644    0.00009047    0.15389997
    0.12549200    0.00005963    0.09902811    0.18700525    0.00009047    0.15389997
    0.12548455    0.00005869    0.09902811    0.18699415    0.00008905    0.15389997
    0.12547727    0.00005682    0.09902811    0.18698331    0.00008621    0.15389997
    0.12547029    0.00005406    0.09902811    0.18697290    0.00008202    0.15389997
    0.12546370    0.00005044    0.09902811    0.18696309    0.00007653    0.15389997
    0.12545763    0.00004602    0.09902811    0.18695403    0.00006983    0.15389997
    0.12545215    0.00004088    0.09902811    0.18694588    0.00006203    0.15389997
    0.12544736    0.00003509    0.09902811    0.18693874    0.00005325    0.15389997
    0.12544334    0.00002875    0.09902811    0.18693274    0.00004362    0.15389997
    0.12544014    0.00002196    0.09902811    0.18692798    0.00003331    0.15389997
    0.12543782    0.00001481    0.09902811    0.18692452    0.00002247    0.15389997
    0.12543641    0.00000743    0.09902811    0.18692242    0.00001128    0.15389997
    0.12543594   -0.00000006    0.09902811    0.18692172   -0.00000009    0.15389997
    0.12543641   -0.00000756    0.09902811    0.18692242   -0.00001147    0.15389997
    0.12543782   -0.00001494    0.09902811    0.18692452   -0.00002266    0.15389997
    0.12544014   -0.00002208    0.09902811    0.18692798   -0.00003350    0.15389997
    0.12544334   -0.00002888    0.09902811    0.18693274   -0.00004381    0.15389997
    0.12544736   -0.00003522    0.09902811    0.18693874   -0.00005343    0.15389997
    0.12545215   -0.00004100    0.09902811    0.18694588   -0.00006221    0.15389997
    0.12545763   -0.00004615    0.09902811    0.18695403   -0.00007001    0.15389997
    0.12546370   -0.00005056    0.09902811    0.18696309   -0.00007671    0.15389997
    0.12547029   -0.00005418    0.09902811    0.18697290   -0.00008220    0.15389997
    0.12547727   -0.00005695    0.09902811    0.18698331   -0.00008640    0.15389997
    0.12548455   -0.00005881    0.09902811    0.18699415   -0.00008923    0.15389997
    0.12549200   -0.00005975    0.09902811    0.18700525   -0.00009066    0.15389997
    0.12549951   -0.00005975    0.09902811    0.18701644   -0.00009066    0.15389997
    0.12550696   -0.00005881    0.09902811    0.18702755   -0.00008923    0.15389997
    0.12551424   -0.00005695    0.09902811    0.18703839   -0.00008640    0.15389997
    0.12552122   -0.00005418    0.09902811    0.18704880   -0.00008220    0.15389997
    0.12552780   -0.00005056    0.09902811    0.18705861   -0.00007671    0.15389997
    0.12553388   -0.00004615    0.09902811    0.18706766   -0.00007001    0.15389997
    0.12553935   -0.00004100    0.09902811    0.18707582   -0.00006221    0.15389997
    0.12554414   -0.00003522    0.09902811    0.18708295   -0.00005343    0.15389997
    0.12554817   -0.00002888    0.09902811    0.18708895   -0.00004381    0.15389997
    0.12555136   -0.00002208    0.09902811    0.18709372   -0.00003350    0.15389997
    0.12555369   -0.00001494    0.09902811    0.18709718   -0.00002266    0.15389997
    0.12555509   -0.00000756    0.09902811    0.18709927   -0.00001147    0.15389997
    0.12556058   -0.00000006    0.09903211    0.18710745   -0.00000009    0.15390618
    0.12556006    0.00000806    0.09903211    0.18710668    0.00001223    0.15390618
    0.12555854    0.00001606    0.09903211    0.18710441    0.00002437    0.15390618
    0.12555602    0.00002380    0.09903211    0.18710066    0.00003611    0.15390618
    0.12555256    0.00003117    0.09903211    0.18709550    0.00004729    0.15390618
    0.12554820    0.00003804    0.09903211    0.18708900    0.00005772    0.15390618
    0.12554301    0.00004431    0.09903211    0.18708126    0.00006723    0.15390618
    0.12553707    0.00004989    0.09903211    0.18707242    0.00007569    0.15390618
    0.12553049    0.00005467    0.09903211    0.18706261    0.00008295    0.15390618
    0.12552335    0.00005859    0.09903211    0.18705198    0.00008890    0.15390618
    0.12551578    0.00006159    0.09903211    0.18704070    0.00009344    0.15390618
    0.12550790    0.00006361    0.09903211    0.18702895    0.00009651    0.15390618
    0.12549982    0.00006463    0.09903211    0.18701691    0.00009806    0.15390618
    0.12549168    0.00006463    0.09903211    0.18700478    0.00009806    0.15390618
    0.12548361    0.00006361    0.09903211    0.18699275    0.00009651    0.15390618
    0.12547572    0.00006159    0.09903211    0.18698100    0.00009344    0.15390618
    0.12546815    0.00005859    0.09903211    0.18696972    0.00008890    0.15390618
    0.12546102    0.00005467    0.09903211    0.18695909    0.00008295    0.15390618
    0.12545443    0.00004989    0.09903211    0.18694927    0.00007569    0.15390618
    0.12544850    0.00004431    0.09903211    0.18694043    0.00006723    0.15390618
    0.12544331    0.00003804    0.09903211    0.18693270    0.00005772    0.15390618
    0.12543895    0.00003117    0.09903211    0.18692620    0.00004729    0.15390618
    0.12543548    0.00002380    0.09903211    0.18692103    0.00003611    0.15390618
    0.12543297    0.00001606    0.09903211    0.18691728    0.00002437    0.15390618
    0.12543144    0.00000806    0.09903211    0.18691501    0.00001223    0.15390618
    0.12543093   -0.00000006    0.09903211    0.18691425   -0.00000009    0.15390618
    0.12543144   -0.00000819    0.09903211    0.18691501   -0.00001242    0.15390618
    0.12543297   -0.00001618    0.09903211    0.18691728   -0.00002455    0.15390618
    0.12543548   -0.00002392    0.09903211    0.18692103   -0.00003630    0.15390618
    0.12543895   -0.00003129    0.09903211    0.18692620   -0.00004747    0.15390618
    0.12544331   -0.00003816    0.09903211    0.18693270   -0.00005790    0.15390618
    0.12544850   -0.00004444    0.09903211    0.18694043   -0.00006742    0.15390618
    0.12545443   -0.00005001    0.09903211    0.18694927   -0.00007587    0.15390618
    0.12546102   -0.00005479    0.09903211    0.18695909   -0.00008313    0.15390618
    0.12546815   -0.00005871    0.09903211    0.18696972   -0.00008908    0.15390618
    0.12547572   -0.00006171    0.09903211    0.18698100   -0.00009363    0.15390618
    0.12548361   -0.00006374    0.09903211    0.18699275   -0.00009670    0.15390618
    0.12549168   -0.00006476    0.09903211    0.18700478   -0.00009825    0.15390618
    0.12549982   -0.00006476    0.09903211    0.18701691   -0.00009825    0.15390618
    0.12550790   -0.00006374    0.09903211    0.18702895   -0.00009670    0.15390618
    0.12551578   -0.00006171    0.09903211    0.18704070   -0.00009363    0.15390618
    0.12552335   -0.00005871    0.09903211    0.18705198   -0.00008908    0.15390618
    0.12553049   -0.00005479    0.09903211    0.18706261   -0.00008313    0.15390618
    0.12553707   -0.00005001    0.09903211    0.18707242   -0.00007587    0.15390618
    0.12554301   -0.00004444    0.09903211    0.18708126   -0.00006742    0.15390618
    0.12554820   -0.00003816    0.09903211    0.18708900   -0.00005790    0.15390618
    0.12555256   -0.00003129    0.09903211    0.18709550   -0.00004747    0.15390618
    0.12555602   -0.00002392    0.09903211    0.18710066   -0.00003630    0.15390618
    0.12555854   -0.00001618    0.09903211    0.18710441   -0.00002455    0.15390618
    0.12556006   -0.00000819    0.09903211    0.18710668   -0.00001242    0.15390618
    0.12556532   -0.00000006    0.09903642    0.18711452   -0.00000009    0.15391288
    0.12556477    0.00000866    0.09903642    0.18711370    0.00001314    0.15391288
    0.12556314    0.00001724    0.09903642    0.18711126    0.00002616    0.15391288
    0.12556044    0.00002555    0.09903642    0.18710724    0.00003876    0.15391288
    0.12555672    0.00003345    0.09903642    0.18710169    0.00005076    0.15391288
    0.12555204    0.00004083    0.09903642    0.18709472    0.00006195    0.15391288
    0.12554647    0.00004756    0.09903642    0.18708642    0.00007216    0.15391288
    0.12554010    0.00005354    0.09903642    0.18707693    0.00008123    0.15391288
    0.12553303    0.00005868    0.09903642    0.18706640    0.00008902    0.15391288
    0.12552537    0.00006289    0.09903642    0.18705499    0.00009541    0.15391288
    0.12551725    0.00006610    0.09903642    0.18704288    0.00010029    0.15391288
    0.12550879    0.00006827    0.09903642    0.18703027    0.00010359    0.15391288
    0.12550012    0.00006937    0.09903642    0.18701736    0.00010525    0.15391288
    0.12549138    0.00006937    0.09903642    0.18700434    0.00010525    0.15391288
    0.12548272    0.00006827    0.09903642    0.18699142    0.00010359    0.15391288
    0.12547426    0.00006610    0.09903642    0.18697881    0.00010029    0.15391288
    0.12546613    0.00006289    0.09903642    0.18696671    0.00009541    0.15391288
    0.12545848    0.00005868    0.09903642    0.18695530    0.00008902    0.15391288
    0.12545141    0.00005354    0.09903642    0.18694477    0.00008123    0.15391288
    0.12544504    0.00004756    0.09903642    0.18693528    0.00007216    0.15391288
    0.12543947    0.00004083    0.09903642    0.18692698    0.00006195    0.15391288
    0.12543479    0.00003345    0.09903642    0.18692000    0.00005076    0.15391288
    0.12543107    0.00002555    0.09903642    0.18691446    0.00003876    0.15391288
    0.12542837    0.00001724    0.09903642    0.18691044    0.00002616    0.15391288
    0.12542673    0.00000866    0.09903642    0.18690800    0.00001314    0.15391288
    0.12542618   -0.00000006    0.09903642    0.18690718   -0.00000009    0.15391288
    0.12542673   -0.00000878    0.09903642    0.18690800   -0.00001332    0.15391288
    0.12542837   -0.00001736    0.09903642    0.18691044   -0.00002634    0.15391288
    0.12543107   -0.00002567    0.09903642    0.18691446   -0.00003895    0.15391288
    0.12543479   -0.00003358    0.09903642    0.18692000   -0.00005094    0.15391288
    0.12543947   -0.00004095    0.09903642    0.18692698   -0.00006213    0.15391288
    0.12544504   -0.00004768    0.09903642    0.18693528   -0.00007235    0.15391288
    0.12545141   -0.00005366    0.09903642    0.18694477   -0.00008142    0.15391288
    0.12545848   -0.00005880    0.09903642    0.18695530   -0.00008921    0.15391288
    0.12546613   -0.00006301    0.09903642    0.18696671   -0.00009560    0.15391288
    0.12547426   -0.00006622    0.09903642    0.18697881   -0.00010048    0.15391288
    0.12548272   -0.00006840    0.09903642    0.18699142   -0.00010377    0.15391288
    0.12549138   -0.00006949    0.09903642    0.18700434   -0.00010543    0.15391288
    0.12550012   -0.00006949    0.09903642    0.18701736   -0.00010543    0.15391288
    0.12550879   -0.00006840    0.09903642    0.18703027   -0.00010377    0.15391288
    0.12551725   -0.00006622    0.09903642    0.18704288   -0.00010048    0.15391288
    0.12552537   -0.00006301    0.09903642    0.18705499   -0.00009560    0.15391288
    0.12553303   -0.00005880    0.09903642    0.18706640   -0.00008921    0.15391288
    0.12554010   -0.00005366    0.09903642    0.18707693   -0.00008142    0.15391288
    0.12554647   -0.00004768    0.09903642    0.18708642   -0.00007235    0.15391288
    0.12555204   -0.00004095    0.09903642    0.18709472   -0.00006213    0.15391288
    0.12555672   -0.00003358    0.09903642    0.18710169   -0.00005094    0.15391288
    0.12556044   -0.00002567    0.09903642    0.18710724   -0.00003895    0.15391288
    0.12556314   -0.00001736    0.09903642    0.18711126   -0.00002634    0.15391288
    0.12556477   -0.00000878    0.09903642    0.18711370   -0.00001332    0.15391288
    0.12556978   -0.00000006    0.09904102    0.18712116   -0.00000009    0.15392003
    0.12556920    0.00000922    0.09904102    0.18712029    0.00001398    0.15392003
    0.12556746    0.00001835    0.09904102    0.18711770    0.00002784    0.15392003
    0.12556458    0.00002719    0.09904102    0.18711342    0.00004125    0.15392003
    0.12556062    0.00003560    0.09904102    0.18710752    0.00005402    0.15392003
    0.12555564    0.00004345    0.09904102    0.18710009    0.00006592    0.15392003
    0.12554972    0.00005061    0.09904102    0.18709126    0.00007679    0.15392003
    0.12554294    0.00005698    0.09904102    0.18708116    0.00008645    0.15392003
    0.12553542    0.00006244    0.09904102    0.18706996    0.00009474    0.15392003
    0.12552727    0.00006692    0.09904102    0.18705782    0.00010153    0.15392003
    0.12551863    0.00007034    0.09904102    0.18704494    0.00010673    0.15392003
    0.12550962    0.00007266    0.09904102    0.18703152    0.00011023    0.15392003
    0.12550040    0.00007382    0.09904102    0.18701777    0.00011200    0.15392003
    0.12549110    0.00007382    0.09904102    0.18700392    0.00011200    0.15392003
    0.12548188    0.00007266    0.09904102    0.18699018    0.00011023    0.15392003
    0.12547288    0.00007034    0.09904102    0.18697676    0.00010673    0.15392003
    0.12546423    0.00006692    0.09904102    0.18696388    0.00010153    0.15392003
    0.12545609    0.00006244    0.09904102    0.18695174    0.00009474    0.15392003
    0.12544857    0.00005698    0.09904102    0.18694053    0.00008645    0.15392003
    0.12544179    0.00005061    0.09904102    0.18693043    0.00007679    0.15392003
    0.12543586    0.00004345    0.09904102    0.18692160    0.00006592    0.15392003
    0.12543088    0.00003560    0.09904102    0.18691418    0.00005402    0.15392003
    0.12542692    0.00002719    0.09904102    0.18690828    0.00004125    0.15392003
    0.12542405    0.00001835    0.09904102    0.18690400    0.00002784    0.15392003
    0.12542231    0.00000922    0.09904102    0.18690140    0.00001398    0.15392003
    0.12542173   -0.00000006    0.09904102    0.18690053   -0.00000009    0.15392003
    0.12542231   -0.00000934    0.09904102    0.18690140   -0.00001417    0.15392003
    0.12542405   -0.00001847    0.09904102    0.18690400   -0.00002802    0.15392003
    0.12542692   -0.00002731    0.09904102    0.18690828   -0.00004144    0.15392003
    0.12543088   -0.00003572    0.09904102    0.18691418   -0.00005420    0.15392003
    0.12543586   -0.00004357    0.09904102    0.18692160   -0.00006611    0.15392003
    0.12544179   -0.00005074    0.09904102    0.18693043   -0.00007698    0.15392003
    0.12544857   -0.00005710    0.09904102    0.18694053   -0.00008663    0.15392003
    0.12545609   -0.00006257    0.09904102    0.18695174   -0.00009492    0.15392003
    0.12546423   -0.00006704    0.09904102    0.18696388   -0.00010172    0.15392003
    0.12547288   -0.00007047    0.09904102    0.18697676   -0.00010691    0.15392003
    0.12548188   -0.00007278    0.09904102    0.18699018   -0.00011042    0.15392003
    0.12549110   -0.00007394    0.09904102    0.18700392   -0.00011219    0.15392003
    0.12550040   -0.00007394    0.09904102    0.18701777   -0.00011219    0.15392003
    0.12550962   -0.00007278    0.09904102    0.18703152   -0.00011042    0.15392003
    0.12551863   -0.00007047    0.09904102    0.18704494   -0.00010691    0.15392003
    0.12552727   -0.00006704    0.09904102    0.18705782   -0.00010172    0.15392003
    0.12553542   -0.00006257    0.09904102    0.18706996   -0.00009492    0.15392003
    0.12554294   -0.00005710    0.09904102    0.18708116   -0.00008663    0.15392003
    0.12554972   -0.00005074    0.09904102    0.18709126   -0.00007698    0.15392003
    0.12555564   -0.00004357    0.09904102    0.18710009   -0.00006611    0.15392003
    0.12556062   -0.00003572    0.09904102    0.18710752   -0.00005420    0.15392003
    0.12556458   -0.00002731    0.09904102    0.18711342   -0.00004144    0.15392003
    0.12556746   -0.00001847    0.09904102    0.18711770   -0.00002802    0.15392003
    0.12556920   -0.00000934    0.09904102    0.18712029   -0.00001417    0.15392003
    0.12557394   -0.00000006    0.09904590    0.18712735   -0.00000009    0.15392762
    0.12557332    0.00000974    0.09904590    0.18712644    0.00001477    0.15392762
    0.12557148    0.00001938    0.09904590    0.18712369    0.00002941    0.15392762
    0.12556845    0.00002872    0.09904590    0.18711917    0.00004357    0.15392762
    0.12556427    0.00003760    0.09904590    0.18711294    0.00005705    0.15392762
    0.12555900    0.00004589    0.09904590    0.18710510    0.00006963    0.15392762
    0.12555275    0.00005346    0.09904590    0.18709578    0.00008111    0.15392762
    0.12554559    0.00006018    0.09904590    0.18708511    0.00009130    0.15392762
    0.12553765    0.00006595    0.09904590    0.18707328    0.00010006    0.15392762
    0.12552904    0.00007068    0.09904590    0.18706045    0.00010724    0.15392762
    0.12551991    0.00007430    0.09904590    0.18704685    0.00011272    0.15392762
    0.12551040    0.00007674    0.09904590    0.18703268    0.00011643    0.15392762
    0.12550066    0.00007797    0.09904590    0.18701816    0.00011829    0.15392762
    0.12549084    0.00007797    0.09904590    0.18700353    0.00011829    0.15392762
    0.12548110    0.00007674    0.09904590    0.18698902    0.00011643    0.15392762
    0.12547159    0.00007430    0.09904590    0.18697485    0.00011272    0.15392762
    0.12546246    0.00007068    0.09904590    0.18696124    0.00010724    0.15392762
    0.12545386    0.00006595    0.09904590    0.18694842    0.00010006    0.15392762
    0.12544592    0.00006018    0.09904590    0.18693658    0.00009130    0.15392762
    0.12543876    0.00005346    0.09904590    0.18692592    0.00008111    0.15392762
    0.12543250    0.00004589    0.09904590    0.18691659    0.00006963    0.15392762
    0.12542724    0.00003760    0.09904590    0.18690875    0.00005705    0.15392762
    0.12542306    0.00002872    0.09904590    0.18690252    0.00004357    0.15392762
    0.12542003    0.00001938    0.09904590    0.18689800    0.00002941    0.15392762
    0.12541819    0.00000974    0.09904590    0.18689526    0.00001477    0.15392762
    0.12541757   -0.00000006    0.09904590    0.18689434   -0.00000009    0.15392762
    0.12541819   -0.00000986    0.09904590    0.18689526   -0.00001496    0.15392762
    0.12542003   -0.00001950    0.09904590    0.18689800   -0.00002959    0.15392762
    0.12542306   -0.00002884    0.09904590    0.18690252   -0.00004376    0.15392762
    0.12542724   -0.00003773    0.09904590    0.18690875   -0.00005724    0.15392762
    0.12543250   -0.00004602    0.09904590    0.18691659   -0.00006982    0.15392762
    0.12543876   -0.00005358    0.09904590    0.18692592   -0.00008129    0.15392762
    0.12544592   -0.00006030    0.09904590    0.18693658   -0.00009149    0.15392762
    0.12545386   -0.00006607    0.09904590    0.18694842   -0.00010025    0.15392762
    0.12546246   -0.00007080    0.09904590    0.18696124   -0.00010742    0.15392762
    0.12547159   -0.00007442    0.09904590    0.18697485   -0.00011291    0.15392762
    0.12548110   -0.00007686    0.09904590    0.18698902   -0.00011661    0.15392762
    0.12549084   -0.00007809    0.09904590    0.18700353   -0.00011848    0.15392762
    0.12550066   -0.00007809    0.09904590    0.18701816   -0.00011848    0.15392762
    0.12551040   -0.00007686    0.09904590    0.18703268   -0.00011661    0.15392762
    0.12551991   -0.00007442    0.09904590    0.18704685   -0.00011291    0.15392762
    0.12552904   -0.00007080    0.09904590    0.18706045   -0.00010742    0.15392762
    0.12553765   -0.00006607    0.09904590    0.18707328   -0.00010025    0.15392762
    0.12554559   -0.00006030    0.09904590    0.18708511   -0.00009149    0.15392762
    0.12555275   -0.00005358    0.09904590    0.18709578   -0.00008129    0.15392762
    0.12555900   -0.00004602    0.09904590    0.18710510   -0.00006982    0.15392762
    0.12556427   -0.00003773    0.09904590    0.18711294   -0.00005724    0.15392762
    0.12556845   -0.00002884    0.09904590    0.18711917   -0.00004376    0.15392762
    0.12557148   -0.00001950    0.09904590    0.18712369   -0.00002959    0.15392762
    0.12557332   -0.00000986    0.09904590    0.18712644   -0.00001496    0.15392762
    0.12557777   -0.00000006    0.09905104    0.18713307   -0.00000009    0.15393560
    0.12557712    0.00001022    0.09905104    0.18713210    0.00001550    0.15393560
    0.12557519    0.00002034    0.09905104    0.18712923    0.00003085    0.15393560
    0.12557201    0.00003013    0.09905104    0.18712449    0.00004572    0.15393560
    0.12556763    0.00003945    0.09905104    0.18711795    0.00005985    0.15393560
    0.12556211    0.00004815    0.09905104    0.18710973    0.00007305    0.15393560
    0.12555554    0.00005608    0.09905104    0.18709994    0.00008509    0.15393560
    0.12554803    0.00006313    0.09905104    0.18708875    0.00009579    0.15393560
    0.12553970    0.00006919    0.09905104    0.18707634    0.00010497    0.15393560
    0.12553067    0.00007415    0.09905104    0.18706289    0.00011250    0.15393560
    0.12552110    0.00007794    0.09905104    0.18704862    0.00011825    0.15393560
    0.12551112    0.00008050    0.09905104    0.18703375    0.00012214    0.15393560
    0.12550090    0.00008179    0.09905104    0.18701852    0.00012410    0.15393560
    0.12549060    0.00008179    0.09905104    0.18700317    0.00012410    0.15393560
    0.12548038    0.00008050    0.09905104    0.18698795    0.00012214    0.15393560
    0.12547041    0.00007794    0.09905104    0.18697308    0.00011825    0.15393560
    0.12546083    0.00007415    0.09905104    0.18695881    0.00011250    0.15393560
    0.12545181    0.00006919    0.09905104    0.18694536    0.00010497    0.15393560
    0.12544347    0.00006313    0.09905104    0.18693294    0.00009579    0.15393560
    0.12543597    0.00005608    0.09905104    0.18692175    0.00008509    0.15393560
    0.12542940    0.00004815    0.09905104    0.18691197    0.00007305    0.15393560
    0.12542388    0.00003945    0.09905104    0.18690375    0.00005985    0.15393560
    0.12541950    0.00003013    0.09905104    0.18689721    0.00004572    0.15393560
    0.12541631    0.00002034    0.09905104    0.18689247    0.00003085    0.15393560
    0.12541438    0.00001022    0.09905104    0.18688959    0.00001550    0.15393560
    0.12541374   -0.00000006    0.09905104    0.18688863   -0.00000009    0.15393560
    0.12541438   -0.00001034    0.09905104    0.18688959   -0.00001569    0.15393560
    0.12541631   -0.00002046    0.09905104    0.18689247   -0.00003104    0.15393560
    0.12541950   -0.00003025    0.09905104    0.18689721   -0.00004590    0.15393560
    0.12542388   -0.00003957    0.09905104    0.18690375   -0.00006004    0.15393560
    0.12542940   -0.00004827    0.09905104    0.18691197   -0.00007324    0.15393560
    0.12543597   -0.00005621    0.09905104    0.18692175   -0.00008528    0.15393560
    0.12544347   -0.00006326    0.09905104    0.18693294   -0.00009597    0.15393560
    0.12545181   -0.00006931    0.09905104    0.18694536   -0.00010516    0.15393560
    0.12546083   -0.00007427    0.09905104    0.18695881   -0.00011269    0.15393560
    0.12547041   -0.00007806    0.09905104    0.18697308   -0.00011844    0.15393560
    0.12548038   -0.00008063    0.09905104    0.18698795   -0.00012233    0.15393560
    0.12549060   -0.00008192    0.09905104    0.18700317   -0.00012428    0.15393560
    0.12550090   -0.00008192    0.09905104    0.18701852   -0.00012428    0.15393560
    0.12551112   -0.00008063    0.09905104    0.18703375   -0.00012233    0.15393560
    0.12552110   -0.00007806    0.09905104    0.18704862   -0.00011844    0.15393560
    0.12553067   -0.00007427    0.09905104    0.18706289   -0.00011269    0.15393560
    0.12553970   -0.00006931    0.09905104    0.18707634   -0.00010516    0.15393560
    0.12554803   -0.00006326    0.09905104    0.18708875   -0.00009597    0.15393560
    0.12555554   -0.00005621    0.09905104    0.18709994   -0.00008528    0.15393560
    0.12556211   -0.00004827    0.09905104    0.18710973   -0.00007324    0.15393560
    0.12556763   -0.00003957    0.09905104    0.18711795   -0.00006004    0.15393560
    0.12557201   -0.00003025    0.09905104    0.18712449   -0.00004590    0.15393560
    0.12557519   -0.00002046    0.09905104    0.18712923   -0.00003104    0.15393560
    0.12557712   -0.00001034    0.09905104    0.18713210   -0.00001569    0.15393560
    0.12558127   -0.00000006    0.09905641    0.18713828   -0.00000009    0.15394395
    0.12558059    0.00001066    0.09905641    0.18713727    0.00001617    0.15394395
    0.12557858    0.00002121    0.09905641    0.18713428    0.00003217    0.15394395
    0.12557526    0.00003142    0.09905641    0.18712933    0.00004767    0.15394395
    0.12557069    0.00004114    0.09905641    0.18712252    0.00006241    0.15394395
    0.12556494    0.00005020    0.09905641    0.18711394    0.00007617    0.15394395
    0.12555809    0.00005848    0.09905641    0.18710374    0.00008872    0.15394395
    0.12555026    0.00006583    0.09905641    0.18709208    0.00009988    0.15394395
    0.12554157    0.00007214    0.09905641    0.18707913    0.00010945    0.15394395
    0.12553216    0.00007731    0.09905641    0.18706511    0.00011730    0.15394395
    0.12552218    0.00008127    0.09905641    0.18705023    0.00012330    0.15394395
    0.12551178    0.00008394    0.09905641    0.18703473    0.00012735    0.15394395
    0.12550112    0.00008528    0.09905641    0.18701885    0.00012939    0.15394395
    0.12549038    0.00008528    0.09905641    0.18700285    0.00012939    0.15394395
    0.12547973    0.00008394    0.09905641    0.18698697    0.00012735    0.15394395
    0.12546933    0.00008127    0.09905641    0.18697147    0.00012330    0.15394395
    0.12545934    0.00007731    0.09905641    0.18695659    0.00011730    0.15394395
    0.12544993    0.00007214    0.09905641    0.18694257    0.00010945    0.15394395
    0.12544124    0.00006583    0.09905641    0.18692962    0.00009988    0.15394395
    0.12543342    0.00005848    0.09905641    0.18691795    0.00008872    0.15394395
    0.12542657    0.00005020    0.09905641    0.18690775    0.00007617    0.15394395
    0.12542082    0.00004114    0.09905641    0.18689918    0.00006241    0.15394395
    0.12541624    0.00003142    0.09905641    0.18689236    0.00004767    0.15394395
    0.12541293    0.00002121    0.09905641    0.18688742    0.00003217    0.15394395
    0.12541091    0.00001066    0.09905641    0.18688442    0.00001617    0.15394395
    0.12541024   -0.00000006    0.09905641    0.18688342   -0.00000009    0.15394395
    0.12541091   -0.00001078    0.09905641    0.18688442   -0.00001635    0.15394395
    0.12541293   -0.00002133    0.09905641    0.18688742   -0.00003236    0.15394395
    0.12541624   -0.00003154    0.09905641    0.18689236   -0.00004785    0.15394395
    0.12542082   -0.00004126    0.09905641    0.18689918   -0.00006260    0.15394395
    0.12542657   -0.00005033    0.09905641    0.18690775   -0.00007635    0.15394395
    0.12543342   -0.00005860    0.09905641    0.18691795   -0.00008891    0.15394395
    0.12544124   -0.00006595    0.09905641    0.18692962   -0.00010006    0.15394395
    0.12544993   -0.00007226    0.09905641    0.18694257   -0.00010964    0.15394395
    0.12545934   -0.00007744    0.09905641    0.18695659   -0.00011749    0.15394395
    0.12546933   -0.00008139    0.09905641    0.18697147   -0.00012349    0.15394395
    0.12547973   -0.00008406    0.09905641    0.18698697   -0.00012754    0.15394395
    0.12549038   -0.00008541    0.09905641    0.18700285   -0.00012958    0.15394395
    0.12550112   -0.00008541    0.09905641    0.18701885   -0.00012958    0.15394395
    0.12551178   -0.00008406    0.09905641    0.18703473   -0.00012754    0.15394395
    0.12552218   -0.00008139    0.09905641    0.18705023   -0.00012349    0.15394395
    0.12553216   -0.00007744    0.09905641    0.18706511   -0.00011749    0.15394395
    0.12554157   -0.00007226    0.09905641    0.18707913   -0.00010964    0.15394395
    0.12555026   -0.00006595    0.09905641    0.18709208   -0.00010006    0.15394395
    0.12555809   -0.00005860    0.09905641    0.18710374   -0.00008891    0.15394395
    0.12556494   -0.00005033    0.09905641    0.18711394   -0.00007635    0.15394395
    0.12557069   -0.00004126    0.09905641    0.18712252   -0.00006260    0.15394395
    0.12557526   -0.00003154    0.09905641    0.18712933   -0.00004785    0.15394395
    0.12557858   -0.00002133    0.09905641    0.18713428   -0.00003236    0.15394395
    0.12558059   -0.00001078    0.09905641    0.18713727   -0.00001635    0.15394395
    0.12558441   -0.00000006    0.09906200    0.18714297   -0.00000009    0.15395263
    0.12558371    0.00001105    0.09906200    0.18714192    0.00001677    0.15395263
    0.12558163    0.00002199    0.09906200    0.18713882    0.00003336    0.15395263
    0.12557819    0.00003258    0.09906200    0.18713369    0.00004943    0.15395263
    0.12557345    0.00004265    0.09906200    0.18712662    0.00006471    0.15395263
    0.12556748    0.00005205    0.09906200    0.18711773    0.00007897    0.15395263
    0.12556038    0.00006063    0.09906200    0.18710716    0.00009199    0.15395263
    0.12555227    0.00006825    0.09906200    0.18709506    0.00010355    0.15395263
    0.12554326    0.00007480    0.09906200    0.18708164    0.00011348    0.15395263
    0.12553350    0.00008016    0.09906200    0.18706710    0.00012162    0.15395263
    0.12552315    0.00008426    0.09906200    0.18705167    0.00012784    0.15395263
    0.12551237    0.00008703    0.09906200    0.18703560    0.00013204    0.15395263
    0.12550132    0.00008842    0.09906200    0.18701914    0.00013416    0.15395263
    0.12549019    0.00008842    0.09906200    0.18700255    0.00013416    0.15395263
    0.12547914    0.00008703    0.09906200    0.18698609    0.00013204    0.15395263
    0.12546836    0.00008426    0.09906200    0.18697002    0.00012784    0.15395263
    0.12545800    0.00008016    0.09906200    0.18695459    0.00012162    0.15395263
    0.12544825    0.00007480    0.09906200    0.18694005    0.00011348    0.15395263
    0.12543924    0.00006825    0.09906200    0.18692663    0.00010355    0.15395263
    0.12543112    0.00006063    0.09906200    0.18691454    0.00009199    0.15395263
    0.12542403    0.00005205    0.09906200    0.18690396    0.00007897    0.15395263
    0.12541806    0.00004265    0.09906200    0.18689507    0.00006471    0.15395263
    0.12541332    0.00003258    0.09906200    0.18688801    0.00004943    0.15395263
    0.12540988    0.00002199    0.09906200    0.18688288    0.00003336    0.15395263
    0.12540779    0.00001105    0.09906200    0.18687977    0.00001677    0.15395263
    0.12540709   -0.00000006    0.09906200    0.18687873   -0.00000009    0.15395263
    0.12540779   -0.00001117    0.09906200    0.18687977   -0.00001695    0.15395263
    0.12540988   -0.00002211    0.09906200    0.18688288   -0.00003355    0.15395263
    0.12541332   -0.00003270    0.09906200    0.18688801   -0.00004961    0.15395263
    0.12541806   -0.00004277    0.09906200    0.18689507   -0.00006490    0.15395263
    0.12542403   -0.00005217    0.09906200    0.18690396   -0.00007916    0.15395263
    0.12543112   -0.00006075    0.09906200    0.18691454   -0.00009218    0.15395263
    0.12543924   -0.00006838    0.09906200    0.18692663   -0.00010374    0.15395263
    0.12544825   -0.00007492    0.09906200    0.18694005   -0.00011367    0.15395263
    0.12545800   -0.00008028    0.09906200    0.18695459   -0.00012181    0.15395263
    0.12546836   -0.00008438    0.09906200    0.18697002   -0.00012802    0.15395263
    0.12547914   -0.00008715    0.09906200    0.18698609   -0.00013223    0.15395263
    0.12549019   -0.00008855    0.09906200    0.18700255   -0.00013434    0.15395263
    0.12550132   -0.00008855    0.09906200    0.18701914   -0.00013434    0.15395263
    0.12551237   -0.00008715    0.09906200    0.18703560   -0.00013223    0.15395263
    0.12552315   -0.00008438    0.09906200    0.18705167   -0.00012802    0.15395263
    0.12553350   -0.00008028    0.09906200    0.18706710   -0.00012181    0.15395263
    0.12554326   -0.00007492    0.09906200    0.18708164   -0.00011367    0.15395263
    0.12555227   -0.00006838    0.09906200    0.18709506   -0.00010374    0.15395263
    0.12556038   -0.00006075    0.09906200    0.18710716   -0.00009218    0.15395263
    0.12556748   -0.00005217    0.09906200    0.18711773   -0.00007916    0.15395263
    0.12557345   -0.00004277    0.09906200    0.18712662   -0.00006490    0.15395263
    0.12557819   -0.00003270    0.09906200    0.18713369   -0.00004961    0.15395263
    0.12558163   -0.00002211    0.09906200    0.18713882   -0.00003355    0.15395263
    0.12558371   -0.00001117    0.09906200    0.18714192   -0.00001695    0.15395263
    0.12558719   -0.00000006    0.09906777    0.18714711   -0.00000009    0.15396161
    0.12558647    0.00001140    0.09906777    0.18714604    0.00001729    0.15396161
    0.12558432    0.00002268    0.09906777    0.18714283    0.00003441    0.15396161
    0.12558077    0.00003360    0.09906777    0.18713754    0.00005098    0.15396161
    0.12557588    0.00004399    0.09906777    0.18713026    0.00006674    0.15396161
    0.12556973    0.00005369    0.09906777    0.18712109    0.00008145    0.15396161
    0.12556241    0.00006253    0.09906777    0.18711018    0.00009488    0.15396161
    0.12555404    0.00007040    0.09906777    0.18709771    0.00010680    0.15396161
    0.12554475    0.00007714    0.09906777    0.18708386    0.00011704    0.15396161
    0.12553469    0.00008268    0.09906777    0.18706887    0.00012544    0.15396161
    0.12552401    0.00008690    0.09906777    0.18705296    0.00013185    0.15396161
    0.12551289    0.00008976    0.09906777    0.18703638    0.00013618    0.15396161
    0.12550149    0.00009120    0.09906777    0.18701940    0.00013837    0.15396161
    0.12549001    0.00009120    0.09906777    0.18700229    0.00013837    0.15396161
    0.12547862    0.00008976    0.09906777    0.18698531    0.00013618    0.15396161
    0.12546750    0.00008690    0.09906777    0.18696874    0.00013185    0.15396161
    0.12545682    0.00008268    0.09906777    0.18695283    0.00012544    0.15396161
    0.12544676    0.00007714    0.09906777    0.18693783    0.00011704    0.15396161
    0.12543747    0.00007040    0.09906777    0.18692399    0.00010680    0.15396161
    0.12542910    0.00006253    0.09906777    0.18691152    0.00009488    0.15396161
    0.12542178    0.00005369    0.09906777    0.18690061    0.00008145    0.15396161
    0.12541562    0.00004399    0.09906777    0.18689144    0.00006674    0.15396161
    0.12541073    0.00003360    0.09906777    0.18688415    0.00005098    0.15396161
    0.12540718    0.00002268    0.09906777    0.18687886    0.00003441    0.15396161
    0.12540503    0.00001140    0.09906777    0.18687566    0.00001729    0.15396161
    0.12540431   -0.00000006    0.09906777    0.18687458   -0.00000009    0.15396161
    0.12540503   -0.00001152    0.09906777    0.18687566   -0.00001748    0.15396161
    0.12540718   -0.00002280    0.09906777    0.18687886   -0.00003460    0.15396161
    0.12541073   -0.00003372    0.09906777    0.18688415   -0.00005116    0.15396161
    0.12541562   -0.00004411    0.09906777    0.18689144   -0.00006693    0.15396161
    0.12542178   -0.00005381    0.09906777    0.18690061   -0.00008164    0.15396161
    0.12542910   -0.00006266    0.09906777    0.18691152   -0.00009506    0.15396161
    0.12543747   -0.00007052    0.09906777    0.18692399   -0.00010699    0.15396161
    0.12544676   -0.00007727    0.09906777    0.18693783   -0.00011723    0.15396161
    0.12545682   -0.00008280    0.09906777    0.18695283   -0.00012562    0.15396161
    0.12546750   -0.00008703    0.09906777    0.18696874   -0.00013204    0.15396161
    0.12547862   -0.00008988    0.09906777    0.18698531   -0.00013637    0.15396161
    0.12549001   -0.00009132    0.09906777    0.18700229   -0.00013855    0.15396161
    0.12550149   -0.00009132    0.09906777    0.18701940   -0.00013855    0.15396161
    0.12551289   -0.00008988    0.09906777    0.18703638   -0.00013637    0.15396161
    0.12552401   -0.00008703    0.09906777    0.18705296   -0.00013204    0.15396161
    0.12553469   -0.00008280    0.09906777    0.18706887   -0.00012562    0.15396161
    0.12554475   -0.00007727    0.09906777    0.18708386   -0.00011723    0.15396161
    0.12555404   -0.00007052    0.09906777    0.18709771   -0.00010699    0.15396161
    0.12556241   -0.00006266    0.09906777    0.18711018   -0.00009506    0.15396161
    0.12556973   -0.00005381    0.09906777    0.18712109   -0.00008164    0.15396161
    0.12557588   -0.00004411    0.09906777    0.18713026   -0.00006693    0.15396161
    0.12558077   -0.00003372    0.09906777    0.18713754   -0.00005116    0.15396161
    0.12558432   -0.00002280    0.09906777    0.18714283   -0.00003460    0.15396161
    0.12558647   -0.00001152    0.09906777    0.18714604   -0.00001748    0.15396161
    0.12558960   -0.00000006    0.09907371    0.18715070   -0.00000009    0.15397084
    0.12558886    0.00001170    0.09907371    0.18714959    0.00001775    0.15397084
    0.12558665    0.00002328    0.09907371    0.18714630    0.00003532    0.15397084
    0.12558301    0.00003449    0.09907371    0.18714088    0.00005232    0.15397084
    0.12557799    0.00004515    0.09907371    0.18713340    0.00006850    0.15397084
    0.12557168    0.00005510    0.09907371    0.18712399    0.00008360    0.15397084
    0.12556416    0.00006418    0.09907371    0.18711279    0.00009738    0.15397084
    0.12555557    0.00007225    0.09907371    0.18709999    0.00010962    0.15397084
    0.12554604    0.00007918    0.09907371    0.18708578    0.00012013    0.15397084
    0.12553571    0.00008485    0.09907371    0.18707039    0.00012874    0.15397084
    0.12552475    0.00008919    0.09907371    0.18705406    0.00013532    0.15397084
    0.12551334    0.00009212    0.09907371    0.18703705    0.00013977    0.15397084
    0.12550165    0.00009360    0.09907371    0.18701963    0.00014201    0.15397084
    0.12548986    0.00009360    0.09907371    0.18700207    0.00014201    0.15397084
    0.12547817    0.00009212    0.09907371    0.18698464    0.00013977    0.15397084
    0.12546675    0.00008919    0.09907371    0.18696763    0.00013532    0.15397084
    0.12545580    0.00008485    0.09907371    0.18695130    0.00012874    0.15397084
    0.12544547    0.00007918    0.09907371    0.18693591    0.00012013    0.15397084
    0.12543593    0.00007225    0.09907371    0.18692170    0.00010962    0.15397084
    0.12542734    0.00006418    0.09907371    0.18690890    0.00009738    0.15397084
    0.12541983    0.00005510    0.09907371    0.18689771    0.00008360    0.15397084
    0.12541351    0.00004515    0.09907371    0.18688830    0.00006850    0.15397084
    0.12540850    0.00003449    0.09907371    0.18688082    0.00005232    0.15397084
    0.12540485    0.00002328    0.09907371    0.18687539    0.00003532    0.15397084
    0.12540265    0.00001170    0.09907371    0.18687210    0.00001775    0.15397084
    0.12540191   -0.00000006    0.09907371    0.18687100   -0.00000009    0.15397084
    0.12540265   -0.00001182    0.09907371    0.18687210   -0.00001794    0.15397084
    0.12540485   -0.00002340    0.09907371    0.18687539   -0.00003550    0.15397084
    0.12540850   -0.00003461    0.09907371    0.18688082   -0.00005251    0.15397084
    0.12541351   -0.00004527    0.09907371    0.18688830   -0.00006869    0.15397084
    0.12541983   -0.00005522    0.09907371    0.18689771   -0.00008378    0.15397084
    0.12542734   -0.00006430    0.09907371    0.18690890   -0.00009756    0.15397084
    0.12543593   -0.00007237    0.09907371    0.18692170   -0.00010980    0.15397084
    0.12544547   -0.00007930    0.09907371    0.18693591   -0.00012031    0.15397084
    0.12545580   -0.00008498    0.09907371    0.18695130   -0.00012893    0.15397084
    0.12546675   -0.00008932    0.09907371    0.18696763   -0.00013551    0.15397084
    0.12547817   -0.00009225    0.09907371    0.18698464   -0.00013996    0.15397084
    0.12548986   -0.00009372    0.09907371    0.18700207   -0.00014220    0.15397084
    0.12550165   -0.00009372    0.09907371    0.18701963   -0.00014220    0.15397084
    0.12551334   -0.00009225    0.09907371    0.18703705   -0.00013996    0.15397084
    0.12552475   -0.00008932    0.09907371    0.18705406   -0.00013551    0.15397084
    0.12553571   -0.00008498    0.09907371    0.18707039   -0.00012893    0.15397084
    0.12554604   -0.00007930    0.09907371    0.18708578   -0.00012031    0.15397084
    0.12555557   -0.00007237    0.09907371    0.18709999   -0.00010980    0.15397084
    0.12556416   -0.00006430    0.09907371    0.18711279   -0.00009756    0.15397084
    0.12557168   -0.00005522    0.09907371    0.18712399   -0.00008378    0.15397084
    0.12557799   -0.00004527    0.09907371    0.18713340   -0.00006869    0.15397084
    0.12558301   -0.00003461    0.09907371    0.18714088   -0.00005251    0.15397084
    0.12558665   -0.00002340    0.09907371    0.18714630   -0.00003550    0.15397084
    0.12558886   -0.00001182    0.09907371    0.18714959   -0.00001794    0.15397084
    0.12559162   -0.00000006    0.09907980    0.18715371   -0.00000009    0.15398030
    0.12559086    0.00001195    0.09907980    0.18715258    0.00001814    0.15398030
    0.12558861    0.00002378    0.09907980    0.18714922    0.00003608    0.15398030
    0.12558489    0.00003523    0.09907980    0.18714367    0.00005345    0.15398030
    0.12557976    0.00004612    0.09907980    0.18713604    0.00006998    0.15398030
    0.12557331    0.00005629    0.09907980    0.18712642    0.00008540    0.15398030
    0.12556564    0.00006556    0.09907980    0.18711499    0.00009947    0.15398030
    0.12555686    0.00007381    0.09907980    0.18710191    0.00011198    0.15398030
    0.12554712    0.00008088    0.09907980    0.18708739    0.00012271    0.15398030
    0.12553657    0.00008668    0.09907980    0.18707167    0.00013151    0.15398030
    0.12552538    0.00009111    0.09907980    0.18705499    0.00013824    0.15398030
    0.12551372    0.00009411    0.09907980    0.18703762    0.00014278    0.15398030
    0.12550177    0.00009562    0.09907980    0.18701982    0.00014507    0.15398030
    0.12548973    0.00009562    0.09907980    0.18700188    0.00014507    0.15398030
    0.12547779    0.00009411    0.09907980    0.18698408    0.00014278    0.15398030
    0.12546613    0.00009111    0.09907980    0.18696670    0.00013824    0.15398030
    0.12545494    0.00008668    0.09907980    0.18695002    0.00013151    0.15398030
    0.12544439    0.00008088    0.09907980    0.18693430    0.00012271    0.15398030
    0.12543465    0.00007381    0.09907980    0.18691979    0.00011198    0.15398030
    0.12542587    0.00006556    0.09907980    0.18690671    0.00009947    0.15398030
    0.12541820    0.00005629    0.09907980    0.18689527    0.00008540    0.15398030
    0.12541174    0.00004612    0.09907980    0.18688566    0.00006998    0.15398030
    0.12540662    0.00003523    0.09907980    0.18687802    0.00005345    0.15398030
    0.12540290    0.00002378    0.09907980    0.18687248    0.00003608    0.15398030
    0.12540064    0.00001195    0.09907980    0.18686912    0.00001814    0.15398030
    0.12539989   -0.00000006    0.09907980    0.18686799   -0.00000009    0.15398030
    0.12540064   -0.00001208    0.09907980    0.18686912   -0.00001832    0.15398030
    0.12540290   -0.00002390    0.09907980    0.18687248   -0.00003627    0.15398030
    0.12540662   -0.00003535    0.09907980    0.18687802   -0.00005364    0.15398030
    0.12541174   -0.00004625    0.09907980    0.18688566   -0.00007016    0.15398030
    0.12541820   -0.00005641    0.09907980    0.18689527   -0.00008559    0.15398030
    0.12542587   -0.00006569    0.09907980    0.18690671   -0.00009966    0.15398030
    0.12543465   -0.00007393    0.09907980    0.18691979   -0.00011216    0.15398030
    0.12544439   -0.00008100    0.09907980    0.18693430   -0.00012290    0.15398030
    0.12545494   -0.00008680    0.09907980    0.18695002   -0.00013170    0.15398030
    0.12546613   -0.00009124    0.09907980    0.18696670   -0.00013842    0.15398030
    0.12547779   -0.00009423    0.09907980    0.18698408   -0.00014297    0.15398030
    0.12548973   -0.00009574    0.09907980    0.18700188   -0.00014526    0.15398030
    0.12550177   -0.00009574    0.09907980    0.18701982   -0.00014526    0.15398030
    0.12551372   -0.00009423    0.09907980    0.18703762   -0.00014297    0.15398030
    0.12552538   -0.00009124    0.09907980    0.18705499   -0.00013842    0.15398030
    0.12553657   -0.00008680    0.09907980    0.18707167   -0.00013170    0.15398030
    0.12554712   -0.00008100    0.09907980    0.18708739   -0.00012290    0.15398030
    0.12555686   -0.00007393    0.09907980    0.18710191   -0.00011216    0.15398030
    0.12556564   -0.00006569    0.09907980    0.18711499   -0.00009966    0.15398030
    0.12557331   -0.00005641    0.09907980    0.18712642   -0.00008559    0.15398030
    0.12557976   -0.00004625    0.09907980    0.18713604   -0.00007016    0.15398030
    0.12558489   -0.00003535    0.09907980    0.18714367   -0.00005364    0.15398030
    0.12558861   -0.00002390    0.09907980    0.18714922   -0.00003627    0.15398030
    0.12559086   -0.00001208    0.09907980    0.18715258   -0.00001832    0.15398030
    0.12559325   -0.00000006    0.09908600    0.18715613   -0.00000009    0.15398994
    0.12559248    0.00001216    0.09908600    0.18715498    0.00001845    0.15398994
    0.12559018    0.00002418    0.09908600    0.18715156    0.00003669    0.15398994
    0.12558640    0.00003583    0.09908600    0.18714593    0.00005436    0.15398994
    0.12558119    0.00004691    0.09908600    0.18713816    0.00007117    0.15398994
    0.12557463    0.00005724    0.09908600    0.18712838    0.00008685    0.15398994
    0.12556682    0.00006668    0.09908600    0.18711675    0.00010116    0.15398994
    0.12555790    0.00007506    0.09908600    0.18710345    0.00011388    0.15398994
    0.12554799    0.00008225    0.09908600    0.18708869    0.00012480    0.15398994
    0.12553726    0.00008815    0.09908600    0.18707271    0.00013375    0.15398994
    0.12552588    0.00009266    0.09908600    0.18705574    0.00014058    0.15398994
    0.12551402    0.00009570    0.09908600    0.18703807    0.00014520    0.15398994
    0.12550187    0.00009724    0.09908600    0.18701997    0.00014753    0.15398994
    0.12548963    0.00009724    0.09908600    0.18700173    0.00014753    0.15398994
    0.12547748    0.00009570    0.09908600    0.18698362    0.00014520    0.15398994
    0.12546563    0.00009266    0.09908600    0.18696595    0.00014058    0.15398994
    0.12545424    0.00008815    0.09908600    0.18694899    0.00013375    0.15398994
    0.12544351    0.00008225    0.09908600    0.18693300    0.00012480    0.15398994
    0.12543361    0.00007506    0.09908600    0.18691824    0.00011388    0.15398994
    0.12542468    0.00006668    0.09908600    0.18690494    0.00010116    0.15398994
    0.12541688    0.00005724    0.09908600    0.18689331    0.00008685    0.15398994
    0.12541032    0.00004691    0.09908600    0.18688354    0.00007117    0.15398994
    0.12540511    0.00003583    0.09908600    0.18687577    0.00005436    0.15398994
    0.12540132    0.00002418    0.09908600    0.18687013    0.00003669    0.15398994
    0.12539903    0.00001216    0.09908600    0.18686671    0.00001845    0.15398994
    0.12539826   -0.00000006    0.09908600    0.18686557   -0.00000009    0.15398994
    0.12539903   -0.00001228    0.09908600    0.18686671   -0.00001863    0.15398994
    0.12540132   -0.00002431    0.09908600    0.18687013   -0.00003688    0.15398994
    0.12540511   -0.00003595    0.09908600    0.18687577   -0.00005454    0.15398994
    0.12541032   -0.00004703    0.09908600    0.18688354   -0.00007135    0.15398994
    0.12541688   -0.00005737    0.09908600    0.18689331   -0.00008704    0.15398994
    0.12542468   -0.00006680    0.09908600    0.18690494   -0.00010135    0.15398994
    0.12543361   -0.00007518    0.09908600    0.18691824   -0.00011406    0.15398994
    0.12544351   -0.00008238    0.09908600    0.18693300   -0.00012498    0.15398994
    0.12545424   -0.00008828    0.09908600    0.18694899   -0.00013393    0.15398994
    0.12546563   -0.00009278    0.09908600    0.18696595   -0.00014077    0.15398994
    0.12547748   -0.00009583    0.09908600    0.18698362   -0.00014539    0.15398994
    0.12548963   -0.00009736    0.09908600    0.18700173   -0.00014772    0.15398994
    0.12550187   -0.00009736    0.09908600    0.18701997   -0.00014772    0.15398994
    0.12551402   -0.00009583    0.09908600    0.18703807   -0.00014539    0.15398994
    0.12552588   -0.00009278    0.09908600    0.18705574   -0.00014077    0.15398994
    0.12553726   -0.00008828    0.09908600    0.18707271   -0.00013393    0.15398994
    0.12554799   -0.00008238    0.09908600    0.18708869   -0.00012498    0.15398994
    0.12555790   -0.00007518    0.09908600    0.18710345   -0.00011406    0.15398994
    0.12556682   -0.00006680    0.09908600    0.18711675   -0.00010135    0.15398994
    0.12557463   -0.00005737    0.09908600    0.18712838   -0.00008704    0.15398994
    0.12558119   -0.00004703    0.09908600    0.18713816   -0.00007135    0.15398994
    0.12558640   -0.00003595    0.09908600    0.18714593   -0.00005454    0.15398994
    0.12559018   -0.00002431    0.09908600    0.18715156   -0.00003688    0.15398994
    0.12559248   -0.00001228    0.09908600    0.18715498   -0.00001863    0.15398994
    0.12559447   -0.00000006    0.09909229    0.18715796   -0.00000009    0.15399971
    0.12559369    0.00001231    0.09909229    0.18715680    0.00001868    0.15399971
    0.12559137    0.00002449    0.09909229    0.18715333    0.00003715    0.15399971
    0.12558754    0.00003628    0.09909229    0.18714762    0.00005504    0.15399971
    0.12558226    0.00004750    0.09909229    0.18713976    0.00007206    0.15399971
    0.12557562    0.00005796    0.09909229    0.18712986    0.00008794    0.15399971
    0.12556772    0.00006752    0.09909229    0.18711808    0.00010244    0.15399971
    0.12555868    0.00007600    0.09909229    0.18710462    0.00011531    0.15399971
    0.12554865    0.00008329    0.09909229    0.18708967    0.00012637    0.15399971
    0.12553779    0.00008926    0.09909229    0.18707348    0.00013543    0.15399971
    0.12552626    0.00009383    0.09909229    0.18705631    0.00014235    0.15399971
    0.12551425    0.00009691    0.09909229    0.18703841    0.00014703    0.15399971
    0.12550195    0.00009846    0.09909229    0.18702008    0.00014939    0.15399971
    0.12548955    0.00009846    0.09909229    0.18700161    0.00014939    0.15399971
    0.12547726    0.00009691    0.09909229    0.18698328    0.00014703    0.15399971
    0.12546525    0.00009383    0.09909229    0.18696539    0.00014235    0.15399971
    0.12545372    0.00008926    0.09909229    0.18694821    0.00013543    0.15399971
    0.12544286    0.00008329    0.09909229    0.18693202    0.00012637    0.15399971
    0.12543283    0.00007600    0.09909229    0.18691708    0.00011531    0.15399971
    0.12542379    0.00006752    0.09909229    0.18690361    0.00010244    0.15399971
    0.12541589    0.00005796    0.09909229    0.18689184    0.00008794    0.15399971
    0.12540925    0.00004750    0.09909229    0.18688194    0.00007206    0.15399971
    0.12540397    0.00003628    0.09909229    0.18687407    0.00005504    0.15399971
    0.12540014    0.00002449    0.09909229    0.18686836    0.00003715    0.15399971
    0.12539781    0.00001231    0.09909229    0.18686490    0.00001868    0.15399971
    0.12539703   -0.00000006    0.09909229    0.18686374   -0.00000009    0.15399971
    0.12539781   -0.00001243    0.09909229    0.18686490   -0.00001887    0.15399971
    0.12540014   -0.00002461    0.09909229    0.18686836   -0.00003734    0.15399971
    0.12540397   -0.00003640    0.09909229    0.18687407   -0.00005523    0.15399971
    0.12540925   -0.00004762    0.09909229    0.18688194   -0.00007225    0.15399971
    0.12541589   -0.00005809    0.09909229    0.18689184   -0.00008813    0.15399971
    0.12542379   -0.00006764    0.09909229    0.18690361   -0.00010262    0.15399971
    0.12543283   -0.00007613    0.09909229    0.18691708   -0.00011550    0.15399971
    0.12544286   -0.00008341    0.09909229    0.18693202   -0.00012655    0.15399971
    0.12545372   -0.00008938    0.09909229    0.18694821   -0.00013561    0.15399971
    0.12546525   -0.00009395    0.09909229    0.18696539   -0.00014254    0.15399971
    0.12547726   -0.00009703    0.09909229    0.18698328   -0.00014722    0.15399971
    0.12548955   -0.00009858    0.09909229    0.18700161   -0.00014957    0.15399971
    0.12550195   -0.00009858    0.09909229    0.18702008   -0.00014957    0.15399971
    0.12551425   -0.00009703    0.09909229    0.18703841   -0.00014722    0.15399971
    0.12552626   -0.00009395    0.09909229    0.18705631   -0.00014254    0.15399971
    0.12553779   -0.00008938    0.09909229    0.18707348   -0.00013561    0.15399971
    0.12554865   -0.00008341    0.09909229    0.18708967   -0.00012655    0.15399971
    0.12555868   -0.00007613    0.09909229    0.18710462   -0.00011550    0.15399971
    0.12556772   -0.00006764    0.09909229    0.18711808   -0.00010262    0.15399971
    0.12557562   -0.00005809    0.09909229    0.18712986   -0.00008813    0.15399971
    0.12558226   -0.00004762    0.09909229    0.18713976   -0.00007225    0.15399971
    0.12558754   -0.00003640    0.09909229    0.18714762   -0.00005523    0.15399971
    0.12559137   -0.00002461    0.09909229    0.18715333   -0.00003734    0.15399971
    0.12559369   -0.00001243    0.09909229    0.18715680   -0.00001887    0.15399971
    0.12559529   -0.00000006    0.09909865    0.18715918   -0.00000009    0.15400959
    0.12559451    0.00001241    0.09909865    0.18715801    0.00001883    0.15400959
    0.12559216    0.00002469    0.09909865    0.18715452    0.00003746    0.15400959
    0.12558830    0.00003658    0.09909865    0.18714876    0.00005550    0.15400959
    0.12558298    0.00004789    0.09909865    0.18714083    0.00007266    0.15400959
    0.12557628    0.00005845    0.09909865    0.18713085    0.00008867    0.15400959
    0.12556831    0.00006808    0.09909865    0.18711897    0.00010329    0.15400959
    0.12555920    0.00007663    0.09909865    0.18710540    0.00011627    0.15400959
    0.12554909    0.00008398    0.09909865    0.18709033    0.00012742    0.15400959
    0.12553813    0.00009000    0.09909865    0.18707400    0.00013655    0.15400959
    0.12552651    0.00009460    0.09909865    0.18705668    0.00014353    0.15400959
    0.12551440    0.00009771    0.09909865    0.18703864    0.00014825    0.15400959
    0.12550200    0.00009928    0.09909865    0.18702016    0.00015063    0.15400959
    0.12548950    0.00009928    0.09909865    0.18700153    0.00015063    0.15400959
    0.12547710    0.00009771    0.09909865    0.18698305    0.00014825    0.15400959
    0.12546499    0.00009460    0.09909865    0.18696501    0.00014353    0.15400959
    0.12545337    0.00009000    0.09909865    0.18694769    0.00013655    0.15400959
    0.12544242    0.00008398    0.09909865    0.18693137    0.00012742    0.15400959
    0.12543231    0.00007663    0.09909865    0.18691630    0.00011627    0.15400959
    0.12542319    0.00006808    0.09909865    0.18690272    0.00010329    0.15400959
    0.12541523    0.00005845    0.09909865    0.18689085    0.00008867    0.15400959
    0.12540853    0.00004789    0.09909865    0.18688087    0.00007266    0.15400959
    0.12540321    0.00003658    0.09909865    0.18687293    0.00005550    0.15400959
    0.12539934    0.00002469    0.09909865    0.18686718    0.00003746    0.15400959
    0.12539700    0.00001241    0.09909865    0.18686369    0.00001883    0.15400959
    0.12539622   -0.00000006    0.09909865    0.18686252   -0.00000009    0.15400959
    0.12539700   -0.00001254    0.09909865    0.18686369   -0.00001902    0.15400959
    0.12539934   -0.00002482    0.09909865    0.18686718   -0.00003765    0.15400959
    0.12540321   -0.00003670    0.09909865    0.18687293   -0.00005569    0.15400959
    0.12540853   -0.00004801    0.09909865    0.18688087   -0.00007285    0.15400959
    0.12541523   -0.00005857    0.09909865    0.18689085   -0.00008886    0.15400959
    0.12542319   -0.00006820    0.09909865    0.18690272   -0.00010347    0.15400959
    0.12543231   -0.00007676    0.09909865    0.18691630   -0.00011646    0.15400959
    0.12544242   -0.00008410    0.09909865    0.18693137   -0.00012760    0.15400959
    0.12545337   -0.00009013    0.09909865    0.18694769   -0.00013674    0.15400959
    0.12546499   -0.00009473    0.09909865    0.18696501   -0.00014372    0.15400959
    0.12547710   -0.00009784    0.09909865    0.18698305   -0.00014844    0.15400959
    0.12548950   -0.00009940    0.09909865    0.18700153   -0.00015081    0.15400959
    0.12550200   -0.00009940    0.09909865    0.18702016   -0.00015081    0.15400959
    0.12551440   -0.00009784    0.09909865    0.18703864   -0.00014844    0.15400959
    0.12552651   -0.00009473    0.09909865    0.18705668   -0.00014372    0.15400959
    0.12553813   -0.00009013    0.09909865    0.18707400   -0.00013674    0.15400959
    0.12554909   -0.00008410    0.09909865    0.18709033   -0.00012760    0.15400959
    0.12555920   -0.00007676    0.09909865    0.18710540   -0.00011646    0.15400959
    0.12556831   -0.00006820    0.09909865    0.18711897   -0.00010347    0.15400959
    0.12557628   -0.00005857    0.09909865    0.18713085   -0.00008886    0.15400959
    0.12558298   -0.00004801    0.09909865    0.18714083   -0.00007285    0.15400959
    0.12558830   -0.00003670    0.09909865    0.18714876   -0.00005569    0.15400959
    0.12559216   -0.00002482    0.09909865    0.18715452   -0.00003765    0.15400959
    0.12559451   -0.00001254    0.09909865    0.18715801   -0.00001902    0.15400959
    0.12559570   -0.00000006    0.09910505    0.18715979   -0.00000009    0.15401954
    0.12559491    0.00001247    0.09910505    0.18715861    0.00001891    0.15401954
    0.12559256    0.00002479    0.09910505    0.18715511    0.00003762    0.15401954
    0.12558868    0.00003673    0.09910505    0.18714933    0.00005573    0.15401954
    0.12558334    0.00004809    0.09910505    0.18714137    0.00007296    0.15401954
    0.12557661    0.00005869    0.09910505    0.18713134    0.00008904    0.15401954
    0.12556861    0.00006836    0.09910505    0.18711942    0.00010371    0.15401954
    0.12555946    0.00007695    0.09910505    0.18710579    0.00011675    0.15401954
    0.12554931    0.00008433    0.09910505    0.18709065    0.00012794    0.15401954
    0.12553831    0.00009037    0.09910505    0.18707426    0.00013712    0.15401954
    0.12552664    0.00009500    0.09910505    0.18705687    0.00014413    0.15401954
    0.12551448    0.00009812    0.09910505    0.18703876    0.00014886    0.15401954
    0.12550203    0.00009969    0.09910505    0.18702020    0.00015125    0.15401954
    0.12548948    0.00009969    0.09910505    0.18700150    0.00015125    0.15401954
    0.12547702    0.00009812    0.09910505    0.18698294    0.00014886    0.15401954
    0.12546487    0.00009500    0.09910505    0.18696482    0.00014413    0.15401954
    0.12545320    0.00009037    0.09910505    0.18694743    0.00013712    0.15401954
    0.12544220    0.00008433    0.09910505    0.18693104    0.00012794    0.15401954
    0.12543204    0.00007695    0.09910505    0.18691591    0.00011675    0.15401954
    0.12542289    0.00006836    0.09910505    0.18690227    0.00010371    0.15401954
    0.12541489    0.00005869    0.09910505    0.18689035    0.00008904    0.15401954
    0.12540817    0.00004809    0.09910505    0.18688033    0.00007296    0.15401954
    0.12540282    0.00003673    0.09910505    0.18687237    0.00005573    0.15401954
    0.12539894    0.00002479    0.09910505    0.18686659    0.00003762    0.15401954
    0.12539659    0.00001247    0.09910505    0.18686308    0.00001891    0.15401954
    0.12539580   -0.00000006    0.09910505    0.18686191   -0.00000009    0.15401954
    0.12539659   -0.00001259    0.09910505    0.18686308   -0.00001910    0.15401954
    0.12539894   -0.00002492    0.09910505    0.18686659   -0.00003781    0.15401954
    0.12540282   -0.00003685    0.09910505    0.18687237   -0.00005592    0.15401954
    0.12540817   -0.00004821    0.09910505    0.18688033   -0.00007315    0.15401954
    0.12541489   -0.00005881    0.09910505    0.18689035   -0.00008923    0.15401954
    0.12542289   -0.00006848    0.09910505    0.18690227   -0.00010390    0.15401954
    0.12543204   -0.00007707    0.09910505    0.18691591   -0.00011694    0.15401954
    0.12544220   -0.00008445    0.09910505    0.18693104   -0.00012813    0.15401954
    0.12545320   -0.00009050    0.09910505    0.18694743   -0.00013730    0.15401954
    0.12546487   -0.00009512    0.09910505    0.18696482   -0.00014431    0.15401954
    0.12547702   -0.00009824    0.09910505    0.18698294   -0.00014905    0.15401954
    0.12548948   -0.00009981    0.09910505    0.18700150   -0.00015144    0.15401954
    0.12550203   -0.00009981    0.09910505    0.18702020   -0.00015144    0.15401954
    0.12551448   -0.00009824    0.09910505    0.18703876   -0.00014905    0.15401954
    0.12552664   -0.00009512    0.09910505    0.18705687   -0.00014431    0.15401954
    0.12553831   -0.00009050    0.09910505    0.18707426   -0.00013730    0.15401954
    0.12554931   -0.00008445    0.09910505    0.18709065   -0.00012813    0.15401954
    0.12555946   -0.00007707    0.09910505    0.18710579   -0.00011694    0.15401954
    0.12556861   -0.00006848    0.09910505    0.18711942   -0.00010390    0.15401954
    0.12557661   -0.00005881    0.09910505    0.18713134   -0.00008923    0.15401954
    0.12558334   -0.00004821    0.09910505    0.18714137   -0.00007315    0.15401954
    0.12558868   -0.00003685    0.09910505    0.18714933   -0.00005592    0.15401954
    0.12559256   -0.00002492    0.09910505    0.18715511   -0.00003781    0.15401954
    0.12559491   -0.00001259    0.09910505    0.18715861   -0.00001910    0.15401954
    0.12559570   -0.00000006    0.09911146    0.18715979   -0.00000009    0.15402950
    0.12559491    0.00001247    0.09911146    0.18715861    0.00001891    0.15402950
    0.12559256    0.00002479    0.09911146    0.18715511    0.00003762    0.15402950
    0.12558868    0.00003673    0.09911146    0.18714933    0.00005573    0.15402950
    0.12558334    0.00004809    0.09911146    0.18714137    0.00007296    0.15402950
    0.12557661    0.00005869    0.09911146    0.18713134    0.00008904    0.15402950
    0.12556861    0.00006836    0.09911146    0.18711942    0.00010371    0.15402950
    0.12555946    0.00007695    0.09911146    0.18710579    0.00011675    0.15402950
    0.12554931    0.00008433    0.09911146    0.18709065    0.00012794    0.15402950
    0.12553831    0.00009037    0.09911146    0.18707426    0.00013712    0.15402950
    0.12552664    0.00009500    0.09911146    0.18705687    0.00014413    0.15402950
    0.12551448    0.00009812    0.09911146    0.18703876    0.00014886    0.15402950
    0.12550203    0.00009969    0.09911146    0.18702020    0.00015125    0.15402950
    0.12548948    0.00009969    0.09911146    0.18700150    0.00015125    0.15402950
    0.12547702    0.00009812    0.09911146    0.18698294    0.00014886    0.15402950
    0.12546487    0.00009500    0.09911146    0.18696482    0.00014413    0.15402950
    0.12545320    0.00009037    0.09911146    0.18694743    0.00013712    0.15402950
    0.12544220    0.00008433    0.09911146    0.18693104    0.00012794    0.15402950
    0.12543204    0.00007695    0.09911146    0.18691591    0.00011675    0.15402950
    0.12542289    0.00006836    0.09911146    0.18690227    0.00010371    0.15402950
    0.12541489    0.00005869    0.09911146    0.18689035    0.00008904    0.15402950
    0.12540817    0.00004809    0.09911146    0.18688033    0.00007296    0.15402950
    0.12540282    0.00003673    0.09911146    0.18687237    0.00005573    0.15402950
    0.12539894    0.00002479    0.09911146    0.18686659    0.00003762    0.15402950
    0.12539659    0.00001247    0.09911146    0.18686308    0.00001891    0.15402950
    0.12539580   -0.00000006    0.09911146    0.18686191   -0.00000009    0.15402950
    0.12539659   -0.00001259    0.09911146    0.18686308   -0.00001910    0.15402950
    0.12539894   -0.00002492    0.09911146    0.18686659   -0.00003781    0.15402950
    0.12540282   -0.00003685    0.09911146    0.18687237   -0.00005592    0.15402950
    0.12540817   -0.00004821    0.09911146    0.18688033   -0.00007315    0.15402950
    0.12541489   -0.00005881    0.09911146    0.18689035   -0.00008923    0.15402950
    0.12542289   -0.00006848    0.09911146    0.18690227   -0.00010390    0.15402950
    0.12543204   -0.00007707    0.09911146    0.18691591   -0.00011694    0.15402950
    0.12544220   -0.00008445    0.09911146    0.18693104   -0.00012813    0.15402950
    0.12545320   -0.00009050    0.09911146    0.18694743   -0.00013730    0.15402950
    0.12546487   -0.00009512    0.09911146    0.18696482   -0.00014431    0.15402950
    0.12547702   -0.00009824    0.09911146    0.18698294   -0.00014905    0.15402950
    0.12548948   -0.00009981    0.09911146    0.18700150   -0.00015144    0.15402950
    0.12550203   -0.00009981    0.09911146    0.18702020   -0.00015144    0.15402950
    0.12551448   -0.00009824    0.09911146    0.18703876   -0.00014905    0.15402950
    0.12552664   -0.00009512    0.09911146    0.18705687   -0.00014431    0.15402950
    0.12553831   -0.00009050    0.09911146    0.18707426   -0.00013730    0.15402950
    0.12554931   -0.00008445    0.09911146    0.18709065   -0.00012813    0.15402950
    0.12555946   -0.00007707    0.09911146    0.18710579   -0.00011694    0.15402950
    0.12556861   -0.00006848    0.09911146    0.18711942   -0.00010390    0.15402950
    0.12557661   -0.00005881    0.09911146    0.18713134   -0.00008923    0.15402950
    0.12558334   -0.00004821    0.09911146    0.18714137   -0.00007315    0.15402950
    0.12558868   -0.00003685    0.09911146    0.18714933   -0.00005592    0.15402950
    0.12559256   -0.00002492    0.09911146    0.18715511   -0.00003781    0.15402950
    0.12559491   -0.00001259    0.09911146    0.18715861   -0.00001910    0.15402950
    0.12559529   -0.00000006    0.09911785    0.18715918   -0.00000009    0.15403944
    0.12559451    0.00001241    0.09911785    0.18715801    0.00001883    0.15403944
    0.12559216    0.00002469    0.09911785    0.18715452    0.00003746    0.15403944
    0.12558830    0.00003658    0.09911785    0.18714876    0.00005550    0.15403944
    0.12558298    0.00004789    0.09911785    0.18714083    0.00007266    0.15403944
    0.12557628    0.00005845    0.09911785    0.18713085    0.00008867    0.15403944
    0.12556831    0.00006808    0.09911785    0.18711897    0.00010329    0.15403944
    0.12555920    0.00007663    0.09911785    0.18710540    0.00011627    0.15403944
    0.12554909    0.00008398    0.09911785    0.18709033    0.00012742    0.15403944
    0.12553813    0.00009000    0.09911785    0.18707400    0.00013655    0.15403944
    0.12552651    0.00009460    0.09911785    0.18705668    0.00014353    0.15403944
    0.12551440    0.00009771    0.09911785    0.18703864    0.00014825    0.15403944
    0.12550200    0.00009928    0.09911785    0.18702016    0.00015063    0.15403944
    0.12548950    0.00009928    0.09911785    0.18700153    0.00015063    0.15403944
    0.12547710    0.00009771    0.09911785    0.18698305    0.00014825    0.15403944
    0.12546499    0.00009460    0.09911785    0.18696501    0.00014353    0.15403944
    0.12545337    0.00009000    0.09911785    0.18694769    0.00013655    0.15403944
    0.12544242    0.00008398    0.09911785    0.18693137    0.00012742    0.15403944
    0.12543231    0.00007663    0.09911785    0.18691630    0.00011627    0.15403944
    0.12542319    0.00006808    0.09911785    0.18690272    0.00010329    0.15403944
    0.12541523    0.00005845    0.09911785    0.18689085    0.00008867    0.15403944
    0.12540853    0.00004789    0.09911785    0.18688087    0.00007266    0.15403944
    0.12540321    0.00003658    0.09911785    0.18687293    0.00005550    0.15403944
    0.12539934    0.00002469    0.09911785    0.18686718    0.00003746    0.15403944
    0.12539700    0.00001241    0.09911785    0.18686369    0.00001883    0.15403944
    0.12539622   -0.00000006    0.09911785    0.18686252   -0.00000009    0.15403944
    0.12539700   -0.00001254    0.09911785    0.18686369   -0.00001902    0.15403944
    0.12539934   -0.00002482    0.09911785    0.18686718   -0.00003765    0.15403944
    0.12540321   -0.00003670    0.09911785    0.18687293   -0.00005569    0.15403944
    0.12540853   -0.00004801    0.09911785    0.18688087   -0.00007285    0.15403944
    0.12541523   -0.00005857    0.09911785    0.18689085   -0.00008886    0.15403944
    0.12542319   -0.00006820    0.09911785    0.18690272   -0.00010347    0.15403944
    0.12543231   -0.00007676    0.09911785    0.18691630   -0.00011646    0.15403944
    0.12544242   -0.00008410    0.09911785    0.18693137   -0.00012760    0.15403944
    0.12545337   -0.00009013    0.09911785    0.18694769   -0.00013674    0.15403944
    0.12546499   -0.00009473    0.09911785    0.18696501   -0.00014372    0.15403944
    0.12547710   -0.00009784    0.09911785    0.18698305   -0.00014844    0.15403944
    0.12548950   -0.00009940    0.09911785    0.18700153   -0.00015081    0.15403944
    0.12550200   -0.00009940    0.09911785    0.18702016   -0.00015081    0.15403944
    0.12551440   -0.00009784    0.09911785    0.18703864   -0.00014844    0.15403944
    0.12552651   -0.00009473    0.09911785    0.18705668   -0.00014372    0.15403944
    0.12553813   -0.00009013    0.09911785    0.18707400   -0.00013674    0.15403944
    0.12554909   -0.00008410    0.09911785    0.18709033   -0.00012760    0.15403944
    0.12555920   -0.00007676    0.09911785    0.18710540   -0.00011646    0.15403944
    0.12556831   -0.00006820    0.09911785    0.18711897   -0.00010347    0.15403944
    0.12557628   -0.00005857    0.09911785    0.18713085   -0.00008886    0.15403944
    0.12558298   -0.00004801    0.09911785    0.18714083   -0.00007285    0.15403944
    0.12558830   -0.00003670    0.09911785    0.18714876   -0.00005569    0.15403944
    0.12559216   -0.00002482    0.09911785    0.18715452   -0.00003765    0.15403944
    0.12559451   -0.00001254    0.09911785    0.18715801   -0.00001902    0.15403944
    0.12559447   -0.00000006    0.09912421    0.18715796   -0.00000009    0.15404932
    0.12559369    0.00001231    0.09912421    0.18715680    0.00001868    0.15404932
    0.12559137    0.00002449    0.09912421    0.18715333    0.00003715    0.15404932
    0.12558754    0.00003628    0.09912421    0.18714762    0.00005504    0.15404932
    0.12558226    0.00004750    0.09912421    0.18713976    0.00007206    0.15404932
    0.12557562    0.00005796    0.09912421    0.18712986    0.00008794    0.15404932
    0.12556772    0.00006752    0.09912421    0.18711808    0.00010244    0.15404932
    0.12555868    0.00007600    0.09912421    0.18710462    0.00011531    0.15404932
    0.12554865    0.00008329    0.09912421    0.18708967    0.00012637    0.15404932
    0.12553779    0.00008926    0.09912421    0.18707348    0.00013543    0.15404932
    0.12552626    0.00009383    0.09912421    0.18705631    0.00014235    0.15404932
    0.12551425    0.00009691    0.09912421    0.18703841    0.00014703    0.15404932
    0.12550195    0.00009846    0.09912421    0.18702008    0.00014939    0.15404932
    0.12548955    0.00009846    0.09912421    0.18700161    0.00014939    0.15404932
    0.12547726    0.00009691    0.09912421    0.18698328    0.00014703    0.15404932
    0.12546525    0.00009383    0.09912421    0.18696539    0.00014235    0.15404932
    0.12545372    0.00008926    0.09912421    0.18694821    0.00013543    0.15404932
    0.12544286    0.00008329    0.09912421    0.18693202    0.00012637    0.15404932
    0.12543283    0.00007600    0.09912421    0.18691708    0.00011531    0.15404932
    0.12542379    0.00006752    0.09912421    0.18690361    0.00010244    0.15404932
    0.12541589    0.00005796    0.09912421    0.18689184    0.00008794    0.15404932
    0.12540925    0.00004750    0.09912421    0.18688194    0.00007206    0.15404932
    0.12540397    0.00003628    0.09912421    0.18687407    0.00005504    0.15404932
    0.12540014    0.00002449    0.09912421    0.18686836    0.00003715    0.15404932
    0.12539781    0.00001231    0.09912421    0.18686490    0.00001868    0.15404932
    0.12539703   -0.00000006    0.09912421    0.18686374   -0.00000009    0.15404932
    0.12539781   -0.00001243    0.09912421    0.18686490   -0.00001887    0.15404932
    0.12540014   -0.00002461    0.09912421    0.18686836   -0.00003734    0.15404932
    0.12540397   -0.00003640    0.09912421    0.18687407   -0.00005523    0.15404932
    0.12540925   -0.00004762    0.09912421    0.18688194   -0.00007225    0.15404932
    0.12541589   -0.00005809    0.09912421    0.18689184   -0.00008813    0.15404932
    0.12542379   -0.00006764    0.09912421    0.18690361   -0.00010262    0.15404932
    0.12543283   -0.00007613    0.09912421    0.18691708   -0.00011550    0.15404932
    0.12544286   -0.00008341    0.09912421    0.18693202   -0.00012655    0.15404932
    0.12545372   -0.00008938    0.09912421    0.18694821   -0.00013561    0.15404932
    0.12546525   -0.00009395    0.09912421    0.18696539   -0.00014254    0.15404932
    0.12547726   -0.00009703    0.09912421    0.18698328   -0.00014722    0.15404932
    0.12548955   -0.00009858    0.09912421    0.18700161   -0.00014957    0.15404932
    0.12550195   -0.00009858    0.09912421    0.18702008   -0.00014957    0.15404932
    0.12551425   -0.00009703    0.09912421    0.18703841   -0.00014722    0.15404932
    0.12552626   -0.00009395    0.09912421    0.18705631   -0.00014254    0.15404932
    0.12553779   -0.00008938    0.09912421    0.18707348   -0.00013561    0.15404932
    0.12554865   -0.00008341    0.09912421    0.18708967   -0.00012655    0.15404932
    0.12555868   -0.00007613    0.09912421    0.18710462   -0.00011550    0.15404932
    0.12556772   -0.00006764    0.09912421    0.18711808   -0.00010262    0.15404932
    0.12557562   -0.00005809    0.09912421    0.18712986   -0.00008813    0.15404932
    0.12558226   -0.00004762    0.09912421    0.18713976   -0.00007225    0.15404932
    0.12558754   -0.00003640    0.09912421    0.18714762   -0.00005523    0.15404932
    0.12559137   -0.00002461    0.09912421    0.18715333   -0.00003734    0.15404932
    0.12559369   -0.00001243    0.09912421    0.18715680   -0.00001887    0.15404932
    0.12559325   -0.00000006    0.09913050    0.18715613   -0.00000009    0.15405910
    0.12559248    0.00001216    0.09913050    0.18715498    0.00001845    0.15405910
    0.12559018    0.00002418    0.09913050    0.18715156    0.00003669    0.15405910
    0.12558640    0.00003583    0.09913050    0.18714593    0.00005436    0.15405910
    0.12558119    0.00004691    0.09913050    0.18713816    0.00007117    0.15405910
    0.12557463    0.00005724    0.09913050    0.18712838    0.00008685    0.15405910
    0.12556682    0.00006668    0.09913050    0.18711675    0.00010116    0.15405910
    0.12555790    0.00007506    0.09913050    0.18710345    0.00011388    0.15405910
    0.12554799    0.00008225    0.09913050    0.18708869    0.00012480    0.15405910
    0.12553726    0.00008815    0.09913050    0.18707271    0.00013375    0.15405910
    0.12552588    0.00009266    0.09913050    0.18705574    0.00014058    0.15405910
    0.12551402    0.00009570    0.09913050    0.18703807    0.00014520    0.15405910
    0.12550187    0.00009724    0.09913050    0.18701997    0.00014753    0.15405910
    0.12548963    0.00009724    0.09913050    0.18700173    0.00014753    0.15405910
    0.12547748    0.00009570    0.09913050    0.18698362    0.00014520    0.15405910
    0.12546563    0.00009266    0.09913050    0.18696595    0.00014058    0.15405910
    0.12545424    0.00008815    0.09913050    0.18694899    0.00013375    0.15405910
    0.12544351    0.00008225    0.09913050    0.18693300    0.00012480    0.15405910
    0.12543361    0.00007506    0.09913050    0.18691824    0.00011388    0.15405910
    0.12542468    0.00006668    0.09913050    0.18690494    0.00010116    0.15405910
    0.12541688    0.00005724    0.09913050    0.18689331    0.00008685    0.15405910
    0.12541032    0.00004691    0.09913050    0.18688354    0.00007117    0.15405910
    0.12540511    0.00003583    0.09913050    0.18687577    0.00005436    0.15405910
    0.12540132    0.00002418    0.09913050    0.18687013    0.00003669    0.15405910
    0.12539903    0.00001216    0.09913050    0.18686671    0.00001845    0.15405910
    0.12539826   -0.00000006    0.09913050    0.18686557   -0.00000009    0.15405910
    0.12539903   -0.00001228    0.09913050    0.18686671   -0.00001863    0.15405910
    0.12540132   -0.00002431    0.09913050    0.18687013   -0.00003688    0.15405910
    0.12540511   -0.00003595    0.09913050    0.18687577   -0.00005454    0.15405910
    0.12541032   -0.00004703    0.09913050    0.18688354   -0.00007135    0.15405910
    0.12541688   -0.00005737    0.09913050    0.18689331   -0.00008704    0.15405910
    0.12542468   -0.00006680    0.09913050    0.18690494   -0.00010135    0.15405910
    0.12543361   -0.00007518    0.09913050    0.18691824   -0.00011406    0.15405910
    0.12544351   -0.00008238    0.09913050    0.18693300   -0.00012498    0.15405910
    0.12545424   -0.00008828    0.09913050    0.18694899   -0.00013393    0.15405910
    0.12546563   -0.00009278    0.09913050    0.18696595   -0.00014077    0.15405910
    0.12547748   -0.00009583    0.09913050    0.18698362   -0.00014539    0.15405910
    0.12548963   -0.00009736    0.09913050    0.18700173   -0.00014772    0.15405910
    0.12550187   -0.00009736    0.09913050    0.18701997   -0.00014772    0.15405910
    0.12551402   -0.00009583    0.09913050    0.18703807   -0.00014539    0.15405910
    0.12552588   -0.00009278    0.09913050    0.18705574   -0.00014077    0.15405910
    0.12553726   -0.00008828    0.09913050    0.18707271   -0.00013393    0.15405910
    0.12554799   -0.00008238    0.09913050    0.18708869   -0.00012498    0.15405910
    0.12555790   -0.00007518    0.09913050    0.18710345   -0.00011406    0.15405910
    0.12556682   -0.00006680    0.09913050    0.18711675   -0.00010135    0.15405910
    0.12557463   -0.00005737    0.09913050    0.18712838   -0.00008704    0.15405910
    0.12558119   -0.00004703    0.09913050    0.18713816   -0.00007135    0.15405910
    0.12558640   -0.00003595    0.09913050    0.18714593   -0.00005454    0.15405910
    0.12559018   -0.00002431    0.09913050    0.18715156   -0.00003688    0.15405910
    0.12559248   -0.00001228    0.09913050    0.18715498   -0.00001863    0.15405910
    0.12559162   -0.00000006    0.09913670    0.18715371   -0.00000009    0.15406874
    0.12559086    0.00001195    0.09913670    0.18715258    0.00001814    0.15406874
    0.12558861    0.00002378    0.09913670    0.18714922    0.00003608    0.15406874
    0.12558489    0.00003523    0.09913670    0.18714367    0.00005345    0.15406874
    0.12557976    0.00004612    0.09913670    0.18713604    0.00006998    0.15406874
    0.12557331    0.00005629    0.09913670    0.18712642    0.00008540    0.15406874
    0.12556564    0.00006556    0.09913670    0.18711499    0.00009947    0.15406874
    0.12555686    0.00007381    0.09913670    0.18710191    0.00011198    0.15406874
    0.12554712    0.00008088    0.09913670    0.18708739    0.00012271    0.15406874
    0.12553657    0.00008668    0.09913670    0.18707167    0.00013151    0.15406874
    0.12552538    0.00009111    0.09913670    0.18705499    0.00013824    0.15406874
    0.12551372    0.00009411    0.09913670    0.18703762    0.00014278    0.15406874
    0.12550177    0.00009562    0.09913670    0.18701982    0.00014507    0.15406874
    0.12548973    0.00009562    0.09913670    0.18700188    0.00014507    0.15406874
    0.12547779    0.00009411    0.09913670    0.18698408    0.00014278    0.15406874
    0.12546613    0.00009111    0.09913670    0.18696670    0.00013824    0.15406874
    0.12545494    0.00008668    0.09913670    0.18695002    0.00013151    0.15406874
    0.12544439    0.00008088    0.09913670    0.18693430    0.00012271    0.15406874
    0.12543465    0.00007381    0.09913670    0.18691979    0.00011198    0.15406874
    0.12542587    0.00006556    0.09913670    0.18690671    0.00009947    0.15406874
    0.12541820    0.00005629    0.09913670    0.18689527    0.00008540    0.15406874
    0.12541174    0.00004612    0.09913670    0.18688566    0.00006998    0.15406874
    0.12540662    0.00003523    0.09913670    0.18687802    0.00005345    0.15406874
    0.12540290    0.00002378    0.09913670    0.18687248    0.00003608    0.15406874
    0.12540064    0.00001195    0.09913670    0.18686912    0.00001814    0.15406874
    0.12539989   -0.00000006    0.09913670    0.18686799   -0.00000009    0.15406874
    0.12540064   -0.00001208    0.09913670    0.18686912   -0.00001832    0.15406874
    0.12540290   -0.00002390    0.09913670    0.18687248   -0.00003627    0.15406874
    0.12540662   -0.00003535    0.09913670    0.18687802   -0.00005364    0.15406874
    0.12541174   -0.00004625    0.09913670    0.18688566   -0.00007016    0.15406874
    0.12541820   -0.00005641    0.09913670    0.18689527   -0.00008559    0.15406874
    0.12542587   -0.00006569    0.09913670    0.18690671   -0.00009966    0.15406874
    0.12543465   -0.00007393    0.09913670    0.18691979   -0.00011216    0.15406874
    0.12544439   -0.00008100    0.09913670    0.18693430   -0.00012290    0.15406874
    0.12545494   -0.00008680    0.09913670    0.18695002   -0.00013170    0.15406874
    0.12546613   -0.00009124    0.09913670    0.18696670   -0.00013842    0.15406874
    0.12547779   -0.00009423    0.09913670    0.18698408   -0.00014297    0.15406874
    0.12548973   -0.00009574    0.09913670    0.18700188   -0.00014526    0.15406874
    0.12550177   -0.00009574    0.09913670    0.18701982   -0.00014526    0.15406874
    0.12551372   -0.00009423    0.09913670    0.18703762   -0.00014297    0.15406874
    0.12552538   -0.00009124    0.09913670    0.18705499   -0.00013842    0.15406874
    0.12553657   -0.00008680    0.09913670    0.18707167   -0.00013170    0.15406874
    0.12554712   -0.00008100    0.09913670    0.18708739   -0.00012290    0.15406874
    0.12555686   -0.00007393    0.09913670    0.18710191   -0.00011216    0.15406874
    0.12556564   -0.00006569    0.09913670    0.18711499   -0.00009966    0.15406874
    0.12557331   -0.00005641    0.09913670    0.18712642   -0.00008559    0.15406874
    0.12557976   -0.00004625    0.09913670    0.18713604   -0.00007016    0.15406874
    0.12558489   -0.00003535    0.09913670    0.18714367   -0.00005364    0.15406874
    0.12558861   -0.00002390    0.09913670    0.18714922   -0.00003627    0.15406874
    0.12559086   -0.00001208    0.09913670    0.18715258   -0.00001832    0.15406874
    0.12558960   -0.00000006    0.09914279    0.18715070   -0.00000009    0.15407819
    0.12558886    0.00001170    0.09914279    0.18714959    0.00001775    0.15407819
    0.12558665    0.00002328    0.09914279    0.18714630    0.00003532    0.15407819
    0.12558301    0.00003449    0.09914279    0.18714088    0.00005232    0.15407819
    0.12557799    0.00004515    0.09914279    0.18713340    0.00006850    0.15407819
    0.12557168    0.00005510    0.09914279    0.18712399    0.00008360    0.15407819
    0.12556416    0.00006418    0.09914279    0.18711279    0.00009738    0.15407819
    0.12555557    0.00007225    0.09914279    0.18709999    0.00010962    0.15407819
    0.12554604    0.00007918    0.09914279    0.18708578    0.00012013    0.15407819
    0.12553571    0.00008485    0.09914279    0.18707039    0.00012874    0.15407819
    0.12552475    0.00008919    0.09914279    0.18705406    0.00013532    0.15407819
    0.12551334    0.00009212    0.09914279    0.18703705    0.00013977    0.15407819
    0.12550165    0.00009360    0.09914279    0.18701963    0.00014201    0.15407819
    0.12548986    0.00009360    0.09914279    0.18700207    0.00014201    0.15407819
    0.12547817    0.00009212    0.09914279    0.18698464    0.00013977    0.15407819
    0.12546675    0.00008919    0.09914279    0.18696763    0.00013532    0.15407819
    0.12545580    0.00008485    0.09914279    0.18695130    0.00012874    0.15407819
    0.12544547    0.00007918    0.09914279    0.18693591    0.00012013    0.15407819
    0.12543593    0.00007225    0.09914279    0.18692170    0.00010962    0.15407819
    0.12542734    0.00006418    0.09914279    0.18690890    0.00009738    0.15407819
    0.12541983    0.00005510    0.09914279    0.18689771    0.00008360    0.15407819
    0.12541351    0.00004515    0.09914279    0.18688830    0.00006850    0.15407819
    0.12540850    0.00003449    0.09914279    0.18688082    0.00005232    0.15407819
    0.12540485    0.00002328    0.09914279    0.18687539    0.00003532    0.15407819
    0.12540265    0.00001170    0.09914279    0.18687210    0.00001775    0.15407819
    0.12540191   -0.00000006    0.09914279    0.18687100   -0.00000009    0.15407819
    0.12540265   -0.00001182    0.09914279    0.18687210   -0.00001794    0.15407819
    0.12540485   -0.00002340    0.09914279    0.18687539   -0.00003550    0.15407819
    0.12540850   -0.00003461    0.09914279    0.18688082   -0.00005251    0.15407819
    0.12541351   -0.00004527    0.09914279    0.18688830   -0.00006869    0.15407819
    0.12541983   -0.00005522    0.09914279    0.18689771   -0.00008378    0.15407819
    0.12542734   -0.00006430    0.09914279    0.18690890   -0.00009756    0.15407819
    0.12543593   -0.00007237    0.09914279    0.18692170   -0.00010980    0.15407819
    0.12544547   -0.00007930    0.09914279    0.18693591   -0.00012031    0.15407819
    0.12545580   -0.00008498    0.09914279    0.18695130   -0.00012893    0.15407819
    0.12546675   -0.00008932    0.09914279    0.18696763   -0.00013551    0.15407819
    0.12547817   -0.00009225    0.09914279    0.18698464   -0.00013996    0.15407819
    0.12548986   -0.00009372    0.09914279    0.18700207   -0.00014220    0.15407819
    0.12550165   -0.00009372    0.09914279    0.18701963   -0.00014220    0.15407819
    0.12551334   -0.00009225    0.09914279    0.18703705   -0.00013996    0.15407819
    0.12552475   -0.00008932    0.09914279    0.18705406   -0.00013551    0.15407819
    0.12553571   -0.00008498    0.09914279    0.18707039   -0.00012893    0.15407819
    0.12554604   -0.00007930    0.09914279    0.18708578   -0.00012031    0.15407819
    0.12555557   -0.00007237    0.09914279    0.18709999   -0.00010980    0.15407819
    0.12556416   -0.00006430    0.09914279    0.18711279   -0.00009756    0.15407819
    0.12557168   -0.00005522    0.09914279    0.18712399   -0.00008378    0.15407819
    0.12557799   -0.00004527    0.09914279    0.18713340   -0.00006869    0.15407819
    0.12558301   -0.00003461    0.09914279    0.18714088   -0.00005251    0.15407819
    0.12558665   -0.00002340    0.09914279    0.18714630   -0.00003550    0.15407819
    0.12558886   -0.00001182    0.09914279    0.18714959   -0.00001794    0.15407819
    0.12558719   -0.00000006    0.09914873    0.18714711   -0.00000009    0.15408743
    0.12558647    0.00001140    0.09914873    0.18714604    0.00001729    0.15408743
    0.12558432    0.00002268    0.09914873    0.18714283    0.00003441    0.15408743
    0.12558077    0.00003360    0.09914873    0.18713754    0.00005098    0.15408743
    0.12557588    0.00004399    0.09914873    0.18713026    0.00006674    0.15408743
    0.12556973    0.00005369    0.09914873    0.18712109    0.00008145    0.15408743
    0.12556241    0.00006253    0.09914873    0.18711018    0.00009488    0.15408743
    0.12555404    0.00007040    0.09914873    0.18709771    0.00010680    0.15408743
    0.12554475    0.00007714    0.09914873    0.18708386    0.00011704    0.15408743
    0.12553469    0.00008268    0.09914873    0.18706887    0.00012544    0.15408743
    0.12552401    0.00008690    0.09914873    0.18705296    0.00013185    0.15408743
    0.12551289    0.00008976    0.09914873    0.18703638    0.00013618    0.15408743
    0.12550149    0.00009120    0.09914873    0.18701940    0.00013837    0.15408743
    0.12549001    0.00009120    0.09914873    0.18700229    0.00013837    0.15408743
    0.12547862    0.00008976    0.09914873    0.18698531    0.00013618    0.15408743
    0.12546750    0.00008690    0.09914873    0.18696874    0.00013185    0.15408743
    0.12545682    0.00008268    0.09914873    0.18695283    0.00012544    0.15408743
    0.12544676    0.00007714    0.09914873    0.18693783    0.00011704    0.15408743
    0.12543747    0.00007040    0.09914873    0.18692399    0.00010680    0.15408743
    0.12542910    0.00006253    0.09914873    0.18691152    0.00009488    0.15408743
    0.12542178    0.00005369    0.09914873    0.18690061    0.00008145    0.15408743
    0.12541562    0.00004399    0.09914873    0.18689144    0.00006674    0.15408743
    0.12541073    0.00003360    0.09914873    0.18688415    0.00005098    0.15408743
    0.12540718    0.00002268    0.09914873    0.18687886    0.00003441    0.15408743
    0.12540503    0.00001140    0.09914873    0.18687566    0.00001729    0.15408743
    0.12540431   -0.00000006    0.09914873    0.18687458   -0.00000009    0.15408743
    0.12540503   -0.00001152    0.09914873    0.18687566   -0.00001748    0.15408743
    0.12540718   -0.00002280    0.09914873    0.18687886   -0.00003460    0.15408743
    0.12541073   -0.00003372    0.09914873    0.18688415   -0.00005116    0.15408743
    0.12541562   -0.00004411    0.09914873    0.18689144   -0.00006693    0.15408743
    0.12542178   -0.00005381    0.09914873    0.18690061   -0.00008164    0.15408743
    0.12542910   -0.00006266    0.09914873    0.18691152   -0.00009506    0.15408743
    0.12543747   -0.00007052    0.09914873    0.18692399   -0.00010699    0.15408743
    0.12544676   -0.00007727    0.09914873    0.18693783   -0.00011723    0.15408743
    0.12545682   -0.00008280    0.09914873    0.18695283   -0.00012562    0.15408743
    0.12546750   -0.00008703    0.09914873    0.18696874   -0.00013204    0.15408743
    0.12547862   -0.00008988    0.09914873    0.18698531   -0.00013637    0.15408743
    0.12549001   -0.00009132    0.09914873    0.18700229   -0.00013855    0.15408743
    0.12550149   -0.00009132    0.09914873    0.18701940   -0.00013855    0.15408743
    0.12551289   -0.00008988    0.09914873    0.18703638   -0.00013637    0.15408743
    0.12552401   -0.00008703    0.09914873    0.18705296   -0.00013204    0.15408743
    0.12553469   -0.00008280    0.09914873    0.18706887   -0.00012562    0.15408743
    0.12554475   -0.00007727    0.09914873    0.18708386   -0.00011723    0.15408743
    0.12555404   -0.00007052    0.09914873    0.18709771   -0.00010699    0.15408743
    0.12556241   -0.00006266    0.09914873    0.18711018   -0.00009506    0.15408743
    0.12556973   -0.00005381    0.09914873    0.18712109   -0.00008164    0.15408743
    0.12557588   -0.00004411    0.09914873    0.18713026   -0.00006693    0.15408743
    0.12558077   -0.00003372    0.09914873    0.18713754   -0.00005116    0.15408743
    0.12558432   -0.00002280    0.09914873    0.18714283   -0.00003460    0.15408743
    0.12558647   -0.00001152    0.09914873    0.18714604   -0.00001748    0.15408743
    0.12558441   -0.00000006    0.09915450    0.18714297   -0.00000009    0.15409640
    0.12558371    0.00001105    0.09915450    0.18714192    0.00001677    0.15409640
    0.12558163    0.00002199    0.09915450    0.18713882    0.00003336    0.15409640
    0.12557819    0.00003258    0.09915450    0.18713369    0.00004943    0.15409640
    0.12557345    0.00004265    0.09915450    0.18712662    0.00006471    0.15409640
    0.12556748    0.00005205    0.09915450    0.18711773    0.00007897    0.15409640
    0.12556038    0.00006063    0.09915450    0.18710716    0.00009199    0.15409640
    0.12555227    0.00006825    0.09915450    0.18709506    0.00010355    0.15409640
    0.12554326    0.00007480    0.09915450    0.18708164    0.00011348    0.15409640
    0.12553350    0.00008016    0.09915450    0.18706710    0.00012162    0.15409640
    0.12552315    0.00008426    0.09915450    0.18705167    0.00012784    0.15409640
    0.12551237    0.00008703    0.09915450    0.18703560    0.00013204    0.15409640
    0.12550132    0.00008842    0.09915450    0.18701914    0.00013416    0.15409640
    0.12549019    0.00008842    0.09915450    0.18700255    0.00013416    0.15409640
    0.12547914    0.00008703    0.09915450    0.18698609    0.00013204    0.15409640
    0.12546836    0.00008426    0.09915450    0.18697002    0.00012784    0.15409640
    0.12545800    0.00008016    0.09915450    0.18695459    0.00012162    0.15409640
    0.12544825    0.00007480    0.09915450    0.18694005    0.00011348    0.15409640
    0.12543924    0.00006825    0.09915450    0.18692663    0.00010355    0.15409640
    0.12543112    0.00006063    0.09915450    0.18691454    0.00009199    0.15409640
    0.12542403    0.00005205    0.09915450    0.18690396    0.00007897    0.15409640
    0.12541806    0.00004265    0.09915450    0.18689507    0.00006471    0.15409640
    0.12541332    0.00003258    0.09915450    0.18688801    0.00004943    0.15409640
    0.12540988    0.00002199    0.09915450    0.18688288    0.00003336    0.15409640
    0.12540779    0.00001105    0.09915450    0.18687977    0.00001677    0.15409640
    0.12540709   -0.00000006    0.09915450    0.18687873   -0.00000009    0.15409640
    0.12540779   -0.00001117    0.09915450    0.18687977   -0.00001695    0.15409640
    0.12540988   -0.00002211    0.09915450    0.18688288   -0.00003355    0.15409640
    0.12541332   -0.00003270    0.09915450    0.18688801   -0.00004961    0.15409640
    0.12541806   -0.00004277    0.09915450    0.18689507   -0.00006490    0.15409640
    0.12542403   -0.00005217    0.09915450    0.18690396   -0.00007916    0.15409640
    0.12543112   -0.00006075    0.09915450    0.18691454   -0.00009218    0.15409640
    0.12543924   -0.00006838    0.09915450    0.18692663   -0.00010374    0.15409640
    0.12544825   -0.00007492    0.09915450    0.18694005   -0.00011367    0.15409640
    0.12545800   -0.00008028    0.09915450    0.18695459   -0.00012181    0.15409640
    0.12546836   -0.00008438    0.09915450    0.18697002   -0.00012802    0.15409640
    0.12547914   -0.00008715    0.09915450    0.18698609   -0.00013223    0.15409640
    0.12549019   -0.00008855    0.09915450    0.18700255   -0.00013434    0.15409640
    0.12550132   -0.00008855    0.09915450    0.18701914   -0.00013434    0.15409640
    0.12551237   -0.00008715    0.09915450    0.18703560   -0.00013223    0.15409640
    0.12552315   -0.00008438    0.09915450    0.18705167   -0.00012802    0.15409640
    0.12553350   -0.00008028    0.09915450    0.18706710   -0.00012181    0.15409640
    0.12554326   -0.00007492    0.09915450    0.18708164   -0.00011367    0.15409640
    0.12555227   -0.00006838    0.09915450    0.18709506   -0.00010374    0.15409640
    0.12556038   -0.00006075    0.09915450    0.18710716   -0.00009218    0.15409640
    0.12556748   -0.00005217    0.09915450    0.18711773   -0.00007916    0.15409640
    0.12557345   -0.00004277    0.09915450    0.18712662   -0.00006490    0.15409640
    0.12557819   -0.00003270    0.09915450    0.18713369   -0.00004961    0.15409640
    0.12558163   -0.00002211    0.09915450    0.18713882   -0.00003355    0.15409640
    0.12558371   -0.00001117    0.09915450    0.18714192   -0.00001695    0.15409640
    0.12558127   -0.00000006    0.09916009    0.18713828   -0.00000009    0.15410508
    0.12558059    0.00001066    0.09916009    0.18713727    0.00001617    0.15410508
    0.12557858    0.00002121    0.09916009    0.18713428    0.00003217    0.15410508
    0.12557526    0.00003142    0.09916009    0.18712933    0.00004767    0.15410508
    0.12557069    0.00004114    0.09916009    0.18712252    0.00006241    0.15410508
    0.12556494    0.00005020    0.09916009    0.18711394    0.00007617    0.15410508
    0.12555809    0.00005848    0.09916009    0.18710374    0.00008872    0.15410508
    0.12555026    0.00006583    0.09916009    0.18709208    0.00009988    0.15410508
    0.12554157    0.00007214    0.09916009    0.18707913    0.00010945    0.15410508
    0.12553216    0.00007731    0.09916009    0.18706511    0.00011730    0.15410508
    0.12552218    0.00008127    0.09916009    0.18705023    0.00012330    0.15410508
    0.12551178    0.00008394    0.09916009    0.18703473    0.00012735    0.15410508
    0.12550112    0.00008528    0.09916009    0.18701885    0.00012939    0.15410508
    0.12549038    0.00008528    0.09916009    0.18700285    0.00012939    0.15410508
    0.12547973    0.00008394    0.09916009    0.18698697    0.00012735    0.15410508
    0.12546933    0.00008127    0.09916009    0.18697147    0.00012330    0.15410508
    0.12545934    0.00007731    0.09916009    0.18695659    0.00011730    0.15410508
    0.12544993    0.00007214    0.09916009    0.18694257    0.00010945    0.15410508
    0.12544124    0.00006583    0.09916009    0.18692962    0.00009988    0.15410508
    0.12543342    0.00005848    0.09916009    0.18691795    0.00008872    0.15410508
    0.12542657    0.00005020    0.09916009    0.18690775    0.00007617    0.15410508
    0.12542082    0.00004114    0.09916009    0.18689918    0.00006241    0.15410508
    0.12541624    0.00003142    0.09916009    0.18689236    0.00004767    0.15410508
    0.12541293    0.00002121    0.09916009    0.18688742    0.00003217    0.15410508
    0.12541091    0.00001066    0.09916009    0.18688442    0.00001617    0.15410508
    0.12541024   -0.00000006    0.09916009    0.18688342   -0.00000009    0.15410508
    0.12541091   -0.00001078    0.09916009    0.18688442   -0.00001635    0.15410508
    0.12541293   -0.00002133    0.09916009    0.18688742   -0.00003236    0.15410508
    0.12541624   -0.00003154    0.09916009    0.18689236   -0.00004785    0.15410508
    0.12542082   -0.00004126    0.09916009    0.18689918   -0.00006260    0.15410508
    0.12542657   -0.00005033    0.09916009    0.18690775   -0.00007635    0.15410508
    0.12543342   -0.00005860    0.09916009    0.18691795   -0.00008891    0.15410508
    0.12544124   -0.00006595    0.09916009    0.18692962   -0.00010006    0.15410508
    0.12544993   -0.00007226    0.09916009    0.18694257   -0.00010964    0.15410508
    0.12545934   -0.00007744    0.09916009    0.18695659   -0.00011749    0.15410508
    0.12546933   -0.00008139    0.09916009    0.18697147   -0.00012349    0.15410508
    0.12547973   -0.00008406    0.09916009    0.18698697   -0.00012754    0.15410508
    0.12549038   -0.00008541    0.09916009    0.18700285   -0.00012958    0.15410508
    0.12550112   -0.00008541    0.09916009    0.18701885   -0.00012958    0.15410508
    0.12551178   -0.00008406    0.09916009    0.18703473   -0.00012754    0.15410508
    0.12552218   -0.00008139    0.09916009    0.18705023   -0.00012349    0.15410508
    0.12553216   -0.00007744    0.09916009    0.18706511   -0.00011749    0.15410508
    0.12554157   -0.00007226    0.09916009    0.18707913   -0.00010964    0.15410508
    0.12555026   -0.00006595    0.09916009    0.18709208   -0.00010006    0.15410508
    0.12555809   -0.00005860    0.09916009    0.18710374   -0.00008891    0.15410508
    0.12556494   -0.00005033    0.09916009    0.18711394   -0.00007635    0.15410508
    0.12557069   -0.00004126    0.09916009    0.18712252   -0.00006260    0.15410508
    0.12557526   -0.00003154    0.09916009    0.18712933   -0.00004785    0.15410508
    0.12557858   -0.00002133    0.09916009    0.18713428   -0.00003236    0.15410508
    0.12558059   -0.00001078    0.09916009    0.18713727   -0.00001635    0.15410508
    0.12557777   -0.00000006    0.09916546    0.18713307   -0.00000009    0.15411343
    0.12557712    0.00001022    0.09916546    0.18713210    0.00001550    0.15411343
    0.12557519    0.00002034    0.09916546    0.18712923    0.00003085    0.15411343
    0.12557201    0.00003013    0.09916546    0.18712449    0.00004572    0.15411343
    0.12556763    0.00003945    0.09916546    0.18711795    0.00005985    0.15411343
    0.12556211    0.00004815    0.09916546    0.18710973    0.00007305    0.15411343
    0.12555554    0.00005608    0.09916546    0.18709994    0.00008509    0.15411343
    0.12554803    0.00006313    0.09916546    0.18708875    0.00009579    0.15411343
    0.12553970    0.00006919    0.09916546    0.18707634    0.00010497    0.15411343
    0.12553067    0.00007415    0.09916546    0.18706289    0.00011250    0.15411343
    0.12552110    0.00007794    0.09916546    0.18704862    0.00011825    0.15411343
    0.12551112    0.00008050    0.09916546    0.18703375    0.00012214    0.15411343
    0.12550090    0.00008179    0.09916546    0.18701852    0.00012410    0.15411343
    0.12549060    0.00008179    0.09916546    0.18700317    0.00012410    0.15411343
    0.12548038    0.00008050    0.09916546    0.18698795    0.00012214    0.15411343
    0.12547041    0.00007794    0.09916546    0.18697308    0.00011825    0.15411343
    0.12546083    0.00007415    0.09916546    0.18695881    0.00011250    0.15411343
    0.12545181    0.00006919    0.09916546    0.18694536    0.00010497    0.15411343
    0.12544347    0.00006313    0.09916546    0.18693294    0.00009579    0.15411343
    0.12543597    0.00005608    0.09916546    0.18692175    0.00008509    0.15411343
    0.12542940    0.00004815    0.09916546    0.18691197    0.00007305    0.15411343
    0.12542388    0.00003945    0.09916546    0.18690375    0.00005985    0.15411343
    0.12541950    0.00003013    0.09916546    0.18689721    0.00004572    0.15411343
    0.12541631    0.00002034    0.09916546    0.18689247    0.00003085    0.15411343
    0.12541438    0.00001022    0.09916546    0.18688959    0.00001550    0.15411343
    0.12541374   -0.00000006    0.09916546    0.18688863   -0.00000009    0.15411343
    0.12541438   -0.00001034    0.09916546    0.18688959   -0.00001569    0.15411343
    0.12541631   -0.00002046    0.09916546    0.18689247   -0.00003104    0.15411343
    0.12541950   -0.00003025    0.09916546    0.18689721   -0.00004590    0.15411343
    0.12542388   -0.00003957    0.09916546    0.18690375   -0.00006004    0.15411343
    0.12542940   -0.00004827    0.09916546    0.18691197   -0.00007324    0.15411343
    0.12543597   -0.00005621    0.09916546    0.18692175   -0.00008528    0.15411343
    0.12544347   -0.00006326    0.09916546    0.18693294   -0.00009597    0.15411343
    0.12545181   -0.00006931    0.09916546    0.18694536   -0.00010516    0.15411343
    0.12546083   -0.00007427    0.09916546    0.18695881   -0.00011269    0.15411343
    0.12547041   -0.00007806    0.09916546    0.18697308   -0.00011844    0.15411343
    0.12548038   -0.00008063    0.09916546    0.18698795   -0.00012233    0.15411343
    0.12549060   -0.00008192    0.09916546    0.18700317   -0.00012428    0.15411343
    0.12550090   -0.00008192    0.09916546    0.18701852   -0.00012428    0.15411343
    0.12551112   -0.00008063    0.09916546    0.18703375   -0.00012233    0.15411343
    0.12552110   -0.00007806    0.09916546    0.18704862   -0.00011844    0.15411343
    0.12553067   -0.00007427    0.09916546    0.18706289   -0.00011269    0.15411343
    0.12553970   -0.00006931    0.09916546    0.18707634   -0.00010516    0.15411343
    0.12554803   -0.00006326    0.09916546    0.18708875   -0.00009597    0.15411343
    0.12555554   -0.00005621    0.09916546    0.18709994   -0.00008528    0.15411343
    0.12556211   -0.00004827    0.09916546    0.18710973   -0.00007324    0.15411343
    0.12556763   -0.00003957    0.09916546    0.18711795   -0.00006004    0.15411343
    0.12557201   -0.00003025    0.09916546    0.18712449   -0.00004590    0.15411343
    0.12557519   -0.00002046    0.09916546    0.18712923   -0.00003104    0.15411343
    0.12557712   -0.00001034    0.09916546    0.18713210   -0.00001569    0.15411343
    0.12557394   -0.00000006    0.09917060    0.18712735   -0.00000009    0.15412141
    0.12557332    0.00000974    0.09917060    0.18712644    0.00001477    0.15412141
    0.12557148    0.00001938    0.09917060    0.18712369    0.00002941    0.15412141
    0.12556845    0.00002872    0.09917060    0.18711917    0.00004357    0.15412141
    0.12556427    0.00003760    0.09917060    0.18711294    0.00005705    0.15412141
    0.12555900    0.00004589    0.09917060    0.18710510    0.00006963    0.15412141
    0.12555275    0.00005346    0.09917060    0.18709578    0.00008111    0.15412141
    0.12554559    0.00006018    0.09917060    0.18708511    0.00009130    0.15412141
    0.12553765    0.00006595    0.09917060    0.18707328    0.00010006    0.15412141
    0.12552904    0.00007068    0.09917060    0.18706045    0.00010724    0.15412141
    0.12551991    0.00007430    0.09917060    0.18704685    0.00011272    0.15412141
    0.12551040    0.00007674    0.09917060    0.18703268    0.00011643    0.15412141
    0.12550066    0.00007797    0.09917060    0.18701816    0.00011829    0.15412141
    0.12549084    0.00007797    0.09917060    0.18700353    0.00011829    0.15412141
    0.12548110    0.00007674    0.09917060    0.18698902    0.00011643    0.15412141
    0.12547159    0.00007430    0.09917060    0.18697485    0.00011272    0.15412141
    0.12546246    0.00007068    0.09917060    0.18696124    0.00010724    0.15412141
    0.12545386    0.00006595    0.09917060    0.18694842    0.00010006    0.15412141
    0.12544592    0.00006018    0.09917060    0.18693658    0.00009130    0.15412141
    0.12543876    0.00005346    0.09917060    0.18692592    0.00008111    0.15412141
    0.12543250    0.00004589    0.09917060    0.18691659    0.00006963    0.15412141
    0.12542724    0.00003760    0.09917060    0.18690875    0.00005705    0.15412141
    0.12542306    0.00002872    0.09917060    0.18690252    0.00004357    0.15412141
    0.12542003    0.00001938    0.09917060    0.18689800    0.00002941    0.15412141
    0.12541819    0.00000974    0.09917060    0.18689526    0.00001477    0.15412141
    0.12541757   -0.00000006    0.09917060    0.18689434   -0.00000009    0.15412141
    0.12541819   -0.00000986    0.09917060    0.18689526   -0.00001496    0.15412141
    0.12542003   -0.00001950    0.09917060    0.18689800   -0.00002959    0.15412141
    0.12542306   -0.00002884    0.09917060    0.18690252   -0.00004376    0.15412141
    0.12542724   -0.00003773    0.09917060    0.18690875   -0.00005724    0.15412141
    0.12543250   -0.00004602    0.09917060    0.18691659   -0.00006982    0.15412141
    0.12543876   -0.00005358    0.09917060    0.18692592   -0.00008129    0.15412141
    0.12544592   -0.00006030    0.09917060    0.18693658   -0.00009149    0.15412141
    0.12545386   -0.00006607    0.09917060    0.18694842   -0.00010025    0.15412141
    0.12546246   -0.00007080    0.09917060    0.18696124   -0.00010742    0.15412141
    0.12547159   -0.00007442    0.09917060    0.18697485   -0.00011291    0.15412141
    0.12548110   -0.00007686    0.09917060    0.18698902   -0.00011661    0.15412141
    0.12549084   -0.00007809    0.09917060    0.18700353   -0.00011848    0.15412141
    0.12550066   -0.00007809    0.09917060    0.18701816   -0.00011848    0.15412141
    0.12551040   -0.00007686    0.09917060    0.18703268   -0.00011661    0.15412141
    0.12551991   -0.00007442    0.09917060    0.18704685   -0.00011291    0.15412141
    0.12552904   -0.00007080    0.09917060    0.18706045   -0.00010742    0.15412141
    0.12553765   -0.00006607    0.09917060    0.18707328   -0.00010025    0.15412141
    0.12554559   -0.00006030    0.09917060    0.18708511   -0.00009149    0.15412141
    0.12555275   -0.00005358    0.09917060    0.18709578   -0.00008129    0.15412141
    0.12555900   -0.00004602    0.09917060    0.18710510   -0.00006982    0.15412141
    0.12556427   -0.00003773    0.09917060    0.18711294   -0.00005724    0.15412141
    0.12556845   -0.00002884    0.09917060    0.18711917   -0.00004376    0.15412141
    0.12557148   -0.00001950    0.09917060    0.18712369   -0.00002959    0.15412141
    0.12557332   -0.00000986    0.09917060    0.18712644   -0.00001496    0.15412141
    0.12556978   -0.00000006    0.09917548    0.18712116   -0.00000009    0.15412900
    0.12556920    0.00000922    0.09917548    0.18712029    0.00001398    0.15412900
    0.12556746    0.00001835    0.09917548    0.18711770    0.00002784    0.15412900
    0.12556458    0.00002719    0.09917548    0.18711342    0.00004125    0.15412900
    0.12556062    0.00003560    0.09917548    0.18710752    0.00005402    0.15412900
    0.12555564    0.00004345    0.09917548    0.18710009    0.00006592    0.15412900
    0.12554972    0.00005061    0.09917548    0.18709126    0.00007679    0.15412900
    0.12554294    0.00005698    0.09917548    0.18708116    0.00008645    0.15412900
    0.12553542    0.00006244    0.09917548    0.18706996    0.00009474    0.15412900
    0.12552727    0.00006692    0.09917548    0.18705782    0.00010153    0.15412900
    0.12551863    0.00007034    0.09917548    0.18704494    0.00010673    0.15412900
    0.12550962    0.00007266    0.09917548    0.18703152    0.00011023    0.15412900
    0.12550040    0.00007382    0.09917548    0.18701777    0.00011200    0.15412900
    0.12549110    0.00007382    0.09917548    0.18700392    0.00011200    0.15412900
    0.12548188    0.00007266    0.09917548    0.18699018    0.00011023    0.15412900
    0.12547288    0.00007034    0.09917548    0.18697676    0.00010673    0.15412900
    0.12546423    0.00006692    0.09917548    0.18696388    0.00010153    0.15412900
    0.12545609    0.00006244    0.09917548    0.18695174    0.00009474    0.15412900
    0.12544857    0.00005698    0.09917548    0.18694053    0.00008645    0.15412900
    0.12544179    0.00005061    0.09917548    0.18693043    0.00007679    0.15412900
    0.12543586    0.00004345    0.09917548    0.18692160    0.00006592    0.15412900
    0.12543088    0.00003560    0.09917548    0.18691418    0.00005402    0.15412900
    0.12542692    0.00002719    0.09917548    0.18690828    0.00004125    0.15412900
    0.12542405    0.00001835    0.09917548    0.18690400    0.00002784    0.15412900
    0.12542231    0.00000922    0.09917548    0.18690140    0.00001398    0.15412900
    0.12542173   -0.00000006    0.09917548    0.18690053   -0.00000009    0.15412900
    0.12542231   -0.00000934    0.09917548    0.18690140   -0.00001417    0.15412900
    0.12542405   -0.00001847    0.09917548    0.18690400   -0.00002802    0.15412900
    0.12542692   -0.00002731    0.09917548    0.18690828   -0.00004144    0.15412900
    0.12543088   -0.00003572    0.09917548    0.18691418   -0.00005420    0.15412900
    0.12543586   -0.00004357    0.09917548    0.18692160   -0.00006611    0.15412900
    0.12544179   -0.00005074    0.09917548    0.18693043   -0.00007698    0.15412900
    0.12544857   -0.00005710    0.09917548    0.18694053   -0.00008663    0.15412900
    0.12545609   -0.00006257    0.09917548    0.18695174   -0.00009492    0.15412900
    0.12546423   -0.00006704    0.09917548    0.18696388   -0.00010172    0.15412900
    0.12547288   -0.00007047    0.09917548    0.18697676   -0.00010691    0.15412900
    0.12548188   -0.00007278    0.09917548    0.18699018   -0.00011042    0.15412900
    0.12549110   -0.00007394    0.09917548    0.18700392   -0.00011219    0.15412900
    0.12550040   -0.00007394    0.09917548    0.18701777   -0.00011219    0.15412900
    0.12550962   -0.00007278    0.09917548    0.18703152   -0.00011042    0.15412900
    0.12551863   -0.00007047    0.09917548    0.18704494   -0.00010691    0.15412900
    0.12552727   -0.00006704    0.09917548    0.18705782   -0.00010172    0.15412900
    0.12553542   -0.00006257    0.09917548    0.18706996   -0.00009492    0.15412900
    0.12554294   -0.00005710    0.09917548    0.18708116   -0.00008663    0.15412900
    0.12554972   -0.00005074    0.09917548    0.18709126   -0.00007698    0.15412900
    0.12555564   -0.00004357    0.09917548    0.18710009   -0.00006611    0.15412900
    0.12556062   -0.00003572    0.09917548    0.18710752   -0.00005420    0.15412900
    0.12556458   -0.00002731    0.09917548    0.18711342   -0.00004144    0.15412900
    0.12556746   -0.00001847    0.09917548    0.18711770   -0.00002802    0.15412900
    0.12556920   -0.00000934    0.09917548    0.18712029   -0.00001417    0.15412900
    0.12556532   -0.00000006    0.09918009    0.18711452   -0.00000009    0.15413616
    0.12556477    0.00000866    0.09918009    0.18711370    0.00001314    0.15413616
    0.12556314    0.00001724    0.09918009    0.18711126    0.00002616    0.15413616
    0.12556044    0.00002555    0.09918009    0.18710724    0.00003876    0.15413616
    0.12555672    0.00003345    0.09918009    0.18710169    0.00005076    0.15413616
    0.12555204    0.00004083    0.09918009    0.18709472    0.00006195    0.15413616
    0.12554647    0.00004756    0.09918009    0.18708642    0.00007216    0.15413616
    0.12554010    0.00005354    0.09918009    0.18707693    0.00008123    0.15413616
    0.12553303    0.00005868    0.09918009    0.18706640    0.00008902    0.15413616
    0.12552537    0.00006289    0.09918009    0.18705499    0.00009541    0.15413616
    0.12551725    0.00006610    0.09918009    0.18704288    0.00010029    0.15413616
    0.12550879    0.00006827    0.09918009    0.18703027    0.00010359    0.15413616
    0.12550012    0.00006937    0.09918009    0.18701736    0.00010525    0.15413616
    0.12549138    0.00006937    0.09918009    0.18700434    0.00010525    0.15413616
    0.12548272    0.00006827    0.09918009    0.18699142    0.00010359    0.15413616
    0.12547426    0.00006610    0.09918009    0.18697881    0.00010029    0.15413616
    0.12546613    0.00006289    0.09918009    0.18696671    0.00009541    0.15413616
    0.12545848    0.00005868    0.09918009    0.18695530    0.00008902    0.15413616
    0.12545141    0.00005354    0.09918009    0.18694477    0.00008123    0.15413616
    0.12544504    0.00004756    0.09918009    0.18693528    0.00007216    0.15413616
    0.12543947    0.00004083    0.09918009    0.18692698    0.00006195    0.15413616
    0.12543479    0.00003345    0.09918009    0.18692000    0.00005076    0.15413616
    0.12543107    0.00002555    0.09918009    0.18691446    0.00003876    0.15413616
    0.12542837    0.00001724    0.09918009    0.18691044    0.00002616    0.15413616
    0.12542673    0.00000866    0.09918009    0.18690800    0.00001314    0.15413616
    0.12542618   -0.00000006    0.09918009    0.18690718   -0.00000009    0.15413616
    0.12542673   -0.00000878    0.09918009    0.18690800   -0.00001332    0.15413616
    0.12542837   -0.00001736    0.09918009    0.18691044   -0.00002634    0.15413616
    0.12543107   -0.00002567    0.09918009    0.18691446   -0.00003895    0.15413616
    0.12543479   -0.00003358    0.09918009    0.18692000   -0.00005094    0.15413616
    0.12543947   -0.00004095    0.09918009    0.18692698   -0.00006213    0.15413616
    0.12544504   -0.00004768    0.09918009    0.18693528   -0.00007235    0.15413616
    0.12545141   -0.00005366    0.09918009    0.18694477   -0.00008142    0.15413616
    0.12545848   -0.00005880    0.09918009    0.18695530   -0.00008921    0.15413616
    0.12546613   -0.00006301    0.09918009    0.18696671   -0.00009560    0.15413616
    0.12547426   -0.00006622    0.09918009    0.18697881   -0.00010048    0.15413616
    0.12548272   -0.00006840    0.09918009    0.18699142   -0.00010377    0.15413616
    0.12549138   -0.00006949    0.09918009    0.18700434   -0.00010543    0.15413616
    0.12550012   -0.00006949    0.09918009    0.18701736   -0.00010543    0.15413616
    0.12550879   -0.00006840    0.09918009    0.18703027   -0.00010377    0.15413616
    0.12551725   -0.00006622    0.09918009    0.18704288   -0.00010048    0.15413616
    0.12552537   -0.00006301    0.09918009    0.18705499   -0.00009560    0.15413616
    0.12553303   -0.00005880    0.09918009    0.18706640   -0.00008921    0.15413616
    0.12554010   -0.00005366    0.09918009    0.18707693   -0.00008142    0.15413616
    0.12554647   -0.00004768    0.09918009    0.18708642   -0.00007235    0.15413616
    0.12555204   -0.00004095    0.09918009    0.18709472   -0.00006213    0.15413616
    0.12555672   -0.00003358    0.09918009    0.18710169   -0.00005094    0.15413616
    0.12556044   -0.00002567    0.09918009    0.18710724   -0.00003895    0.15413616
    0.12556314   -0.00001736    0.09918009    0.18711126   -0.00002634    0.15413616
    0.12556477   -0.00000878    0.09918009    0.18711370   -0.00001332    0.15413616
    0.12556058   -0.00000006    0.09918440    0.18710745   -0.00000009    0.15414285
    0.12556006    0.00000806    0.09918440    0.18710668    0.00001223    0.15414285
    0.12555854    0.00001606    0.09918440    0.18710441    0.00002437    0.15414285
    0.12555602    0.00002380    0.09918440    0.18710066    0.00003611    0.15414285
    0.12555256    0.00003117    0.09918440    0.18709550    0.00004729    0.15414285
    0.12554820    0.00003804    0.09918440    0.18708900    0.00005772    0.15414285
    0.12554301    0.00004431    0.09918440    0.18708126    0.00006723    0.15414285
    0.12553707    0.00004989    0.09918440    0.18707242    0.00007569    0.15414285
    0.12553049    0.00005467    0.09918440    0.18706261    0.00008295    0.15414285
    0.12552335    0.00005859    0.09918440    0.18705198    0.00008890    0.15414285
    0.12551578    0.00006159    0.09918440    0.18704070    0.00009344    0.15414285
    0.12550790    0.00006361    0.09918440    0.18702895    0.00009651    0.15414285
    0.12549982    0.00006463    0.09918440    0.18701691    0.00009806    0.15414285
    0.12549168    0.00006463    0.09918440    0.18700478    0.00009806    0.15414285
    0.12548361    0.00006361    0.09918440    0.18699275    0.00009651    0.15414285
    0.12547572    0.00006159    0.09918440    0.18698100    0.00009344    0.15414285
    0.12546815    0.00005859    0.09918440    0.18696972    0.00008890    0.15414285
    0.12546102    0.00005467    0.09918440    0.18695909    0.00008295    0.15414285
    0.12545443    0.00004989    0.09918440    0.18694927    0.00007569    0.15414285
    0.12544850    0.00004431    0.09918440    0.18694043    0.00006723    0.15414285
    0.12544331    0.00003804    0.09918440    0.18693270    0.00005772    0.15414285
    0.12543895    0.00003117    0.09918440    0.18692620    0.00004729    0.15414285
    0.12543548    0.00002380    0.09918440    0.18692103    0.00003611    0.15414285
    0.12543297    0.00001606    0.09918440    0.18691728    0.00002437    0.15414285
    0.12543144    0.00000806    0.09918440    0.18691501    0.00001223    0.15414285
    0.12543093   -0.00000006    0.09918440    0.18691425   -0.00000009    0.15414285
    0.12543144   -0.00000819    0.09918440    0.18691501   -0.00001242    0.15414285
    0.12543297   -0.00001618    0.09918440    0.18691728   -0.00002455    0.15414285
    0.12543548   -0.00002392    0.09918440    0.18692103   -0.00003630    0.15414285
    0.12543895   -0.00003129    0.09918440    0.18692620   -0.00004747    0.15414285
    0.12544331   -0.00003816    0.09918440    0.18693270   -0.00005790    0.15414285
    0.12544850   -0.00004444    0.09918440    0.18694043   -0.00006742    0.15414285
    0.12545443   -0.00005001    0.09918440    0.18694927   -0.00007587    0.15414285
    0.12546102   -0.00005479    0.09918440    0.18695909   -0.00008313    0.15414285
    0.12546815   -0.00005871    0.09918440    0.18696972   -0.00008908    0.15414285
    0.12547572   -0.00006171    0.09918440    0.18698100   -0.00009363    0.15414285
    0.12548361   -0.00006374    0.09918440    0.18699275   -0.00009670    0.15414285
    0.12549168   -0.00006476    0.09918440    0.18700478   -0.00009825    0.15414285
    0.12549982   -0.00006476    0.09918440    0.18701691   -0.00009825    0.15414285
    0.12550790   -0.00006374    0.09918440    0.18702895   -0.00009670    0.15414285
    0.12551578   -0.00006171    0.09918440    0.18704070   -0.00009363    0.15414285
    0.12552335   -0.00005871    0.09918440    0.18705198   -0.00008908    0.15414285
    0.12553049   -0.00005479    0.09918440    0.18706261   -0.00008313    0.15414285
    0.12553707   -0.00005001    0.09918440    0.18707242   -0.00007587    0.15414285
    0.12554301   -0.00004444    0.09918440    0.18708126   -0.00006742    0.15414285
    0.12554820   -0.00003816    0.09918440    0.18708900   -0.00005790    0.15414285
    0.12555256   -0.00003129    0.09918440    0.18709550   -0.00004747    0.15414285
    0.12555602   -0.00002392    0.09918440    0.18710066   -0.00003630    0.15414285
    0.12555854   -0.00001618    0.09918440    0.18710441   -0.00002455    0.15414285
    0.12556006   -0.00000819    0.09918440    0.18710668   -0.00001242    0.15414285
    0.12555556   -0.00000006    0.09918839    0.18709998   -0.00000009    0.15414907
    0.12555509    0.00000743    0.09918839    0.18709927    0.00001128    0.15414907
    0.12555369    0.00001481    0.09918839    0.18709718    0.00002247    0.15414907
    0.12555136    0.00002196    0.09918839    0.18709372    0.00003331    0.15414907
    0.12554817    0.00002875    0.09918839    0.18708895    0.00004362    0.15414907
    0.12554414    0.00003509    0.09918839    0.18708295    0.00005325    0.15414907
    0.12553935    0.00004088    0.09918839    0.18707582    0.00006203    0.15414907
    0.12553388    0.00004602    0.09918839    0.18706766    0.00006983    0.15414907
    0.12552780    0.00005044    0.09918839    0.18705861    0.00007653    0.15414907
    0.12552122    0.00005406    0.09918839    0.18704880    0.00008202    0.15414907
    0.12551424    0.00005682    0.09918839    0.18703839    0.00008621    0.15414907
    0.12550696    0.00005869    0.09918839    0.18702755    0.00008905    0.15414907
    0.12549951    0.00005963    0.09918839    0.18701644    0.00009047    0.15414907
    0.12549200    0.00005963    0.09918839    0.18700525    0.00009047    0.15414907
    0.12548455    0.00005869    0.09918839    0.18699415    0.00008905    0.15414907
    0.12547727    0.00005682    0.09918839    0.18698331    0.00008621    0.15414907
    0.12547029    0.00005406    0.09918839    0.18697290    0.00008202    0.15414907
    0.12546370    0.00005044    0.09918839    0.18696309    0.00007653    0.15414907
    0.12545763    0.00004602    0.09918839    0.18695403    0.00006983    0.15414907
    0.12545215    0.00004088    0.09918839    0.18694588    0.00006203    0.15414907
    0.12544736    0.00003509    0.09918839    0.18693874    0.00005325    0.15414907
    0.12544334    0.00002875    0.09918839    0.18693274    0.00004362    0.15414907
    0.12544014    0.00002196    0.09918839    0.18692798    0.00003331    0.15414907
    0.12543782    0.00001481    0.09918839    0.18692452    0.00002247    0.15414907
    0.12543641    0.00000743    0.09918839    0.18692242    0.00001128    0.15414907
    0.12543594   -0.00000006    0.09918839    0.18692172   -0.00000009    0.15414907
    0.12543641   -0.00000756    0.09918839    0.18692242   -0.00001147    0.15414907
    0.12543782   -0.00001494    0.09918839    0.18692452   -0.00002266    0.15414907
    0.12544014   -0.00002208    0.09918839    0.18692798   -0.00003350    0.15414907
    0.12544334   -0.00002888    0.09918839    0.18693274   -0.00004381    0.15414907
    0.12544736   -0.00003522    0.09918839    0.18693874   -0.00005343    0.15414907
    0.12545215   -0.00004100    0.09918839    0.18694588   -0.00006221    0.15414907
    0.12545763   -0.00004615    0.09918839    0.18695403   -0.00007001    0.15414907
    0.12546370   -0.00005056    0.09918839    0.18696309   -0.00007671    0.15414907
    0.12547029   -0.00005418    0.09918839    0.18697290   -0.00008220    0.15414907
    0.12547727   -0.00005695    0.09918839    0.18698331   -0.00008640    0.15414907
    0.12548455   -0.00005881    0.09918839    0.18699415   -0.00008923    0.15414907
    0.12549200   -0.00005975    0.09918839    0.18700525   -0.00009066    0.15414907
    0.12549951   -0.00005975    0.09918839    0.18701644   -0.00009066    0.15414907
    0.12550696   -0.00005881    0.09918839    0.18702755   -0.00008923    0.15414907
    0.12551424   -0.00005695    0.09918839    0.18703839   -0.00008640    0.15414907
    0.12552122   -0.00005418    0.09918839    0.18704880   -0.00008220    0.15414907
    0.12552780   -0.00005056    0.09918839    0.18705861   -0.00007671    0.15414907
    0.12553388   -0.00004615    0.09918839    0.18706766   -0.00007001    0.15414907
    0.12553935   -0.00004100    0.09918839    0.18707582   -0.00006221    0.15414907
    0.12554414   -0.00003522    0.09918839    0.18708295   -0.00005343    0.15414907
    0.12554817   -0.00002888    0.09918839    0.18708895   -0.00004381    0.15414907
    0.12555136   -0.00002208    0.09918839    0.18709372   -0.00003350    0.15414907
    0.12555369   -0.00001494    0.09918839    0.18709718   -0.00002266    0.15414907
    0.12555509   -0.00000756    0.09918839    0.18709927   -0.00001147    0.15414907
    0.12555031   -0.00000006    0.09919206    0.18709214   -0.00000009    0.15415477
    0.12554988    0.00000678    0.09919206    0.18709150    0.00001028    0.15415477
    0.12554859    0.00001351    0.09919206    0.18708959    0.00002049    0.15415477
    0.12554648    0.00002002    0.09919206    0.18708643    0.00003038    0.15415477
    0.12554356    0.00002622    0.09919206    0.18708209    0.00003978    0.15415477
    0.12553989    0.00003200    0.09919206    0.18707662    0.00004856    0.15415477
    0.12553552    0.00003728    0.09919206    0.18707011    0.00005657    0.15415477
    0.12553053    0.00004197    0.09919206    0.18706267    0.00006368    0.15415477
    0.12552498    0.00004600    0.09919206    0.18705441    0.00006979    0.15415477
    0.12551898    0.00004930    0.09919206    0.18704546    0.00007480    0.15415477
    0.12551261    0.00005182    0.09919206    0.18703597    0.00007862    0.15415477
    0.12550598    0.00005353    0.09919206    0.18702608    0.00008121    0.15415477
    0.12549918    0.00005438    0.09919206    0.18701595    0.00008251    0.15415477
    0.12549233    0.00005438    0.09919206    0.18700574    0.00008251    0.15415477
    0.12548553    0.00005353    0.09919206    0.18699561    0.00008121    0.15415477
    0.12547890    0.00005182    0.09919206    0.18698573    0.00007862    0.15415477
    0.12547253    0.00004930    0.09919206    0.18697623    0.00007480    0.15415477
    0.12546652    0.00004600    0.09919206    0.18696729    0.00006979    0.15415477
    0.12546098    0.00004197    0.09919206    0.18695903    0.00006368    0.15415477
    0.12545599    0.00003728    0.09919206    0.18695159    0.00005657    0.15415477
    0.12545162    0.00003200    0.09919206    0.18694508    0.00004856    0.15415477
    0.12544795    0.00002622    0.09919206    0.18693961    0.00003978    0.15415477
    0.12544503    0.00002002    0.09919206    0.18693526    0.00003038    0.15415477
    0.12544291    0.00001351    0.09919206    0.18693211    0.00002049    0.15415477
    0.12544163    0.00000678    0.09919206    0.18693019    0.00001028    0.15415477
    0.12544120   -0.00000006    0.09919206    0.18692955   -0.00000009    0.15415477
    0.12544163   -0.00000690    0.09919206    0.18693019   -0.00001047    0.15415477
    0.12544291   -0.00001363    0.09919206    0.18693211   -0.00002068    0.15415477
    0.12544503   -0.00002014    0.09919206    0.18693526   -0.00003056    0.15415477
    0.12544795   -0.00002634    0.09919206    0.18693961   -0.00003997    0.15415477
    0.12545162   -0.00003213    0.09919206    0.18694508   -0.00004874    0.15415477
    0.12545599   -0.00003741    0.09919206    0.18695159   -0.00005675    0.15415477
    0.12546098   -0.00004210    0.09919206    0.18695903   -0.00006387    0.15415477
    0.12546652   -0.00004612    0.09919206    0.18696729   -0.00006998    0.15415477
    0.12547253   -0.00004942    0.09919206    0.18697623   -0.00007498    0.15415477
    0.12547890   -0.00005194    0.09919206    0.18698573   -0.00007881    0.15415477
    0.12548553   -0.00005365    0.09919206    0.18699561   -0.00008140    0.15415477
    0.12549233   -0.00005451    0.09919206    0.18700574   -0.00008270    0.15415477
    0.12549918   -0.00005451    0.09919206    0.18701595   -0.00008270    0.15415477
    0.12550598   -0.00005365    0.09919206    0.18702608   -0.00008140    0.15415477
    0.12551261   -0.00005194    0.09919206    0.18703597   -0.00007881    0.15415477
    0.12551898   -0.00004942    0.09919206    0.18704546   -0.00007498    0.15415477
    0.12552498   -0.00004612    0.09919206    0.18705441   -0.00006998    0.15415477
    0.12553053   -0.00004210    0.09919206    0.18706267   -0.00006387    0.15415477
    0.12553552   -0.00003741    0.09919206    0.18707011   -0.00005675    0.15415477
    0.12553989   -0.00003213    0.09919206    0.18707662   -0.00004874    0.15415477
    0.12554356   -0.00002634    0.09919206    0.18708209   -0.00003997    0.15415477
    0.12554648   -0.00002014    0.09919206    0.18708643   -0.00003056    0.15415477
    0.12554859   -0.00001363    0.09919206    0.18708959   -0.00002068    0.15415477
    0.12554988   -0.00000690    0.09919206    0.18709150   -0.00001047    0.15415477
    0.12554482   -0.00000006    0.09919538    0.18708397   -0.00000009    0.15415993
    0.12554444    0.00000609    0.09919538    0.18708340    0.00000924    0.15415993
    0.12554328    0.00001214    0.09919538    0.18708168    0.00001842    0.15415993
    0.12554138    0.00001800    0.09919538    0.18707884    0.00002731    0.15415993
    0.12553876    0.00002358    0.09919538    0.18707493    0.00003577    0.15415993
    0.12553545    0.00002878    0.09919538    0.18707001    0.00004367    0.15415993
    0.12553152    0.00003353    0.09919538    0.18706415    0.00005087    0.15415993
    0.12552703    0.00003775    0.09919538    0.18705746    0.00005727    0.15415993
    0.12552205    0.00004137    0.09919538    0.18705003    0.00006277    0.15415993
    0.12551665    0.00004434    0.09919538    0.18704198    0.00006727    0.15415993
    0.12551092    0.00004661    0.09919538    0.18703344    0.00007071    0.15415993
    0.12550495    0.00004814    0.09919538    0.18702455    0.00007304    0.15415993
    0.12549883    0.00004891    0.09919538    0.18701544    0.00007421    0.15415993
    0.12549267    0.00004891    0.09919538    0.18700626    0.00007421    0.15415993
    0.12548656    0.00004814    0.09919538    0.18699715    0.00007304    0.15415993
    0.12548059    0.00004661    0.09919538    0.18698825    0.00007071    0.15415993
    0.12547486    0.00004434    0.09919538    0.18697971    0.00006727    0.15415993
    0.12546946    0.00004137    0.09919538    0.18697166    0.00006277    0.15415993
    0.12546447    0.00003775    0.09919538    0.18696424    0.00005727    0.15415993
    0.12545998    0.00003353    0.09919538    0.18695754    0.00005087    0.15415993
    0.12545605    0.00002878    0.09919538    0.18695169    0.00004367    0.15415993
    0.12545275    0.00002358    0.09919538    0.18694677    0.00003577    0.15415993
    0.12545013    0.00001800    0.09919538    0.18694286    0.00002731    0.15415993
    0.12544822    0.00001214    0.09919538    0.18694002    0.00001842    0.15415993
    0.12544707    0.00000609    0.09919538    0.18693830    0.00000924    0.15415993
    0.12544668   -0.00000006    0.09919538    0.18693772   -0.00000009    0.15415993
    0.12544707   -0.00000621    0.09919538    0.18693830   -0.00000942    0.15415993
    0.12544822   -0.00001227    0.09919538    0.18694002   -0.00001861    0.15415993
    0.12545013   -0.00001813    0.09919538    0.18694286   -0.00002750    0.15415993
    0.12545275   -0.00002370    0.09919538    0.18694677   -0.00003596    0.15415993
    0.12545605   -0.00002891    0.09919538    0.18695169   -0.00004385    0.15415993
    0.12545998   -0.00003365    0.09919538    0.18695754   -0.00005106    0.15415993
    0.12546447   -0.00003787    0.09919538    0.18696424   -0.00005746    0.15415993
    0.12546946   -0.00004149    0.09919538    0.18697166   -0.00006296    0.15415993
    0.12547486   -0.00004446    0.09919538    0.18697971   -0.00006746    0.15415993
    0.12548059   -0.00004673    0.09919538    0.18698825   -0.00007090    0.15415993
    0.12548656   -0.00004826    0.09919538    0.18699715   -0.00007323    0.15415993
    0.12549267   -0.00004904    0.09919538    0.18700626   -0.00007440    0.15415993
    0.12549883   -0.00004904    0.09919538    0.18701544   -0.00007440    0.15415993
    0.12550495   -0.00004826    0.09919538    0.18702455   -0.00007323    0.15415993
    0.12551092   -0.00004673    0.09919538    0.18703344   -0.00007090    0.15415993
    0.12551665   -0.00004446    0.09919538    0.18704198   -0.00006746    0.15415993
    0.12552205   -0.00004149    0.09919538    0.18705003   -0.00006296    0.15415993
    0.12552703   -0.00003787    0.09919538    0.18705746   -0.00005746    0.15415993
    0.12553152   -0.00003365    0.09919538    0.18706415   -0.00005106    0.15415993
    0.12553545   -0.00002891    0.09919538    0.18707001   -0.00004385    0.15415993
    0.12553876   -0.00002370    0.09919538    0.18707493   -0.00003596    0.15415993
    0.12554138   -0.00001813    0.09919538    0.18707884   -0.00002750    0.15415993
    0.12554328   -0.00001227    0.09919538    0.18708168   -0.00001861    0.15415993
    0.12554444   -0.00000621    0.09919538    0.18708340   -0.00000942    0.15415993
    0.12553914   -0.00000006    0.09919835    0.18707550   -0.00000009    0.15416454
    0.12553880    0.00000538    0.09919835    0.18707499    0.00000816    0.15416454
    0.12553778    0.00001073    0.09919835    0.18707347    0.00001628    0.15416454
    0.12553609    0.00001591    0.09919835    0.18707096    0.00002414    0.15416454
    0.12553377    0.00002084    0.09919835    0.18706751    0.00003162    0.15416454
    0.12553086    0.00002544    0.09919835    0.18706316    0.00003860    0.15416454
    0.12552738    0.00002964    0.09919835    0.18705798    0.00004497    0.15416454
    0.12552341    0.00003337    0.09919835    0.18705206    0.00005063    0.15416454
    0.12551900    0.00003657    0.09919835    0.18704549    0.00005549    0.15416454
    0.12551423    0.00003920    0.09919835    0.18703838    0.00005947    0.15416454
    0.12550916    0.00004120    0.09919835    0.18703083    0.00006251    0.15416454
    0.12550388    0.00004256    0.09919835    0.18702296    0.00006457    0.15416454
    0.12549848    0.00004324    0.09919835    0.18701491    0.00006561    0.15416454
    0.12549303    0.00004324    0.09919835    0.18700679    0.00006561    0.15416454
    0.12548762    0.00004256    0.09919835    0.18699873    0.00006457    0.15416454
    0.12548235    0.00004120    0.09919835    0.18699087    0.00006251    0.15416454
    0.12547728    0.00003920    0.09919835    0.18698332    0.00005947    0.15416454
    0.12547250    0.00003657    0.09919835    0.18697620    0.00005549    0.15416454
    0.12546810    0.00003337    0.09919835    0.18696963    0.00005063    0.15416454
    0.12546412    0.00002964    0.09919835    0.18696372    0.00004497    0.15416454
    0.12546065    0.00002544    0.09919835    0.18695854    0.00003860    0.15416454
    0.12545773    0.00002084    0.09919835    0.18695419    0.00003162    0.15416454
    0.12545541    0.00001591    0.09919835    0.18695073    0.00002414    0.15416454
    0.12545373    0.00001073    0.09919835    0.18694822    0.00001628    0.15416454
    0.12545271    0.00000538    0.09919835    0.18694670    0.00000816    0.15416454
    0.12545236   -0.00000006    0.09919835    0.18694619   -0.00000009    0.15416454
    0.12545271   -0.00000550    0.09919835    0.18694670   -0.00000834    0.15416454
    0.12545373   -0.00001085    0.09919835    0.18694822   -0.00001646    0.15416454
    0.12545541   -0.00001603    0.09919835    0.18695073   -0.00002433    0.15416454
    0.12545773   -0.00002096    0.09919835    0.18695419   -0.00003181    0.15416454
    0.12546065   -0.00002556    0.09919835    0.18695854   -0.00003879    0.15416454
    0.12546412   -0.00002976    0.09919835    0.18696372   -0.00004516    0.15416454
    0.12546810   -0.00003349    0.09919835    0.18696963   -0.00005082    0.15416454
    0.12547250   -0.00003670    0.09919835    0.18697620   -0.00005567    0.15416454
    0.12547728   -0.00003932    0.09919835    0.18698332   -0.00005966    0.15416454
    0.12548235   -0.00004133    0.09919835    0.18699087   -0.00006270    0.15416454
    0.12548762   -0.00004268    0.09919835    0.18699873   -0.00006476    0.15416454
    0.12549303   -0.00004336    0.09919835    0.18700679   -0.00006579    0.15416454
    0.12549848   -0.00004336    0.09919835    0.18701491   -0.00006579    0.15416454
    0.12550388   -0.00004268    0.09919835    0.18702296   -0.00006476    0.15416454
    0.12550916   -0.00004133    0.09919835    0.18703083   -0.00006270    0.15416454
    0.12551423   -0.00003932    0.09919835    0.18703838   -0.00005966    0.15416454
    0.12551900   -0.00003670    0.09919835    0.18704549   -0.00005567    0.15416454
    0.12552341   -0.00003349    0.09919835    0.18705206   -0.00005082    0.15416454
    0.12552738   -0.00002976    0.09919835    0.18705798   -0.00004516    0.15416454
    0.12553086   -0.00002556    0.09919835    0.18706316   -0.00003879    0.15416454
    0.12553377   -0.00002096    0.09919835    0.18706751   -0.00003181    0.15416454
    0.12553609   -0.00001603    0.09919835    0.18707096   -0.00002433    0.15416454
    0.12553778   -0.00001085    0.09919835    0.18707347   -0.00001646    0.15416454
    0.12553880   -0.00000550    0.09919835    0.18707499   -0.00000834    0.15416454
    0.12553328   -0.00000006    0.09920094    0.18706677   -0.00000009    0.15416857
    0.12553298    0.00000464    0.09920094    0.18706633    0.00000704    0.15416857
    0.12553210    0.00000927    0.09920094    0.18706501    0.00001407    0.15416857
    0.12553064    0.00001375    0.09920094    0.18706284    0.00002087    0.15416857
    0.12552864    0.00001802    0.09920094    0.18705985    0.00002734    0.15416857
    0.12552611    0.00002200    0.09920094    0.18705609    0.00003337    0.15416857
    0.12552311    0.00002563    0.09920094    0.18705161    0.00003888    0.15416857
    0.12551967    0.00002885    0.09920094    0.18704649    0.00004378    0.15416857
    0.12551586    0.00003162    0.09920094    0.18704081    0.00004798    0.15416857
    0.12551173    0.00003389    0.09920094    0.18703466    0.00005142    0.15416857
    0.12550735    0.00003563    0.09920094    0.18702813    0.00005406    0.15416857
    0.12550278    0.00003680    0.09920094    0.18702133    0.00005583    0.15416857
    0.12549811    0.00003739    0.09920094    0.18701436    0.00005673    0.15416857
    0.12549340    0.00003739    0.09920094    0.18700734    0.00005673    0.15416857
    0.12548872    0.00003680    0.09920094    0.18700037    0.00005583    0.15416857
    0.12548416    0.00003563    0.09920094    0.18699357    0.00005406    0.15416857
    0.12547978    0.00003389    0.09920094    0.18698704    0.00005142    0.15416857
    0.12547565    0.00003162    0.09920094    0.18698088    0.00004798    0.15416857
    0.12547183    0.00002885    0.09920094    0.18697520    0.00004378    0.15416857
    0.12546840    0.00002563    0.09920094    0.18697008    0.00003888    0.15416857
    0.12546539    0.00002200    0.09920094    0.18696561    0.00003337    0.15416857
    0.12546287    0.00001802    0.09920094    0.18696184    0.00002734    0.15416857
    0.12546086    0.00001375    0.09920094    0.18695885    0.00002087    0.15416857
    0.12545941    0.00000927    0.09920094    0.18695668    0.00001407    0.15416857
    0.12545852    0.00000464    0.09920094    0.18695537    0.00000704    0.15416857
    0.12545823   -0.00000006    0.09920094    0.18695493   -0.00000009    0.15416857
    0.12545852   -0.00000476    0.09920094    0.18695537   -0.00000723    0.15416857
    0.12545941   -0.00000939    0.09920094    0.18695668   -0.00001425    0.15416857
    0.12546086   -0.00001388    0.09920094    0.18695885   -0.00002105    0.15416857
    0.12546287   -0.00001814    0.09920094    0.18696184   -0.00002752    0.15416857
    0.12546539   -0.00002212    0.09920094    0.18696561   -0.00003356    0.15416857
    0.12546840   -0.00002575    0.09920094    0.18697008   -0.00003907    0.15416857
    0.12547183   -0.00002898    0.09920094    0.18697520   -0.00004396    0.15416857
    0.12547565   -0.00003175    0.09920094    0.18698088   -0.00004817    0.15416857
    0.12547978   -0.00003402    0.09920094    0.18698704   -0.00005161    0.15416857
    0.12548416   -0.00003575    0.09920094    0.18699357   -0.00005424    0.15416857
    0.12548872   -0.00003692    0.09920094    0.18700037   -0.00005602    0.15416857
    0.12549340   -0.00003751    0.09920094    0.18700734   -0.00005692    0.15416857
    0.12549811   -0.00003751    0.09920094    0.18701436   -0.00005692    0.15416857
    0.12550278   -0.00003692    0.09920094    0.18702133   -0.00005602    0.15416857
    0.12550735   -0.00003575    0.09920094    0.18702813   -0.00005424    0.15416857
    0.12551173   -0.00003402    0.09920094    0.18703466   -0.00005161    0.15416857
    0.12551586   -0.00003175    0.09920094    0.18704081   -0.00004817    0.15416857
    0.12551967   -0.00002898    0.09920094    0.18704649   -0.00004396    0.15416857
    0.12552311   -0.00002575    0.09920094    0.18705161   -0.00003907    0.15416857
    0.12552611   -0.00002212    0.09920094    0.18705609   -0.00003356    0.15416857
    0.12552864   -0.00001814    0.09920094    0.18705985   -0.00002752    0.15416857
    0.12553064   -0.00001388    0.09920094    0.18706284   -0.00002105    0.15416857
    0.12553210   -0.00000939    0.09920094    0.18706501   -0.00001425    0.15416857
    0.12553298   -0.00000476    0.09920094    0.18706633   -0.00000723    0.15416857
    0.12552726   -0.00000006    0.09920316    0.18705780   -0.00000009    0.15417201
    0.12552702    0.00000389    0.09920316    0.18705743    0.00000590    0.15417201
    0.12552627    0.00000777    0.09920316    0.18705633    0.00001180    0.15417201
    0.12552505    0.00001154    0.09920316    0.18705451    0.00001751    0.15417201
    0.12552337    0.00001512    0.09920316    0.18705200    0.00002294    0.15417201
    0.12552125    0.00001846    0.09920316    0.18704884    0.00002801    0.15417201
    0.12551872    0.00002151    0.09920316    0.18704508    0.00003263    0.15417201
    0.12551584    0.00002422    0.09920316    0.18704078    0.00003674    0.15417201
    0.12551264    0.00002654    0.09920316    0.18703601    0.00004027    0.15417201
    0.12550917    0.00002845    0.09920316    0.18703084    0.00004317    0.15417201
    0.12550549    0.00002991    0.09920316    0.18702536    0.00004538    0.15417201
    0.12550166    0.00003089    0.09920316    0.18701965    0.00004687    0.15417201
    0.12549773    0.00003139    0.09920316    0.18701380    0.00004762    0.15417201
    0.12549377    0.00003139    0.09920316    0.18700790    0.00004762    0.15417201
    0.12548985    0.00003089    0.09920316    0.18700205    0.00004687    0.15417201
    0.12548602    0.00002991    0.09920316    0.18699634    0.00004538    0.15417201
    0.12548234    0.00002845    0.09920316    0.18699085    0.00004317    0.15417201
    0.12547887    0.00002654    0.09920316    0.18698569    0.00004027    0.15417201
    0.12547567    0.00002422    0.09920316    0.18698092    0.00003674    0.15417201
    0.12547278    0.00002151    0.09920316    0.18697662    0.00003263    0.15417201
    0.12547026    0.00001846    0.09920316    0.18697286    0.00002801    0.15417201
    0.12546814    0.00001512    0.09920316    0.18696970    0.00002294    0.15417201
    0.12546646    0.00001154    0.09920316    0.18696719    0.00001751    0.15417201
    0.12546523    0.00000777    0.09920316    0.18696537    0.00001180    0.15417201
    0.12546449    0.00000389    0.09920316    0.18696426    0.00000590    0.15417201
    0.12546424   -0.00000006    0.09920316    0.18696389   -0.00000009    0.15417201
    0.12546449   -0.00000401    0.09920316    0.18696426   -0.00000609    0.15417201
    0.12546523   -0.00000790    0.09920316    0.18696537   -0.00001198    0.15417201
    0.12546646   -0.00001166    0.09920316    0.18696719   -0.00001769    0.15417201
    0.12546814   -0.00001524    0.09920316    0.18696970   -0.00002313    0.15417201
    0.12547026   -0.00001858    0.09920316    0.18697286   -0.00002819    0.15417201
    0.12547278   -0.00002163    0.09920316    0.18697662   -0.00003282    0.15417201
    0.12547567   -0.00002434    0.09920316    0.18698092   -0.00003693    0.15417201
    0.12547887   -0.00002667    0.09920316    0.18698569   -0.00004046    0.15417201
    0.12548234   -0.00002857    0.09920316    0.18699085   -0.00004335    0.15417201
    0.12548602   -0.00003003    0.09920316    0.18699634   -0.00004556    0.15417201
    0.12548985   -0.00003101    0.09920316    0.18700205   -0.00004705    0.15417201
    0.12549377   -0.00003151    0.09920316    0.18700790   -0.00004781    0.15417201
    0.12549773   -0.00003151    0.09920316    0.18701380   -0.00004781    0.15417201
    0.12550166   -0.00003101    0.09920316    0.18701965   -0.00004705    0.15417201
    0.12550549   -0.00003003    0.09920316    0.18702536   -0.00004556    0.15417201
    0.12550917   -0.00002857    0.09920316    0.18703084   -0.00004335    0.15417201
    0.12551264   -0.00002667    0.09920316    0.18703601   -0.00004046    0.15417201
    0.12551584   -0.00002434    0.09920316    0.18704078   -0.00003693    0.15417201
    0.12551872   -0.00002163    0.09920316    0.18704508   -0.00003282    0.15417201
    0.12552125   -0.00001858    0.09920316    0.18704884   -0.00002819    0.15417201
    0.12552337   -0.00001524    0.09920316    0.18705200   -0.00002313    0.15417201
    0.12552505   -0.00001166    0.09920316    0.18705451   -0.00001769    0.15417201
    0.12552627   -0.00000790    0.09920316    0.18705633   -0.00001198    0.15417201
    0.12552702   -0.00000401    0.09920316    0.18705743   -0.00000609    0.15417201
    0.12552112   -0.00000006    0.09920498    0.18704865   -0.00000009    0.15417485
    0.12552092    0.00000312    0.09920498    0.18704835    0.00000473    0.15417485
    0.12552032    0.00000625    0.09920498    0.18704746    0.00000948    0.15417485
    0.12551934    0.00000928    0.09920498    0.18704599    0.00001407    0.15417485
    0.12551798    0.00001216    0.09920498    0.18704397    0.00001845    0.15417485
    0.12551627    0.00001485    0.09920498    0.18704143    0.00002253    0.15417485
    0.12551424    0.00001730    0.09920498    0.18703840    0.00002625    0.15417485
    0.12551192    0.00001948    0.09920498    0.18703494    0.00002956    0.15417485
    0.12550934    0.00002136    0.09920498    0.18703110    0.00003240    0.15417485
    0.12550655    0.00002289    0.09920498    0.18702694    0.00003473    0.15417485
    0.12550359    0.00002406    0.09920498    0.18702253    0.00003651    0.15417485
    0.12550051    0.00002485    0.09920498    0.18701793    0.00003771    0.15417485
    0.12549735    0.00002525    0.09920498    0.18701322    0.00003832    0.15417485
    0.12549416    0.00002525    0.09920498    0.18700847    0.00003832    0.15417485
    0.12549100    0.00002485    0.09920498    0.18700376    0.00003771    0.15417485
    0.12548791    0.00002406    0.09920498    0.18699917    0.00003651    0.15417485
    0.12548495    0.00002289    0.09920498    0.18699475    0.00003473    0.15417485
    0.12548216    0.00002136    0.09920498    0.18699059    0.00003240    0.15417485
    0.12547958    0.00001948    0.09920498    0.18698675    0.00002956    0.15417485
    0.12547726    0.00001730    0.09920498    0.18698329    0.00002625    0.15417485
    0.12547523    0.00001485    0.09920498    0.18698027    0.00002253    0.15417485
    0.12547353    0.00001216    0.09920498    0.18697772    0.00001845    0.15417485
    0.12547217    0.00000928    0.09920498    0.18697570    0.00001407    0.15417485
    0.12547118    0.00000625    0.09920498    0.18697424    0.00000948    0.15417485
    0.12547059    0.00000312    0.09920498    0.18697335    0.00000473    0.15417485
    0.12547039   -0.00000006    0.09920498    0.18697305   -0.00000009    0.15417485
    0.12547059   -0.00000324    0.09920498    0.18697335   -0.00000492    0.15417485
    0.12547118   -0.00000637    0.09920498    0.18697424   -0.00000966    0.15417485
    0.12547217   -0.00000940    0.09920498    0.18697570   -0.00001426    0.15417485
    0.12547353   -0.00001228    0.09920498    0.18697772   -0.00001863    0.15417485
    0.12547523   -0.00001497    0.09920498    0.18698027   -0.00002271    0.15417485
    0.12547726   -0.00001743    0.09920498    0.18698329   -0.00002644    0.15417485
    0.12547958   -0.00001961    0.09920498    0.18698675   -0.00002975    0.15417485
    0.12548216   -0.00002148    0.09920498    0.18699059   -0.00003259    0.15417485
    0.12548495   -0.00002301    0.09920498    0.18699475   -0.00003492    0.15417485
    0.12548791   -0.00002419    0.09920498    0.18699917   -0.00003669    0.15417485
    0.12549100   -0.00002498    0.09920498    0.18700376   -0.00003790    0.15417485
    0.12549416   -0.00002538    0.09920498    0.18700847   -0.00003850    0.15417485
    0.12549735   -0.00002538    0.09920498    0.18701322   -0.00003850    0.15417485
    0.12550051   -0.00002498    0.09920498    0.18701793   -0.00003790    0.15417485
    0.12550359   -0.00002419    0.09920498    0.18702253   -0.00003669    0.15417485
    0.12550655   -0.00002301    0.09920498    0.18702694   -0.00003492    0.15417485
    0.12550934   -0.00002148    0.09920498    0.18703110   -0.00003259    0.15417485
    0.12551192   -0.00001961    0.09920498    0.18703494   -0.00002975    0.15417485
    0.12551424   -0.00001743    0.09920498    0.18703840   -0.00002644    0.15417485
    0.12551627   -0.00001497    0.09920498    0.18704143   -0.00002271    0.15417485
    0.12551798   -0.00001228    0.09920498    0.18704397   -0.00001863    0.15417485
    0.12551934   -0.00000940    0.09920498    0.18704599   -0.00001426    0.15417485
    0.12552032   -0.00000637    0.09920498    0.18704746   -0.00000966    0.15417485
    0.12552092   -0.00000324    0.09920498    0.18704835   -0.00000492    0.15417485
    0.12551487   -0.00000006    0.09920641    0.18703933   -0.00000009    0.15417706
    0.12551472    0.00000233    0.09920641    0.18703911    0.00000354    0.15417706
    0.12551427    0.00000469    0.09920641    0.18703844    0.00000712    0.15417706
    0.12551353    0.00000698    0.09920641    0.18703733    0.00001058    0.15417706
    0.12551250    0.00000915    0.09920641    0.18703581    0.00001388    0.15417706
    0.12551122    0.00001117    0.09920641    0.18703389    0.00001695    0.15417706
    0.12550969    0.00001302    0.09920641    0.18703161    0.00001976    0.15417706
    0.12550794    0.00001467    0.09920641    0.18702901    0.00002225    0.15417706
    0.12550600    0.00001608    0.09920641    0.18702611    0.00002439    0.15417706
    0.12550389    0.00001724    0.09920641    0.18702298    0.00002615    0.15417706
    0.12550166    0.00001812    0.09920641    0.18701965    0.00002749    0.15417706
    0.12549934    0.00001872    0.09920641    0.18701619    0.00002840    0.15417706
    0.12549695    0.00001902    0.09920641    0.18701264    0.00002885    0.15417706
    0.12549455    0.00001902    0.09920641    0.18700906    0.00002885    0.15417706
    0.12549217    0.00001872    0.09920641    0.18700551    0.00002840    0.15417706
    0.12548985    0.00001812    0.09920641    0.18700204    0.00002749    0.15417706
    0.12548761    0.00001724    0.09920641    0.18699872    0.00002615    0.15417706
    0.12548551    0.00001608    0.09920641    0.18699558    0.00002439    0.15417706
    0.12548357    0.00001467    0.09920641    0.18699269    0.00002225    0.15417706
    0.12548182    0.00001302    0.09920641    0.18699008    0.00001976    0.15417706
    0.12548029    0.00001117    0.09920641    0.18698780    0.00001695    0.15417706
    0.12547900    0.00000915    0.09920641    0.18698589    0.00001388    0.15417706
    0.12547798    0.00000698    0.09920641    0.18698436    0.00001058    0.15417706
    0.12547724    0.00000469    0.09920641    0.18698326    0.00000712    0.15417706
    0.12547679    0.00000233    0.09920641    0.18698259    0.00000354    0.15417706
    0.12547664   -0.00000006    0.09920641    0.18698236   -0.00000009    0.15417706
    0.12547679   -0.00000246    0.09920641    0.18698259   -0.00000373    0.15417706
    0.12547724   -0.00000482    0.09920641    0.18698326   -0.00000731    0.15417706
    0.12547798   -0.00000710    0.09920641    0.18698436   -0.00001077    0.15417706
    0.12547900   -0.00000927    0.09920641    0.18698589   -0.00001407    0.15417706
    0.12548029   -0.00001130    0.09920641    0.18698780   -0.00001714    0.15417706
    0.12548182   -0.00001315    0.09920641    0.18699008   -0.00001995    0.15417706
    0.12548357   -0.00001479    0.09920641    0.18699269   -0.00002244    0.15417706
    0.12548551   -0.00001620    0.09920641    0.18699558   -0.00002458    0.15417706
    0.12548761   -0.00001736    0.09920641    0.18699872   -0.00002634    0.15417706
    0.12548985   -0.00001824    0.09920641    0.18700204   -0.00002768    0.15417706
    0.12549217   -0.00001884    0.09920641    0.18700551   -0.00002858    0.15417706
    0.12549455   -0.00001914    0.09920641    0.18700906   -0.00002904    0.15417706
    0.12549695   -0.00001914    0.09920641    0.18701264   -0.00002904    0.15417706
    0.12549934   -0.00001884    0.09920641    0.18701619   -0.00002858    0.15417706
    0.12550166   -0.00001824    0.09920641    0.18701965   -0.00002768    0.15417706
    0.12550389   -0.00001736    0.09920641    0.18702298   -0.00002634    0.15417706
    0.12550600   -0.00001620    0.09920641    0.18702611   -0.00002458    0.15417706
    0.12550794   -0.00001479    0.09920641    0.18702901   -0.00002244    0.15417706
    0.12550969   -0.00001315    0.09920641    0.18703161   -0.00001995    0.15417706
    0.12551122   -0.00001130    0.09920641    0.18703389   -0.00001714    0.15417706
    0.12551250   -0.00000927    0.09920641    0.18703581   -0.00001407    0.15417706
    0.12551353   -0.00000710    0.09920641    0.18703733   -0.00001077    0.15417706
    0.12551427   -0.00000482    0.09920641    0.18703844   -0.00000731    0.15417706
    0.12551472   -0.00000246    0.09920641    0.18703911   -0.00000373    0.15417706
    0.12550854   -0.00000006    0.09920743    0.18702990   -0.00000009    0.15417865
    0.12550844    0.00000154    0.09920743    0.18702975    0.00000234    0.15417865
    0.12550814    0.00000312    0.09920743    0.18702930    0.00000473    0.15417865
    0.12550764    0.00000465    0.09920743    0.18702857    0.00000705    0.15417865
    0.12550696    0.00000610    0.09920743    0.18702755    0.00000925    0.15417865
    0.12550610    0.00000746    0.09920743    0.18702626    0.00001131    0.15417865
    0.12550507    0.00000869    0.09920743    0.18702474    0.00001319    0.15417865
    0.12550390    0.00000979    0.09920743    0.18702299    0.00001486    0.15417865
    0.12550261    0.00001074    0.09920743    0.18702106    0.00001629    0.15417865
    0.12550120    0.00001151    0.09920743    0.18701896    0.00001746    0.15417865
    0.12549970    0.00001210    0.09920743    0.18701674    0.00001836    0.15417865
    0.12549815    0.00001250    0.09920743    0.18701442    0.00001896    0.15417865
    0.12549656    0.00001270    0.09920743    0.18701204    0.00001927    0.15417865
    0.12549495    0.00001270    0.09920743    0.18700965    0.00001927    0.15417865
    0.12549336    0.00001250    0.09920743    0.18700728    0.00001896    0.15417865
    0.12549180    0.00001210    0.09920743    0.18700496    0.00001836    0.15417865
    0.12549031    0.00001151    0.09920743    0.18700273    0.00001746    0.15417865
    0.12548890    0.00001074    0.09920743    0.18700064    0.00001629    0.15417865
    0.12548760    0.00000979    0.09920743    0.18699870    0.00001486    0.15417865
    0.12548643    0.00000869    0.09920743    0.18699696    0.00001319    0.15417865
    0.12548541    0.00000746    0.09920743    0.18699543    0.00001131    0.15417865
    0.12548455    0.00000610    0.09920743    0.18699415    0.00000925    0.15417865
    0.12548386    0.00000465    0.09920743    0.18699313    0.00000705    0.15417865
    0.12548337    0.00000312    0.09920743    0.18699239    0.00000473    0.15417865
    0.12548307    0.00000154    0.09920743    0.18699194    0.00000234    0.15417865
    0.12548297   -0.00000006    0.09920743    0.18699179   -0.00000009    0.15417865
    0.12548307   -0.00000166    0.09920743    0.18699194   -0.00000252    0.15417865
    0.12548337   -0.00000324    0.09920743    0.18699239   -0.00000492    0.15417865
    0.12548386   -0.00000477    0.09920743    0.18699313   -0.00000724    0.15417865
    0.12548455   -0.00000622    0.09920743    0.18699415   -0.00000944    0.15417865
    0.12548541   -0.00000758    0.09920743    0.18699543   -0.00001150    0.15417865
    0.12548643   -0.00000882    0.09920743    0.18699696   -0.00001337    0.15417865
    0.12548760   -0.00000991    0.09920743    0.18699870   -0.00001504    0.15417865
    0.12548890   -0.00001086    0.09920743    0.18700064   -0.00001647    0.15417865
    0.12549031   -0.00001163    0.09920743    0.18700273   -0.00001765    0.15417865
    0.12549180   -0.00001222    0.09920743    0.18700496   -0.00001855    0.15417865
    0.12549336   -0.00001262    0.09920743    0.18700728   -0.00001915    0.15417865
    0.12549495   -0.00001282    0.09920743    0.18700965   -0.00001946    0.15417865
    0.12549656   -0.00001282    0.09920743    0.18701204   -0.00001946    0.15417865
    0.12549815   -0.00001262    0.09920743    0.18701442   -0.00001915    0.15417865
    0.12549970   -0.00001222    0.09920743    0.18701674   -0.00001855    0.15417865
    0.12550120   -0.00001163    0.09920743    0.18701896   -0.00001765    0.15417865
    0.12550261   -0.00001086    0.09920743    0.18702106   -0.00001647    0.15417865
    0.12550390   -0.00000991    0.09920743    0.18702299   -0.00001504    0.15417865
    0.12550507   -0.00000882    0.09920743    0.18702474   -0.00001337    0.15417865
    0.12550610   -0.00000758    0.09920743    0.18702626   -0.00001150    0.15417865
    0.12550696   -0.00000622    0.09920743    0.18702755   -0.00000944    0.15417865
    0.12550764   -0.00000477    0.09920743    0.18702857   -0.00000724    0.15417865
    0.12550814   -0.00000324    0.09920743    0.18702930   -0.00000492    0.15417865
    0.12550844   -0.00000166    0.09920743    0.18702975   -0.00000252    0.15417865
    0.12550216   -0.00000006    0.09920805    0.18702040   -0.00000009    0.15417961
    0.12550211    0.00000074    0.09920805    0.18702032    0.00000113    0.15417961
    0.12550196    0.00000153    0.09920805    0.18702010    0.00000232    0.15417961
    0.12550171    0.00000230    0.09920805    0.18701972    0.00000349    0.15417961
    0.12550137    0.00000303    0.09920805    0.18701921    0.00000459    0.15417961
    0.12550094    0.00000370    0.09920805    0.18701857    0.00000562    0.15417961
    0.12550042    0.00000432    0.09920805    0.18701781    0.00000656    0.15417961
    0.12549984    0.00000488    0.09920805    0.18701693    0.00000740    0.15417961
    0.12549919    0.00000535    0.09920805    0.18701596    0.00000811    0.15417961
    0.12549848    0.00000574    0.09920805    0.18701491    0.00000870    0.15417961
    0.12549773    0.00000603    0.09920805    0.18701380    0.00000915    0.15417961
    0.12549695    0.00000623    0.09920805    0.18701264    0.00000946    0.15417961
    0.12549616    0.00000633    0.09920805    0.18701145    0.00000961    0.15417961
    0.12549535    0.00000633    0.09920805    0.18701025    0.00000961    0.15417961
    0.12549455    0.00000623    0.09920805    0.18700906    0.00000946    0.15417961
    0.12549377    0.00000603    0.09920805    0.18700790    0.00000915    0.15417961
    0.12549303    0.00000574    0.09920805    0.18700678    0.00000870    0.15417961
    0.12549232    0.00000535    0.09920805    0.18700573    0.00000811    0.15417961
    0.12549167    0.00000488    0.09920805    0.18700476    0.00000740    0.15417961
    0.12549108    0.00000432    0.09920805    0.18700389    0.00000656    0.15417961
    0.12549057    0.00000370    0.09920805    0.18700312    0.00000562    0.15417961
    0.12549014    0.00000303    0.09920805    0.18700248    0.00000459    0.15417961
    0.12548980    0.00000230    0.09920805    0.18700197    0.00000349    0.15417961
    0.12548955    0.00000153    0.09920805    0.18700160    0.00000232    0.15417961
    0.12548940    0.00000074    0.09920805    0.18700138    0.00000113    0.15417961
    0.12548935   -0.00000006    0.09920805    0.18700130   -0.00000009    0.15417961
    0.12548940   -0.00000086    0.09920805    0.18700138   -0.00000131    0.15417961
    0.12548955   -0.00000165    0.09920805    0.18700160   -0.00000251    0.15417961
    0.12548980   -0.00000242    0.09920805    0.18700197   -0.00000367    0.15417961
    0.12549014   -0.00000315    0.09920805    0.18700248   -0.00000478    0.15417961
    0.12549057   -0.00000383    0.09920805    0.18700312   -0.00000581    0.15417961
    0.12549108   -0.00000445    0.09920805    0.18700389   -0.00000675    0.15417961
    0.12549167   -0.00000500    0.09920805    0.18700476   -0.00000758    0.15417961
    0.12549232   -0.00000547    0.09920805    0.18700573   -0.00000830    0.15417961
    0.12549303   -0.00000586    0.09920805    0.18700678   -0.00000889    0.15417961
    0.12549377   -0.00000615    0.09920805    0.18700790   -0.00000934    0.15417961
    0.12549455   -0.00000635    0.09920805    0.18700906   -0.00000964    0.15417961
    0.12549535   -0.00000646    0.09920805    0.18701025   -0.00000979    0.15417961
    0.12549616   -0.00000646    0.09920805    0.18701145   -0.00000979    0.15417961
    0.12549695   -0.00000635    0.09920805    0.18701264   -0.00000964    0.15417961
    0.12549773   -0.00000615    0.09920805    0.18701380   -0.00000934    0.15417961
    0.12549848   -0.00000586    0.09920805    0.18701491   -0.00000889    0.15417961
    0.12549919   -0.00000547    0.09920805    0.18701596   -0.00000830    0.15417961
    0.12549984   -0.00000500    0.09920805    0.18701693   -0.00000758    0.15417961
    0.12550042   -0.00000445    0.09920805    0.18701781   -0.00000675    0.15417961
    0.12550094   -0.00000383    0.09920805    0.18701857   -0.00000581    0.15417961
    0.12550137   -0.00000315    0.09920805    0.18701921   -0.00000478    0.15417961
    0.12550171   -0.00000242    0.09920805    0.18701972   -0.00000367    0.15417961
    0.12550196   -0.00000165    0.09920805    0.18702010   -0.00000251    0.15417961
    0.12550211   -0.00000086    0.09920805    0.18702032   -0.00000131    0.15417961
    0.12549639   -0.00000006    0.09920825    0.18701180   -0.00000009    0.15417992
    0.12549639    0.00000002    0.09920825    0.18701180    0.00000003    0.15417992
    0.12549637    0.00000010    0.09920825    0.18701177    0.00000015    0.15417992
    0.12549635    0.00000017    0.09920825    0.18701174    0.00000026    0.15417992
    0.12549631    0.00000025    0.09920825    0.18701168    0.00000038    0.15417992
    0.12549627    0.00000032    0.09920825    0.18701162    0.00000048    0.15417992
    0.12549622    0.00000038    0.09920825    0.18701154    0.00000057    0.15417992
    0.12549616    0.00000043    0.09920825    0.18701146    0.00000066    0.15417992
    0.12549610    0.00000048    0.09920825    0.18701136    0.00000073    0.15417992
    0.12549603    0.00000052    0.09920825    0.18701125    0.00000079    0.15417992
    0.12549595    0.00000055    0.09920825    0.18701114    0.00000083    0.15417992
    0.12549587    0.00000057    0.09920825    0.18701103    0.00000086    0.15417992
    0.12549579    0.00000058    0.09920825    0.18701091    0.00000088    0.15417992
    0.12549571    0.00000058    0.09920825    0.18701079    0.00000088    0.15417992
    0.12549563    0.00000057    0.09920825    0.18701067    0.00000086    0.15417992
    0.12549555    0.00000055    0.09920825    0.18701055    0.00000083    0.15417992
    0.12549548    0.00000052    0.09920825    0.18701044    0.00000079    0.15417992
    0.12549541    0.00000048    0.09920825    0.18701034    0.00000073    0.15417992
    0.12549534    0.00000043    0.09920825    0.18701024    0.00000066    0.15417992
    0.12549529    0.00000038    0.09920825    0.18701015    0.00000057    0.15417992
    0.12549523    0.00000032    0.09920825    0.18701007    0.00000048    0.15417992
    0.12549519    0.00000025    0.09920825    0.18701001    0.00000038    0.15417992
    0.12549516    0.00000017    0.09920825    0.18700996    0.00000026    0.15417992
    0.12549513    0.00000010    0.09920825    0.18700992    0.00000015    0.15417992
    0.12549512    0.00000002    0.09920825    0.18700990    0.00000003    0.15417992
    0.12549511   -0.00000006    0.09920825    0.18700989   -0.00000009    0.15417992
    0.12549512   -0.00000014    0.09920825    0.18700990   -0.00000022    0.15417992
    0.12549513   -0.00000022    0.09920825    0.18700992   -0.00000034    0.15417992
    0.12549516   -0.00000030    0.09920825    0.18700996   -0.00000045    0.15417992
    0.12549519   -0.00000037    0.09920825    0.18701001   -0.00000056    0.15417992
    0.12549523   -0.00000044    0.09920825    0.18701007   -0.00000066    0.15417992
    0.12549529   -0.00000050    0.09920825    0.18701015   -0.00000076    0.15417992
    0.12549534   -0.00000056    0.09920825    0.18701024   -0.00000084    0.15417992
    0.12549541   -0.00000060    0.09920825    0.18701034   -0.00000091    0.15417992
    0.12549548   -0.00000064    0.09920825    0.18701044   -0.00000097    0.15417992
    0.12549555   -0.00000067    0.09920825    0.18701055   -0.00000102    0.15417992
    0.12549563   -0.00000069    0.09920825    0.18701067   -0.00000105    0.15417992
    0.12549571   -0.00000070    0.09920825    0.18701079   -0.00000106    0.15417992
    0.12549579   -0.00000070    0.09920825    0.18701091   -0.00000106    0.15417992
    0.12549587   -0.00000069    0.09920825    0.18701103   -0.00000105    0.15417992
    0.12549595   -0.00000067    0.09920825    0.18701114   -0.00000102    0.15417992
    0.12549603   -0.00000064    0.09920825    0.18701125   -0.00000097    0.15417992
    0.12549610   -0.00000060    0.09920825    0.18701136   -0.00000091    0.15417992
    0.12549616   -0.00000056    0.09920825    0.18701146   -0.00000084    0.15417992
    0.12549622   -0.00000050    0.09920825    0.18701154   -0.00000076    0.15417992
    0.12549627   -0.00000044    0.09920825    0.18701162   -0.00000066    0.15417992
    0.12549631   -0.00000037    0.09920825    0.18701168   -0.00000056    0.15417992
    0.12549635   -0.00000030    0.09920825    0.18701174   -0.00000045    0.15417992
    0.12549637   -0.00000022    0.09920825    0.18701177   -0.00000034    0.15417992
    0.12549639   -0.00000014    0.09920825    0.18701180   -0.00000022    0.15417992
