     # Chirality               1               1               1               1              -1              -1              -1              -1
            # k            phase           phase           phase           phase           phase           phase           phase           phase
      0.00000000      0.00000298      0.00000298      0.00000299      0.00000297      0.00000163      0.00000160      0.00000161      0.00000161      0.00000006      0.00000006      0.00000006      0.00000006      0.00000007      0.00000007      0.00000010      0.00000011      0.00000018      0.00000018      0.00000018      0.00000018      0.00000019      0.00000019      0.00000021      0.00000022      0.00000086      0.00000006      0.00000006      0.00000006      0.00000006      0.00000007      0.00000007      0.00000010      0.00000011      0.00000018      0.00000018      0.00000018      0.00000018      0.00000019      0.00000019      0.00000021      0.00000022      0.00000085      0.00000006      0.00000006      0.00000006      0.00000006      0.00000006      0.00000007      0.00000010      0.00000010      0.00000018      0.00000018      0.00000018      0.00000018      0.00000019      0.00000019      0.00000021      0.00000022      0.00000087      0.00000006      0.00000006      0.00000006      0.00000006      0.00000006      0.00000007      0.00000010      0.00000010      0.00000018      0.00000018      0.00000018      0.00000018      0.00000019      0.00000019      0.00000021      0.00000022      0.00000085      0.00000006      0.00000006      0.00000006      0.00000006      0.00000006      0.00000007      0.00000010      0.00000010      0.00000018      0.00000018      0.00000018      0.00000018      0.00000019      0.00000019      0.00000021      0.00000022      0.99999950      0.00000006      0.00000006      0.00000006      0.00000006      0.00000006      0.00000007      0.00000010      0.00000010      0.00000018      0.00000018      0.00000018      0.00000018      0.00000019      0.00000019      0.00000021      0.00000022      0.99999948      0.00000006      0.00000006      0.00000006      0.00000006      0.00000007      0.00000007      0.00000010      0.00000011      0.00000018      0.00000018      0.00000018      0.00000018      0.00000019      0.00000019      0.00000021      0.00000022      0.99999949      0.00000006      0.00000006      0.00000006      0.00000006      0.00000007      0.00000007      0.00000010      0.00000011      0.00000018      0.00000018      0.00000018      0.00000018      0.00000019      0.00000019      0.00000021      0.00000022      0.99999948
      0.02040816      0.00009168      0.00009173      0.00009192      0.00009157      0.99995423      0.99995407      0.99995417      0.99995406      0.00000061      0.00000062      0.00000062      0.00000064      0.00000066      0.00000068      0.00000097      0.00000107      0.00000183      0.00000184      0.00000184      0.00000184      0.00000185      0.00000186      0.00000210      0.00000219      0.00007046      0.00000061      0.00000062      0.00000062      0.00000064      0.00000066      0.00000068      0.00000097      0.00000107      0.00000183      0.00000184      0.00000184      0.00000184      0.00000185      0.00000186      0.00000210      0.00000219      0.00007052      0.00000061      0.00000062      0.00000062      0.00000064      0.00000065      0.00000068      0.00000100      0.00000104      0.00000183      0.00000184      0.00000184      0.00000184      0.00000185      0.00000186      0.00000211      0.00000218      0.00007072      0.00000061      0.00000062      0.00000062      0.00000064      0.00000065      0.00000068      0.00000100      0.00000104      0.00000183      0.00000184      0.00000184      0.00000184      0.00000185      0.00000186      0.00000211      0.00000218      0.00007036      0.00000061      0.00000062      0.00000062      0.00000064      0.00000065      0.00000068      0.00000100      0.00000104      0.00000183      0.00000184      0.00000184      0.00000184      0.00000185      0.00000186      0.00000211      0.00000218      0.99993303      0.00000061      0.00000062      0.00000062      0.00000064      0.00000065      0.00000068      0.00000100      0.00000104      0.00000183      0.00000184      0.00000184      0.00000184      0.00000185      0.00000186      0.00000211      0.00000218      0.99993287      0.00000061      0.00000062      0.00000062      0.00000064      0.00000066      0.00000068      0.00000097      0.00000107      0.00000183      0.00000184      0.00000184      0.00000184      0.00000185      0.00000186      0.00000210      0.00000219      0.99993295      0.00000061      0.00000062      0.00000062      0.00000064      0.00000066      0.00000068      0.00000097      0.00000107      0.00000183      0.00000184      0.00000184      0.00000184      0.00000185      0.00000186      0.00000210      0.00000219      0.99993284
      0.04081633      0.00032603      0.00032632      0.00032669      0.00032581      0.99976540      0.99976530      0.99976546      0.99976508      0.00000122      0.00000123      0.00000124      0.00000127      0.00000132      0.00000135      0.00000194      0.00000214      0.00000364      0.00000367      0.00000367      0.00000368      0.00000370      0.00000372      0.00000419      0.00000436      0.00028368      0.00000122      0.00000123      0.00000124      0.00000127      0.00000132      0.00000136      0.00000194      0.00000214      0.00000364      0.00000367      0.00000367      0.00000368      0.00000370      0.00000372      0.00000419      0.00000436      0.00028397      0.00000122      0.00000123      0.00000124      0.00000127      0.00000129      0.00000135      0.00000200      0.00000208      0.00000365      0.00000367      0.00000367      0.00000368      0.00000370      0.00000371      0.00000421      0.00000434      0.00028437      0.00000122      0.00000123      0.00000124      0.00000127      0.00000129      0.00000135      0.00000200      0.00000208      0.00000365      0.00000367      0.00000367      0.00000368      0.00000370      0.00000371      0.00000421      0.00000434      0.00028349      0.00000122      0.00000123      0.00000124      0.00000127      0.00000129      0.00000135      0.00000200      0.00000208      0.00000365      0.00000367      0.00000367      0.00000368      0.00000370      0.00000371      0.00000421      0.00000434      0.99972308      0.00000122      0.00000123      0.00000124      0.00000127      0.00000129      0.00000135      0.00000200      0.00000208      0.00000365      0.00000367      0.00000367      0.00000368      0.00000370      0.00000371      0.00000421      0.00000434      0.99972298      0.00000122      0.00000123      0.00000124      0.00000127      0.00000132      0.00000136      0.00000194      0.00000214      0.00000364      0.00000367      0.00000367      0.00000368      0.00000370      0.00000372      0.00000419      0.00000437      0.99972312      0.00000122      0.00000123      0.00000124      0.00000127      0.00000132      0.00000136      0.00000194      0.00000214      0.00000364      0.00000367      0.00000367      0.00000368      0.00000370      0.00000372      0.00000419      0.00000437      0.99972274
      0.06122449      0.00071940      0.00072012      0.00072068      0.00071907      0.99941696      0.99941715      0.99941736      0.99941653      0.00000182      0.00000184      0.00000185      0.00000190      0.00000198      0.00000203      0.00000290      0.00000320      0.00000545      0.00000549      0.00000549      0.00000550      0.00000553      0.00000555      0.00000626      0.00000652      0.00065610      0.00000182      0.00000184      0.00000185      0.00000190      0.00000198      0.00000203      0.00000290      0.00000320      0.00000545      0.00000549      0.00000549      0.00000550      0.00000553      0.00000555      0.00000626      0.00000652      0.00065682      0.00000182      0.00000184      0.00000185      0.00000190      0.00000193      0.00000202      0.00000298      0.00000310      0.00000546      0.00000549      0.00000549      0.00000550      0.00000553      0.00000555      0.00000630      0.00000649      0.00065742      0.00000182      0.00000184      0.00000185      0.00000190      0.00000193      0.00000202      0.00000298      0.00000310      0.00000546      0.00000549      0.00000549      0.00000550      0.00000553      0.00000555      0.00000630      0.00000649      0.00065580      0.00000182      0.00000184      0.00000185      0.00000190      0.00000193      0.00000202      0.00000298      0.00000310      0.00000546      0.00000549      0.00000549      0.00000550      0.00000553      0.00000555      0.00000630      0.00000649      0.99935370      0.00000182      0.00000184      0.00000185      0.00000190      0.00000193      0.00000202      0.00000298      0.00000310      0.00000546      0.00000549      0.00000549      0.00000550      0.00000553      0.00000555      0.00000630      0.00000649      0.99935388      0.00000182      0.00000184      0.00000185      0.00000190      0.00000198      0.00000203      0.00000290      0.00000320      0.00000545      0.00000549      0.00000549      0.00000550      0.00000553      0.00000555      0.00000626      0.00000653      0.99935405      0.00000182      0.00000184      0.00000185      0.00000190      0.00000198      0.00000203      0.00000290      0.00000320      0.00000545      0.00000549      0.00000549      0.00000550      0.00000553      0.00000555      0.00000626      0.00000653      0.99935322
      0.08163265      0.00130136      0.00130272      0.00130347      0.00130091      0.99887914      0.99887988      0.99888010      0.99887861      0.00000241      0.00000244      0.00000245      0.00000252      0.00000263      0.00000269      0.00000385      0.00000424      0.00000723      0.00000728      0.00000728      0.00000730      0.00000734      0.00000737      0.00000831      0.00000866      0.00121736      0.00000241      0.00000244      0.00000245      0.00000252      0.00000263      0.00000269      0.00000385      0.00000424      0.00000723      0.00000728      0.00000728      0.00000730      0.00000734      0.00000737      0.00000831      0.00000866      0.00121872      0.00000242      0.00000244      0.00000246      0.00000252      0.00000256      0.00000268      0.00000396      0.00000412      0.00000725      0.00000728      0.00000729      0.00000730      0.00000733      0.00000736      0.00000836      0.00000861      0.00121952      0.00000242      0.00000244      0.00000246      0.00000252      0.00000256      0.00000268      0.00000396      0.00000412      0.00000725      0.00000728      0.00000729      0.00000730      0.00000733      0.00000736      0.00000836      0.00000861      0.00121697      0.00000242      0.00000244      0.00000246      0.00000252      0.00000256      0.00000268      0.00000396      0.00000412      0.00000725      0.00000728      0.00000729      0.00000730      0.00000733      0.00000736      0.00000836      0.00000861      0.99879519      0.00000242      0.00000244      0.00000246      0.00000252      0.00000256      0.00000268      0.00000396      0.00000412      0.00000725      0.00000728      0.00000729      0.00000730      0.00000733      0.00000736      0.00000836      0.00000861      0.99879593      0.00000241      0.00000244      0.00000245      0.00000252      0.00000263      0.00000269      0.00000385      0.00000425      0.00000723      0.00000728      0.00000728      0.00000730      0.00000734      0.00000737      0.00000831      0.00000866      0.99879610      0.00000241      0.00000244      0.00000245      0.00000252      0.00000263      0.00000269      0.00000385      0.00000425      0.00000723      0.00000728      0.00000728      0.00000730      0.00000734      0.00000737      0.00000831      0.00000866      0.99879461
      0.10204082      0.00211821      0.00212045      0.00212138      0.00211765      0.99810538      0.99810701      0.99810722      0.99810481      0.00000300      0.00000303      0.00000304      0.00000313      0.00000326      0.00000334      0.00000478      0.00000527      0.00000898      0.00000905      0.00000905      0.00000907      0.00000912      0.00000916      0.00001032      0.00001076      0.00201386      0.00000300      0.00000303      0.00000304      0.00000313      0.00000326      0.00000334      0.00000478      0.00000527      0.00000898      0.00000905      0.00000905      0.00000907      0.00000912      0.00000916      0.00001032      0.00001075      0.00201610      0.00000300      0.00000303      0.00000306      0.00000314      0.00000318      0.00000333      0.00000492      0.00000511      0.00000900      0.00000905      0.00000906      0.00000907      0.00000911      0.00000914      0.00001038      0.00001070      0.00201710      0.00000300      0.00000303      0.00000306      0.00000314      0.00000318      0.00000333      0.00000492      0.00000511      0.00000900      0.00000905      0.00000906      0.00000907      0.00000911      0.00000914      0.00001038      0.00001070      0.00201337      0.00000300      0.00000303      0.00000306      0.00000314      0.00000318      0.00000333      0.00000492      0.00000512      0.00000900      0.00000905      0.00000906      0.00000907      0.00000911      0.00000914      0.00001039      0.00001070      0.99800110      0.00000300      0.00000303      0.00000306      0.00000314      0.00000318      0.00000333      0.00000492      0.00000511      0.00000900      0.00000905      0.00000906      0.00000907      0.00000911      0.00000914      0.00001039      0.00001070      0.99800272      0.00000300      0.00000303      0.00000304      0.00000313      0.00000326      0.00000334      0.00000478      0.00000527      0.00000898      0.00000905      0.00000905      0.00000907      0.00000912      0.00000916      0.00001032      0.00001076      0.99800286      0.00000300      0.00000303      0.00000304      0.00000313      0.00000326      0.00000334      0.00000478      0.00000527      0.00000898      0.00000905      0.00000905      0.00000907      0.00000912      0.00000916      0.00001032      0.00001076      0.99800045
      0.12244898      0.00323808      0.00324149      0.00324259      0.00323742      0.99702734      0.99703026      0.99703042      0.99702674      0.00000357      0.00000360      0.00000362      0.00000372      0.00000389      0.00000398      0.00000570      0.00000628      0.00001070      0.00001077      0.00001078      0.00001080      0.00001086      0.00001090      0.00001229      0.00001281      0.00311381      0.00000357      0.00000360      0.00000362      0.00000372      0.00000389      0.00000398      0.00000570      0.00000628      0.00001070      0.00001077      0.00001078      0.00001080      0.00001086      0.00001090      0.00001229      0.00001281      0.00311722      0.00000358      0.00000361      0.00000364      0.00000373      0.00000379      0.00000396      0.00000586      0.00000609      0.00001072      0.00001077      0.00001078      0.00001080      0.00001085      0.00001089      0.00001237      0.00001274      0.00311841      0.00000358      0.00000361      0.00000364      0.00000374      0.00000379      0.00000396      0.00000586      0.00000609      0.00001072      0.00001077      0.00001078      0.00001080      0.00001085      0.00001089      0.00001237      0.00001274      0.00311323      0.00000358      0.00000361      0.00000364      0.00000374      0.00000379      0.00000396      0.00000586      0.00000609      0.00001072      0.00001077      0.00001078      0.00001080      0.00001085      0.00001089      0.00001237      0.00001274      0.99690314      0.00000358      0.00000361      0.00000364      0.00000374      0.00000379      0.00000396      0.00000586      0.00000609      0.00001072      0.00001077      0.00001078      0.00001080      0.00001085      0.00001089      0.00001237      0.00001274      0.99690606      0.00000357      0.00000360      0.00000363      0.00000372      0.00000389      0.00000398      0.00000570      0.00000628      0.00001070      0.00001077      0.00001078      0.00001080      0.00001086      0.00001090      0.00001229      0.00001281      0.99690614      0.00000357      0.00000360      0.00000363      0.00000372      0.00000389      0.00000398      0.00000570      0.00000628      0.00001070      0.00001077      0.00001078      0.00001080      0.00001086      0.00001090      0.00001229      0.00001281      0.99690246
      0.14285714      0.00475694      0.00476190      0.00476313      0.00475622      0.99554875      0.99555349      0.99555358      0.99554816      0.00000413      0.00000417      0.00000419      0.00000431      0.00000449      0.00000460      0.00000659      0.00000726      0.00001237      0.00001246      0.00001246      0.00001249      0.00001255      0.00001261      0.00001421      0.00001481      0.00461326      0.00000413      0.00000417      0.00000419      0.00000431      0.00000449      0.00000460      0.00000659      0.00000726      0.00001237      0.00001246      0.00001246      0.00001249      0.00001255      0.00001261      0.00001421      0.00001481      0.00461822      0.00000414      0.00000418      0.00000421      0.00000432      0.00000438      0.00000458      0.00000677      0.00000704      0.00001239      0.00001246      0.00001247      0.00001249      0.00001255      0.00001259      0.00001430      0.00001473      0.00461955      0.00000414      0.00000418      0.00000421      0.00000432      0.00000438      0.00000458      0.00000677      0.00000704      0.00001239      0.00001246      0.00001247      0.00001249      0.00001255      0.00001259      0.00001430      0.00001473      0.00461263      0.00000414      0.00000418      0.00000421      0.00000432      0.00000438      0.00000458      0.00000678      0.00000704      0.00001239      0.00001246      0.00001247      0.00001249      0.00001255      0.00001259      0.00001430      0.00001473      0.99540515      0.00000414      0.00000418      0.00000421      0.00000432      0.00000438      0.00000458      0.00000677      0.00000704      0.00001239      0.00001246      0.00001247      0.00001249      0.00001255      0.00001259      0.00001430      0.00001473      0.99540989      0.00000413      0.00000417      0.00000419      0.00000431      0.00000449      0.00000460      0.00000659      0.00000726      0.00001237      0.00001246      0.00001246      0.00001249      0.00001255      0.00001261      0.00001421      0.00001481      0.99540989      0.00000413      0.00000417      0.00000419      0.00000431      0.00000449      0.00000460      0.00000659      0.00000726      0.00001237      0.00001246      0.00001246      0.00001249      0.00001255      0.00001261      0.00001421      0.00001481      0.99540446
      0.16326531      0.00680364      0.00681067      0.00681195      0.00680294      0.99354044      0.99354768      0.99354772      0.99353982      0.00000467      0.00000471      0.00000474      0.00000487      0.00000508      0.00000520      0.00000745      0.00000821      0.00001399      0.00001409      0.00001409      0.00001413      0.00001420      0.00001426      0.00001607      0.00001675      0.00664114      0.00000467      0.00000471      0.00000474      0.00000487      0.00000508      0.00000520      0.00000745      0.00000821      0.00001399      0.00001409      0.00001409      0.00001413      0.00001420      0.00001426      0.00001607      0.00001675      0.00664817      0.00000468      0.00000472      0.00000476      0.00000488      0.00000495      0.00000518      0.00000766      0.00000796      0.00001402      0.00001409      0.00001410      0.00001412      0.00001419      0.00001424      0.00001617      0.00001666      0.00664956      0.00000468      0.00000472      0.00000476      0.00000488      0.00000495      0.00000518      0.00000766      0.00000797      0.00001402      0.00001409      0.00001410      0.00001412      0.00001419      0.00001424      0.00001617      0.00001666      0.00664055      0.00000468      0.00000472      0.00000476      0.00000488      0.00000495      0.00000518      0.00000766      0.00000797      0.00001402      0.00001409      0.00001410      0.00001412      0.00001419      0.00001424      0.00001618      0.00001666      0.99337803      0.00000468      0.00000472      0.00000476      0.00000488      0.00000495      0.00000518      0.00000766      0.00000796      0.00001402      0.00001409      0.00001410      0.00001412      0.00001419      0.00001424      0.00001617      0.00001666      0.99338528      0.00000467      0.00000471      0.00000474      0.00000487      0.00000508      0.00000520      0.00000745      0.00000821      0.00001399      0.00001409      0.00001409      0.00001413      0.00001420      0.00001426      0.00001607      0.00001675      0.99338521      0.00000467      0.00000471      0.00000474      0.00000487      0.00000508      0.00000520      0.00000745      0.00000822      0.00001399      0.00001409      0.00001409      0.00001413      0.00001420      0.00001426      0.00001607      0.00001675      0.99337731
      0.18367347      0.00953931      0.00954915      0.00955032      0.00953878      0.99084088      0.99085156      0.99085166      0.99084016      0.00000519      0.00000524      0.00000527      0.00000541      0.00000565      0.00000578      0.00000828      0.00000913      0.00001555      0.00001566      0.00001567      0.00001571      0.00001578      0.00001585      0.00001787      0.00001862      0.00935865      0.00000519      0.00000524      0.00000527      0.00000541      0.00000565      0.00000578      0.00000828      0.00000913      0.00001555      0.00001566      0.00001567      0.00001571      0.00001578      0.00001585      0.00001786      0.00001862      0.00936850      0.00000520      0.00000525      0.00000529      0.00000543      0.00000550      0.00000576      0.00000851      0.00000885      0.00001558      0.00001566      0.00001568      0.00001570      0.00001577      0.00001583      0.00001798      0.00001852      0.00936979      0.00000520      0.00000525      0.00000529      0.00000543      0.00000550      0.00000576      0.00000851      0.00000886      0.00001558      0.00001566      0.00001568      0.00001570      0.00001577      0.00001583      0.00001798      0.00001852      0.00935825      0.00000520      0.00000525      0.00000529      0.00000543      0.00000550      0.00000576      0.00000852      0.00000886      0.00001558      0.00001566      0.00001568      0.00001570      0.00001578      0.00001583      0.00001798      0.00001853      0.99066033      0.00000520      0.00000525      0.00000529      0.00000543      0.00000550      0.00000576      0.00000852      0.00000885      0.00001558      0.00001566      0.00001568      0.00001570      0.00001578      0.00001583      0.00001798      0.00001853      0.99067101      0.00000519      0.00000524      0.00000527      0.00000541      0.00000565      0.00000578      0.00000828      0.00000913      0.00001555      0.00001566      0.00001567      0.00001571      0.00001578      0.00001585      0.00001787      0.00001862      0.99067099      0.00000519      0.00000524      0.00000527      0.00000541      0.00000565      0.00000578      0.00000828      0.00000913      0.00001555      0.00001566      0.00001567      0.00001571      0.00001578      0.00001585      0.00001787      0.00001862      0.99065949
      0.20408163      0.01314413      0.01315791      0.01315870      0.01314405      0.98726940      0.98728473      0.98728511      0.98726833      0.00000569      0.00000574      0.00000578      0.00000593      0.00000619      0.00000634      0.00000908      0.00001001      0.00001705      0.00001717      0.00001718      0.00001722      0.00001730      0.00001738      0.00001959      0.00002041      0.01294606      0.00000569      0.00000574      0.00000578      0.00000593      0.00000619      0.00000634      0.00000908      0.00001000      0.00001705      0.00001717      0.00001718      0.00001722      0.00001730      0.00001738      0.00001959      0.00002041      0.01295985      0.00000570      0.00000576      0.00000580      0.00000595      0.00000603      0.00000631      0.00000933      0.00000971      0.00001708      0.00001717      0.00001719      0.00001721      0.00001730      0.00001736      0.00001971      0.00002031      0.01296077      0.00000570      0.00000576      0.00000580      0.00000595      0.00000603      0.00000631      0.00000933      0.00000971      0.00001708      0.00001717      0.00001719      0.00001721      0.00001730      0.00001736      0.00001971      0.00002031      0.01294611      0.00000570      0.00000576      0.00000580      0.00000595      0.00000603      0.00000631      0.00000934      0.00000971      0.00001708      0.00001717      0.00001719      0.00001721      0.00001730      0.00001736      0.00001972      0.00002031      0.98707144      0.00000570      0.00000576      0.00000580      0.00000595      0.00000604      0.00000631      0.00000934      0.00000971      0.00001708      0.00001717      0.00001719      0.00001721      0.00001730      0.00001736      0.00001971      0.00002031      0.98708678      0.00000569      0.00000574      0.00000578      0.00000594      0.00000619      0.00000634      0.00000908      0.00001001      0.00001705      0.00001717      0.00001718      0.00001722      0.00001730      0.00001738      0.00001959      0.00002042      0.98708703      0.00000569      0.00000574      0.00000578      0.00000594      0.00000619      0.00000634      0.00000908      0.00001001      0.00001705      0.00001717      0.00001718      0.00001722      0.00001730      0.00001738      0.00001959      0.00002042      0.98707025
      0.22448980      0.01778864      0.01780791      0.01780792      0.01778940      0.98265492      0.98267643      0.98267749      0.98265312      0.00000617      0.00000622      0.00000626      0.00000643      0.00000671      0.00000687      0.00000984      0.00001085      0.00001848      0.00001861      0.00001862      0.00001866      0.00001875      0.00001884      0.00002123      0.00002212      0.01757399      0.00000617      0.00000622      0.00000626      0.00000643      0.00000671      0.00000687      0.00000984      0.00001084      0.00001848      0.00001861      0.00001862      0.00001866      0.00001875      0.00001884      0.00002123      0.00002212      0.01759325      0.00000618      0.00000624      0.00000629      0.00000645      0.00000654      0.00000684      0.00001012      0.00001052      0.00001852      0.00001861      0.00001863      0.00001866      0.00001874      0.00001881      0.00002136      0.00002201      0.01759341      0.00000618      0.00000624      0.00000629      0.00000645      0.00000654      0.00000684      0.00001012      0.00001052      0.00001852      0.00001861      0.00001863      0.00001866      0.00001874      0.00001881      0.00002136      0.00002201      0.01757488      0.00000618      0.00000624      0.00000629      0.00000645      0.00000654      0.00000684      0.00001012      0.00001052      0.00001852      0.00001861      0.00001863      0.00001866      0.00001874      0.00001881      0.00002137      0.00002201      0.98244038      0.00000618      0.00000624      0.00000629      0.00000645      0.00000654      0.00000684      0.00001012      0.00001052      0.00001852      0.00001861      0.00001863      0.00001866      0.00001874      0.00001881      0.00002136      0.00002201      0.98246189      0.00000617      0.00000622      0.00000626      0.00000643      0.00000671      0.00000687      0.00000984      0.00001085      0.00001848      0.00001861      0.00001862      0.00001866      0.00001875      0.00001884      0.00002123      0.00002213      0.98246282      0.00000617      0.00000622      0.00000626      0.00000643      0.00000671      0.00000687      0.00000984      0.00001085      0.00001848      0.00001861      0.00001862      0.00001866      0.00001875      0.00001884      0.00002123      0.00002213      0.98243844
      0.24489796      0.02360166      0.02362821      0.02362696      0.02360375      0.97686831      0.97689764      0.97689991      0.97686527      0.00000662      0.00000668      0.00000672      0.00000690      0.00000720      0.00000737      0.00001056      0.00001164      0.00001983      0.00001997      0.00001998      0.00002003      0.00002013      0.00002021      0.00002278      0.00002374      0.02337129      0.00000662      0.00000668      0.00000672      0.00000690      0.00000720      0.00000737      0.00001056      0.00001164      0.00001983      0.00001997      0.00001998      0.00002003      0.00002013      0.00002022      0.00002278      0.00002374      0.02339784      0.00000663      0.00000670      0.00000675      0.00000692      0.00000702      0.00000734      0.00001086      0.00001129      0.00001987      0.00001997      0.00001999      0.00002002      0.00002012      0.00002019      0.00002292      0.00002362      0.02339674      0.00000663      0.00000670      0.00000675      0.00000692      0.00000702      0.00000734      0.00001086      0.00001129      0.00001987      0.00001997      0.00001999      0.00002002      0.00002012      0.00002019      0.00002293      0.00002362      0.02337352      0.00000663      0.00000670      0.00000675      0.00000693      0.00000702      0.00000734      0.00001086      0.00001129      0.00001987      0.00001997      0.00001999      0.00002002      0.00002012      0.00002019      0.00002293      0.00002362      0.97663806      0.00000663      0.00000670      0.00000675      0.00000692      0.00000702      0.00000734      0.00001086      0.00001129      0.00001987      0.00001997      0.00001999      0.00002002      0.00002012      0.00002019      0.00002293      0.00002362      0.97666740      0.00000662      0.00000668      0.00000672      0.00000690      0.00000721      0.00000737      0.00001056      0.00001164      0.00001983      0.00001997      0.00001998      0.00002003      0.00002013      0.00002022      0.00002278      0.00002375      0.97666952      0.00000662      0.00000668      0.00000672      0.00000690      0.00000721      0.00000737      0.00001056      0.00001165      0.00001983      0.00001997      0.00001998      0.00002003      0.00002013      0.00002022      0.00002279      0.00002375      0.97663487
      0.26530612      0.03066389      0.03069932      0.03069626      0.03066784      0.96982897      0.96986749      0.96987153      0.96982411      0.00000705      0.00000711      0.00000715      0.00000735      0.00000767      0.00000784      0.00001124      0.00001239      0.00002110      0.00002125      0.00002126      0.00002131      0.00002142      0.00002151      0.00002424      0.00002526      0.03041875      0.00000705      0.00000711      0.00000715      0.00000735      0.00000767      0.00000784      0.00001124      0.00001238      0.00002110      0.00002125      0.00002126      0.00002131      0.00002142      0.00002151      0.00002424      0.00002527      0.03045419      0.00000706      0.00000713      0.00000718      0.00000737      0.00000747      0.00000781      0.00001155      0.00001201      0.00002114      0.00002125      0.00002127      0.00002131      0.00002141      0.00002148      0.00002439      0.00002514      0.03045128      0.00000706      0.00000713      0.00000718      0.00000737      0.00000747      0.00000781      0.00001155      0.00001202      0.00002115      0.00002125      0.00002127      0.00002131      0.00002141      0.00002148      0.00002440      0.00002514      0.03042286      0.00000706      0.00000713      0.00000718      0.00000737      0.00000747      0.00000781      0.00001156      0.00001202      0.00002115      0.00002125      0.00002127      0.00002131      0.00002141      0.00002148      0.00002440      0.00002514      0.96958396      0.00000706      0.00000713      0.00000718      0.00000737      0.00000747      0.00000781      0.00001156      0.00001201      0.00002114      0.00002125      0.00002127      0.00002131      0.00002141      0.00002148      0.00002440      0.00002514      0.96962249      0.00000705      0.00000711      0.00000715      0.00000735      0.00000767      0.00000784      0.00001124      0.00001239      0.00002110      0.00002125      0.00002126      0.00002131      0.00002142      0.00002151      0.00002424      0.00002527      0.96962637      0.00000705      0.00000711      0.00000715      0.00000735      0.00000767      0.00000785      0.00001124      0.00001240      0.00002110      0.00002125      0.00002126      0.00002131      0.00002142      0.00002151      0.00002425      0.00002527      0.96957894
      0.28571429      0.03904715      0.03909222      0.03908677      0.03905354      0.96146577      0.96151400      0.96152038      0.96145854      0.00000744      0.00000751      0.00000755      0.00000776      0.00000810      0.00000828      0.00001187      0.00001308      0.00002228      0.00002244      0.00002245      0.00002251      0.00002262      0.00002272      0.00002560      0.00002668      0.03878825      0.00000744      0.00000751      0.00000755      0.00000776      0.00000810      0.00000828      0.00001187      0.00001308      0.00002228      0.00002244      0.00002245      0.00002251      0.00002262      0.00002272      0.00002560      0.00002668      0.03883333      0.00000746      0.00000753      0.00000758      0.00000778      0.00000789      0.00000825      0.00001220      0.00001269      0.00002233      0.00002244      0.00002247      0.00002250      0.00002261      0.00002269      0.00002576      0.00002655      0.03882804      0.00000746      0.00000753      0.00000758      0.00000778      0.00000789      0.00000825      0.00001220      0.00001269      0.00002233      0.00002245      0.00002247      0.00002250      0.00002261      0.00002269      0.00002577      0.00002655      0.03879481      0.00000746      0.00000753      0.00000758      0.00000778      0.00000789      0.00000825      0.00001221      0.00001269      0.00002233      0.00002245      0.00002247      0.00002250      0.00002261      0.00002269      0.00002577      0.00002655      0.96120701      0.00000746      0.00000753      0.00000758      0.00000778      0.00000789      0.00000825      0.00001221      0.00001269      0.00002233      0.00002245      0.00002247      0.00002250      0.00002261      0.00002269      0.00002577      0.00002655      0.96125525      0.00000744      0.00000751      0.00000755      0.00000776      0.00000810      0.00000828      0.00001187      0.00001308      0.00002228      0.00002244      0.00002245      0.00002251      0.00002262      0.00002272      0.00002560      0.00002669      0.96126146      0.00000744      0.00000751      0.00000755      0.00000776      0.00000810      0.00000829      0.00001187      0.00001309      0.00002228      0.00002244      0.00002245      0.00002251      0.00002262      0.00002272      0.00002561      0.00002669      0.96119961
      0.30612245      0.04888584      0.04893994      0.04893143      0.04889532      0.95164553      0.95170273      0.95171204      0.95163534      0.00000781      0.00000788      0.00000792      0.00000814      0.00000849      0.00000869      0.00001245      0.00001372      0.00002338      0.00002354      0.00002355      0.00002361      0.00002373      0.00002383      0.00002686      0.00002799      0.04861424      0.00000781      0.00000787      0.00000792      0.00000814      0.00000849      0.00000869      0.00001245      0.00001372      0.00002338      0.00002354      0.00002355      0.00002361      0.00002373      0.00002383      0.00002686      0.00002799      0.04866835      0.00000782      0.00000790      0.00000795      0.00000816      0.00000828      0.00000866      0.00001280      0.00001331      0.00002343      0.00002355      0.00002357      0.00002361      0.00002372      0.00002380      0.00002702      0.00002785      0.04866002      0.00000782      0.00000790      0.00000796      0.00000816      0.00000827      0.00000865      0.00001280      0.00001331      0.00002343      0.00002355      0.00002357      0.00002361      0.00002372      0.00002380      0.00002703      0.00002785      0.04862390      0.00000782      0.00000790      0.00000796      0.00000817      0.00000827      0.00000866      0.00001281      0.00001332      0.00002343      0.00002355      0.00002357      0.00002361      0.00002372      0.00002380      0.00002704      0.00002785      0.95137408      0.00000782      0.00000790      0.00000796      0.00000816      0.00000828      0.00000866      0.00001281      0.00001331      0.00002343      0.00002355      0.00002357      0.00002361      0.00002372      0.00002380      0.00002703      0.00002785      0.95143129      0.00000781      0.00000788      0.00000792      0.00000814      0.00000849      0.00000869      0.00001245      0.00001372      0.00002338      0.00002354      0.00002355      0.00002361      0.00002373      0.00002383      0.00002686      0.00002800      0.95144042      0.00000781      0.00000788      0.00000792      0.00000814      0.00000849      0.00000869      0.00001245      0.00001373      0.00002338      0.00002355      0.00002355      0.00002361      0.00002373      0.00002383      0.00002686      0.00002800      0.95136371
      0.32653061      0.06045454      0.06051542      0.06050297      0.06046800      0.94009515      0.94015900      0.94017204      0.94008122      0.00000814      0.00000821      0.00000826      0.00000849      0.00000886      0.00000906      0.00001298      0.00001431      0.00002437      0.00002455      0.00002456      0.00002462      0.00002474      0.00002485      0.00002801      0.00002918      0.06017136      0.00000814      0.00000821      0.00000826      0.00000849      0.00000886      0.00000906      0.00001298      0.00001430      0.00002437      0.00002455      0.00002456      0.00002462      0.00002474      0.00002485      0.00002800      0.00002919      0.06023225      0.00000815      0.00000823      0.00000829      0.00000851      0.00000863      0.00000902      0.00001335      0.00001388      0.00002442      0.00002455      0.00002457      0.00002461      0.00002473      0.00002482      0.00002817      0.00002904      0.06021999      0.00000815      0.00000823      0.00000829      0.00000851      0.00000863      0.00000902      0.00001334      0.00001388      0.00002443      0.00002455      0.00002457      0.00002461      0.00002473      0.00002482      0.00002818      0.00002904      0.06018501      0.00000815      0.00000823      0.00000830      0.00000851      0.00000863      0.00000902      0.00001335      0.00001388      0.00002443      0.00002455      0.00002457      0.00002461      0.00002473      0.00002482      0.00002819      0.00002904      0.93981213      0.00000815      0.00000823      0.00000829      0.00000851      0.00000863      0.00000903      0.00001336      0.00001388      0.00002443      0.00002455      0.00002458      0.00002461      0.00002473      0.00002482      0.00002818      0.00002904      0.93987598      0.00000814      0.00000821      0.00000826      0.00000849      0.00000886      0.00000906      0.00001298      0.00001431      0.00002437      0.00002455      0.00002456      0.00002462      0.00002474      0.00002485      0.00002800      0.00002920      0.93988884      0.00000814      0.00000821      0.00000826      0.00000849      0.00000886      0.00000906      0.00001298      0.00001432      0.00002437      0.00002455      0.00002456      0.00002462      0.00002474      0.00002485      0.00002801      0.00002919      0.93979802
      0.34693878      0.07424941      0.07431291      0.07429520      0.07426816      0.92632031      0.92638653      0.92640458      0.92630137      0.00000844      0.00000851      0.00000856      0.00000880      0.00000918      0.00000939      0.00001346      0.00001484      0.00002527      0.00002545      0.00002546      0.00002552      0.00002565      0.00002576      0.00002904      0.00003026      0.07395581      0.00000844      0.00000851      0.00000856      0.00000880      0.00000918      0.00000939      0.00001346      0.00001483      0.00002527      0.00002545      0.00002546      0.00002552      0.00002565      0.00002576      0.00002903      0.00003026      0.07401932      0.00000845      0.00000854      0.00000860      0.00000882      0.00000895      0.00000936      0.00001384      0.00001439      0.00002532      0.00002545      0.00002548      0.00002552      0.00002564      0.00002573      0.00002921      0.00003011      0.07400181      0.00000845      0.00000854      0.00000860      0.00000882      0.00000894      0.00000936      0.00001383      0.00001439      0.00002532      0.00002545      0.00002548      0.00002552      0.00002564      0.00002573      0.00002922      0.00003010      0.07397476      0.00000845      0.00000854      0.00000860      0.00000883      0.00000895      0.00000936      0.00001384      0.00001439      0.00002533      0.00002545      0.00002548      0.00002552      0.00002564      0.00002573      0.00002923      0.00003011      0.92602687      0.00000845      0.00000854      0.00000860      0.00000882      0.00000895      0.00000936      0.00001385      0.00001439      0.00002532      0.00002545      0.00002548      0.00002552      0.00002564      0.00002573      0.00002922      0.00003011      0.92609310      0.00000844      0.00000851      0.00000856      0.00000880      0.00000918      0.00000939      0.00001346      0.00001484      0.00002527      0.00002545      0.00002546      0.00002553      0.00002565      0.00002576      0.00002903      0.00003027      0.92611096      0.00000844      0.00000851      0.00000856      0.00000880      0.00000918      0.00000940      0.00001346      0.00001485      0.00002527      0.00002545      0.00002546      0.00002553      0.00002565      0.00002576      0.00002904      0.00003027      0.92600775
      0.36734694      0.09110217      0.09116174      0.09113663      0.09112837      0.90949162      0.90955344      0.90957871      0.90946550      0.00000870      0.00000878      0.00000883      0.00000907      0.00000947      0.00000969      0.00001388      0.00001530      0.00002606      0.00002625      0.00002626      0.00002633      0.00002645      0.00002657      0.00002995      0.00003121      0.09079937      0.00000870      0.00000878      0.00000883      0.00000907      0.00000947      0.00000969      0.00001388      0.00001529      0.00002606      0.00002625      0.00002626      0.00002633      0.00002645      0.00002657      0.00002994      0.00003121      0.09085894      0.00000872      0.00000880      0.00000887      0.00000910      0.00000923      0.00000965      0.00001427      0.00001484      0.00002612      0.00002625      0.00002628      0.00002632      0.00002644      0.00002654      0.00003013      0.00003105      0.09083403      0.00000872      0.00000880      0.00000887      0.00000910      0.00000923      0.00000965      0.00001427      0.00001484      0.00002612      0.00002625      0.00002628      0.00002632      0.00002644      0.00002654      0.00003014      0.00003105      0.09082576      0.00000872      0.00000880      0.00000887      0.00000910      0.00000923      0.00000965      0.00001428      0.00001485      0.00002612      0.00002625      0.00002628      0.00002632      0.00002644      0.00002654      0.00003014      0.00003105      0.90918898      0.00000872      0.00000880      0.00000887      0.00000910      0.00000923      0.00000965      0.00001428      0.00001484      0.00002612      0.00002625      0.00002628      0.00002632      0.00002644      0.00002654      0.00003014      0.00003105      0.90925081      0.00000870      0.00000878      0.00000883      0.00000907      0.00000947      0.00000969      0.00001388      0.00001530      0.00002606      0.00002625      0.00002626      0.00002633      0.00002645      0.00002657      0.00002995      0.00003122      0.90927588      0.00000870      0.00000878      0.00000883      0.00000907      0.00000947      0.00000969      0.00001388      0.00001531      0.00002606      0.00002625      0.00002626      0.00002633      0.00002645      0.00002657      0.00002995      0.00003121      0.90916267
      0.38775510      0.11238206      0.11242765      0.11239144      0.11241940      0.88824344      0.88829027      0.88832675      0.88820619      0.00000893      0.00000901      0.00000906      0.00000931      0.00000972      0.00000994      0.00001424      0.00001571      0.00002675      0.00002694      0.00002695      0.00002702      0.00002715      0.00002727      0.00003073      0.00003203      0.11207129      0.00000893      0.00000901      0.00000907      0.00000931      0.00000972      0.00000994      0.00001425      0.00001570      0.00002675      0.00002694      0.00002695      0.00002702      0.00002715      0.00002727      0.00003073      0.00003203      0.11211689      0.00000895      0.00000904      0.00000910      0.00000934      0.00000947      0.00000990      0.00001465      0.00001523      0.00002680      0.00002694      0.00002697      0.00002701      0.00002714      0.00002723      0.00003092      0.00003187      0.11208088      0.00000895      0.00000904      0.00000910      0.00000934      0.00000947      0.00000990      0.00001464      0.00001523      0.00002681      0.00002694      0.00002697      0.00002701      0.00002714      0.00002723      0.00003093      0.00003187      0.11210883      0.00000895      0.00000904      0.00000910      0.00000934      0.00000947      0.00000990      0.00001465      0.00001524      0.00002681      0.00002694      0.00002697      0.00002701      0.00002714      0.00002723      0.00003094      0.00003187      0.88793284      0.00000895      0.00000904      0.00000910      0.00000934      0.00000947      0.00000990      0.00001466      0.00001523      0.00002681      0.00002694      0.00002697      0.00002701      0.00002714      0.00002723      0.00003093      0.00003187      0.88797968      0.00000893      0.00000901      0.00000907      0.00000931      0.00000972      0.00000994      0.00001425      0.00001570      0.00002675      0.00002694      0.00002695      0.00002702      0.00002715      0.00002727      0.00003073      0.00003204      0.88801596      0.00000893      0.00000901      0.00000907      0.00000931      0.00000972      0.00000995      0.00001425      0.00001571      0.00002675      0.00002694      0.00002695      0.00002702      0.00002715      0.00002727      0.00003074      0.00003203      0.88789539
      0.40816327      0.14037805      0.14039400      0.14033995      0.14043330      0.86029267      0.86030762      0.86036294      0.86023673      0.00000912      0.00000921      0.00000926      0.00000951      0.00000993      0.00001016      0.00001455      0.00001604      0.00002732      0.00002752      0.00002753      0.00002760      0.00002773      0.00002786      0.00003140      0.00003272      0.14006059      0.00000912      0.00000920      0.00000926      0.00000951      0.00000993      0.00001016      0.00001455      0.00001604      0.00002732      0.00002752      0.00002753      0.00002760      0.00002773      0.00002786      0.00003139      0.00003272      0.14007654      0.00000914      0.00000923      0.00000930      0.00000954      0.00000967      0.00001012      0.00001497      0.00001556      0.00002738      0.00002752      0.00002755      0.00002759      0.00002772      0.00002782      0.00003159      0.00003255      0.14002270      0.00000914      0.00000923      0.00000930      0.00000954      0.00000967      0.00001012      0.00001496      0.00001556      0.00002738      0.00002752      0.00002755      0.00002759      0.00002772      0.00002782      0.00003160      0.00003255      0.14011604      0.00000914      0.00000923      0.00000930      0.00000954      0.00000967      0.00001012      0.00001497      0.00001556      0.00002738      0.00002752      0.00002755      0.00002759      0.00002772      0.00002782      0.00003160      0.00003255      0.85997539      0.00000914      0.00000923      0.00000930      0.00000954      0.00000967      0.00001012      0.00001497      0.00001556      0.00002738      0.00002752      0.00002755      0.00002759      0.00002772      0.00002782      0.00003159      0.00003256      0.85999035      0.00000913      0.00000921      0.00000926      0.00000951      0.00000993      0.00001016      0.00001456      0.00001604      0.00002732      0.00002752      0.00002753      0.00002760      0.00002773      0.00002786      0.00003139      0.00003273      0.86004546      0.00000912      0.00000921      0.00000926      0.00000951      0.00000993      0.00001016      0.00001455      0.00001605      0.00002732      0.00002752      0.00002753      0.00002760      0.00002773      0.00002786      0.00003140      0.00003272      0.85991924
      0.42857143      0.17900936      0.17897085      0.17888593      0.17909558      0.82173010      0.82168531      0.82177500      0.82164007      0.00000928      0.00000936      0.00000942      0.00000967      0.00001010      0.00001033      0.00001480      0.00001632      0.00002779      0.00002799      0.00002800      0.00002807      0.00002820      0.00002833      0.00003193      0.00003327      0.17868651      0.00000928      0.00000936      0.00000942      0.00000967      0.00001010      0.00001033      0.00001480      0.00001631      0.00002779      0.00002799      0.00002800      0.00002807      0.00002820      0.00002833      0.00003192      0.00003328      0.17864800      0.00000930      0.00000939      0.00000946      0.00000970      0.00000984      0.00001029      0.00001522      0.00001582      0.00002785      0.00002799      0.00002802      0.00002806      0.00002819      0.00002829      0.00003212      0.00003311      0.17856330      0.00000930      0.00000939      0.00000946      0.00000970      0.00000984      0.00001029      0.00001521      0.00001583      0.00002785      0.00002799      0.00002802      0.00002806      0.00002819      0.00002829      0.00003213      0.00003310      0.17877294      0.00000930      0.00000939      0.00000946      0.00000971      0.00000984      0.00001029      0.00001522      0.00001583      0.00002785      0.00002799      0.00002802      0.00002806      0.00002819      0.00002829      0.00003214      0.00003311      0.82140744      0.00000930      0.00000939      0.00000946      0.00000970      0.00000984      0.00001029      0.00001523      0.00001582      0.00002785      0.00002799      0.00002802      0.00002806      0.00002819      0.00002829      0.00003213      0.00003311      0.82136265      0.00000928      0.00000936      0.00000942      0.00000967      0.00001010      0.00001033      0.00001480      0.00001631      0.00002779      0.00002799      0.00002800      0.00002807      0.00002820      0.00002833      0.00003193      0.00003328      0.82145213      0.00000928      0.00000936      0.00000942      0.00000967      0.00001010      0.00001033      0.00001480      0.00001632      0.00002779      0.00002799      0.00002800      0.00002807      0.00002821      0.00002833      0.00003193      0.00003328      0.82131720
      0.44897959      0.23493967      0.23480976      0.23466841      0.23508255      0.76590644      0.76575724      0.76591378      0.76574999      0.00000940      0.00000948      0.00000954      0.00000980      0.00001022      0.00001046      0.00001498      0.00001652      0.00002814      0.00002834      0.00002835      0.00002842      0.00002856      0.00002869      0.00003233      0.00003369      0.23461276      0.00000940      0.00000948      0.00000954      0.00000980      0.00001022      0.00001046      0.00001499      0.00001651      0.00002814      0.00002834      0.00002835      0.00002842      0.00002856      0.00002869      0.00003233      0.00003370      0.23448286      0.00000941      0.00000950      0.00000957      0.00000982      0.00000996      0.00001042      0.00001541      0.00001602      0.00002820      0.00002834      0.00002837      0.00002841      0.00002855      0.00002865      0.00003253      0.00003352      0.23434172      0.00000941      0.00000950      0.00000958      0.00000983      0.00000996      0.00001042      0.00001541      0.00001602      0.00002820      0.00002834      0.00002837      0.00002841      0.00002855      0.00002865      0.00003254      0.00003352      0.23475585      0.00000941      0.00000951      0.00000958      0.00000983      0.00000996      0.00001042      0.00001541      0.00001603      0.00002820      0.00002834      0.00002837      0.00002841      0.00002855      0.00002865      0.00003254      0.00003352      0.76557972      0.00000941      0.00000950      0.00000958      0.00000983      0.00000996      0.00001042      0.00001542      0.00001602      0.00002820      0.00002834      0.00002837      0.00002841      0.00002855      0.00002865      0.00003253      0.00003352      0.76543053      0.00000940      0.00000948      0.00000954      0.00000980      0.00001022      0.00001046      0.00001499      0.00001652      0.00002814      0.00002834      0.00002835      0.00002842      0.00002856      0.00002869      0.00003233      0.00003370      0.76558686      0.00000940      0.00000948      0.00000954      0.00000980      0.00001022      0.00001046      0.00001499      0.00001653      0.00002814      0.00002834      0.00002835      0.00002842      0.00002856      0.00002869      0.00003233      0.00003370      0.76542306
      0.46938776      0.31791822      0.31765967      0.31742026      0.31815945      0.68307704      0.68276985      0.68305022      0.68279709      0.00000947      0.00000956      0.00000961      0.00000988      0.00001031      0.00001055      0.00001511      0.00001666      0.00002837      0.00002857      0.00002859      0.00002866      0.00002880      0.00002892      0.00003260      0.00003397      0.31758859      0.00000947      0.00000956      0.00000962      0.00000988      0.00001031      0.00001055      0.00001511      0.00001665      0.00002837      0.00002857      0.00002858      0.00002866      0.00002880      0.00002892      0.00003259      0.00003398      0.31733005      0.00000949      0.00000958      0.00000965      0.00000991      0.00001004      0.00001050      0.00001554      0.00001615      0.00002843      0.00002858      0.00002861      0.00002865      0.00002878      0.00002889      0.00003280      0.00003380      0.31709085      0.00000949      0.00000958      0.00000966      0.00000991      0.00001004      0.00001050      0.00001554      0.00001616      0.00002843      0.00002858      0.00002860      0.00002865      0.00002878      0.00002889      0.00003281      0.00003380      0.31783004      0.00000949      0.00000958      0.00000966      0.00000991      0.00001004      0.00001050      0.00001554      0.00001616      0.00002843      0.00002858      0.00002860      0.00002865      0.00002878      0.00002889      0.00003281      0.00003380      0.68274761      0.00000949      0.00000958      0.00000965      0.00000991      0.00001004      0.00001050      0.00001554      0.00001615      0.00002843      0.00002858      0.00002861      0.00002865      0.00002878      0.00002889      0.00003280      0.00003380      0.68244043      0.00000947      0.00000956      0.00000962      0.00000988      0.00001031      0.00001055      0.00001511      0.00001665      0.00002837      0.00002857      0.00002858      0.00002866      0.00002880      0.00002892      0.00003260      0.00003398      0.68272059      0.00000947      0.00000956      0.00000962      0.00000988      0.00001031      0.00001055      0.00001511      0.00001666      0.00002837      0.00002857      0.00002859      0.00002866      0.00002880      0.00002892      0.00003260      0.00003397      0.68246746
      0.48979592      0.43399809      0.43362955      0.43327887      0.43435041      0.56713011      0.56667288      0.56710071      0.56670198      0.00000951      0.00000960      0.00000965      0.00000992      0.00001035      0.00001059      0.00001517      0.00001673      0.00002849      0.00002869      0.00002870      0.00002878      0.00002892      0.00002904      0.00003273      0.00003411      0.43366710      0.00000951      0.00000960      0.00000965      0.00000992      0.00001035      0.00001059      0.00001517      0.00001672      0.00002849      0.00002869      0.00002870      0.00002877      0.00002891      0.00002904      0.00003273      0.00003412      0.43329857      0.00000953      0.00000962      0.00000969      0.00000995      0.00001009      0.00001055      0.00001561      0.00001622      0.00002855      0.00002869      0.00002872      0.00002877      0.00002890      0.00002900      0.00003294      0.00003394      0.43294810      0.00000953      0.00000962      0.00000970      0.00000995      0.00001008      0.00001055      0.00001560      0.00001622      0.00002855      0.00002869      0.00002872      0.00002877      0.00002890      0.00002900      0.00003294      0.00003394      0.43401963      0.00000953      0.00000962      0.00000970      0.00000995      0.00001008      0.00001055      0.00001560      0.00001623      0.00002855      0.00002869      0.00002872      0.00002877      0.00002890      0.00002900      0.00003294      0.00003394      0.56679933      0.00000953      0.00000962      0.00000969      0.00000995      0.00001009      0.00001055      0.00001561      0.00001622      0.00002855      0.00002869      0.00002872      0.00002877      0.00002890      0.00002900      0.00003294      0.00003394      0.56634211      0.00000951      0.00000960      0.00000966      0.00000992      0.00001035      0.00001059      0.00001517      0.00001672      0.00002849      0.00002869      0.00002870      0.00002877      0.00002892      0.00002904      0.00003273      0.00003412      0.56676972      0.00000951      0.00000960      0.00000965      0.00000992      0.00001035      0.00001059      0.00001517      0.00001673      0.00002849      0.00002869      0.00002870      0.00002878      0.00002892      0.00002904      0.00003273      0.00003411      0.56637099
      0.51020408      0.56708511      0.56671676      0.56636541      0.56743719      0.43404292      0.43358596      0.43401269      0.43361413      0.00000951      0.00000960      0.00000965      0.00000992      0.00001035      0.00001059      0.00001517      0.00001673      0.00002849      0.00002869      0.00002870      0.00002878      0.00002892      0.00002904      0.00003273      0.00003411      0.56675412      0.00000951      0.00000960      0.00000966      0.00000992      0.00001035      0.00001059      0.00001517      0.00001672      0.00002849      0.00002869      0.00002870      0.00002877      0.00002892      0.00002904      0.00003273      0.00003412      0.56638577      0.00000953      0.00000962      0.00000969      0.00000995      0.00001009      0.00001055      0.00001561      0.00001622      0.00002855      0.00002869      0.00002872      0.00002877      0.00002890      0.00002900      0.00003294      0.00003394      0.56603464      0.00000953      0.00000962      0.00000970      0.00000995      0.00001008      0.00001055      0.00001560      0.00001623      0.00002855      0.00002869      0.00002872      0.00002877      0.00002890      0.00002900      0.00003294      0.00003394      0.56710641      0.00000953      0.00000962      0.00000970      0.00000995      0.00001008      0.00001055      0.00001560      0.00001622      0.00002855      0.00002869      0.00002872      0.00002877      0.00002890      0.00002900      0.00003294      0.00003394      0.43371215      0.00000953      0.00000962      0.00000969      0.00000995      0.00001009      0.00001055      0.00001561      0.00001622      0.00002855      0.00002869      0.00002872      0.00002877      0.00002890      0.00002900      0.00003294      0.00003394      0.43325519      0.00000951      0.00000960      0.00000965      0.00000992      0.00001035      0.00001059      0.00001517      0.00001672      0.00002849      0.00002869      0.00002870      0.00002877      0.00002891      0.00002904      0.00003273      0.00003412      0.43368170      0.00000951      0.00000960      0.00000965      0.00000992      0.00001035      0.00001059      0.00001517      0.00001673      0.00002849      0.00002869      0.00002870      0.00002878      0.00002892      0.00002904      0.00003273      0.00003411      0.43328314
      0.53061224      0.68305187      0.68279388      0.68255318      0.68329311      0.31794275      0.31763636      0.31791447      0.31766186      0.00000947      0.00000956      0.00000962      0.00000988      0.00001031      0.00001055      0.00001511      0.00001666      0.00002837      0.00002857      0.00002859      0.00002866      0.00002880      0.00002892      0.00003260      0.00003397      0.68272223      0.00000947      0.00000956      0.00000962      0.00000988      0.00001031      0.00001055      0.00001511      0.00001665      0.00002837      0.00002857      0.00002858      0.00002866      0.00002880      0.00002892      0.00003260      0.00003398      0.68246425      0.00000949      0.00000958      0.00000965      0.00000991      0.00001004      0.00001050      0.00001554      0.00001615      0.00002843      0.00002858      0.00002861      0.00002865      0.00002878      0.00002889      0.00003280      0.00003380      0.68222376      0.00000949      0.00000958      0.00000966      0.00000991      0.00001004      0.00001050      0.00001554      0.00001616      0.00002843      0.00002858      0.00002860      0.00002865      0.00002878      0.00002889      0.00003281      0.00003380      0.68296368      0.00000949      0.00000958      0.00000966      0.00000991      0.00001004      0.00001050      0.00001554      0.00001616      0.00002843      0.00002858      0.00002860      0.00002865      0.00002878      0.00002889      0.00003281      0.00003380      0.31761333      0.00000949      0.00000958      0.00000965      0.00000991      0.00001004      0.00001050      0.00001554      0.00001615      0.00002843      0.00002858      0.00002861      0.00002865      0.00002878      0.00002889      0.00003280      0.00003380      0.31730695      0.00000947      0.00000956      0.00000962      0.00000988      0.00001031      0.00001055      0.00001511      0.00001665      0.00002837      0.00002857      0.00002858      0.00002866      0.00002880      0.00002892      0.00003259      0.00003398      0.31758485      0.00000947      0.00000956      0.00000961      0.00000988      0.00001031      0.00001055      0.00001511      0.00001666      0.00002837      0.00002857      0.00002859      0.00002866      0.00002880      0.00002892      0.00003260      0.00003397      0.31733223
      0.55102041      0.76589573      0.76576675      0.76562395      0.76603934      0.23494921      0.23480136      0.23495553      0.23479260      0.00000940      0.00000948      0.00000954      0.00000980      0.00001022      0.00001046      0.00001499      0.00001653      0.00002814      0.00002834      0.00002835      0.00002842      0.00002856      0.00002869      0.00003233      0.00003370      0.76556880      0.00000940      0.00000948      0.00000954      0.00000980      0.00001022      0.00001046      0.00001499      0.00001652      0.00002814      0.00002834      0.00002835      0.00002842      0.00002856      0.00002869      0.00003233      0.00003370      0.76543983      0.00000941      0.00000950      0.00000958      0.00000983      0.00000996      0.00001042      0.00001542      0.00001602      0.00002820      0.00002834      0.00002837      0.00002841      0.00002855      0.00002865      0.00003253      0.00003352      0.76529725      0.00000941      0.00000951      0.00000958      0.00000983      0.00000996      0.00001042      0.00001541      0.00001603      0.00002820      0.00002834      0.00002837      0.00002841      0.00002855      0.00002865      0.00003254      0.00003352      0.76571262      0.00000941      0.00000950      0.00000958      0.00000983      0.00000996      0.00001042      0.00001541      0.00001602      0.00002820      0.00002834      0.00002837      0.00002841      0.00002855      0.00002865      0.00003254      0.00003352      0.23462251      0.00000941      0.00000950      0.00000957      0.00000982      0.00000996      0.00001042      0.00001541      0.00001602      0.00002820      0.00002834      0.00002837      0.00002841      0.00002855      0.00002865      0.00003253      0.00003352      0.23447467      0.00000940      0.00000948      0.00000954      0.00000980      0.00001022      0.00001046      0.00001499      0.00001651      0.00002814      0.00002834      0.00002835      0.00002842      0.00002856      0.00002869      0.00003233      0.00003370      0.23462863      0.00000940      0.00000948      0.00000954      0.00000980      0.00001022      0.00001046      0.00001498      0.00001652      0.00002814      0.00002834      0.00002835      0.00002842      0.00002856      0.00002869      0.00003233      0.00003369      0.23446569
      0.57142857      0.82172570      0.82168848      0.82160189      0.82181329      0.17901208      0.17896921      0.17905653      0.17892279      0.00000928      0.00000936      0.00000942      0.00000967      0.00001010      0.00001033      0.00001480      0.00001632      0.00002779      0.00002799      0.00002800      0.00002807      0.00002821      0.00002833      0.00003193      0.00003328      0.82140283      0.00000928      0.00000936      0.00000942      0.00000967      0.00001010      0.00001033      0.00001480      0.00001631      0.00002779      0.00002799      0.00002800      0.00002807      0.00002820      0.00002833      0.00003193      0.00003328      0.82136562      0.00000930      0.00000939      0.00000946      0.00000970      0.00000984      0.00001029      0.00001523      0.00001582      0.00002785      0.00002799      0.00002802      0.00002806      0.00002819      0.00002829      0.00003213      0.00003311      0.82127923      0.00000930      0.00000939      0.00000946      0.00000971      0.00000984      0.00001029      0.00001522      0.00001583      0.00002785      0.00002799      0.00002802      0.00002806      0.00002819      0.00002829      0.00003214      0.00003311      0.82149063      0.00000930      0.00000939      0.00000946      0.00000970      0.00000984      0.00001029      0.00001521      0.00001583      0.00002785      0.00002799      0.00002802      0.00002806      0.00002819      0.00002829      0.00003213      0.00003310      0.17868944      0.00000930      0.00000939      0.00000946      0.00000970      0.00000984      0.00001029      0.00001522      0.00001582      0.00002785      0.00002799      0.00002802      0.00002806      0.00002819      0.00002829      0.00003212      0.00003311      0.17864657      0.00000928      0.00000936      0.00000942      0.00000967      0.00001010      0.00001033      0.00001480      0.00001631      0.00002779      0.00002799      0.00002800      0.00002807      0.00002820      0.00002833      0.00003192      0.00003328      0.17873368      0.00000928      0.00000936      0.00000942      0.00000967      0.00001010      0.00001033      0.00001480      0.00001632      0.00002779      0.00002799      0.00002800      0.00002807      0.00002820      0.00002833      0.00003193      0.00003327      0.17859994
      0.59183673      0.86029074      0.86030834      0.86025226      0.86034789      0.14037782      0.14039529      0.14044807      0.14032339      0.00000912      0.00000921      0.00000926      0.00000951      0.00000993      0.00001016      0.00001455      0.00001605      0.00002732      0.00002752      0.00002753      0.00002760      0.00002773      0.00002786      0.00003140      0.00003272      0.85997325      0.00000913      0.00000921      0.00000926      0.00000951      0.00000993      0.00001016      0.00001456      0.00001604      0.00002732      0.00002752      0.00002753      0.00002760      0.00002773      0.00002786      0.00003139      0.00003273      0.85999086      0.00000914      0.00000923      0.00000930      0.00000954      0.00000967      0.00001012      0.00001497      0.00001556      0.00002738      0.00002752      0.00002755      0.00002759      0.00002772      0.00002782      0.00003159      0.00003256      0.85993498      0.00000914      0.00000923      0.00000930      0.00000954      0.00000967      0.00001012      0.00001497      0.00001556      0.00002738      0.00002752      0.00002755      0.00002759      0.00002772      0.00002782      0.00003160      0.00003255      0.86003061      0.00000914      0.00000923      0.00000930      0.00000954      0.00000967      0.00001012      0.00001496      0.00001556      0.00002738      0.00002752      0.00002755      0.00002759      0.00002772      0.00002782      0.00003160      0.00003255      0.14006057      0.00000914      0.00000923      0.00000930      0.00000954      0.00000967      0.00001012      0.00001497      0.00001556      0.00002738      0.00002752      0.00002755      0.00002759      0.00002772      0.00002782      0.00003159      0.00003255      0.14007804      0.00000912      0.00000920      0.00000926      0.00000951      0.00000993      0.00001016      0.00001455      0.00001604      0.00002732      0.00002752      0.00002753      0.00002760      0.00002773      0.00002786      0.00003139      0.00003272      0.14013061      0.00000912      0.00000921      0.00000926      0.00000951      0.00000993      0.00001016      0.00001455      0.00001604      0.00002732      0.00002752      0.00002753      0.00002760      0.00002773      0.00002786      0.00003140      0.00003272      0.14000593
      0.61224490      0.88824247      0.88829006      0.88825141      0.88828221      0.11238039      0.11243036      0.11246401      0.11234529      0.00000893      0.00000901      0.00000907      0.00000931      0.00000972      0.00000995      0.00001425      0.00001571      0.00002675      0.00002694      0.00002695      0.00002702      0.00002715      0.00002727      0.00003074      0.00003203      0.88793167      0.00000893      0.00000901      0.00000907      0.00000931      0.00000972      0.00000994      0.00001425      0.00001570      0.00002675      0.00002694      0.00002695      0.00002702      0.00002715      0.00002727      0.00003073      0.00003204      0.88797927      0.00000895      0.00000904      0.00000910      0.00000934      0.00000947      0.00000990      0.00001466      0.00001523      0.00002681      0.00002694      0.00002697      0.00002701      0.00002714      0.00002723      0.00003093      0.00003187      0.88794082      0.00000895      0.00000904      0.00000910      0.00000934      0.00000947      0.00000990      0.00001465      0.00001524      0.00002681      0.00002694      0.00002697      0.00002701      0.00002714      0.00002723      0.00003094      0.00003187      0.88797161      0.00000895      0.00000904      0.00000910      0.00000934      0.00000947      0.00000990      0.00001464      0.00001523      0.00002681      0.00002694      0.00002697      0.00002701      0.00002714      0.00002723      0.00003093      0.00003187      0.11206982      0.00000895      0.00000904      0.00000910      0.00000934      0.00000947      0.00000990      0.00001465      0.00001523      0.00002680      0.00002694      0.00002697      0.00002701      0.00002714      0.00002723      0.00003092      0.00003187      0.11211980      0.00000893      0.00000901      0.00000907      0.00000931      0.00000972      0.00000994      0.00001425      0.00001570      0.00002675      0.00002694      0.00002695      0.00002702      0.00002715      0.00002727      0.00003073      0.00003203      0.11215324      0.00000893      0.00000901      0.00000906      0.00000931      0.00000972      0.00000994      0.00001424      0.00001571      0.00002675      0.00002694      0.00002695      0.00002702      0.00002715      0.00002727      0.00003073      0.00003203      0.11203452
      0.63265306      0.90949103      0.90955289      0.90952492      0.90952008      0.09109968      0.09116526      0.09118734      0.09107628      0.00000870      0.00000878      0.00000883      0.00000907      0.00000947      0.00000969      0.00001388      0.00001531      0.00002606      0.00002625      0.00002626      0.00002633      0.00002645      0.00002657      0.00002995      0.00003121      0.90918819      0.00000870      0.00000878      0.00000883      0.00000907      0.00000947      0.00000969      0.00001388      0.00001530      0.00002606      0.00002625      0.00002626      0.00002633      0.00002645      0.00002657      0.00002995      0.00003122      0.90925007      0.00000872      0.00000880      0.00000887      0.00000910      0.00000923      0.00000965      0.00001428      0.00001484      0.00002612      0.00002625      0.00002628      0.00002632      0.00002644      0.00002654      0.00003014      0.00003105      0.90922229      0.00000872      0.00000880      0.00000887      0.00000910      0.00000923      0.00000965      0.00001428      0.00001485      0.00002612      0.00002625      0.00002628      0.00002632      0.00002644      0.00002654      0.00003014      0.00003105      0.90921744      0.00000872      0.00000880      0.00000887      0.00000910      0.00000923      0.00000965      0.00001427      0.00001484      0.00002612      0.00002625      0.00002628      0.00002632      0.00002644      0.00002654      0.00003014      0.00003105      0.09079707      0.00000872      0.00000880      0.00000887      0.00000910      0.00000923      0.00000965      0.00001427      0.00001484      0.00002612      0.00002625      0.00002628      0.00002632      0.00002644      0.00002654      0.00003013      0.00003105      0.09086266      0.00000870      0.00000878      0.00000883      0.00000907      0.00000947      0.00000969      0.00001388      0.00001529      0.00002606      0.00002625      0.00002626      0.00002633      0.00002645      0.00002657      0.00002994      0.00003121      0.09088454      0.00000870      0.00000878      0.00000883      0.00000907      0.00000947      0.00000969      0.00001388      0.00001530      0.00002606      0.00002625      0.00002626      0.00002633      0.00002645      0.00002657      0.00002995      0.00003121      0.09077347
      0.65306122      0.92631985      0.92638588      0.92636492      0.92634187      0.07424635      0.07431697      0.07433146      0.07423064      0.00000844      0.00000851      0.00000856      0.00000880      0.00000918      0.00000940      0.00001346      0.00001485      0.00002527      0.00002545      0.00002546      0.00002553      0.00002565      0.00002576      0.00002904      0.00003027      0.92602623      0.00000844      0.00000851      0.00000856      0.00000880      0.00000918      0.00000939      0.00001346      0.00001484      0.00002527      0.00002545      0.00002546      0.00002553      0.00002565      0.00002576      0.00002903      0.00003027      0.92609227      0.00000845      0.00000854      0.00000860      0.00000882      0.00000895      0.00000936      0.00001385      0.00001439      0.00002532      0.00002545      0.00002548      0.00002552      0.00002564      0.00002573      0.00002922      0.00003011      0.92607150      0.00000845      0.00000854      0.00000860      0.00000883      0.00000895      0.00000936      0.00001384      0.00001439      0.00002533      0.00002545      0.00002548      0.00002552      0.00002564      0.00002573      0.00002923      0.00003011      0.92604843      0.00000845      0.00000854      0.00000860      0.00000882      0.00000894      0.00000936      0.00001383      0.00001439      0.00002532      0.00002545      0.00002548      0.00002552      0.00002564      0.00002573      0.00002922      0.00003010      0.07395294      0.00000845      0.00000854      0.00000860      0.00000882      0.00000895      0.00000936      0.00001384      0.00001439      0.00002532      0.00002545      0.00002548      0.00002552      0.00002564      0.00002573      0.00002921      0.00003011      0.07402358      0.00000844      0.00000851      0.00000856      0.00000880      0.00000918      0.00000939      0.00001346      0.00001483      0.00002527      0.00002545      0.00002546      0.00002552      0.00002565      0.00002576      0.00002903      0.00003026      0.07403787      0.00000844      0.00000851      0.00000856      0.00000880      0.00000918      0.00000939      0.00001346      0.00001484      0.00002527      0.00002545      0.00002546      0.00002552      0.00002565      0.00002576      0.00002904      0.00003026      0.07393705
      0.67346939      0.94009478      0.94015832      0.94014228      0.94011184      0.06045106      0.06051988      0.06052902      0.06044078      0.00000814      0.00000821      0.00000826      0.00000849      0.00000886      0.00000906      0.00001298      0.00001432      0.00002437      0.00002455      0.00002456      0.00002462      0.00002474      0.00002485      0.00002801      0.00002919      0.93981157      0.00000814      0.00000821      0.00000826      0.00000849      0.00000886      0.00000906      0.00001298      0.00001431      0.00002437      0.00002455      0.00002456      0.00002462      0.00002474      0.00002485      0.00002800      0.00002920      0.93987512      0.00000815      0.00000823      0.00000829      0.00000851      0.00000863      0.00000903      0.00001336      0.00001388      0.00002443      0.00002455      0.00002458      0.00002461      0.00002473      0.00002482      0.00002818      0.00002904      0.93985926      0.00000815      0.00000823      0.00000830      0.00000851      0.00000863      0.00000902      0.00001335      0.00001388      0.00002443      0.00002455      0.00002457      0.00002461      0.00002473      0.00002482      0.00002819      0.00002904      0.93982882      0.00000815      0.00000823      0.00000829      0.00000851      0.00000863      0.00000902      0.00001334      0.00001388      0.00002443      0.00002455      0.00002457      0.00002461      0.00002473      0.00002482      0.00002818      0.00002904      0.06016807      0.00000815      0.00000823      0.00000829      0.00000851      0.00000863      0.00000902      0.00001335      0.00001388      0.00002442      0.00002455      0.00002457      0.00002461      0.00002473      0.00002482      0.00002817      0.00002904      0.06023690      0.00000814      0.00000821      0.00000826      0.00000849      0.00000886      0.00000906      0.00001298      0.00001430      0.00002437      0.00002455      0.00002456      0.00002462      0.00002474      0.00002485      0.00002800      0.00002919      0.06024585      0.00000814      0.00000821      0.00000826      0.00000849      0.00000886      0.00000906      0.00001298      0.00001431      0.00002437      0.00002455      0.00002456      0.00002462      0.00002474      0.00002485      0.00002801      0.00002918      0.06015760
      0.69387755      0.95164525      0.95170202      0.95168966      0.95165858      0.04888204      0.04894469      0.04894986      0.04887580      0.00000781      0.00000788      0.00000792      0.00000814      0.00000849      0.00000869      0.00001245      0.00001373      0.00002338      0.00002355      0.00002355      0.00002361      0.00002373      0.00002383      0.00002686      0.00002800      0.95137362      0.00000781      0.00000788      0.00000792      0.00000814      0.00000849      0.00000869      0.00001245      0.00001372      0.00002338      0.00002354      0.00002355      0.00002361      0.00002373      0.00002383      0.00002686      0.00002800      0.95143040      0.00000782      0.00000790      0.00000796      0.00000816      0.00000828      0.00000866      0.00001281      0.00001331      0.00002343      0.00002355      0.00002357      0.00002361      0.00002372      0.00002380      0.00002703      0.00002785      0.95141822      0.00000782      0.00000790      0.00000796      0.00000817      0.00000827      0.00000866      0.00001281      0.00001332      0.00002343      0.00002355      0.00002357      0.00002361      0.00002372      0.00002380      0.00002704      0.00002785      0.95138712      0.00000782      0.00000790      0.00000796      0.00000816      0.00000827      0.00000865      0.00001280      0.00001331      0.00002343      0.00002355      0.00002357      0.00002361      0.00002372      0.00002380      0.00002703      0.00002785      0.04861062      0.00000782      0.00000790      0.00000795      0.00000816      0.00000828      0.00000866      0.00001280      0.00001331      0.00002343      0.00002355      0.00002357      0.00002361      0.00002372      0.00002380      0.00002702      0.00002785      0.04867328      0.00000781      0.00000787      0.00000792      0.00000814      0.00000849      0.00000869      0.00001245      0.00001372      0.00002338      0.00002354      0.00002355      0.00002361      0.00002373      0.00002383      0.00002686      0.00002799      0.04867827      0.00000781      0.00000788      0.00000792      0.00000814      0.00000849      0.00000869      0.00001245      0.00001372      0.00002338      0.00002354      0.00002355      0.00002361      0.00002373      0.00002383      0.00002686      0.00002799      0.04860421
      0.71428571      0.96146561      0.96151322      0.96150380      0.96147595      0.03904317      0.03909712      0.03909926      0.03904002      0.00000744      0.00000751      0.00000755      0.00000776      0.00000810      0.00000829      0.00001187      0.00001309      0.00002228      0.00002244      0.00002245      0.00002251      0.00002262      0.00002272      0.00002561      0.00002669      0.96120668      0.00000744      0.00000751      0.00000755      0.00000776      0.00000810      0.00000828      0.00001187      0.00001308      0.00002228      0.00002244      0.00002245      0.00002251      0.00002262      0.00002272      0.00002560      0.00002669      0.96125430      0.00000746      0.00000753      0.00000758      0.00000778      0.00000789      0.00000825      0.00001221      0.00001269      0.00002233      0.00002245      0.00002247      0.00002250      0.00002261      0.00002269      0.00002577      0.00002655      0.96124505      0.00000746      0.00000753      0.00000758      0.00000778      0.00000789      0.00000825      0.00001221      0.00001269      0.00002233      0.00002245      0.00002247      0.00002250      0.00002261      0.00002269      0.00002577      0.00002655      0.96121719      0.00000746      0.00000753      0.00000758      0.00000778      0.00000789      0.00000825      0.00001220      0.00001269      0.00002233      0.00002245      0.00002247      0.00002250      0.00002261      0.00002269      0.00002577      0.00002655      0.03878444      0.00000746      0.00000753      0.00000758      0.00000778      0.00000789      0.00000825      0.00001220      0.00001269      0.00002233      0.00002244      0.00002247      0.00002250      0.00002261      0.00002269      0.00002576      0.00002655      0.03883840      0.00000744      0.00000751      0.00000755      0.00000776      0.00000810      0.00000828      0.00001187      0.00001308      0.00002228      0.00002244      0.00002245      0.00002251      0.00002262      0.00002272      0.00002560      0.00002668      0.03884037      0.00000744      0.00000751      0.00000755      0.00000776      0.00000810      0.00000828      0.00001187      0.00001308      0.00002228      0.00002244      0.00002245      0.00002251      0.00002262      0.00002272      0.00002560      0.00002668      0.03878112
      0.73469388      0.96982892      0.96986665      0.96985965      0.96983679      0.03065988      0.03070420      0.03070406      0.03065908      0.00000705      0.00000711      0.00000715      0.00000735      0.00000767      0.00000785      0.00001124      0.00001240      0.00002110      0.00002125      0.00002126      0.00002131      0.00002142      0.00002151      0.00002425      0.00002527      0.96958375      0.00000705      0.00000711      0.00000715      0.00000735      0.00000767      0.00000784      0.00001124      0.00001239      0.00002110      0.00002125      0.00002126      0.00002131      0.00002142      0.00002151      0.00002424      0.00002527      0.96962149      0.00000706      0.00000713      0.00000718      0.00000737      0.00000747      0.00000781      0.00001156      0.00001201      0.00002114      0.00002125      0.00002127      0.00002131      0.00002141      0.00002148      0.00002440      0.00002514      0.96961465      0.00000706      0.00000713      0.00000718      0.00000737      0.00000747      0.00000781      0.00001156      0.00001202      0.00002115      0.00002125      0.00002127      0.00002131      0.00002141      0.00002148      0.00002440      0.00002514      0.96959178      0.00000706      0.00000713      0.00000718      0.00000737      0.00000747      0.00000781      0.00001155      0.00001202      0.00002115      0.00002125      0.00002127      0.00002131      0.00002141      0.00002148      0.00002440      0.00002514      0.03041490      0.00000706      0.00000713      0.00000718      0.00000737      0.00000747      0.00000781      0.00001155      0.00001201      0.00002114      0.00002125      0.00002127      0.00002131      0.00002141      0.00002148      0.00002439      0.00002514      0.03045922      0.00000705      0.00000711      0.00000715      0.00000735      0.00000767      0.00000784      0.00001124      0.00001238      0.00002110      0.00002125      0.00002126      0.00002131      0.00002142      0.00002151      0.00002424      0.00002527      0.03045893      0.00000705      0.00000711      0.00000715      0.00000735      0.00000767      0.00000784      0.00001124      0.00001239      0.00002110      0.00002125      0.00002126      0.00002131      0.00002142      0.00002151      0.00002424      0.00002526      0.03041394
      0.75510204      0.97686830      0.97689683      0.97689180      0.97687414      0.02359784      0.02363285      0.02363115      0.02359867      0.00000662      0.00000668      0.00000672      0.00000690      0.00000721      0.00000737      0.00001056      0.00001165      0.00001983      0.00001997      0.00001998      0.00002003      0.00002013      0.00002022      0.00002279      0.00002375      0.97663790      0.00000662      0.00000668      0.00000672      0.00000690      0.00000721      0.00000737      0.00001056      0.00001164      0.00001983      0.00001997      0.00001998      0.00002003      0.00002013      0.00002022      0.00002278      0.00002375      0.97666644      0.00000663      0.00000670      0.00000675      0.00000692      0.00000702      0.00000734      0.00001086      0.00001129      0.00001987      0.00001997      0.00001999      0.00002002      0.00002012      0.00002019      0.00002293      0.00002362      0.97666156      0.00000663      0.00000670      0.00000675      0.00000693      0.00000702      0.00000734      0.00001086      0.00001129      0.00001987      0.00001997      0.00001999      0.00002002      0.00002012      0.00002019      0.00002293      0.00002362      0.97664389      0.00000663      0.00000670      0.00000675      0.00000692      0.00000702      0.00000734      0.00001086      0.00001129      0.00001987      0.00001997      0.00001999      0.00002002      0.00002012      0.00002019      0.00002293      0.00002362      0.02336762      0.00000663      0.00000670      0.00000675      0.00000692      0.00000702      0.00000734      0.00001086      0.00001129      0.00001987      0.00001997      0.00001999      0.00002002      0.00002012      0.00002019      0.00002292      0.00002362      0.02340264      0.00000662      0.00000668      0.00000672      0.00000690      0.00000720      0.00000737      0.00001056      0.00001164      0.00001983      0.00001997      0.00001998      0.00002003      0.00002013      0.00002022      0.00002278      0.00002374      0.02340079      0.00000662      0.00000668      0.00000672      0.00000690      0.00000720      0.00000737      0.00001056      0.00001164      0.00001983      0.00001997      0.00001998      0.00002003      0.00002013      0.00002021      0.00002278      0.00002374      0.02336830
      0.77551020      0.98265483      0.98267575      0.98267225      0.98265909      0.01778520      0.01781212      0.01780952      0.01778699      0.00000617      0.00000622      0.00000626      0.00000643      0.00000671      0.00000687      0.00000984      0.00001085      0.00001848      0.00001861      0.00001862      0.00001866      0.00001875      0.00001884      0.00002123      0.00002213      0.98244015      0.00000617      0.00000622      0.00000626      0.00000643      0.00000671      0.00000687      0.00000984      0.00001085      0.00001848      0.00001861      0.00001862      0.00001866      0.00001875      0.00001884      0.00002123      0.00002213      0.98246107      0.00000618      0.00000624      0.00000629      0.00000645      0.00000654      0.00000684      0.00001012      0.00001052      0.00001852      0.00001861      0.00001863      0.00001866      0.00001874      0.00001881      0.00002136      0.00002201      0.98245771      0.00000618      0.00000624      0.00000629      0.00000645      0.00000654      0.00000684      0.00001012      0.00001052      0.00001852      0.00001861      0.00001863      0.00001866      0.00001874      0.00001881      0.00002137      0.00002201      0.98244454      0.00000618      0.00000624      0.00000629      0.00000645      0.00000654      0.00000684      0.00001012      0.00001052      0.00001852      0.00001861      0.00001863      0.00001866      0.00001874      0.00001881      0.00002136      0.00002201      0.01757068      0.00000618      0.00000624      0.00000629      0.00000645      0.00000654      0.00000684      0.00001012      0.00001052      0.00001852      0.00001861      0.00001863      0.00001866      0.00001874      0.00001881      0.00002136      0.00002201      0.01759760      0.00000617      0.00000622      0.00000626      0.00000643      0.00000671      0.00000687      0.00000984      0.00001084      0.00001848      0.00001861      0.00001862      0.00001866      0.00001875      0.00001884      0.00002123      0.00002212      0.01759487      0.00000617      0.00000622      0.00000626      0.00000643      0.00000671      0.00000687      0.00000984      0.00001085      0.00001848      0.00001861      0.00001862      0.00001866      0.00001875      0.00001884      0.00002123      0.00002212      0.01757233
      0.79591837      0.98726914      0.98728427      0.98728186      0.98727225      0.01314119      0.01316155      0.01315864      0.01314337      0.00000569      0.00000574      0.00000578      0.00000594      0.00000619      0.00000634      0.00000908      0.00001001      0.00001705      0.00001717      0.00001718      0.00001722      0.00001730      0.00001738      0.00001959      0.00002042      0.98707106      0.00000569      0.00000574      0.00000578      0.00000594      0.00000619      0.00000634      0.00000908      0.00001001      0.00001705      0.00001717      0.00001718      0.00001722      0.00001730      0.00001738      0.00001959      0.00002042      0.98708620      0.00000570      0.00000576      0.00000580      0.00000595      0.00000604      0.00000631      0.00000934      0.00000971      0.00001708      0.00001717      0.00001719      0.00001721      0.00001730      0.00001736      0.00001971      0.00002031      0.98708392      0.00000570      0.00000576      0.00000580      0.00000595      0.00000603      0.00000631      0.00000934      0.00000971      0.00001708      0.00001717      0.00001719      0.00001721      0.00001730      0.00001736      0.00001972      0.00002031      0.98707429      0.00000570      0.00000576      0.00000580      0.00000595      0.00000603      0.00000631      0.00000933      0.00000971      0.00001708      0.00001717      0.00001719      0.00001721      0.00001730      0.00001736      0.00001971      0.00002031      0.01294325      0.00000570      0.00000576      0.00000580      0.00000595      0.00000603      0.00000631      0.00000933      0.00000971      0.00001708      0.00001717      0.00001719      0.00001721      0.00001730      0.00001736      0.00001971      0.00002031      0.01296362      0.00000569      0.00000574      0.00000578      0.00000593      0.00000619      0.00000634      0.00000908      0.00001000      0.00001705      0.00001717      0.00001718      0.00001722      0.00001730      0.00001738      0.00001959      0.00002041      0.01296058      0.00000569      0.00000574      0.00000578      0.00000593      0.00000619      0.00000634      0.00000908      0.00001001      0.00001705      0.00001717      0.00001718      0.00001722      0.00001730      0.00001738      0.00001959      0.00002041      0.01294531
      0.81632653      0.99084043      0.99085136      0.99084968      0.99084276      0.00953691      0.00955219      0.00954936      0.00953908      0.00000519      0.00000524      0.00000527      0.00000541      0.00000565      0.00000578      0.00000828      0.00000913      0.00001555      0.00001566      0.00001567      0.00001571      0.00001578      0.00001585      0.00001787      0.00001862      0.99065976      0.00000519      0.00000524      0.00000527      0.00000541      0.00000565      0.00000578      0.00000828      0.00000913      0.00001555      0.00001566      0.00001567      0.00001571      0.00001578      0.00001585      0.00001787      0.00001862      0.99067070      0.00000520      0.00000525      0.00000529      0.00000543      0.00000550      0.00000576      0.00000852      0.00000885      0.00001558      0.00001566      0.00001568      0.00001570      0.00001578      0.00001583      0.00001798      0.00001853      0.99066913      0.00000520      0.00000525      0.00000529      0.00000543      0.00000550      0.00000576      0.00000852      0.00000886      0.00001558      0.00001566      0.00001568      0.00001570      0.00001578      0.00001583      0.00001798      0.00001853      0.99066220      0.00000520      0.00000525      0.00000529      0.00000543      0.00000550      0.00000576      0.00000851      0.00000886      0.00001558      0.00001566      0.00001568      0.00001570      0.00001577      0.00001583      0.00001798      0.00001852      0.00935637      0.00000520      0.00000525      0.00000529      0.00000543      0.00000550      0.00000576      0.00000851      0.00000885      0.00001558      0.00001566      0.00001568      0.00001570      0.00001577      0.00001583      0.00001798      0.00001852      0.00937166      0.00000519      0.00000524      0.00000527      0.00000541      0.00000565      0.00000578      0.00000828      0.00000913      0.00001555      0.00001566      0.00001567      0.00001571      0.00001578      0.00001585      0.00001786      0.00001862      0.00936871      0.00000519      0.00000524      0.00000527      0.00000541      0.00000565      0.00000578      0.00000828      0.00000913      0.00001555      0.00001566      0.00001567      0.00001571      0.00001578      0.00001585      0.00001787      0.00001862      0.00935842
      0.83673469      0.99353982      0.99354771      0.99354648      0.99354163      0.00680176      0.00681313      0.00681062      0.00680368      0.00000467      0.00000471      0.00000474      0.00000487      0.00000508      0.00000520      0.00000745      0.00000822      0.00001399      0.00001409      0.00001409      0.00001413      0.00001420      0.00001426      0.00001607      0.00001675      0.99337731      0.00000467      0.00000471      0.00000474      0.00000487      0.00000508      0.00000520      0.00000745      0.00000821      0.00001399      0.00001409      0.00001409      0.00001413      0.00001420      0.00001426      0.00001607      0.00001675      0.99338520      0.00000468      0.00000472      0.00000476      0.00000488      0.00000495      0.00000518      0.00000766      0.00000796      0.00001402      0.00001409      0.00001410      0.00001412      0.00001419      0.00001424      0.00001617      0.00001666      0.99338408      0.00000468      0.00000472      0.00000476      0.00000488      0.00000495      0.00000518      0.00000766      0.00000797      0.00001402      0.00001409      0.00001410      0.00001412      0.00001419      0.00001424      0.00001618      0.00001666      0.99337922      0.00000468      0.00000472      0.00000476      0.00000488      0.00000495      0.00000518      0.00000766      0.00000797      0.00001402      0.00001409      0.00001410      0.00001412      0.00001419      0.00001424      0.00001617      0.00001666      0.00663936      0.00000468      0.00000472      0.00000476      0.00000488      0.00000495      0.00000518      0.00000766      0.00000796      0.00001402      0.00001409      0.00001410      0.00001412      0.00001419      0.00001424      0.00001617      0.00001666      0.00665074      0.00000467      0.00000471      0.00000474      0.00000487      0.00000508      0.00000520      0.00000745      0.00000821      0.00001399      0.00001409      0.00001409      0.00001413      0.00001420      0.00001426      0.00001607      0.00001675      0.00664813      0.00000467      0.00000471      0.00000474      0.00000487      0.00000508      0.00000520      0.00000745      0.00000821      0.00001399      0.00001409      0.00001409      0.00001413      0.00001420      0.00001426      0.00001607      0.00001675      0.00664118
      0.85714286      0.99554805      0.99555368      0.99555275      0.99554949      0.00475549      0.00476386      0.00476176      0.00475707      0.00000413      0.00000417      0.00000419      0.00000431      0.00000449      0.00000460      0.00000659      0.00000726      0.00001237      0.00001246      0.00001246      0.00001249      0.00001255      0.00001261      0.00001421      0.00001481      0.99540435      0.00000413      0.00000417      0.00000419      0.00000431      0.00000449      0.00000460      0.00000659      0.00000726      0.00001237      0.00001246      0.00001246      0.00001249      0.00001255      0.00001261      0.00001421      0.00001481      0.99540999      0.00000414      0.00000418      0.00000421      0.00000432      0.00000438      0.00000458      0.00000677      0.00000704      0.00001239      0.00001246      0.00001247      0.00001249      0.00001255      0.00001259      0.00001430      0.00001473      0.99540915      0.00000414      0.00000418      0.00000421      0.00000432      0.00000438      0.00000458      0.00000678      0.00000704      0.00001239      0.00001246      0.00001247      0.00001249      0.00001255      0.00001259      0.00001430      0.00001473      0.99540589      0.00000414      0.00000418      0.00000421      0.00000432      0.00000438      0.00000458      0.00000677      0.00000704      0.00001239      0.00001246      0.00001247      0.00001249      0.00001255      0.00001259      0.00001430      0.00001473      0.00461190      0.00000414      0.00000418      0.00000421      0.00000432      0.00000438      0.00000458      0.00000677      0.00000704      0.00001239      0.00001246      0.00001247      0.00001249      0.00001255      0.00001259      0.00001430      0.00001473      0.00462028      0.00000413      0.00000417      0.00000419      0.00000431      0.00000449      0.00000460      0.00000659      0.00000726      0.00001237      0.00001246      0.00001246      0.00001249      0.00001255      0.00001261      0.00001421      0.00001481      0.00461808      0.00000413      0.00000417      0.00000419      0.00000431      0.00000449      0.00000460      0.00000659      0.00000726      0.00001237      0.00001246      0.00001246      0.00001249      0.00001255      0.00001261      0.00001421      0.00001481      0.00461339
      0.87755102      0.99702661      0.99703054      0.99702981      0.99702778      0.00323698      0.00324303      0.00324134      0.00323823      0.00000357      0.00000360      0.00000363      0.00000372      0.00000389      0.00000398      0.00000570      0.00000628      0.00001070      0.00001077      0.00001078      0.00001080      0.00001086      0.00001090      0.00001229      0.00001281      0.99690233      0.00000357      0.00000360      0.00000363      0.00000372      0.00000389      0.00000398      0.00000570      0.00000628      0.00001070      0.00001077      0.00001078      0.00001080      0.00001086      0.00001090      0.00001229      0.00001281      0.99690627      0.00000358      0.00000361      0.00000364      0.00000374      0.00000379      0.00000396      0.00000586      0.00000609      0.00001072      0.00001077      0.00001078      0.00001080      0.00001085      0.00001089      0.00001237      0.00001274      0.99690562      0.00000358      0.00000361      0.00000364      0.00000374      0.00000379      0.00000396      0.00000586      0.00000609      0.00001072      0.00001077      0.00001078      0.00001080      0.00001085      0.00001089      0.00001237      0.00001274      0.99690359      0.00000358      0.00000361      0.00000364      0.00000374      0.00000379      0.00000396      0.00000586      0.00000609      0.00001072      0.00001077      0.00001078      0.00001080      0.00001085      0.00001089      0.00001237      0.00001274      0.00311279      0.00000358      0.00000361      0.00000364      0.00000373      0.00000379      0.00000396      0.00000586      0.00000609      0.00001072      0.00001077      0.00001078      0.00001080      0.00001085      0.00001089      0.00001237      0.00001274      0.00311884      0.00000357      0.00000360      0.00000362      0.00000372      0.00000389      0.00000398      0.00000570      0.00000628      0.00001070      0.00001077      0.00001078      0.00001080      0.00001086      0.00001090      0.00001229      0.00001281      0.00311707      0.00000357      0.00000360      0.00000362      0.00000372      0.00000389      0.00000398      0.00000570      0.00000628      0.00001070      0.00001077      0.00001078      0.00001080      0.00001086      0.00001090      0.00001229      0.00001281      0.00311396
      0.89795918      0.99810469      0.99810733      0.99810675      0.99810564      0.00211740      0.00212164      0.00212033      0.00211833      0.00000300      0.00000303      0.00000304      0.00000313      0.00000326      0.00000334      0.00000478      0.00000527      0.00000898      0.00000905      0.00000905      0.00000907      0.00000912      0.00000916      0.00001032      0.00001076      0.99800034      0.00000300      0.00000303      0.00000304      0.00000313      0.00000326      0.00000334      0.00000478      0.00000527      0.00000898      0.00000905      0.00000905      0.00000907      0.00000912      0.00000916      0.00001032      0.00001076      0.99800297      0.00000300      0.00000303      0.00000306      0.00000314      0.00000318      0.00000333      0.00000492      0.00000511      0.00000900      0.00000905      0.00000906      0.00000907      0.00000911      0.00000914      0.00001039      0.00001070      0.99800246      0.00000300      0.00000303      0.00000306      0.00000314      0.00000318      0.00000333      0.00000492      0.00000512      0.00000900      0.00000905      0.00000906      0.00000907      0.00000911      0.00000914      0.00001039      0.00001070      0.99800135      0.00000300      0.00000303      0.00000306      0.00000314      0.00000318      0.00000333      0.00000492      0.00000511      0.00000900      0.00000905      0.00000906      0.00000907      0.00000911      0.00000914      0.00001038      0.00001070      0.00201312      0.00000300      0.00000303      0.00000306      0.00000314      0.00000318      0.00000333      0.00000492      0.00000511      0.00000900      0.00000905      0.00000906      0.00000907      0.00000911      0.00000914      0.00001038      0.00001070      0.00201736      0.00000300      0.00000303      0.00000304      0.00000313      0.00000326      0.00000334      0.00000478      0.00000527      0.00000898      0.00000905      0.00000905      0.00000907      0.00000912      0.00000916      0.00001032      0.00001075      0.00201598      0.00000300      0.00000303      0.00000304      0.00000313      0.00000326      0.00000334      0.00000478      0.00000527      0.00000898      0.00000905      0.00000905      0.00000907      0.00000912      0.00000916      0.00001032      0.00001076      0.00201399
      0.91836735      0.99887853      0.99888018      0.99887973      0.99887928      0.00130077      0.00130361      0.00130263      0.00130144      0.00000241      0.00000244      0.00000245      0.00000252      0.00000263      0.00000269      0.00000385      0.00000425      0.00000723      0.00000728      0.00000728      0.00000730      0.00000734      0.00000737      0.00000831      0.00000866      0.99879453      0.00000241      0.00000244      0.00000245      0.00000252      0.00000263      0.00000269      0.00000385      0.00000425      0.00000723      0.00000728      0.00000728      0.00000730      0.00000734      0.00000737      0.00000831      0.00000866      0.99879618      0.00000242      0.00000244      0.00000246      0.00000252      0.00000256      0.00000268      0.00000396      0.00000412      0.00000725      0.00000728      0.00000729      0.00000730      0.00000733      0.00000736      0.00000836      0.00000861      0.99879579      0.00000242      0.00000244      0.00000246      0.00000252      0.00000256      0.00000268      0.00000396      0.00000412      0.00000725      0.00000728      0.00000729      0.00000730      0.00000733      0.00000736      0.00000836      0.00000861      0.99879533      0.00000242      0.00000244      0.00000246      0.00000252      0.00000256      0.00000268      0.00000396      0.00000412      0.00000725      0.00000728      0.00000729      0.00000730      0.00000733      0.00000736      0.00000836      0.00000861      0.00121682      0.00000242      0.00000244      0.00000246      0.00000252      0.00000256      0.00000268      0.00000396      0.00000412      0.00000725      0.00000728      0.00000729      0.00000730      0.00000733      0.00000736      0.00000836      0.00000861      0.00121966      0.00000241      0.00000244      0.00000245      0.00000252      0.00000263      0.00000269      0.00000385      0.00000424      0.00000723      0.00000728      0.00000728      0.00000730      0.00000734      0.00000737      0.00000831      0.00000866      0.00121863      0.00000241      0.00000244      0.00000245      0.00000252      0.00000263      0.00000269      0.00000385      0.00000424      0.00000723      0.00000728      0.00000728      0.00000730      0.00000734      0.00000737      0.00000831      0.00000866      0.00121744
      0.93877551      0.99941648      0.99941741      0.99941707      0.99941703      0.00071899      0.00072075      0.00072007      0.00071945      0.00000182      0.00000184      0.00000185      0.00000190      0.00000198      0.00000203      0.00000290      0.00000320      0.00000545      0.00000549      0.00000549      0.00000550      0.00000553      0.00000555      0.00000626      0.00000653      0.99935317      0.00000182      0.00000184      0.00000185      0.00000190      0.00000198      0.00000203      0.00000290      0.00000320      0.00000545      0.00000549      0.00000549      0.00000550      0.00000553      0.00000555      0.00000626      0.00000653      0.99935410      0.00000182      0.00000184      0.00000185      0.00000190      0.00000193      0.00000202      0.00000298      0.00000310      0.00000546      0.00000549      0.00000549      0.00000550      0.00000553      0.00000555      0.00000630      0.00000649      0.99935381      0.00000182      0.00000184      0.00000185      0.00000190      0.00000193      0.00000202      0.00000298      0.00000310      0.00000546      0.00000549      0.00000549      0.00000550      0.00000553      0.00000555      0.00000630      0.00000649      0.99935377      0.00000182      0.00000184      0.00000185      0.00000190      0.00000193      0.00000202      0.00000298      0.00000310      0.00000546      0.00000549      0.00000549      0.00000550      0.00000553      0.00000555      0.00000630      0.00000649      0.00065573      0.00000182      0.00000184      0.00000185      0.00000190      0.00000193      0.00000202      0.00000298      0.00000310      0.00000546      0.00000549      0.00000549      0.00000550      0.00000553      0.00000555      0.00000630      0.00000649      0.00065749      0.00000182      0.00000184      0.00000185      0.00000190      0.00000198      0.00000203      0.00000290      0.00000320      0.00000545      0.00000549      0.00000549      0.00000550      0.00000553      0.00000555      0.00000626      0.00000652      0.00065677      0.00000182      0.00000184      0.00000185      0.00000190      0.00000198      0.00000203      0.00000290      0.00000320      0.00000545      0.00000549      0.00000549      0.00000550      0.00000553      0.00000555      0.00000626      0.00000652      0.00065615
      0.95918367      0.99976506      0.99976549      0.99976527      0.99976543      0.00032578      0.00032672      0.00032630      0.00032605      0.00000122      0.00000123      0.00000124      0.00000127      0.00000132      0.00000136      0.00000194      0.00000214      0.00000364      0.00000367      0.00000367      0.00000368      0.00000370      0.00000372      0.00000419      0.00000437      0.99972271      0.00000122      0.00000123      0.00000124      0.00000127      0.00000132      0.00000136      0.00000194      0.00000214      0.00000364      0.00000367      0.00000367      0.00000368      0.00000370      0.00000372      0.00000419      0.00000437      0.99972314      0.00000122      0.00000123      0.00000124      0.00000127      0.00000129      0.00000135      0.00000200      0.00000208      0.00000365      0.00000367      0.00000367      0.00000368      0.00000370      0.00000371      0.00000421      0.00000434      0.99972295      0.00000122      0.00000123      0.00000124      0.00000127      0.00000129      0.00000135      0.00000200      0.00000208      0.00000365      0.00000367      0.00000367      0.00000368      0.00000370      0.00000371      0.00000421      0.00000434      0.99972311      0.00000122      0.00000123      0.00000124      0.00000127      0.00000129      0.00000135      0.00000200      0.00000208      0.00000365      0.00000367      0.00000367      0.00000368      0.00000370      0.00000371      0.00000421      0.00000434      0.00028346      0.00000122      0.00000123      0.00000124      0.00000127      0.00000129      0.00000135      0.00000200      0.00000208      0.00000365      0.00000367      0.00000367      0.00000368      0.00000370      0.00000371      0.00000421      0.00000434      0.00028440      0.00000122      0.00000123      0.00000124      0.00000127      0.00000132      0.00000136      0.00000194      0.00000214      0.00000364      0.00000367      0.00000367      0.00000368      0.00000370      0.00000372      0.00000419      0.00000436      0.00028395      0.00000122      0.00000123      0.00000124      0.00000127      0.00000132      0.00000135      0.00000194      0.00000214      0.00000364      0.00000367      0.00000367      0.00000368      0.00000370      0.00000372      0.00000419      0.00000436      0.00028370
      0.97959184      0.99995405      0.99995417      0.99995406      0.99995424      0.00009156      0.00009193      0.00009173      0.00009168      0.00000061      0.00000062      0.00000062      0.00000064      0.00000066      0.00000068      0.00000097      0.00000107      0.00000183      0.00000184      0.00000184      0.00000184      0.00000185      0.00000186      0.00000210      0.00000219      0.99993283      0.00000061      0.00000062      0.00000062      0.00000064      0.00000066      0.00000068      0.00000097      0.00000107      0.00000183      0.00000184      0.00000184      0.00000184      0.00000185      0.00000186      0.00000210      0.00000219      0.99993295      0.00000061      0.00000062      0.00000062      0.00000064      0.00000065      0.00000068      0.00000100      0.00000104      0.00000183      0.00000184      0.00000184      0.00000184      0.00000185      0.00000186      0.00000211      0.00000218      0.99993286      0.00000061      0.00000062      0.00000062      0.00000064      0.00000065      0.00000068      0.00000100      0.00000104      0.00000183      0.00000184      0.00000184      0.00000184      0.00000185      0.00000186      0.00000211      0.00000218      0.99993303      0.00000061      0.00000062      0.00000062      0.00000064      0.00000065      0.00000068      0.00000100      0.00000104      0.00000183      0.00000184      0.00000184      0.00000184      0.00000185      0.00000186      0.00000211      0.00000218      0.00007036      0.00000061      0.00000062      0.00000062      0.00000064      0.00000065      0.00000068      0.00000100      0.00000104      0.00000183      0.00000184      0.00000184      0.00000184      0.00000185      0.00000186      0.00000211      0.00000218      0.00007072      0.00000061      0.00000062      0.00000062      0.00000064      0.00000066      0.00000068      0.00000097      0.00000107      0.00000183      0.00000184      0.00000184      0.00000184      0.00000185      0.00000186      0.00000210      0.00000219      0.00007051      0.00000061      0.00000062      0.00000062      0.00000064      0.00000066      0.00000068      0.00000097      0.00000107      0.00000183      0.00000184      0.00000184      0.00000184      0.00000185      0.00000186      0.00000210      0.00000219      0.00007047
      1.00000000      0.00000161      0.00000161      0.00000160      0.00000163      0.00000297      0.00000299      0.00000297      0.00000298      0.00000006      0.00000006      0.00000006      0.00000006      0.00000007      0.00000007      0.00000010      0.00000011      0.00000018      0.00000018      0.00000018      0.00000018      0.00000019      0.00000019      0.00000021      0.00000022      0.99999948      0.00000006      0.00000006      0.00000006      0.00000006      0.00000007      0.00000007      0.00000010      0.00000011      0.00000018      0.00000018      0.00000018      0.00000018      0.00000019      0.00000019      0.00000021      0.00000022      0.99999949      0.00000006      0.00000006      0.00000006      0.00000006      0.00000006      0.00000007      0.00000010      0.00000010      0.00000018      0.00000018      0.00000018      0.00000018      0.00000019      0.00000019      0.00000021      0.00000022      0.99999948      0.00000006      0.00000006      0.00000006      0.00000006      0.00000006      0.00000007      0.00000010      0.00000010      0.00000018      0.00000018      0.00000018      0.00000018      0.00000019      0.00000019      0.00000021      0.00000022      0.99999950      0.00000006      0.00000006      0.00000006      0.00000006      0.00000006      0.00000007      0.00000010      0.00000010      0.00000018      0.00000018      0.00000018      0.00000018      0.00000019      0.00000019      0.00000021      0.00000022      0.00000085      0.00000006      0.00000006      0.00000006      0.00000006      0.00000006      0.00000007      0.00000010      0.00000010      0.00000018      0.00000018      0.00000018      0.00000018      0.00000019      0.00000019      0.00000021      0.00000022      0.00000087      0.00000006      0.00000006      0.00000006      0.00000006      0.00000007      0.00000007      0.00000010      0.00000011      0.00000018      0.00000018      0.00000018      0.00000018      0.00000019      0.00000019      0.00000021      0.00000022      0.00000085      0.00000006      0.00000006      0.00000006      0.00000006      0.00000007      0.00000007      0.00000010      0.00000011      0.00000018      0.00000018      0.00000018      0.00000018      0.00000019      0.00000019      0.00000021      0.00000022      0.00000086
