    0.11895252    0.19045874    0.13272170   -0.20146346    0.17340881   -0.29361528
    0.11895251    0.19045882    0.13272170   -0.20146346    0.17340881   -0.29361540
    0.11895250    0.19045890    0.13272170   -0.20146346    0.17340879   -0.29361553
    0.11895247    0.19045897    0.13272170   -0.20146346    0.17340875   -0.29361564
    0.11895244    0.19045905    0.13272170   -0.20146346    0.17340870   -0.29361576
    0.11895240    0.19045911    0.13272170   -0.20146346    0.17340864   -0.29361586
    0.11895235    0.19045918    0.13272170   -0.20146346    0.17340856   -0.29361596
    0.11895229    0.19045923    0.13272170   -0.20146346    0.17340848   -0.29361604
    0.11895222    0.19045928    0.13272170   -0.20146346    0.17340838   -0.29361611
    0.11895215    0.19045932    0.13272170   -0.20146346    0.17340828   -0.29361617
    0.11895208    0.19045935    0.13272170   -0.20146346    0.17340817   -0.29361622
    0.11895200    0.19045937    0.13272170   -0.20146346    0.17340806   -0.29361625
    0.11895192    0.19045938    0.13272170   -0.20146346    0.17340794   -0.29361627
    0.11895184    0.19045938    0.13272170   -0.20146346    0.17340782   -0.29361627
    0.11895176    0.19045937    0.13272170   -0.20146346    0.17340770   -0.29361625
    0.11895168    0.19045935    0.13272170   -0.20146346    0.17340759   -0.29361622
    0.11895161    0.19045932    0.13272170   -0.20146346    0.17340748   -0.29361617
    0.11895153    0.19045928    0.13272170   -0.20146346    0.17340738   -0.29361611
    0.11895147    0.19045923    0.13272170   -0.20146346    0.17340728   -0.29361604
    0.11895141    0.19045918    0.13272170   -0.20146346    0.17340720   -0.29361596
    0.11895136    0.19045911    0.13272170   -0.20146346    0.17340712   -0.29361586
    0.11895132    0.19045905    0.13272170   -0.20146346    0.17340706   -0.29361576
    0.11895128    0.19045897    0.13272170   -0.20146346    0.17340701   -0.29361564
    0.11895126    0.19045890    0.13272170   -0.20146346    0.17340697   -0.29361553
    0.11895124    0.19045882    0.13272170   -0.20146346    0.17340695   -0.29361540
    0.11895124    0.19045874    0.13272170   -0.20146346    0.17340695   -0.29361528
    0.11895124    0.19045866    0.13272170   -0.20146346    0.17340695   -0.29361516
    0.11895126    0.19045858    0.13272170   -0.20146346    0.17340697   -0.29361503
    0.11895128    0.19045850    0.13272170   -0.20146346    0.17340701   -0.29361492
    0.11895132    0.19045843    0.13272170   -0.20146346    0.17340706   -0.29361480
    0.11895136    0.19045836    0.13272170   -0.20146346    0.17340712   -0.29361470
    0.11895141    0.19045830    0.13272170   -0.20146346    0.17340720   -0.29361460
    0.11895147    0.19045824    0.13272170   -0.20146346    0.17340728   -0.29361452
    0.11895153    0.19045820    0.13272170   -0.20146346    0.17340738   -0.29361445
    0.11895161    0.19045816    0.13272170   -0.20146346    0.17340748   -0.29361439
    0.11895168    0.19045813    0.13272170   -0.20146346    0.17340759   -0.29361434
    0.11895176    0.19045811    0.13272170   -0.20146346    0.17340770   -0.29361431
    0.11895184    0.19045810    0.13272170   -0.20146346    0.17340782   -0.29361429
    0.11895192    0.19045810    0.13272170   -0.20146346    0.17340794   -0.29361429
    0.11895200    0.19045811    0.13272170   -0.20146346    0.17340806   -0.29361431
    0.11895208    0.19045813    0.13272170   -0.20146346    0.17340817   -0.29361434
    0.11895215    0.19045816    0.13272170   -0.20146346    0.17340828   -0.29361439
    0.11895222    0.19045820    0.13272170   -0.20146346    0.17340838   -0.29361445
    0.11895229    0.19045824    0.13272170   -0.20146346    0.17340848   -0.29361452
    0.11895235    0.19045830    0.13272170   -0.20146346    0.17340856   -0.29361460
    0.11895240    0.19045836    0.13272170   -0.20146346    0.17340864   -0.29361470
    0.11895244    0.19045843    0.13272170   -0.20146346    0.17340870   -0.29361480
    0.11895247    0.19045850    0.13272170   -0.20146346    0.17340875   -0.29361492
    0.11895250    0.19045858    0.13272170   -0.20146346    0.17340879   -0.29361503
    0.11895251    0.19045866    0.13272170   -0.20146346    0.17340881   -0.29361516
    0.11895829    0.19045874    0.13272190   -0.20146377    0.17341722   -0.29361528
    0.11895823    0.19045954    0.13272190   -0.20146377    0.17341715   -0.29361652
    0.11895808    0.19046033    0.13272190   -0.20146377    0.17341693   -0.29361774
    0.11895784    0.19046110    0.13272190   -0.20146377    0.17341656   -0.29361892
    0.11895749    0.19046182    0.13272190   -0.20146377    0.17341606   -0.29362004
    0.11895706    0.19046250    0.13272190   -0.20146377    0.17341544   -0.29362109
    0.11895655    0.19046312    0.13272190   -0.20146377    0.17341469   -0.29362204
    0.11895596    0.19046367    0.13272190   -0.20146377    0.17341383   -0.29362289
    0.11895531    0.19046415    0.13272190   -0.20146377    0.17341288   -0.29362362
    0.11895461    0.19046454    0.13272190   -0.20146377    0.17341186   -0.29362422
    0.11895386    0.19046483    0.13272190   -0.20146377    0.17341077   -0.29362467
    0.11895308    0.19046503    0.13272190   -0.20146377    0.17340963   -0.29362498
    0.11895228    0.19046513    0.13272190   -0.20146377    0.17340847   -0.29362514
    0.11895148    0.19046513    0.13272190   -0.20146377    0.17340729   -0.29362514
    0.11895068    0.19046503    0.13272190   -0.20146377    0.17340613   -0.29362498
    0.11894990    0.19046483    0.13272190   -0.20146377    0.17340499   -0.29362467
    0.11894915    0.19046454    0.13272190   -0.20146377    0.17340390   -0.29362422
    0.11894844    0.19046415    0.13272190   -0.20146377    0.17340288   -0.29362362
    0.11894779    0.19046367    0.13272190   -0.20146377    0.17340193   -0.29362289
    0.11894721    0.19046312    0.13272190   -0.20146377    0.17340107   -0.29362204
    0.11894669    0.19046250    0.13272190   -0.20146377    0.17340032   -0.29362109
    0.11894626    0.19046182    0.13272190   -0.20146377    0.17339970   -0.29362004
    0.11894592    0.19046110    0.13272190   -0.20146377    0.17339920   -0.29361892
    0.11894567    0.19046033    0.13272190   -0.20146377    0.17339883   -0.29361774
    0.11894552    0.19045954    0.13272190   -0.20146377    0.17339861   -0.29361652
    0.11894547    0.19045874    0.13272190   -0.20146377    0.17339854   -0.29361528
    0.11894552    0.19045794    0.13272190   -0.20146377    0.17339861   -0.29361404
    0.11894567    0.19045714    0.13272190   -0.20146377    0.17339883   -0.29361282
    0.11894592    0.19045638    0.13272190   -0.20146377    0.17339920   -0.29361164
    0.11894626    0.19045565    0.13272190   -0.20146377    0.17339970   -0.29361052
    0.11894669    0.19045497    0.13272190   -0.20146377    0.17340032   -0.29360947
    0.11894721    0.19045435    0.13272190   -0.20146377    0.17340107   -0.29360852
    0.11894779    0.19045380    0.13272190   -0.20146377    0.17340193   -0.29360767
    0.11894844    0.19045333    0.13272190   -0.20146377    0.17340288   -0.29360694
    0.11894915    0.19045294    0.13272190   -0.20146377    0.17340390   -0.29360634
    0.11894990    0.19045264    0.13272190   -0.20146377    0.17340499   -0.29360589
    0.11895068    0.19045244    0.13272190   -0.20146377    0.17340613   -0.29360558
    0.11895148    0.19045234    0.13272190   -0.20146377    0.17340729   -0.29360542
    0.11895228    0.19045234    0.13272190   -0.20146377    0.17340847   -0.29360542
    0.11895308    0.19045244    0.13272190   -0.20146377    0.17340963   -0.29360558
    0.11895386    0.19045264    0.13272190   -0.20146377    0.17341077   -0.29360589
    0.11895461    0.19045294    0.13272190   -0.20146377    0.17341186   -0.29360634
    0.11895531    0.19045333    0.13272190   -0.20146377    0.17341288   -0.29360694
    0.11895596    0.19045380    0.13272190   -0.20146377    0.17341383   -0.29360767
    0.11895655    0.19045435    0.13272190   -0.20146377    0.17341469   -0.29360852
    0.11895706    0.19045497    0.13272190   -0.20146377    0.17341544   -0.29360947
    0.11895749    0.19045565    0.13272190   -0.20146377    0.17341606   -0.29361052
    0.11895784    0.19045638    0.13272190   -0.20146377    0.17341656   -0.29361164
    0.11895808    0.19045714    0.13272190   -0.20146377    0.17341693   -0.29361282
    0.11895823    0.19045794    0.13272190   -0.20146377    0.17341715   -0.29361404
    0.11896467    0.19045874    0.13272252   -0.20146470    0.17342652   -0.29361528
    0.11896456    0.19046034    0.13272252   -0.20146470    0.17342637   -0.29361775
    0.11896426    0.19046192    0.13272252   -0.20146470    0.17342594   -0.29362018
    0.11896377    0.19046345    0.13272252   -0.20146470    0.17342521   -0.29362254
    0.11896308    0.19046490    0.13272252   -0.20146470    0.17342422   -0.29362478
    0.11896222    0.19046625    0.13272252   -0.20146470    0.17342296   -0.29362687
    0.11896120    0.19046749    0.13272252   -0.20146470    0.17342147   -0.29362878
    0.11896003    0.19046859    0.13272252   -0.20146470    0.17341976   -0.29363047
    0.11895873    0.19046954    0.13272252   -0.20146470    0.17341787   -0.29363192
    0.11895732    0.19047031    0.13272252   -0.20146470    0.17341582   -0.29363312
    0.11895583    0.19047090    0.13272252   -0.20146470    0.17341364   -0.29363403
    0.11895427    0.19047130    0.13272252   -0.20146470    0.17341137   -0.29363464
    0.11895268    0.19047150    0.13272252   -0.20146470    0.17340905   -0.29363495
    0.11895108    0.19047150    0.13272252   -0.20146470    0.17340671   -0.29363495
    0.11894948    0.19047130    0.13272252   -0.20146470    0.17340439   -0.29363464
    0.11894793    0.19047090    0.13272252   -0.20146470    0.17340212   -0.29363403
    0.11894643    0.19047031    0.13272252   -0.20146470    0.17339994   -0.29363312
    0.11894503    0.19046954    0.13272252   -0.20146470    0.17339789   -0.29363192
    0.11894373    0.19046859    0.13272252   -0.20146470    0.17339600   -0.29363047
    0.11894256    0.19046749    0.13272252   -0.20146470    0.17339429   -0.29362878
    0.11894153    0.19046625    0.13272252   -0.20146470    0.17339280   -0.29362687
    0.11894067    0.19046490    0.13272252   -0.20146470    0.17339154   -0.29362478
    0.11893999    0.19046345    0.13272252   -0.20146470    0.17339055   -0.29362254
    0.11893949    0.19046192    0.13272252   -0.20146470    0.17338982   -0.29362018
    0.11893919    0.19046034    0.13272252   -0.20146470    0.17338939   -0.29361775
    0.11893909    0.19045874    0.13272252   -0.20146470    0.17338924   -0.29361528
    0.11893919    0.19045714    0.13272252   -0.20146470    0.17338939   -0.29361281
    0.11893949    0.19045556    0.13272252   -0.20146470    0.17338982   -0.29361038
    0.11893999    0.19045403    0.13272252   -0.20146470    0.17339055   -0.29360802
    0.11894067    0.19045258    0.13272252   -0.20146470    0.17339154   -0.29360578
    0.11894153    0.19045122    0.13272252   -0.20146470    0.17339280   -0.29360369
    0.11894256    0.19044998    0.13272252   -0.20146470    0.17339429   -0.29360178
    0.11894373    0.19044888    0.13272252   -0.20146470    0.17339600   -0.29360009
    0.11894503    0.19044794    0.13272252   -0.20146470    0.17339789   -0.29359864
    0.11894643    0.19044717    0.13272252   -0.20146470    0.17339994   -0.29359744
    0.11894793    0.19044658    0.13272252   -0.20146470    0.17340212   -0.29359653
    0.11894948    0.19044618    0.13272252   -0.20146470    0.17340439   -0.29359592
    0.11895108    0.19044598    0.13272252   -0.20146470    0.17340671   -0.29359561
    0.11895268    0.19044598    0.13272252   -0.20146470    0.17340905   -0.29359561
    0.11895427    0.19044618    0.13272252   -0.20146470    0.17341137   -0.29359592
    0.11895583    0.19044658    0.13272252   -0.20146470    0.17341364   -0.29359653
    0.11895732    0.19044717    0.13272252   -0.20146470    0.17341582   -0.29359744
    0.11895873    0.19044794    0.13272252   -0.20146470    0.17341787   -0.29359864
    0.11896003    0.19044888    0.13272252   -0.20146470    0.17341976   -0.29360009
    0.11896120    0.19044998    0.13272252   -0.20146470    0.17342147   -0.29360178
    0.11896222    0.19045122    0.13272252   -0.20146470    0.17342296   -0.29360369
    0.11896308    0.19045258    0.13272252   -0.20146470    0.17342422   -0.29360578
    0.11896377    0.19045403    0.13272252   -0.20146470    0.17342521   -0.29360802
    0.11896426    0.19045556    0.13272252   -0.20146470    0.17342594   -0.29361038
    0.11896456    0.19045714    0.13272252   -0.20146470    0.17342637   -0.29361281
    0.11897099    0.19045874    0.13272354   -0.20146626    0.17343575   -0.29361528
    0.11897084    0.19046113    0.13272354   -0.20146626    0.17343553   -0.29361897
    0.11897039    0.19046349    0.13272354   -0.20146626    0.17343487   -0.29362261
    0.11896965    0.19046578    0.13272354   -0.20146626    0.17343379   -0.29362613
    0.11896863    0.19046795    0.13272354   -0.20146626    0.17343230   -0.29362948
    0.11896734    0.19046997    0.13272354   -0.20146626    0.17343042   -0.29363260
    0.11896581    0.19047182    0.13272354   -0.20146626    0.17342819   -0.29363545
    0.11896406    0.19047347    0.13272354   -0.20146626    0.17342564   -0.29363799
    0.11896212    0.19047488    0.13272354   -0.20146626    0.17342281   -0.29364016
    0.11896002    0.19047603    0.13272354   -0.20146626    0.17341975   -0.29364194
    0.11895779    0.19047692    0.13272354   -0.20146626    0.17341649   -0.29364331
    0.11895546    0.19047752    0.13272354   -0.20146626    0.17341310   -0.29364423
    0.11895308    0.19047782    0.13272354   -0.20146626    0.17340963   -0.29364469
    0.11895068    0.19047782    0.13272354   -0.20146626    0.17340613   -0.29364469
    0.11894830    0.19047752    0.13272354   -0.20146626    0.17340266   -0.29364423
    0.11894597    0.19047692    0.13272354   -0.20146626    0.17339927   -0.29364331
    0.11894374    0.19047603    0.13272354   -0.20146626    0.17339601   -0.29364194
    0.11894164    0.19047488    0.13272354   -0.20146626    0.17339295   -0.29364016
    0.11893969    0.19047347    0.13272354   -0.20146626    0.17339012   -0.29363799
    0.11893794    0.19047182    0.13272354   -0.20146626    0.17338757   -0.29363545
    0.11893641    0.19046997    0.13272354   -0.20146626    0.17338534   -0.29363260
    0.11893513    0.19046795    0.13272354   -0.20146626    0.17338346   -0.29362948
    0.11893410    0.19046578    0.13272354   -0.20146626    0.17338197   -0.29362613
    0.11893336    0.19046349    0.13272354   -0.20146626    0.17338089   -0.29362261
    0.11893291    0.19046113    0.13272354   -0.20146626    0.17338023   -0.29361897
    0.11893276    0.19045874    0.13272354   -0.20146626    0.17338001   -0.29361528
    0.11893291    0.19045634    0.13272354   -0.20146626    0.17338023   -0.29361159
    0.11893336    0.19045398    0.13272354   -0.20146626    0.17338089   -0.29360795
    0.11893410    0.19045170    0.13272354   -0.20146626    0.17338197   -0.29360443
    0.11893513    0.19044953    0.13272354   -0.20146626    0.17338346   -0.29360108
    0.11893641    0.19044750    0.13272354   -0.20146626    0.17338534   -0.29359796
    0.11893794    0.19044565    0.13272354   -0.20146626    0.17338757   -0.29359511
    0.11893969    0.19044401    0.13272354   -0.20146626    0.17339012   -0.29359257
    0.11894164    0.19044260    0.13272354   -0.20146626    0.17339295   -0.29359040
    0.11894374    0.19044144    0.13272354   -0.20146626    0.17339601   -0.29358862
    0.11894597    0.19044056    0.13272354   -0.20146626    0.17339927   -0.29358725
    0.11894830    0.19043996    0.13272354   -0.20146626    0.17340266   -0.29358633
    0.11895068    0.19043966    0.13272354   -0.20146626    0.17340613   -0.29358587
    0.11895308    0.19043966    0.13272354   -0.20146626    0.17340963   -0.29358587
    0.11895546    0.19043996    0.13272354   -0.20146626    0.17341310   -0.29358633
    0.11895779    0.19044056    0.13272354   -0.20146626    0.17341649   -0.29358725
    0.11896002    0.19044144    0.13272354   -0.20146626    0.17341975   -0.29358862
    0.11896212    0.19044260    0.13272354   -0.20146626    0.17342281   -0.29359040
    0.11896406    0.19044401    0.13272354   -0.20146626    0.17342564   -0.29359257
    0.11896581    0.19044565    0.13272354   -0.20146626    0.17342819   -0.29359511
    0.11896734    0.19044750    0.13272354   -0.20146626    0.17343042   -0.29359796
    0.11896863    0.19044953    0.13272354   -0.20146626    0.17343230   -0.29360108
    0.11896965    0.19045170    0.13272354   -0.20146626    0.17343379   -0.29360443
    0.11897039    0.19045398    0.13272354   -0.20146626    0.17343487   -0.29360795
    0.11897084    0.19045634    0.13272354   -0.20146626    0.17343553   -0.29361159
    0.11897724    0.19045874    0.13272497   -0.20146842    0.17344486   -0.29361528
    0.11897704    0.19046192    0.13272497   -0.20146842    0.17344457   -0.29362018
    0.11897645    0.19046505    0.13272497   -0.20146842    0.17344370   -0.29362500
    0.11897546    0.19046808    0.13272497   -0.20146842    0.17344226   -0.29362968
    0.11897411    0.19047096    0.13272497   -0.20146842    0.17344028   -0.29363412
    0.11897240    0.19047365    0.13272497   -0.20146842    0.17343780   -0.29363826
    0.11897037    0.19047610    0.13272497   -0.20146842    0.17343484   -0.29364205
    0.11896805    0.19047828    0.13272497   -0.20146842    0.17343145   -0.29364541
    0.11896547    0.19048015    0.13272497   -0.20146842    0.17342769   -0.29364830
    0.11896268    0.19048169    0.13272497   -0.20146842    0.17342362   -0.29365066
    0.11895972    0.19048286    0.13272497   -0.20146842    0.17341931   -0.29365247
    0.11895663    0.19048365    0.13272497   -0.20146842    0.17341481   -0.29365369
    0.11895347    0.19048405    0.13272497   -0.20146842    0.17341020   -0.29365431
    0.11895029    0.19048405    0.13272497   -0.20146842    0.17340556   -0.29365431
    0.11894712    0.19048365    0.13272497   -0.20146842    0.17340095   -0.29365369
    0.11894404    0.19048286    0.13272497   -0.20146842    0.17339645   -0.29365247
    0.11894108    0.19048169    0.13272497   -0.20146842    0.17339214   -0.29365066
    0.11893829    0.19048015    0.13272497   -0.20146842    0.17338807   -0.29364830
    0.11893571    0.19047828    0.13272497   -0.20146842    0.17338431   -0.29364541
    0.11893339    0.19047610    0.13272497   -0.20146842    0.17338092   -0.29364205
    0.11893136    0.19047365    0.13272497   -0.20146842    0.17337796   -0.29363826
    0.11892965    0.19047096    0.13272497   -0.20146842    0.17337548   -0.29363412
    0.11892829    0.19046808    0.13272497   -0.20146842    0.17337350   -0.29362968
    0.11892731    0.19046505    0.13272497   -0.20146842    0.17337206   -0.29362500
    0.11892671    0.19046192    0.13272497   -0.20146842    0.17337119   -0.29362018
    0.11892651    0.19045874    0.13272497   -0.20146842    0.17337090   -0.29361528
    0.11892671    0.19045556    0.13272497   -0.20146842    0.17337119   -0.29361038
    0.11892731    0.19045243    0.13272497   -0.20146842    0.17337206   -0.29360556
    0.11892829    0.19044940    0.13272497   -0.20146842    0.17337350   -0.29360088
    0.11892965    0.19044652    0.13272497   -0.20146842    0.17337548   -0.29359644
    0.11893136    0.19044383    0.13272497   -0.20146842    0.17337796   -0.29359230
    0.11893339    0.19044137    0.13272497   -0.20146842    0.17338092   -0.29358851
    0.11893571    0.19043919    0.13272497   -0.20146842    0.17338431   -0.29358515
    0.11893829    0.19043732    0.13272497   -0.20146842    0.17338807   -0.29358226
    0.11894108    0.19043579    0.13272497   -0.20146842    0.17339214   -0.29357990
    0.11894404    0.19043461    0.13272497   -0.20146842    0.17339645   -0.29357809
    0.11894712    0.19043382    0.13272497   -0.20146842    0.17340095   -0.29357687
    0.11895029    0.19043342    0.13272497   -0.20146842    0.17340556   -0.29357625
    0.11895347    0.19043342    0.13272497   -0.20146842    0.17341020   -0.29357625
    0.11895663    0.19043382    0.13272497   -0.20146842    0.17341481   -0.29357687
    0.11895972    0.19043461    0.13272497   -0.20146842    0.17341931   -0.29357809
    0.11896268    0.19043579    0.13272497   -0.20146842    0.17342362   -0.29357990
    0.11896547    0.19043732    0.13272497   -0.20146842    0.17342769   -0.29358226
    0.11896805    0.19043919    0.13272497   -0.20146842    0.17343145   -0.29358515
    0.11897037    0.19044137    0.13272497   -0.20146842    0.17343484   -0.29358851
    0.11897240    0.19044383    0.13272497   -0.20146842    0.17343780   -0.29359230
    0.11897411    0.19044652    0.13272497   -0.20146842    0.17344028   -0.29359644
    0.11897546    0.19044940    0.13272497   -0.20146842    0.17344226   -0.29360088
    0.11897645    0.19045243    0.13272497   -0.20146842    0.17344370   -0.29360556
    0.11897704    0.19045556    0.13272497   -0.20146842    0.17344457   -0.29361038
    0.11898339    0.19045874    0.13272679   -0.20147119    0.17345382   -0.29361528
    0.11898314    0.19046269    0.13272679   -0.20147119    0.17345345   -0.29362137
    0.11898240    0.19046657    0.13272679   -0.20147119    0.17345237   -0.29362736
    0.11898118    0.19047034    0.13272679   -0.20147119    0.17345059   -0.29363316
    0.11897949    0.19047392    0.13272679   -0.20147119    0.17344813   -0.29363868
    0.11897737    0.19047726    0.13272679   -0.20147119    0.17344504   -0.29364383
    0.11897485    0.19048031    0.13272679   -0.20147119    0.17344137   -0.29364853
    0.11897196    0.19048302    0.13272679   -0.20147119    0.17343716   -0.29365271
    0.11896876    0.19048534    0.13272679   -0.20147119    0.17343249   -0.29365630
    0.11896529    0.19048725    0.13272679   -0.20147119    0.17342744   -0.29365923
    0.11896162    0.19048871    0.13272679   -0.20147119    0.17342208   -0.29366148
    0.11895778    0.19048969    0.13272679   -0.20147119    0.17341649   -0.29366300
    0.11895386    0.19049019    0.13272679   -0.20147119    0.17341076   -0.29366376
    0.11894990    0.19049019    0.13272679   -0.20147119    0.17340500   -0.29366376
    0.11894597    0.19048969    0.13272679   -0.20147119    0.17339927   -0.29366300
    0.11894214    0.19048871    0.13272679   -0.20147119    0.17339368   -0.29366148
    0.11893846    0.19048725    0.13272679   -0.20147119    0.17338832   -0.29365923
    0.11893499    0.19048534    0.13272679   -0.20147119    0.17338327   -0.29365630
    0.11893179    0.19048302    0.13272679   -0.20147119    0.17337860   -0.29365271
    0.11892891    0.19048031    0.13272679   -0.20147119    0.17337439   -0.29364853
    0.11892639    0.19047726    0.13272679   -0.20147119    0.17337072   -0.29364383
    0.11892426    0.19047392    0.13272679   -0.20147119    0.17336763   -0.29363868
    0.11892258    0.19047034    0.13272679   -0.20147119    0.17336517   -0.29363316
    0.11892136    0.19046657    0.13272679   -0.20147119    0.17336339   -0.29362736
    0.11892062    0.19046269    0.13272679   -0.20147119    0.17336231   -0.29362137
    0.11892037    0.19045874    0.13272679   -0.20147119    0.17336194   -0.29361528
    0.11892062    0.19045479    0.13272679   -0.20147119    0.17336231   -0.29360919
    0.11892136    0.19045090    0.13272679   -0.20147119    0.17336339   -0.29360320
    0.11892258    0.19044714    0.13272679   -0.20147119    0.17336517   -0.29359740
    0.11892426    0.19044356    0.13272679   -0.20147119    0.17336763   -0.29359188
    0.11892639    0.19044022    0.13272679   -0.20147119    0.17337072   -0.29358673
    0.11892891    0.19043717    0.13272679   -0.20147119    0.17337439   -0.29358203
    0.11893179    0.19043446    0.13272679   -0.20147119    0.17337860   -0.29357785
    0.11893499    0.19043213    0.13272679   -0.20147119    0.17338327   -0.29357426
    0.11893846    0.19043023    0.13272679   -0.20147119    0.17338832   -0.29357133
    0.11894214    0.19042877    0.13272679   -0.20147119    0.17339368   -0.29356908
    0.11894597    0.19042779    0.13272679   -0.20147119    0.17339927   -0.29356756
    0.11894990    0.19042729    0.13272679   -0.20147119    0.17340500   -0.29356680
    0.11895386    0.19042729    0.13272679   -0.20147119    0.17341076   -0.29356680
    0.11895778    0.19042779    0.13272679   -0.20147119    0.17341649   -0.29356756
    0.11896162    0.19042877    0.13272679   -0.20147119    0.17342208   -0.29356908
    0.11896529    0.19043023    0.13272679   -0.20147119    0.17342744   -0.29357133
    0.11896876    0.19043213    0.13272679   -0.20147119    0.17343249   -0.29357426
    0.11897196    0.19043446    0.13272679   -0.20147119    0.17343716   -0.29357785
    0.11897485    0.19043717    0.13272679   -0.20147119    0.17344137   -0.29358203
    0.11897737    0.19044022    0.13272679   -0.20147119    0.17344504   -0.29358673
    0.11897949    0.19044356    0.13272679   -0.20147119    0.17344813   -0.29359188
    0.11898118    0.19044714    0.13272679   -0.20147119    0.17345059   -0.29359740
    0.11898240    0.19045090    0.13272679   -0.20147119    0.17345237   -0.29360320
    0.11898314    0.19045479    0.13272679   -0.20147119    0.17345345   -0.29360919
    0.11898940    0.19045874    0.13272900   -0.20147455    0.17346259   -0.29361528
    0.11898911    0.19046344    0.13272900   -0.20147455    0.17346215   -0.29362253
    0.11898823    0.19046807    0.13272900   -0.20147455    0.17346087   -0.29362967
    0.11898677    0.19047255    0.13272900   -0.20147455    0.17345874   -0.29363658
    0.11898476    0.19047682    0.13272900   -0.20147455    0.17345582   -0.29364315
    0.11898224    0.19048080    0.13272900   -0.20147455    0.17345214   -0.29364928
    0.11897923    0.19048443    0.13272900   -0.20147455    0.17344776   -0.29365488
    0.11897580    0.19048765    0.13272900   -0.20147455    0.17344275   -0.29365986
    0.11897199    0.19049042    0.13272900   -0.20147455    0.17343719   -0.29366413
    0.11896786    0.19049269    0.13272900   -0.20147455    0.17343117   -0.29366763
    0.11896347    0.19049443    0.13272900   -0.20147455    0.17342479   -0.29367030
    0.11895891    0.19049560    0.13272900   -0.20147455    0.17341813   -0.29367211
    0.11895423    0.19049619    0.13272900   -0.20147455    0.17341132   -0.29367302
    0.11894952    0.19049619    0.13272900   -0.20147455    0.17340444   -0.29367302
    0.11894485    0.19049560    0.13272900   -0.20147455    0.17339763   -0.29367211
    0.11894028    0.19049443    0.13272900   -0.20147455    0.17339097   -0.29367030
    0.11893590    0.19049269    0.13272900   -0.20147455    0.17338459   -0.29366763
    0.11893177    0.19049042    0.13272900   -0.20147455    0.17337857   -0.29366413
    0.11892796    0.19048765    0.13272900   -0.20147455    0.17337301   -0.29365986
    0.11892452    0.19048443    0.13272900   -0.20147455    0.17336800   -0.29365488
    0.11892152    0.19048080    0.13272900   -0.20147455    0.17336362   -0.29364928
    0.11891899    0.19047682    0.13272900   -0.20147455    0.17335994   -0.29364315
    0.11891699    0.19047255    0.13272900   -0.20147455    0.17335702   -0.29363658
    0.11891553    0.19046807    0.13272900   -0.20147455    0.17335489   -0.29362967
    0.11891465    0.19046344    0.13272900   -0.20147455    0.17335361   -0.29362253
    0.11891435    0.19045874    0.13272900   -0.20147455    0.17335317   -0.29361528
    0.11891465    0.19045403    0.13272900   -0.20147455    0.17335361   -0.29360803
    0.11891553    0.19044941    0.13272900   -0.20147455    0.17335489   -0.29360089
    0.11891699    0.19044492    0.13272900   -0.20147455    0.17335702   -0.29359398
    0.11891899    0.19044066    0.13272900   -0.20147455    0.17335994   -0.29358741
    0.11892152    0.19043668    0.13272900   -0.20147455    0.17336362   -0.29358128
    0.11892452    0.19043305    0.13272900   -0.20147455    0.17336800   -0.29357568
    0.11892796    0.19042982    0.13272900   -0.20147455    0.17337301   -0.29357070
    0.11893177    0.19042705    0.13272900   -0.20147455    0.17337857   -0.29356643
    0.11893590    0.19042478    0.13272900   -0.20147455    0.17338459   -0.29356293
    0.11894028    0.19042305    0.13272900   -0.20147455    0.17339097   -0.29356026
    0.11894485    0.19042188    0.13272900   -0.20147455    0.17339763   -0.29355845
    0.11894952    0.19042129    0.13272900   -0.20147455    0.17340444   -0.29355754
    0.11895423    0.19042129    0.13272900   -0.20147455    0.17341132   -0.29355754
    0.11895891    0.19042188    0.13272900   -0.20147455    0.17341813   -0.29355845
    0.11896347    0.19042305    0.13272900   -0.20147455    0.17342479   -0.29356026
    0.11896786    0.19042478    0.13272900   -0.20147455    0.17343117   -0.29356293
    0.11897199    0.19042705    0.13272900   -0.20147455    0.17343719   -0.29356643
    0.11897580    0.19042982    0.13272900   -0.20147455    0.17344275   -0.29357070
    0.11897923    0.19043305    0.13272900   -0.20147455    0.17344776   -0.29357568
    0.11898224    0.19043668    0.13272900   -0.20147455    0.17345214   -0.29358128
    0.11898476    0.19044066    0.13272900   -0.20147455    0.17345582   -0.29358741
    0.11898677    0.19044492    0.13272900   -0.20147455    0.17345874   -0.29359398
    0.11898823    0.19044941    0.13272900   -0.20147455    0.17346087   -0.29360089
    0.11898911    0.19045403    0.13272900   -0.20147455    0.17346215   -0.29360803
    0.11899527    0.19045874    0.13273160   -0.20147849    0.17347113   -0.29361528
    0.11899492    0.19046418    0.13273160   -0.20147849    0.17347063   -0.29362366
    0.11899390    0.19046953    0.13273160   -0.20147849    0.17346914   -0.29363191
    0.11899222    0.19047471    0.13273160   -0.20147849    0.17346669   -0.29363990
    0.11898990    0.19047964    0.13273160   -0.20147849    0.17346331   -0.29364750
    0.11898698    0.19048424    0.13273160   -0.20147849    0.17345905   -0.29365460
    0.11898351    0.19048844    0.13273160   -0.20147849    0.17345399   -0.29366107
    0.11897953    0.19049217    0.13273160   -0.20147849    0.17344820   -0.29366682
    0.11897513    0.19049537    0.13273160   -0.20147849    0.17344177   -0.29367176
    0.11897035    0.19049800    0.13273160   -0.20147849    0.17343481   -0.29367580
    0.11896529    0.19050000    0.13273160   -0.20147849    0.17342743   -0.29367889
    0.11896001    0.19050136    0.13273160   -0.20147849    0.17341973   -0.29368098
    0.11895460    0.19050204    0.13273160   -0.20147849    0.17341185   -0.29368204
    0.11894915    0.19050204    0.13273160   -0.20147849    0.17340391   -0.29368204
    0.11894375    0.19050136    0.13273160   -0.20147849    0.17339603   -0.29368098
    0.11893847    0.19050000    0.13273160   -0.20147849    0.17338833   -0.29367889
    0.11893340    0.19049800    0.13273160   -0.20147849    0.17338095   -0.29367580
    0.11892863    0.19049537    0.13273160   -0.20147849    0.17337399   -0.29367176
    0.11892422    0.19049217    0.13273160   -0.20147849    0.17336756   -0.29366682
    0.11892025    0.19048844    0.13273160   -0.20147849    0.17336177   -0.29366107
    0.11891678    0.19048424    0.13273160   -0.20147849    0.17335671   -0.29365460
    0.11891386    0.19047964    0.13273160   -0.20147849    0.17335245   -0.29364750
    0.11891154    0.19047471    0.13273160   -0.20147849    0.17334907   -0.29363990
    0.11890985    0.19046953    0.13273160   -0.20147849    0.17334662   -0.29363191
    0.11890883    0.19046418    0.13273160   -0.20147849    0.17334513   -0.29362366
    0.11890849    0.19045874    0.13273160   -0.20147849    0.17334463   -0.29361528
    0.11890883    0.19045330    0.13273160   -0.20147849    0.17334513   -0.29360690
    0.11890985    0.19044795    0.13273160   -0.20147849    0.17334662   -0.29359865
    0.11891154    0.19044277    0.13273160   -0.20147849    0.17334907   -0.29359066
    0.11891386    0.19043784    0.13273160   -0.20147849    0.17335245   -0.29358306
    0.11891678    0.19043323    0.13273160   -0.20147849    0.17335671   -0.29357596
    0.11892025    0.19042904    0.13273160   -0.20147849    0.17336177   -0.29356949
    0.11892422    0.19042531    0.13273160   -0.20147849    0.17336756   -0.29356374
    0.11892863    0.19042210    0.13273160   -0.20147849    0.17337399   -0.29355880
    0.11893340    0.19041948    0.13273160   -0.20147849    0.17338095   -0.29355476
    0.11893847    0.19041747    0.13273160   -0.20147849    0.17338833   -0.29355167
    0.11894375    0.19041612    0.13273160   -0.20147849    0.17339603   -0.29354958
    0.11894915    0.19041544    0.13273160   -0.20147849    0.17340391   -0.29354852
    0.11895460    0.19041544    0.13273160   -0.20147849    0.17341185   -0.29354852
    0.11896001    0.19041612    0.13273160   -0.20147849    0.17341973   -0.29354958
    0.11896529    0.19041747    0.13273160   -0.20147849    0.17342743   -0.29355167
    0.11897035    0.19041948    0.13273160   -0.20147849    0.17343481   -0.29355476
    0.11897513    0.19042210    0.13273160   -0.20147849    0.17344177   -0.29355880
    0.11897953    0.19042531    0.13273160   -0.20147849    0.17344820   -0.29356374
    0.11898351    0.19042904    0.13273160   -0.20147849    0.17345399   -0.29356949
    0.11898698    0.19043323    0.13273160   -0.20147849    0.17345905   -0.29357596
    0.11898990    0.19043784    0.13273160   -0.20147849    0.17346331   -0.29358306
    0.11899222    0.19044277    0.13273160   -0.20147849    0.17346669   -0.29359066
    0.11899390    0.19044795    0.13273160   -0.20147849    0.17346914   -0.29359865
    0.11899492    0.19045330    0.13273160   -0.20147849    0.17347063   -0.29360690
    0.11900095    0.19045874    0.13273456   -0.20148299    0.17347942   -0.29361528
    0.11900056    0.19046489    0.13273456   -0.20148299    0.17347885   -0.29362476
    0.11899941    0.19047094    0.13273456   -0.20148299    0.17347717   -0.29363409
    0.11899750    0.19047680    0.13273456   -0.20148299    0.17347439   -0.29364313
    0.11899488    0.19048238    0.13273456   -0.20148299    0.17347057   -0.29365172
    0.11899158    0.19048758    0.13273456   -0.20148299    0.17346575   -0.29365975
    0.11898765    0.19049233    0.13273456   -0.20148299    0.17346003   -0.29366707
    0.11898316    0.19049655    0.13273456   -0.20148299    0.17345348   -0.29367357
    0.11897817    0.19050017    0.13273456   -0.20148299    0.17344621   -0.29367915
    0.11897277    0.19050314    0.13273456   -0.20148299    0.17343834   -0.29368373
    0.11896704    0.19050541    0.13273456   -0.20148299    0.17342999   -0.29368723
    0.11896107    0.19050694    0.13273456   -0.20148299    0.17342128   -0.29368959
    0.11895496    0.19050771    0.13273456   -0.20148299    0.17341237   -0.29369078
    0.11894880    0.19050771    0.13273456   -0.20148299    0.17340339   -0.29369078
    0.11894268    0.19050694    0.13273456   -0.20148299    0.17339448   -0.29368959
    0.11893671    0.19050541    0.13273456   -0.20148299    0.17338577   -0.29368723
    0.11893098    0.19050314    0.13273456   -0.20148299    0.17337742   -0.29368373
    0.11892558    0.19050017    0.13273456   -0.20148299    0.17336955   -0.29367915
    0.11892060    0.19049655    0.13273456   -0.20148299    0.17336228   -0.29367357
    0.11891611    0.19049233    0.13273456   -0.20148299    0.17335573   -0.29366707
    0.11891218    0.19048758    0.13273456   -0.20148299    0.17335001   -0.29365975
    0.11890888    0.19048238    0.13273456   -0.20148299    0.17334519   -0.29365172
    0.11890625    0.19047680    0.13273456   -0.20148299    0.17334137   -0.29364313
    0.11890435    0.19047094    0.13273456   -0.20148299    0.17333859   -0.29363409
    0.11890319    0.19046489    0.13273456   -0.20148299    0.17333691   -0.29362476
    0.11890281    0.19045874    0.13273456   -0.20148299    0.17333634   -0.29361528
    0.11890319    0.19045259    0.13273456   -0.20148299    0.17333691   -0.29360580
    0.11890435    0.19044653    0.13273456   -0.20148299    0.17333859   -0.29359647
    0.11890625    0.19044067    0.13273456   -0.20148299    0.17334137   -0.29358743
    0.11890888    0.19043510    0.13273456   -0.20148299    0.17334519   -0.29357884
    0.11891218    0.19042989    0.13273456   -0.20148299    0.17335001   -0.29357081
    0.11891611    0.19042515    0.13273456   -0.20148299    0.17335573   -0.29356349
    0.11892060    0.19042093    0.13273456   -0.20148299    0.17336228   -0.29355699
    0.11892558    0.19041731    0.13273456   -0.20148299    0.17336955   -0.29355141
    0.11893098    0.19041434    0.13273456   -0.20148299    0.17337742   -0.29354683
    0.11893671    0.19041207    0.13273456   -0.20148299    0.17338577   -0.29354333
    0.11894268    0.19041054    0.13273456   -0.20148299    0.17339448   -0.29354097
    0.11894880    0.19040976    0.13273456   -0.20148299    0.17340339   -0.29353978
    0.11895496    0.19040976    0.13273456   -0.20148299    0.17341237   -0.29353978
    0.11896107    0.19041054    0.13273456   -0.20148299    0.17342128   -0.29354097
    0.11896704    0.19041207    0.13273456   -0.20148299    0.17342999   -0.29354333
    0.11897277    0.19041434    0.13273456   -0.20148299    0.17343834   -0.29354683
    0.11897817    0.19041731    0.13273456   -0.20148299    0.17344621   -0.29355141
    0.11898316    0.19042093    0.13273456   -0.20148299    0.17345348   -0.29355699
    0.11898765    0.19042515    0.13273456   -0.20148299    0.17346003   -0.29356349
    0.11899158    0.19042989    0.13273456   -0.20148299    0.17346575   -0.29357081
    0.11899488    0.19043510    0.13273456   -0.20148299    0.17347057   -0.29357884
    0.11899750    0.19044067    0.13273456   -0.20148299    0.17347439   -0.29358743
    0.11899941    0.19044653    0.13273456   -0.20148299    0.17347717   -0.29359647
    0.11900056    0.19045259    0.13273456   -0.20148299    0.17347885   -0.29360580
    0.11900643    0.19045874    0.13273789   -0.20148803    0.17348741   -0.29361528
    0.11900600    0.19046558    0.13273789   -0.20148803    0.17348678   -0.29362582
    0.11900472    0.19047230    0.13273789   -0.20148803    0.17348491   -0.29363620
    0.11900260    0.19047882    0.13273789   -0.20148803    0.17348182   -0.29364624
    0.11899968    0.19048502    0.13273789   -0.20148803    0.17347757   -0.29365580
    0.11899601    0.19049080    0.13273789   -0.20148803    0.17347222   -0.29366471
    0.11899165    0.19049608    0.13273789   -0.20148803    0.17346585   -0.29367285
    0.11898665    0.19050077    0.13273789   -0.20148803    0.17345857   -0.29368008
    0.11898111    0.19050480    0.13273789   -0.20148803    0.17345049   -0.29368629
    0.11897511    0.19050810    0.13273789   -0.20148803    0.17344174   -0.29369138
    0.11896874    0.19051062    0.13273789   -0.20148803    0.17343246   -0.29369526
    0.11896210    0.19051233    0.13273789   -0.20148803    0.17342278   -0.29369789
    0.11895530    0.19051318    0.13273789   -0.20148803    0.17341287   -0.29369921
    0.11894845    0.19051318    0.13273789   -0.20148803    0.17340289   -0.29369921
    0.11894166    0.19051233    0.13273789   -0.20148803    0.17339298   -0.29369789
    0.11893502    0.19051062    0.13273789   -0.20148803    0.17338330   -0.29369526
    0.11892865    0.19050810    0.13273789   -0.20148803    0.17337402   -0.29369138
    0.11892265    0.19050480    0.13273789   -0.20148803    0.17336527   -0.29368629
    0.11891710    0.19050077    0.13273789   -0.20148803    0.17335719   -0.29368008
    0.11891211    0.19049608    0.13273789   -0.20148803    0.17334991   -0.29367285
    0.11890774    0.19049080    0.13273789   -0.20148803    0.17334354   -0.29366471
    0.11890407    0.19048502    0.13273789   -0.20148803    0.17333819   -0.29365580
    0.11890116    0.19047882    0.13273789   -0.20148803    0.17333394   -0.29364624
    0.11889904    0.19047230    0.13273789   -0.20148803    0.17333085   -0.29363620
    0.11889775    0.19046558    0.13273789   -0.20148803    0.17332898   -0.29362582
    0.11889732    0.19045874    0.13273789   -0.20148803    0.17332835   -0.29361528
    0.11889775    0.19045190    0.13273789   -0.20148803    0.17332898   -0.29360474
    0.11889904    0.19044517    0.13273789   -0.20148803    0.17333085   -0.29359436
    0.11890116    0.19043866    0.13273789   -0.20148803    0.17333394   -0.29358432
    0.11890407    0.19043246    0.13273789   -0.20148803    0.17333819   -0.29357476
    0.11890774    0.19042667    0.13273789   -0.20148803    0.17334354   -0.29356585
    0.11891211    0.19042139    0.13273789   -0.20148803    0.17334991   -0.29355771
    0.11891710    0.19041670    0.13273789   -0.20148803    0.17335719   -0.29355048
    0.11892265    0.19041268    0.13273789   -0.20148803    0.17336527   -0.29354427
    0.11892865    0.19040938    0.13273789   -0.20148803    0.17337402   -0.29353918
    0.11893502    0.19040685    0.13273789   -0.20148803    0.17338330   -0.29353530
    0.11894166    0.19040515    0.13273789   -0.20148803    0.17339298   -0.29353267
    0.11894845    0.19040429    0.13273789   -0.20148803    0.17340289   -0.29353135
    0.11895530    0.19040429    0.13273789   -0.20148803    0.17341287   -0.29353135
    0.11896210    0.19040515    0.13273789   -0.20148803    0.17342278   -0.29353267
    0.11896874    0.19040685    0.13273789   -0.20148803    0.17343246   -0.29353530
    0.11897511    0.19040938    0.13273789   -0.20148803    0.17344174   -0.29353918
    0.11898111    0.19041268    0.13273789   -0.20148803    0.17345049   -0.29354427
    0.11898665    0.19041670    0.13273789   -0.20148803    0.17345857   -0.29355048
    0.11899165    0.19042139    0.13273789   -0.20148803    0.17346585   -0.29355771
    0.11899601    0.19042667    0.13273789   -0.20148803    0.17347222   -0.29356585
    0.11899968    0.19043246    0.13273789   -0.20148803    0.17347757   -0.29357476
    0.11900260    0.19043866    0.13273789   -0.20148803    0.17348182   -0.29358432
    0.11900472    0.19044517    0.13273789   -0.20148803    0.17348491   -0.29359436
    0.11900600    0.19045190    0.13273789   -0.20148803    0.17348678   -0.29360474
    0.11901169    0.19045874    0.13274155   -0.20149360    0.17349507   -0.29361528
    0.11901122    0.19046623    0.13274155   -0.20149360    0.17349438   -0.29362684
    0.11900981    0.19047361    0.13274155   -0.20149360    0.17349233   -0.29363821
    0.11900749    0.19048076    0.13274155   -0.20149360    0.17348895   -0.29364922
    0.11900429    0.19048755    0.13274155   -0.20149360    0.17348429   -0.29365970
    0.11900027    0.19049389    0.13274155   -0.20149360    0.17347842   -0.29366948
    0.11899548    0.19049968    0.13274155   -0.20149360    0.17347144   -0.29367840
    0.11899000    0.19050482    0.13274155   -0.20149360    0.17346346   -0.29368633
    0.11898393    0.19050924    0.13274155   -0.20149360    0.17345460   -0.29369313
    0.11897734    0.19051286    0.13274155   -0.20149360    0.17344500   -0.29369871
    0.11897036    0.19051562    0.13274155   -0.20149360    0.17343482   -0.29370297
    0.11896309    0.19051749    0.13274155   -0.20149360    0.17342422   -0.29370585
    0.11895563    0.19051843    0.13274155   -0.20149360    0.17341335   -0.29370730
    0.11894812    0.19051843    0.13274155   -0.20149360    0.17340241   -0.29370730
    0.11894067    0.19051749    0.13274155   -0.20149360    0.17339154   -0.29370585
    0.11893340    0.19051562    0.13274155   -0.20149360    0.17338094   -0.29370297
    0.11892641    0.19051286    0.13274155   -0.20149360    0.17337076   -0.29369871
    0.11891983    0.19050924    0.13274155   -0.20149360    0.17336116   -0.29369313
    0.11891375    0.19050482    0.13274155   -0.20149360    0.17335230   -0.29368633
    0.11890828    0.19049968    0.13274155   -0.20149360    0.17334432   -0.29367840
    0.11890349    0.19049389    0.13274155   -0.20149360    0.17333734   -0.29366948
    0.11889947    0.19048755    0.13274155   -0.20149360    0.17333147   -0.29365970
    0.11889627    0.19048076    0.13274155   -0.20149360    0.17332681   -0.29364922
    0.11889395    0.19047361    0.13274155   -0.20149360    0.17332343   -0.29363821
    0.11889254    0.19046623    0.13274155   -0.20149360    0.17332138   -0.29362684
    0.11889207    0.19045874    0.13274155   -0.20149360    0.17332069   -0.29361528
    0.11889254    0.19045124    0.13274155   -0.20149360    0.17332138   -0.29360372
    0.11889395    0.19044386    0.13274155   -0.20149360    0.17332343   -0.29359235
    0.11889627    0.19043672    0.13274155   -0.20149360    0.17332681   -0.29358134
    0.11889947    0.19042992    0.13274155   -0.20149360    0.17333147   -0.29357086
    0.11890349    0.19042358    0.13274155   -0.20149360    0.17333734   -0.29356108
    0.11890828    0.19041779    0.13274155   -0.20149360    0.17334432   -0.29355216
    0.11891375    0.19041265    0.13274155   -0.20149360    0.17335230   -0.29354423
    0.11891983    0.19040824    0.13274155   -0.20149360    0.17336116   -0.29353743
    0.11892641    0.19040462    0.13274155   -0.20149360    0.17337076   -0.29353185
    0.11893340    0.19040185    0.13274155   -0.20149360    0.17338094   -0.29352759
    0.11894067    0.19039999    0.13274155   -0.20149360    0.17339154   -0.29352471
    0.11894812    0.19039905    0.13274155   -0.20149360    0.17340241   -0.29352326
    0.11895563    0.19039905    0.13274155   -0.20149360    0.17341335   -0.29352326
    0.11896309    0.19039999    0.13274155   -0.20149360    0.17342422   -0.29352471
    0.11897036    0.19040185    0.13274155   -0.20149360    0.17343482   -0.29352759
    0.11897734    0.19040462    0.13274155   -0.20149360    0.17344500   -0.29353185
    0.11898393    0.19040824    0.13274155   -0.20149360    0.17345460   -0.29353743
    0.11899000    0.19041265    0.13274155   -0.20149360    0.17346346   -0.29354423
    0.11899548    0.19041779    0.13274155   -0.20149360    0.17347144   -0.29355216
    0.11900027    0.19042358    0.13274155   -0.20149360    0.17347842   -0.29356108
    0.11900429    0.19042992    0.13274155   -0.20149360    0.17348429   -0.29357086
    0.11900749    0.19043672    0.13274155   -0.20149360    0.17348895   -0.29358134
    0.11900981    0.19044386    0.13274155   -0.20149360    0.17349233   -0.29359235
    0.11901122    0.19045124    0.13274155   -0.20149360    0.17349438   -0.29360372
    0.11901670    0.19045874    0.13274555   -0.20149967    0.17350238   -0.29361528
    0.11901619    0.19046686    0.13274555   -0.20149967    0.17350163   -0.29362780
    0.11901466    0.19047486    0.13274555   -0.20149967    0.17349941   -0.29364013
    0.11901215    0.19048260    0.13274555   -0.20149967    0.17349574   -0.29365207
    0.11900868    0.19048997    0.13274555   -0.20149967    0.17349069   -0.29366342
    0.11900432    0.19049684    0.13274555   -0.20149967    0.17348433   -0.29367402
    0.11899913    0.19050311    0.13274555   -0.20149967    0.17347677   -0.29368369
    0.11899320    0.19050868    0.13274555   -0.20149967    0.17346812   -0.29369228
    0.11898661    0.19051347    0.13274555   -0.20149967    0.17345851   -0.29369966
    0.11897948    0.19051739    0.13274555   -0.20149967    0.17344812   -0.29370570
    0.11897191    0.19052039    0.13274555   -0.20149967    0.17343708   -0.29371032
    0.11896402    0.19052241    0.13274555   -0.20149967    0.17342559   -0.29371344
    0.11895595    0.19052343    0.13274555   -0.20149967    0.17341381   -0.29371502
    0.11894781    0.19052343    0.13274555   -0.20149967    0.17340195   -0.29371502
    0.11893973    0.19052241    0.13274555   -0.20149967    0.17339017   -0.29371344
    0.11893185    0.19052039    0.13274555   -0.20149967    0.17337868   -0.29371032
    0.11892428    0.19051739    0.13274555   -0.20149967    0.17336764   -0.29370570
    0.11891714    0.19051347    0.13274555   -0.20149967    0.17335725   -0.29369966
    0.11891056    0.19050868    0.13274555   -0.20149967    0.17334764   -0.29369228
    0.11890462    0.19050311    0.13274555   -0.20149967    0.17333899   -0.29368369
    0.11889944    0.19049684    0.13274555   -0.20149967    0.17333143   -0.29367402
    0.11889507    0.19048997    0.13274555   -0.20149967    0.17332507   -0.29366342
    0.11889161    0.19048260    0.13274555   -0.20149967    0.17332002   -0.29365207
    0.11888909    0.19047486    0.13274555   -0.20149967    0.17331635   -0.29364013
    0.11888757    0.19046686    0.13274555   -0.20149967    0.17331413   -0.29362780
    0.11888706    0.19045874    0.13274555   -0.20149967    0.17331338   -0.29361528
    0.11888757    0.19045061    0.13274555   -0.20149967    0.17331413   -0.29360276
    0.11888909    0.19044262    0.13274555   -0.20149967    0.17331635   -0.29359043
    0.11889161    0.19043488    0.13274555   -0.20149967    0.17332002   -0.29357849
    0.11889507    0.19042751    0.13274555   -0.20149967    0.17332507   -0.29356714
    0.11889944    0.19042064    0.13274555   -0.20149967    0.17333143   -0.29355654
    0.11890462    0.19041436    0.13274555   -0.20149967    0.17333899   -0.29354687
    0.11891056    0.19040879    0.13274555   -0.20149967    0.17334764   -0.29353828
    0.11891714    0.19040401    0.13274555   -0.20149967    0.17335725   -0.29353090
    0.11892428    0.19040008    0.13274555   -0.20149967    0.17336764   -0.29352486
    0.11893185    0.19039709    0.13274555   -0.20149967    0.17337868   -0.29352024
    0.11893973    0.19039506    0.13274555   -0.20149967    0.17339017   -0.29351712
    0.11894781    0.19039404    0.13274555   -0.20149967    0.17340195   -0.29351554
    0.11895595    0.19039404    0.13274555   -0.20149967    0.17341381   -0.29351554
    0.11896402    0.19039506    0.13274555   -0.20149967    0.17342559   -0.29351712
    0.11897191    0.19039709    0.13274555   -0.20149967    0.17343708   -0.29352024
    0.11897948    0.19040008    0.13274555   -0.20149967    0.17344812   -0.29352486
    0.11898661    0.19040401    0.13274555   -0.20149967    0.17345851   -0.29353090
    0.11899320    0.19040879    0.13274555   -0.20149967    0.17346812   -0.29353828
    0.11899913    0.19041436    0.13274555   -0.20149967    0.17347677   -0.29354687
    0.11900432    0.19042064    0.13274555   -0.20149967    0.17348433   -0.29355654
    0.11900868    0.19042751    0.13274555   -0.20149967    0.17349069   -0.29356714
    0.11901215    0.19043488    0.13274555   -0.20149967    0.17349574   -0.29357849
    0.11901466    0.19044262    0.13274555   -0.20149967    0.17349941   -0.29359043
    0.11901619    0.19045061    0.13274555   -0.20149967    0.17350163   -0.29360276
    0.11902145    0.19045874    0.13274986   -0.20150621    0.17350930   -0.29361528
    0.11902090    0.19046746    0.13274986   -0.20150621    0.17350850   -0.29362872
    0.11901926    0.19047604    0.13274986   -0.20150621    0.17350611   -0.29364195
    0.11901656    0.19048435    0.13274986   -0.20150621    0.17350217   -0.29365476
    0.11901284    0.19049225    0.13274986   -0.20150621    0.17349675   -0.29366695
    0.11900816    0.19049963    0.13274986   -0.20150621    0.17348993   -0.29367832
    0.11900259    0.19050636    0.13274986   -0.20150621    0.17348181   -0.29368870
    0.11899622    0.19051234    0.13274986   -0.20150621    0.17347253   -0.29369792
    0.11898915    0.19051748    0.13274986   -0.20150621    0.17346222   -0.29370583
    0.11898150    0.19052169    0.13274986   -0.20150621    0.17345106   -0.29371232
    0.11897338    0.19052490    0.13274986   -0.20150621    0.17343922   -0.29371728
    0.11896491    0.19052707    0.13274986   -0.20150621    0.17342688   -0.29372063
    0.11895625    0.19052817    0.13274986   -0.20150621    0.17341425   -0.29372232
    0.11894751    0.19052817    0.13274986   -0.20150621    0.17340151   -0.29372232
    0.11893884    0.19052707    0.13274986   -0.20150621    0.17338888   -0.29372063
    0.11893038    0.19052490    0.13274986   -0.20150621    0.17337654   -0.29371728
    0.11892226    0.19052169    0.13274986   -0.20150621    0.17336470   -0.29371232
    0.11891460    0.19051748    0.13274986   -0.20150621    0.17335354   -0.29370583
    0.11890753    0.19051234    0.13274986   -0.20150621    0.17334323   -0.29369792
    0.11890116    0.19050636    0.13274986   -0.20150621    0.17333395   -0.29368870
    0.11889560    0.19049963    0.13274986   -0.20150621    0.17332583   -0.29367832
    0.11889091    0.19049225    0.13274986   -0.20150621    0.17331901   -0.29366695
    0.11888720    0.19048435    0.13274986   -0.20150621    0.17331359   -0.29365476
    0.11888450    0.19047604    0.13274986   -0.20150621    0.17330965   -0.29364195
    0.11888286    0.19046746    0.13274986   -0.20150621    0.17330726   -0.29362872
    0.11888231    0.19045874    0.13274986   -0.20150621    0.17330646   -0.29361528
    0.11888286    0.19045002    0.13274986   -0.20150621    0.17330726   -0.29360184
    0.11888450    0.19044144    0.13274986   -0.20150621    0.17330965   -0.29358861
    0.11888720    0.19043313    0.13274986   -0.20150621    0.17331359   -0.29357580
    0.11889091    0.19042522    0.13274986   -0.20150621    0.17331901   -0.29356361
    0.11889560    0.19041785    0.13274986   -0.20150621    0.17332583   -0.29355224
    0.11890116    0.19041112    0.13274986   -0.20150621    0.17333395   -0.29354186
    0.11890753    0.19040513    0.13274986   -0.20150621    0.17334323   -0.29353264
    0.11891460    0.19040000    0.13274986   -0.20150621    0.17335354   -0.29352473
    0.11892226    0.19039579    0.13274986   -0.20150621    0.17336470   -0.29351824
    0.11893038    0.19039257    0.13274986   -0.20150621    0.17337654   -0.29351328
    0.11893884    0.19039040    0.13274986   -0.20150621    0.17338888   -0.29350993
    0.11894751    0.19038931    0.13274986   -0.20150621    0.17340151   -0.29350824
    0.11895625    0.19038931    0.13274986   -0.20150621    0.17341425   -0.29350824
    0.11896491    0.19039040    0.13274986   -0.20150621    0.17342688   -0.29350993
    0.11897338    0.19039257    0.13274986   -0.20150621    0.17343922   -0.29351328
    0.11898150    0.19039579    0.13274986   -0.20150621    0.17345106   -0.29351824
    0.11898915    0.19040000    0.13274986   -0.20150621    0.17346222   -0.29352473
    0.11899622    0.19040513    0.13274986   -0.20150621    0.17347253   -0.29353264
    0.11900259    0.19041112    0.13274986   -0.20150621    0.17348181   -0.29354186
    0.11900816    0.19041785    0.13274986   -0.20150621    0.17348993   -0.29355224
    0.11901284    0.19042522    0.13274986   -0.20150621    0.17349675   -0.29356361
    0.11901656    0.19043313    0.13274986   -0.20150621    0.17350217   -0.29357580
    0.11901926    0.19044144    0.13274986   -0.20150621    0.17350611   -0.29358861
    0.11902090    0.19045002    0.13274986   -0.20150621    0.17350850   -0.29360184
    0.11902591    0.19045874    0.13275447   -0.20151320    0.17351580   -0.29361528
    0.11902532    0.19046802    0.13275447   -0.20151320    0.17351495   -0.29362958
    0.11902358    0.19047715    0.13275447   -0.20151320    0.17351241   -0.29364366
    0.11902071    0.19048599    0.13275447   -0.20151320    0.17350822   -0.29365729
    0.11901675    0.19049440    0.13275447   -0.20151320    0.17350245   -0.29367026
    0.11901177    0.19050225    0.13275447   -0.20151320    0.17349519   -0.29368236
    0.11900584    0.19050941    0.13275447   -0.20151320    0.17348655   -0.29369340
    0.11899907    0.19051578    0.13275447   -0.20151320    0.17347667   -0.29370321
    0.11899154    0.19052124    0.13275447   -0.20151320    0.17346571   -0.29371164
    0.11898340    0.19052572    0.13275447   -0.20151320    0.17345383   -0.29371854
    0.11897475    0.19052914    0.13275447   -0.20151320    0.17344123   -0.29372382
    0.11896575    0.19053145    0.13275447   -0.20151320    0.17342810   -0.29372738
    0.11895653    0.19053262    0.13275447   -0.20151320    0.17341466   -0.29372918
    0.11894723    0.19053262    0.13275447   -0.20151320    0.17340110   -0.29372918
    0.11893801    0.19053145    0.13275447   -0.20151320    0.17338766   -0.29372738
    0.11892900    0.19052914    0.13275447   -0.20151320    0.17337453   -0.29372382
    0.11892036    0.19052572    0.13275447   -0.20151320    0.17336193   -0.29371854
    0.11891221    0.19052124    0.13275447   -0.20151320    0.17335005   -0.29371164
    0.11890469    0.19051578    0.13275447   -0.20151320    0.17333909   -0.29370321
    0.11889791    0.19050941    0.13275447   -0.20151320    0.17332921   -0.29369340
    0.11889199    0.19050225    0.13275447   -0.20151320    0.17332057   -0.29368236
    0.11888701    0.19049440    0.13275447   -0.20151320    0.17331331   -0.29367026
    0.11888305    0.19048599    0.13275447   -0.20151320    0.17330754   -0.29365729
    0.11888018    0.19047715    0.13275447   -0.20151320    0.17330335   -0.29364366
    0.11887843    0.19046802    0.13275447   -0.20151320    0.17330081   -0.29362958
    0.11887785    0.19045874    0.13275447   -0.20151320    0.17329996   -0.29361528
    0.11887843    0.19044946    0.13275447   -0.20151320    0.17330081   -0.29360098
    0.11888018    0.19044033    0.13275447   -0.20151320    0.17330335   -0.29358690
    0.11888305    0.19043149    0.13275447   -0.20151320    0.17330754   -0.29357327
    0.11888701    0.19042307    0.13275447   -0.20151320    0.17331331   -0.29356030
    0.11889199    0.19041523    0.13275447   -0.20151320    0.17332057   -0.29354820
    0.11889791    0.19040806    0.13275447   -0.20151320    0.17332921   -0.29353716
    0.11890469    0.19040170    0.13275447   -0.20151320    0.17333909   -0.29352735
    0.11891221    0.19039623    0.13275447   -0.20151320    0.17335005   -0.29351892
    0.11892036    0.19039176    0.13275447   -0.20151320    0.17336193   -0.29351202
    0.11892900    0.19038833    0.13275447   -0.20151320    0.17337453   -0.29350674
    0.11893801    0.19038602    0.13275447   -0.20151320    0.17338766   -0.29350318
    0.11894723    0.19038486    0.13275447   -0.20151320    0.17340110   -0.29350138
    0.11895653    0.19038486    0.13275447   -0.20151320    0.17341466   -0.29350138
    0.11896575    0.19038602    0.13275447   -0.20151320    0.17342810   -0.29350318
    0.11897475    0.19038833    0.13275447   -0.20151320    0.17344123   -0.29350674
    0.11898340    0.19039176    0.13275447   -0.20151320    0.17345383   -0.29351202
    0.11899154    0.19039623    0.13275447   -0.20151320    0.17346571   -0.29351892
    0.11899907    0.19040170    0.13275447   -0.20151320    0.17347667   -0.29352735
    0.11900584    0.19040806    0.13275447   -0.20151320    0.17348655   -0.29353716
    0.11901177    0.19041523    0.13275447   -0.20151320    0.17349519   -0.29354820
    0.11901675    0.19042307    0.13275447   -0.20151320    0.17350245   -0.29356030
    0.11902071    0.19043149    0.13275447   -0.20151320    0.17350822   -0.29357327
    0.11902358    0.19044033    0.13275447   -0.20151320    0.17351241   -0.29358690
    0.11902532    0.19044946    0.13275447   -0.20151320    0.17351495   -0.29360098
    0.11903006    0.19045874    0.13275935   -0.20152061    0.17352186   -0.29361528
    0.11902944    0.19046854    0.13275935   -0.20152061    0.17352096   -0.29363039
    0.11902760    0.19047818    0.13275935   -0.20152061    0.17351827   -0.29364525
    0.11902457    0.19048752    0.13275935   -0.20152061    0.17351385   -0.29365965
    0.11902039    0.19049640    0.13275935   -0.20152061    0.17350776   -0.29367335
    0.11901513    0.19050469    0.13275935   -0.20152061    0.17350009   -0.29368613
    0.11900887    0.19051226    0.13275935   -0.20152061    0.17349096   -0.29369779
    0.11900171    0.19051898    0.13275935   -0.20152061    0.17348053   -0.29370815
    0.11899377    0.19052475    0.13275935   -0.20152061    0.17346895   -0.29371705
    0.11898517    0.19052948    0.13275935   -0.20152061    0.17345641   -0.29372434
    0.11897604    0.19053309    0.13275935   -0.20152061    0.17344310   -0.29372991
    0.11896653    0.19053554    0.13275935   -0.20152061    0.17342924   -0.29373367
    0.11895679    0.19053677    0.13275935   -0.20152061    0.17341504   -0.29373557
    0.11894697    0.19053677    0.13275935   -0.20152061    0.17340072   -0.29373557
    0.11893723    0.19053554    0.13275935   -0.20152061    0.17338652   -0.29373367
    0.11892772    0.19053309    0.13275935   -0.20152061    0.17337266   -0.29372991
    0.11891859    0.19052948    0.13275935   -0.20152061    0.17335935   -0.29372434
    0.11890999    0.19052475    0.13275935   -0.20152061    0.17334681   -0.29371705
    0.11890204    0.19051898    0.13275935   -0.20152061    0.17333523   -0.29370815
    0.11889488    0.19051226    0.13275935   -0.20152061    0.17332480   -0.29369779
    0.11888863    0.19050469    0.13275935   -0.20152061    0.17331567   -0.29368613
    0.11888337    0.19049640    0.13275935   -0.20152061    0.17330800   -0.29367335
    0.11887919    0.19048752    0.13275935   -0.20152061    0.17330191   -0.29365965
    0.11887615    0.19047818    0.13275935   -0.20152061    0.17329749   -0.29364525
    0.11887431    0.19046854    0.13275935   -0.20152061    0.17329480   -0.29363039
    0.11887369    0.19045874    0.13275935   -0.20152061    0.17329390   -0.29361528
    0.11887431    0.19044894    0.13275935   -0.20152061    0.17329480   -0.29360017
    0.11887615    0.19043929    0.13275935   -0.20152061    0.17329749   -0.29358531
    0.11887919    0.19042996    0.13275935   -0.20152061    0.17330191   -0.29357091
    0.11888337    0.19042107    0.13275935   -0.20152061    0.17330800   -0.29355721
    0.11888863    0.19041278    0.13275935   -0.20152061    0.17331567   -0.29354443
    0.11889488    0.19040522    0.13275935   -0.20152061    0.17332480   -0.29353277
    0.11890204    0.19039850    0.13275935   -0.20152061    0.17333523   -0.29352241
    0.11890999    0.19039273    0.13275935   -0.20152061    0.17334681   -0.29351351
    0.11891859    0.19038800    0.13275935   -0.20152061    0.17335935   -0.29350622
    0.11892772    0.19038438    0.13275935   -0.20152061    0.17337266   -0.29350065
    0.11893723    0.19038194    0.13275935   -0.20152061    0.17338652   -0.29349689
    0.11894697    0.19038071    0.13275935   -0.20152061    0.17340072   -0.29349499
    0.11895679    0.19038071    0.13275935   -0.20152061    0.17341504   -0.29349499
    0.11896653    0.19038194    0.13275935   -0.20152061    0.17342924   -0.29349689
    0.11897604    0.19038438    0.13275935   -0.20152061    0.17344310   -0.29350065
    0.11898517    0.19038800    0.13275935   -0.20152061    0.17345641   -0.29350622
    0.11899377    0.19039273    0.13275935   -0.20152061    0.17346895   -0.29351351
    0.11900171    0.19039850    0.13275935   -0.20152061    0.17348053   -0.29352241
    0.11900887    0.19040522    0.13275935   -0.20152061    0.17349096   -0.29353277
    0.11901513    0.19041278    0.13275935   -0.20152061    0.17350009   -0.29354443
    0.11902039    0.19042107    0.13275935   -0.20152061    0.17350776   -0.29355721
    0.11902457    0.19042996    0.13275935   -0.20152061    0.17351385   -0.29357091
    0.11902760    0.19043929    0.13275935   -0.20152061    0.17351827   -0.29358531
    0.11902944    0.19044894    0.13275935   -0.20152061    0.17352096   -0.29360017
    0.11903390    0.19045874    0.13276448   -0.20152841    0.17352744   -0.29361528
    0.11903325    0.19046902    0.13276448   -0.20152841    0.17352650   -0.29363113
    0.11903132    0.19047913    0.13276448   -0.20152841    0.17352369   -0.29364672
    0.11902814    0.19048893    0.13276448   -0.20152841    0.17351905   -0.29366183
    0.11902375    0.19049825    0.13276448   -0.20152841    0.17351266   -0.29367619
    0.11901823    0.19050695    0.13276448   -0.20152841    0.17350461   -0.29368960
    0.11901167    0.19051488    0.13276448   -0.20152841    0.17349504   -0.29370183
    0.11900416    0.19052193    0.13276448   -0.20152841    0.17348409   -0.29371270
    0.11899583    0.19052799    0.13276448   -0.20152841    0.17347195   -0.29372204
    0.11898680    0.19053295    0.13276448   -0.20152841    0.17345879   -0.29372969
    0.11897722    0.19053674    0.13276448   -0.20152841    0.17344483   -0.29373553
    0.11896725    0.19053930    0.13276448   -0.20152841    0.17343028   -0.29373948
    0.11895703    0.19054059    0.13276448   -0.20152841    0.17341539   -0.29374147
    0.11894673    0.19054059    0.13276448   -0.20152841    0.17340037   -0.29374147
    0.11893651    0.19053930    0.13276448   -0.20152841    0.17338548   -0.29373948
    0.11892653    0.19053674    0.13276448   -0.20152841    0.17337093   -0.29373553
    0.11891696    0.19053295    0.13276448   -0.20152841    0.17335697   -0.29372969
    0.11890793    0.19052799    0.13276448   -0.20152841    0.17334381   -0.29372204
    0.11889960    0.19052193    0.13276448   -0.20152841    0.17333167   -0.29371270
    0.11889209    0.19051488    0.13276448   -0.20152841    0.17332072   -0.29370183
    0.11888552    0.19050695    0.13276448   -0.20152841    0.17331115   -0.29368960
    0.11888001    0.19049825    0.13276448   -0.20152841    0.17330310   -0.29367619
    0.11887562    0.19048893    0.13276448   -0.20152841    0.17329671   -0.29366183
    0.11887244    0.19047913    0.13276448   -0.20152841    0.17329207   -0.29364672
    0.11887051    0.19046902    0.13276448   -0.20152841    0.17328926   -0.29363113
    0.11886986    0.19045874    0.13276448   -0.20152841    0.17328832   -0.29361528
    0.11887051    0.19044846    0.13276448   -0.20152841    0.17328926   -0.29359943
    0.11887244    0.19043834    0.13276448   -0.20152841    0.17329207   -0.29358384
    0.11887562    0.19042855    0.13276448   -0.20152841    0.17329671   -0.29356873
    0.11888001    0.19041923    0.13276448   -0.20152841    0.17330310   -0.29355437
    0.11888552    0.19041053    0.13276448   -0.20152841    0.17331115   -0.29354096
    0.11889209    0.19040259    0.13276448   -0.20152841    0.17332072   -0.29352873
    0.11889960    0.19039554    0.13276448   -0.20152841    0.17333167   -0.29351786
    0.11890793    0.19038949    0.13276448   -0.20152841    0.17334381   -0.29350852
    0.11891696    0.19038453    0.13276448   -0.20152841    0.17335697   -0.29350087
    0.11892653    0.19038074    0.13276448   -0.20152841    0.17337093   -0.29349503
    0.11893651    0.19037817    0.13276448   -0.20152841    0.17338548   -0.29349108
    0.11894673    0.19037688    0.13276448   -0.20152841    0.17340037   -0.29348909
    0.11895703    0.19037688    0.13276448   -0.20152841    0.17341539   -0.29348909
    0.11896725    0.19037817    0.13276448   -0.20152841    0.17343028   -0.29349108
    0.11897722    0.19038074    0.13276448   -0.20152841    0.17344483   -0.29349503
    0.11898680    0.19038453    0.13276448   -0.20152841    0.17345879   -0.29350087
    0.11899583    0.19038949    0.13276448   -0.20152841    0.17347195   -0.29350852
    0.11900416    0.19039554    0.13276448   -0.20152841    0.17348409   -0.29351786
    0.11901167    0.19040259    0.13276448   -0.20152841    0.17349504   -0.29352873
    0.11901823    0.19041053    0.13276448   -0.20152841    0.17350461   -0.29354096
    0.11902375    0.19041923    0.13276448   -0.20152841    0.17351266   -0.29355437
    0.11902814    0.19042855    0.13276448   -0.20152841    0.17351905   -0.29356873
    0.11903132    0.19043834    0.13276448   -0.20152841    0.17352369   -0.29358384
    0.11903325    0.19044846    0.13276448   -0.20152841    0.17352650   -0.29359943
    0.11903739    0.19045874    0.13276986   -0.20153656    0.17353254   -0.29361528
    0.11903672    0.19046946    0.13276986   -0.20153656    0.17353156   -0.29363180
    0.11903471    0.19048000    0.13276986   -0.20153656    0.17352863   -0.29364806
    0.11903139    0.19049022    0.13276986   -0.20153656    0.17352379   -0.29366381
    0.11902681    0.19049993    0.13276986   -0.20153656    0.17351712   -0.29367879
    0.11902106    0.19050900    0.13276986   -0.20153656    0.17350873   -0.29369277
    0.11901422    0.19051728    0.13276986   -0.20153656    0.17349876   -0.29370552
    0.11900639    0.19052463    0.13276986   -0.20153656    0.17348734   -0.29371686
    0.11899770    0.19053094    0.13276986   -0.20153656    0.17347468   -0.29372659
    0.11898829    0.19053611    0.13276986   -0.20153656    0.17346096   -0.29373456
    0.11897830    0.19054007    0.13276986   -0.20153656    0.17344640   -0.29374066
    0.11896790    0.19054274    0.13276986   -0.20153656    0.17343124   -0.29374478
    0.11895725    0.19054408    0.13276986   -0.20153656    0.17341571   -0.29374685
    0.11894651    0.19054408    0.13276986   -0.20153656    0.17340005   -0.29374685
    0.11893585    0.19054274    0.13276986   -0.20153656    0.17338452   -0.29374478
    0.11892545    0.19054007    0.13276986   -0.20153656    0.17336936   -0.29374066
    0.11891547    0.19053611    0.13276986   -0.20153656    0.17335480   -0.29373456
    0.11890606    0.19053094    0.13276986   -0.20153656    0.17334108   -0.29372659
    0.11889737    0.19052463    0.13276986   -0.20153656    0.17332842   -0.29371686
    0.11888954    0.19051728    0.13276986   -0.20153656    0.17331700   -0.29370552
    0.11888270    0.19050900    0.13276986   -0.20153656    0.17330703   -0.29369277
    0.11887694    0.19049993    0.13276986   -0.20153656    0.17329864   -0.29367879
    0.11887237    0.19049022    0.13276986   -0.20153656    0.17329197   -0.29366381
    0.11886905    0.19048000    0.13276986   -0.20153656    0.17328713   -0.29364806
    0.11886704    0.19046946    0.13276986   -0.20153656    0.17328420   -0.29363180
    0.11886636    0.19045874    0.13276986   -0.20153656    0.17328322   -0.29361528
    0.11886704    0.19044802    0.13276986   -0.20153656    0.17328420   -0.29359876
    0.11886905    0.19043747    0.13276986   -0.20153656    0.17328713   -0.29358250
    0.11887237    0.19042726    0.13276986   -0.20153656    0.17329197   -0.29356675
    0.11887694    0.19041754    0.13276986   -0.20153656    0.17329864   -0.29355177
    0.11888270    0.19040847    0.13276986   -0.20153656    0.17330703   -0.29353779
    0.11888954    0.19040020    0.13276986   -0.20153656    0.17331700   -0.29352504
    0.11889737    0.19039285    0.13276986   -0.20153656    0.17332842   -0.29351370
    0.11890606    0.19038654    0.13276986   -0.20153656    0.17334108   -0.29350397
    0.11891547    0.19038136    0.13276986   -0.20153656    0.17335480   -0.29349600
    0.11892545    0.19037741    0.13276986   -0.20153656    0.17336936   -0.29348990
    0.11893585    0.19037474    0.13276986   -0.20153656    0.17338452   -0.29348578
    0.11894651    0.19037339    0.13276986   -0.20153656    0.17340005   -0.29348371
    0.11895725    0.19037339    0.13276986   -0.20153656    0.17341571   -0.29348371
    0.11896790    0.19037474    0.13276986   -0.20153656    0.17343124   -0.29348578
    0.11897830    0.19037741    0.13276986   -0.20153656    0.17344640   -0.29348990
    0.11898829    0.19038136    0.13276986   -0.20153656    0.17346096   -0.29349600
    0.11899770    0.19038654    0.13276986   -0.20153656    0.17347468   -0.29350397
    0.11900639    0.19039285    0.13276986   -0.20153656    0.17348734   -0.29351370
    0.11901422    0.19040020    0.13276986   -0.20153656    0.17349876   -0.29352504
    0.11902106    0.19040847    0.13276986   -0.20153656    0.17350873   -0.29353779
    0.11902681    0.19041754    0.13276986   -0.20153656    0.17351712   -0.29355177
    0.11903139    0.19042726    0.13276986   -0.20153656    0.17352379   -0.29356675
    0.11903471    0.19043747    0.13276986   -0.20153656    0.17352863   -0.29358250
    0.11903672    0.19044802    0.13276986   -0.20153656    0.17353156   -0.29359876
    0.11904054    0.19045874    0.13277544   -0.20154504    0.17353713   -0.29361528
    0.11903984    0.19046985    0.13277544   -0.20154504    0.17353611   -0.29363241
    0.11903775    0.19048079    0.13277544   -0.20154504    0.17353307   -0.29364927
    0.11903431    0.19049138    0.13277544   -0.20154504    0.17352805   -0.29366560
    0.11902957    0.19050145    0.13277544   -0.20154504    0.17352114   -0.29368113
    0.11902361    0.19051085    0.13277544   -0.20154504    0.17351244   -0.29369562
    0.11901651    0.19051943    0.13277544   -0.20154504    0.17350210   -0.29370884
    0.11900839    0.19052705    0.13277544   -0.20154504    0.17349027   -0.29372059
    0.11899938    0.19053360    0.13277544   -0.20154504    0.17347713   -0.29373068
    0.11898963    0.19053896    0.13277544   -0.20154504    0.17346291   -0.29373895
    0.11897928    0.19054306    0.13277544   -0.20154504    0.17344782   -0.29374527
    0.11896849    0.19054583    0.13277544   -0.20154504    0.17343210   -0.29374954
    0.11895744    0.19054722    0.13277544   -0.20154504    0.17341600   -0.29375169
    0.11894631    0.19054722    0.13277544   -0.20154504    0.17339976   -0.29375169
    0.11893526    0.19054583    0.13277544   -0.20154504    0.17338366   -0.29374954
    0.11892448    0.19054306    0.13277544   -0.20154504    0.17336794   -0.29374527
    0.11891413    0.19053896    0.13277544   -0.20154504    0.17335285   -0.29373895
    0.11890437    0.19053360    0.13277544   -0.20154504    0.17333863   -0.29373068
    0.11889536    0.19052705    0.13277544   -0.20154504    0.17332549   -0.29372059
    0.11888725    0.19051943    0.13277544   -0.20154504    0.17331366   -0.29370884
    0.11888015    0.19051085    0.13277544   -0.20154504    0.17330332   -0.29369562
    0.11887418    0.19050145    0.13277544   -0.20154504    0.17329462   -0.29368113
    0.11886944    0.19049138    0.13277544   -0.20154504    0.17328771   -0.29366560
    0.11886600    0.19048079    0.13277544   -0.20154504    0.17328269   -0.29364927
    0.11886392    0.19046985    0.13277544   -0.20154504    0.17327965   -0.29363241
    0.11886322    0.19045874    0.13277544   -0.20154504    0.17327863   -0.29361528
    0.11886392    0.19044763    0.13277544   -0.20154504    0.17327965   -0.29359815
    0.11886600    0.19043669    0.13277544   -0.20154504    0.17328269   -0.29358129
    0.11886944    0.19042610    0.13277544   -0.20154504    0.17328771   -0.29356496
    0.11887418    0.19041603    0.13277544   -0.20154504    0.17329462   -0.29354943
    0.11888015    0.19040663    0.13277544   -0.20154504    0.17330332   -0.29353494
    0.11888725    0.19039805    0.13277544   -0.20154504    0.17331366   -0.29352172
    0.11889536    0.19039042    0.13277544   -0.20154504    0.17332549   -0.29350997
    0.11890437    0.19038388    0.13277544   -0.20154504    0.17333863   -0.29349988
    0.11891413    0.19037852    0.13277544   -0.20154504    0.17335285   -0.29349161
    0.11892448    0.19037442    0.13277544   -0.20154504    0.17336794   -0.29348529
    0.11893526    0.19037165    0.13277544   -0.20154504    0.17338366   -0.29348102
    0.11894631    0.19037025    0.13277544   -0.20154504    0.17339976   -0.29347887
    0.11895744    0.19037025    0.13277544   -0.20154504    0.17341600   -0.29347887
    0.11896849    0.19037165    0.13277544   -0.20154504    0.17343210   -0.29348102
    0.11897928    0.19037442    0.13277544   -0.20154504    0.17344782   -0.29348529
    0.11898963    0.19037852    0.13277544   -0.20154504    0.17346291   -0.29349161
    0.11899938    0.19038388    0.13277544   -0.20154504    0.17347713   -0.29349988
    0.11900839    0.19039042    0.13277544   -0.20154504    0.17349027   -0.29350997
    0.11901651    0.19039805    0.13277544   -0.20154504    0.17350210   -0.29352172
    0.11902361    0.19040663    0.13277544   -0.20154504    0.17351244   -0.29353494
    0.11902957    0.19041603    0.13277544   -0.20154504    0.17352114   -0.29354943
    0.11903431    0.19042610    0.13277544   -0.20154504    0.17352805   -0.29356496
    0.11903775    0.19043669    0.13277544   -0.20154504    0.17353307   -0.29358129
    0.11903984    0.19044763    0.13277544   -0.20154504    0.17353611   -0.29359815
    0.11904332    0.19045874    0.13278122   -0.20155381    0.17354118   -0.29361528
    0.11904260    0.19047020    0.13278122   -0.20155381    0.17354013   -0.29363295
    0.11904045    0.19048148    0.13278122   -0.20155381    0.17353699   -0.29365034
    0.11903690    0.19049240    0.13278122   -0.20155381    0.17353182   -0.29366717
    0.11903201    0.19050279    0.13278122   -0.20155381    0.17352469   -0.29368319
    0.11902586    0.19051249    0.13278122   -0.20155381    0.17351572   -0.29369814
    0.11901854    0.19052133    0.13278122   -0.20155381    0.17350505   -0.29371178
    0.11901016    0.19052919    0.13278122   -0.20155381    0.17349285   -0.29372390
    0.11900087    0.19053594    0.13278122   -0.20155381    0.17347931   -0.29373430
    0.11899081    0.19054148    0.13278122   -0.20155381    0.17346464   -0.29374283
    0.11898013    0.19054570    0.13278122   -0.20155381    0.17344907   -0.29374935
    0.11896901    0.19054856    0.13278122   -0.20155381    0.17343286   -0.29375375
    0.11895762    0.19055000    0.13278122   -0.20155381    0.17341625   -0.29375597
    0.11894614    0.19055000    0.13278122   -0.20155381    0.17339951   -0.29375597
    0.11893474    0.19054856    0.13278122   -0.20155381    0.17338290   -0.29375375
    0.11892362    0.19054570    0.13278122   -0.20155381    0.17336669   -0.29374935
    0.11891294    0.19054148    0.13278122   -0.20155381    0.17335112   -0.29374283
    0.11890288    0.19053594    0.13278122   -0.20155381    0.17333645   -0.29373430
    0.11889359    0.19052919    0.13278122   -0.20155381    0.17332291   -0.29372390
    0.11888522    0.19052133    0.13278122   -0.20155381    0.17331071   -0.29371178
    0.11887790    0.19051249    0.13278122   -0.20155381    0.17330004   -0.29369814
    0.11887175    0.19050279    0.13278122   -0.20155381    0.17329107   -0.29368319
    0.11886686    0.19049240    0.13278122   -0.20155381    0.17328394   -0.29366717
    0.11886331    0.19048148    0.13278122   -0.20155381    0.17327877   -0.29365034
    0.11886116    0.19047020    0.13278122   -0.20155381    0.17327563   -0.29363295
    0.11886044    0.19045874    0.13278122   -0.20155381    0.17327458   -0.29361528
    0.11886116    0.19044728    0.13278122   -0.20155381    0.17327563   -0.29359761
    0.11886331    0.19043600    0.13278122   -0.20155381    0.17327877   -0.29358022
    0.11886686    0.19042508    0.13278122   -0.20155381    0.17328394   -0.29356339
    0.11887175    0.19041469    0.13278122   -0.20155381    0.17329107   -0.29354737
    0.11887790    0.19040499    0.13278122   -0.20155381    0.17330004   -0.29353242
    0.11888522    0.19039614    0.13278122   -0.20155381    0.17331071   -0.29351878
    0.11889359    0.19038828    0.13278122   -0.20155381    0.17332291   -0.29350666
    0.11890288    0.19038153    0.13278122   -0.20155381    0.17333645   -0.29349626
    0.11891294    0.19037600    0.13278122   -0.20155381    0.17335112   -0.29348773
    0.11892362    0.19037177    0.13278122   -0.20155381    0.17336669   -0.29348121
    0.11893474    0.19036892    0.13278122   -0.20155381    0.17338290   -0.29347681
    0.11894614    0.19036748    0.13278122   -0.20155381    0.17339951   -0.29347459
    0.11895762    0.19036748    0.13278122   -0.20155381    0.17341625   -0.29347459
    0.11896901    0.19036892    0.13278122   -0.20155381    0.17343286   -0.29347681
    0.11898013    0.19037177    0.13278122   -0.20155381    0.17344907   -0.29348121
    0.11899081    0.19037600    0.13278122   -0.20155381    0.17346464   -0.29348773
    0.11900087    0.19038153    0.13278122   -0.20155381    0.17347931   -0.29349626
    0.11901016    0.19038828    0.13278122   -0.20155381    0.17349285   -0.29350666
    0.11901854    0.19039614    0.13278122   -0.20155381    0.17350505   -0.29351878
    0.11902586    0.19040499    0.13278122   -0.20155381    0.17351572   -0.29353242
    0.11903201    0.19041469    0.13278122   -0.20155381    0.17352469   -0.29354737
    0.11903690    0.19042508    0.13278122   -0.20155381    0.17353182   -0.29356339
    0.11904045    0.19043600    0.13278122   -0.20155381    0.17353699   -0.29358022
    0.11904260    0.19044728    0.13278122   -0.20155381    0.17354013   -0.29359761
    0.11904572    0.19045874    0.13278716   -0.20156283    0.17354469   -0.29361528
    0.11904498    0.19047050    0.13278716   -0.20156283    0.17354361   -0.29363341
    0.11904278    0.19048208    0.13278716   -0.20156283    0.17354039   -0.29365126
    0.11903913    0.19049329    0.13278716   -0.20156283    0.17353508   -0.29366854
    0.11903412    0.19050395    0.13278716   -0.20156283    0.17352777   -0.29368498
    0.11902780    0.19051390    0.13278716   -0.20156283    0.17351856   -0.29370032
    0.11902029    0.19052298    0.13278716   -0.20156283    0.17350761   -0.29371432
    0.11901170    0.19053105    0.13278716   -0.20156283    0.17349509   -0.29372676
    0.11900216    0.19053798    0.13278716   -0.20156283    0.17348119   -0.29373743
    0.11899184    0.19054365    0.13278716   -0.20156283    0.17346613   -0.29374619
    0.11898088    0.19054799    0.13278716   -0.20156283    0.17345016   -0.29375288
    0.11896946    0.19055092    0.13278716   -0.20156283    0.17343352   -0.29375739
    0.11895777    0.19055240    0.13278716   -0.20156283    0.17341647   -0.29375967
    0.11894599    0.19055240    0.13278716   -0.20156283    0.17339929   -0.29375967
    0.11893429    0.19055092    0.13278716   -0.20156283    0.17338224   -0.29375739
    0.11892288    0.19054799    0.13278716   -0.20156283    0.17336560   -0.29375288
    0.11891192    0.19054365    0.13278716   -0.20156283    0.17334963   -0.29374619
    0.11890159    0.19053798    0.13278716   -0.20156283    0.17333457   -0.29373743
    0.11889206    0.19053105    0.13278716   -0.20156283    0.17332067   -0.29372676
    0.11888347    0.19052298    0.13278716   -0.20156283    0.17330815   -0.29371432
    0.11887595    0.19051390    0.13278716   -0.20156283    0.17329720   -0.29370032
    0.11886964    0.19050395    0.13278716   -0.20156283    0.17328799   -0.29368498
    0.11886462    0.19049329    0.13278716   -0.20156283    0.17328068   -0.29366854
    0.11886098    0.19048208    0.13278716   -0.20156283    0.17327537   -0.29365126
    0.11885877    0.19047050    0.13278716   -0.20156283    0.17327215   -0.29363341
    0.11885803    0.19045874    0.13278716   -0.20156283    0.17327107   -0.29361528
    0.11885877    0.19044698    0.13278716   -0.20156283    0.17327215   -0.29359715
    0.11886098    0.19043540    0.13278716   -0.20156283    0.17327537   -0.29357930
    0.11886462    0.19042419    0.13278716   -0.20156283    0.17328068   -0.29356202
    0.11886964    0.19041353    0.13278716   -0.20156283    0.17328799   -0.29354558
    0.11887595    0.19040358    0.13278716   -0.20156283    0.17329720   -0.29353024
    0.11888347    0.19039450    0.13278716   -0.20156283    0.17330815   -0.29351624
    0.11889206    0.19038643    0.13278716   -0.20156283    0.17332067   -0.29350380
    0.11890159    0.19037950    0.13278716   -0.20156283    0.17333457   -0.29349313
    0.11891192    0.19037382    0.13278716   -0.20156283    0.17334963   -0.29348437
    0.11892288    0.19036948    0.13278716   -0.20156283    0.17336560   -0.29347768
    0.11893429    0.19036655    0.13278716   -0.20156283    0.17338224   -0.29347317
    0.11894599    0.19036508    0.13278716   -0.20156283    0.17339929   -0.29347089
    0.11895777    0.19036508    0.13278716   -0.20156283    0.17341647   -0.29347089
    0.11896946    0.19036655    0.13278716   -0.20156283    0.17343352   -0.29347317
    0.11898088    0.19036948    0.13278716   -0.20156283    0.17345016   -0.29347768
    0.11899184    0.19037382    0.13278716   -0.20156283    0.17346613   -0.29348437
    0.11900216    0.19037950    0.13278716   -0.20156283    0.17348119   -0.29349313
    0.11901170    0.19038643    0.13278716   -0.20156283    0.17349509   -0.29350380
    0.11902029    0.19039450    0.13278716   -0.20156283    0.17350761   -0.29351624
    0.11902780    0.19040358    0.13278716   -0.20156283    0.17351856   -0.29353024
    0.11903412    0.19041353    0.13278716   -0.20156283    0.17352777   -0.29354558
    0.11903913    0.19042419    0.13278716   -0.20156283    0.17353508   -0.29356202
    0.11904278    0.19043540    0.13278716   -0.20156283    0.17354039   -0.29357930
    0.11904498    0.19044698    0.13278716   -0.20156283    0.17354361   -0.29359715
    0.11904774    0.19045874    0.13279324   -0.20157206    0.17354763   -0.29361528
    0.11904699    0.19047075    0.13279324   -0.20157206    0.17354653   -0.29363380
    0.11904473    0.19048258    0.13279324   -0.20157206    0.17354324   -0.29365203
    0.11904101    0.19049403    0.13279324   -0.20157206    0.17353782   -0.29366969
    0.11903589    0.19050492    0.13279324   -0.20157206    0.17353035   -0.29368648
    0.11902944    0.19051509    0.13279324   -0.20157206    0.17352094   -0.29370215
    0.11902176    0.19052436    0.13279324   -0.20157206    0.17350976   -0.29371645
    0.11901299    0.19053260    0.13279324   -0.20157206    0.17349696   -0.29372915
    0.11900325    0.19053968    0.13279324   -0.20157206    0.17348276   -0.29374006
    0.11899270    0.19054548    0.13279324   -0.20157206    0.17346738   -0.29374900
    0.11898150    0.19054991    0.13279324   -0.20157206    0.17345107   -0.29375584
    0.11896984    0.19055291    0.13279324   -0.20157206    0.17343407   -0.29376045
    0.11895790    0.19055442    0.13279324   -0.20157206    0.17341666   -0.29376278
    0.11894586    0.19055442    0.13279324   -0.20157206    0.17339910   -0.29376278
    0.11893391    0.19055291    0.13279324   -0.20157206    0.17338169   -0.29376045
    0.11892225    0.19054991    0.13279324   -0.20157206    0.17336469   -0.29375584
    0.11891106    0.19054548    0.13279324   -0.20157206    0.17334838   -0.29374900
    0.11890051    0.19053968    0.13279324   -0.20157206    0.17333300   -0.29374006
    0.11889077    0.19053260    0.13279324   -0.20157206    0.17331880   -0.29372915
    0.11888199    0.19052436    0.13279324   -0.20157206    0.17330600   -0.29371645
    0.11887432    0.19051509    0.13279324   -0.20157206    0.17329482   -0.29370215
    0.11886787    0.19050492    0.13279324   -0.20157206    0.17328541   -0.29368648
    0.11886274    0.19049403    0.13279324   -0.20157206    0.17327794   -0.29366969
    0.11885902    0.19048258    0.13279324   -0.20157206    0.17327252   -0.29365203
    0.11885677    0.19047075    0.13279324   -0.20157206    0.17326923   -0.29363380
    0.11885601    0.19045874    0.13279324   -0.20157206    0.17326813   -0.29361528
    0.11885677    0.19044672    0.13279324   -0.20157206    0.17326923   -0.29359676
    0.11885902    0.19043490    0.13279324   -0.20157206    0.17327252   -0.29357853
    0.11886274    0.19042345    0.13279324   -0.20157206    0.17327794   -0.29356087
    0.11886787    0.19041255    0.13279324   -0.20157206    0.17328541   -0.29354408
    0.11887432    0.19040239    0.13279324   -0.20157206    0.17329482   -0.29352841
    0.11888199    0.19039311    0.13279324   -0.20157206    0.17330600   -0.29351411
    0.11889077    0.19038487    0.13279324   -0.20157206    0.17331880   -0.29350141
    0.11890051    0.19037780    0.13279324   -0.20157206    0.17333300   -0.29349050
    0.11891106    0.19037200    0.13279324   -0.20157206    0.17334838   -0.29348156
    0.11892225    0.19036756    0.13279324   -0.20157206    0.17336469   -0.29347472
    0.11893391    0.19036457    0.13279324   -0.20157206    0.17338169   -0.29347011
    0.11894586    0.19036306    0.13279324   -0.20157206    0.17339910   -0.29346778
    0.11895790    0.19036306    0.13279324   -0.20157206    0.17341666   -0.29346778
    0.11896984    0.19036457    0.13279324   -0.20157206    0.17343407   -0.29347011
    0.11898150    0.19036756    0.13279324   -0.20157206    0.17345107   -0.29347472
    0.11899270    0.19037200    0.13279324   -0.20157206    0.17346738   -0.29348156
    0.11900325    0.19037780    0.13279324   -0.20157206    0.17348276   -0.29349050
    0.11901299    0.19038487    0.13279324   -0.20157206    0.17349696   -0.29350141
    0.11902176    0.19039311    0.13279324   -0.20157206    0.17350976   -0.29351411
    0.11902944    0.19040239    0.13279324   -0.20157206    0.17352094   -0.29352841
    0.11903589    0.19041255    0.13279324   -0.20157206    0.17353035   -0.29354408
    0.11904101    0.19042345    0.13279324   -0.20157206    0.17353782   -0.29356087
    0.11904473    0.19043490    0.13279324   -0.20157206    0.17354324   -0.29357853
    0.11904699    0.19044672    0.13279324   -0.20157206    0.17354653   -0.29359676
    0.11904937    0.19045874    0.13279944   -0.20158147    0.17355000   -0.29361528
    0.11904860    0.19047096    0.13279944   -0.20158147    0.17354888   -0.29363412
    0.11904631    0.19048298    0.13279944   -0.20158147    0.17354554   -0.29365266
    0.11904252    0.19049463    0.13279944   -0.20158147    0.17354002   -0.29367061
    0.11903731    0.19050571    0.13279944   -0.20158147    0.17353242   -0.29368769
    0.11903075    0.19051604    0.13279944   -0.20158147    0.17352286   -0.29370362
    0.11902295    0.19052548    0.13279944   -0.20158147    0.17351148   -0.29371817
    0.11901402    0.19053386    0.13279944   -0.20158147    0.17349847   -0.29373109
    0.11900412    0.19054105    0.13279944   -0.20158147    0.17348403   -0.29374218
    0.11899339    0.19054695    0.13279944   -0.20158147    0.17346839   -0.29375127
    0.11898200    0.19055146    0.13279944   -0.20158147    0.17345180   -0.29375822
    0.11897015    0.19055450    0.13279944   -0.20158147    0.17343451   -0.29376291
    0.11895800    0.19055604    0.13279944   -0.20158147    0.17341680   -0.29376528
    0.11894576    0.19055604    0.13279944   -0.20158147    0.17339896   -0.29376528
    0.11893361    0.19055450    0.13279944   -0.20158147    0.17338125   -0.29376291
    0.11892175    0.19055146    0.13279944   -0.20158147    0.17336396   -0.29375822
    0.11891037    0.19054695    0.13279944   -0.20158147    0.17334737   -0.29375127
    0.11889964    0.19054105    0.13279944   -0.20158147    0.17333173   -0.29374218
    0.11888973    0.19053386    0.13279944   -0.20158147    0.17331729   -0.29373109
    0.11888081    0.19052548    0.13279944   -0.20158147    0.17330428   -0.29371817
    0.11887300    0.19051604    0.13279944   -0.20158147    0.17329290   -0.29370362
    0.11886644    0.19050571    0.13279944   -0.20158147    0.17328334   -0.29368769
    0.11886123    0.19049463    0.13279944   -0.20158147    0.17327574   -0.29367061
    0.11885745    0.19048298    0.13279944   -0.20158147    0.17327022   -0.29365266
    0.11885515    0.19047096    0.13279944   -0.20158147    0.17326688   -0.29363412
    0.11885439    0.19045874    0.13279944   -0.20158147    0.17326576   -0.29361528
    0.11885515    0.19044652    0.13279944   -0.20158147    0.17326688   -0.29359644
    0.11885745    0.19043449    0.13279944   -0.20158147    0.17327022   -0.29357790
    0.11886123    0.19042285    0.13279944   -0.20158147    0.17327574   -0.29355995
    0.11886644    0.19041177    0.13279944   -0.20158147    0.17328334   -0.29354287
    0.11887300    0.19040143    0.13279944   -0.20158147    0.17329290   -0.29352694
    0.11888081    0.19039200    0.13279944   -0.20158147    0.17330428   -0.29351239
    0.11888973    0.19038362    0.13279944   -0.20158147    0.17331729   -0.29349947
    0.11889964    0.19037642    0.13279944   -0.20158147    0.17333173   -0.29348838
    0.11891037    0.19037052    0.13279944   -0.20158147    0.17334737   -0.29347929
    0.11892175    0.19036602    0.13279944   -0.20158147    0.17336396   -0.29347234
    0.11893361    0.19036297    0.13279944   -0.20158147    0.17338125   -0.29346765
    0.11894576    0.19036144    0.13279944   -0.20158147    0.17339896   -0.29346528
    0.11895800    0.19036144    0.13279944   -0.20158147    0.17341680   -0.29346528
    0.11897015    0.19036297    0.13279944   -0.20158147    0.17343451   -0.29346765
    0.11898200    0.19036602    0.13279944   -0.20158147    0.17345180   -0.29347234
    0.11899339    0.19037052    0.13279944   -0.20158147    0.17346839   -0.29347929
    0.11900412    0.19037642    0.13279944   -0.20158147    0.17348403   -0.29348838
    0.11901402    0.19038362    0.13279944   -0.20158147    0.17349847   -0.29349947
    0.11902295    0.19039200    0.13279944   -0.20158147    0.17351148   -0.29351239
    0.11903075    0.19040143    0.13279944   -0.20158147    0.17352286   -0.29352694
    0.11903731    0.19041177    0.13279944   -0.20158147    0.17353242   -0.29354287
    0.11904252    0.19042285    0.13279944   -0.20158147    0.17354002   -0.29355995
    0.11904631    0.19043449    0.13279944   -0.20158147    0.17354554   -0.29357790
    0.11904860    0.19044652    0.13279944   -0.20158147    0.17354888   -0.29359644
    0.11905060    0.19045874    0.13280574   -0.20159102    0.17355179   -0.29361528
    0.11904982    0.19047111    0.13280574   -0.20159102    0.17355066   -0.29363435
    0.11904749    0.19048329    0.13280574   -0.20159102    0.17354727   -0.29365313
    0.11904366    0.19049508    0.13280574   -0.20159102    0.17354169   -0.29367130
    0.11903839    0.19050630    0.13280574   -0.20159102    0.17353399   -0.29368860
    0.11903174    0.19051676    0.13280574   -0.20159102    0.17352431   -0.29370473
    0.11902384    0.19052632    0.13280574   -0.20159102    0.17351279   -0.29371946
    0.11901480    0.19053480    0.13280574   -0.20159102    0.17349961   -0.29373254
    0.11900477    0.19054209    0.13280574   -0.20159102    0.17348499   -0.29374377
    0.11899391    0.19054806    0.13280574   -0.20159102    0.17346915   -0.29375298
    0.11898238    0.19055262    0.13280574   -0.20159102    0.17345235   -0.29376002
    0.11897038    0.19055571    0.13280574   -0.20159102    0.17343485   -0.29376477
    0.11895808    0.19055726    0.13280574   -0.20159102    0.17341692   -0.29376717
    0.11894568    0.19055726    0.13280574   -0.20159102    0.17339884   -0.29376717
    0.11893338    0.19055571    0.13280574   -0.20159102    0.17338091   -0.29376477
    0.11892137    0.19055262    0.13280574   -0.20159102    0.17336341   -0.29376002
    0.11890985    0.19054806    0.13280574   -0.20159102    0.17334661   -0.29375298
    0.11889898    0.19054209    0.13280574   -0.20159102    0.17333077   -0.29374377
    0.11888895    0.19053480    0.13280574   -0.20159102    0.17331615   -0.29373254
    0.11887992    0.19052632    0.13280574   -0.20159102    0.17330297   -0.29371946
    0.11887201    0.19051676    0.13280574   -0.20159102    0.17329145   -0.29370473
    0.11886537    0.19050630    0.13280574   -0.20159102    0.17328177   -0.29368860
    0.11886009    0.19049508    0.13280574   -0.20159102    0.17327407   -0.29367130
    0.11885626    0.19048329    0.13280574   -0.20159102    0.17326849   -0.29365313
    0.11885394    0.19047111    0.13280574   -0.20159102    0.17326510   -0.29363435
    0.11885316    0.19045874    0.13280574   -0.20159102    0.17326397   -0.29361528
    0.11885394    0.19044637    0.13280574   -0.20159102    0.17326510   -0.29359621
    0.11885626    0.19043419    0.13280574   -0.20159102    0.17326849   -0.29357743
    0.11886009    0.19042240    0.13280574   -0.20159102    0.17327407   -0.29355926
    0.11886537    0.19041118    0.13280574   -0.20159102    0.17328177   -0.29354196
    0.11887201    0.19040071    0.13280574   -0.20159102    0.17329145   -0.29352583
    0.11887992    0.19039116    0.13280574   -0.20159102    0.17330297   -0.29351110
    0.11888895    0.19038267    0.13280574   -0.20159102    0.17331615   -0.29349802
    0.11889898    0.19037539    0.13280574   -0.20159102    0.17333077   -0.29348679
    0.11890985    0.19036942    0.13280574   -0.20159102    0.17334661   -0.29347758
    0.11892137    0.19036485    0.13280574   -0.20159102    0.17336341   -0.29347054
    0.11893338    0.19036177    0.13280574   -0.20159102    0.17338091   -0.29346579
    0.11894568    0.19036021    0.13280574   -0.20159102    0.17339884   -0.29346339
    0.11895808    0.19036021    0.13280574   -0.20159102    0.17341692   -0.29346339
    0.11897038    0.19036177    0.13280574   -0.20159102    0.17343485   -0.29346579
    0.11898238    0.19036485    0.13280574   -0.20159102    0.17345235   -0.29347054
    0.11899391    0.19036942    0.13280574   -0.20159102    0.17346915   -0.29347758
    0.11900477    0.19037539    0.13280574   -0.20159102    0.17348499   -0.29348679
    0.11901480    0.19038267    0.13280574   -0.20159102    0.17349961   -0.29349802
    0.11902384    0.19039116    0.13280574   -0.20159102    0.17351279   -0.29351110
    0.11903174    0.19040071    0.13280574   -0.20159102    0.17352431   -0.29352583
    0.11903839    0.19041118    0.13280574   -0.20159102    0.17353399   -0.29354196
    0.11904366    0.19042240    0.13280574   -0.20159102    0.17354169   -0.29355926
    0.11904749    0.19043419    0.13280574   -0.20159102    0.17354727   -0.29357743
    0.11904982    0.19044637    0.13280574   -0.20159102    0.17355066   -0.29359621
    0.11905142    0.19045874    0.13281209   -0.20160067    0.17355299   -0.29361528
    0.11905063    0.19047121    0.13281209   -0.20160067    0.17355184   -0.29363451
    0.11904829    0.19048349    0.13281209   -0.20160067    0.17354843   -0.29365344
    0.11904443    0.19049538    0.13281209   -0.20160067    0.17354280   -0.29367177
    0.11903910    0.19050669    0.13281209   -0.20160067    0.17353504   -0.29368920
    0.11903241    0.19051724    0.13281209   -0.20160067    0.17352527   -0.29370548
    0.11902444    0.19052688    0.13281209   -0.20160067    0.17351366   -0.29372032
    0.11901533    0.19053543    0.13281209   -0.20160067    0.17350037   -0.29373352
    0.11900521    0.19054278    0.13281209   -0.20160067    0.17348563   -0.29374484
    0.11899426    0.19054880    0.13281209   -0.20160067    0.17346966   -0.29375413
    0.11898264    0.19055340    0.13281209   -0.20160067    0.17345272   -0.29376122
    0.11897053    0.19055651    0.13281209   -0.20160067    0.17343507   -0.29376601
    0.11895813    0.19055808    0.13281209   -0.20160067    0.17341699   -0.29376843
    0.11894563    0.19055808    0.13281209   -0.20160067    0.17339877   -0.29376843
    0.11893323    0.19055651    0.13281209   -0.20160067    0.17338069   -0.29376601
    0.11892112    0.19055340    0.13281209   -0.20160067    0.17336304   -0.29376122
    0.11890950    0.19054880    0.13281209   -0.20160067    0.17334610   -0.29375413
    0.11889854    0.19054278    0.13281209   -0.20160067    0.17333013   -0.29374484
    0.11888843    0.19053543    0.13281209   -0.20160067    0.17331539   -0.29373352
    0.11887932    0.19052688    0.13281209   -0.20160067    0.17330210   -0.29372032
    0.11887135    0.19051724    0.13281209   -0.20160067    0.17329049   -0.29370548
    0.11886465    0.19050669    0.13281209   -0.20160067    0.17328072   -0.29368920
    0.11885933    0.19049538    0.13281209   -0.20160067    0.17327296   -0.29367177
    0.11885547    0.19048349    0.13281209   -0.20160067    0.17326733   -0.29365344
    0.11885312    0.19047121    0.13281209   -0.20160067    0.17326392   -0.29363451
    0.11885234    0.19045874    0.13281209   -0.20160067    0.17326277   -0.29361528
    0.11885312    0.19044626    0.13281209   -0.20160067    0.17326392   -0.29359605
    0.11885547    0.19043398    0.13281209   -0.20160067    0.17326733   -0.29357712
    0.11885933    0.19042210    0.13281209   -0.20160067    0.17327296   -0.29355879
    0.11886465    0.19041079    0.13281209   -0.20160067    0.17328072   -0.29354136
    0.11887135    0.19040023    0.13281209   -0.20160067    0.17329049   -0.29352508
    0.11887932    0.19039060    0.13281209   -0.20160067    0.17330210   -0.29351024
    0.11888843    0.19038204    0.13281209   -0.20160067    0.17331539   -0.29349704
    0.11889854    0.19037470    0.13281209   -0.20160067    0.17333013   -0.29348572
    0.11890950    0.19036867    0.13281209   -0.20160067    0.17334610   -0.29347643
    0.11892112    0.19036407    0.13281209   -0.20160067    0.17336304   -0.29346934
    0.11893323    0.19036096    0.13281209   -0.20160067    0.17338069   -0.29346455
    0.11894563    0.19035940    0.13281209   -0.20160067    0.17339877   -0.29346213
    0.11895813    0.19035940    0.13281209   -0.20160067    0.17341699   -0.29346213
    0.11897053    0.19036096    0.13281209   -0.20160067    0.17343507   -0.29346455
    0.11898264    0.19036407    0.13281209   -0.20160067    0.17345272   -0.29346934
    0.11899426    0.19036867    0.13281209   -0.20160067    0.17346966   -0.29347643
    0.11900521    0.19037470    0.13281209   -0.20160067    0.17348563   -0.29348572
    0.11901533    0.19038204    0.13281209   -0.20160067    0.17350037   -0.29349704
    0.11902444    0.19039060    0.13281209   -0.20160067    0.17351366   -0.29351024
    0.11903241    0.19040023    0.13281209   -0.20160067    0.17352527   -0.29352508
    0.11903910    0.19041079    0.13281209   -0.20160067    0.17353504   -0.29354136
    0.11904443    0.19042210    0.13281209   -0.20160067    0.17354280   -0.29355879
    0.11904829    0.19043398    0.13281209   -0.20160067    0.17354843   -0.29357712
    0.11905063    0.19044626    0.13281209   -0.20160067    0.17355184   -0.29359605
    0.11905183    0.19045874    0.13281849   -0.20161038    0.17355358   -0.29361528
    0.11905104    0.19047126    0.13281849   -0.20161038    0.17355244   -0.29363459
    0.11904869    0.19048359    0.13281849   -0.20161038    0.17354901   -0.29365360
    0.11904481    0.19049553    0.13281849   -0.20161038    0.17354335   -0.29367200
    0.11903946    0.19050689    0.13281849   -0.20161038    0.17353556   -0.29368951
    0.11903274    0.19051749    0.13281849   -0.20161038    0.17352576   -0.29370585
    0.11902474    0.19052716    0.13281849   -0.20161038    0.17351409   -0.29372076
    0.11901559    0.19053575    0.13281849   -0.20161038    0.17350076   -0.29373400
    0.11900543    0.19054313    0.13281849   -0.20161038    0.17348595   -0.29374538
    0.11899443    0.19054917    0.13281849   -0.20161038    0.17346992   -0.29375470
    0.11898276    0.19055379    0.13281849   -0.20161038    0.17345291   -0.29376182
    0.11897061    0.19055692    0.13281849   -0.20161038    0.17343518   -0.29376663
    0.11895815    0.19055849    0.13281849   -0.20161038    0.17341703   -0.29376906
    0.11894560    0.19055849    0.13281849   -0.20161038    0.17339873   -0.29376906
    0.11893315    0.19055692    0.13281849   -0.20161038    0.17338058   -0.29376663
    0.11892099    0.19055379    0.13281849   -0.20161038    0.17336285   -0.29376182
    0.11890932    0.19054917    0.13281849   -0.20161038    0.17334584   -0.29375470
    0.11889832    0.19054313    0.13281849   -0.20161038    0.17332981   -0.29374538
    0.11888817    0.19053575    0.13281849   -0.20161038    0.17331500   -0.29373400
    0.11887902    0.19052716    0.13281849   -0.20161038    0.17330167   -0.29372076
    0.11887102    0.19051749    0.13281849   -0.20161038    0.17329000   -0.29370585
    0.11886429    0.19050689    0.13281849   -0.20161038    0.17328020   -0.29368951
    0.11885895    0.19049553    0.13281849   -0.20161038    0.17327241   -0.29367200
    0.11885507    0.19048359    0.13281849   -0.20161038    0.17326675   -0.29365360
    0.11885272    0.19047126    0.13281849   -0.20161038    0.17326332   -0.29363459
    0.11885193    0.19045874    0.13281849   -0.20161038    0.17326218   -0.29361528
    0.11885272    0.19044621    0.13281849   -0.20161038    0.17326332   -0.29359597
    0.11885507    0.19043388    0.13281849   -0.20161038    0.17326675   -0.29357696
    0.11885895    0.19042194    0.13281849   -0.20161038    0.17327241   -0.29355856
    0.11886429    0.19041059    0.13281849   -0.20161038    0.17328020   -0.29354105
    0.11887102    0.19039999    0.13281849   -0.20161038    0.17329000   -0.29352471
    0.11887902    0.19039032    0.13281849   -0.20161038    0.17330167   -0.29350980
    0.11888817    0.19038173    0.13281849   -0.20161038    0.17331500   -0.29349656
    0.11889832    0.19037435    0.13281849   -0.20161038    0.17332981   -0.29348518
    0.11890932    0.19036830    0.13281849   -0.20161038    0.17334584   -0.29347586
    0.11892099    0.19036368    0.13281849   -0.20161038    0.17336285   -0.29346874
    0.11893315    0.19036056    0.13281849   -0.20161038    0.17338058   -0.29346393
    0.11894560    0.19035899    0.13281849   -0.20161038    0.17339873   -0.29346150
    0.11895815    0.19035899    0.13281849   -0.20161038    0.17341703   -0.29346150
    0.11897061    0.19036056    0.13281849   -0.20161038    0.17343518   -0.29346393
    0.11898276    0.19036368    0.13281849   -0.20161038    0.17345291   -0.29346874
    0.11899443    0.19036830    0.13281849   -0.20161038    0.17346992   -0.29347586
    0.11900543    0.19037435    0.13281849   -0.20161038    0.17348595   -0.29348518
    0.11901559    0.19038173    0.13281849   -0.20161038    0.17350076   -0.29349656
    0.11902474    0.19039032    0.13281849   -0.20161038    0.17351409   -0.29350980
    0.11903274    0.19039999    0.13281849   -0.20161038    0.17352576   -0.29352471
    0.11903946    0.19041059    0.13281849   -0.20161038    0.17353556   -0.29354105
    0.11904481    0.19042194    0.13281849   -0.20161038    0.17354335   -0.29355856
    0.11904869    0.19043388    0.13281849   -0.20161038    0.17354901   -0.29357696
    0.11905104    0.19044621    0.13281849   -0.20161038    0.17355244   -0.29359597
    0.11905183    0.19045874    0.13282490   -0.20162012    0.17355358   -0.29361528
    0.11905104    0.19047126    0.13282490   -0.20162012    0.17355244   -0.29363459
    0.11904869    0.19048359    0.13282490   -0.20162012    0.17354901   -0.29365360
    0.11904481    0.19049553    0.13282490   -0.20162012    0.17354335   -0.29367200
    0.11903946    0.19050689    0.13282490   -0.20162012    0.17353556   -0.29368951
    0.11903274    0.19051749    0.13282490   -0.20162012    0.17352576   -0.29370585
    0.11902474    0.19052716    0.13282490   -0.20162012    0.17351409   -0.29372076
    0.11901559    0.19053575    0.13282490   -0.20162012    0.17350076   -0.29373400
    0.11900543    0.19054313    0.13282490   -0.20162012    0.17348595   -0.29374538
    0.11899443    0.19054917    0.13282490   -0.20162012    0.17346992   -0.29375470
    0.11898276    0.19055379    0.13282490   -0.20162012    0.17345291   -0.29376182
    0.11897061    0.19055692    0.13282490   -0.20162012    0.17343518   -0.29376663
    0.11895815    0.19055849    0.13282490   -0.20162012    0.17341703   -0.29376906
    0.11894560    0.19055849    0.13282490   -0.20162012    0.17339873   -0.29376906
    0.11893315    0.19055692    0.13282490   -0.20162012    0.17338058   -0.29376663
    0.11892099    0.19055379    0.13282490   -0.20162012    0.17336285   -0.29376182
    0.11890932    0.19054917    0.13282490   -0.20162012    0.17334584   -0.29375470
    0.11889832    0.19054313    0.13282490   -0.20162012    0.17332981   -0.29374538
    0.11888817    0.19053575    0.13282490   -0.20162012    0.17331500   -0.29373400
    0.11887902    0.19052716    0.13282490   -0.20162012    0.17330167   -0.29372076
    0.11887102    0.19051749    0.13282490   -0.20162012    0.17329000   -0.29370585
    0.11886429    0.19050689    0.13282490   -0.20162012    0.17328020   -0.29368951
    0.11885895    0.19049553    0.13282490   -0.20162012    0.17327241   -0.29367200
    0.11885507    0.19048359    0.13282490   -0.20162012    0.17326675   -0.29365360
    0.11885272    0.19047126    0.13282490   -0.20162012    0.17326332   -0.29363459
    0.11885193    0.19045874    0.13282490   -0.20162012    0.17326218   -0.29361528
    0.11885272    0.19044621    0.13282490   -0.20162012    0.17326332   -0.29359597
    0.11885507    0.19043388    0.13282490   -0.20162012    0.17326675   -0.29357696
    0.11885895    0.19042194    0.13282490   -0.20162012    0.17327241   -0.29355856
    0.11886429    0.19041059    0.13282490   -0.20162012    0.17328020   -0.29354105
    0.11887102    0.19039999    0.13282490   -0.20162012    0.17329000   -0.29352471
    0.11887902    0.19039032    0.13282490   -0.20162012    0.17330167   -0.29350980
    0.11888817    0.19038173    0.13282490   -0.20162012    0.17331500   -0.29349656
    0.11889832    0.19037435    0.13282490   -0.20162012    0.17332981   -0.29348518
    0.11890932    0.19036830    0.13282490   -0.20162012    0.17334584   -0.29347586
    0.11892099    0.19036368    0.13282490   -0.20162012    0.17336285   -0.29346874
    0.11893315    0.19036056    0.13282490   -0.20162012    0.17338058   -0.29346393
    0.11894560    0.19035899    0.13282490   -0.20162012    0.17339873   -0.29346150
    0.11895815    0.19035899    0.13282490   -0.20162012    0.17341703   -0.29346150
    0.11897061    0.19036056    0.13282490   -0.20162012    0.17343518   -0.29346393
    0.11898276    0.19036368    0.13282490   -0.20162012    0.17345291   -0.29346874
    0.11899443    0.19036830    0.13282490   -0.20162012    0.17346992   -0.29347586
    0.11900543    0.19037435    0.13282490   -0.20162012    0.17348595   -0.29348518
    0.11901559    0.19038173    0.13282490   -0.20162012    0.17350076   -0.29349656
    0.11902474    0.19039032    0.13282490   -0.20162012    0.17351409   -0.29350980
    0.11903274    0.19039999    0.13282490   -0.20162012    0.17352576   -0.29352471
    0.11903946    0.19041059    0.13282490   -0.20162012    0.17353556   -0.29354105
    0.11904481    0.19042194    0.13282490   -0.20162012    0.17354335   -0.29355856
    0.11904869    0.19043388    0.13282490   -0.20162012    0.17354901   -0.29357696
    0.11905104    0.19044621    0.13282490   -0.20162012    0.17355244   -0.29359597
    0.11905142    0.19045874    0.13283130   -0.20162983    0.17355299   -0.29361528
    0.11905063    0.19047121    0.13283130   -0.20162983    0.17355184   -0.29363451
    0.11904829    0.19048349    0.13283130   -0.20162983    0.17354843   -0.29365344
    0.11904443    0.19049538    0.13283130   -0.20162983    0.17354280   -0.29367177
    0.11903910    0.19050669    0.13283130   -0.20162983    0.17353504   -0.29368920
    0.11903241    0.19051724    0.13283130   -0.20162983    0.17352527   -0.29370548
    0.11902444    0.19052688    0.13283130   -0.20162983    0.17351366   -0.29372032
    0.11901533    0.19053543    0.13283130   -0.20162983    0.17350037   -0.29373352
    0.11900521    0.19054278    0.13283130   -0.20162983    0.17348563   -0.29374484
    0.11899426    0.19054880    0.13283130   -0.20162983    0.17346966   -0.29375413
    0.11898264    0.19055340    0.13283130   -0.20162983    0.17345272   -0.29376122
    0.11897053    0.19055651    0.13283130   -0.20162983    0.17343507   -0.29376601
    0.11895813    0.19055808    0.13283130   -0.20162983    0.17341699   -0.29376843
    0.11894563    0.19055808    0.13283130   -0.20162983    0.17339877   -0.29376843
    0.11893323    0.19055651    0.13283130   -0.20162983    0.17338069   -0.29376601
    0.11892112    0.19055340    0.13283130   -0.20162983    0.17336304   -0.29376122
    0.11890950    0.19054880    0.13283130   -0.20162983    0.17334610   -0.29375413
    0.11889854    0.19054278    0.13283130   -0.20162983    0.17333013   -0.29374484
    0.11888843    0.19053543    0.13283130   -0.20162983    0.17331539   -0.29373352
    0.11887932    0.19052688    0.13283130   -0.20162983    0.17330210   -0.29372032
    0.11887135    0.19051724    0.13283130   -0.20162983    0.17329049   -0.29370548
    0.11886465    0.19050669    0.13283130   -0.20162983    0.17328072   -0.29368920
    0.11885933    0.19049538    0.13283130   -0.20162983    0.17327296   -0.29367177
    0.11885547    0.19048349    0.13283130   -0.20162983    0.17326733   -0.29365344
    0.11885312    0.19047121    0.13283130   -0.20162983    0.17326392   -0.29363451
    0.11885234    0.19045874    0.13283130   -0.20162983    0.17326277   -0.29361528
    0.11885312    0.19044626    0.13283130   -0.20162983    0.17326392   -0.29359605
    0.11885547    0.19043398    0.13283130   -0.20162983    0.17326733   -0.29357712
    0.11885933    0.19042210    0.13283130   -0.20162983    0.17327296   -0.29355879
    0.11886465    0.19041079    0.13283130   -0.20162983    0.17328072   -0.29354136
    0.11887135    0.19040023    0.13283130   -0.20162983    0.17329049   -0.29352508
    0.11887932    0.19039060    0.13283130   -0.20162983    0.17330210   -0.29351024
    0.11888843    0.19038204    0.13283130   -0.20162983    0.17331539   -0.29349704
    0.11889854    0.19037470    0.13283130   -0.20162983    0.17333013   -0.29348572
    0.11890950    0.19036867    0.13283130   -0.20162983    0.17334610   -0.29347643
    0.11892112    0.19036407    0.13283130   -0.20162983    0.17336304   -0.29346934
    0.11893323    0.19036096    0.13283130   -0.20162983    0.17338069   -0.29346455
    0.11894563    0.19035940    0.13283130   -0.20162983    0.17339877   -0.29346213
    0.11895813    0.19035940    0.13283130   -0.20162983    0.17341699   -0.29346213
    0.11897053    0.19036096    0.13283130   -0.20162983    0.17343507   -0.29346455
    0.11898264    0.19036407    0.13283130   -0.20162983    0.17345272   -0.29346934
    0.11899426    0.19036867    0.13283130   -0.20162983    0.17346966   -0.29347643
    0.11900521    0.19037470    0.13283130   -0.20162983    0.17348563   -0.29348572
    0.11901533    0.19038204    0.13283130   -0.20162983    0.17350037   -0.29349704
    0.11902444    0.19039060    0.13283130   -0.20162983    0.17351366   -0.29351024
    0.11903241    0.19040023    0.13283130   -0.20162983    0.17352527   -0.29352508
    0.11903910    0.19041079    0.13283130   -0.20162983    0.17353504   -0.29354136
    0.11904443    0.19042210    0.13283130   -0.20162983    0.17354280   -0.29355879
    0.11904829    0.19043398    0.13283130   -0.20162983    0.17354843   -0.29357712
    0.11905063    0.19044626    0.13283130   -0.20162983    0.17355184   -0.29359605
    0.11905060    0.19045874    0.13283766   -0.20163948    0.17355179   -0.29361528
    0.11904982    0.19047111    0.13283766   -0.20163948    0.17355066   -0.29363435
    0.11904749    0.19048329    0.13283766   -0.20163948    0.17354727   -0.29365313
    0.11904366    0.19049508    0.13283766   -0.20163948    0.17354169   -0.29367130
    0.11903839    0.19050630    0.13283766   -0.20163948    0.17353399   -0.29368860
    0.11903174    0.19051676    0.13283766   -0.20163948    0.17352431   -0.29370473
    0.11902384    0.19052632    0.13283766   -0.20163948    0.17351279   -0.29371946
    0.11901480    0.19053480    0.13283766   -0.20163948    0.17349961   -0.29373254
    0.11900477    0.19054209    0.13283766   -0.20163948    0.17348499   -0.29374377
    0.11899391    0.19054806    0.13283766   -0.20163948    0.17346915   -0.29375298
    0.11898238    0.19055262    0.13283766   -0.20163948    0.17345235   -0.29376002
    0.11897038    0.19055571    0.13283766   -0.20163948    0.17343485   -0.29376477
    0.11895808    0.19055726    0.13283766   -0.20163948    0.17341692   -0.29376717
    0.11894568    0.19055726    0.13283766   -0.20163948    0.17339884   -0.29376717
    0.11893338    0.19055571    0.13283766   -0.20163948    0.17338091   -0.29376477
    0.11892137    0.19055262    0.13283766   -0.20163948    0.17336341   -0.29376002
    0.11890985    0.19054806    0.13283766   -0.20163948    0.17334661   -0.29375298
    0.11889898    0.19054209    0.13283766   -0.20163948    0.17333077   -0.29374377
    0.11888895    0.19053480    0.13283766   -0.20163948    0.17331615   -0.29373254
    0.11887992    0.19052632    0.13283766   -0.20163948    0.17330297   -0.29371946
    0.11887201    0.19051676    0.13283766   -0.20163948    0.17329145   -0.29370473
    0.11886537    0.19050630    0.13283766   -0.20163948    0.17328177   -0.29368860
    0.11886009    0.19049508    0.13283766   -0.20163948    0.17327407   -0.29367130
    0.11885626    0.19048329    0.13283766   -0.20163948    0.17326849   -0.29365313
    0.11885394    0.19047111    0.13283766   -0.20163948    0.17326510   -0.29363435
    0.11885316    0.19045874    0.13283766   -0.20163948    0.17326397   -0.29361528
    0.11885394    0.19044637    0.13283766   -0.20163948    0.17326510   -0.29359621
    0.11885626    0.19043419    0.13283766   -0.20163948    0.17326849   -0.29357743
    0.11886009    0.19042240    0.13283766   -0.20163948    0.17327407   -0.29355926
    0.11886537    0.19041118    0.13283766   -0.20163948    0.17328177   -0.29354196
    0.11887201    0.19040071    0.13283766   -0.20163948    0.17329145   -0.29352583
    0.11887992    0.19039116    0.13283766   -0.20163948    0.17330297   -0.29351110
    0.11888895    0.19038267    0.13283766   -0.20163948    0.17331615   -0.29349802
    0.11889898    0.19037539    0.13283766   -0.20163948    0.17333077   -0.29348679
    0.11890985    0.19036942    0.13283766   -0.20163948    0.17334661   -0.29347758
    0.11892137    0.19036485    0.13283766   -0.20163948    0.17336341   -0.29347054
    0.11893338    0.19036177    0.13283766   -0.20163948    0.17338091   -0.29346579
    0.11894568    0.19036021    0.13283766   -0.20163948    0.17339884   -0.29346339
    0.11895808    0.19036021    0.13283766   -0.20163948    0.17341692   -0.29346339
    0.11897038    0.19036177    0.13283766   -0.20163948    0.17343485   -0.29346579
    0.11898238    0.19036485    0.13283766   -0.20163948    0.17345235   -0.29347054
    0.11899391    0.19036942    0.13283766   -0.20163948    0.17346915   -0.29347758
    0.11900477    0.19037539    0.13283766   -0.20163948    0.17348499   -0.29348679
    0.11901480    0.19038267    0.13283766   -0.20163948    0.17349961   -0.29349802
    0.11902384    0.19039116    0.13283766   -0.20163948    0.17351279   -0.29351110
    0.11903174    0.19040071    0.13283766   -0.20163948    0.17352431   -0.29352583
    0.11903839    0.19041118    0.13283766   -0.20163948    0.17353399   -0.29354196
    0.11904366    0.19042240    0.13283766   -0.20163948    0.17354169   -0.29355926
    0.11904749    0.19043419    0.13283766   -0.20163948    0.17354727   -0.29357743
    0.11904982    0.19044637    0.13283766   -0.20163948    0.17355066   -0.29359621
    0.11904937    0.19045874    0.13284395   -0.20164903    0.17355000   -0.29361528
    0.11904860    0.19047096    0.13284395   -0.20164903    0.17354888   -0.29363412
    0.11904631    0.19048298    0.13284395   -0.20164903    0.17354554   -0.29365266
    0.11904252    0.19049463    0.13284395   -0.20164903    0.17354002   -0.29367061
    0.11903731    0.19050571    0.13284395   -0.20164903    0.17353242   -0.29368769
    0.11903075    0.19051604    0.13284395   -0.20164903    0.17352286   -0.29370362
    0.11902295    0.19052548    0.13284395   -0.20164903    0.17351148   -0.29371817
    0.11901402    0.19053386    0.13284395   -0.20164903    0.17349847   -0.29373109
    0.11900412    0.19054105    0.13284395   -0.20164903    0.17348403   -0.29374218
    0.11899339    0.19054695    0.13284395   -0.20164903    0.17346839   -0.29375127
    0.11898200    0.19055146    0.13284395   -0.20164903    0.17345180   -0.29375822
    0.11897015    0.19055450    0.13284395   -0.20164903    0.17343451   -0.29376291
    0.11895800    0.19055604    0.13284395   -0.20164903    0.17341680   -0.29376528
    0.11894576    0.19055604    0.13284395   -0.20164903    0.17339896   -0.29376528
    0.11893361    0.19055450    0.13284395   -0.20164903    0.17338125   -0.29376291
    0.11892175    0.19055146    0.13284395   -0.20164903    0.17336396   -0.29375822
    0.11891037    0.19054695    0.13284395   -0.20164903    0.17334737   -0.29375127
    0.11889964    0.19054105    0.13284395   -0.20164903    0.17333173   -0.29374218
    0.11888973    0.19053386    0.13284395   -0.20164903    0.17331729   -0.29373109
    0.11888081    0.19052548    0.13284395   -0.20164903    0.17330428   -0.29371817
    0.11887300    0.19051604    0.13284395   -0.20164903    0.17329290   -0.29370362
    0.11886644    0.19050571    0.13284395   -0.20164903    0.17328334   -0.29368769
    0.11886123    0.19049463    0.13284395   -0.20164903    0.17327574   -0.29367061
    0.11885745    0.19048298    0.13284395   -0.20164903    0.17327022   -0.29365266
    0.11885515    0.19047096    0.13284395   -0.20164903    0.17326688   -0.29363412
    0.11885439    0.19045874    0.13284395   -0.20164903    0.17326576   -0.29361528
    0.11885515    0.19044652    0.13284395   -0.20164903    0.17326688   -0.29359644
    0.11885745    0.19043449    0.13284395   -0.20164903    0.17327022   -0.29357790
    0.11886123    0.19042285    0.13284395   -0.20164903    0.17327574   -0.29355995
    0.11886644    0.19041177    0.13284395   -0.20164903    0.17328334   -0.29354287
    0.11887300    0.19040143    0.13284395   -0.20164903    0.17329290   -0.29352694
    0.11888081    0.19039200    0.13284395   -0.20164903    0.17330428   -0.29351239
    0.11888973    0.19038362    0.13284395   -0.20164903    0.17331729   -0.29349947
    0.11889964    0.19037642    0.13284395   -0.20164903    0.17333173   -0.29348838
    0.11891037    0.19037052    0.13284395   -0.20164903    0.17334737   -0.29347929
    0.11892175    0.19036602    0.13284395   -0.20164903    0.17336396   -0.29347234
    0.11893361    0.19036297    0.13284395   -0.20164903    0.17338125   -0.29346765
    0.11894576    0.19036144    0.13284395   -0.20164903    0.17339896   -0.29346528
    0.11895800    0.19036144    0.13284395   -0.20164903    0.17341680   -0.29346528
    0.11897015    0.19036297    0.13284395   -0.20164903    0.17343451   -0.29346765
    0.11898200    0.19036602    0.13284395   -0.20164903    0.17345180   -0.29347234
    0.11899339    0.19037052    0.13284395   -0.20164903    0.17346839   -0.29347929
    0.11900412    0.19037642    0.13284395   -0.20164903    0.17348403   -0.29348838
    0.11901402    0.19038362    0.13284395   -0.20164903    0.17349847   -0.29349947
    0.11902295    0.19039200    0.13284395   -0.20164903    0.17351148   -0.29351239
    0.11903075    0.19040143    0.13284395   -0.20164903    0.17352286   -0.29352694
    0.11903731    0.19041177    0.13284395   -0.20164903    0.17353242   -0.29354287
    0.11904252    0.19042285    0.13284395   -0.20164903    0.17354002   -0.29355995
    0.11904631    0.19043449    0.13284395   -0.20164903    0.17354554   -0.29357790
    0.11904860    0.19044652    0.13284395   -0.20164903    0.17354888   -0.29359644
    0.11904774    0.19045874    0.13285015   -0.20165844    0.17354763   -0.29361528
    0.11904699    0.19047075    0.13285015   -0.20165844    0.17354653   -0.29363380
    0.11904473    0.19048258    0.13285015   -0.20165844    0.17354324   -0.29365203
    0.11904101    0.19049403    0.13285015   -0.20165844    0.17353782   -0.29366969
    0.11903589    0.19050492    0.13285015   -0.20165844    0.17353035   -0.29368648
    0.11902944    0.19051509    0.13285015   -0.20165844    0.17352094   -0.29370215
    0.11902176    0.19052436    0.13285015   -0.20165844    0.17350976   -0.29371645
    0.11901299    0.19053260    0.13285015   -0.20165844    0.17349696   -0.29372915
    0.11900325    0.19053968    0.13285015   -0.20165844    0.17348276   -0.29374006
    0.11899270    0.19054548    0.13285015   -0.20165844    0.17346738   -0.29374900
    0.11898150    0.19054991    0.13285015   -0.20165844    0.17345107   -0.29375584
    0.11896984    0.19055291    0.13285015   -0.20165844    0.17343407   -0.29376045
    0.11895790    0.19055442    0.13285015   -0.20165844    0.17341666   -0.29376278
    0.11894586    0.19055442    0.13285015   -0.20165844    0.17339910   -0.29376278
    0.11893391    0.19055291    0.13285015   -0.20165844    0.17338169   -0.29376045
    0.11892225    0.19054991    0.13285015   -0.20165844    0.17336469   -0.29375584
    0.11891106    0.19054548    0.13285015   -0.20165844    0.17334838   -0.29374900
    0.11890051    0.19053968    0.13285015   -0.20165844    0.17333300   -0.29374006
    0.11889077    0.19053260    0.13285015   -0.20165844    0.17331880   -0.29372915
    0.11888199    0.19052436    0.13285015   -0.20165844    0.17330600   -0.29371645
    0.11887432    0.19051509    0.13285015   -0.20165844    0.17329482   -0.29370215
    0.11886787    0.19050492    0.13285015   -0.20165844    0.17328541   -0.29368648
    0.11886274    0.19049403    0.13285015   -0.20165844    0.17327794   -0.29366969
    0.11885902    0.19048258    0.13285015   -0.20165844    0.17327252   -0.29365203
    0.11885677    0.19047075    0.13285015   -0.20165844    0.17326923   -0.29363380
    0.11885601    0.19045874    0.13285015   -0.20165844    0.17326813   -0.29361528
    0.11885677    0.19044672    0.13285015   -0.20165844    0.17326923   -0.29359676
    0.11885902    0.19043490    0.13285015   -0.20165844    0.17327252   -0.29357853
    0.11886274    0.19042345    0.13285015   -0.20165844    0.17327794   -0.29356087
    0.11886787    0.19041255    0.13285015   -0.20165844    0.17328541   -0.29354408
    0.11887432    0.19040239    0.13285015   -0.20165844    0.17329482   -0.29352841
    0.11888199    0.19039311    0.13285015   -0.20165844    0.17330600   -0.29351411
    0.11889077    0.19038487    0.13285015   -0.20165844    0.17331880   -0.29350141
    0.11890051    0.19037780    0.13285015   -0.20165844    0.17333300   -0.29349050
    0.11891106    0.19037200    0.13285015   -0.20165844    0.17334838   -0.29348156
    0.11892225    0.19036756    0.13285015   -0.20165844    0.17336469   -0.29347472
    0.11893391    0.19036457    0.13285015   -0.20165844    0.17338169   -0.29347011
    0.11894586    0.19036306    0.13285015   -0.20165844    0.17339910   -0.29346778
    0.11895790    0.19036306    0.13285015   -0.20165844    0.17341666   -0.29346778
    0.11896984    0.19036457    0.13285015   -0.20165844    0.17343407   -0.29347011
    0.11898150    0.19036756    0.13285015   -0.20165844    0.17345107   -0.29347472
    0.11899270    0.19037200    0.13285015   -0.20165844    0.17346738   -0.29348156
    0.11900325    0.19037780    0.13285015   -0.20165844    0.17348276   -0.29349050
    0.11901299    0.19038487    0.13285015   -0.20165844    0.17349696   -0.29350141
    0.11902176    0.19039311    0.13285015   -0.20165844    0.17350976   -0.29351411
    0.11902944    0.19040239    0.13285015   -0.20165844    0.17352094   -0.29352841
    0.11903589    0.19041255    0.13285015   -0.20165844    0.17353035   -0.29354408
    0.11904101    0.19042345    0.13285015   -0.20165844    0.17353782   -0.29356087
    0.11904473    0.19043490    0.13285015   -0.20165844    0.17354324   -0.29357853
    0.11904699    0.19044672    0.13285015   -0.20165844    0.17354653   -0.29359676
    0.11904572    0.19045874    0.13285623   -0.20166767    0.17354469   -0.29361528
    0.11904498    0.19047050    0.13285623   -0.20166767    0.17354361   -0.29363341
    0.11904278    0.19048208    0.13285623   -0.20166767    0.17354039   -0.29365126
    0.11903913    0.19049329    0.13285623   -0.20166767    0.17353508   -0.29366854
    0.11903412    0.19050395    0.13285623   -0.20166767    0.17352777   -0.29368498
    0.11902780    0.19051390    0.13285623   -0.20166767    0.17351856   -0.29370032
    0.11902029    0.19052298    0.13285623   -0.20166767    0.17350761   -0.29371432
    0.11901170    0.19053105    0.13285623   -0.20166767    0.17349509   -0.29372676
    0.11900216    0.19053798    0.13285623   -0.20166767    0.17348119   -0.29373743
    0.11899184    0.19054365    0.13285623   -0.20166767    0.17346613   -0.29374619
    0.11898088    0.19054799    0.13285623   -0.20166767    0.17345016   -0.29375288
    0.11896946    0.19055092    0.13285623   -0.20166767    0.17343352   -0.29375739
    0.11895777    0.19055240    0.13285623   -0.20166767    0.17341647   -0.29375967
    0.11894599    0.19055240    0.13285623   -0.20166767    0.17339929   -0.29375967
    0.11893429    0.19055092    0.13285623   -0.20166767    0.17338224   -0.29375739
    0.11892288    0.19054799    0.13285623   -0.20166767    0.17336560   -0.29375288
    0.11891192    0.19054365    0.13285623   -0.20166767    0.17334963   -0.29374619
    0.11890159    0.19053798    0.13285623   -0.20166767    0.17333457   -0.29373743
    0.11889206    0.19053105    0.13285623   -0.20166767    0.17332067   -0.29372676
    0.11888347    0.19052298    0.13285623   -0.20166767    0.17330815   -0.29371432
    0.11887595    0.19051390    0.13285623   -0.20166767    0.17329720   -0.29370032
    0.11886964    0.19050395    0.13285623   -0.20166767    0.17328799   -0.29368498
    0.11886462    0.19049329    0.13285623   -0.20166767    0.17328068   -0.29366854
    0.11886098    0.19048208    0.13285623   -0.20166767    0.17327537   -0.29365126
    0.11885877    0.19047050    0.13285623   -0.20166767    0.17327215   -0.29363341
    0.11885803    0.19045874    0.13285623   -0.20166767    0.17327107   -0.29361528
    0.11885877    0.19044698    0.13285623   -0.20166767    0.17327215   -0.29359715
    0.11886098    0.19043540    0.13285623   -0.20166767    0.17327537   -0.29357930
    0.11886462    0.19042419    0.13285623   -0.20166767    0.17328068   -0.29356202
    0.11886964    0.19041353    0.13285623   -0.20166767    0.17328799   -0.29354558
    0.11887595    0.19040358    0.13285623   -0.20166767    0.17329720   -0.29353024
    0.11888347    0.19039450    0.13285623   -0.20166767    0.17330815   -0.29351624
    0.11889206    0.19038643    0.13285623   -0.20166767    0.17332067   -0.29350380
    0.11890159    0.19037950    0.13285623   -0.20166767    0.17333457   -0.29349313
    0.11891192    0.19037382    0.13285623   -0.20166767    0.17334963   -0.29348437
    0.11892288    0.19036948    0.13285623   -0.20166767    0.17336560   -0.29347768
    0.11893429    0.19036655    0.13285623   -0.20166767    0.17338224   -0.29347317
    0.11894599    0.19036508    0.13285623   -0.20166767    0.17339929   -0.29347089
    0.11895777    0.19036508    0.13285623   -0.20166767    0.17341647   -0.29347089
    0.11896946    0.19036655    0.13285623   -0.20166767    0.17343352   -0.29347317
    0.11898088    0.19036948    0.13285623   -0.20166767    0.17345016   -0.29347768
    0.11899184    0.19037382    0.13285623   -0.20166767    0.17346613   -0.29348437
    0.11900216    0.19037950    0.13285623   -0.20166767    0.17348119   -0.29349313
    0.11901170    0.19038643    0.13285623   -0.20166767    0.17349509   -0.29350380
    0.11902029    0.19039450    0.13285623   -0.20166767    0.17350761   -0.29351624
    0.11902780    0.19040358    0.13285623   -0.20166767    0.17351856   -0.29353024
    0.11903412    0.19041353    0.13285623   -0.20166767    0.17352777   -0.29354558
    0.11903913    0.19042419    0.13285623   -0.20166767    0.17353508   -0.29356202
    0.11904278    0.19043540    0.13285623   -0.20166767    0.17354039   -0.29357930
    0.11904498    0.19044698    0.13285623   -0.20166767    0.17354361   -0.29359715
    0.11904332    0.19045874    0.13286217   -0.20167669    0.17354118   -0.29361528
    0.11904260    0.19047020    0.13286217   -0.20167669    0.17354013   -0.29363295
    0.11904045    0.19048148    0.13286217   -0.20167669    0.17353699   -0.29365034
    0.11903690    0.19049240    0.13286217   -0.20167669    0.17353182   -0.29366717
    0.11903201    0.19050279    0.13286217   -0.20167669    0.17352469   -0.29368319
    0.11902586    0.19051249    0.13286217   -0.20167669    0.17351572   -0.29369814
    0.11901854    0.19052133    0.13286217   -0.20167669    0.17350505   -0.29371178
    0.11901016    0.19052919    0.13286217   -0.20167669    0.17349285   -0.29372390
    0.11900087    0.19053594    0.13286217   -0.20167669    0.17347931   -0.29373430
    0.11899081    0.19054148    0.13286217   -0.20167669    0.17346464   -0.29374283
    0.11898013    0.19054570    0.13286217   -0.20167669    0.17344907   -0.29374935
    0.11896901    0.19054856    0.13286217   -0.20167669    0.17343286   -0.29375375
    0.11895762    0.19055000    0.13286217   -0.20167669    0.17341625   -0.29375597
    0.11894614    0.19055000    0.13286217   -0.20167669    0.17339951   -0.29375597
    0.11893474    0.19054856    0.13286217   -0.20167669    0.17338290   -0.29375375
    0.11892362    0.19054570    0.13286217   -0.20167669    0.17336669   -0.29374935
    0.11891294    0.19054148    0.13286217   -0.20167669    0.17335112   -0.29374283
    0.11890288    0.19053594    0.13286217   -0.20167669    0.17333645   -0.29373430
    0.11889359    0.19052919    0.13286217   -0.20167669    0.17332291   -0.29372390
    0.11888522    0.19052133    0.13286217   -0.20167669    0.17331071   -0.29371178
    0.11887790    0.19051249    0.13286217   -0.20167669    0.17330004   -0.29369814
    0.11887175    0.19050279    0.13286217   -0.20167669    0.17329107   -0.29368319
    0.11886686    0.19049240    0.13286217   -0.20167669    0.17328394   -0.29366717
    0.11886331    0.19048148    0.13286217   -0.20167669    0.17327877   -0.29365034
    0.11886116    0.19047020    0.13286217   -0.20167669    0.17327563   -0.29363295
    0.11886044    0.19045874    0.13286217   -0.20167669    0.17327458   -0.29361528
    0.11886116    0.19044728    0.13286217   -0.20167669    0.17327563   -0.29359761
    0.11886331    0.19043600    0.13286217   -0.20167669    0.17327877   -0.29358022
    0.11886686    0.19042508    0.13286217   -0.20167669    0.17328394   -0.29356339
    0.11887175    0.19041469    0.13286217   -0.20167669    0.17329107   -0.29354737
    0.11887790    0.19040499    0.13286217   -0.20167669    0.17330004   -0.29353242
    0.11888522    0.19039614    0.13286217   -0.20167669    0.17331071   -0.29351878
    0.11889359    0.19038828    0.13286217   -0.20167669    0.17332291   -0.29350666
    0.11890288    0.19038153    0.13286217   -0.20167669    0.17333645   -0.29349626
    0.11891294    0.19037600    0.13286217   -0.20167669    0.17335112   -0.29348773
    0.11892362    0.19037177    0.13286217   -0.20167669    0.17336669   -0.29348121
    0.11893474    0.19036892    0.13286217   -0.20167669    0.17338290   -0.29347681
    0.11894614    0.19036748    0.13286217   -0.20167669    0.17339951   -0.29347459
    0.11895762    0.19036748    0.13286217   -0.20167669    0.17341625   -0.29347459
    0.11896901    0.19036892    0.13286217   -0.20167669    0.17343286   -0.29347681
    0.11898013    0.19037177    0.13286217   -0.20167669    0.17344907   -0.29348121
    0.11899081    0.19037600    0.13286217   -0.20167669    0.17346464   -0.29348773
    0.11900087    0.19038153    0.13286217   -0.20167669    0.17347931   -0.29349626
    0.11901016    0.19038828    0.13286217   -0.20167669    0.17349285   -0.29350666
    0.11901854    0.19039614    0.13286217   -0.20167669    0.17350505   -0.29351878
    0.11902586    0.19040499    0.13286217   -0.20167669    0.17351572   -0.29353242
    0.11903201    0.19041469    0.13286217   -0.20167669    0.17352469   -0.29354737
    0.11903690    0.19042508    0.13286217   -0.20167669    0.17353182   -0.29356339
    0.11904045    0.19043600    0.13286217   -0.20167669    0.17353699   -0.29358022
    0.11904260    0.19044728    0.13286217   -0.20167669    0.17354013   -0.29359761
    0.11904054    0.19045874    0.13286795   -0.20168546    0.17353713   -0.29361528
    0.11903984    0.19046985    0.13286795   -0.20168546    0.17353611   -0.29363241
    0.11903775    0.19048079    0.13286795   -0.20168546    0.17353307   -0.29364927
    0.11903431    0.19049138    0.13286795   -0.20168546    0.17352805   -0.29366560
    0.11902957    0.19050145    0.13286795   -0.20168546    0.17352114   -0.29368113
    0.11902361    0.19051085    0.13286795   -0.20168546    0.17351244   -0.29369562
    0.11901651    0.19051943    0.13286795   -0.20168546    0.17350210   -0.29370884
    0.11900839    0.19052705    0.13286795   -0.20168546    0.17349027   -0.29372059
    0.11899938    0.19053360    0.13286795   -0.20168546    0.17347713   -0.29373068
    0.11898963    0.19053896    0.13286795   -0.20168546    0.17346291   -0.29373895
    0.11897928    0.19054306    0.13286795   -0.20168546    0.17344782   -0.29374527
    0.11896849    0.19054583    0.13286795   -0.20168546    0.17343210   -0.29374954
    0.11895744    0.19054722    0.13286795   -0.20168546    0.17341600   -0.29375169
    0.11894631    0.19054722    0.13286795   -0.20168546    0.17339976   -0.29375169
    0.11893526    0.19054583    0.13286795   -0.20168546    0.17338366   -0.29374954
    0.11892448    0.19054306    0.13286795   -0.20168546    0.17336794   -0.29374527
    0.11891413    0.19053896    0.13286795   -0.20168546    0.17335285   -0.29373895
    0.11890437    0.19053360    0.13286795   -0.20168546    0.17333863   -0.29373068
    0.11889536    0.19052705    0.13286795   -0.20168546    0.17332549   -0.29372059
    0.11888725    0.19051943    0.13286795   -0.20168546    0.17331366   -0.29370884
    0.11888015    0.19051085    0.13286795   -0.20168546    0.17330332   -0.29369562
    0.11887418    0.19050145    0.13286795   -0.20168546    0.17329462   -0.29368113
    0.11886944    0.19049138    0.13286795   -0.20168546    0.17328771   -0.29366560
    0.11886600    0.19048079    0.13286795   -0.20168546    0.17328269   -0.29364927
    0.11886392    0.19046985    0.13286795   -0.20168546    0.17327965   -0.29363241
    0.11886322    0.19045874    0.13286795   -0.20168546    0.17327863   -0.29361528
    0.11886392    0.19044763    0.13286795   -0.20168546    0.17327965   -0.29359815
    0.11886600    0.19043669    0.13286795   -0.20168546    0.17328269   -0.29358129
    0.11886944    0.19042610    0.13286795   -0.20168546    0.17328771   -0.29356496
    0.11887418    0.19041603    0.13286795   -0.20168546    0.17329462   -0.29354943
    0.11888015    0.19040663    0.13286795   -0.20168546    0.17330332   -0.29353494
    0.11888725    0.19039805    0.13286795   -0.20168546    0.17331366   -0.29352172
    0.11889536    0.19039042    0.13286795   -0.20168546    0.17332549   -0.29350997
    0.11890437    0.19038388    0.13286795   -0.20168546    0.17333863   -0.29349988
    0.11891413    0.19037852    0.13286795   -0.20168546    0.17335285   -0.29349161
    0.11892448    0.19037442    0.13286795   -0.20168546    0.17336794   -0.29348529
    0.11893526    0.19037165    0.13286795   -0.20168546    0.17338366   -0.29348102
    0.11894631    0.19037025    0.13286795   -0.20168546    0.17339976   -0.29347887
    0.11895744    0.19037025    0.13286795   -0.20168546    0.17341600   -0.29347887
    0.11896849    0.19037165    0.13286795   -0.20168546    0.17343210   -0.29348102
    0.11897928    0.19037442    0.13286795   -0.20168546    0.17344782   -0.29348529
    0.11898963    0.19037852    0.13286795   -0.20168546    0.17346291   -0.29349161
    0.11899938    0.19038388    0.13286795   -0.20168546    0.17347713   -0.29349988
    0.11900839    0.19039042    0.13286795   -0.20168546    0.17349027   -0.29350997
    0.11901651    0.19039805    0.13286795   -0.20168546    0.17350210   -0.29352172
    0.11902361    0.19040663    0.13286795   -0.20168546    0.17351244   -0.29353494
    0.11902957    0.19041603    0.13286795   -0.20168546    0.17352114   -0.29354943
    0.11903431    0.19042610    0.13286795   -0.20168546    0.17352805   -0.29356496
    0.11903775    0.19043669    0.13286795   -0.20168546    0.17353307   -0.29358129
    0.11903984    0.19044763    0.13286795   -0.20168546    0.17353611   -0.29359815
    0.11903739    0.19045874    0.13287354   -0.20169394    0.17353254   -0.29361528
    0.11903672    0.19046946    0.13287354   -0.20169394    0.17353156   -0.29363180
    0.11903471    0.19048000    0.13287354   -0.20169394    0.17352863   -0.29364806
    0.11903139    0.19049022    0.13287354   -0.20169394    0.17352379   -0.29366381
    0.11902681    0.19049993    0.13287354   -0.20169394    0.17351712   -0.29367879
    0.11902106    0.19050900    0.13287354   -0.20169394    0.17350873   -0.29369277
    0.11901422    0.19051728    0.13287354   -0.20169394    0.17349876   -0.29370552
    0.11900639    0.19052463    0.13287354   -0.20169394    0.17348734   -0.29371686
    0.11899770    0.19053094    0.13287354   -0.20169394    0.17347468   -0.29372659
    0.11898829    0.19053611    0.13287354   -0.20169394    0.17346096   -0.29373456
    0.11897830    0.19054007    0.13287354   -0.20169394    0.17344640   -0.29374066
    0.11896790    0.19054274    0.13287354   -0.20169394    0.17343124   -0.29374478
    0.11895725    0.19054408    0.13287354   -0.20169394    0.17341571   -0.29374685
    0.11894651    0.19054408    0.13287354   -0.20169394    0.17340005   -0.29374685
    0.11893585    0.19054274    0.13287354   -0.20169394    0.17338452   -0.29374478
    0.11892545    0.19054007    0.13287354   -0.20169394    0.17336936   -0.29374066
    0.11891547    0.19053611    0.13287354   -0.20169394    0.17335480   -0.29373456
    0.11890606    0.19053094    0.13287354   -0.20169394    0.17334108   -0.29372659
    0.11889737    0.19052463    0.13287354   -0.20169394    0.17332842   -0.29371686
    0.11888954    0.19051728    0.13287354   -0.20169394    0.17331700   -0.29370552
    0.11888270    0.19050900    0.13287354   -0.20169394    0.17330703   -0.29369277
    0.11887694    0.19049993    0.13287354   -0.20169394    0.17329864   -0.29367879
    0.11887237    0.19049022    0.13287354   -0.20169394    0.17329197   -0.29366381
    0.11886905    0.19048000    0.13287354   -0.20169394    0.17328713   -0.29364806
    0.11886704    0.19046946    0.13287354   -0.20169394    0.17328420   -0.29363180
    0.11886636    0.19045874    0.13287354   -0.20169394    0.17328322   -0.29361528
    0.11886704    0.19044802    0.13287354   -0.20169394    0.17328420   -0.29359876
    0.11886905    0.19043747    0.13287354   -0.20169394    0.17328713   -0.29358250
    0.11887237    0.19042726    0.13287354   -0.20169394    0.17329197   -0.29356675
    0.11887694    0.19041754    0.13287354   -0.20169394    0.17329864   -0.29355177
    0.11888270    0.19040847    0.13287354   -0.20169394    0.17330703   -0.29353779
    0.11888954    0.19040020    0.13287354   -0.20169394    0.17331700   -0.29352504
    0.11889737    0.19039285    0.13287354   -0.20169394    0.17332842   -0.29351370
    0.11890606    0.19038654    0.13287354   -0.20169394    0.17334108   -0.29350397
    0.11891547    0.19038136    0.13287354   -0.20169394    0.17335480   -0.29349600
    0.11892545    0.19037741    0.13287354   -0.20169394    0.17336936   -0.29348990
    0.11893585    0.19037474    0.13287354   -0.20169394    0.17338452   -0.29348578
    0.11894651    0.19037339    0.13287354   -0.20169394    0.17340005   -0.29348371
    0.11895725    0.19037339    0.13287354   -0.20169394    0.17341571   -0.29348371
    0.11896790    0.19037474    0.13287354   -0.20169394    0.17343124   -0.29348578
    0.11897830    0.19037741    0.13287354   -0.20169394    0.17344640   -0.29348990
    0.11898829    0.19038136    0.13287354   -0.20169394    0.17346096   -0.29349600
    0.11899770    0.19038654    0.13287354   -0.20169394    0.17347468   -0.29350397
    0.11900639    0.19039285    0.13287354   -0.20169394    0.17348734   -0.29351370
    0.11901422    0.19040020    0.13287354   -0.20169394    0.17349876   -0.29352504
    0.11902106    0.19040847    0.13287354   -0.20169394    0.17350873   -0.29353779
    0.11902681    0.19041754    0.13287354   -0.20169394    0.17351712   -0.29355177
    0.11903139    0.19042726    0.13287354   -0.20169394    0.17352379   -0.29356675
    0.11903471    0.19043747    0.13287354   -0.20169394    0.17352863   -0.29358250
    0.11903672    0.19044802    0.13287354   -0.20169394    0.17353156   -0.29359876
    0.11903390    0.19045874    0.13287891   -0.20170209    0.17352744   -0.29361528
    0.11903325    0.19046902    0.13287891   -0.20170209    0.17352650   -0.29363113
    0.11903132    0.19047913    0.13287891   -0.20170209    0.17352369   -0.29364672
    0.11902814    0.19048893    0.13287891   -0.20170209    0.17351905   -0.29366183
    0.11902375    0.19049825    0.13287891   -0.20170209    0.17351266   -0.29367619
    0.11901823    0.19050695    0.13287891   -0.20170209    0.17350461   -0.29368960
    0.11901167    0.19051488    0.13287891   -0.20170209    0.17349504   -0.29370183
    0.11900416    0.19052193    0.13287891   -0.20170209    0.17348409   -0.29371270
    0.11899583    0.19052799    0.13287891   -0.20170209    0.17347195   -0.29372204
    0.11898680    0.19053295    0.13287891   -0.20170209    0.17345879   -0.29372969
    0.11897722    0.19053674    0.13287891   -0.20170209    0.17344483   -0.29373553
    0.11896725    0.19053930    0.13287891   -0.20170209    0.17343028   -0.29373948
    0.11895703    0.19054059    0.13287891   -0.20170209    0.17341539   -0.29374147
    0.11894673    0.19054059    0.13287891   -0.20170209    0.17340037   -0.29374147
    0.11893651    0.19053930    0.13287891   -0.20170209    0.17338548   -0.29373948
    0.11892653    0.19053674    0.13287891   -0.20170209    0.17337093   -0.29373553
    0.11891696    0.19053295    0.13287891   -0.20170209    0.17335697   -0.29372969
    0.11890793    0.19052799    0.13287891   -0.20170209    0.17334381   -0.29372204
    0.11889960    0.19052193    0.13287891   -0.20170209    0.17333167   -0.29371270
    0.11889209    0.19051488    0.13287891   -0.20170209    0.17332072   -0.29370183
    0.11888552    0.19050695    0.13287891   -0.20170209    0.17331115   -0.29368960
    0.11888001    0.19049825    0.13287891   -0.20170209    0.17330310   -0.29367619
    0.11887562    0.19048893    0.13287891   -0.20170209    0.17329671   -0.29366183
    0.11887244    0.19047913    0.13287891   -0.20170209    0.17329207   -0.29364672
    0.11887051    0.19046902    0.13287891   -0.20170209    0.17328926   -0.29363113
    0.11886986    0.19045874    0.13287891   -0.20170209    0.17328832   -0.29361528
    0.11887051    0.19044846    0.13287891   -0.20170209    0.17328926   -0.29359943
    0.11887244    0.19043834    0.13287891   -0.20170209    0.17329207   -0.29358384
    0.11887562    0.19042855    0.13287891   -0.20170209    0.17329671   -0.29356873
    0.11888001    0.19041923    0.13287891   -0.20170209    0.17330310   -0.29355437
    0.11888552    0.19041053    0.13287891   -0.20170209    0.17331115   -0.29354096
    0.11889209    0.19040259    0.13287891   -0.20170209    0.17332072   -0.29352873
    0.11889960    0.19039554    0.13287891   -0.20170209    0.17333167   -0.29351786
    0.11890793    0.19038949    0.13287891   -0.20170209    0.17334381   -0.29350852
    0.11891696    0.19038453    0.13287891   -0.20170209    0.17335697   -0.29350087
    0.11892653    0.19038074    0.13287891   -0.20170209    0.17337093   -0.29349503
    0.11893651    0.19037817    0.13287891   -0.20170209    0.17338548   -0.29349108
    0.11894673    0.19037688    0.13287891   -0.20170209    0.17340037   -0.29348909
    0.11895703    0.19037688    0.13287891   -0.20170209    0.17341539   -0.29348909
    0.11896725    0.19037817    0.13287891   -0.20170209    0.17343028   -0.29349108
    0.11897722    0.19038074    0.13287891   -0.20170209    0.17344483   -0.29349503
    0.11898680    0.19038453    0.13287891   -0.20170209    0.17345879   -0.29350087
    0.11899583    0.19038949    0.13287891   -0.20170209    0.17347195   -0.29350852
    0.11900416    0.19039554    0.13287891   -0.20170209    0.17348409   -0.29351786
    0.11901167    0.19040259    0.13287891   -0.20170209    0.17349504   -0.29352873
    0.11901823    0.19041053    0.13287891   -0.20170209    0.17350461   -0.29354096
    0.11902375    0.19041923    0.13287891   -0.20170209    0.17351266   -0.29355437
    0.11902814    0.19042855    0.13287891   -0.20170209    0.17351905   -0.29356873
    0.11903132    0.19043834    0.13287891   -0.20170209    0.17352369   -0.29358384
    0.11903325    0.19044846    0.13287891   -0.20170209    0.17352650   -0.29359943
    0.11903006    0.19045874    0.13288405   -0.20170989    0.17352186   -0.29361528
    0.11902944    0.19046854    0.13288405   -0.20170989    0.17352096   -0.29363039
    0.11902760    0.19047818    0.13288405   -0.20170989    0.17351827   -0.29364525
    0.11902457    0.19048752    0.13288405   -0.20170989    0.17351385   -0.29365965
    0.11902039    0.19049640    0.13288405   -0.20170989    0.17350776   -0.29367335
    0.11901513    0.19050469    0.13288405   -0.20170989    0.17350009   -0.29368613
    0.11900887    0.19051226    0.13288405   -0.20170989    0.17349096   -0.29369779
    0.11900171    0.19051898    0.13288405   -0.20170989    0.17348053   -0.29370815
    0.11899377    0.19052475    0.13288405   -0.20170989    0.17346895   -0.29371705
    0.11898517    0.19052948    0.13288405   -0.20170989    0.17345641   -0.29372434
    0.11897604    0.19053309    0.13288405   -0.20170989    0.17344310   -0.29372991
    0.11896653    0.19053554    0.13288405   -0.20170989    0.17342924   -0.29373367
    0.11895679    0.19053677    0.13288405   -0.20170989    0.17341504   -0.29373557
    0.11894697    0.19053677    0.13288405   -0.20170989    0.17340072   -0.29373557
    0.11893723    0.19053554    0.13288405   -0.20170989    0.17338652   -0.29373367
    0.11892772    0.19053309    0.13288405   -0.20170989    0.17337266   -0.29372991
    0.11891859    0.19052948    0.13288405   -0.20170989    0.17335935   -0.29372434
    0.11890999    0.19052475    0.13288405   -0.20170989    0.17334681   -0.29371705
    0.11890204    0.19051898    0.13288405   -0.20170989    0.17333523   -0.29370815
    0.11889488    0.19051226    0.13288405   -0.20170989    0.17332480   -0.29369779
    0.11888863    0.19050469    0.13288405   -0.20170989    0.17331567   -0.29368613
    0.11888337    0.19049640    0.13288405   -0.20170989    0.17330800   -0.29367335
    0.11887919    0.19048752    0.13288405   -0.20170989    0.17330191   -0.29365965
    0.11887615    0.19047818    0.13288405   -0.20170989    0.17329749   -0.29364525
    0.11887431    0.19046854    0.13288405   -0.20170989    0.17329480   -0.29363039
    0.11887369    0.19045874    0.13288405   -0.20170989    0.17329390   -0.29361528
    0.11887431    0.19044894    0.13288405   -0.20170989    0.17329480   -0.29360017
    0.11887615    0.19043929    0.13288405   -0.20170989    0.17329749   -0.29358531
    0.11887919    0.19042996    0.13288405   -0.20170989    0.17330191   -0.29357091
    0.11888337    0.19042107    0.13288405   -0.20170989    0.17330800   -0.29355721
    0.11888863    0.19041278    0.13288405   -0.20170989    0.17331567   -0.29354443
    0.11889488    0.19040522    0.13288405   -0.20170989    0.17332480   -0.29353277
    0.11890204    0.19039850    0.13288405   -0.20170989    0.17333523   -0.29352241
    0.11890999    0.19039273    0.13288405   -0.20170989    0.17334681   -0.29351351
    0.11891859    0.19038800    0.13288405   -0.20170989    0.17335935   -0.29350622
    0.11892772    0.19038438    0.13288405   -0.20170989    0.17337266   -0.29350065
    0.11893723    0.19038194    0.13288405   -0.20170989    0.17338652   -0.29349689
    0.11894697    0.19038071    0.13288405   -0.20170989    0.17340072   -0.29349499
    0.11895679    0.19038071    0.13288405   -0.20170989    0.17341504   -0.29349499
    0.11896653    0.19038194    0.13288405   -0.20170989    0.17342924   -0.29349689
    0.11897604    0.19038438    0.13288405   -0.20170989    0.17344310   -0.29350065
    0.11898517    0.19038800    0.13288405   -0.20170989    0.17345641   -0.29350622
    0.11899377    0.19039273    0.13288405   -0.20170989    0.17346895   -0.29351351
    0.11900171    0.19039850    0.13288405   -0.20170989    0.17348053   -0.29352241
    0.11900887    0.19040522    0.13288405   -0.20170989    0.17349096   -0.29353277
    0.11901513    0.19041278    0.13288405   -0.20170989    0.17350009   -0.29354443
    0.11902039    0.19042107    0.13288405   -0.20170989    0.17350776   -0.29355721
    0.11902457    0.19042996    0.13288405   -0.20170989    0.17351385   -0.29357091
    0.11902760    0.19043929    0.13288405   -0.20170989    0.17351827   -0.29358531
    0.11902944    0.19044894    0.13288405   -0.20170989    0.17352096   -0.29360017
    0.11902591    0.19045874    0.13288893   -0.20171730    0.17351580   -0.29361528
    0.11902532    0.19046802    0.13288893   -0.20171730    0.17351495   -0.29362958
    0.11902358    0.19047715    0.13288893   -0.20171730    0.17351241   -0.29364366
    0.11902071    0.19048599    0.13288893   -0.20171730    0.17350822   -0.29365729
    0.11901675    0.19049440    0.13288893   -0.20171730    0.17350245   -0.29367026
    0.11901177    0.19050225    0.13288893   -0.20171730    0.17349519   -0.29368236
    0.11900584    0.19050941    0.13288893   -0.20171730    0.17348655   -0.29369340
    0.11899907    0.19051578    0.13288893   -0.20171730    0.17347667   -0.29370321
    0.11899154    0.19052124    0.13288893   -0.20171730    0.17346571   -0.29371164
    0.11898340    0.19052572    0.13288893   -0.20171730    0.17345383   -0.29371854
    0.11897475    0.19052914    0.13288893   -0.20171730    0.17344123   -0.29372382
    0.11896575    0.19053145    0.13288893   -0.20171730    0.17342810   -0.29372738
    0.11895653    0.19053262    0.13288893   -0.20171730    0.17341466   -0.29372918
    0.11894723    0.19053262    0.13288893   -0.20171730    0.17340110   -0.29372918
    0.11893801    0.19053145    0.13288893   -0.20171730    0.17338766   -0.29372738
    0.11892900    0.19052914    0.13288893   -0.20171730    0.17337453   -0.29372382
    0.11892036    0.19052572    0.13288893   -0.20171730    0.17336193   -0.29371854
    0.11891221    0.19052124    0.13288893   -0.20171730    0.17335005   -0.29371164
    0.11890469    0.19051578    0.13288893   -0.20171730    0.17333909   -0.29370321
    0.11889791    0.19050941    0.13288893   -0.20171730    0.17332921   -0.29369340
    0.11889199    0.19050225    0.13288893   -0.20171730    0.17332057   -0.29368236
    0.11888701    0.19049440    0.13288893   -0.20171730    0.17331331   -0.29367026
    0.11888305    0.19048599    0.13288893   -0.20171730    0.17330754   -0.29365729
    0.11888018    0.19047715    0.13288893   -0.20171730    0.17330335   -0.29364366
    0.11887843    0.19046802    0.13288893   -0.20171730    0.17330081   -0.29362958
    0.11887785    0.19045874    0.13288893   -0.20171730    0.17329996   -0.29361528
    0.11887843    0.19044946    0.13288893   -0.20171730    0.17330081   -0.29360098
    0.11888018    0.19044033    0.13288893   -0.20171730    0.17330335   -0.29358690
    0.11888305    0.19043149    0.13288893   -0.20171730    0.17330754   -0.29357327
    0.11888701    0.19042307    0.13288893   -0.20171730    0.17331331   -0.29356030
    0.11889199    0.19041523    0.13288893   -0.20171730    0.17332057   -0.29354820
    0.11889791    0.19040806    0.13288893   -0.20171730    0.17332921   -0.29353716
    0.11890469    0.19040170    0.13288893   -0.20171730    0.17333909   -0.29352735
    0.11891221    0.19039623    0.13288893   -0.20171730    0.17335005   -0.29351892
    0.11892036    0.19039176    0.13288893   -0.20171730    0.17336193   -0.29351202
    0.11892900    0.19038833    0.13288893   -0.20171730    0.17337453   -0.29350674
    0.11893801    0.19038602    0.13288893   -0.20171730    0.17338766   -0.29350318
    0.11894723    0.19038486    0.13288893   -0.20171730    0.17340110   -0.29350138
    0.11895653    0.19038486    0.13288893   -0.20171730    0.17341466   -0.29350138
    0.11896575    0.19038602    0.13288893   -0.20171730    0.17342810   -0.29350318
    0.11897475    0.19038833    0.13288893   -0.20171730    0.17344123   -0.29350674
    0.11898340    0.19039176    0.13288893   -0.20171730    0.17345383   -0.29351202
    0.11899154    0.19039623    0.13288893   -0.20171730    0.17346571   -0.29351892
    0.11899907    0.19040170    0.13288893   -0.20171730    0.17347667   -0.29352735
    0.11900584    0.19040806    0.13288893   -0.20171730    0.17348655   -0.29353716
    0.11901177    0.19041523    0.13288893   -0.20171730    0.17349519   -0.29354820
    0.11901675    0.19042307    0.13288893   -0.20171730    0.17350245   -0.29356030
    0.11902071    0.19043149    0.13288893   -0.20171730    0.17350822   -0.29357327
    0.11902358    0.19044033    0.13288893   -0.20171730    0.17351241   -0.29358690
    0.11902532    0.19044946    0.13288893   -0.20171730    0.17351495   -0.29360098
    0.11902145    0.19045874    0.13289353   -0.20172429    0.17350930   -0.29361528
    0.11902090    0.19046746    0.13289353   -0.20172429    0.17350850   -0.29362872
    0.11901926    0.19047604    0.13289353   -0.20172429    0.17350611   -0.29364195
    0.11901656    0.19048435    0.13289353   -0.20172429    0.17350217   -0.29365476
    0.11901284    0.19049225    0.13289353   -0.20172429    0.17349675   -0.29366695
    0.11900816    0.19049963    0.13289353   -0.20172429    0.17348993   -0.29367832
    0.11900259    0.19050636    0.13289353   -0.20172429    0.17348181   -0.29368870
    0.11899622    0.19051234    0.13289353   -0.20172429    0.17347253   -0.29369792
    0.11898915    0.19051748    0.13289353   -0.20172429    0.17346222   -0.29370583
    0.11898150    0.19052169    0.13289353   -0.20172429    0.17345106   -0.29371232
    0.11897338    0.19052490    0.13289353   -0.20172429    0.17343922   -0.29371728
    0.11896491    0.19052707    0.13289353   -0.20172429    0.17342688   -0.29372063
    0.11895625    0.19052817    0.13289353   -0.20172429    0.17341425   -0.29372232
    0.11894751    0.19052817    0.13289353   -0.20172429    0.17340151   -0.29372232
    0.11893884    0.19052707    0.13289353   -0.20172429    0.17338888   -0.29372063
    0.11893038    0.19052490    0.13289353   -0.20172429    0.17337654   -0.29371728
    0.11892226    0.19052169    0.13289353   -0.20172429    0.17336470   -0.29371232
    0.11891460    0.19051748    0.13289353   -0.20172429    0.17335354   -0.29370583
    0.11890753    0.19051234    0.13289353   -0.20172429    0.17334323   -0.29369792
    0.11890116    0.19050636    0.13289353   -0.20172429    0.17333395   -0.29368870
    0.11889560    0.19049963    0.13289353   -0.20172429    0.17332583   -0.29367832
    0.11889091    0.19049225    0.13289353   -0.20172429    0.17331901   -0.29366695
    0.11888720    0.19048435    0.13289353   -0.20172429    0.17331359   -0.29365476
    0.11888450    0.19047604    0.13289353   -0.20172429    0.17330965   -0.29364195
    0.11888286    0.19046746    0.13289353   -0.20172429    0.17330726   -0.29362872
    0.11888231    0.19045874    0.13289353   -0.20172429    0.17330646   -0.29361528
    0.11888286    0.19045002    0.13289353   -0.20172429    0.17330726   -0.29360184
    0.11888450    0.19044144    0.13289353   -0.20172429    0.17330965   -0.29358861
    0.11888720    0.19043313    0.13289353   -0.20172429    0.17331359   -0.29357580
    0.11889091    0.19042522    0.13289353   -0.20172429    0.17331901   -0.29356361
    0.11889560    0.19041785    0.13289353   -0.20172429    0.17332583   -0.29355224
    0.11890116    0.19041112    0.13289353   -0.20172429    0.17333395   -0.29354186
    0.11890753    0.19040513    0.13289353   -0.20172429    0.17334323   -0.29353264
    0.11891460    0.19040000    0.13289353   -0.20172429    0.17335354   -0.29352473
    0.11892226    0.19039579    0.13289353   -0.20172429    0.17336470   -0.29351824
    0.11893038    0.19039257    0.13289353   -0.20172429    0.17337654   -0.29351328
    0.11893884    0.19039040    0.13289353   -0.20172429    0.17338888   -0.29350993
    0.11894751    0.19038931    0.13289353   -0.20172429    0.17340151   -0.29350824
    0.11895625    0.19038931    0.13289353   -0.20172429    0.17341425   -0.29350824
    0.11896491    0.19039040    0.13289353   -0.20172429    0.17342688   -0.29350993
    0.11897338    0.19039257    0.13289353   -0.20172429    0.17343922   -0.29351328
    0.11898150    0.19039579    0.13289353   -0.20172429    0.17345106   -0.29351824
    0.11898915    0.19040000    0.13289353   -0.20172429    0.17346222   -0.29352473
    0.11899622    0.19040513    0.13289353   -0.20172429    0.17347253   -0.29353264
    0.11900259    0.19041112    0.13289353   -0.20172429    0.17348181   -0.29354186
    0.11900816    0.19041785    0.13289353   -0.20172429    0.17348993   -0.29355224
    0.11901284    0.19042522    0.13289353   -0.20172429    0.17349675   -0.29356361
    0.11901656    0.19043313    0.13289353   -0.20172429    0.17350217   -0.29357580
    0.11901926    0.19044144    0.13289353   -0.20172429    0.17350611   -0.29358861
    0.11902090    0.19045002    0.13289353   -0.20172429    0.17350850   -0.29360184
    0.11901670    0.19045874    0.13289784   -0.20173083    0.17350238   -0.29361528
    0.11901619    0.19046686    0.13289784   -0.20173083    0.17350163   -0.29362780
    0.11901466    0.19047486    0.13289784   -0.20173083    0.17349941   -0.29364013
    0.11901215    0.19048260    0.13289784   -0.20173083    0.17349574   -0.29365207
    0.11900868    0.19048997    0.13289784   -0.20173083    0.17349069   -0.29366342
    0.11900432    0.19049684    0.13289784   -0.20173083    0.17348433   -0.29367402
    0.11899913    0.19050311    0.13289784   -0.20173083    0.17347677   -0.29368369
    0.11899320    0.19050868    0.13289784   -0.20173083    0.17346812   -0.29369228
    0.11898661    0.19051347    0.13289784   -0.20173083    0.17345851   -0.29369966
    0.11897948    0.19051739    0.13289784   -0.20173083    0.17344812   -0.29370570
    0.11897191    0.19052039    0.13289784   -0.20173083    0.17343708   -0.29371032
    0.11896402    0.19052241    0.13289784   -0.20173083    0.17342559   -0.29371344
    0.11895595    0.19052343    0.13289784   -0.20173083    0.17341381   -0.29371502
    0.11894781    0.19052343    0.13289784   -0.20173083    0.17340195   -0.29371502
    0.11893973    0.19052241    0.13289784   -0.20173083    0.17339017   -0.29371344
    0.11893185    0.19052039    0.13289784   -0.20173083    0.17337868   -0.29371032
    0.11892428    0.19051739    0.13289784   -0.20173083    0.17336764   -0.29370570
    0.11891714    0.19051347    0.13289784   -0.20173083    0.17335725   -0.29369966
    0.11891056    0.19050868    0.13289784   -0.20173083    0.17334764   -0.29369228
    0.11890462    0.19050311    0.13289784   -0.20173083    0.17333899   -0.29368369
    0.11889944    0.19049684    0.13289784   -0.20173083    0.17333143   -0.29367402
    0.11889507    0.19048997    0.13289784   -0.20173083    0.17332507   -0.29366342
    0.11889161    0.19048260    0.13289784   -0.20173083    0.17332002   -0.29365207
    0.11888909    0.19047486    0.13289784   -0.20173083    0.17331635   -0.29364013
    0.11888757    0.19046686    0.13289784   -0.20173083    0.17331413   -0.29362780
    0.11888706    0.19045874    0.13289784   -0.20173083    0.17331338   -0.29361528
    0.11888757    0.19045061    0.13289784   -0.20173083    0.17331413   -0.29360276
    0.11888909    0.19044262    0.13289784   -0.20173083    0.17331635   -0.29359043
    0.11889161    0.19043488    0.13289784   -0.20173083    0.17332002   -0.29357849
    0.11889507    0.19042751    0.13289784   -0.20173083    0.17332507   -0.29356714
    0.11889944    0.19042064    0.13289784   -0.20173083    0.17333143   -0.29355654
    0.11890462    0.19041436    0.13289784   -0.20173083    0.17333899   -0.29354687
    0.11891056    0.19040879    0.13289784   -0.20173083    0.17334764   -0.29353828
    0.11891714    0.19040401    0.13289784   -0.20173083    0.17335725   -0.29353090
    0.11892428    0.19040008    0.13289784   -0.20173083    0.17336764   -0.29352486
    0.11893185    0.19039709    0.13289784   -0.20173083    0.17337868   -0.29352024
    0.11893973    0.19039506    0.13289784   -0.20173083    0.17339017   -0.29351712
    0.11894781    0.19039404    0.13289784   -0.20173083    0.17340195   -0.29351554
    0.11895595    0.19039404    0.13289784   -0.20173083    0.17341381   -0.29351554
    0.11896402    0.19039506    0.13289784   -0.20173083    0.17342559   -0.29351712
    0.11897191    0.19039709    0.13289784   -0.20173083    0.17343708   -0.29352024
    0.11897948    0.19040008    0.13289784   -0.20173083    0.17344812   -0.29352486
    0.11898661    0.19040401    0.13289784   -0.20173083    0.17345851   -0.29353090
    0.11899320    0.19040879    0.13289784   -0.20173083    0.17346812   -0.29353828
    0.11899913    0.19041436    0.13289784   -0.20173083    0.17347677   -0.29354687
    0.11900432    0.19042064    0.13289784   -0.20173083    0.17348433   -0.29355654
    0.11900868    0.19042751    0.13289784   -0.20173083    0.17349069   -0.29356714
    0.11901215    0.19043488    0.13289784   -0.20173083    0.17349574   -0.29357849
    0.11901466    0.19044262    0.13289784   -0.20173083    0.17349941   -0.29359043
    0.11901619    0.19045061    0.13289784   -0.20173083    0.17350163   -0.29360276
    0.11901169    0.19045874    0.13290184   -0.20173690    0.17349507   -0.29361528
    0.11901122    0.19046623    0.13290184   -0.20173690    0.17349438   -0.29362684
    0.11900981    0.19047361    0.13290184   -0.20173690    0.17349233   -0.29363821
    0.11900749    0.19048076    0.13290184   -0.20173690    0.17348895   -0.29364922
    0.11900429    0.19048755    0.13290184   -0.20173690    0.17348429   -0.29365970
    0.11900027    0.19049389    0.13290184   -0.20173690    0.17347842   -0.29366948
    0.11899548    0.19049968    0.13290184   -0.20173690    0.17347144   -0.29367840
    0.11899000    0.19050482    0.13290184   -0.20173690    0.17346346   -0.29368633
    0.11898393    0.19050924    0.13290184   -0.20173690    0.17345460   -0.29369313
    0.11897734    0.19051286    0.13290184   -0.20173690    0.17344500   -0.29369871
    0.11897036    0.19051562    0.13290184   -0.20173690    0.17343482   -0.29370297
    0.11896309    0.19051749    0.13290184   -0.20173690    0.17342422   -0.29370585
    0.11895563    0.19051843    0.13290184   -0.20173690    0.17341335   -0.29370730
    0.11894812    0.19051843    0.13290184   -0.20173690    0.17340241   -0.29370730
    0.11894067    0.19051749    0.13290184   -0.20173690    0.17339154   -0.29370585
    0.11893340    0.19051562    0.13290184   -0.20173690    0.17338094   -0.29370297
    0.11892641    0.19051286    0.13290184   -0.20173690    0.17337076   -0.29369871
    0.11891983    0.19050924    0.13290184   -0.20173690    0.17336116   -0.29369313
    0.11891375    0.19050482    0.13290184   -0.20173690    0.17335230   -0.29368633
    0.11890828    0.19049968    0.13290184   -0.20173690    0.17334432   -0.29367840
    0.11890349    0.19049389    0.13290184   -0.20173690    0.17333734   -0.29366948
    0.11889947    0.19048755    0.13290184   -0.20173690    0.17333147   -0.29365970
    0.11889627    0.19048076    0.13290184   -0.20173690    0.17332681   -0.29364922
    0.11889395    0.19047361    0.13290184   -0.20173690    0.17332343   -0.29363821
    0.11889254    0.19046623    0.13290184   -0.20173690    0.17332138   -0.29362684
    0.11889207    0.19045874    0.13290184   -0.20173690    0.17332069   -0.29361528
    0.11889254    0.19045124    0.13290184   -0.20173690    0.17332138   -0.29360372
    0.11889395    0.19044386    0.13290184   -0.20173690    0.17332343   -0.29359235
    0.11889627    0.19043672    0.13290184   -0.20173690    0.17332681   -0.29358134
    0.11889947    0.19042992    0.13290184   -0.20173690    0.17333147   -0.29357086
    0.11890349    0.19042358    0.13290184   -0.20173690    0.17333734   -0.29356108
    0.11890828    0.19041779    0.13290184   -0.20173690    0.17334432   -0.29355216
    0.11891375    0.19041265    0.13290184   -0.20173690    0.17335230   -0.29354423
    0.11891983    0.19040824    0.13290184   -0.20173690    0.17336116   -0.29353743
    0.11892641    0.19040462    0.13290184   -0.20173690    0.17337076   -0.29353185
    0.11893340    0.19040185    0.13290184   -0.20173690    0.17338094   -0.29352759
    0.11894067    0.19039999    0.13290184   -0.20173690    0.17339154   -0.29352471
    0.11894812    0.19039905    0.13290184   -0.20173690    0.17340241   -0.29352326
    0.11895563    0.19039905    0.13290184   -0.20173690    0.17341335   -0.29352326
    0.11896309    0.19039999    0.13290184   -0.20173690    0.17342422   -0.29352471
    0.11897036    0.19040185    0.13290184   -0.20173690    0.17343482   -0.29352759
    0.11897734    0.19040462    0.13290184   -0.20173690    0.17344500   -0.29353185
    0.11898393    0.19040824    0.13290184   -0.20173690    0.17345460   -0.29353743
    0.11899000    0.19041265    0.13290184   -0.20173690    0.17346346   -0.29354423
    0.11899548    0.19041779    0.13290184   -0.20173690    0.17347144   -0.29355216
    0.11900027    0.19042358    0.13290184   -0.20173690    0.17347842   -0.29356108
    0.11900429    0.19042992    0.13290184   -0.20173690    0.17348429   -0.29357086
    0.11900749    0.19043672    0.13290184   -0.20173690    0.17348895   -0.29358134
    0.11900981    0.19044386    0.13290184   -0.20173690    0.17349233   -0.29359235
    0.11901122    0.19045124    0.13290184   -0.20173690    0.17349438   -0.29360372
    0.11900643    0.19045874    0.13290550   -0.20174247    0.17348741   -0.29361528
    0.11900600    0.19046558    0.13290550   -0.20174247    0.17348678   -0.29362582
    0.11900472    0.19047230    0.13290550   -0.20174247    0.17348491   -0.29363620
    0.11900260    0.19047882    0.13290550   -0.20174247    0.17348182   -0.29364624
    0.11899968    0.19048502    0.13290550   -0.20174247    0.17347757   -0.29365580
    0.11899601    0.19049080    0.13290550   -0.20174247    0.17347222   -0.29366471
    0.11899165    0.19049608    0.13290550   -0.20174247    0.17346585   -0.29367285
    0.11898665    0.19050077    0.13290550   -0.20174247    0.17345857   -0.29368008
    0.11898111    0.19050480    0.13290550   -0.20174247    0.17345049   -0.29368629
    0.11897511    0.19050810    0.13290550   -0.20174247    0.17344174   -0.29369138
    0.11896874    0.19051062    0.13290550   -0.20174247    0.17343246   -0.29369526
    0.11896210    0.19051233    0.13290550   -0.20174247    0.17342278   -0.29369789
    0.11895530    0.19051318    0.13290550   -0.20174247    0.17341287   -0.29369921
    0.11894845    0.19051318    0.13290550   -0.20174247    0.17340289   -0.29369921
    0.11894166    0.19051233    0.13290550   -0.20174247    0.17339298   -0.29369789
    0.11893502    0.19051062    0.13290550   -0.20174247    0.17338330   -0.29369526
    0.11892865    0.19050810    0.13290550   -0.20174247    0.17337402   -0.29369138
    0.11892265    0.19050480    0.13290550   -0.20174247    0.17336527   -0.29368629
    0.11891710    0.19050077    0.13290550   -0.20174247    0.17335719   -0.29368008
    0.11891211    0.19049608    0.13290550   -0.20174247    0.17334991   -0.29367285
    0.11890774    0.19049080    0.13290550   -0.20174247    0.17334354   -0.29366471
    0.11890407    0.19048502    0.13290550   -0.20174247    0.17333819   -0.29365580
    0.11890116    0.19047882    0.13290550   -0.20174247    0.17333394   -0.29364624
    0.11889904    0.19047230    0.13290550   -0.20174247    0.17333085   -0.29363620
    0.11889775    0.19046558    0.13290550   -0.20174247    0.17332898   -0.29362582
    0.11889732    0.19045874    0.13290550   -0.20174247    0.17332835   -0.29361528
    0.11889775    0.19045190    0.13290550   -0.20174247    0.17332898   -0.29360474
    0.11889904    0.19044517    0.13290550   -0.20174247    0.17333085   -0.29359436
    0.11890116    0.19043866    0.13290550   -0.20174247    0.17333394   -0.29358432
    0.11890407    0.19043246    0.13290550   -0.20174247    0.17333819   -0.29357476
    0.11890774    0.19042667    0.13290550   -0.20174247    0.17334354   -0.29356585
    0.11891211    0.19042139    0.13290550   -0.20174247    0.17334991   -0.29355771
    0.11891710    0.19041670    0.13290550   -0.20174247    0.17335719   -0.29355048
    0.11892265    0.19041268    0.13290550   -0.20174247    0.17336527   -0.29354427
    0.11892865    0.19040938    0.13290550   -0.20174247    0.17337402   -0.29353918
    0.11893502    0.19040685    0.13290550   -0.20174247    0.17338330   -0.29353530
    0.11894166    0.19040515    0.13290550   -0.20174247    0.17339298   -0.29353267
    0.11894845    0.19040429    0.13290550   -0.20174247    0.17340289   -0.29353135
    0.11895530    0.19040429    0.13290550   -0.20174247    0.17341287   -0.29353135
    0.11896210    0.19040515    0.13290550   -0.20174247    0.17342278   -0.29353267
    0.11896874    0.19040685    0.13290550   -0.20174247    0.17343246   -0.29353530
    0.11897511    0.19040938    0.13290550   -0.20174247    0.17344174   -0.29353918
    0.11898111    0.19041268    0.13290550   -0.20174247    0.17345049   -0.29354427
    0.11898665    0.19041670    0.13290550   -0.20174247    0.17345857   -0.29355048
    0.11899165    0.19042139    0.13290550   -0.20174247    0.17346585   -0.29355771
    0.11899601    0.19042667    0.13290550   -0.20174247    0.17347222   -0.29356585
    0.11899968    0.19043246    0.13290550   -0.20174247    0.17347757   -0.29357476
    0.11900260    0.19043866    0.13290550   -0.20174247    0.17348182   -0.29358432
    0.11900472    0.19044517    0.13290550   -0.20174247    0.17348491   -0.29359436
    0.11900600    0.19045190    0.13290550   -0.20174247    0.17348678   -0.29360474
    0.11900095    0.19045874    0.13290883   -0.20174751    0.17347942   -0.29361528
    0.11900056    0.19046489    0.13290883   -0.20174751    0.17347885   -0.29362476
    0.11899941    0.19047094    0.13290883   -0.20174751    0.17347717   -0.29363409
    0.11899750    0.19047680    0.13290883   -0.20174751    0.17347439   -0.29364313
    0.11899488    0.19048238    0.13290883   -0.20174751    0.17347057   -0.29365172
    0.11899158    0.19048758    0.13290883   -0.20174751    0.17346575   -0.29365975
    0.11898765    0.19049233    0.13290883   -0.20174751    0.17346003   -0.29366707
    0.11898316    0.19049655    0.13290883   -0.20174751    0.17345348   -0.29367357
    0.11897817    0.19050017    0.13290883   -0.20174751    0.17344621   -0.29367915
    0.11897277    0.19050314    0.13290883   -0.20174751    0.17343834   -0.29368373
    0.11896704    0.19050541    0.13290883   -0.20174751    0.17342999   -0.29368723
    0.11896107    0.19050694    0.13290883   -0.20174751    0.17342128   -0.29368959
    0.11895496    0.19050771    0.13290883   -0.20174751    0.17341237   -0.29369078
    0.11894880    0.19050771    0.13290883   -0.20174751    0.17340339   -0.29369078
    0.11894268    0.19050694    0.13290883   -0.20174751    0.17339448   -0.29368959
    0.11893671    0.19050541    0.13290883   -0.20174751    0.17338577   -0.29368723
    0.11893098    0.19050314    0.13290883   -0.20174751    0.17337742   -0.29368373
    0.11892558    0.19050017    0.13290883   -0.20174751    0.17336955   -0.29367915
    0.11892060    0.19049655    0.13290883   -0.20174751    0.17336228   -0.29367357
    0.11891611    0.19049233    0.13290883   -0.20174751    0.17335573   -0.29366707
    0.11891218    0.19048758    0.13290883   -0.20174751    0.17335001   -0.29365975
    0.11890888    0.19048238    0.13290883   -0.20174751    0.17334519   -0.29365172
    0.11890625    0.19047680    0.13290883   -0.20174751    0.17334137   -0.29364313
    0.11890435    0.19047094    0.13290883   -0.20174751    0.17333859   -0.29363409
    0.11890319    0.19046489    0.13290883   -0.20174751    0.17333691   -0.29362476
    0.11890281    0.19045874    0.13290883   -0.20174751    0.17333634   -0.29361528
    0.11890319    0.19045259    0.13290883   -0.20174751    0.17333691   -0.29360580
    0.11890435    0.19044653    0.13290883   -0.20174751    0.17333859   -0.29359647
    0.11890625    0.19044067    0.13290883   -0.20174751    0.17334137   -0.29358743
    0.11890888    0.19043510    0.13290883   -0.20174751    0.17334519   -0.29357884
    0.11891218    0.19042989    0.13290883   -0.20174751    0.17335001   -0.29357081
    0.11891611    0.19042515    0.13290883   -0.20174751    0.17335573   -0.29356349
    0.11892060    0.19042093    0.13290883   -0.20174751    0.17336228   -0.29355699
    0.11892558    0.19041731    0.13290883   -0.20174751    0.17336955   -0.29355141
    0.11893098    0.19041434    0.13290883   -0.20174751    0.17337742   -0.29354683
    0.11893671    0.19041207    0.13290883   -0.20174751    0.17338577   -0.29354333
    0.11894268    0.19041054    0.13290883   -0.20174751    0.17339448   -0.29354097
    0.11894880    0.19040976    0.13290883   -0.20174751    0.17340339   -0.29353978
    0.11895496    0.19040976    0.13290883   -0.20174751    0.17341237   -0.29353978
    0.11896107    0.19041054    0.13290883   -0.20174751    0.17342128   -0.29354097
    0.11896704    0.19041207    0.13290883   -0.20174751    0.17342999   -0.29354333
    0.11897277    0.19041434    0.13290883   -0.20174751    0.17343834   -0.29354683
    0.11897817    0.19041731    0.13290883   -0.20174751    0.17344621   -0.29355141
    0.11898316    0.19042093    0.13290883   -0.20174751    0.17345348   -0.29355699
    0.11898765    0.19042515    0.13290883   -0.20174751    0.17346003   -0.29356349
    0.11899158    0.19042989    0.13290883   -0.20174751    0.17346575   -0.29357081
    0.11899488    0.19043510    0.13290883   -0.20174751    0.17347057   -0.29357884
    0.11899750    0.19044067    0.13290883   -0.20174751    0.17347439   -0.29358743
    0.11899941    0.19044653    0.13290883   -0.20174751    0.17347717   -0.29359647
    0.11900056    0.19045259    0.13290883   -0.20174751    0.17347885   -0.29360580
    0.11899527    0.19045874    0.13291179   -0.20175201    0.17347113   -0.29361528
    0.11899492    0.19046418    0.13291179   -0.20175201    0.17347063   -0.29362366
    0.11899390    0.19046953    0.13291179   -0.20175201    0.17346914   -0.29363191
    0.11899222    0.19047471    0.13291179   -0.20175201    0.17346669   -0.29363990
    0.11898990    0.19047964    0.13291179   -0.20175201    0.17346331   -0.29364750
    0.11898698    0.19048424    0.13291179   -0.20175201    0.17345905   -0.29365460
    0.11898351    0.19048844    0.13291179   -0.20175201    0.17345399   -0.29366107
    0.11897953    0.19049217    0.13291179   -0.20175201    0.17344820   -0.29366682
    0.11897513    0.19049537    0.13291179   -0.20175201    0.17344177   -0.29367176
    0.11897035    0.19049800    0.13291179   -0.20175201    0.17343481   -0.29367580
    0.11896529    0.19050000    0.13291179   -0.20175201    0.17342743   -0.29367889
    0.11896001    0.19050136    0.13291179   -0.20175201    0.17341973   -0.29368098
    0.11895460    0.19050204    0.13291179   -0.20175201    0.17341185   -0.29368204
    0.11894915    0.19050204    0.13291179   -0.20175201    0.17340391   -0.29368204
    0.11894375    0.19050136    0.13291179   -0.20175201    0.17339603   -0.29368098
    0.11893847    0.19050000    0.13291179   -0.20175201    0.17338833   -0.29367889
    0.11893340    0.19049800    0.13291179   -0.20175201    0.17338095   -0.29367580
    0.11892863    0.19049537    0.13291179   -0.20175201    0.17337399   -0.29367176
    0.11892422    0.19049217    0.13291179   -0.20175201    0.17336756   -0.29366682
    0.11892025    0.19048844    0.13291179   -0.20175201    0.17336177   -0.29366107
    0.11891678    0.19048424    0.13291179   -0.20175201    0.17335671   -0.29365460
    0.11891386    0.19047964    0.13291179   -0.20175201    0.17335245   -0.29364750
    0.11891154    0.19047471    0.13291179   -0.20175201    0.17334907   -0.29363990
    0.11890985    0.19046953    0.13291179   -0.20175201    0.17334662   -0.29363191
    0.11890883    0.19046418    0.13291179   -0.20175201    0.17334513   -0.29362366
    0.11890849    0.19045874    0.13291179   -0.20175201    0.17334463   -0.29361528
    0.11890883    0.19045330    0.13291179   -0.20175201    0.17334513   -0.29360690
    0.11890985    0.19044795    0.13291179   -0.20175201    0.17334662   -0.29359865
    0.11891154    0.19044277    0.13291179   -0.20175201    0.17334907   -0.29359066
    0.11891386    0.19043784    0.13291179   -0.20175201    0.17335245   -0.29358306
    0.11891678    0.19043323    0.13291179   -0.20175201    0.17335671   -0.29357596
    0.11892025    0.19042904    0.13291179   -0.20175201    0.17336177   -0.29356949
    0.11892422    0.19042531    0.13291179   -0.20175201    0.17336756   -0.29356374
    0.11892863    0.19042210    0.13291179   -0.20175201    0.17337399   -0.29355880
    0.11893340    0.19041948    0.13291179   -0.20175201    0.17338095   -0.29355476
    0.11893847    0.19041747    0.13291179   -0.20175201    0.17338833   -0.29355167
    0.11894375    0.19041612    0.13291179   -0.20175201    0.17339603   -0.29354958
    0.11894915    0.19041544    0.13291179   -0.20175201    0.17340391   -0.29354852
    0.11895460    0.19041544    0.13291179   -0.20175201    0.17341185   -0.29354852
    0.11896001    0.19041612    0.13291179   -0.20175201    0.17341973   -0.29354958
    0.11896529    0.19041747    0.13291179   -0.20175201    0.17342743   -0.29355167
    0.11897035    0.19041948    0.13291179   -0.20175201    0.17343481   -0.29355476
    0.11897513    0.19042210    0.13291179   -0.20175201    0.17344177   -0.29355880
    0.11897953    0.19042531    0.13291179   -0.20175201    0.17344820   -0.29356374
    0.11898351    0.19042904    0.13291179   -0.20175201    0.17345399   -0.29356949
    0.11898698    0.19043323    0.13291179   -0.20175201    0.17345905   -0.29357596
    0.11898990    0.19043784    0.13291179   -0.20175201    0.17346331   -0.29358306
    0.11899222    0.19044277    0.13291179   -0.20175201    0.17346669   -0.29359066
    0.11899390    0.19044795    0.13291179   -0.20175201    0.17346914   -0.29359865
    0.11899492    0.19045330    0.13291179   -0.20175201    0.17347063   -0.29360690
    0.11898940    0.19045874    0.13291439   -0.20175595    0.17346259   -0.29361528
    0.11898911    0.19046344    0.13291439   -0.20175595    0.17346215   -0.29362253
    0.11898823    0.19046807    0.13291439   -0.20175595    0.17346087   -0.29362967
    0.11898677    0.19047255    0.13291439   -0.20175595    0.17345874   -0.29363658
    0.11898476    0.19047682    0.13291439   -0.20175595    0.17345582   -0.29364315
    0.11898224    0.19048080    0.13291439   -0.20175595    0.17345214   -0.29364928
    0.11897923    0.19048443    0.13291439   -0.20175595    0.17344776   -0.29365488
    0.11897580    0.19048765    0.13291439   -0.20175595    0.17344275   -0.29365986
    0.11897199    0.19049042    0.13291439   -0.20175595    0.17343719   -0.29366413
    0.11896786    0.19049269    0.13291439   -0.20175595    0.17343117   -0.29366763
    0.11896347    0.19049443    0.13291439   -0.20175595    0.17342479   -0.29367030
    0.11895891    0.19049560    0.13291439   -0.20175595    0.17341813   -0.29367211
    0.11895423    0.19049619    0.13291439   -0.20175595    0.17341132   -0.29367302
    0.11894952    0.19049619    0.13291439   -0.20175595    0.17340444   -0.29367302
    0.11894485    0.19049560    0.13291439   -0.20175595    0.17339763   -0.29367211
    0.11894028    0.19049443    0.13291439   -0.20175595    0.17339097   -0.29367030
    0.11893590    0.19049269    0.13291439   -0.20175595    0.17338459   -0.29366763
    0.11893177    0.19049042    0.13291439   -0.20175595    0.17337857   -0.29366413
    0.11892796    0.19048765    0.13291439   -0.20175595    0.17337301   -0.29365986
    0.11892452    0.19048443    0.13291439   -0.20175595    0.17336800   -0.29365488
    0.11892152    0.19048080    0.13291439   -0.20175595    0.17336362   -0.29364928
    0.11891899    0.19047682    0.13291439   -0.20175595    0.17335994   -0.29364315
    0.11891699    0.19047255    0.13291439   -0.20175595    0.17335702   -0.29363658
    0.11891553    0.19046807    0.13291439   -0.20175595    0.17335489   -0.29362967
    0.11891465    0.19046344    0.13291439   -0.20175595    0.17335361   -0.29362253
    0.11891435    0.19045874    0.13291439   -0.20175595    0.17335317   -0.29361528
    0.11891465    0.19045403    0.13291439   -0.20175595    0.17335361   -0.29360803
    0.11891553    0.19044941    0.13291439   -0.20175595    0.17335489   -0.29360089
    0.11891699    0.19044492    0.13291439   -0.20175595    0.17335702   -0.29359398
    0.11891899    0.19044066    0.13291439   -0.20175595    0.17335994   -0.29358741
    0.11892152    0.19043668    0.13291439   -0.20175595    0.17336362   -0.29358128
    0.11892452    0.19043305    0.13291439   -0.20175595    0.17336800   -0.29357568
    0.11892796    0.19042982    0.13291439   -0.20175595    0.17337301   -0.29357070
    0.11893177    0.19042705    0.13291439   -0.20175595    0.17337857   -0.29356643
    0.11893590    0.19042478    0.13291439   -0.20175595    0.17338459   -0.29356293
    0.11894028    0.19042305    0.13291439   -0.20175595    0.17339097   -0.29356026
    0.11894485    0.19042188    0.13291439   -0.20175595    0.17339763   -0.29355845
    0.11894952    0.19042129    0.13291439   -0.20175595    0.17340444   -0.29355754
    0.11895423    0.19042129    0.13291439   -0.20175595    0.17341132   -0.29355754
    0.11895891    0.19042188    0.13291439   -0.20175595    0.17341813   -0.29355845
    0.11896347    0.19042305    0.13291439   -0.20175595    0.17342479   -0.29356026
    0.11896786    0.19042478    0.13291439   -0.20175595    0.17343117   -0.29356293
    0.11897199    0.19042705    0.13291439   -0.20175595    0.17343719   -0.29356643
    0.11897580    0.19042982    0.13291439   -0.20175595    0.17344275   -0.29357070
    0.11897923    0.19043305    0.13291439   -0.20175595    0.17344776   -0.29357568
    0.11898224    0.19043668    0.13291439   -0.20175595    0.17345214   -0.29358128
    0.11898476    0.19044066    0.13291439   -0.20175595    0.17345582   -0.29358741
    0.11898677    0.19044492    0.13291439   -0.20175595    0.17345874   -0.29359398
    0.11898823    0.19044941    0.13291439   -0.20175595    0.17346087   -0.29360089
    0.11898911    0.19045403    0.13291439   -0.20175595    0.17346215   -0.29360803
    0.11898339    0.19045874    0.13291660   -0.20175931    0.17345382   -0.29361528
    0.11898314    0.19046269    0.13291660   -0.20175931    0.17345345   -0.29362137
    0.11898240    0.19046657    0.13291660   -0.20175931    0.17345237   -0.29362736
    0.11898118    0.19047034    0.13291660   -0.20175931    0.17345059   -0.29363316
    0.11897949    0.19047392    0.13291660   -0.20175931    0.17344813   -0.29363868
    0.11897737    0.19047726    0.13291660   -0.20175931    0.17344504   -0.29364383
    0.11897485    0.19048031    0.13291660   -0.20175931    0.17344137   -0.29364853
    0.11897196    0.19048302    0.13291660   -0.20175931    0.17343716   -0.29365271
    0.11896876    0.19048534    0.13291660   -0.20175931    0.17343249   -0.29365630
    0.11896529    0.19048725    0.13291660   -0.20175931    0.17342744   -0.29365923
    0.11896162    0.19048871    0.13291660   -0.20175931    0.17342208   -0.29366148
    0.11895778    0.19048969    0.13291660   -0.20175931    0.17341649   -0.29366300
    0.11895386    0.19049019    0.13291660   -0.20175931    0.17341076   -0.29366376
    0.11894990    0.19049019    0.13291660   -0.20175931    0.17340500   -0.29366376
    0.11894597    0.19048969    0.13291660   -0.20175931    0.17339927   -0.29366300
    0.11894214    0.19048871    0.13291660   -0.20175931    0.17339368   -0.29366148
    0.11893846    0.19048725    0.13291660   -0.20175931    0.17338832   -0.29365923
    0.11893499    0.19048534    0.13291660   -0.20175931    0.17338327   -0.29365630
    0.11893179    0.19048302    0.13291660   -0.20175931    0.17337860   -0.29365271
    0.11892891    0.19048031    0.13291660   -0.20175931    0.17337439   -0.29364853
    0.11892639    0.19047726    0.13291660   -0.20175931    0.17337072   -0.29364383
    0.11892426    0.19047392    0.13291660   -0.20175931    0.17336763   -0.29363868
    0.11892258    0.19047034    0.13291660   -0.20175931    0.17336517   -0.29363316
    0.11892136    0.19046657    0.13291660   -0.20175931    0.17336339   -0.29362736
    0.11892062    0.19046269    0.13291660   -0.20175931    0.17336231   -0.29362137
    0.11892037    0.19045874    0.13291660   -0.20175931    0.17336194   -0.29361528
    0.11892062    0.19045479    0.13291660   -0.20175931    0.17336231   -0.29360919
    0.11892136    0.19045090    0.13291660   -0.20175931    0.17336339   -0.29360320
    0.11892258    0.19044714    0.13291660   -0.20175931    0.17336517   -0.29359740
    0.11892426    0.19044356    0.13291660   -0.20175931    0.17336763   -0.29359188
    0.11892639    0.19044022    0.13291660   -0.20175931    0.17337072   -0.29358673
    0.11892891    0.19043717    0.13291660   -0.20175931    0.17337439   -0.29358203
    0.11893179    0.19043446    0.13291660   -0.20175931    0.17337860   -0.29357785
    0.11893499    0.19043213    0.13291660   -0.20175931    0.17338327   -0.29357426
    0.11893846    0.19043023    0.13291660   -0.20175931    0.17338832   -0.29357133
    0.11894214    0.19042877    0.13291660   -0.20175931    0.17339368   -0.29356908
    0.11894597    0.19042779    0.13291660   -0.20175931    0.17339927   -0.29356756
    0.11894990    0.19042729    0.13291660   -0.20175931    0.17340500   -0.29356680
    0.11895386    0.19042729    0.13291660   -0.20175931    0.17341076   -0.29356680
    0.11895778    0.19042779    0.13291660   -0.20175931    0.17341649   -0.29356756
    0.11896162    0.19042877    0.13291660   -0.20175931    0.17342208   -0.29356908
    0.11896529    0.19043023    0.13291660   -0.20175931    0.17342744   -0.29357133
    0.11896876    0.19043213    0.13291660   -0.20175931    0.17343249   -0.29357426
    0.11897196    0.19043446    0.13291660   -0.20175931    0.17343716   -0.29357785
    0.11897485    0.19043717    0.13291660   -0.20175931    0.17344137   -0.29358203
    0.11897737    0.19044022    0.13291660   -0.20175931    0.17344504   -0.29358673
    0.11897949    0.19044356    0.13291660   -0.20175931    0.17344813   -0.29359188
    0.11898118    0.19044714    0.13291660   -0.20175931    0.17345059   -0.29359740
    0.11898240    0.19045090    0.13291660   -0.20175931    0.17345237   -0.29360320
    0.11898314    0.19045479    0.13291660   -0.20175931    0.17345345   -0.29360919
    0.11897724    0.19045874    0.13291843   -0.20176208    0.17344486   -0.29361528
    0.11897704    0.19046192    0.13291843   -0.20176208    0.17344457   -0.29362018
    0.11897645    0.19046505    0.13291843   -0.20176208    0.17344370   -0.29362500
    0.11897546    0.19046808    0.13291843   -0.20176208    0.17344226   -0.29362968
    0.11897411    0.19047096    0.13291843   -0.20176208    0.17344028   -0.29363412
    0.11897240    0.19047365    0.13291843   -0.20176208    0.17343780   -0.29363826
    0.11897037    0.19047610    0.13291843   -0.20176208    0.17343484   -0.29364205
    0.11896805    0.19047828    0.13291843   -0.20176208    0.17343145   -0.29364541
    0.11896547    0.19048015    0.13291843   -0.20176208    0.17342769   -0.29364830
    0.11896268    0.19048169    0.13291843   -0.20176208    0.17342362   -0.29365066
    0.11895972    0.19048286    0.13291843   -0.20176208    0.17341931   -0.29365247
    0.11895663    0.19048365    0.13291843   -0.20176208    0.17341481   -0.29365369
    0.11895347    0.19048405    0.13291843   -0.20176208    0.17341020   -0.29365431
    0.11895029    0.19048405    0.13291843   -0.20176208    0.17340556   -0.29365431
    0.11894712    0.19048365    0.13291843   -0.20176208    0.17340095   -0.29365369
    0.11894404    0.19048286    0.13291843   -0.20176208    0.17339645   -0.29365247
    0.11894108    0.19048169    0.13291843   -0.20176208    0.17339214   -0.29365066
    0.11893829    0.19048015    0.13291843   -0.20176208    0.17338807   -0.29364830
    0.11893571    0.19047828    0.13291843   -0.20176208    0.17338431   -0.29364541
    0.11893339    0.19047610    0.13291843   -0.20176208    0.17338092   -0.29364205
    0.11893136    0.19047365    0.13291843   -0.20176208    0.17337796   -0.29363826
    0.11892965    0.19047096    0.13291843   -0.20176208    0.17337548   -0.29363412
    0.11892829    0.19046808    0.13291843   -0.20176208    0.17337350   -0.29362968
    0.11892731    0.19046505    0.13291843   -0.20176208    0.17337206   -0.29362500
    0.11892671    0.19046192    0.13291843   -0.20176208    0.17337119   -0.29362018
    0.11892651    0.19045874    0.13291843   -0.20176208    0.17337090   -0.29361528
    0.11892671    0.19045556    0.13291843   -0.20176208    0.17337119   -0.29361038
    0.11892731    0.19045243    0.13291843   -0.20176208    0.17337206   -0.29360556
    0.11892829    0.19044940    0.13291843   -0.20176208    0.17337350   -0.29360088
    0.11892965    0.19044652    0.13291843   -0.20176208    0.17337548   -0.29359644
    0.11893136    0.19044383    0.13291843   -0.20176208    0.17337796   -0.29359230
    0.11893339    0.19044137    0.13291843   -0.20176208    0.17338092   -0.29358851
    0.11893571    0.19043919    0.13291843   -0.20176208    0.17338431   -0.29358515
    0.11893829    0.19043732    0.13291843   -0.20176208    0.17338807   -0.29358226
    0.11894108    0.19043579    0.13291843   -0.20176208    0.17339214   -0.29357990
    0.11894404    0.19043461    0.13291843   -0.20176208    0.17339645   -0.29357809
    0.11894712    0.19043382    0.13291843   -0.20176208    0.17340095   -0.29357687
    0.11895029    0.19043342    0.13291843   -0.20176208    0.17340556   -0.29357625
    0.11895347    0.19043342    0.13291843   -0.20176208    0.17341020   -0.29357625
    0.11895663    0.19043382    0.13291843   -0.20176208    0.17341481   -0.29357687
    0.11895972    0.19043461    0.13291843   -0.20176208    0.17341931   -0.29357809
    0.11896268    0.19043579    0.13291843   -0.20176208    0.17342362   -0.29357990
    0.11896547    0.19043732    0.13291843   -0.20176208    0.17342769   -0.29358226
    0.11896805    0.19043919    0.13291843   -0.20176208    0.17343145   -0.29358515
    0.11897037    0.19044137    0.13291843   -0.20176208    0.17343484   -0.29358851
    0.11897240    0.19044383    0.13291843   -0.20176208    0.17343780   -0.29359230
    0.11897411    0.19044652    0.13291843   -0.20176208    0.17344028   -0.29359644
    0.11897546    0.19044940    0.13291843   -0.20176208    0.17344226   -0.29360088
    0.11897645    0.19045243    0.13291843   -0.20176208    0.17344370   -0.29360556
    0.11897704    0.19045556    0.13291843   -0.20176208    0.17344457   -0.29361038
    0.11897099    0.19045874    0.13291985   -0.20176424    0.17343575   -0.29361528
    0.11897084    0.19046113    0.13291985   -0.20176424    0.17343553   -0.29361897
    0.11897039    0.19046349    0.13291985   -0.20176424    0.17343487   -0.29362261
    0.11896965    0.19046578    0.13291985   -0.20176424    0.17343379   -0.29362613
    0.11896863    0.19046795    0.13291985   -0.20176424    0.17343230   -0.29362948
    0.11896734    0.19046997    0.13291985   -0.20176424    0.17343042   -0.29363260
    0.11896581    0.19047182    0.13291985   -0.20176424    0.17342819   -0.29363545
    0.11896406    0.19047347    0.13291985   -0.20176424    0.17342564   -0.29363799
    0.11896212    0.19047488    0.13291985   -0.20176424    0.17342281   -0.29364016
    0.11896002    0.19047603    0.13291985   -0.20176424    0.17341975   -0.29364194
    0.11895779    0.19047692    0.13291985   -0.20176424    0.17341649   -0.29364331
    0.11895546    0.19047752    0.13291985   -0.20176424    0.17341310   -0.29364423
    0.11895308    0.19047782    0.13291985   -0.20176424    0.17340963   -0.29364469
    0.11895068    0.19047782    0.13291985   -0.20176424    0.17340613   -0.29364469
    0.11894830    0.19047752    0.13291985   -0.20176424    0.17340266   -0.29364423
    0.11894597    0.19047692    0.13291985   -0.20176424    0.17339927   -0.29364331
    0.11894374    0.19047603    0.13291985   -0.20176424    0.17339601   -0.29364194
    0.11894164    0.19047488    0.13291985   -0.20176424    0.17339295   -0.29364016
    0.11893969    0.19047347    0.13291985   -0.20176424    0.17339012   -0.29363799
    0.11893794    0.19047182    0.13291985   -0.20176424    0.17338757   -0.29363545
    0.11893641    0.19046997    0.13291985   -0.20176424    0.17338534   -0.29363260
    0.11893513    0.19046795    0.13291985   -0.20176424    0.17338346   -0.29362948
    0.11893410    0.19046578    0.13291985   -0.20176424    0.17338197   -0.29362613
    0.11893336    0.19046349    0.13291985   -0.20176424    0.17338089   -0.29362261
    0.11893291    0.19046113    0.13291985   -0.20176424    0.17338023   -0.29361897
    0.11893276    0.19045874    0.13291985   -0.20176424    0.17338001   -0.29361528
    0.11893291    0.19045634    0.13291985   -0.20176424    0.17338023   -0.29361159
    0.11893336    0.19045398    0.13291985   -0.20176424    0.17338089   -0.29360795
    0.11893410    0.19045170    0.13291985   -0.20176424    0.17338197   -0.29360443
    0.11893513    0.19044953    0.13291985   -0.20176424    0.17338346   -0.29360108
    0.11893641    0.19044750    0.13291985   -0.20176424    0.17338534   -0.29359796
    0.11893794    0.19044565    0.13291985   -0.20176424    0.17338757   -0.29359511
    0.11893969    0.19044401    0.13291985   -0.20176424    0.17339012   -0.29359257
    0.11894164    0.19044260    0.13291985   -0.20176424    0.17339295   -0.29359040
    0.11894374    0.19044144    0.13291985   -0.20176424    0.17339601   -0.29358862
    0.11894597    0.19044056    0.13291985   -0.20176424    0.17339927   -0.29358725
    0.11894830    0.19043996    0.13291985   -0.20176424    0.17340266   -0.29358633
    0.11895068    0.19043966    0.13291985   -0.20176424    0.17340613   -0.29358587
    0.11895308    0.19043966    0.13291985   -0.20176424    0.17340963   -0.29358587
    0.11895546    0.19043996    0.13291985   -0.20176424    0.17341310   -0.29358633
    0.11895779    0.19044056    0.13291985   -0.20176424    0.17341649   -0.29358725
    0.11896002    0.19044144    0.13291985   -0.20176424    0.17341975   -0.29358862
    0.11896212    0.19044260    0.13291985   -0.20176424    0.17342281   -0.29359040
    0.11896406    0.19044401    0.13291985   -0.20176424    0.17342564   -0.29359257
    0.11896581    0.19044565    0.13291985   -0.20176424    0.17342819   -0.29359511
    0.11896734    0.19044750    0.13291985   -0.20176424    0.17343042   -0.29359796
    0.11896863    0.19044953    0.13291985   -0.20176424    0.17343230   -0.29360108
    0.11896965    0.19045170    0.13291985   -0.20176424    0.17343379   -0.29360443
    0.11897039    0.19045398    0.13291985   -0.20176424    0.17343487   -0.29360795
    0.11897084    0.19045634    0.13291985   -0.20176424    0.17343553   -0.29361159
    0.11896467    0.19045874    0.13292088   -0.20176580    0.17342652   -0.29361528
    0.11896456    0.19046034    0.13292088   -0.20176580    0.17342637   -0.29361775
    0.11896426    0.19046192    0.13292088   -0.20176580    0.17342594   -0.29362018
    0.11896377    0.19046345    0.13292088   -0.20176580    0.17342521   -0.29362254
    0.11896308    0.19046490    0.13292088   -0.20176580    0.17342422   -0.29362478
    0.11896222    0.19046625    0.13292088   -0.20176580    0.17342296   -0.29362687
    0.11896120    0.19046749    0.13292088   -0.20176580    0.17342147   -0.29362878
    0.11896003    0.19046859    0.13292088   -0.20176580    0.17341976   -0.29363047
    0.11895873    0.19046954    0.13292088   -0.20176580    0.17341787   -0.29363192
    0.11895732    0.19047031    0.13292088   -0.20176580    0.17341582   -0.29363312
    0.11895583    0.19047090    0.13292088   -0.20176580    0.17341364   -0.29363403
    0.11895427    0.19047130    0.13292088   -0.20176580    0.17341137   -0.29363464
    0.11895268    0.19047150    0.13292088   -0.20176580    0.17340905   -0.29363495
    0.11895108    0.19047150    0.13292088   -0.20176580    0.17340671   -0.29363495
    0.11894948    0.19047130    0.13292088   -0.20176580    0.17340439   -0.29363464
    0.11894793    0.19047090    0.13292088   -0.20176580    0.17340212   -0.29363403
    0.11894643    0.19047031    0.13292088   -0.20176580    0.17339994   -0.29363312
    0.11894503    0.19046954    0.13292088   -0.20176580    0.17339789   -0.29363192
    0.11894373    0.19046859    0.13292088   -0.20176580    0.17339600   -0.29363047
    0.11894256    0.19046749    0.13292088   -0.20176580    0.17339429   -0.29362878
    0.11894153    0.19046625    0.13292088   -0.20176580    0.17339280   -0.29362687
    0.11894067    0.19046490    0.13292088   -0.20176580    0.17339154   -0.29362478
    0.11893999    0.19046345    0.13292088   -0.20176580    0.17339055   -0.29362254
    0.11893949    0.19046192    0.13292088   -0.20176580    0.17338982   -0.29362018
    0.11893919    0.19046034    0.13292088   -0.20176580    0.17338939   -0.29361775
    0.11893909    0.19045874    0.13292088   -0.20176580    0.17338924   -0.29361528
    0.11893919    0.19045714    0.13292088   -0.20176580    0.17338939   -0.29361281
    0.11893949    0.19045556    0.13292088   -0.20176580    0.17338982   -0.29361038
    0.11893999    0.19045403    0.13292088   -0.20176580    0.17339055   -0.29360802
    0.11894067    0.19045258    0.13292088   -0.20176580    0.17339154   -0.29360578
    0.11894153    0.19045122    0.13292088   -0.20176580    0.17339280   -0.29360369
    0.11894256    0.19044998    0.13292088   -0.20176580    0.17339429   -0.29360178
    0.11894373    0.19044888    0.13292088   -0.20176580    0.17339600   -0.29360009
    0.11894503    0.19044794    0.13292088   -0.20176580    0.17339789   -0.29359864
    0.11894643    0.19044717    0.13292088   -0.20176580    0.17339994   -0.29359744
    0.11894793    0.19044658    0.13292088   -0.20176580    0.17340212   -0.29359653
    0.11894948    0.19044618    0.13292088   -0.20176580    0.17340439   -0.29359592
    0.11895108    0.19044598    0.13292088   -0.20176580    0.17340671   -0.29359561
    0.11895268    0.19044598    0.13292088   -0.20176580    0.17340905   -0.29359561
    0.11895427    0.19044618    0.13292088   -0.20176580    0.17341137   -0.29359592
    0.11895583    0.19044658    0.13292088   -0.20176580    0.17341364   -0.29359653
    0.11895732    0.19044717    0.13292088   -0.20176580    0.17341582   -0.29359744
    0.11895873    0.19044794    0.13292088   -0.20176580    0.17341787   -0.29359864
    0.11896003    0.19044888    0.13292088   -0.20176580    0.17341976   -0.29360009
    0.11896120    0.19044998    0.13292088   -0.20176580    0.17342147   -0.29360178
    0.11896222    0.19045122    0.13292088   -0.20176580    0.17342296   -0.29360369
    0.11896308    0.19045258    0.13292088   -0.20176580    0.17342422   -0.29360578
    0.11896377    0.19045403    0.13292088   -0.20176580    0.17342521   -0.29360802
    0.11896426    0.19045556    0.13292088   -0.20176580    0.17342594   -0.29361038
    0.11896456    0.19045714    0.13292088   -0.20176580    0.17342637   -0.29361281
    0.11895829    0.19045874    0.13292149   -0.20176673    0.17341722   -0.29361528
    0.11895823    0.19045954    0.13292149   -0.20176673    0.17341715   -0.29361652
    0.11895808    0.19046033    0.13292149   -0.20176673    0.17341693   -0.29361774
    0.11895784    0.19046110    0.13292149   -0.20176673    0.17341656   -0.29361892
    0.11895749    0.19046182    0.13292149   -0.20176673    0.17341606   -0.29362004
    0.11895706    0.19046250    0.13292149   -0.20176673    0.17341544   -0.29362109
    0.11895655    0.19046312    0.13292149   -0.20176673    0.17341469   -0.29362204
    0.11895596    0.19046367    0.13292149   -0.20176673    0.17341383   -0.29362289
    0.11895531    0.19046415    0.13292149   -0.20176673    0.17341288   -0.29362362
    0.11895461    0.19046454    0.13292149   -0.20176673    0.17341186   -0.29362422
    0.11895386    0.19046483    0.13292149   -0.20176673    0.17341077   -0.29362467
    0.11895308    0.19046503    0.13292149   -0.20176673    0.17340963   -0.29362498
    0.11895228    0.19046513    0.13292149   -0.20176673    0.17340847   -0.29362514
    0.11895148    0.19046513    0.13292149   -0.20176673    0.17340729   -0.29362514
    0.11895068    0.19046503    0.13292149   -0.20176673    0.17340613   -0.29362498
    0.11894990    0.19046483    0.13292149   -0.20176673    0.17340499   -0.29362467
    0.11894915    0.19046454    0.13292149   -0.20176673    0.17340390   -0.29362422
    0.11894844    0.19046415    0.13292149   -0.20176673    0.17340288   -0.29362362
    0.11894779    0.19046367    0.13292149   -0.20176673    0.17340193   -0.29362289
    0.11894721    0.19046312    0.13292149   -0.20176673    0.17340107   -0.29362204
    0.11894669    0.19046250    0.13292149   -0.20176673    0.17340032   -0.29362109
    0.11894626    0.19046182    0.13292149   -0.20176673    0.17339970   -0.29362004
    0.11894592    0.19046110    0.13292149   -0.20176673    0.17339920   -0.29361892
    0.11894567    0.19046033    0.13292149   -0.20176673    0.17339883   -0.29361774
    0.11894552    0.19045954    0.13292149   -0.20176673    0.17339861   -0.29361652
    0.11894547    0.19045874    0.13292149   -0.20176673    0.17339854   -0.29361528
    0.11894552    0.19045794    0.13292149   -0.20176673    0.17339861   -0.29361404
    0.11894567    0.19045714    0.13292149   -0.20176673    0.17339883   -0.29361282
    0.11894592    0.19045638    0.13292149   -0.20176673    0.17339920   -0.29361164
    0.11894626    0.19045565    0.13292149   -0.20176673    0.17339970   -0.29361052
    0.11894669    0.19045497    0.13292149   -0.20176673    0.17340032   -0.29360947
    0.11894721    0.19045435    0.13292149   -0.20176673    0.17340107   -0.29360852
    0.11894779    0.19045380    0.13292149   -0.20176673    0.17340193   -0.29360767
    0.11894844    0.19045333    0.13292149   -0.20176673    0.17340288   -0.29360694
    0.11894915    0.19045294    0.13292149   -0.20176673    0.17340390   -0.29360634
    0.11894990    0.19045264    0.13292149   -0.20176673    0.17340499   -0.29360589
    0.11895068    0.19045244    0.13292149   -0.20176673    0.17340613   -0.29360558
    0.11895148    0.19045234    0.13292149   -0.20176673    0.17340729   -0.29360542
    0.11895228    0.19045234    0.13292149   -0.20176673    0.17340847   -0.29360542
    0.11895308    0.19045244    0.13292149   -0.20176673    0.17340963   -0.29360558
    0.11895386    0.19045264    0.13292149   -0.20176673    0.17341077   -0.29360589
    0.11895461    0.19045294    0.13292149   -0.20176673    0.17341186   -0.29360634
    0.11895531    0.19045333    0.13292149   -0.20176673    0.17341288   -0.29360694
    0.11895596    0.19045380    0.13292149   -0.20176673    0.17341383   -0.29360767
    0.11895655    0.19045435    0.13292149   -0.20176673    0.17341469   -0.29360852
    0.11895706    0.19045497    0.13292149   -0.20176673    0.17341544   -0.29360947
    0.11895749    0.19045565    0.13292149   -0.20176673    0.17341606   -0.29361052
    0.11895784    0.19045638    0.13292149   -0.20176673    0.17341656   -0.29361164
    0.11895808    0.19045714    0.13292149   -0.20176673    0.17341693   -0.29361282
    0.11895823    0.19045794    0.13292149   -0.20176673    0.17341715   -0.29361404
    0.11895252    0.19045874    0.13292169   -0.20176704    0.17340881   -0.29361528
    0.11895251    0.19045882    0.13292169   -0.20176704    0.17340881   -0.29361540
    0.11895250    0.19045890    0.13292169   -0.20176704    0.17340879   -0.29361553
    0.11895247    0.19045897    0.13292169   -0.20176704    0.17340875   -0.29361564
    0.11895244    0.19045905    0.13292169   -0.20176704    0.17340870   -0.29361576
    0.11895240    0.19045911    0.13292169   -0.20176704    0.17340864   -0.29361586
    0.11895235    0.19045918    0.13292169   -0.20176704    0.17340856   -0.29361596
    0.11895229    0.19045923    0.13292169   -0.20176704    0.17340848   -0.29361604
    0.11895222    0.19045928    0.13292169   -0.20176704    0.17340838   -0.29361611
    0.11895215    0.19045932    0.13292169   -0.20176704    0.17340828   -0.29361617
    0.11895208    0.19045935    0.13292169   -0.20176704    0.17340817   -0.29361622
    0.11895200    0.19045937    0.13292169   -0.20176704    0.17340806   -0.29361625
    0.11895192    0.19045938    0.13292169   -0.20176704    0.17340794   -0.29361627
    0.11895184    0.19045938    0.13292169   -0.20176704    0.17340782   -0.29361627
    0.11895176    0.19045937    0.13292169   -0.20176704    0.17340770   -0.29361625
    0.11895168    0.19045935    0.13292169   -0.20176704    0.17340759   -0.29361622
    0.11895161    0.19045932    0.13292169   -0.20176704    0.17340748   -0.29361617
    0.11895153    0.19045928    0.13292169   -0.20176704    0.17340738   -0.29361611
    0.11895147    0.19045923    0.13292169   -0.20176704    0.17340728   -0.29361604
    0.11895141    0.19045918    0.13292169   -0.20176704    0.17340720   -0.29361596
    0.11895136    0.19045911    0.13292169   -0.20176704    0.17340712   -0.29361586
    0.11895132    0.19045905    0.13292169   -0.20176704    0.17340706   -0.29361576
    0.11895128    0.19045897    0.13292169   -0.20176704    0.17340701   -0.29361564
    0.11895126    0.19045890    0.13292169   -0.20176704    0.17340697   -0.29361553
    0.11895124    0.19045882    0.13292169   -0.20176704    0.17340695   -0.29361540
    0.11895124    0.19045874    0.13292169   -0.20176704    0.17340695   -0.29361528
    0.11895124    0.19045866    0.13292169   -0.20176704    0.17340695   -0.29361516
    0.11895126    0.19045858    0.13292169   -0.20176704    0.17340697   -0.29361503
    0.11895128    0.19045850    0.13292169   -0.20176704    0.17340701   -0.29361492
    0.11895132    0.19045843    0.13292169   -0.20176704    0.17340706   -0.29361480
    0.11895136    0.19045836    0.13292169   -0.20176704    0.17340712   -0.29361470
    0.11895141    0.19045830    0.13292169   -0.20176704    0.17340720   -0.29361460
    0.11895147    0.19045824    0.13292169   -0.20176704    0.17340728   -0.29361452
    0.11895153    0.19045820    0.13292169   -0.20176704    0.17340738   -0.29361445
    0.11895161    0.19045816    0.13292169   -0.20176704    0.17340748   -0.29361439
    0.11895168    0.19045813    0.13292169   -0.20176704    0.17340759   -0.29361434
    0.11895176    0.19045811    0.13292169   -0.20176704    0.17340770   -0.29361431
    0.11895184    0.19045810    0.13292169   -0.20176704    0.17340782   -0.29361429
    0.11895192    0.19045810    0.13292169   -0.20176704    0.17340794   -0.29361429
    0.11895200    0.19045811    0.13292169   -0.20176704    0.17340806   -0.29361431
    0.11895208    0.19045813    0.13292169   -0.20176704    0.17340817   -0.29361434
    0.11895215    0.19045816    0.13292169   -0.20176704    0.17340828   -0.29361439
    0.11895222    0.19045820    0.13292169   -0.20176704    0.17340838   -0.29361445
    0.11895229    0.19045824    0.13292169   -0.20176704    0.17340848   -0.29361452
    0.11895235    0.19045830    0.13292169   -0.20176704    0.17340856   -0.29361460
    0.11895240    0.19045836    0.13292169   -0.20176704    0.17340864   -0.29361470
    0.11895244    0.19045843    0.13292169   -0.20176704    0.17340870   -0.29361480
    0.11895247    0.19045850    0.13292169   -0.20176704    0.17340875   -0.29361492
    0.11895250    0.19045858    0.13292169   -0.20176704    0.17340879   -0.29361503
    0.11895251    0.19045866    0.13292169   -0.20176704    0.17340881   -0.29361516
