    0.04726866   -0.00326301   -0.09368030    0.14659653    0.07103910    0.00492552
    0.04726865   -0.00326293   -0.09368030    0.14659653    0.07103909    0.00492540
    0.04726864   -0.00326285   -0.09368030    0.14659653    0.07103907    0.00492528
    0.04726861   -0.00326277   -0.09368030    0.14659653    0.07103903    0.00492517
    0.04726858   -0.00326270   -0.09368030    0.14659653    0.07103898    0.00492506
    0.04726854   -0.00326263   -0.09368030    0.14659653    0.07103892    0.00492495
    0.04726848   -0.00326257   -0.09368030    0.14659653    0.07103884    0.00492486
    0.04726843   -0.00326252   -0.09368030    0.14659653    0.07103875    0.00492478
    0.04726836   -0.00326247   -0.09368030    0.14659653    0.07103865    0.00492470
    0.04726829   -0.00326243   -0.09368030    0.14659653    0.07103855    0.00492465
    0.04726822   -0.00326240   -0.09368030    0.14659653    0.07103843    0.00492460
    0.04726814   -0.00326238   -0.09368030    0.14659653    0.07103832    0.00492457
    0.04726806   -0.00326237   -0.09368030    0.14659653    0.07103820    0.00492456
    0.04726798   -0.00326237   -0.09368030    0.14659653    0.07103808    0.00492456
    0.04726790   -0.00326238   -0.09368030    0.14659653    0.07103796    0.00492457
    0.04726782   -0.00326240   -0.09368030    0.14659653    0.07103784    0.00492460
    0.04726774   -0.00326243   -0.09368030    0.14659653    0.07103773    0.00492465
    0.04726767   -0.00326247   -0.09368030    0.14659653    0.07103762    0.00492470
    0.04726761   -0.00326252   -0.09368030    0.14659653    0.07103752    0.00492478
    0.04726755   -0.00326257   -0.09368030    0.14659653    0.07103743    0.00492486
    0.04726750   -0.00326263   -0.09368030    0.14659653    0.07103736    0.00492495
    0.04726746   -0.00326270   -0.09368030    0.14659653    0.07103729    0.00492506
    0.04726742   -0.00326277   -0.09368030    0.14659653    0.07103724    0.00492517
    0.04726740   -0.00326285   -0.09368030    0.14659653    0.07103720    0.00492528
    0.04726738   -0.00326293   -0.09368030    0.14659653    0.07103718    0.00492540
    0.04726738   -0.00326301   -0.09368030    0.14659653    0.07103717    0.00492552
    0.04726738   -0.00326309   -0.09368030    0.14659653    0.07103718    0.00492564
    0.04726740   -0.00326317   -0.09368030    0.14659653    0.07103720    0.00492576
    0.04726742   -0.00326325   -0.09368030    0.14659653    0.07103724    0.00492588
    0.04726746   -0.00326332   -0.09368030    0.14659653    0.07103729    0.00492599
    0.04726750   -0.00326339   -0.09368030    0.14659653    0.07103736    0.00492609
    0.04726755   -0.00326345   -0.09368030    0.14659653    0.07103743    0.00492618
    0.04726761   -0.00326350   -0.09368030    0.14659653    0.07103752    0.00492627
    0.04726767   -0.00326355   -0.09368030    0.14659653    0.07103762    0.00492634
    0.04726774   -0.00326359   -0.09368030    0.14659653    0.07103773    0.00492640
    0.04726782   -0.00326362   -0.09368030    0.14659653    0.07103784    0.00492644
    0.04726790   -0.00326364   -0.09368030    0.14659653    0.07103796    0.00492647
    0.04726798   -0.00326365   -0.09368030    0.14659653    0.07103808    0.00492649
    0.04726806   -0.00326365   -0.09368030    0.14659653    0.07103820    0.00492649
    0.04726814   -0.00326364   -0.09368030    0.14659653    0.07103832    0.00492647
    0.04726822   -0.00326362   -0.09368030    0.14659653    0.07103843    0.00492644
    0.04726829   -0.00326359   -0.09368030    0.14659653    0.07103855    0.00492640
    0.04726836   -0.00326355   -0.09368030    0.14659653    0.07103865    0.00492634
    0.04726843   -0.00326350   -0.09368030    0.14659653    0.07103875    0.00492627
    0.04726848   -0.00326345   -0.09368030    0.14659653    0.07103884    0.00492618
    0.04726854   -0.00326339   -0.09368030    0.14659653    0.07103892    0.00492609
    0.04726858   -0.00326332   -0.09368030    0.14659653    0.07103898    0.00492599
    0.04726861   -0.00326325   -0.09368030    0.14659653    0.07103903    0.00492588
    0.04726864   -0.00326317   -0.09368030    0.14659653    0.07103907    0.00492576
    0.04726865   -0.00326309   -0.09368030    0.14659653    0.07103909    0.00492564
    0.04727442   -0.00326301   -0.09368010    0.14659621    0.07104776    0.00492552
    0.04727437   -0.00326221   -0.09368010    0.14659621    0.07104769    0.00492431
    0.04727422   -0.00326142   -0.09368010    0.14659621    0.07104746    0.00492312
    0.04727397   -0.00326065   -0.09368010    0.14659621    0.07104709    0.00492196
    0.04727363   -0.00325992   -0.09368010    0.14659621    0.07104657    0.00492086
    0.04727320   -0.00325924   -0.09368010    0.14659621    0.07104593    0.00491984
    0.04727269   -0.00325862   -0.09368010    0.14659621    0.07104516    0.00491890
    0.04727210   -0.00325807   -0.09368010    0.14659621    0.07104427    0.00491807
    0.04727145   -0.00325760   -0.09368010    0.14659621    0.07104330    0.00491736
    0.04727074   -0.00325721   -0.09368010    0.14659621    0.07104224    0.00491677
    0.04727000   -0.00325692   -0.09368010    0.14659621    0.07104111    0.00491632
    0.04726922   -0.00325672   -0.09368010    0.14659621    0.07103994    0.00491602
    0.04726842   -0.00325662   -0.09368010    0.14659621    0.07103874    0.00491587
    0.04726761   -0.00325662   -0.09368010    0.14659621    0.07103753    0.00491587
    0.04726682   -0.00325672   -0.09368010    0.14659621    0.07103633    0.00491602
    0.04726604   -0.00325692   -0.09368010    0.14659621    0.07103516    0.00491632
    0.04726529   -0.00325721   -0.09368010    0.14659621    0.07103404    0.00491677
    0.04726458   -0.00325760   -0.09368010    0.14659621    0.07103298    0.00491736
    0.04726393   -0.00325807   -0.09368010    0.14659621    0.07103200    0.00491807
    0.04726335   -0.00325862   -0.09368010    0.14659621    0.07103112    0.00491890
    0.04726283   -0.00325924   -0.09368010    0.14659621    0.07103035    0.00491984
    0.04726240   -0.00325992   -0.09368010    0.14659621    0.07102970    0.00492086
    0.04726206   -0.00326065   -0.09368010    0.14659621    0.07102918    0.00492196
    0.04726181   -0.00326142   -0.09368010    0.14659621    0.07102881    0.00492312
    0.04726166   -0.00326221   -0.09368010    0.14659621    0.07102858    0.00492431
    0.04726161   -0.00326301   -0.09368010    0.14659621    0.07102851    0.00492552
    0.04726166   -0.00326381   -0.09368010    0.14659621    0.07102858    0.00492673
    0.04726181   -0.00326460   -0.09368010    0.14659621    0.07102881    0.00492793
    0.04726206   -0.00326537   -0.09368010    0.14659621    0.07102918    0.00492908
    0.04726240   -0.00326610   -0.09368010    0.14659621    0.07102970    0.00493018
    0.04726283   -0.00326678   -0.09368010    0.14659621    0.07103035    0.00493121
    0.04726335   -0.00326740   -0.09368010    0.14659621    0.07103112    0.00493214
    0.04726393   -0.00326795   -0.09368010    0.14659621    0.07103200    0.00493297
    0.04726458   -0.00326842   -0.09368010    0.14659621    0.07103298    0.00493369
    0.04726529   -0.00326881   -0.09368010    0.14659621    0.07103404    0.00493427
    0.04726604   -0.00326910   -0.09368010    0.14659621    0.07103516    0.00493472
    0.04726682   -0.00326930   -0.09368010    0.14659621    0.07103633    0.00493502
    0.04726761   -0.00326940   -0.09368010    0.14659621    0.07103753    0.00493517
    0.04726842   -0.00326940   -0.09368010    0.14659621    0.07103874    0.00493517
    0.04726922   -0.00326930   -0.09368010    0.14659621    0.07103994    0.00493502
    0.04727000   -0.00326910   -0.09368010    0.14659621    0.07104111    0.00493472
    0.04727074   -0.00326881   -0.09368010    0.14659621    0.07104224    0.00493427
    0.04727145   -0.00326842   -0.09368010    0.14659621    0.07104330    0.00493369
    0.04727210   -0.00326795   -0.09368010    0.14659621    0.07104427    0.00493297
    0.04727269   -0.00326740   -0.09368010    0.14659621    0.07104516    0.00493214
    0.04727320   -0.00326678   -0.09368010    0.14659621    0.07104593    0.00493121
    0.04727363   -0.00326610   -0.09368010    0.14659621    0.07104657    0.00493018
    0.04727397   -0.00326537   -0.09368010    0.14659621    0.07104709    0.00492908
    0.04727422   -0.00326460   -0.09368010    0.14659621    0.07104746    0.00492793
    0.04727437   -0.00326381   -0.09368010    0.14659621    0.07104769    0.00492673
    0.04728080   -0.00326301   -0.09367948    0.14659525    0.07105735    0.00492552
    0.04728070   -0.00326141   -0.09367948    0.14659525    0.07105720    0.00492310
    0.04728040   -0.00325983   -0.09367948    0.14659525    0.07105675    0.00492072
    0.04727991   -0.00325830   -0.09367948    0.14659525    0.07105600    0.00491842
    0.04727922   -0.00325685   -0.09367948    0.14659525    0.07105498    0.00491622
    0.04727836   -0.00325549   -0.09367948    0.14659525    0.07105368    0.00491418
    0.04727734   -0.00325426   -0.09367948    0.14659525    0.07105215    0.00491231
    0.04727617   -0.00325316   -0.09367948    0.14659525    0.07105039    0.00491065
    0.04727487   -0.00325221   -0.09367948    0.14659525    0.07104843    0.00490922
    0.04727346   -0.00325144   -0.09367948    0.14659525    0.07104632    0.00490806
    0.04727197   -0.00325085   -0.09367948    0.14659525    0.07104407    0.00490716
    0.04727041   -0.00325045   -0.09367948    0.14659525    0.07104174    0.00490656
    0.04726882   -0.00325025   -0.09367948    0.14659525    0.07103934    0.00490626
    0.04726721   -0.00325025   -0.09367948    0.14659525    0.07103693    0.00490626
    0.04726562   -0.00325045   -0.09367948    0.14659525    0.07103453    0.00490656
    0.04726407   -0.00325085   -0.09367948    0.14659525    0.07103220    0.00490716
    0.04726257   -0.00325144   -0.09367948    0.14659525    0.07102995    0.00490806
    0.04726116   -0.00325221   -0.09367948    0.14659525    0.07102784    0.00490922
    0.04725987   -0.00325316   -0.09367948    0.14659525    0.07102589    0.00491065
    0.04725870   -0.00325426   -0.09367948    0.14659525    0.07102413    0.00491231
    0.04725767   -0.00325549   -0.09367948    0.14659525    0.07102259    0.00491418
    0.04725681   -0.00325685   -0.09367948    0.14659525    0.07102129    0.00491622
    0.04725613   -0.00325830   -0.09367948    0.14659525    0.07102027    0.00491842
    0.04725563   -0.00325983   -0.09367948    0.14659525    0.07101952    0.00492072
    0.04725533   -0.00326141   -0.09367948    0.14659525    0.07101907    0.00492310
    0.04725523   -0.00326301   -0.09367948    0.14659525    0.07101892    0.00492552
    0.04725533   -0.00326461   -0.09367948    0.14659525    0.07101907    0.00492794
    0.04725563   -0.00326619   -0.09367948    0.14659525    0.07101952    0.00493032
    0.04725613   -0.00326772   -0.09367948    0.14659525    0.07102027    0.00493263
    0.04725681   -0.00326917   -0.09367948    0.14659525    0.07102129    0.00493482
    0.04725767   -0.00327053   -0.09367948    0.14659525    0.07102259    0.00493687
    0.04725870   -0.00327176   -0.09367948    0.14659525    0.07102413    0.00493874
    0.04725987   -0.00327286   -0.09367948    0.14659525    0.07102589    0.00494039
    0.04726116   -0.00327381   -0.09367948    0.14659525    0.07102784    0.00494182
    0.04726257   -0.00327458   -0.09367948    0.14659525    0.07102995    0.00494299
    0.04726407   -0.00327517   -0.09367948    0.14659525    0.07103220    0.00494388
    0.04726562   -0.00327557   -0.09367948    0.14659525    0.07103453    0.00494448
    0.04726721   -0.00327577   -0.09367948    0.14659525    0.07103693    0.00494479
    0.04726882   -0.00327577   -0.09367948    0.14659525    0.07103934    0.00494479
    0.04727041   -0.00327557   -0.09367948    0.14659525    0.07104174    0.00494448
    0.04727197   -0.00327517   -0.09367948    0.14659525    0.07104407    0.00494388
    0.04727346   -0.00327458   -0.09367948    0.14659525    0.07104632    0.00494299
    0.04727487   -0.00327381   -0.09367948    0.14659525    0.07104843    0.00494182
    0.04727617   -0.00327286   -0.09367948    0.14659525    0.07105039    0.00494039
    0.04727734   -0.00327176   -0.09367948    0.14659525    0.07105215    0.00493874
    0.04727836   -0.00327053   -0.09367948    0.14659525    0.07105368    0.00493687
    0.04727922   -0.00326917   -0.09367948    0.14659525    0.07105498    0.00493482
    0.04727991   -0.00326772   -0.09367948    0.14659525    0.07105600    0.00493263
    0.04728040   -0.00326619   -0.09367948    0.14659525    0.07105675    0.00493032
    0.04728070   -0.00326461   -0.09367948    0.14659525    0.07105720    0.00492794
    0.04728713   -0.00326301   -0.09367846    0.14659365    0.07106686    0.00492552
    0.04728698   -0.00326061   -0.09367846    0.14659365    0.07106664    0.00492191
    0.04728653   -0.00325826   -0.09367846    0.14659365    0.07106596    0.00491835
    0.04728579   -0.00325597   -0.09367846    0.14659365    0.07106485    0.00491490
    0.04728477   -0.00325380   -0.09367846    0.14659365    0.07106331    0.00491162
    0.04728348   -0.00325177   -0.09367846    0.14659365    0.07106138    0.00490856
    0.04728195   -0.00324992   -0.09367846    0.14659365    0.07105908    0.00490577
    0.04728020   -0.00324828   -0.09367846    0.14659365    0.07105645    0.00490329
    0.04727826   -0.00324687   -0.09367846    0.14659365    0.07105353    0.00490116
    0.04727616   -0.00324571   -0.09367846    0.14659365    0.07105037    0.00489941
    0.04727392   -0.00324483   -0.09367846    0.14659365    0.07104701    0.00489808
    0.04727160   -0.00324423   -0.09367846    0.14659365    0.07104352    0.00489718
    0.04726922   -0.00324393   -0.09367846    0.14659365    0.07103994    0.00489672
    0.04726682   -0.00324393   -0.09367846    0.14659365    0.07103633    0.00489672
    0.04726444   -0.00324423   -0.09367846    0.14659365    0.07103275    0.00489718
    0.04726211   -0.00324483   -0.09367846    0.14659365    0.07102926    0.00489808
    0.04725988   -0.00324571   -0.09367846    0.14659365    0.07102590    0.00489941
    0.04725777   -0.00324687   -0.09367846    0.14659365    0.07102274    0.00490116
    0.04725583   -0.00324828   -0.09367846    0.14659365    0.07101982    0.00490329
    0.04725408   -0.00324992   -0.09367846    0.14659365    0.07101719    0.00490577
    0.04725255   -0.00325177   -0.09367846    0.14659365    0.07101489    0.00490856
    0.04725127   -0.00325380   -0.09367846    0.14659365    0.07101296    0.00491162
    0.04725024   -0.00325597   -0.09367846    0.14659365    0.07101142    0.00491490
    0.04724950   -0.00325826   -0.09367846    0.14659365    0.07101031    0.00491835
    0.04724905   -0.00326061   -0.09367846    0.14659365    0.07100963    0.00492191
    0.04724890   -0.00326301   -0.09367846    0.14659365    0.07100941    0.00492552
    0.04724905   -0.00326541   -0.09367846    0.14659365    0.07100963    0.00492914
    0.04724950   -0.00326776   -0.09367846    0.14659365    0.07101031    0.00493270
    0.04725024   -0.00327005   -0.09367846    0.14659365    0.07101142    0.00493614
    0.04725127   -0.00327222   -0.09367846    0.14659365    0.07101296    0.00493942
    0.04725255   -0.00327425   -0.09367846    0.14659365    0.07101489    0.00494248
    0.04725408   -0.00327610   -0.09367846    0.14659365    0.07101719    0.00494527
    0.04725583   -0.00327774   -0.09367846    0.14659365    0.07101982    0.00494776
    0.04725777   -0.00327915   -0.09367846    0.14659365    0.07102274    0.00494989
    0.04725988   -0.00328031   -0.09367846    0.14659365    0.07102590    0.00495163
    0.04726211   -0.00328119   -0.09367846    0.14659365    0.07102926    0.00495296
    0.04726444   -0.00328179   -0.09367846    0.14659365    0.07103275    0.00495387
    0.04726682   -0.00328209   -0.09367846    0.14659365    0.07103633    0.00495432
    0.04726922   -0.00328209   -0.09367846    0.14659365    0.07103994    0.00495432
    0.04727160   -0.00328179   -0.09367846    0.14659365    0.07104352    0.00495387
    0.04727392   -0.00328119   -0.09367846    0.14659365    0.07104701    0.00495296
    0.04727616   -0.00328031   -0.09367846    0.14659365    0.07105037    0.00495163
    0.04727826   -0.00327915   -0.09367846    0.14659365    0.07105353    0.00494989
    0.04728020   -0.00327774   -0.09367846    0.14659365    0.07105645    0.00494776
    0.04728195   -0.00327610   -0.09367846    0.14659365    0.07105908    0.00494527
    0.04728348   -0.00327425   -0.09367846    0.14659365    0.07106138    0.00494248
    0.04728477   -0.00327222   -0.09367846    0.14659365    0.07106331    0.00493942
    0.04728579   -0.00327005   -0.09367846    0.14659365    0.07106485    0.00493614
    0.04728653   -0.00326776   -0.09367846    0.14659365    0.07106596    0.00493270
    0.04728698   -0.00326541   -0.09367846    0.14659365    0.07106664    0.00492914
    0.04729338   -0.00326301   -0.09367703    0.14659142    0.07107626    0.00492552
    0.04729318   -0.00325983   -0.09367703    0.14659142    0.07107596    0.00492072
    0.04729259   -0.00325670   -0.09367703    0.14659142    0.07107506    0.00491600
    0.04729160   -0.00325367   -0.09367703    0.14659142    0.07107358    0.00491143
    0.04729024   -0.00325079   -0.09367703    0.14659142    0.07107154    0.00490708
    0.04728854   -0.00324810   -0.09367703    0.14659142    0.07106898    0.00490302
    0.04728651   -0.00324565   -0.09367703    0.14659142    0.07106592    0.00489931
    0.04728419   -0.00324347   -0.09367703    0.14659142    0.07106244    0.00489602
    0.04728161   -0.00324159   -0.09367703    0.14659142    0.07105856    0.00489319
    0.04727882   -0.00324006   -0.09367703    0.14659142    0.07105437    0.00489088
    0.04727586   -0.00323889   -0.09367703    0.14659142    0.07104992    0.00488911
    0.04727277   -0.00323809   -0.09367703    0.14659142    0.07104528    0.00488791
    0.04726961   -0.00323770   -0.09367703    0.14659142    0.07104053    0.00488731
    0.04726642   -0.00323770   -0.09367703    0.14659142    0.07103574    0.00488731
    0.04726326   -0.00323809   -0.09367703    0.14659142    0.07103099    0.00488791
    0.04726018   -0.00323889   -0.09367703    0.14659142    0.07102636    0.00488911
    0.04725722   -0.00324006   -0.09367703    0.14659142    0.07102190    0.00489088
    0.04725443   -0.00324159   -0.09367703    0.14659142    0.07101771    0.00489319
    0.04725185   -0.00324347   -0.09367703    0.14659142    0.07101384    0.00489602
    0.04724953   -0.00324565   -0.09367703    0.14659142    0.07101035    0.00489931
    0.04724750   -0.00324810   -0.09367703    0.14659142    0.07100730    0.00490302
    0.04724579   -0.00325079   -0.09367703    0.14659142    0.07100473    0.00490708
    0.04724443   -0.00325367   -0.09367703    0.14659142    0.07100269    0.00491143
    0.04724345   -0.00325670   -0.09367703    0.14659142    0.07100121    0.00491600
    0.04724285   -0.00325983   -0.09367703    0.14659142    0.07100032    0.00492072
    0.04724265   -0.00326301   -0.09367703    0.14659142    0.07100001    0.00492552
    0.04724285   -0.00326619   -0.09367703    0.14659142    0.07100032    0.00493032
    0.04724345   -0.00326932   -0.09367703    0.14659142    0.07100121    0.00493504
    0.04724443   -0.00327235   -0.09367703    0.14659142    0.07100269    0.00493962
    0.04724579   -0.00327523   -0.09367703    0.14659142    0.07100473    0.00494397
    0.04724750   -0.00327792   -0.09367703    0.14659142    0.07100730    0.00494803
    0.04724953   -0.00328037   -0.09367703    0.14659142    0.07101035    0.00495173
    0.04725185   -0.00328255   -0.09367703    0.14659142    0.07101384    0.00495502
    0.04725443   -0.00328443   -0.09367703    0.14659142    0.07101771    0.00495785
    0.04725722   -0.00328596   -0.09367703    0.14659142    0.07102190    0.00496017
    0.04726018   -0.00328713   -0.09367703    0.14659142    0.07102636    0.00496194
    0.04726326   -0.00328793   -0.09367703    0.14659142    0.07103099    0.00496313
    0.04726642   -0.00328833   -0.09367703    0.14659142    0.07103574    0.00496374
    0.04726961   -0.00328833   -0.09367703    0.14659142    0.07104053    0.00496374
    0.04727277   -0.00328793   -0.09367703    0.14659142    0.07104528    0.00496313
    0.04727586   -0.00328713   -0.09367703    0.14659142    0.07104992    0.00496194
    0.04727882   -0.00328596   -0.09367703    0.14659142    0.07105437    0.00496017
    0.04728161   -0.00328443   -0.09367703    0.14659142    0.07105856    0.00495785
    0.04728419   -0.00328255   -0.09367703    0.14659142    0.07106244    0.00495502
    0.04728651   -0.00328037   -0.09367703    0.14659142    0.07106592    0.00495173
    0.04728854   -0.00327792   -0.09367703    0.14659142    0.07106898    0.00494803
    0.04729024   -0.00327523   -0.09367703    0.14659142    0.07107154    0.00494397
    0.04729160   -0.00327235   -0.09367703    0.14659142    0.07107358    0.00493962
    0.04729259   -0.00326932   -0.09367703    0.14659142    0.07107506    0.00493504
    0.04729318   -0.00326619   -0.09367703    0.14659142    0.07107596    0.00493032
    0.04729953   -0.00326301   -0.09367521    0.14658856    0.07108549    0.00492552
    0.04729928   -0.00325906   -0.09367521    0.14658856    0.07108512    0.00491956
    0.04729854   -0.00325517   -0.09367521    0.14658856    0.07108400    0.00491369
    0.04729731   -0.00325141   -0.09367521    0.14658856    0.07108217    0.00490801
    0.04729563   -0.00324783   -0.09367521    0.14658856    0.07107964    0.00490261
    0.04729351   -0.00324449   -0.09367521    0.14658856    0.07107645    0.00489756
    0.04729099   -0.00324144   -0.09367521    0.14658856    0.07107266    0.00489296
    0.04728810   -0.00323873   -0.09367521    0.14658856    0.07106832    0.00488887
    0.04728490   -0.00323640   -0.09367521    0.14658856    0.07106351    0.00488536
    0.04728143   -0.00323450   -0.09367521    0.14658856    0.07105830    0.00488248
    0.04727775   -0.00323304   -0.09367521    0.14658856    0.07105277    0.00488028
    0.04727392   -0.00323206   -0.09367521    0.14658856    0.07104701    0.00487880
    0.04727000   -0.00323156   -0.09367521    0.14658856    0.07104111    0.00487805
    0.04726604   -0.00323156   -0.09367521    0.14658856    0.07103516    0.00487805
    0.04726211   -0.00323206   -0.09367521    0.14658856    0.07102926    0.00487880
    0.04725828   -0.00323304   -0.09367521    0.14658856    0.07102350    0.00488028
    0.04725460   -0.00323450   -0.09367521    0.14658856    0.07101797    0.00488248
    0.04725113   -0.00323640   -0.09367521    0.14658856    0.07101276    0.00488536
    0.04724793   -0.00323873   -0.09367521    0.14658856    0.07100795    0.00488887
    0.04724505   -0.00324144   -0.09367521    0.14658856    0.07100361    0.00489296
    0.04724252   -0.00324449   -0.09367521    0.14658856    0.07099982    0.00489756
    0.04724040   -0.00324783   -0.09367521    0.14658856    0.07099664    0.00490261
    0.04723872   -0.00325141   -0.09367521    0.14658856    0.07099410    0.00490801
    0.04723750   -0.00325517   -0.09367521    0.14658856    0.07099227    0.00491369
    0.04723675   -0.00325906   -0.09367521    0.14658856    0.07099115    0.00491956
    0.04723651   -0.00326301   -0.09367521    0.14658856    0.07099078    0.00492552
    0.04723675   -0.00326696   -0.09367521    0.14658856    0.07099115    0.00493148
    0.04723750   -0.00327085   -0.09367521    0.14658856    0.07099227    0.00493735
    0.04723872   -0.00327461   -0.09367521    0.14658856    0.07099410    0.00494303
    0.04724040   -0.00327819   -0.09367521    0.14658856    0.07099664    0.00494844
    0.04724252   -0.00328153   -0.09367521    0.14658856    0.07099982    0.00495348
    0.04724505   -0.00328458   -0.09367521    0.14658856    0.07100361    0.00495808
    0.04724793   -0.00328729   -0.09367521    0.14658856    0.07100795    0.00496217
    0.04725113   -0.00328962   -0.09367521    0.14658856    0.07101276    0.00496568
    0.04725460   -0.00329152   -0.09367521    0.14658856    0.07101797    0.00496856
    0.04725828   -0.00329298   -0.09367521    0.14658856    0.07102350    0.00497076
    0.04726211   -0.00329396   -0.09367521    0.14658856    0.07102926    0.00497224
    0.04726604   -0.00329446   -0.09367521    0.14658856    0.07103516    0.00497299
    0.04727000   -0.00329446   -0.09367521    0.14658856    0.07104111    0.00497299
    0.04727392   -0.00329396   -0.09367521    0.14658856    0.07104701    0.00497224
    0.04727775   -0.00329298   -0.09367521    0.14658856    0.07105277    0.00497076
    0.04728143   -0.00329152   -0.09367521    0.14658856    0.07105830    0.00496856
    0.04728490   -0.00328962   -0.09367521    0.14658856    0.07106351    0.00496568
    0.04728810   -0.00328729   -0.09367521    0.14658856    0.07106832    0.00496217
    0.04729099   -0.00328458   -0.09367521    0.14658856    0.07107266    0.00495808
    0.04729351   -0.00328153   -0.09367521    0.14658856    0.07107645    0.00495348
    0.04729563   -0.00327819   -0.09367521    0.14658856    0.07107964    0.00494844
    0.04729731   -0.00327461   -0.09367521    0.14658856    0.07108217    0.00494303
    0.04729854   -0.00327085   -0.09367521    0.14658856    0.07108400    0.00493735
    0.04729928   -0.00326696   -0.09367521    0.14658856    0.07108512    0.00493148
    0.04730554   -0.00326301   -0.09367300    0.14658510    0.07109453    0.00492552
    0.04730525   -0.00325831   -0.09367300    0.14658510    0.07109409    0.00491842
    0.04730436   -0.00325368   -0.09367300    0.14658510    0.07109276    0.00491143
    0.04730291   -0.00324920   -0.09367300    0.14658510    0.07109057    0.00490467
    0.04730090   -0.00324493   -0.09367300    0.14658510    0.07108756    0.00489823
    0.04729838   -0.00324095   -0.09367300    0.14658510    0.07108376    0.00489223
    0.04729537   -0.00323732   -0.09367300    0.14658510    0.07107925    0.00488674
    0.04729194   -0.00323410   -0.09367300    0.14658510    0.07107409    0.00488187
    0.04728812   -0.00323133   -0.09367300    0.14658510    0.07106836    0.00487769
    0.04728400   -0.00322906   -0.09367300    0.14658510    0.07106215    0.00487427
    0.04727961   -0.00322732   -0.09367300    0.14658510    0.07105556    0.00487165
    0.04727505   -0.00322615   -0.09367300    0.14658510    0.07104870    0.00486988
    0.04727037   -0.00322556   -0.09367300    0.14658510    0.07104168    0.00486899
    0.04726566   -0.00322556   -0.09367300    0.14658510    0.07103459    0.00486899
    0.04726099   -0.00322615   -0.09367300    0.14658510    0.07102757    0.00486988
    0.04725642   -0.00322732   -0.09367300    0.14658510    0.07102071    0.00487165
    0.04725204   -0.00322906   -0.09367300    0.14658510    0.07101412    0.00487427
    0.04724791   -0.00323133   -0.09367300    0.14658510    0.07100792    0.00487769
    0.04724410   -0.00323410   -0.09367300    0.14658510    0.07100219    0.00488187
    0.04724066   -0.00323732   -0.09367300    0.14658510    0.07099702    0.00488674
    0.04723766   -0.00324095   -0.09367300    0.14658510    0.07099251    0.00489223
    0.04723513   -0.00324493   -0.09367300    0.14658510    0.07098871    0.00489823
    0.04723313   -0.00324920   -0.09367300    0.14658510    0.07098570    0.00490467
    0.04723167   -0.00325368   -0.09367300    0.14658510    0.07098351    0.00491143
    0.04723079   -0.00325831   -0.09367300    0.14658510    0.07098218    0.00491842
    0.04723049   -0.00326301   -0.09367300    0.14658510    0.07098174    0.00492552
    0.04723079   -0.00326771   -0.09367300    0.14658510    0.07098218    0.00493262
    0.04723167   -0.00327234   -0.09367300    0.14658510    0.07098351    0.00493961
    0.04723313   -0.00327682   -0.09367300    0.14658510    0.07098570    0.00494637
    0.04723513   -0.00328109   -0.09367300    0.14658510    0.07098871    0.00495281
    0.04723766   -0.00328507   -0.09367300    0.14658510    0.07099251    0.00495882
    0.04724066   -0.00328870   -0.09367300    0.14658510    0.07099702    0.00496430
    0.04724410   -0.00329193   -0.09367300    0.14658510    0.07100219    0.00496917
    0.04724791   -0.00329470   -0.09367300    0.14658510    0.07100792    0.00497335
    0.04725204   -0.00329697   -0.09367300    0.14658510    0.07101412    0.00497678
    0.04725642   -0.00329870   -0.09367300    0.14658510    0.07102071    0.00497940
    0.04726099   -0.00329987   -0.09367300    0.14658510    0.07102757    0.00498116
    0.04726566   -0.00330046   -0.09367300    0.14658510    0.07103459    0.00498206
    0.04727037   -0.00330046   -0.09367300    0.14658510    0.07104168    0.00498206
    0.04727505   -0.00329987   -0.09367300    0.14658510    0.07104870    0.00498116
    0.04727961   -0.00329870   -0.09367300    0.14658510    0.07105556    0.00497940
    0.04728400   -0.00329697   -0.09367300    0.14658510    0.07106215    0.00497678
    0.04728812   -0.00329470   -0.09367300    0.14658510    0.07106836    0.00497335
    0.04729194   -0.00329193   -0.09367300    0.14658510    0.07107409    0.00496917
    0.04729537   -0.00328870   -0.09367300    0.14658510    0.07107925    0.00496430
    0.04729838   -0.00328507   -0.09367300    0.14658510    0.07108376    0.00495882
    0.04730090   -0.00328109   -0.09367300    0.14658510    0.07108756    0.00495281
    0.04730291   -0.00327682   -0.09367300    0.14658510    0.07109057    0.00494637
    0.04730436   -0.00327234   -0.09367300    0.14658510    0.07109276    0.00493961
    0.04730525   -0.00326771   -0.09367300    0.14658510    0.07109409    0.00493262
    0.04731141   -0.00326301   -0.09367040    0.14658104    0.07110334    0.00492552
    0.04731106   -0.00325757   -0.09367040    0.14658104    0.07110283    0.00491731
    0.04731004   -0.00325222   -0.09367040    0.14658104    0.07110129    0.00490923
    0.04730836   -0.00324704   -0.09367040    0.14658104    0.07109876    0.00490141
    0.04730604   -0.00324211   -0.09367040    0.14658104    0.07109528    0.00489397
    0.04730312   -0.00323751   -0.09367040    0.14658104    0.07109089    0.00488702
    0.04729965   -0.00323331   -0.09367040    0.14658104    0.07108567    0.00488069
    0.04729567   -0.00322958   -0.09367040    0.14658104    0.07107970    0.00487506
    0.04729127   -0.00322638   -0.09367040    0.14658104    0.07107308    0.00487022
    0.04728649   -0.00322375   -0.09367040    0.14658104    0.07106590    0.00486626
    0.04728142   -0.00322175   -0.09367040    0.14658104    0.07105829    0.00486323
    0.04727615   -0.00322039   -0.09367040    0.14658104    0.07105035    0.00486119
    0.04727074   -0.00321971   -0.09367040    0.14658104    0.07104223    0.00486016
    0.04726529   -0.00321971   -0.09367040    0.14658104    0.07103404    0.00486016
    0.04725989   -0.00322039   -0.09367040    0.14658104    0.07102592    0.00486119
    0.04725461   -0.00322175   -0.09367040    0.14658104    0.07101799    0.00486323
    0.04724954   -0.00322375   -0.09367040    0.14658104    0.07101037    0.00486626
    0.04724477   -0.00322638   -0.09367040    0.14658104    0.07100320    0.00487022
    0.04724036   -0.00322958   -0.09367040    0.14658104    0.07099657    0.00487506
    0.04723639   -0.00323331   -0.09367040    0.14658104    0.07099060    0.00488069
    0.04723292   -0.00323751   -0.09367040    0.14658104    0.07098538    0.00488702
    0.04723000   -0.00324211   -0.09367040    0.14658104    0.07098099    0.00489397
    0.04722768   -0.00324704   -0.09367040    0.14658104    0.07097751    0.00490141
    0.04722599   -0.00325222   -0.09367040    0.14658104    0.07097498    0.00490923
    0.04722497   -0.00325757   -0.09367040    0.14658104    0.07097344    0.00491731
    0.04722463   -0.00326301   -0.09367040    0.14658104    0.07097293    0.00492552
    0.04722497   -0.00326845   -0.09367040    0.14658104    0.07097344    0.00493373
    0.04722599   -0.00327380   -0.09367040    0.14658104    0.07097498    0.00494181
    0.04722768   -0.00327898   -0.09367040    0.14658104    0.07097751    0.00494963
    0.04723000   -0.00328391   -0.09367040    0.14658104    0.07098099    0.00495707
    0.04723292   -0.00328851   -0.09367040    0.14658104    0.07098538    0.00496402
    0.04723639   -0.00329271   -0.09367040    0.14658104    0.07099060    0.00497036
    0.04724036   -0.00329644   -0.09367040    0.14658104    0.07099657    0.00497599
    0.04724477   -0.00329964   -0.09367040    0.14658104    0.07100320    0.00498082
    0.04724954   -0.00330227   -0.09367040    0.14658104    0.07101037    0.00498478
    0.04725461   -0.00330428   -0.09367040    0.14658104    0.07101799    0.00498781
    0.04725989   -0.00330563   -0.09367040    0.14658104    0.07102592    0.00498986
    0.04726529   -0.00330631   -0.09367040    0.14658104    0.07103404    0.00499089
    0.04727074   -0.00330631   -0.09367040    0.14658104    0.07104223    0.00499089
    0.04727615   -0.00330563   -0.09367040    0.14658104    0.07105035    0.00498986
    0.04728142   -0.00330428   -0.09367040    0.14658104    0.07105829    0.00498781
    0.04728649   -0.00330227   -0.09367040    0.14658104    0.07106590    0.00498478
    0.04729127   -0.00329964   -0.09367040    0.14658104    0.07107308    0.00498082
    0.04729567   -0.00329644   -0.09367040    0.14658104    0.07107970    0.00497599
    0.04729965   -0.00329271   -0.09367040    0.14658104    0.07108567    0.00497036
    0.04730312   -0.00328851   -0.09367040    0.14658104    0.07109089    0.00496402
    0.04730604   -0.00328391   -0.09367040    0.14658104    0.07109528    0.00495707
    0.04730836   -0.00327898   -0.09367040    0.14658104    0.07109876    0.00494963
    0.04731004   -0.00327380   -0.09367040    0.14658104    0.07110129    0.00494181
    0.04731106   -0.00326845   -0.09367040    0.14658104    0.07110283    0.00493373
    0.04731709   -0.00326301   -0.09366744    0.14657640    0.07111188    0.00492552
    0.04731670   -0.00325686   -0.09366744    0.14657640    0.07111130    0.00491624
    0.04731555   -0.00325081   -0.09366744    0.14657640    0.07110957    0.00490710
    0.04731364   -0.00324495   -0.09366744    0.14657640    0.07110671    0.00489825
    0.04731102   -0.00323937   -0.09366744    0.14657640    0.07110276    0.00488984
    0.04730772   -0.00323417   -0.09366744    0.14657640    0.07109780    0.00488198
    0.04730379   -0.00322942   -0.09366744    0.14657640    0.07109190    0.00487481
    0.04729930   -0.00322520   -0.09366744    0.14657640    0.07108515    0.00486845
    0.04729431   -0.00322158   -0.09366744    0.14657640    0.07107765    0.00486298
    0.04728891   -0.00321861   -0.09366744    0.14657640    0.07106954    0.00485850
    0.04728318   -0.00321634   -0.09366744    0.14657640    0.07106093    0.00485507
    0.04727721   -0.00321481   -0.09366744    0.14657640    0.07105195    0.00485276
    0.04727110   -0.00321404   -0.09366744    0.14657640    0.07104277    0.00485159
    0.04726494   -0.00321404   -0.09366744    0.14657640    0.07103351    0.00485159
    0.04725882   -0.00321481   -0.09366744    0.14657640    0.07102432    0.00485276
    0.04725285   -0.00321634   -0.09366744    0.14657640    0.07101535    0.00485507
    0.04724712   -0.00321861   -0.09366744    0.14657640    0.07100674    0.00485850
    0.04724172   -0.00322158   -0.09366744    0.14657640    0.07099862    0.00486298
    0.04723674   -0.00322520   -0.09366744    0.14657640    0.07099113    0.00486845
    0.04723225   -0.00322942   -0.09366744    0.14657640    0.07098438    0.00487481
    0.04722832   -0.00323417   -0.09366744    0.14657640    0.07097847    0.00488198
    0.04722502   -0.00323937   -0.09366744    0.14657640    0.07097351    0.00488984
    0.04722239   -0.00324495   -0.09366744    0.14657640    0.07096957    0.00489825
    0.04722049   -0.00325081   -0.09366744    0.14657640    0.07096670    0.00490710
    0.04721933   -0.00325686   -0.09366744    0.14657640    0.07096497    0.00491624
    0.04721895   -0.00326301   -0.09366744    0.14657640    0.07096439    0.00492552
    0.04721933   -0.00326916   -0.09366744    0.14657640    0.07096497    0.00493481
    0.04722049   -0.00327521   -0.09366744    0.14657640    0.07096670    0.00494394
    0.04722239   -0.00328107   -0.09366744    0.14657640    0.07096957    0.00495279
    0.04722502   -0.00328665   -0.09366744    0.14657640    0.07097351    0.00496121
    0.04722832   -0.00329185   -0.09366744    0.14657640    0.07097847    0.00496906
    0.04723225   -0.00329660   -0.09366744    0.14657640    0.07098438    0.00497623
    0.04723674   -0.00330082   -0.09366744    0.14657640    0.07099113    0.00498260
    0.04724172   -0.00330444   -0.09366744    0.14657640    0.07099862    0.00498806
    0.04724712   -0.00330741   -0.09366744    0.14657640    0.07100674    0.00499255
    0.04725285   -0.00330968   -0.09366744    0.14657640    0.07101535    0.00499597
    0.04725882   -0.00331121   -0.09366744    0.14657640    0.07102432    0.00499828
    0.04726494   -0.00331199   -0.09366744    0.14657640    0.07103351    0.00499945
    0.04727110   -0.00331199   -0.09366744    0.14657640    0.07104277    0.00499945
    0.04727721   -0.00331121   -0.09366744    0.14657640    0.07105195    0.00499828
    0.04728318   -0.00330968   -0.09366744    0.14657640    0.07106093    0.00499597
    0.04728891   -0.00330741   -0.09366744    0.14657640    0.07106954    0.00499255
    0.04729431   -0.00330444   -0.09366744    0.14657640    0.07107765    0.00498806
    0.04729930   -0.00330082   -0.09366744    0.14657640    0.07108515    0.00498260
    0.04730379   -0.00329660   -0.09366744    0.14657640    0.07109190    0.00497623
    0.04730772   -0.00329185   -0.09366744    0.14657640    0.07109780    0.00496906
    0.04731102   -0.00328665   -0.09366744    0.14657640    0.07110276    0.00496121
    0.04731364   -0.00328107   -0.09366744    0.14657640    0.07110671    0.00495279
    0.04731555   -0.00327521   -0.09366744    0.14657640    0.07110957    0.00494394
    0.04731670   -0.00326916   -0.09366744    0.14657640    0.07111130    0.00493481
    0.04732257   -0.00326301   -0.09366411    0.14657120    0.07112012    0.00492552
    0.04732214   -0.00325617   -0.09366411    0.14657120    0.07111948    0.00491520
    0.04732086   -0.00324944   -0.09366411    0.14657120    0.07111755    0.00490504
    0.04731874   -0.00324293   -0.09366411    0.14657120    0.07111437    0.00489521
    0.04731582   -0.00323673   -0.09366411    0.14657120    0.07110998    0.00488585
    0.04731215   -0.00323094   -0.09366411    0.14657120    0.07110446    0.00487712
    0.04730778   -0.00322567   -0.09366411    0.14657120    0.07109790    0.00486915
    0.04730279   -0.00322098   -0.09366411    0.14657120    0.07109040    0.00486207
    0.04729725   -0.00321695   -0.09366411    0.14657120    0.07108207    0.00485599
    0.04729124   -0.00321365   -0.09366411    0.14657120    0.07107304    0.00485101
    0.04728487   -0.00321113   -0.09366411    0.14657120    0.07106347    0.00484720
    0.04727824   -0.00320942   -0.09366411    0.14657120    0.07105350    0.00484463
    0.04727144   -0.00320856   -0.09366411    0.14657120    0.07104328    0.00484334
    0.04726459   -0.00320856   -0.09366411    0.14657120    0.07103299    0.00484334
    0.04725779   -0.00320942   -0.09366411    0.14657120    0.07102277    0.00484463
    0.04725116   -0.00321113   -0.09366411    0.14657120    0.07101280    0.00484720
    0.04724479   -0.00321365   -0.09366411    0.14657120    0.07100323    0.00485101
    0.04723879   -0.00321695   -0.09366411    0.14657120    0.07099420    0.00485599
    0.04723324   -0.00322098   -0.09366411    0.14657120    0.07098588    0.00486207
    0.04722825   -0.00322567   -0.09366411    0.14657120    0.07097837    0.00486915
    0.04722388   -0.00323094   -0.09366411    0.14657120    0.07097181    0.00487712
    0.04722021   -0.00323673   -0.09366411    0.14657120    0.07096629    0.00488585
    0.04721729   -0.00324293   -0.09366411    0.14657120    0.07096191    0.00489521
    0.04721518   -0.00324944   -0.09366411    0.14657120    0.07095872    0.00490504
    0.04721389   -0.00325617   -0.09366411    0.14657120    0.07095679    0.00491520
    0.04721346   -0.00326301   -0.09366411    0.14657120    0.07095615    0.00492552
    0.04721389   -0.00326985   -0.09366411    0.14657120    0.07095679    0.00493584
    0.04721518   -0.00327658   -0.09366411    0.14657120    0.07095872    0.00494600
    0.04721729   -0.00328309   -0.09366411    0.14657120    0.07096191    0.00495584
    0.04722021   -0.00328929   -0.09366411    0.14657120    0.07096629    0.00496519
    0.04722388   -0.00329508   -0.09366411    0.14657120    0.07097181    0.00497392
    0.04722825   -0.00330035   -0.09366411    0.14657120    0.07097837    0.00498189
    0.04723324   -0.00330504   -0.09366411    0.14657120    0.07098588    0.00498897
    0.04723879   -0.00330907   -0.09366411    0.14657120    0.07099420    0.00499505
    0.04724479   -0.00331237   -0.09366411    0.14657120    0.07100323    0.00500003
    0.04725116   -0.00331489   -0.09366411    0.14657120    0.07101280    0.00500384
    0.04725779   -0.00331660   -0.09366411    0.14657120    0.07102277    0.00500641
    0.04726459   -0.00331746   -0.09366411    0.14657120    0.07103299    0.00500771
    0.04727144   -0.00331746   -0.09366411    0.14657120    0.07104328    0.00500771
    0.04727824   -0.00331660   -0.09366411    0.14657120    0.07105350    0.00500641
    0.04728487   -0.00331489   -0.09366411    0.14657120    0.07106347    0.00500384
    0.04729124   -0.00331237   -0.09366411    0.14657120    0.07107304    0.00500003
    0.04729725   -0.00330907   -0.09366411    0.14657120    0.07108207    0.00499505
    0.04730279   -0.00330504   -0.09366411    0.14657120    0.07109040    0.00498897
    0.04730778   -0.00330035   -0.09366411    0.14657120    0.07109790    0.00498189
    0.04731215   -0.00329508   -0.09366411    0.14657120    0.07110446    0.00497392
    0.04731582   -0.00328929   -0.09366411    0.14657120    0.07110998    0.00496519
    0.04731874   -0.00328309   -0.09366411    0.14657120    0.07111437    0.00495584
    0.04732086   -0.00327658   -0.09366411    0.14657120    0.07111755    0.00494600
    0.04732214   -0.00326985   -0.09366411    0.14657120    0.07111948    0.00493584
    0.04732783   -0.00326301   -0.09366045    0.14656546    0.07112802    0.00492552
    0.04732736   -0.00325551   -0.09366045    0.14656546    0.07112732    0.00491421
    0.04732595   -0.00324814   -0.09366045    0.14656546    0.07112520    0.00490307
    0.04732363   -0.00324099   -0.09366045    0.14656546    0.07112171    0.00489229
    0.04732043   -0.00323420   -0.09366045    0.14656546    0.07111691    0.00488203
    0.04731641   -0.00322785   -0.09366045    0.14656546    0.07111086    0.00487245
    0.04731162   -0.00322207   -0.09366045    0.14656546    0.07110366    0.00486372
    0.04730614   -0.00321693   -0.09366045    0.14656546    0.07109543    0.00485596
    0.04730007   -0.00321251   -0.09366045    0.14656546    0.07108630    0.00484929
    0.04729348   -0.00320889   -0.09366045    0.14656546    0.07107641    0.00484383
    0.04728650   -0.00320613   -0.09366045    0.14656546    0.07106591    0.00483966
    0.04727922   -0.00320426   -0.09366045    0.14656546    0.07105498    0.00483684
    0.04727177   -0.00320332   -0.09366045    0.14656546    0.07104378    0.00483541
    0.04726426   -0.00320332   -0.09366045    0.14656546    0.07103249    0.00483541
    0.04725681   -0.00320426   -0.09366045    0.14656546    0.07102129    0.00483684
    0.04724953   -0.00320613   -0.09366045    0.14656546    0.07101036    0.00483966
    0.04724255   -0.00320889   -0.09366045    0.14656546    0.07099986    0.00484383
    0.04723597   -0.00321251   -0.09366045    0.14656546    0.07098997    0.00484929
    0.04722989   -0.00321693   -0.09366045    0.14656546    0.07098084    0.00485596
    0.04722442   -0.00322207   -0.09366045    0.14656546    0.07097261    0.00486372
    0.04721963   -0.00322785   -0.09366045    0.14656546    0.07096541    0.00487245
    0.04721560   -0.00323420   -0.09366045    0.14656546    0.07095937    0.00488203
    0.04721241   -0.00324099   -0.09366045    0.14656546    0.07095456    0.00489229
    0.04721008   -0.00324814   -0.09366045    0.14656546    0.07095107    0.00490307
    0.04720868   -0.00325551   -0.09366045    0.14656546    0.07094896    0.00491421
    0.04720821   -0.00326301   -0.09366045    0.14656546    0.07094825    0.00492552
    0.04720868   -0.00327051   -0.09366045    0.14656546    0.07094896    0.00493684
    0.04721008   -0.00327788   -0.09366045    0.14656546    0.07095107    0.00494797
    0.04721241   -0.00328503   -0.09366045    0.14656546    0.07095456    0.00495876
    0.04721560   -0.00329182   -0.09366045    0.14656546    0.07095937    0.00496902
    0.04721963   -0.00329817   -0.09366045    0.14656546    0.07096541    0.00497859
    0.04722442   -0.00330395   -0.09366045    0.14656546    0.07097261    0.00498733
    0.04722989   -0.00330910   -0.09366045    0.14656546    0.07098084    0.00499509
    0.04723597   -0.00331351   -0.09366045    0.14656546    0.07098997    0.00500175
    0.04724255   -0.00331713   -0.09366045    0.14656546    0.07099986    0.00500721
    0.04724953   -0.00331989   -0.09366045    0.14656546    0.07101036    0.00501139
    0.04725681   -0.00332176   -0.09366045    0.14656546    0.07102129    0.00501421
    0.04726426   -0.00332270   -0.09366045    0.14656546    0.07103249    0.00501563
    0.04727177   -0.00332270   -0.09366045    0.14656546    0.07104378    0.00501563
    0.04727922   -0.00332176   -0.09366045    0.14656546    0.07105498    0.00501421
    0.04728650   -0.00331989   -0.09366045    0.14656546    0.07106591    0.00501139
    0.04729348   -0.00331713   -0.09366045    0.14656546    0.07107641    0.00500721
    0.04730007   -0.00331351   -0.09366045    0.14656546    0.07108630    0.00500175
    0.04730614   -0.00330910   -0.09366045    0.14656546    0.07109543    0.00499509
    0.04731162   -0.00330395   -0.09366045    0.14656546    0.07110366    0.00498733
    0.04731641   -0.00329817   -0.09366045    0.14656546    0.07111086    0.00497859
    0.04732043   -0.00329182   -0.09366045    0.14656546    0.07111691    0.00496902
    0.04732363   -0.00328503   -0.09366045    0.14656546    0.07112171    0.00495876
    0.04732595   -0.00327788   -0.09366045    0.14656546    0.07112520    0.00494797
    0.04732736   -0.00327051   -0.09366045    0.14656546    0.07112732    0.00493684
    0.04733284   -0.00326301   -0.09365645    0.14655921    0.07113556    0.00492552
    0.04733233   -0.00325489   -0.09365645    0.14655921    0.07113479    0.00491326
    0.04733080   -0.00324689   -0.09365645    0.14655921    0.07113250    0.00490119
    0.04732829   -0.00323915   -0.09365645    0.14655921    0.07112872    0.00488950
    0.04732482   -0.00323178   -0.09365645    0.14655921    0.07112351    0.00487838
    0.04732046   -0.00322491   -0.09365645    0.14655921    0.07111695    0.00486801
    0.04731527   -0.00321864   -0.09365645    0.14655921    0.07110915    0.00485854
    0.04730934   -0.00321306   -0.09365645    0.14655921    0.07110023    0.00485013
    0.04730275   -0.00320828   -0.09365645    0.14655921    0.07109034    0.00484290
    0.04729562   -0.00320436   -0.09365645    0.14655921    0.07107962    0.00483698
    0.04728805   -0.00320136   -0.09365645    0.14655921    0.07106824    0.00483246
    0.04728016   -0.00319934   -0.09365645    0.14655921    0.07105639    0.00482940
    0.04727209   -0.00319832   -0.09365645    0.14655921    0.07104425    0.00482786
    0.04726395   -0.00319832   -0.09365645    0.14655921    0.07103202    0.00482786
    0.04725587   -0.00319934   -0.09365645    0.14655921    0.07101988    0.00482940
    0.04724799   -0.00320136   -0.09365645    0.14655921    0.07100803    0.00483246
    0.04724042   -0.00320436   -0.09365645    0.14655921    0.07099666    0.00483698
    0.04723328   -0.00320828   -0.09365645    0.14655921    0.07098594    0.00484290
    0.04722670   -0.00321306   -0.09365645    0.14655921    0.07097604    0.00485013
    0.04722076   -0.00321864   -0.09365645    0.14655921    0.07096712    0.00485854
    0.04721557   -0.00322491   -0.09365645    0.14655921    0.07095932    0.00486801
    0.04721121   -0.00323178   -0.09365645    0.14655921    0.07095277    0.00487838
    0.04720775   -0.00323915   -0.09365645    0.14655921    0.07094756    0.00488950
    0.04720523   -0.00324689   -0.09365645    0.14655921    0.07094378    0.00490119
    0.04720371   -0.00325489   -0.09365645    0.14655921    0.07094148    0.00491326
    0.04720319   -0.00326301   -0.09365645    0.14655921    0.07094071    0.00492552
    0.04720371   -0.00327113   -0.09365645    0.14655921    0.07094148    0.00493779
    0.04720523   -0.00327913   -0.09365645    0.14655921    0.07094378    0.00494986
    0.04720775   -0.00328687   -0.09365645    0.14655921    0.07094756    0.00496154
    0.04721121   -0.00329424   -0.09365645    0.14655921    0.07095277    0.00497266
    0.04721557   -0.00330111   -0.09365645    0.14655921    0.07095932    0.00498304
    0.04722076   -0.00330738   -0.09365645    0.14655921    0.07096712    0.00499250
    0.04722670   -0.00331296   -0.09365645    0.14655921    0.07097604    0.00500092
    0.04723328   -0.00331774   -0.09365645    0.14655921    0.07098594    0.00500814
    0.04724042   -0.00332166   -0.09365645    0.14655921    0.07099666    0.00501406
    0.04724799   -0.00332466   -0.09365645    0.14655921    0.07100803    0.00501858
    0.04725587   -0.00332669   -0.09365645    0.14655921    0.07101988    0.00502164
    0.04726395   -0.00332771   -0.09365645    0.14655921    0.07103202    0.00502318
    0.04727209   -0.00332771   -0.09365645    0.14655921    0.07104425    0.00502318
    0.04728016   -0.00332669   -0.09365645    0.14655921    0.07105639    0.00502164
    0.04728805   -0.00332466   -0.09365645    0.14655921    0.07106824    0.00501858
    0.04729562   -0.00332166   -0.09365645    0.14655921    0.07107962    0.00501406
    0.04730275   -0.00331774   -0.09365645    0.14655921    0.07109034    0.00500814
    0.04730934   -0.00331296   -0.09365645    0.14655921    0.07110023    0.00500092
    0.04731527   -0.00330738   -0.09365645    0.14655921    0.07110915    0.00499250
    0.04732046   -0.00330111   -0.09365645    0.14655921    0.07111695    0.00498304
    0.04732482   -0.00329424   -0.09365645    0.14655921    0.07112351    0.00497266
    0.04732829   -0.00328687   -0.09365645    0.14655921    0.07112872    0.00496154
    0.04733080   -0.00327913   -0.09365645    0.14655921    0.07113250    0.00494986
    0.04733233   -0.00327113   -0.09365645    0.14655921    0.07113479    0.00493779
    0.04733759   -0.00326301   -0.09365214    0.14655246    0.07114269    0.00492552
    0.04733704   -0.00325429   -0.09365214    0.14655246    0.07114186    0.00491236
    0.04733540   -0.00324571   -0.09365214    0.14655246    0.07113940    0.00489941
    0.04733270   -0.00323740   -0.09365214    0.14655246    0.07113535    0.00488686
    0.04732898   -0.00322950   -0.09365214    0.14655246    0.07112976    0.00487493
    0.04732430   -0.00322212   -0.09365214    0.14655246    0.07112272    0.00486380
    0.04731873   -0.00321539   -0.09365214    0.14655246    0.07111435    0.00485363
    0.04731236   -0.00320941   -0.09365214    0.14655246    0.07110478    0.00484461
    0.04730529   -0.00320427   -0.09365214    0.14655246    0.07109416    0.00483686
    0.04729764   -0.00320006   -0.09365214    0.14655246    0.07108265    0.00483050
    0.04728951   -0.00319685   -0.09365214    0.14655246    0.07107044    0.00482565
    0.04728105   -0.00319467   -0.09365214    0.14655246    0.07105773    0.00482237
    0.04727239   -0.00319358   -0.09365214    0.14655246    0.07104470    0.00482072
    0.04726365   -0.00319358   -0.09365214    0.14655246    0.07103157    0.00482072
    0.04725498   -0.00319467   -0.09365214    0.14655246    0.07101854    0.00482237
    0.04724652   -0.00319685   -0.09365214    0.14655246    0.07100583    0.00482565
    0.04723840   -0.00320006   -0.09365214    0.14655246    0.07099362    0.00483050
    0.04723074   -0.00320427   -0.09365214    0.14655246    0.07098211    0.00483686
    0.04722367   -0.00320941   -0.09365214    0.14655246    0.07097149    0.00484461
    0.04721730   -0.00321539   -0.09365214    0.14655246    0.07096192    0.00485363
    0.04721174   -0.00322212   -0.09365214    0.14655246    0.07095355    0.00486380
    0.04720705   -0.00322950   -0.09365214    0.14655246    0.07094652    0.00487493
    0.04720333   -0.00323740   -0.09365214    0.14655246    0.07094093    0.00488686
    0.04720063   -0.00324571   -0.09365214    0.14655246    0.07093687    0.00489941
    0.04719900   -0.00325429   -0.09365214    0.14655246    0.07093441    0.00491236
    0.04719845   -0.00326301   -0.09365214    0.14655246    0.07093358    0.00492552
    0.04719900   -0.00327173   -0.09365214    0.14655246    0.07093441    0.00493868
    0.04720063   -0.00328031   -0.09365214    0.14655246    0.07093687    0.00495164
    0.04720333   -0.00328862   -0.09365214    0.14655246    0.07094093    0.00496418
    0.04720705   -0.00329653   -0.09365214    0.14655246    0.07094652    0.00497611
    0.04721174   -0.00330390   -0.09365214    0.14655246    0.07095355    0.00498725
    0.04721730   -0.00331063   -0.09365214    0.14655246    0.07096192    0.00499741
    0.04722367   -0.00331661   -0.09365214    0.14655246    0.07097149    0.00500644
    0.04723074   -0.00332175   -0.09365214    0.14655246    0.07098211    0.00501419
    0.04723840   -0.00332596   -0.09365214    0.14655246    0.07099362    0.00502054
    0.04724652   -0.00332917   -0.09365214    0.14655246    0.07100583    0.00502540
    0.04725498   -0.00333135   -0.09365214    0.14655246    0.07101854    0.00502867
    0.04726365   -0.00333244   -0.09365214    0.14655246    0.07103157    0.00503033
    0.04727239   -0.00333244   -0.09365214    0.14655246    0.07104470    0.00503033
    0.04728105   -0.00333135   -0.09365214    0.14655246    0.07105773    0.00502867
    0.04728951   -0.00332917   -0.09365214    0.14655246    0.07107044    0.00502540
    0.04729764   -0.00332596   -0.09365214    0.14655246    0.07108265    0.00502054
    0.04730529   -0.00332175   -0.09365214    0.14655246    0.07109416    0.00501419
    0.04731236   -0.00331661   -0.09365214    0.14655246    0.07110478    0.00500644
    0.04731873   -0.00331063   -0.09365214    0.14655246    0.07111435    0.00499741
    0.04732430   -0.00330390   -0.09365214    0.14655246    0.07112272    0.00498725
    0.04732898   -0.00329653   -0.09365214    0.14655246    0.07112976    0.00497611
    0.04733270   -0.00328862   -0.09365214    0.14655246    0.07113535    0.00496418
    0.04733540   -0.00328031   -0.09365214    0.14655246    0.07113940    0.00495164
    0.04733704   -0.00327173   -0.09365214    0.14655246    0.07114186    0.00493868
    0.04734204   -0.00326301   -0.09364754    0.14654526    0.07114939    0.00492552
    0.04734146   -0.00325373   -0.09364754    0.14654526    0.07114851    0.00491152
    0.04733972   -0.00324460   -0.09364754    0.14654526    0.07114590    0.00489773
    0.04733685   -0.00323576   -0.09364754    0.14654526    0.07114158    0.00488439
    0.04733289   -0.00322735   -0.09364754    0.14654526    0.07113563    0.00487169
    0.04732791   -0.00321950   -0.09364754    0.14654526    0.07112814    0.00485984
    0.04732198   -0.00321233   -0.09364754    0.14654526    0.07111924    0.00484903
    0.04731520   -0.00320597   -0.09364754    0.14654526    0.07110905    0.00483942
    0.04730768   -0.00320051   -0.09364754    0.14654526    0.07109775    0.00483117
    0.04729954   -0.00319603   -0.09364754    0.14654526    0.07108551    0.00482441
    0.04729089   -0.00319261   -0.09364754    0.14654526    0.07107252    0.00481925
    0.04728189   -0.00319029   -0.09364754    0.14654526    0.07105898    0.00481576
    0.04727267   -0.00318913   -0.09364754    0.14654526    0.07104512    0.00481400
    0.04726337   -0.00318913   -0.09364754    0.14654526    0.07103115    0.00481400
    0.04725415   -0.00319029   -0.09364754    0.14654526    0.07101729    0.00481576
    0.04724514   -0.00319261   -0.09364754    0.14654526    0.07100376    0.00481925
    0.04723650   -0.00319603   -0.09364754    0.14654526    0.07099077    0.00482441
    0.04722835   -0.00320051   -0.09364754    0.14654526    0.07097852    0.00483117
    0.04722083   -0.00320597   -0.09364754    0.14654526    0.07096722    0.00483942
    0.04721405   -0.00321233   -0.09364754    0.14654526    0.07095703    0.00484903
    0.04720813   -0.00321950   -0.09364754    0.14654526    0.07094813    0.00485984
    0.04720315   -0.00322735   -0.09364754    0.14654526    0.07094064    0.00487169
    0.04719919   -0.00323576   -0.09364754    0.14654526    0.07093469    0.00488439
    0.04719631   -0.00324460   -0.09364754    0.14654526    0.07093038    0.00489773
    0.04719457   -0.00325373   -0.09364754    0.14654526    0.07092776    0.00491152
    0.04719399   -0.00326301   -0.09364754    0.14654526    0.07092688    0.00492552
    0.04719457   -0.00327229   -0.09364754    0.14654526    0.07092776    0.00493953
    0.04719631   -0.00328142   -0.09364754    0.14654526    0.07093038    0.00495331
    0.04719919   -0.00329026   -0.09364754    0.14654526    0.07093469    0.00496666
    0.04720315   -0.00329867   -0.09364754    0.14654526    0.07094064    0.00497936
    0.04720813   -0.00330652   -0.09364754    0.14654526    0.07094813    0.00499120
    0.04721405   -0.00331369   -0.09364754    0.14654526    0.07095703    0.00500202
    0.04722083   -0.00332005   -0.09364754    0.14654526    0.07096722    0.00501162
    0.04722835   -0.00332551   -0.09364754    0.14654526    0.07097852    0.00501987
    0.04723650   -0.00332999   -0.09364754    0.14654526    0.07099077    0.00502663
    0.04724514   -0.00333342   -0.09364754    0.14654526    0.07100376    0.00503180
    0.04725415   -0.00333573   -0.09364754    0.14654526    0.07101729    0.00503529
    0.04726337   -0.00333689   -0.09364754    0.14654526    0.07103115    0.00503705
    0.04727267   -0.00333689   -0.09364754    0.14654526    0.07104512    0.00503705
    0.04728189   -0.00333573   -0.09364754    0.14654526    0.07105898    0.00503529
    0.04729089   -0.00333342   -0.09364754    0.14654526    0.07107252    0.00503180
    0.04729954   -0.00332999   -0.09364754    0.14654526    0.07108551    0.00502663
    0.04730768   -0.00332551   -0.09364754    0.14654526    0.07109775    0.00501987
    0.04731520   -0.00332005   -0.09364754    0.14654526    0.07110905    0.00501162
    0.04732198   -0.00331369   -0.09364754    0.14654526    0.07111924    0.00500202
    0.04732791   -0.00330652   -0.09364754    0.14654526    0.07112814    0.00499120
    0.04733289   -0.00329867   -0.09364754    0.14654526    0.07113563    0.00497936
    0.04733685   -0.00329026   -0.09364754    0.14654526    0.07114158    0.00496666
    0.04733972   -0.00328142   -0.09364754    0.14654526    0.07114590    0.00495331
    0.04734146   -0.00327229   -0.09364754    0.14654526    0.07114851    0.00493953
    0.04734620   -0.00326301   -0.09364265    0.14653762    0.07115564    0.00492552
    0.04734558   -0.00325321   -0.09364265    0.14653762    0.07115471    0.00491073
    0.04734374   -0.00324357   -0.09364265    0.14653762    0.07115194    0.00489617
    0.04734071   -0.00323423   -0.09364265    0.14653762    0.07114738    0.00488208
    0.04733653   -0.00322535   -0.09364265    0.14653762    0.07114110    0.00486867
    0.04733127   -0.00321706   -0.09364265    0.14653762    0.07113320    0.00485615
    0.04732501   -0.00320949   -0.09364265    0.14653762    0.07112379    0.00484473
    0.04731785   -0.00320277   -0.09364265    0.14653762    0.07111303    0.00483459
    0.04730991   -0.00319700   -0.09364265    0.14653762    0.07110110    0.00482588
    0.04730131   -0.00319227   -0.09364265    0.14653762    0.07108816    0.00481874
    0.04729218   -0.00318865   -0.09364265    0.14653762    0.07107445    0.00481328
    0.04728267   -0.00318621   -0.09364265    0.14653762    0.07106015    0.00480959
    0.04727293   -0.00318498   -0.09364265    0.14653762    0.07104551    0.00480774
    0.04726311   -0.00318498   -0.09364265    0.14653762    0.07103076    0.00480774
    0.04725337   -0.00318621   -0.09364265    0.14653762    0.07101612    0.00480959
    0.04724386   -0.00318865   -0.09364265    0.14653762    0.07100183    0.00481328
    0.04723473   -0.00319227   -0.09364265    0.14653762    0.07098811    0.00481874
    0.04722612   -0.00319700   -0.09364265    0.14653762    0.07097518    0.00482588
    0.04721818   -0.00320277   -0.09364265    0.14653762    0.07096324    0.00483459
    0.04721102   -0.00320949   -0.09364265    0.14653762    0.07095248    0.00484473
    0.04720477   -0.00321706   -0.09364265    0.14653762    0.07094308    0.00485615
    0.04719950   -0.00322535   -0.09364265    0.14653762    0.07093517    0.00486867
    0.04719532   -0.00323423   -0.09364265    0.14653762    0.07092889    0.00488208
    0.04719229   -0.00324357   -0.09364265    0.14653762    0.07092433    0.00489617
    0.04719045   -0.00325321   -0.09364265    0.14653762    0.07092156    0.00491073
    0.04718983   -0.00326301   -0.09364265    0.14653762    0.07092064    0.00492552
    0.04719045   -0.00327281   -0.09364265    0.14653762    0.07092156    0.00494031
    0.04719229   -0.00328245   -0.09364265    0.14653762    0.07092433    0.00495487
    0.04719532   -0.00329179   -0.09364265    0.14653762    0.07092889    0.00496897
    0.04719950   -0.00330068   -0.09364265    0.14653762    0.07093517    0.00498238
    0.04720477   -0.00330897   -0.09364265    0.14653762    0.07094308    0.00499489
    0.04721102   -0.00331653   -0.09364265    0.14653762    0.07095248    0.00500631
    0.04721818   -0.00332325   -0.09364265    0.14653762    0.07096324    0.00501646
    0.04722612   -0.00332902   -0.09364265    0.14653762    0.07097518    0.00502517
    0.04723473   -0.00333375   -0.09364265    0.14653762    0.07098811    0.00503231
    0.04724386   -0.00333737   -0.09364265    0.14653762    0.07100183    0.00503776
    0.04725337   -0.00333981   -0.09364265    0.14653762    0.07101612    0.00504145
    0.04726311   -0.00334104   -0.09364265    0.14653762    0.07103076    0.00504331
    0.04727293   -0.00334104   -0.09364265    0.14653762    0.07104551    0.00504331
    0.04728267   -0.00333981   -0.09364265    0.14653762    0.07106015    0.00504145
    0.04729218   -0.00333737   -0.09364265    0.14653762    0.07107445    0.00503776
    0.04730131   -0.00333375   -0.09364265    0.14653762    0.07108816    0.00503231
    0.04730991   -0.00332902   -0.09364265    0.14653762    0.07110110    0.00502517
    0.04731785   -0.00332325   -0.09364265    0.14653762    0.07111303    0.00501646
    0.04732501   -0.00331653   -0.09364265    0.14653762    0.07112379    0.00500631
    0.04733127   -0.00330897   -0.09364265    0.14653762    0.07113320    0.00499489
    0.04733653   -0.00330068   -0.09364265    0.14653762    0.07114110    0.00498238
    0.04734071   -0.00329179   -0.09364265    0.14653762    0.07114738    0.00496897
    0.04734374   -0.00328245   -0.09364265    0.14653762    0.07115194    0.00495487
    0.04734558   -0.00327281   -0.09364265    0.14653762    0.07115471    0.00494031
    0.04735003   -0.00326301   -0.09363752    0.14652958    0.07116140    0.00492552
    0.04734939   -0.00325273   -0.09363752    0.14652958    0.07116043    0.00491000
    0.04734746   -0.00324261   -0.09363752    0.14652958    0.07115753    0.00489473
    0.04734427   -0.00323282   -0.09363752    0.14652958    0.07115274    0.00487995
    0.04733989   -0.00322350   -0.09363752    0.14652958    0.07114615    0.00486588
    0.04733437   -0.00321480   -0.09363752    0.14652958    0.07113786    0.00485275
    0.04732780   -0.00320687   -0.09363752    0.14652958    0.07112799    0.00484077
    0.04732030   -0.00319982   -0.09363752    0.14652958    0.07111671    0.00483013
    0.04731196   -0.00319376   -0.09363752    0.14652958    0.07110418    0.00482099
    0.04730294   -0.00318880   -0.09363752    0.14652958    0.07109062    0.00481350
    0.04729336   -0.00318501   -0.09363752    0.14652958    0.07107623    0.00480778
    0.04728339   -0.00318245   -0.09363752    0.14652958    0.07106123    0.00480391
    0.04727317   -0.00318116   -0.09363752    0.14652958    0.07104588    0.00480196
    0.04726287   -0.00318116   -0.09363752    0.14652958    0.07103040    0.00480196
    0.04725265   -0.00318245   -0.09363752    0.14652958    0.07101504    0.00480391
    0.04724267   -0.00318501   -0.09363752    0.14652958    0.07100005    0.00480778
    0.04723310   -0.00318880   -0.09363752    0.14652958    0.07098565    0.00481350
    0.04722407   -0.00319376   -0.09363752    0.14652958    0.07097209    0.00482099
    0.04721574   -0.00319982   -0.09363752    0.14652958    0.07095957    0.00483013
    0.04720823   -0.00320687   -0.09363752    0.14652958    0.07094828    0.00484077
    0.04720166   -0.00321480   -0.09363752    0.14652958    0.07093841    0.00485275
    0.04719614   -0.00322350   -0.09363752    0.14652958    0.07093012    0.00486588
    0.04719176   -0.00323282   -0.09363752    0.14652958    0.07092353    0.00487995
    0.04718858   -0.00324261   -0.09363752    0.14652958    0.07091875    0.00489473
    0.04718665   -0.00325273   -0.09363752    0.14652958    0.07091585    0.00491000
    0.04718600   -0.00326301   -0.09363752    0.14652958    0.07091487    0.00492552
    0.04718665   -0.00327329   -0.09363752    0.14652958    0.07091585    0.00494104
    0.04718858   -0.00328341   -0.09363752    0.14652958    0.07091875    0.00495631
    0.04719176   -0.00329320   -0.09363752    0.14652958    0.07092353    0.00497110
    0.04719614   -0.00330252   -0.09363752    0.14652958    0.07093012    0.00498517
    0.04720166   -0.00331122   -0.09363752    0.14652958    0.07093841    0.00499829
    0.04720823   -0.00331916   -0.09363752    0.14652958    0.07094828    0.00501027
    0.04721574   -0.00332621   -0.09363752    0.14652958    0.07095957    0.00502092
    0.04722407   -0.00333226   -0.09363752    0.14652958    0.07097209    0.00503005
    0.04723310   -0.00333722   -0.09363752    0.14652958    0.07098565    0.00503754
    0.04724267   -0.00334101   -0.09363752    0.14652958    0.07100005    0.00504327
    0.04725265   -0.00334357   -0.09363752    0.14652958    0.07101504    0.00504713
    0.04726287   -0.00334487   -0.09363752    0.14652958    0.07103040    0.00504908
    0.04727317   -0.00334487   -0.09363752    0.14652958    0.07104588    0.00504908
    0.04728339   -0.00334357   -0.09363752    0.14652958    0.07106123    0.00504713
    0.04729336   -0.00334101   -0.09363752    0.14652958    0.07107623    0.00504327
    0.04730294   -0.00333722   -0.09363752    0.14652958    0.07109062    0.00503754
    0.04731196   -0.00333226   -0.09363752    0.14652958    0.07110418    0.00503005
    0.04732030   -0.00332621   -0.09363752    0.14652958    0.07111671    0.00502092
    0.04732780   -0.00331916   -0.09363752    0.14652958    0.07112799    0.00501027
    0.04733437   -0.00331122   -0.09363752    0.14652958    0.07113786    0.00499829
    0.04733989   -0.00330252   -0.09363752    0.14652958    0.07114615    0.00498517
    0.04734427   -0.00329320   -0.09363752    0.14652958    0.07115274    0.00497110
    0.04734746   -0.00328341   -0.09363752    0.14652958    0.07115753    0.00495631
    0.04734939   -0.00327329   -0.09363752    0.14652958    0.07116043    0.00494104
    0.04735353   -0.00326301   -0.09363214    0.14652117    0.07116665    0.00492552
    0.04735286   -0.00325229   -0.09363214    0.14652117    0.07116564    0.00490934
    0.04735084   -0.00324174   -0.09363214    0.14652117    0.07116262    0.00489342
    0.04734753   -0.00323153   -0.09363214    0.14652117    0.07115763    0.00487800
    0.04734295   -0.00322181   -0.09363214    0.14652117    0.07115076    0.00486333
    0.04733720   -0.00321275   -0.09363214    0.14652117    0.07114211    0.00484965
    0.04733035   -0.00320447   -0.09363214    0.14652117    0.07113182    0.00483716
    0.04732253   -0.00319712   -0.09363214    0.14652117    0.07112006    0.00482606
    0.04731384   -0.00319081   -0.09363214    0.14652117    0.07110700    0.00481653
    0.04730443   -0.00318563   -0.09363214    0.14652117    0.07109286    0.00480872
    0.04729444   -0.00318168   -0.09363214    0.14652117    0.07107785    0.00480276
    0.04728404   -0.00317901   -0.09363214    0.14652117    0.07106222    0.00479872
    0.04727339   -0.00317766   -0.09363214    0.14652117    0.07104621    0.00479669
    0.04726265   -0.00317766   -0.09363214    0.14652117    0.07103007    0.00479669
    0.04725199   -0.00317901   -0.09363214    0.14652117    0.07101405    0.00479872
    0.04724159   -0.00318168   -0.09363214    0.14652117    0.07099842    0.00480276
    0.04723161   -0.00318563   -0.09363214    0.14652117    0.07098342    0.00480872
    0.04722220   -0.00319081   -0.09363214    0.14652117    0.07096927    0.00481653
    0.04721351   -0.00319712   -0.09363214    0.14652117    0.07095622    0.00482606
    0.04720568   -0.00320447   -0.09363214    0.14652117    0.07094445    0.00483716
    0.04719883   -0.00321275   -0.09363214    0.14652117    0.07093416    0.00484965
    0.04719308   -0.00322181   -0.09363214    0.14652117    0.07092551    0.00486333
    0.04718851   -0.00323153   -0.09363214    0.14652117    0.07091864    0.00487800
    0.04718519   -0.00324174   -0.09363214    0.14652117    0.07091366    0.00489342
    0.04718318   -0.00325229   -0.09363214    0.14652117    0.07091063    0.00490934
    0.04718250   -0.00326301   -0.09363214    0.14652117    0.07090962    0.00492552
    0.04718318   -0.00327373   -0.09363214    0.14652117    0.07091063    0.00494170
    0.04718519   -0.00328428   -0.09363214    0.14652117    0.07091366    0.00495762
    0.04718851   -0.00329449   -0.09363214    0.14652117    0.07091864    0.00497304
    0.04719308   -0.00330421   -0.09363214    0.14652117    0.07092551    0.00498771
    0.04719883   -0.00331327   -0.09363214    0.14652117    0.07093416    0.00500140
    0.04720568   -0.00332155   -0.09363214    0.14652117    0.07094445    0.00501389
    0.04721351   -0.00332890   -0.09363214    0.14652117    0.07095622    0.00502498
    0.04722220   -0.00333521   -0.09363214    0.14652117    0.07096927    0.00503451
    0.04723161   -0.00334039   -0.09363214    0.14652117    0.07098342    0.00504232
    0.04724159   -0.00334434   -0.09363214    0.14652117    0.07099842    0.00504829
    0.04725199   -0.00334701   -0.09363214    0.14652117    0.07101405    0.00505232
    0.04726265   -0.00334836   -0.09363214    0.14652117    0.07103007    0.00505435
    0.04727339   -0.00334836   -0.09363214    0.14652117    0.07104621    0.00505435
    0.04728404   -0.00334701   -0.09363214    0.14652117    0.07106222    0.00505232
    0.04729444   -0.00334434   -0.09363214    0.14652117    0.07107785    0.00504829
    0.04730443   -0.00334039   -0.09363214    0.14652117    0.07109286    0.00504232
    0.04731384   -0.00333521   -0.09363214    0.14652117    0.07110700    0.00503451
    0.04732253   -0.00332890   -0.09363214    0.14652117    0.07112006    0.00502498
    0.04733035   -0.00332155   -0.09363214    0.14652117    0.07113182    0.00501389
    0.04733720   -0.00331327   -0.09363214    0.14652117    0.07114211    0.00500140
    0.04734295   -0.00330421   -0.09363214    0.14652117    0.07115076    0.00498771
    0.04734753   -0.00329449   -0.09363214    0.14652117    0.07115763    0.00497304
    0.04735084   -0.00328428   -0.09363214    0.14652117    0.07116262    0.00495762
    0.04735286   -0.00327373   -0.09363214    0.14652117    0.07116564    0.00494170
    0.04735668   -0.00326301   -0.09362656    0.14651243    0.07117138    0.00492552
    0.04735598   -0.00325190   -0.09362656    0.14651243    0.07117033    0.00490875
    0.04735389   -0.00324096   -0.09362656    0.14651243    0.07116719    0.00489224
    0.04735045   -0.00323037   -0.09362656    0.14651243    0.07116202    0.00487625
    0.04734571   -0.00322030   -0.09362656    0.14651243    0.07115490    0.00486105
    0.04733974   -0.00321090   -0.09362656    0.14651243    0.07114593    0.00484686
    0.04733265   -0.00320232   -0.09362656    0.14651243    0.07113527    0.00483391
    0.04732453   -0.00319470   -0.09362656    0.14651243    0.07112307    0.00482240
    0.04731552   -0.00318815   -0.09362656    0.14651243    0.07110953    0.00481252
    0.04730577   -0.00318279   -0.09362656    0.14651243    0.07109487    0.00480443
    0.04729541   -0.00317869   -0.09362656    0.14651243    0.07107931    0.00479824
    0.04728463   -0.00317592   -0.09362656    0.14651243    0.07106310    0.00479406
    0.04727358   -0.00317453   -0.09362656    0.14651243    0.07104650    0.00479195
    0.04726245   -0.00317453   -0.09362656    0.14651243    0.07102977    0.00479195
    0.04725140   -0.00317592   -0.09362656    0.14651243    0.07101317    0.00479406
    0.04724062   -0.00317869   -0.09362656    0.14651243    0.07099696    0.00479824
    0.04723027   -0.00318279   -0.09362656    0.14651243    0.07098140    0.00480443
    0.04722051   -0.00318815   -0.09362656    0.14651243    0.07096674    0.00481252
    0.04721150   -0.00319470   -0.09362656    0.14651243    0.07095320    0.00482240
    0.04720339   -0.00320232   -0.09362656    0.14651243    0.07094100    0.00483391
    0.04719629   -0.00321090   -0.09362656    0.14651243    0.07093034    0.00484686
    0.04719032   -0.00322030   -0.09362656    0.14651243    0.07092137    0.00486105
    0.04718558   -0.00323037   -0.09362656    0.14651243    0.07091425    0.00487625
    0.04718214   -0.00324096   -0.09362656    0.14651243    0.07090908    0.00489224
    0.04718006   -0.00325190   -0.09362656    0.14651243    0.07090594    0.00490875
    0.04717936   -0.00326301   -0.09362656    0.14651243    0.07090489    0.00492552
    0.04718006   -0.00327412   -0.09362656    0.14651243    0.07090594    0.00494230
    0.04718214   -0.00328506   -0.09362656    0.14651243    0.07090908    0.00495880
    0.04718558   -0.00329565   -0.09362656    0.14651243    0.07091425    0.00497479
    0.04719032   -0.00330572   -0.09362656    0.14651243    0.07092137    0.00499000
    0.04719629   -0.00331512   -0.09362656    0.14651243    0.07093034    0.00500419
    0.04720339   -0.00332370   -0.09362656    0.14651243    0.07094100    0.00501714
    0.04721150   -0.00333132   -0.09362656    0.14651243    0.07095320    0.00502864
    0.04722051   -0.00333787   -0.09362656    0.14651243    0.07096674    0.00503852
    0.04723027   -0.00334323   -0.09362656    0.14651243    0.07098140    0.00504662
    0.04724062   -0.00334733   -0.09362656    0.14651243    0.07099696    0.00505280
    0.04725140   -0.00335010   -0.09362656    0.14651243    0.07101317    0.00505698
    0.04726245   -0.00335150   -0.09362656    0.14651243    0.07102977    0.00505909
    0.04727358   -0.00335150   -0.09362656    0.14651243    0.07104650    0.00505909
    0.04728463   -0.00335010   -0.09362656    0.14651243    0.07106310    0.00505698
    0.04729541   -0.00334733   -0.09362656    0.14651243    0.07107931    0.00505280
    0.04730577   -0.00334323   -0.09362656    0.14651243    0.07109487    0.00504662
    0.04731552   -0.00333787   -0.09362656    0.14651243    0.07110953    0.00503852
    0.04732453   -0.00333132   -0.09362656    0.14651243    0.07112307    0.00502864
    0.04733265   -0.00332370   -0.09362656    0.14651243    0.07113527    0.00501714
    0.04733974   -0.00331512   -0.09362656    0.14651243    0.07114593    0.00500419
    0.04734571   -0.00330572   -0.09362656    0.14651243    0.07115490    0.00499000
    0.04735045   -0.00329565   -0.09362656    0.14651243    0.07116202    0.00497479
    0.04735389   -0.00328506   -0.09362656    0.14651243    0.07116719    0.00495880
    0.04735598   -0.00327412   -0.09362656    0.14651243    0.07117033    0.00494230
    0.04735946   -0.00326301   -0.09362078    0.14650339    0.07117556    0.00492552
    0.04735874   -0.00325155   -0.09362078    0.14650339    0.07117448    0.00490822
    0.04735659   -0.00324027   -0.09362078    0.14650339    0.07117124    0.00489119
    0.04735304   -0.00322935   -0.09362078    0.14650339    0.07116591    0.00487471
    0.04734815   -0.00321896   -0.09362078    0.14650339    0.07115856    0.00485902
    0.04734199   -0.00320926   -0.09362078    0.14650339    0.07114932    0.00484439
    0.04733467   -0.00320041   -0.09362078    0.14650339    0.07113831    0.00483103
    0.04732630   -0.00319255   -0.09362078    0.14650339    0.07112573    0.00481917
    0.04731701   -0.00318580   -0.09362078    0.14650339    0.07111177    0.00480898
    0.04730695   -0.00318027   -0.09362078    0.14650339    0.07109665    0.00480063
    0.04729627   -0.00317604   -0.09362078    0.14650339    0.07108060    0.00479425
    0.04728515   -0.00317319   -0.09362078    0.14650339    0.07106389    0.00478994
    0.04727376   -0.00317175   -0.09362078    0.14650339    0.07104676    0.00478776
    0.04726228   -0.00317175   -0.09362078    0.14650339    0.07102951    0.00478776
    0.04725088   -0.00317319   -0.09362078    0.14650339    0.07101238    0.00478994
    0.04723976   -0.00317604   -0.09362078    0.14650339    0.07099567    0.00479425
    0.04722908   -0.00318027   -0.09362078    0.14650339    0.07097962    0.00480063
    0.04721902   -0.00318580   -0.09362078    0.14650339    0.07096450    0.00480898
    0.04720973   -0.00319255   -0.09362078    0.14650339    0.07095054    0.00481917
    0.04720136   -0.00320041   -0.09362078    0.14650339    0.07093796    0.00483103
    0.04719404   -0.00320926   -0.09362078    0.14650339    0.07092696    0.00484439
    0.04718789   -0.00321896   -0.09362078    0.14650339    0.07091771    0.00485902
    0.04718300   -0.00322935   -0.09362078    0.14650339    0.07091036    0.00487471
    0.04717945   -0.00324027   -0.09362078    0.14650339    0.07090503    0.00489119
    0.04717730   -0.00325155   -0.09362078    0.14650339    0.07090179    0.00490822
    0.04717658   -0.00326301   -0.09362078    0.14650339    0.07090071    0.00492552
    0.04717730   -0.00327447   -0.09362078    0.14650339    0.07090179    0.00494282
    0.04717945   -0.00328575   -0.09362078    0.14650339    0.07090503    0.00495985
    0.04718300   -0.00329667   -0.09362078    0.14650339    0.07091036    0.00497633
    0.04718789   -0.00330706   -0.09362078    0.14650339    0.07091771    0.00499202
    0.04719404   -0.00331676   -0.09362078    0.14650339    0.07092696    0.00500665
    0.04720136   -0.00332561   -0.09362078    0.14650339    0.07093796    0.00502001
    0.04720973   -0.00333347   -0.09362078    0.14650339    0.07095054    0.00503188
    0.04721902   -0.00334022   -0.09362078    0.14650339    0.07096450    0.00504206
    0.04722908   -0.00334575   -0.09362078    0.14650339    0.07097962    0.00505042
    0.04723976   -0.00334998   -0.09362078    0.14650339    0.07099567    0.00505680
    0.04725088   -0.00335283   -0.09362078    0.14650339    0.07101238    0.00506111
    0.04726228   -0.00335427   -0.09362078    0.14650339    0.07102951    0.00506328
    0.04727376   -0.00335427   -0.09362078    0.14650339    0.07104676    0.00506328
    0.04728515   -0.00335283   -0.09362078    0.14650339    0.07106389    0.00506111
    0.04729627   -0.00334998   -0.09362078    0.14650339    0.07108060    0.00505680
    0.04730695   -0.00334575   -0.09362078    0.14650339    0.07109665    0.00505042
    0.04731701   -0.00334022   -0.09362078    0.14650339    0.07111177    0.00504206
    0.04732630   -0.00333347   -0.09362078    0.14650339    0.07112573    0.00503188
    0.04733467   -0.00332561   -0.09362078    0.14650339    0.07113831    0.00502001
    0.04734199   -0.00331676   -0.09362078    0.14650339    0.07114932    0.00500665
    0.04734815   -0.00330706   -0.09362078    0.14650339    0.07115856    0.00499202
    0.04735304   -0.00329667   -0.09362078    0.14650339    0.07116591    0.00497633
    0.04735659   -0.00328575   -0.09362078    0.14650339    0.07117124    0.00495985
    0.04735874   -0.00327447   -0.09362078    0.14650339    0.07117448    0.00494282
    0.04736186   -0.00326301   -0.09361484    0.14649409    0.07117918    0.00492552
    0.04736112   -0.00325125   -0.09361484    0.14649409    0.07117806    0.00490777
    0.04735892   -0.00323967   -0.09361484    0.14649409    0.07117475    0.00489029
    0.04735527   -0.00322846   -0.09361484    0.14649409    0.07116927    0.00487337
    0.04735026   -0.00321780   -0.09361484    0.14649409    0.07116173    0.00485728
    0.04734394   -0.00320785   -0.09361484    0.14649409    0.07115224    0.00484225
    0.04733643   -0.00319877   -0.09361484    0.14649409    0.07114095    0.00482855
    0.04732784   -0.00319070   -0.09361484    0.14649409    0.07112804    0.00481637
    0.04731830   -0.00318377   -0.09361484    0.14649409    0.07111371    0.00480591
    0.04730798   -0.00317810   -0.09361484    0.14649409    0.07109819    0.00479734
    0.04729702   -0.00317376   -0.09361484    0.14649409    0.07108172    0.00479079
    0.04728560   -0.00317083   -0.09361484    0.14649409    0.07106456    0.00478637
    0.04727391   -0.00316935   -0.09361484    0.14649409    0.07104699    0.00478414
    0.04726212   -0.00316935   -0.09361484    0.14649409    0.07102928    0.00478414
    0.04725043   -0.00317083   -0.09361484    0.14649409    0.07101171    0.00478637
    0.04723902   -0.00317376   -0.09361484    0.14649409    0.07099455    0.00479079
    0.04722806   -0.00317810   -0.09361484    0.14649409    0.07097808    0.00479734
    0.04721773   -0.00318377   -0.09361484    0.14649409    0.07096256    0.00480591
    0.04720820   -0.00319070   -0.09361484    0.14649409    0.07094823    0.00481637
    0.04719961   -0.00319877   -0.09361484    0.14649409    0.07093532    0.00482855
    0.04719209   -0.00320785   -0.09361484    0.14649409    0.07092403    0.00484225
    0.04718578   -0.00321780   -0.09361484    0.14649409    0.07091454    0.00485728
    0.04718076   -0.00322846   -0.09361484    0.14649409    0.07090700    0.00487337
    0.04717712   -0.00323967   -0.09361484    0.14649409    0.07090153    0.00489029
    0.04717491   -0.00325125   -0.09361484    0.14649409    0.07089821    0.00490777
    0.04717417   -0.00326301   -0.09361484    0.14649409    0.07089710    0.00492552
    0.04717491   -0.00327477   -0.09361484    0.14649409    0.07089821    0.00494328
    0.04717712   -0.00328635   -0.09361484    0.14649409    0.07090153    0.00496075
    0.04718076   -0.00329756   -0.09361484    0.14649409    0.07090700    0.00497767
    0.04718578   -0.00330822   -0.09361484    0.14649409    0.07091454    0.00499377
    0.04719209   -0.00331817   -0.09361484    0.14649409    0.07092403    0.00500879
    0.04719961   -0.00332725   -0.09361484    0.14649409    0.07093532    0.00502250
    0.04720820   -0.00333532   -0.09361484    0.14649409    0.07094823    0.00503467
    0.04721773   -0.00334225   -0.09361484    0.14649409    0.07096256    0.00504513
    0.04722806   -0.00334793   -0.09361484    0.14649409    0.07097808    0.00505370
    0.04723902   -0.00335226   -0.09361484    0.14649409    0.07099455    0.00506025
    0.04725043   -0.00335519   -0.09361484    0.14649409    0.07101171    0.00506467
    0.04726212   -0.00335667   -0.09361484    0.14649409    0.07102928    0.00506690
    0.04727391   -0.00335667   -0.09361484    0.14649409    0.07104699    0.00506690
    0.04728560   -0.00335519   -0.09361484    0.14649409    0.07106456    0.00506467
    0.04729702   -0.00335226   -0.09361484    0.14649409    0.07108172    0.00506025
    0.04730798   -0.00334793   -0.09361484    0.14649409    0.07109819    0.00505370
    0.04731830   -0.00334225   -0.09361484    0.14649409    0.07111371    0.00504513
    0.04732784   -0.00333532   -0.09361484    0.14649409    0.07112804    0.00503467
    0.04733643   -0.00332725   -0.09361484    0.14649409    0.07114095    0.00502250
    0.04734394   -0.00331817   -0.09361484    0.14649409    0.07115224    0.00500879
    0.04735026   -0.00330822   -0.09361484    0.14649409    0.07116173    0.00499377
    0.04735527   -0.00329756   -0.09361484    0.14649409    0.07116927    0.00497767
    0.04735892   -0.00328635   -0.09361484    0.14649409    0.07117475    0.00496075
    0.04736112   -0.00327477   -0.09361484    0.14649409    0.07117806    0.00494328
    0.04736388   -0.00326301   -0.09360876    0.14648457    0.07118221    0.00492552
    0.04736313   -0.00325100   -0.09360876    0.14648457    0.07118108    0.00490738
    0.04736087   -0.00323917   -0.09360876    0.14648457    0.07117769    0.00488953
    0.04735715   -0.00322772   -0.09360876    0.14648457    0.07117209    0.00487225
    0.04735203   -0.00321683   -0.09360876    0.14648457    0.07116439    0.00485581
    0.04734557   -0.00320666   -0.09360876    0.14648457    0.07115470    0.00484046
    0.04733790   -0.00319739   -0.09360876    0.14648457    0.07114316    0.00482646
    0.04732912   -0.00318914   -0.09360876    0.14648457    0.07112997    0.00481402
    0.04731938   -0.00318207   -0.09360876    0.14648457    0.07111534    0.00480334
    0.04730884   -0.00317627   -0.09360876    0.14648457    0.07109948    0.00479458
    0.04729764   -0.00317184   -0.09360876    0.14648457    0.07108266    0.00478789
    0.04728598   -0.00316884   -0.09360876    0.14648457    0.07106513    0.00478337
    0.04727404   -0.00316733   -0.09360876    0.14648457    0.07104718    0.00478110
    0.04726200   -0.00316733   -0.09360876    0.14648457    0.07102909    0.00478110
    0.04725005   -0.00316884   -0.09360876    0.14648457    0.07101114    0.00478337
    0.04723839   -0.00317184   -0.09360876    0.14648457    0.07099361    0.00478789
    0.04722720   -0.00317627   -0.09360876    0.14648457    0.07097679    0.00479458
    0.04721665   -0.00318207   -0.09360876    0.14648457    0.07096094    0.00480334
    0.04720691   -0.00318914   -0.09360876    0.14648457    0.07094630    0.00481402
    0.04719813   -0.00319739   -0.09360876    0.14648457    0.07093311    0.00482646
    0.04719046   -0.00320666   -0.09360876    0.14648457    0.07092158    0.00484046
    0.04718401   -0.00321683   -0.09360876    0.14648457    0.07091188    0.00485581
    0.04717888   -0.00322772   -0.09360876    0.14648457    0.07090418    0.00487225
    0.04717516   -0.00323917   -0.09360876    0.14648457    0.07089859    0.00488953
    0.04717291   -0.00325100   -0.09360876    0.14648457    0.07089520    0.00490738
    0.04717215   -0.00326301   -0.09360876    0.14648457    0.07089406    0.00492552
    0.04717291   -0.00327503   -0.09360876    0.14648457    0.07089520    0.00494366
    0.04717516   -0.00328685   -0.09360876    0.14648457    0.07089859    0.00496151
    0.04717888   -0.00329830   -0.09360876    0.14648457    0.07090418    0.00497879
    0.04718401   -0.00330919   -0.09360876    0.14648457    0.07091188    0.00499524
    0.04719046   -0.00331936   -0.09360876    0.14648457    0.07092158    0.00501058
    0.04719813   -0.00332864   -0.09360876    0.14648457    0.07093311    0.00502458
    0.04720691   -0.00333688   -0.09360876    0.14648457    0.07094630    0.00503702
    0.04721665   -0.00334395   -0.09360876    0.14648457    0.07096094    0.00504771
    0.04722720   -0.00334975   -0.09360876    0.14648457    0.07097679    0.00505646
    0.04723839   -0.00335419   -0.09360876    0.14648457    0.07099361    0.00506315
    0.04725005   -0.00335718   -0.09360876    0.14648457    0.07101114    0.00506767
    0.04726200   -0.00335869   -0.09360876    0.14648457    0.07102909    0.00506995
    0.04727404   -0.00335869   -0.09360876    0.14648457    0.07104718    0.00506995
    0.04728598   -0.00335718   -0.09360876    0.14648457    0.07106513    0.00506767
    0.04729764   -0.00335419   -0.09360876    0.14648457    0.07108266    0.00506315
    0.04730884   -0.00334975   -0.09360876    0.14648457    0.07109948    0.00505646
    0.04731938   -0.00334395   -0.09360876    0.14648457    0.07111534    0.00504771
    0.04732912   -0.00333688   -0.09360876    0.14648457    0.07112997    0.00503702
    0.04733790   -0.00332864   -0.09360876    0.14648457    0.07114316    0.00502458
    0.04734557   -0.00331936   -0.09360876    0.14648457    0.07115470    0.00501058
    0.04735203   -0.00330919   -0.09360876    0.14648457    0.07116439    0.00499524
    0.04735715   -0.00329830   -0.09360876    0.14648457    0.07117209    0.00497879
    0.04736087   -0.00328685   -0.09360876    0.14648457    0.07117769    0.00496151
    0.04736313   -0.00327503   -0.09360876    0.14648457    0.07118108    0.00494366
    0.04736551   -0.00326301   -0.09360256    0.14647487    0.07118466    0.00492552
    0.04736474   -0.00325079   -0.09360256    0.14647487    0.07118350    0.00490708
    0.04736245   -0.00323876   -0.09360256    0.14647487    0.07118005    0.00488892
    0.04735866   -0.00322712   -0.09360256    0.14647487    0.07117437    0.00487135
    0.04735345   -0.00321604   -0.09360256    0.14647487    0.07116653    0.00485462
    0.04734689   -0.00320571   -0.09360256    0.14647487    0.07115667    0.00483902
    0.04733909   -0.00319627   -0.09360256    0.14647487    0.07114494    0.00482478
    0.04733016   -0.00318789   -0.09360256    0.14647487    0.07113153    0.00481213
    0.04732026   -0.00318069   -0.09360256    0.14647487    0.07111665    0.00480127
    0.04730953   -0.00317480   -0.09360256    0.14647487    0.07110052    0.00479236
    0.04729814   -0.00317029   -0.09360256    0.14647487    0.07108341    0.00478556
    0.04728629   -0.00316724   -0.09360256    0.14647487    0.07106559    0.00478096
    0.04727414   -0.00316571   -0.09360256    0.14647487    0.07104734    0.00477865
    0.04726190   -0.00316571   -0.09360256    0.14647487    0.07102894    0.00477865
    0.04724975   -0.00316724   -0.09360256    0.14647487    0.07101068    0.00478096
    0.04723789   -0.00317029   -0.09360256    0.14647487    0.07099286    0.00478556
    0.04722651   -0.00317480   -0.09360256    0.14647487    0.07097575    0.00479236
    0.04721578   -0.00318069   -0.09360256    0.14647487    0.07095963    0.00480127
    0.04720587   -0.00318789   -0.09360256    0.14647487    0.07094474    0.00481213
    0.04719695   -0.00319627   -0.09360256    0.14647487    0.07093133    0.00482478
    0.04718914   -0.00320571   -0.09360256    0.14647487    0.07091960    0.00483902
    0.04718258   -0.00321604   -0.09360256    0.14647487    0.07090974    0.00485462
    0.04717737   -0.00322712   -0.09360256    0.14647487    0.07090191    0.00487135
    0.04717359   -0.00323876   -0.09360256    0.14647487    0.07089622    0.00488892
    0.04717129   -0.00325079   -0.09360256    0.14647487    0.07089277    0.00490708
    0.04717052   -0.00326301   -0.09360256    0.14647487    0.07089162    0.00492552
    0.04717129   -0.00327523   -0.09360256    0.14647487    0.07089277    0.00494397
    0.04717359   -0.00328726   -0.09360256    0.14647487    0.07089622    0.00496212
    0.04717737   -0.00329890   -0.09360256    0.14647487    0.07090191    0.00497970
    0.04718258   -0.00330998   -0.09360256    0.14647487    0.07090974    0.00499642
    0.04718914   -0.00332032   -0.09360256    0.14647487    0.07091960    0.00501202
    0.04719695   -0.00332975   -0.09360256    0.14647487    0.07093133    0.00502626
    0.04720587   -0.00333813   -0.09360256    0.14647487    0.07094474    0.00503891
    0.04721578   -0.00334533   -0.09360256    0.14647487    0.07095963    0.00504978
    0.04722651   -0.00335122   -0.09360256    0.14647487    0.07097575    0.00505868
    0.04723789   -0.00335573   -0.09360256    0.14647487    0.07099286    0.00506548
    0.04724975   -0.00335878   -0.09360256    0.14647487    0.07101068    0.00507008
    0.04726190   -0.00336031   -0.09360256    0.14647487    0.07102894    0.00507240
    0.04727414   -0.00336031   -0.09360256    0.14647487    0.07104734    0.00507240
    0.04728629   -0.00335878   -0.09360256    0.14647487    0.07106559    0.00507008
    0.04729814   -0.00335573   -0.09360256    0.14647487    0.07108341    0.00506548
    0.04730953   -0.00335122   -0.09360256    0.14647487    0.07110052    0.00505868
    0.04732026   -0.00334533   -0.09360256    0.14647487    0.07111665    0.00504978
    0.04733016   -0.00333813   -0.09360256    0.14647487    0.07113153    0.00503891
    0.04733909   -0.00332975   -0.09360256    0.14647487    0.07114494    0.00502626
    0.04734689   -0.00332032   -0.09360256    0.14647487    0.07115667    0.00501202
    0.04735345   -0.00330998   -0.09360256    0.14647487    0.07116653    0.00499642
    0.04735866   -0.00329890   -0.09360256    0.14647487    0.07117437    0.00497970
    0.04736245   -0.00328726   -0.09360256    0.14647487    0.07118005    0.00496212
    0.04736474   -0.00327523   -0.09360256    0.14647487    0.07118350    0.00494397
    0.04736674   -0.00326301   -0.09359626    0.14646502    0.07118650    0.00492552
    0.04736596   -0.00325064   -0.09359626    0.14646502    0.07118533    0.00490685
    0.04736363   -0.00323846   -0.09359626    0.14646502    0.07118184    0.00488846
    0.04735980   -0.00322667   -0.09359626    0.14646502    0.07117608    0.00487067
    0.04735452   -0.00321545   -0.09359626    0.14646502    0.07116815    0.00485373
    0.04734788   -0.00320499   -0.09359626    0.14646502    0.07115816    0.00483793
    0.04733998   -0.00319543   -0.09359626    0.14646502    0.07114629    0.00482351
    0.04733094   -0.00318695   -0.09359626    0.14646502    0.07113270    0.00481070
    0.04732091   -0.00317966   -0.09359626    0.14646502    0.07111763    0.00479970
    0.04731005   -0.00317369   -0.09359626    0.14646502    0.07110131    0.00479069
    0.04729852   -0.00316912   -0.09359626    0.14646502    0.07108398    0.00478380
    0.04728651   -0.00316604   -0.09359626    0.14646502    0.07106594    0.00477915
    0.04727422   -0.00316449   -0.09359626    0.14646502    0.07104745    0.00477680
    0.04726182   -0.00316449   -0.09359626    0.14646502    0.07102882    0.00477680
    0.04724952   -0.00316604   -0.09359626    0.14646502    0.07101034    0.00477915
    0.04723751   -0.00316912   -0.09359626    0.14646502    0.07099229    0.00478380
    0.04722598   -0.00317369   -0.09359626    0.14646502    0.07097497    0.00479069
    0.04721512   -0.00317966   -0.09359626    0.14646502    0.07095864    0.00479970
    0.04720509   -0.00318695   -0.09359626    0.14646502    0.07094357    0.00481070
    0.04719605   -0.00319543   -0.09359626    0.14646502    0.07092998    0.00482351
    0.04718815   -0.00320499   -0.09359626    0.14646502    0.07091811    0.00483793
    0.04718151   -0.00321545   -0.09359626    0.14646502    0.07090813    0.00485373
    0.04717623   -0.00322667   -0.09359626    0.14646502    0.07090019    0.00487067
    0.04717240   -0.00323846   -0.09359626    0.14646502    0.07089444    0.00488846
    0.04717008   -0.00325064   -0.09359626    0.14646502    0.07089094    0.00490685
    0.04716930   -0.00326301   -0.09359626    0.14646502    0.07088977    0.00492552
    0.04717008   -0.00327538   -0.09359626    0.14646502    0.07089094    0.00494420
    0.04717240   -0.00328756   -0.09359626    0.14646502    0.07089444    0.00496258
    0.04717623   -0.00329935   -0.09359626    0.14646502    0.07090019    0.00498038
    0.04718151   -0.00331057   -0.09359626    0.14646502    0.07090813    0.00499731
    0.04718815   -0.00332104   -0.09359626    0.14646502    0.07091811    0.00501311
    0.04719605   -0.00333059   -0.09359626    0.14646502    0.07092998    0.00502753
    0.04720509   -0.00333907   -0.09359626    0.14646502    0.07094357    0.00504034
    0.04721512   -0.00334636   -0.09359626    0.14646502    0.07095864    0.00505134
    0.04722598   -0.00335233   -0.09359626    0.14646502    0.07097497    0.00506035
    0.04723751   -0.00335690   -0.09359626    0.14646502    0.07099229    0.00506724
    0.04724952   -0.00335998   -0.09359626    0.14646502    0.07101034    0.00507190
    0.04726182   -0.00336153   -0.09359626    0.14646502    0.07102882    0.00507424
    0.04727422   -0.00336153   -0.09359626    0.14646502    0.07104745    0.00507424
    0.04728651   -0.00335998   -0.09359626    0.14646502    0.07106594    0.00507190
    0.04729852   -0.00335690   -0.09359626    0.14646502    0.07108398    0.00506724
    0.04731005   -0.00335233   -0.09359626    0.14646502    0.07110131    0.00506035
    0.04732091   -0.00334636   -0.09359626    0.14646502    0.07111763    0.00505134
    0.04733094   -0.00333907   -0.09359626    0.14646502    0.07113270    0.00504034
    0.04733998   -0.00333059   -0.09359626    0.14646502    0.07114629    0.00502753
    0.04734788   -0.00332104   -0.09359626    0.14646502    0.07115816    0.00501311
    0.04735452   -0.00331057   -0.09359626    0.14646502    0.07116815    0.00499731
    0.04735980   -0.00329935   -0.09359626    0.14646502    0.07117608    0.00498038
    0.04736363   -0.00328756   -0.09359626    0.14646502    0.07118184    0.00496258
    0.04736596   -0.00327538   -0.09359626    0.14646502    0.07118533    0.00494420
    0.04736755   -0.00326301   -0.09358991    0.14645508    0.07118773    0.00492552
    0.04736677   -0.00325054   -0.09358991    0.14645508    0.07118655    0.00490669
    0.04736443   -0.00323826   -0.09358991    0.14645508    0.07118303    0.00488816
    0.04736056   -0.00322637   -0.09358991    0.14645508    0.07117722    0.00487021
    0.04735524   -0.00321506   -0.09358991    0.14645508    0.07116923    0.00485314
    0.04734854   -0.00320450   -0.09358991    0.14645508    0.07115916    0.00483721
    0.04734058   -0.00319487   -0.09358991    0.14645508    0.07114718    0.00482267
    0.04733146   -0.00318632   -0.09358991    0.14645508    0.07113349    0.00480975
    0.04732135   -0.00317897   -0.09358991    0.14645508    0.07111829    0.00479866
    0.04731040   -0.00317295   -0.09358991    0.14645508    0.07110183    0.00478957
    0.04729878   -0.00316834   -0.09358991    0.14645508    0.07108436    0.00478262
    0.04728667   -0.00316524   -0.09358991    0.14645508    0.07106617    0.00477793
    0.04727427   -0.00316367   -0.09358991    0.14645508    0.07104753    0.00477557
    0.04726177   -0.00316367   -0.09358991    0.14645508    0.07102874    0.00477557
    0.04724937   -0.00316524   -0.09358991    0.14645508    0.07101010    0.00477793
    0.04723726   -0.00316834   -0.09358991    0.14645508    0.07099191    0.00478262
    0.04722564   -0.00317295   -0.09358991    0.14645508    0.07097444    0.00478957
    0.04721468   -0.00317897   -0.09358991    0.14645508    0.07095798    0.00479866
    0.04720457   -0.00318632   -0.09358991    0.14645508    0.07094278    0.00480975
    0.04719546   -0.00319487   -0.09358991    0.14645508    0.07092909    0.00482267
    0.04718749   -0.00320450   -0.09358991    0.14645508    0.07091711    0.00483721
    0.04718079   -0.00321506   -0.09358991    0.14645508    0.07090705    0.00485314
    0.04717547   -0.00322637   -0.09358991    0.14645508    0.07089905    0.00487021
    0.04717161   -0.00323826   -0.09358991    0.14645508    0.07089324    0.00488816
    0.04716926   -0.00325054   -0.09358991    0.14645508    0.07088972    0.00490669
    0.04716848   -0.00326301   -0.09358991    0.14645508    0.07088854    0.00492552
    0.04716926   -0.00327549   -0.09358991    0.14645508    0.07088972    0.00494435
    0.04717161   -0.00328776   -0.09358991    0.14645508    0.07089324    0.00496289
    0.04717547   -0.00329965   -0.09358991    0.14645508    0.07089905    0.00498083
    0.04718079   -0.00331096   -0.09358991    0.14645508    0.07090705    0.00499791
    0.04718749   -0.00332152   -0.09358991    0.14645508    0.07091711    0.00501384
    0.04719546   -0.00333115   -0.09358991    0.14645508    0.07092909    0.00502838
    0.04720457   -0.00333971   -0.09358991    0.14645508    0.07094278    0.00504129
    0.04721468   -0.00334705   -0.09358991    0.14645508    0.07095798    0.00505238
    0.04722564   -0.00335308   -0.09358991    0.14645508    0.07097444    0.00506147
    0.04723726   -0.00335768   -0.09358991    0.14645508    0.07099191    0.00506842
    0.04724937   -0.00336079   -0.09358991    0.14645508    0.07101010    0.00507311
    0.04726177   -0.00336235   -0.09358991    0.14645508    0.07102874    0.00507548
    0.04727427   -0.00336235   -0.09358991    0.14645508    0.07104753    0.00507548
    0.04728667   -0.00336079   -0.09358991    0.14645508    0.07106617    0.00507311
    0.04729878   -0.00335768   -0.09358991    0.14645508    0.07108436    0.00506842
    0.04731040   -0.00335308   -0.09358991    0.14645508    0.07110183    0.00506147
    0.04732135   -0.00334705   -0.09358991    0.14645508    0.07111829    0.00505238
    0.04733146   -0.00333971   -0.09358991    0.14645508    0.07113349    0.00504129
    0.04734058   -0.00333115   -0.09358991    0.14645508    0.07114718    0.00502838
    0.04734854   -0.00332152   -0.09358991    0.14645508    0.07115916    0.00501384
    0.04735524   -0.00331096   -0.09358991    0.14645508    0.07116923    0.00499791
    0.04736056   -0.00329965   -0.09358991    0.14645508    0.07117722    0.00498083
    0.04736443   -0.00328776   -0.09358991    0.14645508    0.07118303    0.00496289
    0.04736677   -0.00327549   -0.09358991    0.14645508    0.07118655    0.00494435
    0.04736797   -0.00326301   -0.09358351    0.14644507    0.07118835    0.00492552
    0.04736718   -0.00325048   -0.09358351    0.14644507    0.07118716    0.00490661
    0.04736483   -0.00323815   -0.09358351    0.14644507    0.07118363    0.00488800
    0.04736095   -0.00322622   -0.09358351    0.14644507    0.07117780    0.00486998
    0.04735560   -0.00321486   -0.09358351    0.14644507    0.07116977    0.00485284
    0.04734888   -0.00320426   -0.09358351    0.14644507    0.07115966    0.00483684
    0.04734088   -0.00319459   -0.09358351    0.14644507    0.07114763    0.00482224
    0.04733173   -0.00318600   -0.09358351    0.14644507    0.07113388    0.00480927
    0.04732157   -0.00317862   -0.09358351    0.14644507    0.07111862    0.00479814
    0.04731057   -0.00317257   -0.09358351    0.14644507    0.07110209    0.00478901
    0.04729890   -0.00316795   -0.09358351    0.14644507    0.07108455    0.00478203
    0.04728675   -0.00316483   -0.09358351    0.14644507    0.07106628    0.00477732
    0.04727429   -0.00316326   -0.09358351    0.14644507    0.07104757    0.00477495
    0.04726174   -0.00316326   -0.09358351    0.14644507    0.07102870    0.00477495
    0.04724929   -0.00316483   -0.09358351    0.14644507    0.07100999    0.00477732
    0.04723713   -0.00316795   -0.09358351    0.14644507    0.07099172    0.00478203
    0.04722546   -0.00317257   -0.09358351    0.14644507    0.07097418    0.00478901
    0.04721446   -0.00317862   -0.09358351    0.14644507    0.07095765    0.00479814
    0.04720431   -0.00318600   -0.09358351    0.14644507    0.07094239    0.00480927
    0.04719516   -0.00319459   -0.09358351    0.14644507    0.07092864    0.00482224
    0.04718716   -0.00320426   -0.09358351    0.14644507    0.07091661    0.00483684
    0.04718043   -0.00321486   -0.09358351    0.14644507    0.07090651    0.00485284
    0.04717509   -0.00322622   -0.09358351    0.14644507    0.07089847    0.00486998
    0.04717121   -0.00323815   -0.09358351    0.14644507    0.07089264    0.00488800
    0.04716886   -0.00325048   -0.09358351    0.14644507    0.07088911    0.00490661
    0.04716807   -0.00326301   -0.09358351    0.14644507    0.07088793    0.00492552
    0.04716886   -0.00327554   -0.09358351    0.14644507    0.07088911    0.00494443
    0.04717121   -0.00328787   -0.09358351    0.14644507    0.07089264    0.00496304
    0.04717509   -0.00329980   -0.09358351    0.14644507    0.07089847    0.00498106
    0.04718043   -0.00331116   -0.09358351    0.14644507    0.07090651    0.00499821
    0.04718716   -0.00332176   -0.09358351    0.14644507    0.07091661    0.00501420
    0.04719516   -0.00333143   -0.09358351    0.14644507    0.07092864    0.00502880
    0.04720431   -0.00334002   -0.09358351    0.14644507    0.07094239    0.00504177
    0.04721446   -0.00334740   -0.09358351    0.14644507    0.07095765    0.00505291
    0.04722546   -0.00335345   -0.09358351    0.14644507    0.07097418    0.00506204
    0.04723713   -0.00335807   -0.09358351    0.14644507    0.07099172    0.00506901
    0.04724929   -0.00336119   -0.09358351    0.14644507    0.07100999    0.00507372
    0.04726174   -0.00336276   -0.09358351    0.14644507    0.07102870    0.00507610
    0.04727429   -0.00336276   -0.09358351    0.14644507    0.07104757    0.00507610
    0.04728675   -0.00336119   -0.09358351    0.14644507    0.07106628    0.00507372
    0.04729890   -0.00335807   -0.09358351    0.14644507    0.07108455    0.00506901
    0.04731057   -0.00335345   -0.09358351    0.14644507    0.07110209    0.00506204
    0.04732157   -0.00334740   -0.09358351    0.14644507    0.07111862    0.00505291
    0.04733173   -0.00334002   -0.09358351    0.14644507    0.07113388    0.00504177
    0.04734088   -0.00333143   -0.09358351    0.14644507    0.07114763    0.00502880
    0.04734888   -0.00332176   -0.09358351    0.14644507    0.07115966    0.00501420
    0.04735560   -0.00331116   -0.09358351    0.14644507    0.07116977    0.00499821
    0.04736095   -0.00329980   -0.09358351    0.14644507    0.07117780    0.00498106
    0.04736483   -0.00328787   -0.09358351    0.14644507    0.07118363    0.00496304
    0.04736718   -0.00327554   -0.09358351    0.14644507    0.07118716    0.00494443
    0.04736797   -0.00326301   -0.09357710    0.14643503    0.07118835    0.00492552
    0.04736718   -0.00325048   -0.09357710    0.14643503    0.07118716    0.00490661
    0.04736483   -0.00323815   -0.09357710    0.14643503    0.07118363    0.00488800
    0.04736095   -0.00322622   -0.09357710    0.14643503    0.07117780    0.00486998
    0.04735560   -0.00321486   -0.09357710    0.14643503    0.07116977    0.00485284
    0.04734888   -0.00320426   -0.09357710    0.14643503    0.07115966    0.00483684
    0.04734088   -0.00319459   -0.09357710    0.14643503    0.07114763    0.00482224
    0.04733173   -0.00318600   -0.09357710    0.14643503    0.07113388    0.00480927
    0.04732157   -0.00317862   -0.09357710    0.14643503    0.07111862    0.00479814
    0.04731057   -0.00317257   -0.09357710    0.14643503    0.07110209    0.00478901
    0.04729890   -0.00316795   -0.09357710    0.14643503    0.07108455    0.00478203
    0.04728675   -0.00316483   -0.09357710    0.14643503    0.07106628    0.00477732
    0.04727429   -0.00316326   -0.09357710    0.14643503    0.07104757    0.00477495
    0.04726174   -0.00316326   -0.09357710    0.14643503    0.07102870    0.00477495
    0.04724929   -0.00316483   -0.09357710    0.14643503    0.07100999    0.00477732
    0.04723713   -0.00316795   -0.09357710    0.14643503    0.07099172    0.00478203
    0.04722546   -0.00317257   -0.09357710    0.14643503    0.07097418    0.00478901
    0.04721446   -0.00317862   -0.09357710    0.14643503    0.07095765    0.00479814
    0.04720431   -0.00318600   -0.09357710    0.14643503    0.07094239    0.00480927
    0.04719516   -0.00319459   -0.09357710    0.14643503    0.07092864    0.00482224
    0.04718716   -0.00320426   -0.09357710    0.14643503    0.07091661    0.00483684
    0.04718043   -0.00321486   -0.09357710    0.14643503    0.07090651    0.00485284
    0.04717509   -0.00322622   -0.09357710    0.14643503    0.07089847    0.00486998
    0.04717121   -0.00323815   -0.09357710    0.14643503    0.07089264    0.00488800
    0.04716886   -0.00325048   -0.09357710    0.14643503    0.07088911    0.00490661
    0.04716807   -0.00326301   -0.09357710    0.14643503    0.07088793    0.00492552
    0.04716886   -0.00327554   -0.09357710    0.14643503    0.07088911    0.00494443
    0.04717121   -0.00328787   -0.09357710    0.14643503    0.07089264    0.00496304
    0.04717509   -0.00329980   -0.09357710    0.14643503    0.07089847    0.00498106
    0.04718043   -0.00331116   -0.09357710    0.14643503    0.07090651    0.00499821
    0.04718716   -0.00332176   -0.09357710    0.14643503    0.07091661    0.00501420
    0.04719516   -0.00333143   -0.09357710    0.14643503    0.07092864    0.00502880
    0.04720431   -0.00334002   -0.09357710    0.14643503    0.07094239    0.00504177
    0.04721446   -0.00334740   -0.09357710    0.14643503    0.07095765    0.00505291
    0.04722546   -0.00335345   -0.09357710    0.14643503    0.07097418    0.00506204
    0.04723713   -0.00335807   -0.09357710    0.14643503    0.07099172    0.00506901
    0.04724929   -0.00336119   -0.09357710    0.14643503    0.07100999    0.00507372
    0.04726174   -0.00336276   -0.09357710    0.14643503    0.07102870    0.00507610
    0.04727429   -0.00336276   -0.09357710    0.14643503    0.07104757    0.00507610
    0.04728675   -0.00336119   -0.09357710    0.14643503    0.07106628    0.00507372
    0.04729890   -0.00335807   -0.09357710    0.14643503    0.07108455    0.00506901
    0.04731057   -0.00335345   -0.09357710    0.14643503    0.07110209    0.00506204
    0.04732157   -0.00334740   -0.09357710    0.14643503    0.07111862    0.00505291
    0.04733173   -0.00334002   -0.09357710    0.14643503    0.07113388    0.00504177
    0.04734088   -0.00333143   -0.09357710    0.14643503    0.07114763    0.00502880
    0.04734888   -0.00332176   -0.09357710    0.14643503    0.07115966    0.00501420
    0.04735560   -0.00331116   -0.09357710    0.14643503    0.07116977    0.00499821
    0.04736095   -0.00329980   -0.09357710    0.14643503    0.07117780    0.00498106
    0.04736483   -0.00328787   -0.09357710    0.14643503    0.07118363    0.00496304
    0.04736718   -0.00327554   -0.09357710    0.14643503    0.07118716    0.00494443
    0.04736755   -0.00326301   -0.09357070    0.14642502    0.07118773    0.00492552
    0.04736677   -0.00325054   -0.09357070    0.14642502    0.07118655    0.00490669
    0.04736443   -0.00323826   -0.09357070    0.14642502    0.07118303    0.00488816
    0.04736056   -0.00322637   -0.09357070    0.14642502    0.07117722    0.00487021
    0.04735524   -0.00321506   -0.09357070    0.14642502    0.07116923    0.00485314
    0.04734854   -0.00320450   -0.09357070    0.14642502    0.07115916    0.00483721
    0.04734058   -0.00319487   -0.09357070    0.14642502    0.07114718    0.00482267
    0.04733146   -0.00318632   -0.09357070    0.14642502    0.07113349    0.00480975
    0.04732135   -0.00317897   -0.09357070    0.14642502    0.07111829    0.00479866
    0.04731040   -0.00317295   -0.09357070    0.14642502    0.07110183    0.00478957
    0.04729878   -0.00316834   -0.09357070    0.14642502    0.07108436    0.00478262
    0.04728667   -0.00316524   -0.09357070    0.14642502    0.07106617    0.00477793
    0.04727427   -0.00316367   -0.09357070    0.14642502    0.07104753    0.00477557
    0.04726177   -0.00316367   -0.09357070    0.14642502    0.07102874    0.00477557
    0.04724937   -0.00316524   -0.09357070    0.14642502    0.07101010    0.00477793
    0.04723726   -0.00316834   -0.09357070    0.14642502    0.07099191    0.00478262
    0.04722564   -0.00317295   -0.09357070    0.14642502    0.07097444    0.00478957
    0.04721468   -0.00317897   -0.09357070    0.14642502    0.07095798    0.00479866
    0.04720457   -0.00318632   -0.09357070    0.14642502    0.07094278    0.00480975
    0.04719546   -0.00319487   -0.09357070    0.14642502    0.07092909    0.00482267
    0.04718749   -0.00320450   -0.09357070    0.14642502    0.07091711    0.00483721
    0.04718079   -0.00321506   -0.09357070    0.14642502    0.07090705    0.00485314
    0.04717547   -0.00322637   -0.09357070    0.14642502    0.07089905    0.00487021
    0.04717161   -0.00323826   -0.09357070    0.14642502    0.07089324    0.00488816
    0.04716926   -0.00325054   -0.09357070    0.14642502    0.07088972    0.00490669
    0.04716848   -0.00326301   -0.09357070    0.14642502    0.07088854    0.00492552
    0.04716926   -0.00327549   -0.09357070    0.14642502    0.07088972    0.00494435
    0.04717161   -0.00328776   -0.09357070    0.14642502    0.07089324    0.00496289
    0.04717547   -0.00329965   -0.09357070    0.14642502    0.07089905    0.00498083
    0.04718079   -0.00331096   -0.09357070    0.14642502    0.07090705    0.00499791
    0.04718749   -0.00332152   -0.09357070    0.14642502    0.07091711    0.00501384
    0.04719546   -0.00333115   -0.09357070    0.14642502    0.07092909    0.00502838
    0.04720457   -0.00333971   -0.09357070    0.14642502    0.07094278    0.00504129
    0.04721468   -0.00334705   -0.09357070    0.14642502    0.07095798    0.00505238
    0.04722564   -0.00335308   -0.09357070    0.14642502    0.07097444    0.00506147
    0.04723726   -0.00335768   -0.09357070    0.14642502    0.07099191    0.00506842
    0.04724937   -0.00336079   -0.09357070    0.14642502    0.07101010    0.00507311
    0.04726177   -0.00336235   -0.09357070    0.14642502    0.07102874    0.00507548
    0.04727427   -0.00336235   -0.09357070    0.14642502    0.07104753    0.00507548
    0.04728667   -0.00336079   -0.09357070    0.14642502    0.07106617    0.00507311
    0.04729878   -0.00335768   -0.09357070    0.14642502    0.07108436    0.00506842
    0.04731040   -0.00335308   -0.09357070    0.14642502    0.07110183    0.00506147
    0.04732135   -0.00334705   -0.09357070    0.14642502    0.07111829    0.00505238
    0.04733146   -0.00333971   -0.09357070    0.14642502    0.07113349    0.00504129
    0.04734058   -0.00333115   -0.09357070    0.14642502    0.07114718    0.00502838
    0.04734854   -0.00332152   -0.09357070    0.14642502    0.07115916    0.00501384
    0.04735524   -0.00331096   -0.09357070    0.14642502    0.07116923    0.00499791
    0.04736056   -0.00329965   -0.09357070    0.14642502    0.07117722    0.00498083
    0.04736443   -0.00328776   -0.09357070    0.14642502    0.07118303    0.00496289
    0.04736677   -0.00327549   -0.09357070    0.14642502    0.07118655    0.00494435
    0.04736674   -0.00326301   -0.09356434    0.14641507    0.07118650    0.00492552
    0.04736596   -0.00325064   -0.09356434    0.14641507    0.07118533    0.00490685
    0.04736363   -0.00323846   -0.09356434    0.14641507    0.07118184    0.00488846
    0.04735980   -0.00322667   -0.09356434    0.14641507    0.07117608    0.00487067
    0.04735452   -0.00321545   -0.09356434    0.14641507    0.07116815    0.00485373
    0.04734788   -0.00320499   -0.09356434    0.14641507    0.07115816    0.00483793
    0.04733998   -0.00319543   -0.09356434    0.14641507    0.07114629    0.00482351
    0.04733094   -0.00318695   -0.09356434    0.14641507    0.07113270    0.00481070
    0.04732091   -0.00317966   -0.09356434    0.14641507    0.07111763    0.00479970
    0.04731005   -0.00317369   -0.09356434    0.14641507    0.07110131    0.00479069
    0.04729852   -0.00316912   -0.09356434    0.14641507    0.07108398    0.00478380
    0.04728651   -0.00316604   -0.09356434    0.14641507    0.07106594    0.00477915
    0.04727422   -0.00316449   -0.09356434    0.14641507    0.07104745    0.00477680
    0.04726182   -0.00316449   -0.09356434    0.14641507    0.07102882    0.00477680
    0.04724952   -0.00316604   -0.09356434    0.14641507    0.07101034    0.00477915
    0.04723751   -0.00316912   -0.09356434    0.14641507    0.07099229    0.00478380
    0.04722598   -0.00317369   -0.09356434    0.14641507    0.07097497    0.00479069
    0.04721512   -0.00317966   -0.09356434    0.14641507    0.07095864    0.00479970
    0.04720509   -0.00318695   -0.09356434    0.14641507    0.07094357    0.00481070
    0.04719605   -0.00319543   -0.09356434    0.14641507    0.07092998    0.00482351
    0.04718815   -0.00320499   -0.09356434    0.14641507    0.07091811    0.00483793
    0.04718151   -0.00321545   -0.09356434    0.14641507    0.07090813    0.00485373
    0.04717623   -0.00322667   -0.09356434    0.14641507    0.07090019    0.00487067
    0.04717240   -0.00323846   -0.09356434    0.14641507    0.07089444    0.00488846
    0.04717008   -0.00325064   -0.09356434    0.14641507    0.07089094    0.00490685
    0.04716930   -0.00326301   -0.09356434    0.14641507    0.07088977    0.00492552
    0.04717008   -0.00327538   -0.09356434    0.14641507    0.07089094    0.00494420
    0.04717240   -0.00328756   -0.09356434    0.14641507    0.07089444    0.00496258
    0.04717623   -0.00329935   -0.09356434    0.14641507    0.07090019    0.00498038
    0.04718151   -0.00331057   -0.09356434    0.14641507    0.07090813    0.00499731
    0.04718815   -0.00332104   -0.09356434    0.14641507    0.07091811    0.00501311
    0.04719605   -0.00333059   -0.09356434    0.14641507    0.07092998    0.00502753
    0.04720509   -0.00333907   -0.09356434    0.14641507    0.07094357    0.00504034
    0.04721512   -0.00334636   -0.09356434    0.14641507    0.07095864    0.00505134
    0.04722598   -0.00335233   -0.09356434    0.14641507    0.07097497    0.00506035
    0.04723751   -0.00335690   -0.09356434    0.14641507    0.07099229    0.00506724
    0.04724952   -0.00335998   -0.09356434    0.14641507    0.07101034    0.00507190
    0.04726182   -0.00336153   -0.09356434    0.14641507    0.07102882    0.00507424
    0.04727422   -0.00336153   -0.09356434    0.14641507    0.07104745    0.00507424
    0.04728651   -0.00335998   -0.09356434    0.14641507    0.07106594    0.00507190
    0.04729852   -0.00335690   -0.09356434    0.14641507    0.07108398    0.00506724
    0.04731005   -0.00335233   -0.09356434    0.14641507    0.07110131    0.00506035
    0.04732091   -0.00334636   -0.09356434    0.14641507    0.07111763    0.00505134
    0.04733094   -0.00333907   -0.09356434    0.14641507    0.07113270    0.00504034
    0.04733998   -0.00333059   -0.09356434    0.14641507    0.07114629    0.00502753
    0.04734788   -0.00332104   -0.09356434    0.14641507    0.07115816    0.00501311
    0.04735452   -0.00331057   -0.09356434    0.14641507    0.07116815    0.00499731
    0.04735980   -0.00329935   -0.09356434    0.14641507    0.07117608    0.00498038
    0.04736363   -0.00328756   -0.09356434    0.14641507    0.07118184    0.00496258
    0.04736596   -0.00327538   -0.09356434    0.14641507    0.07118533    0.00494420
    0.04736551   -0.00326301   -0.09355805    0.14640523    0.07118466    0.00492552
    0.04736474   -0.00325079   -0.09355805    0.14640523    0.07118350    0.00490708
    0.04736245   -0.00323876   -0.09355805    0.14640523    0.07118005    0.00488892
    0.04735866   -0.00322712   -0.09355805    0.14640523    0.07117437    0.00487135
    0.04735345   -0.00321604   -0.09355805    0.14640523    0.07116653    0.00485462
    0.04734689   -0.00320571   -0.09355805    0.14640523    0.07115667    0.00483902
    0.04733909   -0.00319627   -0.09355805    0.14640523    0.07114494    0.00482478
    0.04733016   -0.00318789   -0.09355805    0.14640523    0.07113153    0.00481213
    0.04732026   -0.00318069   -0.09355805    0.14640523    0.07111665    0.00480127
    0.04730953   -0.00317480   -0.09355805    0.14640523    0.07110052    0.00479236
    0.04729814   -0.00317029   -0.09355805    0.14640523    0.07108341    0.00478556
    0.04728629   -0.00316724   -0.09355805    0.14640523    0.07106559    0.00478096
    0.04727414   -0.00316571   -0.09355805    0.14640523    0.07104734    0.00477865
    0.04726190   -0.00316571   -0.09355805    0.14640523    0.07102894    0.00477865
    0.04724975   -0.00316724   -0.09355805    0.14640523    0.07101068    0.00478096
    0.04723789   -0.00317029   -0.09355805    0.14640523    0.07099286    0.00478556
    0.04722651   -0.00317480   -0.09355805    0.14640523    0.07097575    0.00479236
    0.04721578   -0.00318069   -0.09355805    0.14640523    0.07095963    0.00480127
    0.04720587   -0.00318789   -0.09355805    0.14640523    0.07094474    0.00481213
    0.04719695   -0.00319627   -0.09355805    0.14640523    0.07093133    0.00482478
    0.04718914   -0.00320571   -0.09355805    0.14640523    0.07091960    0.00483902
    0.04718258   -0.00321604   -0.09355805    0.14640523    0.07090974    0.00485462
    0.04717737   -0.00322712   -0.09355805    0.14640523    0.07090191    0.00487135
    0.04717359   -0.00323876   -0.09355805    0.14640523    0.07089622    0.00488892
    0.04717129   -0.00325079   -0.09355805    0.14640523    0.07089277    0.00490708
    0.04717052   -0.00326301   -0.09355805    0.14640523    0.07089162    0.00492552
    0.04717129   -0.00327523   -0.09355805    0.14640523    0.07089277    0.00494397
    0.04717359   -0.00328726   -0.09355805    0.14640523    0.07089622    0.00496212
    0.04717737   -0.00329890   -0.09355805    0.14640523    0.07090191    0.00497970
    0.04718258   -0.00330998   -0.09355805    0.14640523    0.07090974    0.00499642
    0.04718914   -0.00332032   -0.09355805    0.14640523    0.07091960    0.00501202
    0.04719695   -0.00332975   -0.09355805    0.14640523    0.07093133    0.00502626
    0.04720587   -0.00333813   -0.09355805    0.14640523    0.07094474    0.00503891
    0.04721578   -0.00334533   -0.09355805    0.14640523    0.07095963    0.00504978
    0.04722651   -0.00335122   -0.09355805    0.14640523    0.07097575    0.00505868
    0.04723789   -0.00335573   -0.09355805    0.14640523    0.07099286    0.00506548
    0.04724975   -0.00335878   -0.09355805    0.14640523    0.07101068    0.00507008
    0.04726190   -0.00336031   -0.09355805    0.14640523    0.07102894    0.00507240
    0.04727414   -0.00336031   -0.09355805    0.14640523    0.07104734    0.00507240
    0.04728629   -0.00335878   -0.09355805    0.14640523    0.07106559    0.00507008
    0.04729814   -0.00335573   -0.09355805    0.14640523    0.07108341    0.00506548
    0.04730953   -0.00335122   -0.09355805    0.14640523    0.07110052    0.00505868
    0.04732026   -0.00334533   -0.09355805    0.14640523    0.07111665    0.00504978
    0.04733016   -0.00333813   -0.09355805    0.14640523    0.07113153    0.00503891
    0.04733909   -0.00332975   -0.09355805    0.14640523    0.07114494    0.00502626
    0.04734689   -0.00332032   -0.09355805    0.14640523    0.07115667    0.00501202
    0.04735345   -0.00330998   -0.09355805    0.14640523    0.07116653    0.00499642
    0.04735866   -0.00329890   -0.09355805    0.14640523    0.07117437    0.00497970
    0.04736245   -0.00328726   -0.09355805    0.14640523    0.07118005    0.00496212
    0.04736474   -0.00327523   -0.09355805    0.14640523    0.07118350    0.00494397
    0.04736388   -0.00326301   -0.09355185    0.14639553    0.07118221    0.00492552
    0.04736313   -0.00325100   -0.09355185    0.14639553    0.07118108    0.00490738
    0.04736087   -0.00323917   -0.09355185    0.14639553    0.07117769    0.00488953
    0.04735715   -0.00322772   -0.09355185    0.14639553    0.07117209    0.00487225
    0.04735203   -0.00321683   -0.09355185    0.14639553    0.07116439    0.00485581
    0.04734557   -0.00320666   -0.09355185    0.14639553    0.07115470    0.00484046
    0.04733790   -0.00319739   -0.09355185    0.14639553    0.07114316    0.00482646
    0.04732912   -0.00318914   -0.09355185    0.14639553    0.07112997    0.00481402
    0.04731938   -0.00318207   -0.09355185    0.14639553    0.07111534    0.00480334
    0.04730884   -0.00317627   -0.09355185    0.14639553    0.07109948    0.00479458
    0.04729764   -0.00317184   -0.09355185    0.14639553    0.07108266    0.00478789
    0.04728598   -0.00316884   -0.09355185    0.14639553    0.07106513    0.00478337
    0.04727404   -0.00316733   -0.09355185    0.14639553    0.07104718    0.00478110
    0.04726200   -0.00316733   -0.09355185    0.14639553    0.07102909    0.00478110
    0.04725005   -0.00316884   -0.09355185    0.14639553    0.07101114    0.00478337
    0.04723839   -0.00317184   -0.09355185    0.14639553    0.07099361    0.00478789
    0.04722720   -0.00317627   -0.09355185    0.14639553    0.07097679    0.00479458
    0.04721665   -0.00318207   -0.09355185    0.14639553    0.07096094    0.00480334
    0.04720691   -0.00318914   -0.09355185    0.14639553    0.07094630    0.00481402
    0.04719813   -0.00319739   -0.09355185    0.14639553    0.07093311    0.00482646
    0.04719046   -0.00320666   -0.09355185    0.14639553    0.07092158    0.00484046
    0.04718401   -0.00321683   -0.09355185    0.14639553    0.07091188    0.00485581
    0.04717888   -0.00322772   -0.09355185    0.14639553    0.07090418    0.00487225
    0.04717516   -0.00323917   -0.09355185    0.14639553    0.07089859    0.00488953
    0.04717291   -0.00325100   -0.09355185    0.14639553    0.07089520    0.00490738
    0.04717215   -0.00326301   -0.09355185    0.14639553    0.07089406    0.00492552
    0.04717291   -0.00327503   -0.09355185    0.14639553    0.07089520    0.00494366
    0.04717516   -0.00328685   -0.09355185    0.14639553    0.07089859    0.00496151
    0.04717888   -0.00329830   -0.09355185    0.14639553    0.07090418    0.00497879
    0.04718401   -0.00330919   -0.09355185    0.14639553    0.07091188    0.00499524
    0.04719046   -0.00331936   -0.09355185    0.14639553    0.07092158    0.00501058
    0.04719813   -0.00332864   -0.09355185    0.14639553    0.07093311    0.00502458
    0.04720691   -0.00333688   -0.09355185    0.14639553    0.07094630    0.00503702
    0.04721665   -0.00334395   -0.09355185    0.14639553    0.07096094    0.00504771
    0.04722720   -0.00334975   -0.09355185    0.14639553    0.07097679    0.00505646
    0.04723839   -0.00335419   -0.09355185    0.14639553    0.07099361    0.00506315
    0.04725005   -0.00335718   -0.09355185    0.14639553    0.07101114    0.00506767
    0.04726200   -0.00335869   -0.09355185    0.14639553    0.07102909    0.00506995
    0.04727404   -0.00335869   -0.09355185    0.14639553    0.07104718    0.00506995
    0.04728598   -0.00335718   -0.09355185    0.14639553    0.07106513    0.00506767
    0.04729764   -0.00335419   -0.09355185    0.14639553    0.07108266    0.00506315
    0.04730884   -0.00334975   -0.09355185    0.14639553    0.07109948    0.00505646
    0.04731938   -0.00334395   -0.09355185    0.14639553    0.07111534    0.00504771
    0.04732912   -0.00333688   -0.09355185    0.14639553    0.07112997    0.00503702
    0.04733790   -0.00332864   -0.09355185    0.14639553    0.07114316    0.00502458
    0.04734557   -0.00331936   -0.09355185    0.14639553    0.07115470    0.00501058
    0.04735203   -0.00330919   -0.09355185    0.14639553    0.07116439    0.00499524
    0.04735715   -0.00329830   -0.09355185    0.14639553    0.07117209    0.00497879
    0.04736087   -0.00328685   -0.09355185    0.14639553    0.07117769    0.00496151
    0.04736313   -0.00327503   -0.09355185    0.14639553    0.07118108    0.00494366
    0.04736186   -0.00326301   -0.09354577    0.14638600    0.07117918    0.00492552
    0.04736112   -0.00325125   -0.09354577    0.14638600    0.07117806    0.00490777
    0.04735892   -0.00323967   -0.09354577    0.14638600    0.07117475    0.00489029
    0.04735527   -0.00322846   -0.09354577    0.14638600    0.07116927    0.00487337
    0.04735026   -0.00321780   -0.09354577    0.14638600    0.07116173    0.00485728
    0.04734394   -0.00320785   -0.09354577    0.14638600    0.07115224    0.00484225
    0.04733643   -0.00319877   -0.09354577    0.14638600    0.07114095    0.00482855
    0.04732784   -0.00319070   -0.09354577    0.14638600    0.07112804    0.00481637
    0.04731830   -0.00318377   -0.09354577    0.14638600    0.07111371    0.00480591
    0.04730798   -0.00317810   -0.09354577    0.14638600    0.07109819    0.00479734
    0.04729702   -0.00317376   -0.09354577    0.14638600    0.07108172    0.00479079
    0.04728560   -0.00317083   -0.09354577    0.14638600    0.07106456    0.00478637
    0.04727391   -0.00316935   -0.09354577    0.14638600    0.07104699    0.00478414
    0.04726212   -0.00316935   -0.09354577    0.14638600    0.07102928    0.00478414
    0.04725043   -0.00317083   -0.09354577    0.14638600    0.07101171    0.00478637
    0.04723902   -0.00317376   -0.09354577    0.14638600    0.07099455    0.00479079
    0.04722806   -0.00317810   -0.09354577    0.14638600    0.07097808    0.00479734
    0.04721773   -0.00318377   -0.09354577    0.14638600    0.07096256    0.00480591
    0.04720820   -0.00319070   -0.09354577    0.14638600    0.07094823    0.00481637
    0.04719961   -0.00319877   -0.09354577    0.14638600    0.07093532    0.00482855
    0.04719209   -0.00320785   -0.09354577    0.14638600    0.07092403    0.00484225
    0.04718578   -0.00321780   -0.09354577    0.14638600    0.07091454    0.00485728
    0.04718076   -0.00322846   -0.09354577    0.14638600    0.07090700    0.00487337
    0.04717712   -0.00323967   -0.09354577    0.14638600    0.07090153    0.00489029
    0.04717491   -0.00325125   -0.09354577    0.14638600    0.07089821    0.00490777
    0.04717417   -0.00326301   -0.09354577    0.14638600    0.07089710    0.00492552
    0.04717491   -0.00327477   -0.09354577    0.14638600    0.07089821    0.00494328
    0.04717712   -0.00328635   -0.09354577    0.14638600    0.07090153    0.00496075
    0.04718076   -0.00329756   -0.09354577    0.14638600    0.07090700    0.00497767
    0.04718578   -0.00330822   -0.09354577    0.14638600    0.07091454    0.00499377
    0.04719209   -0.00331817   -0.09354577    0.14638600    0.07092403    0.00500879
    0.04719961   -0.00332725   -0.09354577    0.14638600    0.07093532    0.00502250
    0.04720820   -0.00333532   -0.09354577    0.14638600    0.07094823    0.00503467
    0.04721773   -0.00334225   -0.09354577    0.14638600    0.07096256    0.00504513
    0.04722806   -0.00334793   -0.09354577    0.14638600    0.07097808    0.00505370
    0.04723902   -0.00335226   -0.09354577    0.14638600    0.07099455    0.00506025
    0.04725043   -0.00335519   -0.09354577    0.14638600    0.07101171    0.00506467
    0.04726212   -0.00335667   -0.09354577    0.14638600    0.07102928    0.00506690
    0.04727391   -0.00335667   -0.09354577    0.14638600    0.07104699    0.00506690
    0.04728560   -0.00335519   -0.09354577    0.14638600    0.07106456    0.00506467
    0.04729702   -0.00335226   -0.09354577    0.14638600    0.07108172    0.00506025
    0.04730798   -0.00334793   -0.09354577    0.14638600    0.07109819    0.00505370
    0.04731830   -0.00334225   -0.09354577    0.14638600    0.07111371    0.00504513
    0.04732784   -0.00333532   -0.09354577    0.14638600    0.07112804    0.00503467
    0.04733643   -0.00332725   -0.09354577    0.14638600    0.07114095    0.00502250
    0.04734394   -0.00331817   -0.09354577    0.14638600    0.07115224    0.00500879
    0.04735026   -0.00330822   -0.09354577    0.14638600    0.07116173    0.00499377
    0.04735527   -0.00329756   -0.09354577    0.14638600    0.07116927    0.00497767
    0.04735892   -0.00328635   -0.09354577    0.14638600    0.07117475    0.00496075
    0.04736112   -0.00327477   -0.09354577    0.14638600    0.07117806    0.00494328
    0.04735946   -0.00326301   -0.09353983    0.14637671    0.07117556    0.00492552
    0.04735874   -0.00325155   -0.09353983    0.14637671    0.07117448    0.00490822
    0.04735659   -0.00324027   -0.09353983    0.14637671    0.07117124    0.00489119
    0.04735304   -0.00322935   -0.09353983    0.14637671    0.07116591    0.00487471
    0.04734815   -0.00321896   -0.09353983    0.14637671    0.07115856    0.00485902
    0.04734199   -0.00320926   -0.09353983    0.14637671    0.07114932    0.00484439
    0.04733467   -0.00320041   -0.09353983    0.14637671    0.07113831    0.00483103
    0.04732630   -0.00319255   -0.09353983    0.14637671    0.07112573    0.00481917
    0.04731701   -0.00318580   -0.09353983    0.14637671    0.07111177    0.00480898
    0.04730695   -0.00318027   -0.09353983    0.14637671    0.07109665    0.00480063
    0.04729627   -0.00317604   -0.09353983    0.14637671    0.07108060    0.00479425
    0.04728515   -0.00317319   -0.09353983    0.14637671    0.07106389    0.00478994
    0.04727376   -0.00317175   -0.09353983    0.14637671    0.07104676    0.00478776
    0.04726228   -0.00317175   -0.09353983    0.14637671    0.07102951    0.00478776
    0.04725088   -0.00317319   -0.09353983    0.14637671    0.07101238    0.00478994
    0.04723976   -0.00317604   -0.09353983    0.14637671    0.07099567    0.00479425
    0.04722908   -0.00318027   -0.09353983    0.14637671    0.07097962    0.00480063
    0.04721902   -0.00318580   -0.09353983    0.14637671    0.07096450    0.00480898
    0.04720973   -0.00319255   -0.09353983    0.14637671    0.07095054    0.00481917
    0.04720136   -0.00320041   -0.09353983    0.14637671    0.07093796    0.00483103
    0.04719404   -0.00320926   -0.09353983    0.14637671    0.07092696    0.00484439
    0.04718789   -0.00321896   -0.09353983    0.14637671    0.07091771    0.00485902
    0.04718300   -0.00322935   -0.09353983    0.14637671    0.07091036    0.00487471
    0.04717945   -0.00324027   -0.09353983    0.14637671    0.07090503    0.00489119
    0.04717730   -0.00325155   -0.09353983    0.14637671    0.07090179    0.00490822
    0.04717658   -0.00326301   -0.09353983    0.14637671    0.07090071    0.00492552
    0.04717730   -0.00327447   -0.09353983    0.14637671    0.07090179    0.00494282
    0.04717945   -0.00328575   -0.09353983    0.14637671    0.07090503    0.00495985
    0.04718300   -0.00329667   -0.09353983    0.14637671    0.07091036    0.00497633
    0.04718789   -0.00330706   -0.09353983    0.14637671    0.07091771    0.00499202
    0.04719404   -0.00331676   -0.09353983    0.14637671    0.07092696    0.00500665
    0.04720136   -0.00332561   -0.09353983    0.14637671    0.07093796    0.00502001
    0.04720973   -0.00333347   -0.09353983    0.14637671    0.07095054    0.00503188
    0.04721902   -0.00334022   -0.09353983    0.14637671    0.07096450    0.00504206
    0.04722908   -0.00334575   -0.09353983    0.14637671    0.07097962    0.00505042
    0.04723976   -0.00334998   -0.09353983    0.14637671    0.07099567    0.00505680
    0.04725088   -0.00335283   -0.09353983    0.14637671    0.07101238    0.00506111
    0.04726228   -0.00335427   -0.09353983    0.14637671    0.07102951    0.00506328
    0.04727376   -0.00335427   -0.09353983    0.14637671    0.07104676    0.00506328
    0.04728515   -0.00335283   -0.09353983    0.14637671    0.07106389    0.00506111
    0.04729627   -0.00334998   -0.09353983    0.14637671    0.07108060    0.00505680
    0.04730695   -0.00334575   -0.09353983    0.14637671    0.07109665    0.00505042
    0.04731701   -0.00334022   -0.09353983    0.14637671    0.07111177    0.00504206
    0.04732630   -0.00333347   -0.09353983    0.14637671    0.07112573    0.00503188
    0.04733467   -0.00332561   -0.09353983    0.14637671    0.07113831    0.00502001
    0.04734199   -0.00331676   -0.09353983    0.14637671    0.07114932    0.00500665
    0.04734815   -0.00330706   -0.09353983    0.14637671    0.07115856    0.00499202
    0.04735304   -0.00329667   -0.09353983    0.14637671    0.07116591    0.00497633
    0.04735659   -0.00328575   -0.09353983    0.14637671    0.07117124    0.00495985
    0.04735874   -0.00327447   -0.09353983    0.14637671    0.07117448    0.00494282
    0.04735668   -0.00326301   -0.09353405    0.14636767    0.07117138    0.00492552
    0.04735598   -0.00325190   -0.09353405    0.14636767    0.07117033    0.00490875
    0.04735389   -0.00324096   -0.09353405    0.14636767    0.07116719    0.00489224
    0.04735045   -0.00323037   -0.09353405    0.14636767    0.07116202    0.00487625
    0.04734571   -0.00322030   -0.09353405    0.14636767    0.07115490    0.00486105
    0.04733974   -0.00321090   -0.09353405    0.14636767    0.07114593    0.00484686
    0.04733265   -0.00320232   -0.09353405    0.14636767    0.07113527    0.00483391
    0.04732453   -0.00319470   -0.09353405    0.14636767    0.07112307    0.00482240
    0.04731552   -0.00318815   -0.09353405    0.14636767    0.07110953    0.00481252
    0.04730577   -0.00318279   -0.09353405    0.14636767    0.07109487    0.00480443
    0.04729541   -0.00317869   -0.09353405    0.14636767    0.07107931    0.00479824
    0.04728463   -0.00317592   -0.09353405    0.14636767    0.07106310    0.00479406
    0.04727358   -0.00317453   -0.09353405    0.14636767    0.07104650    0.00479195
    0.04726245   -0.00317453   -0.09353405    0.14636767    0.07102977    0.00479195
    0.04725140   -0.00317592   -0.09353405    0.14636767    0.07101317    0.00479406
    0.04724062   -0.00317869   -0.09353405    0.14636767    0.07099696    0.00479824
    0.04723027   -0.00318279   -0.09353405    0.14636767    0.07098140    0.00480443
    0.04722051   -0.00318815   -0.09353405    0.14636767    0.07096674    0.00481252
    0.04721150   -0.00319470   -0.09353405    0.14636767    0.07095320    0.00482240
    0.04720339   -0.00320232   -0.09353405    0.14636767    0.07094100    0.00483391
    0.04719629   -0.00321090   -0.09353405    0.14636767    0.07093034    0.00484686
    0.04719032   -0.00322030   -0.09353405    0.14636767    0.07092137    0.00486105
    0.04718558   -0.00323037   -0.09353405    0.14636767    0.07091425    0.00487625
    0.04718214   -0.00324096   -0.09353405    0.14636767    0.07090908    0.00489224
    0.04718006   -0.00325190   -0.09353405    0.14636767    0.07090594    0.00490875
    0.04717936   -0.00326301   -0.09353405    0.14636767    0.07090489    0.00492552
    0.04718006   -0.00327412   -0.09353405    0.14636767    0.07090594    0.00494230
    0.04718214   -0.00328506   -0.09353405    0.14636767    0.07090908    0.00495880
    0.04718558   -0.00329565   -0.09353405    0.14636767    0.07091425    0.00497479
    0.04719032   -0.00330572   -0.09353405    0.14636767    0.07092137    0.00499000
    0.04719629   -0.00331512   -0.09353405    0.14636767    0.07093034    0.00500419
    0.04720339   -0.00332370   -0.09353405    0.14636767    0.07094100    0.00501714
    0.04721150   -0.00333132   -0.09353405    0.14636767    0.07095320    0.00502864
    0.04722051   -0.00333787   -0.09353405    0.14636767    0.07096674    0.00503852
    0.04723027   -0.00334323   -0.09353405    0.14636767    0.07098140    0.00504662
    0.04724062   -0.00334733   -0.09353405    0.14636767    0.07099696    0.00505280
    0.04725140   -0.00335010   -0.09353405    0.14636767    0.07101317    0.00505698
    0.04726245   -0.00335150   -0.09353405    0.14636767    0.07102977    0.00505909
    0.04727358   -0.00335150   -0.09353405    0.14636767    0.07104650    0.00505909
    0.04728463   -0.00335010   -0.09353405    0.14636767    0.07106310    0.00505698
    0.04729541   -0.00334733   -0.09353405    0.14636767    0.07107931    0.00505280
    0.04730577   -0.00334323   -0.09353405    0.14636767    0.07109487    0.00504662
    0.04731552   -0.00333787   -0.09353405    0.14636767    0.07110953    0.00503852
    0.04732453   -0.00333132   -0.09353405    0.14636767    0.07112307    0.00502864
    0.04733265   -0.00332370   -0.09353405    0.14636767    0.07113527    0.00501714
    0.04733974   -0.00331512   -0.09353405    0.14636767    0.07114593    0.00500419
    0.04734571   -0.00330572   -0.09353405    0.14636767    0.07115490    0.00499000
    0.04735045   -0.00329565   -0.09353405    0.14636767    0.07116202    0.00497479
    0.04735389   -0.00328506   -0.09353405    0.14636767    0.07116719    0.00495880
    0.04735598   -0.00327412   -0.09353405    0.14636767    0.07117033    0.00494230
    0.04735353   -0.00326301   -0.09352847    0.14635893    0.07116665    0.00492552
    0.04735286   -0.00325229   -0.09352847    0.14635893    0.07116564    0.00490934
    0.04735084   -0.00324174   -0.09352847    0.14635893    0.07116262    0.00489342
    0.04734753   -0.00323153   -0.09352847    0.14635893    0.07115763    0.00487800
    0.04734295   -0.00322181   -0.09352847    0.14635893    0.07115076    0.00486333
    0.04733720   -0.00321275   -0.09352847    0.14635893    0.07114211    0.00484965
    0.04733035   -0.00320447   -0.09352847    0.14635893    0.07113182    0.00483716
    0.04732253   -0.00319712   -0.09352847    0.14635893    0.07112006    0.00482606
    0.04731384   -0.00319081   -0.09352847    0.14635893    0.07110700    0.00481653
    0.04730443   -0.00318563   -0.09352847    0.14635893    0.07109286    0.00480872
    0.04729444   -0.00318168   -0.09352847    0.14635893    0.07107785    0.00480276
    0.04728404   -0.00317901   -0.09352847    0.14635893    0.07106222    0.00479872
    0.04727339   -0.00317766   -0.09352847    0.14635893    0.07104621    0.00479669
    0.04726265   -0.00317766   -0.09352847    0.14635893    0.07103007    0.00479669
    0.04725199   -0.00317901   -0.09352847    0.14635893    0.07101405    0.00479872
    0.04724159   -0.00318168   -0.09352847    0.14635893    0.07099842    0.00480276
    0.04723161   -0.00318563   -0.09352847    0.14635893    0.07098342    0.00480872
    0.04722220   -0.00319081   -0.09352847    0.14635893    0.07096927    0.00481653
    0.04721351   -0.00319712   -0.09352847    0.14635893    0.07095622    0.00482606
    0.04720568   -0.00320447   -0.09352847    0.14635893    0.07094445    0.00483716
    0.04719883   -0.00321275   -0.09352847    0.14635893    0.07093416    0.00484965
    0.04719308   -0.00322181   -0.09352847    0.14635893    0.07092551    0.00486333
    0.04718851   -0.00323153   -0.09352847    0.14635893    0.07091864    0.00487800
    0.04718519   -0.00324174   -0.09352847    0.14635893    0.07091366    0.00489342
    0.04718318   -0.00325229   -0.09352847    0.14635893    0.07091063    0.00490934
    0.04718250   -0.00326301   -0.09352847    0.14635893    0.07090962    0.00492552
    0.04718318   -0.00327373   -0.09352847    0.14635893    0.07091063    0.00494170
    0.04718519   -0.00328428   -0.09352847    0.14635893    0.07091366    0.00495762
    0.04718851   -0.00329449   -0.09352847    0.14635893    0.07091864    0.00497304
    0.04719308   -0.00330421   -0.09352847    0.14635893    0.07092551    0.00498771
    0.04719883   -0.00331327   -0.09352847    0.14635893    0.07093416    0.00500140
    0.04720568   -0.00332155   -0.09352847    0.14635893    0.07094445    0.00501389
    0.04721351   -0.00332890   -0.09352847    0.14635893    0.07095622    0.00502498
    0.04722220   -0.00333521   -0.09352847    0.14635893    0.07096927    0.00503451
    0.04723161   -0.00334039   -0.09352847    0.14635893    0.07098342    0.00504232
    0.04724159   -0.00334434   -0.09352847    0.14635893    0.07099842    0.00504829
    0.04725199   -0.00334701   -0.09352847    0.14635893    0.07101405    0.00505232
    0.04726265   -0.00334836   -0.09352847    0.14635893    0.07103007    0.00505435
    0.04727339   -0.00334836   -0.09352847    0.14635893    0.07104621    0.00505435
    0.04728404   -0.00334701   -0.09352847    0.14635893    0.07106222    0.00505232
    0.04729444   -0.00334434   -0.09352847    0.14635893    0.07107785    0.00504829
    0.04730443   -0.00334039   -0.09352847    0.14635893    0.07109286    0.00504232
    0.04731384   -0.00333521   -0.09352847    0.14635893    0.07110700    0.00503451
    0.04732253   -0.00332890   -0.09352847    0.14635893    0.07112006    0.00502498
    0.04733035   -0.00332155   -0.09352847    0.14635893    0.07113182    0.00501389
    0.04733720   -0.00331327   -0.09352847    0.14635893    0.07114211    0.00500140
    0.04734295   -0.00330421   -0.09352847    0.14635893    0.07115076    0.00498771
    0.04734753   -0.00329449   -0.09352847    0.14635893    0.07115763    0.00497304
    0.04735084   -0.00328428   -0.09352847    0.14635893    0.07116262    0.00495762
    0.04735286   -0.00327373   -0.09352847    0.14635893    0.07116564    0.00494170
    0.04735003   -0.00326301   -0.09352309    0.14635052    0.07116140    0.00492552
    0.04734939   -0.00325273   -0.09352309    0.14635052    0.07116043    0.00491000
    0.04734746   -0.00324261   -0.09352309    0.14635052    0.07115753    0.00489473
    0.04734427   -0.00323282   -0.09352309    0.14635052    0.07115274    0.00487995
    0.04733989   -0.00322350   -0.09352309    0.14635052    0.07114615    0.00486588
    0.04733437   -0.00321480   -0.09352309    0.14635052    0.07113786    0.00485275
    0.04732780   -0.00320687   -0.09352309    0.14635052    0.07112799    0.00484077
    0.04732030   -0.00319982   -0.09352309    0.14635052    0.07111671    0.00483013
    0.04731196   -0.00319376   -0.09352309    0.14635052    0.07110418    0.00482099
    0.04730294   -0.00318880   -0.09352309    0.14635052    0.07109062    0.00481350
    0.04729336   -0.00318501   -0.09352309    0.14635052    0.07107623    0.00480778
    0.04728339   -0.00318245   -0.09352309    0.14635052    0.07106123    0.00480391
    0.04727317   -0.00318116   -0.09352309    0.14635052    0.07104588    0.00480196
    0.04726287   -0.00318116   -0.09352309    0.14635052    0.07103040    0.00480196
    0.04725265   -0.00318245   -0.09352309    0.14635052    0.07101504    0.00480391
    0.04724267   -0.00318501   -0.09352309    0.14635052    0.07100005    0.00480778
    0.04723310   -0.00318880   -0.09352309    0.14635052    0.07098565    0.00481350
    0.04722407   -0.00319376   -0.09352309    0.14635052    0.07097209    0.00482099
    0.04721574   -0.00319982   -0.09352309    0.14635052    0.07095957    0.00483013
    0.04720823   -0.00320687   -0.09352309    0.14635052    0.07094828    0.00484077
    0.04720166   -0.00321480   -0.09352309    0.14635052    0.07093841    0.00485275
    0.04719614   -0.00322350   -0.09352309    0.14635052    0.07093012    0.00486588
    0.04719176   -0.00323282   -0.09352309    0.14635052    0.07092353    0.00487995
    0.04718858   -0.00324261   -0.09352309    0.14635052    0.07091875    0.00489473
    0.04718665   -0.00325273   -0.09352309    0.14635052    0.07091585    0.00491000
    0.04718600   -0.00326301   -0.09352309    0.14635052    0.07091487    0.00492552
    0.04718665   -0.00327329   -0.09352309    0.14635052    0.07091585    0.00494104
    0.04718858   -0.00328341   -0.09352309    0.14635052    0.07091875    0.00495631
    0.04719176   -0.00329320   -0.09352309    0.14635052    0.07092353    0.00497110
    0.04719614   -0.00330252   -0.09352309    0.14635052    0.07093012    0.00498517
    0.04720166   -0.00331122   -0.09352309    0.14635052    0.07093841    0.00499829
    0.04720823   -0.00331916   -0.09352309    0.14635052    0.07094828    0.00501027
    0.04721574   -0.00332621   -0.09352309    0.14635052    0.07095957    0.00502092
    0.04722407   -0.00333226   -0.09352309    0.14635052    0.07097209    0.00503005
    0.04723310   -0.00333722   -0.09352309    0.14635052    0.07098565    0.00503754
    0.04724267   -0.00334101   -0.09352309    0.14635052    0.07100005    0.00504327
    0.04725265   -0.00334357   -0.09352309    0.14635052    0.07101504    0.00504713
    0.04726287   -0.00334487   -0.09352309    0.14635052    0.07103040    0.00504908
    0.04727317   -0.00334487   -0.09352309    0.14635052    0.07104588    0.00504908
    0.04728339   -0.00334357   -0.09352309    0.14635052    0.07106123    0.00504713
    0.04729336   -0.00334101   -0.09352309    0.14635052    0.07107623    0.00504327
    0.04730294   -0.00333722   -0.09352309    0.14635052    0.07109062    0.00503754
    0.04731196   -0.00333226   -0.09352309    0.14635052    0.07110418    0.00503005
    0.04732030   -0.00332621   -0.09352309    0.14635052    0.07111671    0.00502092
    0.04732780   -0.00331916   -0.09352309    0.14635052    0.07112799    0.00501027
    0.04733437   -0.00331122   -0.09352309    0.14635052    0.07113786    0.00499829
    0.04733989   -0.00330252   -0.09352309    0.14635052    0.07114615    0.00498517
    0.04734427   -0.00329320   -0.09352309    0.14635052    0.07115274    0.00497110
    0.04734746   -0.00328341   -0.09352309    0.14635052    0.07115753    0.00495631
    0.04734939   -0.00327329   -0.09352309    0.14635052    0.07116043    0.00494104
    0.04734620   -0.00326301   -0.09351796    0.14634248    0.07115564    0.00492552
    0.04734558   -0.00325321   -0.09351796    0.14634248    0.07115471    0.00491073
    0.04734374   -0.00324357   -0.09351796    0.14634248    0.07115194    0.00489617
    0.04734071   -0.00323423   -0.09351796    0.14634248    0.07114738    0.00488208
    0.04733653   -0.00322535   -0.09351796    0.14634248    0.07114110    0.00486867
    0.04733127   -0.00321706   -0.09351796    0.14634248    0.07113320    0.00485615
    0.04732501   -0.00320949   -0.09351796    0.14634248    0.07112379    0.00484473
    0.04731785   -0.00320277   -0.09351796    0.14634248    0.07111303    0.00483459
    0.04730991   -0.00319700   -0.09351796    0.14634248    0.07110110    0.00482588
    0.04730131   -0.00319227   -0.09351796    0.14634248    0.07108816    0.00481874
    0.04729218   -0.00318865   -0.09351796    0.14634248    0.07107445    0.00481328
    0.04728267   -0.00318621   -0.09351796    0.14634248    0.07106015    0.00480959
    0.04727293   -0.00318498   -0.09351796    0.14634248    0.07104551    0.00480774
    0.04726311   -0.00318498   -0.09351796    0.14634248    0.07103076    0.00480774
    0.04725337   -0.00318621   -0.09351796    0.14634248    0.07101612    0.00480959
    0.04724386   -0.00318865   -0.09351796    0.14634248    0.07100183    0.00481328
    0.04723473   -0.00319227   -0.09351796    0.14634248    0.07098811    0.00481874
    0.04722612   -0.00319700   -0.09351796    0.14634248    0.07097518    0.00482588
    0.04721818   -0.00320277   -0.09351796    0.14634248    0.07096324    0.00483459
    0.04721102   -0.00320949   -0.09351796    0.14634248    0.07095248    0.00484473
    0.04720477   -0.00321706   -0.09351796    0.14634248    0.07094308    0.00485615
    0.04719950   -0.00322535   -0.09351796    0.14634248    0.07093517    0.00486867
    0.04719532   -0.00323423   -0.09351796    0.14634248    0.07092889    0.00488208
    0.04719229   -0.00324357   -0.09351796    0.14634248    0.07092433    0.00489617
    0.04719045   -0.00325321   -0.09351796    0.14634248    0.07092156    0.00491073
    0.04718983   -0.00326301   -0.09351796    0.14634248    0.07092064    0.00492552
    0.04719045   -0.00327281   -0.09351796    0.14634248    0.07092156    0.00494031
    0.04719229   -0.00328245   -0.09351796    0.14634248    0.07092433    0.00495487
    0.04719532   -0.00329179   -0.09351796    0.14634248    0.07092889    0.00496897
    0.04719950   -0.00330068   -0.09351796    0.14634248    0.07093517    0.00498238
    0.04720477   -0.00330897   -0.09351796    0.14634248    0.07094308    0.00499489
    0.04721102   -0.00331653   -0.09351796    0.14634248    0.07095248    0.00500631
    0.04721818   -0.00332325   -0.09351796    0.14634248    0.07096324    0.00501646
    0.04722612   -0.00332902   -0.09351796    0.14634248    0.07097518    0.00502517
    0.04723473   -0.00333375   -0.09351796    0.14634248    0.07098811    0.00503231
    0.04724386   -0.00333737   -0.09351796    0.14634248    0.07100183    0.00503776
    0.04725337   -0.00333981   -0.09351796    0.14634248    0.07101612    0.00504145
    0.04726311   -0.00334104   -0.09351796    0.14634248    0.07103076    0.00504331
    0.04727293   -0.00334104   -0.09351796    0.14634248    0.07104551    0.00504331
    0.04728267   -0.00333981   -0.09351796    0.14634248    0.07106015    0.00504145
    0.04729218   -0.00333737   -0.09351796    0.14634248    0.07107445    0.00503776
    0.04730131   -0.00333375   -0.09351796    0.14634248    0.07108816    0.00503231
    0.04730991   -0.00332902   -0.09351796    0.14634248    0.07110110    0.00502517
    0.04731785   -0.00332325   -0.09351796    0.14634248    0.07111303    0.00501646
    0.04732501   -0.00331653   -0.09351796    0.14634248    0.07112379    0.00500631
    0.04733127   -0.00330897   -0.09351796    0.14634248    0.07113320    0.00499489
    0.04733653   -0.00330068   -0.09351796    0.14634248    0.07114110    0.00498238
    0.04734071   -0.00329179   -0.09351796    0.14634248    0.07114738    0.00496897
    0.04734374   -0.00328245   -0.09351796    0.14634248    0.07115194    0.00495487
    0.04734558   -0.00327281   -0.09351796    0.14634248    0.07115471    0.00494031
    0.04734204   -0.00326301   -0.09351307    0.14633484    0.07114939    0.00492552
    0.04734146   -0.00325373   -0.09351307    0.14633484    0.07114851    0.00491152
    0.04733972   -0.00324460   -0.09351307    0.14633484    0.07114590    0.00489773
    0.04733685   -0.00323576   -0.09351307    0.14633484    0.07114158    0.00488439
    0.04733289   -0.00322735   -0.09351307    0.14633484    0.07113563    0.00487169
    0.04732791   -0.00321950   -0.09351307    0.14633484    0.07112814    0.00485984
    0.04732198   -0.00321233   -0.09351307    0.14633484    0.07111924    0.00484903
    0.04731520   -0.00320597   -0.09351307    0.14633484    0.07110905    0.00483942
    0.04730768   -0.00320051   -0.09351307    0.14633484    0.07109775    0.00483117
    0.04729954   -0.00319603   -0.09351307    0.14633484    0.07108551    0.00482441
    0.04729089   -0.00319261   -0.09351307    0.14633484    0.07107252    0.00481925
    0.04728189   -0.00319029   -0.09351307    0.14633484    0.07105898    0.00481576
    0.04727267   -0.00318913   -0.09351307    0.14633484    0.07104512    0.00481400
    0.04726337   -0.00318913   -0.09351307    0.14633484    0.07103115    0.00481400
    0.04725415   -0.00319029   -0.09351307    0.14633484    0.07101729    0.00481576
    0.04724514   -0.00319261   -0.09351307    0.14633484    0.07100376    0.00481925
    0.04723650   -0.00319603   -0.09351307    0.14633484    0.07099077    0.00482441
    0.04722835   -0.00320051   -0.09351307    0.14633484    0.07097852    0.00483117
    0.04722083   -0.00320597   -0.09351307    0.14633484    0.07096722    0.00483942
    0.04721405   -0.00321233   -0.09351307    0.14633484    0.07095703    0.00484903
    0.04720813   -0.00321950   -0.09351307    0.14633484    0.07094813    0.00485984
    0.04720315   -0.00322735   -0.09351307    0.14633484    0.07094064    0.00487169
    0.04719919   -0.00323576   -0.09351307    0.14633484    0.07093469    0.00488439
    0.04719631   -0.00324460   -0.09351307    0.14633484    0.07093038    0.00489773
    0.04719457   -0.00325373   -0.09351307    0.14633484    0.07092776    0.00491152
    0.04719399   -0.00326301   -0.09351307    0.14633484    0.07092688    0.00492552
    0.04719457   -0.00327229   -0.09351307    0.14633484    0.07092776    0.00493953
    0.04719631   -0.00328142   -0.09351307    0.14633484    0.07093038    0.00495331
    0.04719919   -0.00329026   -0.09351307    0.14633484    0.07093469    0.00496666
    0.04720315   -0.00329867   -0.09351307    0.14633484    0.07094064    0.00497936
    0.04720813   -0.00330652   -0.09351307    0.14633484    0.07094813    0.00499120
    0.04721405   -0.00331369   -0.09351307    0.14633484    0.07095703    0.00500202
    0.04722083   -0.00332005   -0.09351307    0.14633484    0.07096722    0.00501162
    0.04722835   -0.00332551   -0.09351307    0.14633484    0.07097852    0.00501987
    0.04723650   -0.00332999   -0.09351307    0.14633484    0.07099077    0.00502663
    0.04724514   -0.00333342   -0.09351307    0.14633484    0.07100376    0.00503180
    0.04725415   -0.00333573   -0.09351307    0.14633484    0.07101729    0.00503529
    0.04726337   -0.00333689   -0.09351307    0.14633484    0.07103115    0.00503705
    0.04727267   -0.00333689   -0.09351307    0.14633484    0.07104512    0.00503705
    0.04728189   -0.00333573   -0.09351307    0.14633484    0.07105898    0.00503529
    0.04729089   -0.00333342   -0.09351307    0.14633484    0.07107252    0.00503180
    0.04729954   -0.00332999   -0.09351307    0.14633484    0.07108551    0.00502663
    0.04730768   -0.00332551   -0.09351307    0.14633484    0.07109775    0.00501987
    0.04731520   -0.00332005   -0.09351307    0.14633484    0.07110905    0.00501162
    0.04732198   -0.00331369   -0.09351307    0.14633484    0.07111924    0.00500202
    0.04732791   -0.00330652   -0.09351307    0.14633484    0.07112814    0.00499120
    0.04733289   -0.00329867   -0.09351307    0.14633484    0.07113563    0.00497936
    0.04733685   -0.00329026   -0.09351307    0.14633484    0.07114158    0.00496666
    0.04733972   -0.00328142   -0.09351307    0.14633484    0.07114590    0.00495331
    0.04734146   -0.00327229   -0.09351307    0.14633484    0.07114851    0.00493953
    0.04733759   -0.00326301   -0.09350847    0.14632764    0.07114269    0.00492552
    0.04733704   -0.00325429   -0.09350847    0.14632764    0.07114186    0.00491236
    0.04733540   -0.00324571   -0.09350847    0.14632764    0.07113940    0.00489941
    0.04733270   -0.00323740   -0.09350847    0.14632764    0.07113535    0.00488686
    0.04732898   -0.00322950   -0.09350847    0.14632764    0.07112976    0.00487493
    0.04732430   -0.00322212   -0.09350847    0.14632764    0.07112272    0.00486380
    0.04731873   -0.00321539   -0.09350847    0.14632764    0.07111435    0.00485363
    0.04731236   -0.00320941   -0.09350847    0.14632764    0.07110478    0.00484461
    0.04730529   -0.00320427   -0.09350847    0.14632764    0.07109416    0.00483686
    0.04729764   -0.00320006   -0.09350847    0.14632764    0.07108265    0.00483050
    0.04728951   -0.00319685   -0.09350847    0.14632764    0.07107044    0.00482565
    0.04728105   -0.00319467   -0.09350847    0.14632764    0.07105773    0.00482237
    0.04727239   -0.00319358   -0.09350847    0.14632764    0.07104470    0.00482072
    0.04726365   -0.00319358   -0.09350847    0.14632764    0.07103157    0.00482072
    0.04725498   -0.00319467   -0.09350847    0.14632764    0.07101854    0.00482237
    0.04724652   -0.00319685   -0.09350847    0.14632764    0.07100583    0.00482565
    0.04723840   -0.00320006   -0.09350847    0.14632764    0.07099362    0.00483050
    0.04723074   -0.00320427   -0.09350847    0.14632764    0.07098211    0.00483686
    0.04722367   -0.00320941   -0.09350847    0.14632764    0.07097149    0.00484461
    0.04721730   -0.00321539   -0.09350847    0.14632764    0.07096192    0.00485363
    0.04721174   -0.00322212   -0.09350847    0.14632764    0.07095355    0.00486380
    0.04720705   -0.00322950   -0.09350847    0.14632764    0.07094652    0.00487493
    0.04720333   -0.00323740   -0.09350847    0.14632764    0.07094093    0.00488686
    0.04720063   -0.00324571   -0.09350847    0.14632764    0.07093687    0.00489941
    0.04719900   -0.00325429   -0.09350847    0.14632764    0.07093441    0.00491236
    0.04719845   -0.00326301   -0.09350847    0.14632764    0.07093358    0.00492552
    0.04719900   -0.00327173   -0.09350847    0.14632764    0.07093441    0.00493868
    0.04720063   -0.00328031   -0.09350847    0.14632764    0.07093687    0.00495164
    0.04720333   -0.00328862   -0.09350847    0.14632764    0.07094093    0.00496418
    0.04720705   -0.00329653   -0.09350847    0.14632764    0.07094652    0.00497611
    0.04721174   -0.00330390   -0.09350847    0.14632764    0.07095355    0.00498725
    0.04721730   -0.00331063   -0.09350847    0.14632764    0.07096192    0.00499741
    0.04722367   -0.00331661   -0.09350847    0.14632764    0.07097149    0.00500644
    0.04723074   -0.00332175   -0.09350847    0.14632764    0.07098211    0.00501419
    0.04723840   -0.00332596   -0.09350847    0.14632764    0.07099362    0.00502054
    0.04724652   -0.00332917   -0.09350847    0.14632764    0.07100583    0.00502540
    0.04725498   -0.00333135   -0.09350847    0.14632764    0.07101854    0.00502867
    0.04726365   -0.00333244   -0.09350847    0.14632764    0.07103157    0.00503033
    0.04727239   -0.00333244   -0.09350847    0.14632764    0.07104470    0.00503033
    0.04728105   -0.00333135   -0.09350847    0.14632764    0.07105773    0.00502867
    0.04728951   -0.00332917   -0.09350847    0.14632764    0.07107044    0.00502540
    0.04729764   -0.00332596   -0.09350847    0.14632764    0.07108265    0.00502054
    0.04730529   -0.00332175   -0.09350847    0.14632764    0.07109416    0.00501419
    0.04731236   -0.00331661   -0.09350847    0.14632764    0.07110478    0.00500644
    0.04731873   -0.00331063   -0.09350847    0.14632764    0.07111435    0.00499741
    0.04732430   -0.00330390   -0.09350847    0.14632764    0.07112272    0.00498725
    0.04732898   -0.00329653   -0.09350847    0.14632764    0.07112976    0.00497611
    0.04733270   -0.00328862   -0.09350847    0.14632764    0.07113535    0.00496418
    0.04733540   -0.00328031   -0.09350847    0.14632764    0.07113940    0.00495164
    0.04733704   -0.00327173   -0.09350847    0.14632764    0.07114186    0.00493868
    0.04733284   -0.00326301   -0.09350416    0.14632089    0.07113556    0.00492552
    0.04733233   -0.00325489   -0.09350416    0.14632089    0.07113479    0.00491326
    0.04733080   -0.00324689   -0.09350416    0.14632089    0.07113250    0.00490119
    0.04732829   -0.00323915   -0.09350416    0.14632089    0.07112872    0.00488950
    0.04732482   -0.00323178   -0.09350416    0.14632089    0.07112351    0.00487838
    0.04732046   -0.00322491   -0.09350416    0.14632089    0.07111695    0.00486801
    0.04731527   -0.00321864   -0.09350416    0.14632089    0.07110915    0.00485854
    0.04730934   -0.00321306   -0.09350416    0.14632089    0.07110023    0.00485013
    0.04730275   -0.00320828   -0.09350416    0.14632089    0.07109034    0.00484290
    0.04729562   -0.00320436   -0.09350416    0.14632089    0.07107962    0.00483698
    0.04728805   -0.00320136   -0.09350416    0.14632089    0.07106824    0.00483246
    0.04728016   -0.00319934   -0.09350416    0.14632089    0.07105639    0.00482940
    0.04727209   -0.00319832   -0.09350416    0.14632089    0.07104425    0.00482786
    0.04726395   -0.00319832   -0.09350416    0.14632089    0.07103202    0.00482786
    0.04725587   -0.00319934   -0.09350416    0.14632089    0.07101988    0.00482940
    0.04724799   -0.00320136   -0.09350416    0.14632089    0.07100803    0.00483246
    0.04724042   -0.00320436   -0.09350416    0.14632089    0.07099666    0.00483698
    0.04723328   -0.00320828   -0.09350416    0.14632089    0.07098594    0.00484290
    0.04722670   -0.00321306   -0.09350416    0.14632089    0.07097604    0.00485013
    0.04722076   -0.00321864   -0.09350416    0.14632089    0.07096712    0.00485854
    0.04721557   -0.00322491   -0.09350416    0.14632089    0.07095932    0.00486801
    0.04721121   -0.00323178   -0.09350416    0.14632089    0.07095277    0.00487838
    0.04720775   -0.00323915   -0.09350416    0.14632089    0.07094756    0.00488950
    0.04720523   -0.00324689   -0.09350416    0.14632089    0.07094378    0.00490119
    0.04720371   -0.00325489   -0.09350416    0.14632089    0.07094148    0.00491326
    0.04720319   -0.00326301   -0.09350416    0.14632089    0.07094071    0.00492552
    0.04720371   -0.00327113   -0.09350416    0.14632089    0.07094148    0.00493779
    0.04720523   -0.00327913   -0.09350416    0.14632089    0.07094378    0.00494986
    0.04720775   -0.00328687   -0.09350416    0.14632089    0.07094756    0.00496154
    0.04721121   -0.00329424   -0.09350416    0.14632089    0.07095277    0.00497266
    0.04721557   -0.00330111   -0.09350416    0.14632089    0.07095932    0.00498304
    0.04722076   -0.00330738   -0.09350416    0.14632089    0.07096712    0.00499250
    0.04722670   -0.00331296   -0.09350416    0.14632089    0.07097604    0.00500092
    0.04723328   -0.00331774   -0.09350416    0.14632089    0.07098594    0.00500814
    0.04724042   -0.00332166   -0.09350416    0.14632089    0.07099666    0.00501406
    0.04724799   -0.00332466   -0.09350416    0.14632089    0.07100803    0.00501858
    0.04725587   -0.00332669   -0.09350416    0.14632089    0.07101988    0.00502164
    0.04726395   -0.00332771   -0.09350416    0.14632089    0.07103202    0.00502318
    0.04727209   -0.00332771   -0.09350416    0.14632089    0.07104425    0.00502318
    0.04728016   -0.00332669   -0.09350416    0.14632089    0.07105639    0.00502164
    0.04728805   -0.00332466   -0.09350416    0.14632089    0.07106824    0.00501858
    0.04729562   -0.00332166   -0.09350416    0.14632089    0.07107962    0.00501406
    0.04730275   -0.00331774   -0.09350416    0.14632089    0.07109034    0.00500814
    0.04730934   -0.00331296   -0.09350416    0.14632089    0.07110023    0.00500092
    0.04731527   -0.00330738   -0.09350416    0.14632089    0.07110915    0.00499250
    0.04732046   -0.00330111   -0.09350416    0.14632089    0.07111695    0.00498304
    0.04732482   -0.00329424   -0.09350416    0.14632089    0.07112351    0.00497266
    0.04732829   -0.00328687   -0.09350416    0.14632089    0.07112872    0.00496154
    0.04733080   -0.00327913   -0.09350416    0.14632089    0.07113250    0.00494986
    0.04733233   -0.00327113   -0.09350416    0.14632089    0.07113479    0.00493779
    0.04732783   -0.00326301   -0.09350016    0.14631464    0.07112802    0.00492552
    0.04732736   -0.00325551   -0.09350016    0.14631464    0.07112732    0.00491421
    0.04732595   -0.00324814   -0.09350016    0.14631464    0.07112520    0.00490307
    0.04732363   -0.00324099   -0.09350016    0.14631464    0.07112171    0.00489229
    0.04732043   -0.00323420   -0.09350016    0.14631464    0.07111691    0.00488203
    0.04731641   -0.00322785   -0.09350016    0.14631464    0.07111086    0.00487245
    0.04731162   -0.00322207   -0.09350016    0.14631464    0.07110366    0.00486372
    0.04730614   -0.00321693   -0.09350016    0.14631464    0.07109543    0.00485596
    0.04730007   -0.00321251   -0.09350016    0.14631464    0.07108630    0.00484929
    0.04729348   -0.00320889   -0.09350016    0.14631464    0.07107641    0.00484383
    0.04728650   -0.00320613   -0.09350016    0.14631464    0.07106591    0.00483966
    0.04727922   -0.00320426   -0.09350016    0.14631464    0.07105498    0.00483684
    0.04727177   -0.00320332   -0.09350016    0.14631464    0.07104378    0.00483541
    0.04726426   -0.00320332   -0.09350016    0.14631464    0.07103249    0.00483541
    0.04725681   -0.00320426   -0.09350016    0.14631464    0.07102129    0.00483684
    0.04724953   -0.00320613   -0.09350016    0.14631464    0.07101036    0.00483966
    0.04724255   -0.00320889   -0.09350016    0.14631464    0.07099986    0.00484383
    0.04723597   -0.00321251   -0.09350016    0.14631464    0.07098997    0.00484929
    0.04722989   -0.00321693   -0.09350016    0.14631464    0.07098084    0.00485596
    0.04722442   -0.00322207   -0.09350016    0.14631464    0.07097261    0.00486372
    0.04721963   -0.00322785   -0.09350016    0.14631464    0.07096541    0.00487245
    0.04721560   -0.00323420   -0.09350016    0.14631464    0.07095937    0.00488203
    0.04721241   -0.00324099   -0.09350016    0.14631464    0.07095456    0.00489229
    0.04721008   -0.00324814   -0.09350016    0.14631464    0.07095107    0.00490307
    0.04720868   -0.00325551   -0.09350016    0.14631464    0.07094896    0.00491421
    0.04720821   -0.00326301   -0.09350016    0.14631464    0.07094825    0.00492552
    0.04720868   -0.00327051   -0.09350016    0.14631464    0.07094896    0.00493684
    0.04721008   -0.00327788   -0.09350016    0.14631464    0.07095107    0.00494797
    0.04721241   -0.00328503   -0.09350016    0.14631464    0.07095456    0.00495876
    0.04721560   -0.00329182   -0.09350016    0.14631464    0.07095937    0.00496902
    0.04721963   -0.00329817   -0.09350016    0.14631464    0.07096541    0.00497859
    0.04722442   -0.00330395   -0.09350016    0.14631464    0.07097261    0.00498733
    0.04722989   -0.00330910   -0.09350016    0.14631464    0.07098084    0.00499509
    0.04723597   -0.00331351   -0.09350016    0.14631464    0.07098997    0.00500175
    0.04724255   -0.00331713   -0.09350016    0.14631464    0.07099986    0.00500721
    0.04724953   -0.00331989   -0.09350016    0.14631464    0.07101036    0.00501139
    0.04725681   -0.00332176   -0.09350016    0.14631464    0.07102129    0.00501421
    0.04726426   -0.00332270   -0.09350016    0.14631464    0.07103249    0.00501563
    0.04727177   -0.00332270   -0.09350016    0.14631464    0.07104378    0.00501563
    0.04727922   -0.00332176   -0.09350016    0.14631464    0.07105498    0.00501421
    0.04728650   -0.00331989   -0.09350016    0.14631464    0.07106591    0.00501139
    0.04729348   -0.00331713   -0.09350016    0.14631464    0.07107641    0.00500721
    0.04730007   -0.00331351   -0.09350016    0.14631464    0.07108630    0.00500175
    0.04730614   -0.00330910   -0.09350016    0.14631464    0.07109543    0.00499509
    0.04731162   -0.00330395   -0.09350016    0.14631464    0.07110366    0.00498733
    0.04731641   -0.00329817   -0.09350016    0.14631464    0.07111086    0.00497859
    0.04732043   -0.00329182   -0.09350016    0.14631464    0.07111691    0.00496902
    0.04732363   -0.00328503   -0.09350016    0.14631464    0.07112171    0.00495876
    0.04732595   -0.00327788   -0.09350016    0.14631464    0.07112520    0.00494797
    0.04732736   -0.00327051   -0.09350016    0.14631464    0.07112732    0.00493684
    0.04732257   -0.00326301   -0.09349650    0.14630890    0.07112012    0.00492552
    0.04732214   -0.00325617   -0.09349650    0.14630890    0.07111948    0.00491520
    0.04732086   -0.00324944   -0.09349650    0.14630890    0.07111755    0.00490504
    0.04731874   -0.00324293   -0.09349650    0.14630890    0.07111437    0.00489521
    0.04731582   -0.00323673   -0.09349650    0.14630890    0.07110998    0.00488585
    0.04731215   -0.00323094   -0.09349650    0.14630890    0.07110446    0.00487712
    0.04730778   -0.00322567   -0.09349650    0.14630890    0.07109790    0.00486915
    0.04730279   -0.00322098   -0.09349650    0.14630890    0.07109040    0.00486207
    0.04729725   -0.00321695   -0.09349650    0.14630890    0.07108207    0.00485599
    0.04729124   -0.00321365   -0.09349650    0.14630890    0.07107304    0.00485101
    0.04728487   -0.00321113   -0.09349650    0.14630890    0.07106347    0.00484720
    0.04727824   -0.00320942   -0.09349650    0.14630890    0.07105350    0.00484463
    0.04727144   -0.00320856   -0.09349650    0.14630890    0.07104328    0.00484334
    0.04726459   -0.00320856   -0.09349650    0.14630890    0.07103299    0.00484334
    0.04725779   -0.00320942   -0.09349650    0.14630890    0.07102277    0.00484463
    0.04725116   -0.00321113   -0.09349650    0.14630890    0.07101280    0.00484720
    0.04724479   -0.00321365   -0.09349650    0.14630890    0.07100323    0.00485101
    0.04723879   -0.00321695   -0.09349650    0.14630890    0.07099420    0.00485599
    0.04723324   -0.00322098   -0.09349650    0.14630890    0.07098588    0.00486207
    0.04722825   -0.00322567   -0.09349650    0.14630890    0.07097837    0.00486915
    0.04722388   -0.00323094   -0.09349650    0.14630890    0.07097181    0.00487712
    0.04722021   -0.00323673   -0.09349650    0.14630890    0.07096629    0.00488585
    0.04721729   -0.00324293   -0.09349650    0.14630890    0.07096191    0.00489521
    0.04721518   -0.00324944   -0.09349650    0.14630890    0.07095872    0.00490504
    0.04721389   -0.00325617   -0.09349650    0.14630890    0.07095679    0.00491520
    0.04721346   -0.00326301   -0.09349650    0.14630890    0.07095615    0.00492552
    0.04721389   -0.00326985   -0.09349650    0.14630890    0.07095679    0.00493584
    0.04721518   -0.00327658   -0.09349650    0.14630890    0.07095872    0.00494600
    0.04721729   -0.00328309   -0.09349650    0.14630890    0.07096191    0.00495584
    0.04722021   -0.00328929   -0.09349650    0.14630890    0.07096629    0.00496519
    0.04722388   -0.00329508   -0.09349650    0.14630890    0.07097181    0.00497392
    0.04722825   -0.00330035   -0.09349650    0.14630890    0.07097837    0.00498189
    0.04723324   -0.00330504   -0.09349650    0.14630890    0.07098588    0.00498897
    0.04723879   -0.00330907   -0.09349650    0.14630890    0.07099420    0.00499505
    0.04724479   -0.00331237   -0.09349650    0.14630890    0.07100323    0.00500003
    0.04725116   -0.00331489   -0.09349650    0.14630890    0.07101280    0.00500384
    0.04725779   -0.00331660   -0.09349650    0.14630890    0.07102277    0.00500641
    0.04726459   -0.00331746   -0.09349650    0.14630890    0.07103299    0.00500771
    0.04727144   -0.00331746   -0.09349650    0.14630890    0.07104328    0.00500771
    0.04727824   -0.00331660   -0.09349650    0.14630890    0.07105350    0.00500641
    0.04728487   -0.00331489   -0.09349650    0.14630890    0.07106347    0.00500384
    0.04729124   -0.00331237   -0.09349650    0.14630890    0.07107304    0.00500003
    0.04729725   -0.00330907   -0.09349650    0.14630890    0.07108207    0.00499505
    0.04730279   -0.00330504   -0.09349650    0.14630890    0.07109040    0.00498897
    0.04730778   -0.00330035   -0.09349650    0.14630890    0.07109790    0.00498189
    0.04731215   -0.00329508   -0.09349650    0.14630890    0.07110446    0.00497392
    0.04731582   -0.00328929   -0.09349650    0.14630890    0.07110998    0.00496519
    0.04731874   -0.00328309   -0.09349650    0.14630890    0.07111437    0.00495584
    0.04732086   -0.00327658   -0.09349650    0.14630890    0.07111755    0.00494600
    0.04732214   -0.00326985   -0.09349650    0.14630890    0.07111948    0.00493584
    0.04731709   -0.00326301   -0.09349317    0.14630370    0.07111188    0.00492552
    0.04731670   -0.00325686   -0.09349317    0.14630370    0.07111130    0.00491624
    0.04731555   -0.00325081   -0.09349317    0.14630370    0.07110957    0.00490710
    0.04731364   -0.00324495   -0.09349317    0.14630370    0.07110671    0.00489825
    0.04731102   -0.00323937   -0.09349317    0.14630370    0.07110276    0.00488984
    0.04730772   -0.00323417   -0.09349317    0.14630370    0.07109780    0.00488198
    0.04730379   -0.00322942   -0.09349317    0.14630370    0.07109190    0.00487481
    0.04729930   -0.00322520   -0.09349317    0.14630370    0.07108515    0.00486845
    0.04729431   -0.00322158   -0.09349317    0.14630370    0.07107765    0.00486298
    0.04728891   -0.00321861   -0.09349317    0.14630370    0.07106954    0.00485850
    0.04728318   -0.00321634   -0.09349317    0.14630370    0.07106093    0.00485507
    0.04727721   -0.00321481   -0.09349317    0.14630370    0.07105195    0.00485276
    0.04727110   -0.00321404   -0.09349317    0.14630370    0.07104277    0.00485159
    0.04726494   -0.00321404   -0.09349317    0.14630370    0.07103351    0.00485159
    0.04725882   -0.00321481   -0.09349317    0.14630370    0.07102432    0.00485276
    0.04725285   -0.00321634   -0.09349317    0.14630370    0.07101535    0.00485507
    0.04724712   -0.00321861   -0.09349317    0.14630370    0.07100674    0.00485850
    0.04724172   -0.00322158   -0.09349317    0.14630370    0.07099862    0.00486298
    0.04723674   -0.00322520   -0.09349317    0.14630370    0.07099113    0.00486845
    0.04723225   -0.00322942   -0.09349317    0.14630370    0.07098438    0.00487481
    0.04722832   -0.00323417   -0.09349317    0.14630370    0.07097847    0.00488198
    0.04722502   -0.00323937   -0.09349317    0.14630370    0.07097351    0.00488984
    0.04722239   -0.00324495   -0.09349317    0.14630370    0.07096957    0.00489825
    0.04722049   -0.00325081   -0.09349317    0.14630370    0.07096670    0.00490710
    0.04721933   -0.00325686   -0.09349317    0.14630370    0.07096497    0.00491624
    0.04721895   -0.00326301   -0.09349317    0.14630370    0.07096439    0.00492552
    0.04721933   -0.00326916   -0.09349317    0.14630370    0.07096497    0.00493481
    0.04722049   -0.00327521   -0.09349317    0.14630370    0.07096670    0.00494394
    0.04722239   -0.00328107   -0.09349317    0.14630370    0.07096957    0.00495279
    0.04722502   -0.00328665   -0.09349317    0.14630370    0.07097351    0.00496121
    0.04722832   -0.00329185   -0.09349317    0.14630370    0.07097847    0.00496906
    0.04723225   -0.00329660   -0.09349317    0.14630370    0.07098438    0.00497623
    0.04723674   -0.00330082   -0.09349317    0.14630370    0.07099113    0.00498260
    0.04724172   -0.00330444   -0.09349317    0.14630370    0.07099862    0.00498806
    0.04724712   -0.00330741   -0.09349317    0.14630370    0.07100674    0.00499255
    0.04725285   -0.00330968   -0.09349317    0.14630370    0.07101535    0.00499597
    0.04725882   -0.00331121   -0.09349317    0.14630370    0.07102432    0.00499828
    0.04726494   -0.00331199   -0.09349317    0.14630370    0.07103351    0.00499945
    0.04727110   -0.00331199   -0.09349317    0.14630370    0.07104277    0.00499945
    0.04727721   -0.00331121   -0.09349317    0.14630370    0.07105195    0.00499828
    0.04728318   -0.00330968   -0.09349317    0.14630370    0.07106093    0.00499597
    0.04728891   -0.00330741   -0.09349317    0.14630370    0.07106954    0.00499255
    0.04729431   -0.00330444   -0.09349317    0.14630370    0.07107765    0.00498806
    0.04729930   -0.00330082   -0.09349317    0.14630370    0.07108515    0.00498260
    0.04730379   -0.00329660   -0.09349317    0.14630370    0.07109190    0.00497623
    0.04730772   -0.00329185   -0.09349317    0.14630370    0.07109780    0.00496906
    0.04731102   -0.00328665   -0.09349317    0.14630370    0.07110276    0.00496121
    0.04731364   -0.00328107   -0.09349317    0.14630370    0.07110671    0.00495279
    0.04731555   -0.00327521   -0.09349317    0.14630370    0.07110957    0.00494394
    0.04731670   -0.00326916   -0.09349317    0.14630370    0.07111130    0.00493481
    0.04731141   -0.00326301   -0.09349021    0.14629906    0.07110334    0.00492552
    0.04731106   -0.00325757   -0.09349021    0.14629906    0.07110283    0.00491731
    0.04731004   -0.00325222   -0.09349021    0.14629906    0.07110129    0.00490923
    0.04730836   -0.00324704   -0.09349021    0.14629906    0.07109876    0.00490141
    0.04730604   -0.00324211   -0.09349021    0.14629906    0.07109528    0.00489397
    0.04730312   -0.00323751   -0.09349021    0.14629906    0.07109089    0.00488702
    0.04729965   -0.00323331   -0.09349021    0.14629906    0.07108567    0.00488069
    0.04729567   -0.00322958   -0.09349021    0.14629906    0.07107970    0.00487506
    0.04729127   -0.00322638   -0.09349021    0.14629906    0.07107308    0.00487022
    0.04728649   -0.00322375   -0.09349021    0.14629906    0.07106590    0.00486626
    0.04728142   -0.00322175   -0.09349021    0.14629906    0.07105829    0.00486323
    0.04727615   -0.00322039   -0.09349021    0.14629906    0.07105035    0.00486119
    0.04727074   -0.00321971   -0.09349021    0.14629906    0.07104223    0.00486016
    0.04726529   -0.00321971   -0.09349021    0.14629906    0.07103404    0.00486016
    0.04725989   -0.00322039   -0.09349021    0.14629906    0.07102592    0.00486119
    0.04725461   -0.00322175   -0.09349021    0.14629906    0.07101799    0.00486323
    0.04724954   -0.00322375   -0.09349021    0.14629906    0.07101037    0.00486626
    0.04724477   -0.00322638   -0.09349021    0.14629906    0.07100320    0.00487022
    0.04724036   -0.00322958   -0.09349021    0.14629906    0.07099657    0.00487506
    0.04723639   -0.00323331   -0.09349021    0.14629906    0.07099060    0.00488069
    0.04723292   -0.00323751   -0.09349021    0.14629906    0.07098538    0.00488702
    0.04723000   -0.00324211   -0.09349021    0.14629906    0.07098099    0.00489397
    0.04722768   -0.00324704   -0.09349021    0.14629906    0.07097751    0.00490141
    0.04722599   -0.00325222   -0.09349021    0.14629906    0.07097498    0.00490923
    0.04722497   -0.00325757   -0.09349021    0.14629906    0.07097344    0.00491731
    0.04722463   -0.00326301   -0.09349021    0.14629906    0.07097293    0.00492552
    0.04722497   -0.00326845   -0.09349021    0.14629906    0.07097344    0.00493373
    0.04722599   -0.00327380   -0.09349021    0.14629906    0.07097498    0.00494181
    0.04722768   -0.00327898   -0.09349021    0.14629906    0.07097751    0.00494963
    0.04723000   -0.00328391   -0.09349021    0.14629906    0.07098099    0.00495707
    0.04723292   -0.00328851   -0.09349021    0.14629906    0.07098538    0.00496402
    0.04723639   -0.00329271   -0.09349021    0.14629906    0.07099060    0.00497036
    0.04724036   -0.00329644   -0.09349021    0.14629906    0.07099657    0.00497599
    0.04724477   -0.00329964   -0.09349021    0.14629906    0.07100320    0.00498082
    0.04724954   -0.00330227   -0.09349021    0.14629906    0.07101037    0.00498478
    0.04725461   -0.00330428   -0.09349021    0.14629906    0.07101799    0.00498781
    0.04725989   -0.00330563   -0.09349021    0.14629906    0.07102592    0.00498986
    0.04726529   -0.00330631   -0.09349021    0.14629906    0.07103404    0.00499089
    0.04727074   -0.00330631   -0.09349021    0.14629906    0.07104223    0.00499089
    0.04727615   -0.00330563   -0.09349021    0.14629906    0.07105035    0.00498986
    0.04728142   -0.00330428   -0.09349021    0.14629906    0.07105829    0.00498781
    0.04728649   -0.00330227   -0.09349021    0.14629906    0.07106590    0.00498478
    0.04729127   -0.00329964   -0.09349021    0.14629906    0.07107308    0.00498082
    0.04729567   -0.00329644   -0.09349021    0.14629906    0.07107970    0.00497599
    0.04729965   -0.00329271   -0.09349021    0.14629906    0.07108567    0.00497036
    0.04730312   -0.00328851   -0.09349021    0.14629906    0.07109089    0.00496402
    0.04730604   -0.00328391   -0.09349021    0.14629906    0.07109528    0.00495707
    0.04730836   -0.00327898   -0.09349021    0.14629906    0.07109876    0.00494963
    0.04731004   -0.00327380   -0.09349021    0.14629906    0.07110129    0.00494181
    0.04731106   -0.00326845   -0.09349021    0.14629906    0.07110283    0.00493373
    0.04730554   -0.00326301   -0.09348761    0.14629500    0.07109453    0.00492552
    0.04730525   -0.00325831   -0.09348761    0.14629500    0.07109409    0.00491842
    0.04730436   -0.00325368   -0.09348761    0.14629500    0.07109276    0.00491143
    0.04730291   -0.00324920   -0.09348761    0.14629500    0.07109057    0.00490467
    0.04730090   -0.00324493   -0.09348761    0.14629500    0.07108756    0.00489823
    0.04729838   -0.00324095   -0.09348761    0.14629500    0.07108376    0.00489223
    0.04729537   -0.00323732   -0.09348761    0.14629500    0.07107925    0.00488674
    0.04729194   -0.00323410   -0.09348761    0.14629500    0.07107409    0.00488187
    0.04728812   -0.00323133   -0.09348761    0.14629500    0.07106836    0.00487769
    0.04728400   -0.00322906   -0.09348761    0.14629500    0.07106215    0.00487427
    0.04727961   -0.00322732   -0.09348761    0.14629500    0.07105556    0.00487165
    0.04727505   -0.00322615   -0.09348761    0.14629500    0.07104870    0.00486988
    0.04727037   -0.00322556   -0.09348761    0.14629500    0.07104168    0.00486899
    0.04726566   -0.00322556   -0.09348761    0.14629500    0.07103459    0.00486899
    0.04726099   -0.00322615   -0.09348761    0.14629500    0.07102757    0.00486988
    0.04725642   -0.00322732   -0.09348761    0.14629500    0.07102071    0.00487165
    0.04725204   -0.00322906   -0.09348761    0.14629500    0.07101412    0.00487427
    0.04724791   -0.00323133   -0.09348761    0.14629500    0.07100792    0.00487769
    0.04724410   -0.00323410   -0.09348761    0.14629500    0.07100219    0.00488187
    0.04724066   -0.00323732   -0.09348761    0.14629500    0.07099702    0.00488674
    0.04723766   -0.00324095   -0.09348761    0.14629500    0.07099251    0.00489223
    0.04723513   -0.00324493   -0.09348761    0.14629500    0.07098871    0.00489823
    0.04723313   -0.00324920   -0.09348761    0.14629500    0.07098570    0.00490467
    0.04723167   -0.00325368   -0.09348761    0.14629500    0.07098351    0.00491143
    0.04723079   -0.00325831   -0.09348761    0.14629500    0.07098218    0.00491842
    0.04723049   -0.00326301   -0.09348761    0.14629500    0.07098174    0.00492552
    0.04723079   -0.00326771   -0.09348761    0.14629500    0.07098218    0.00493262
    0.04723167   -0.00327234   -0.09348761    0.14629500    0.07098351    0.00493961
    0.04723313   -0.00327682   -0.09348761    0.14629500    0.07098570    0.00494637
    0.04723513   -0.00328109   -0.09348761    0.14629500    0.07098871    0.00495281
    0.04723766   -0.00328507   -0.09348761    0.14629500    0.07099251    0.00495882
    0.04724066   -0.00328870   -0.09348761    0.14629500    0.07099702    0.00496430
    0.04724410   -0.00329193   -0.09348761    0.14629500    0.07100219    0.00496917
    0.04724791   -0.00329470   -0.09348761    0.14629500    0.07100792    0.00497335
    0.04725204   -0.00329697   -0.09348761    0.14629500    0.07101412    0.00497678
    0.04725642   -0.00329870   -0.09348761    0.14629500    0.07102071    0.00497940
    0.04726099   -0.00329987   -0.09348761    0.14629500    0.07102757    0.00498116
    0.04726566   -0.00330046   -0.09348761    0.14629500    0.07103459    0.00498206
    0.04727037   -0.00330046   -0.09348761    0.14629500    0.07104168    0.00498206
    0.04727505   -0.00329987   -0.09348761    0.14629500    0.07104870    0.00498116
    0.04727961   -0.00329870   -0.09348761    0.14629500    0.07105556    0.00497940
    0.04728400   -0.00329697   -0.09348761    0.14629500    0.07106215    0.00497678
    0.04728812   -0.00329470   -0.09348761    0.14629500    0.07106836    0.00497335
    0.04729194   -0.00329193   -0.09348761    0.14629500    0.07107409    0.00496917
    0.04729537   -0.00328870   -0.09348761    0.14629500    0.07107925    0.00496430
    0.04729838   -0.00328507   -0.09348761    0.14629500    0.07108376    0.00495882
    0.04730090   -0.00328109   -0.09348761    0.14629500    0.07108756    0.00495281
    0.04730291   -0.00327682   -0.09348761    0.14629500    0.07109057    0.00494637
    0.04730436   -0.00327234   -0.09348761    0.14629500    0.07109276    0.00493961
    0.04730525   -0.00326771   -0.09348761    0.14629500    0.07109409    0.00493262
    0.04729953   -0.00326301   -0.09348540    0.14629154    0.07108549    0.00492552
    0.04729928   -0.00325906   -0.09348540    0.14629154    0.07108512    0.00491956
    0.04729854   -0.00325517   -0.09348540    0.14629154    0.07108400    0.00491369
    0.04729731   -0.00325141   -0.09348540    0.14629154    0.07108217    0.00490801
    0.04729563   -0.00324783   -0.09348540    0.14629154    0.07107964    0.00490261
    0.04729351   -0.00324449   -0.09348540    0.14629154    0.07107645    0.00489756
    0.04729099   -0.00324144   -0.09348540    0.14629154    0.07107266    0.00489296
    0.04728810   -0.00323873   -0.09348540    0.14629154    0.07106832    0.00488887
    0.04728490   -0.00323640   -0.09348540    0.14629154    0.07106351    0.00488536
    0.04728143   -0.00323450   -0.09348540    0.14629154    0.07105830    0.00488248
    0.04727775   -0.00323304   -0.09348540    0.14629154    0.07105277    0.00488028
    0.04727392   -0.00323206   -0.09348540    0.14629154    0.07104701    0.00487880
    0.04727000   -0.00323156   -0.09348540    0.14629154    0.07104111    0.00487805
    0.04726604   -0.00323156   -0.09348540    0.14629154    0.07103516    0.00487805
    0.04726211   -0.00323206   -0.09348540    0.14629154    0.07102926    0.00487880
    0.04725828   -0.00323304   -0.09348540    0.14629154    0.07102350    0.00488028
    0.04725460   -0.00323450   -0.09348540    0.14629154    0.07101797    0.00488248
    0.04725113   -0.00323640   -0.09348540    0.14629154    0.07101276    0.00488536
    0.04724793   -0.00323873   -0.09348540    0.14629154    0.07100795    0.00488887
    0.04724505   -0.00324144   -0.09348540    0.14629154    0.07100361    0.00489296
    0.04724252   -0.00324449   -0.09348540    0.14629154    0.07099982    0.00489756
    0.04724040   -0.00324783   -0.09348540    0.14629154    0.07099664    0.00490261
    0.04723872   -0.00325141   -0.09348540    0.14629154    0.07099410    0.00490801
    0.04723750   -0.00325517   -0.09348540    0.14629154    0.07099227    0.00491369
    0.04723675   -0.00325906   -0.09348540    0.14629154    0.07099115    0.00491956
    0.04723651   -0.00326301   -0.09348540    0.14629154    0.07099078    0.00492552
    0.04723675   -0.00326696   -0.09348540    0.14629154    0.07099115    0.00493148
    0.04723750   -0.00327085   -0.09348540    0.14629154    0.07099227    0.00493735
    0.04723872   -0.00327461   -0.09348540    0.14629154    0.07099410    0.00494303
    0.04724040   -0.00327819   -0.09348540    0.14629154    0.07099664    0.00494844
    0.04724252   -0.00328153   -0.09348540    0.14629154    0.07099982    0.00495348
    0.04724505   -0.00328458   -0.09348540    0.14629154    0.07100361    0.00495808
    0.04724793   -0.00328729   -0.09348540    0.14629154    0.07100795    0.00496217
    0.04725113   -0.00328962   -0.09348540    0.14629154    0.07101276    0.00496568
    0.04725460   -0.00329152   -0.09348540    0.14629154    0.07101797    0.00496856
    0.04725828   -0.00329298   -0.09348540    0.14629154    0.07102350    0.00497076
    0.04726211   -0.00329396   -0.09348540    0.14629154    0.07102926    0.00497224
    0.04726604   -0.00329446   -0.09348540    0.14629154    0.07103516    0.00497299
    0.04727000   -0.00329446   -0.09348540    0.14629154    0.07104111    0.00497299
    0.04727392   -0.00329396   -0.09348540    0.14629154    0.07104701    0.00497224
    0.04727775   -0.00329298   -0.09348540    0.14629154    0.07105277    0.00497076
    0.04728143   -0.00329152   -0.09348540    0.14629154    0.07105830    0.00496856
    0.04728490   -0.00328962   -0.09348540    0.14629154    0.07106351    0.00496568
    0.04728810   -0.00328729   -0.09348540    0.14629154    0.07106832    0.00496217
    0.04729099   -0.00328458   -0.09348540    0.14629154    0.07107266    0.00495808
    0.04729351   -0.00328153   -0.09348540    0.14629154    0.07107645    0.00495348
    0.04729563   -0.00327819   -0.09348540    0.14629154    0.07107964    0.00494844
    0.04729731   -0.00327461   -0.09348540    0.14629154    0.07108217    0.00494303
    0.04729854   -0.00327085   -0.09348540    0.14629154    0.07108400    0.00493735
    0.04729928   -0.00326696   -0.09348540    0.14629154    0.07108512    0.00493148
    0.04729338   -0.00326301   -0.09348358    0.14628868    0.07107626    0.00492552
    0.04729318   -0.00325983   -0.09348358    0.14628868    0.07107596    0.00492072
    0.04729259   -0.00325670   -0.09348358    0.14628868    0.07107506    0.00491600
    0.04729160   -0.00325367   -0.09348358    0.14628868    0.07107358    0.00491143
    0.04729024   -0.00325079   -0.09348358    0.14628868    0.07107154    0.00490708
    0.04728854   -0.00324810   -0.09348358    0.14628868    0.07106898    0.00490302
    0.04728651   -0.00324565   -0.09348358    0.14628868    0.07106592    0.00489931
    0.04728419   -0.00324347   -0.09348358    0.14628868    0.07106244    0.00489602
    0.04728161   -0.00324159   -0.09348358    0.14628868    0.07105856    0.00489319
    0.04727882   -0.00324006   -0.09348358    0.14628868    0.07105437    0.00489088
    0.04727586   -0.00323889   -0.09348358    0.14628868    0.07104992    0.00488911
    0.04727277   -0.00323809   -0.09348358    0.14628868    0.07104528    0.00488791
    0.04726961   -0.00323770   -0.09348358    0.14628868    0.07104053    0.00488731
    0.04726642   -0.00323770   -0.09348358    0.14628868    0.07103574    0.00488731
    0.04726326   -0.00323809   -0.09348358    0.14628868    0.07103099    0.00488791
    0.04726018   -0.00323889   -0.09348358    0.14628868    0.07102636    0.00488911
    0.04725722   -0.00324006   -0.09348358    0.14628868    0.07102190    0.00489088
    0.04725443   -0.00324159   -0.09348358    0.14628868    0.07101771    0.00489319
    0.04725185   -0.00324347   -0.09348358    0.14628868    0.07101384    0.00489602
    0.04724953   -0.00324565   -0.09348358    0.14628868    0.07101035    0.00489931
    0.04724750   -0.00324810   -0.09348358    0.14628868    0.07100730    0.00490302
    0.04724579   -0.00325079   -0.09348358    0.14628868    0.07100473    0.00490708
    0.04724443   -0.00325367   -0.09348358    0.14628868    0.07100269    0.00491143
    0.04724345   -0.00325670   -0.09348358    0.14628868    0.07100121    0.00491600
    0.04724285   -0.00325983   -0.09348358    0.14628868    0.07100032    0.00492072
    0.04724265   -0.00326301   -0.09348358    0.14628868    0.07100001    0.00492552
    0.04724285   -0.00326619   -0.09348358    0.14628868    0.07100032    0.00493032
    0.04724345   -0.00326932   -0.09348358    0.14628868    0.07100121    0.00493504
    0.04724443   -0.00327235   -0.09348358    0.14628868    0.07100269    0.00493962
    0.04724579   -0.00327523   -0.09348358    0.14628868    0.07100473    0.00494397
    0.04724750   -0.00327792   -0.09348358    0.14628868    0.07100730    0.00494803
    0.04724953   -0.00328037   -0.09348358    0.14628868    0.07101035    0.00495173
    0.04725185   -0.00328255   -0.09348358    0.14628868    0.07101384    0.00495502
    0.04725443   -0.00328443   -0.09348358    0.14628868    0.07101771    0.00495785
    0.04725722   -0.00328596   -0.09348358    0.14628868    0.07102190    0.00496017
    0.04726018   -0.00328713   -0.09348358    0.14628868    0.07102636    0.00496194
    0.04726326   -0.00328793   -0.09348358    0.14628868    0.07103099    0.00496313
    0.04726642   -0.00328833   -0.09348358    0.14628868    0.07103574    0.00496374
    0.04726961   -0.00328833   -0.09348358    0.14628868    0.07104053    0.00496374
    0.04727277   -0.00328793   -0.09348358    0.14628868    0.07104528    0.00496313
    0.04727586   -0.00328713   -0.09348358    0.14628868    0.07104992    0.00496194
    0.04727882   -0.00328596   -0.09348358    0.14628868    0.07105437    0.00496017
    0.04728161   -0.00328443   -0.09348358    0.14628868    0.07105856    0.00495785
    0.04728419   -0.00328255   -0.09348358    0.14628868    0.07106244    0.00495502
    0.04728651   -0.00328037   -0.09348358    0.14628868    0.07106592    0.00495173
    0.04728854   -0.00327792   -0.09348358    0.14628868    0.07106898    0.00494803
    0.04729024   -0.00327523   -0.09348358    0.14628868    0.07107154    0.00494397
    0.04729160   -0.00327235   -0.09348358    0.14628868    0.07107358    0.00493962
    0.04729259   -0.00326932   -0.09348358    0.14628868    0.07107506    0.00493504
    0.04729318   -0.00326619   -0.09348358    0.14628868    0.07107596    0.00493032
    0.04728713   -0.00326301   -0.09348215    0.14628645    0.07106686    0.00492552
    0.04728698   -0.00326061   -0.09348215    0.14628645    0.07106664    0.00492191
    0.04728653   -0.00325826   -0.09348215    0.14628645    0.07106596    0.00491835
    0.04728579   -0.00325597   -0.09348215    0.14628645    0.07106485    0.00491490
    0.04728477   -0.00325380   -0.09348215    0.14628645    0.07106331    0.00491162
    0.04728348   -0.00325177   -0.09348215    0.14628645    0.07106138    0.00490856
    0.04728195   -0.00324992   -0.09348215    0.14628645    0.07105908    0.00490577
    0.04728020   -0.00324828   -0.09348215    0.14628645    0.07105645    0.00490329
    0.04727826   -0.00324687   -0.09348215    0.14628645    0.07105353    0.00490116
    0.04727616   -0.00324571   -0.09348215    0.14628645    0.07105037    0.00489941
    0.04727392   -0.00324483   -0.09348215    0.14628645    0.07104701    0.00489808
    0.04727160   -0.00324423   -0.09348215    0.14628645    0.07104352    0.00489718
    0.04726922   -0.00324393   -0.09348215    0.14628645    0.07103994    0.00489672
    0.04726682   -0.00324393   -0.09348215    0.14628645    0.07103633    0.00489672
    0.04726444   -0.00324423   -0.09348215    0.14628645    0.07103275    0.00489718
    0.04726211   -0.00324483   -0.09348215    0.14628645    0.07102926    0.00489808
    0.04725988   -0.00324571   -0.09348215    0.14628645    0.07102590    0.00489941
    0.04725777   -0.00324687   -0.09348215    0.14628645    0.07102274    0.00490116
    0.04725583   -0.00324828   -0.09348215    0.14628645    0.07101982    0.00490329
    0.04725408   -0.00324992   -0.09348215    0.14628645    0.07101719    0.00490577
    0.04725255   -0.00325177   -0.09348215    0.14628645    0.07101489    0.00490856
    0.04725127   -0.00325380   -0.09348215    0.14628645    0.07101296    0.00491162
    0.04725024   -0.00325597   -0.09348215    0.14628645    0.07101142    0.00491490
    0.04724950   -0.00325826   -0.09348215    0.14628645    0.07101031    0.00491835
    0.04724905   -0.00326061   -0.09348215    0.14628645    0.07100963    0.00492191
    0.04724890   -0.00326301   -0.09348215    0.14628645    0.07100941    0.00492552
    0.04724905   -0.00326541   -0.09348215    0.14628645    0.07100963    0.00492914
    0.04724950   -0.00326776   -0.09348215    0.14628645    0.07101031    0.00493270
    0.04725024   -0.00327005   -0.09348215    0.14628645    0.07101142    0.00493614
    0.04725127   -0.00327222   -0.09348215    0.14628645    0.07101296    0.00493942
    0.04725255   -0.00327425   -0.09348215    0.14628645    0.07101489    0.00494248
    0.04725408   -0.00327610   -0.09348215    0.14628645    0.07101719    0.00494527
    0.04725583   -0.00327774   -0.09348215    0.14628645    0.07101982    0.00494776
    0.04725777   -0.00327915   -0.09348215    0.14628645    0.07102274    0.00494989
    0.04725988   -0.00328031   -0.09348215    0.14628645    0.07102590    0.00495163
    0.04726211   -0.00328119   -0.09348215    0.14628645    0.07102926    0.00495296
    0.04726444   -0.00328179   -0.09348215    0.14628645    0.07103275    0.00495387
    0.04726682   -0.00328209   -0.09348215    0.14628645    0.07103633    0.00495432
    0.04726922   -0.00328209   -0.09348215    0.14628645    0.07103994    0.00495432
    0.04727160   -0.00328179   -0.09348215    0.14628645    0.07104352    0.00495387
    0.04727392   -0.00328119   -0.09348215    0.14628645    0.07104701    0.00495296
    0.04727616   -0.00328031   -0.09348215    0.14628645    0.07105037    0.00495163
    0.04727826   -0.00327915   -0.09348215    0.14628645    0.07105353    0.00494989
    0.04728020   -0.00327774   -0.09348215    0.14628645    0.07105645    0.00494776
    0.04728195   -0.00327610   -0.09348215    0.14628645    0.07105908    0.00494527
    0.04728348   -0.00327425   -0.09348215    0.14628645    0.07106138    0.00494248
    0.04728477   -0.00327222   -0.09348215    0.14628645    0.07106331    0.00493942
    0.04728579   -0.00327005   -0.09348215    0.14628645    0.07106485    0.00493614
    0.04728653   -0.00326776   -0.09348215    0.14628645    0.07106596    0.00493270
    0.04728698   -0.00326541   -0.09348215    0.14628645    0.07106664    0.00492914
    0.04728080   -0.00326301   -0.09348113    0.14628485    0.07105735    0.00492552
    0.04728070   -0.00326141   -0.09348113    0.14628485    0.07105720    0.00492310
    0.04728040   -0.00325983   -0.09348113    0.14628485    0.07105675    0.00492072
    0.04727991   -0.00325830   -0.09348113    0.14628485    0.07105600    0.00491842
    0.04727922   -0.00325685   -0.09348113    0.14628485    0.07105498    0.00491622
    0.04727836   -0.00325549   -0.09348113    0.14628485    0.07105368    0.00491418
    0.04727734   -0.00325426   -0.09348113    0.14628485    0.07105215    0.00491231
    0.04727617   -0.00325316   -0.09348113    0.14628485    0.07105039    0.00491065
    0.04727487   -0.00325221   -0.09348113    0.14628485    0.07104843    0.00490922
    0.04727346   -0.00325144   -0.09348113    0.14628485    0.07104632    0.00490806
    0.04727197   -0.00325085   -0.09348113    0.14628485    0.07104407    0.00490716
    0.04727041   -0.00325045   -0.09348113    0.14628485    0.07104174    0.00490656
    0.04726882   -0.00325025   -0.09348113    0.14628485    0.07103934    0.00490626
    0.04726721   -0.00325025   -0.09348113    0.14628485    0.07103693    0.00490626
    0.04726562   -0.00325045   -0.09348113    0.14628485    0.07103453    0.00490656
    0.04726407   -0.00325085   -0.09348113    0.14628485    0.07103220    0.00490716
    0.04726257   -0.00325144   -0.09348113    0.14628485    0.07102995    0.00490806
    0.04726116   -0.00325221   -0.09348113    0.14628485    0.07102784    0.00490922
    0.04725987   -0.00325316   -0.09348113    0.14628485    0.07102589    0.00491065
    0.04725870   -0.00325426   -0.09348113    0.14628485    0.07102413    0.00491231
    0.04725767   -0.00325549   -0.09348113    0.14628485    0.07102259    0.00491418
    0.04725681   -0.00325685   -0.09348113    0.14628485    0.07102129    0.00491622
    0.04725613   -0.00325830   -0.09348113    0.14628485    0.07102027    0.00491842
    0.04725563   -0.00325983   -0.09348113    0.14628485    0.07101952    0.00492072
    0.04725533   -0.00326141   -0.09348113    0.14628485    0.07101907    0.00492310
    0.04725523   -0.00326301   -0.09348113    0.14628485    0.07101892    0.00492552
    0.04725533   -0.00326461   -0.09348113    0.14628485    0.07101907    0.00492794
    0.04725563   -0.00326619   -0.09348113    0.14628485    0.07101952    0.00493032
    0.04725613   -0.00326772   -0.09348113    0.14628485    0.07102027    0.00493263
    0.04725681   -0.00326917   -0.09348113    0.14628485    0.07102129    0.00493482
    0.04725767   -0.00327053   -0.09348113    0.14628485    0.07102259    0.00493687
    0.04725870   -0.00327176   -0.09348113    0.14628485    0.07102413    0.00493874
    0.04725987   -0.00327286   -0.09348113    0.14628485    0.07102589    0.00494039
    0.04726116   -0.00327381   -0.09348113    0.14628485    0.07102784    0.00494182
    0.04726257   -0.00327458   -0.09348113    0.14628485    0.07102995    0.00494299
    0.04726407   -0.00327517   -0.09348113    0.14628485    0.07103220    0.00494388
    0.04726562   -0.00327557   -0.09348113    0.14628485    0.07103453    0.00494448
    0.04726721   -0.00327577   -0.09348113    0.14628485    0.07103693    0.00494479
    0.04726882   -0.00327577   -0.09348113    0.14628485    0.07103934    0.00494479
    0.04727041   -0.00327557   -0.09348113    0.14628485    0.07104174    0.00494448
    0.04727197   -0.00327517   -0.09348113    0.14628485    0.07104407    0.00494388
    0.04727346   -0.00327458   -0.09348113    0.14628485    0.07104632    0.00494299
    0.04727487   -0.00327381   -0.09348113    0.14628485    0.07104843    0.00494182
    0.04727617   -0.00327286   -0.09348113    0.14628485    0.07105039    0.00494039
    0.04727734   -0.00327176   -0.09348113    0.14628485    0.07105215    0.00493874
    0.04727836   -0.00327053   -0.09348113    0.14628485    0.07105368    0.00493687
    0.04727922   -0.00326917   -0.09348113    0.14628485    0.07105498    0.00493482
    0.04727991   -0.00326772   -0.09348113    0.14628485    0.07105600    0.00493263
    0.04728040   -0.00326619   -0.09348113    0.14628485    0.07105675    0.00493032
    0.04728070   -0.00326461   -0.09348113    0.14628485    0.07105720    0.00492794
    0.04727442   -0.00326301   -0.09348051    0.14628389    0.07104776    0.00492552
    0.04727437   -0.00326221   -0.09348051    0.14628389    0.07104769    0.00492431
    0.04727422   -0.00326142   -0.09348051    0.14628389    0.07104746    0.00492312
    0.04727397   -0.00326065   -0.09348051    0.14628389    0.07104709    0.00492196
    0.04727363   -0.00325992   -0.09348051    0.14628389    0.07104657    0.00492086
    0.04727320   -0.00325924   -0.09348051    0.14628389    0.07104593    0.00491984
    0.04727269   -0.00325862   -0.09348051    0.14628389    0.07104516    0.00491890
    0.04727210   -0.00325807   -0.09348051    0.14628389    0.07104427    0.00491807
    0.04727145   -0.00325760   -0.09348051    0.14628389    0.07104330    0.00491736
    0.04727074   -0.00325721   -0.09348051    0.14628389    0.07104224    0.00491677
    0.04727000   -0.00325692   -0.09348051    0.14628389    0.07104111    0.00491632
    0.04726922   -0.00325672   -0.09348051    0.14628389    0.07103994    0.00491602
    0.04726842   -0.00325662   -0.09348051    0.14628389    0.07103874    0.00491587
    0.04726761   -0.00325662   -0.09348051    0.14628389    0.07103753    0.00491587
    0.04726682   -0.00325672   -0.09348051    0.14628389    0.07103633    0.00491602
    0.04726604   -0.00325692   -0.09348051    0.14628389    0.07103516    0.00491632
    0.04726529   -0.00325721   -0.09348051    0.14628389    0.07103404    0.00491677
    0.04726458   -0.00325760   -0.09348051    0.14628389    0.07103298    0.00491736
    0.04726393   -0.00325807   -0.09348051    0.14628389    0.07103200    0.00491807
    0.04726335   -0.00325862   -0.09348051    0.14628389    0.07103112    0.00491890
    0.04726283   -0.00325924   -0.09348051    0.14628389    0.07103035    0.00491984
    0.04726240   -0.00325992   -0.09348051    0.14628389    0.07102970    0.00492086
    0.04726206   -0.00326065   -0.09348051    0.14628389    0.07102918    0.00492196
    0.04726181   -0.00326142   -0.09348051    0.14628389    0.07102881    0.00492312
    0.04726166   -0.00326221   -0.09348051    0.14628389    0.07102858    0.00492431
    0.04726161   -0.00326301   -0.09348051    0.14628389    0.07102851    0.00492552
    0.04726166   -0.00326381   -0.09348051    0.14628389    0.07102858    0.00492673
    0.04726181   -0.00326460   -0.09348051    0.14628389    0.07102881    0.00492793
    0.04726206   -0.00326537   -0.09348051    0.14628389    0.07102918    0.00492908
    0.04726240   -0.00326610   -0.09348051    0.14628389    0.07102970    0.00493018
    0.04726283   -0.00326678   -0.09348051    0.14628389    0.07103035    0.00493121
    0.04726335   -0.00326740   -0.09348051    0.14628389    0.07103112    0.00493214
    0.04726393   -0.00326795   -0.09348051    0.14628389    0.07103200    0.00493297
    0.04726458   -0.00326842   -0.09348051    0.14628389    0.07103298    0.00493369
    0.04726529   -0.00326881   -0.09348051    0.14628389    0.07103404    0.00493427
    0.04726604   -0.00326910   -0.09348051    0.14628389    0.07103516    0.00493472
    0.04726682   -0.00326930   -0.09348051    0.14628389    0.07103633    0.00493502
    0.04726761   -0.00326940   -0.09348051    0.14628389    0.07103753    0.00493517
    0.04726842   -0.00326940   -0.09348051    0.14628389    0.07103874    0.00493517
    0.04726922   -0.00326930   -0.09348051    0.14628389    0.07103994    0.00493502
    0.04727000   -0.00326910   -0.09348051    0.14628389    0.07104111    0.00493472
    0.04727074   -0.00326881   -0.09348051    0.14628389    0.07104224    0.00493427
    0.04727145   -0.00326842   -0.09348051    0.14628389    0.07104330    0.00493369
    0.04727210   -0.00326795   -0.09348051    0.14628389    0.07104427    0.00493297
    0.04727269   -0.00326740   -0.09348051    0.14628389    0.07104516    0.00493214
    0.04727320   -0.00326678   -0.09348051    0.14628389    0.07104593    0.00493121
    0.04727363   -0.00326610   -0.09348051    0.14628389    0.07104657    0.00493018
    0.04727397   -0.00326537   -0.09348051    0.14628389    0.07104709    0.00492908
    0.04727422   -0.00326460   -0.09348051    0.14628389    0.07104746    0.00492793
    0.04727437   -0.00326381   -0.09348051    0.14628389    0.07104769    0.00492673
    0.04726866   -0.00326301   -0.09348031    0.14628357    0.07103910    0.00492552
    0.04726865   -0.00326293   -0.09348031    0.14628357    0.07103909    0.00492540
    0.04726864   -0.00326285   -0.09348031    0.14628357    0.07103907    0.00492528
    0.04726861   -0.00326277   -0.09348031    0.14628357    0.07103903    0.00492517
    0.04726858   -0.00326270   -0.09348031    0.14628357    0.07103898    0.00492506
    0.04726854   -0.00326263   -0.09348031    0.14628357    0.07103892    0.00492495
    0.04726848   -0.00326257   -0.09348031    0.14628357    0.07103884    0.00492486
    0.04726843   -0.00326252   -0.09348031    0.14628357    0.07103875    0.00492478
    0.04726836   -0.00326247   -0.09348031    0.14628357    0.07103865    0.00492470
    0.04726829   -0.00326243   -0.09348031    0.14628357    0.07103855    0.00492465
    0.04726822   -0.00326240   -0.09348031    0.14628357    0.07103843    0.00492460
    0.04726814   -0.00326238   -0.09348031    0.14628357    0.07103832    0.00492457
    0.04726806   -0.00326237   -0.09348031    0.14628357    0.07103820    0.00492456
    0.04726798   -0.00326237   -0.09348031    0.14628357    0.07103808    0.00492456
    0.04726790   -0.00326238   -0.09348031    0.14628357    0.07103796    0.00492457
    0.04726782   -0.00326240   -0.09348031    0.14628357    0.07103784    0.00492460
    0.04726774   -0.00326243   -0.09348031    0.14628357    0.07103773    0.00492465
    0.04726767   -0.00326247   -0.09348031    0.14628357    0.07103762    0.00492470
    0.04726761   -0.00326252   -0.09348031    0.14628357    0.07103752    0.00492478
    0.04726755   -0.00326257   -0.09348031    0.14628357    0.07103743    0.00492486
    0.04726750   -0.00326263   -0.09348031    0.14628357    0.07103736    0.00492495
    0.04726746   -0.00326270   -0.09348031    0.14628357    0.07103729    0.00492506
    0.04726742   -0.00326277   -0.09348031    0.14628357    0.07103724    0.00492517
    0.04726740   -0.00326285   -0.09348031    0.14628357    0.07103720    0.00492528
    0.04726738   -0.00326293   -0.09348031    0.14628357    0.07103718    0.00492540
    0.04726738   -0.00326301   -0.09348031    0.14628357    0.07103717    0.00492552
    0.04726738   -0.00326309   -0.09348031    0.14628357    0.07103718    0.00492564
    0.04726740   -0.00326317   -0.09348031    0.14628357    0.07103720    0.00492576
    0.04726742   -0.00326325   -0.09348031    0.14628357    0.07103724    0.00492588
    0.04726746   -0.00326332   -0.09348031    0.14628357    0.07103729    0.00492599
    0.04726750   -0.00326339   -0.09348031    0.14628357    0.07103736    0.00492609
    0.04726755   -0.00326345   -0.09348031    0.14628357    0.07103743    0.00492618
    0.04726761   -0.00326350   -0.09348031    0.14628357    0.07103752    0.00492627
    0.04726767   -0.00326355   -0.09348031    0.14628357    0.07103762    0.00492634
    0.04726774   -0.00326359   -0.09348031    0.14628357    0.07103773    0.00492640
    0.04726782   -0.00326362   -0.09348031    0.14628357    0.07103784    0.00492644
    0.04726790   -0.00326364   -0.09348031    0.14628357    0.07103796    0.00492647
    0.04726798   -0.00326365   -0.09348031    0.14628357    0.07103808    0.00492649
    0.04726806   -0.00326365   -0.09348031    0.14628357    0.07103820    0.00492649
    0.04726814   -0.00326364   -0.09348031    0.14628357    0.07103832    0.00492647
    0.04726822   -0.00326362   -0.09348031    0.14628357    0.07103843    0.00492644
    0.04726829   -0.00326359   -0.09348031    0.14628357    0.07103855    0.00492640
    0.04726836   -0.00326355   -0.09348031    0.14628357    0.07103865    0.00492634
    0.04726843   -0.00326350   -0.09348031    0.14628357    0.07103875    0.00492627
    0.04726848   -0.00326345   -0.09348031    0.14628357    0.07103884    0.00492618
    0.04726854   -0.00326339   -0.09348031    0.14628357    0.07103892    0.00492609
    0.04726858   -0.00326332   -0.09348031    0.14628357    0.07103898    0.00492599
    0.04726861   -0.00326325   -0.09348031    0.14628357    0.07103903    0.00492588
    0.04726864   -0.00326317   -0.09348031    0.14628357    0.07103907    0.00492576
    0.04726865   -0.00326309   -0.09348031    0.14628357    0.07103909    0.00492564
