    0.03256358   -0.00000001    0.20544881    0.04893844    0.00000000    0.32149682
    0.03256357    0.00000008    0.20544881    0.04893843    0.00000012    0.32149682
    0.03256356    0.00000015    0.20544881    0.04893841    0.00000024    0.32149682
    0.03256353    0.00000023    0.20544881    0.04893837    0.00000036    0.32149682
    0.03256350    0.00000030    0.20544881    0.04893832    0.00000047    0.32149682
    0.03256345    0.00000037    0.20544881    0.04893825    0.00000057    0.32149682
    0.03256340    0.00000043    0.20544881    0.04893818    0.00000067    0.32149682
    0.03256334    0.00000049    0.20544881    0.04893809    0.00000075    0.32149682
    0.03256328    0.00000054    0.20544881    0.04893799    0.00000082    0.32149682
    0.03256321    0.00000057    0.20544881    0.04893788    0.00000088    0.32149682
    0.03256313    0.00000060    0.20544881    0.04893777    0.00000092    0.32149682
    0.03256306    0.00000062    0.20544881    0.04893765    0.00000095    0.32149682
    0.03256298    0.00000063    0.20544881    0.04893753    0.00000097    0.32149682
    0.03256290    0.00000063    0.20544881    0.04893741    0.00000097    0.32149682
    0.03256282    0.00000062    0.20544881    0.04893729    0.00000095    0.32149682
    0.03256274    0.00000060    0.20544881    0.04893718    0.00000092    0.32149682
    0.03256266    0.00000057    0.20544881    0.04893706    0.00000088    0.32149682
    0.03256259    0.00000054    0.20544881    0.04893696    0.00000082    0.32149682
    0.03256253    0.00000049    0.20544881    0.04893686    0.00000075    0.32149682
    0.03256247    0.00000043    0.20544881    0.04893677    0.00000067    0.32149682
    0.03256242    0.00000037    0.20544881    0.04893669    0.00000057    0.32149682
    0.03256237    0.00000030    0.20544881    0.04893663    0.00000047    0.32149682
    0.03256234    0.00000023    0.20544881    0.04893658    0.00000036    0.32149682
    0.03256231    0.00000015    0.20544881    0.04893654    0.00000024    0.32149682
    0.03256230    0.00000008    0.20544881    0.04893652    0.00000012    0.32149682
    0.03256229   -0.00000001    0.20544881    0.04893651    0.00000000    0.32149682
    0.03256230   -0.00000009    0.20544881    0.04893652   -0.00000012    0.32149682
    0.03256231   -0.00000016    0.20544881    0.04893654   -0.00000024    0.32149682
    0.03256234   -0.00000024    0.20544881    0.04893658   -0.00000035    0.32149682
    0.03256237   -0.00000031    0.20544881    0.04893663   -0.00000046    0.32149682
    0.03256242   -0.00000038    0.20544881    0.04893669   -0.00000057    0.32149682
    0.03256247   -0.00000044    0.20544881    0.04893677   -0.00000066    0.32149682
    0.03256253   -0.00000050    0.20544881    0.04893686   -0.00000074    0.32149682
    0.03256259   -0.00000055    0.20544881    0.04893696   -0.00000081    0.32149682
    0.03256266   -0.00000059    0.20544881    0.04893706   -0.00000087    0.32149682
    0.03256274   -0.00000062    0.20544881    0.04893718   -0.00000092    0.32149682
    0.03256282   -0.00000064    0.20544881    0.04893729   -0.00000095    0.32149682
    0.03256290   -0.00000065    0.20544881    0.04893741   -0.00000096    0.32149682
    0.03256298   -0.00000065    0.20544881    0.04893753   -0.00000096    0.32149682
    0.03256306   -0.00000064    0.20544881    0.04893765   -0.00000095    0.32149682
    0.03256313   -0.00000062    0.20544881    0.04893777   -0.00000092    0.32149682
    0.03256321   -0.00000059    0.20544881    0.04893788   -0.00000087    0.32149682
    0.03256328   -0.00000055    0.20544881    0.04893799   -0.00000081    0.32149682
    0.03256334   -0.00000050    0.20544881    0.04893809   -0.00000074    0.32149682
    0.03256340   -0.00000044    0.20544881    0.04893818   -0.00000066    0.32149682
    0.03256345   -0.00000038    0.20544881    0.04893825   -0.00000057    0.32149682
    0.03256350   -0.00000031    0.20544881    0.04893832   -0.00000046    0.32149682
    0.03256353   -0.00000024    0.20544881    0.04893837   -0.00000035    0.32149682
    0.03256356   -0.00000016    0.20544881    0.04893841   -0.00000024    0.32149682
    0.03256357   -0.00000009    0.20544881    0.04893843   -0.00000012    0.32149682
    0.03256934   -0.00000001    0.20544902    0.04894710    0.00000000    0.32149713
    0.03256929    0.00000080    0.20544902    0.04894703    0.00000121    0.32149713
    0.03256914    0.00000159    0.20544902    0.04894680    0.00000241    0.32149713
    0.03256889    0.00000235    0.20544902    0.04894643    0.00000356    0.32149713
    0.03256855    0.00000308    0.20544902    0.04894591    0.00000466    0.32149713
    0.03256812    0.00000376    0.20544902    0.04894526    0.00000569    0.32149713
    0.03256761    0.00000438    0.20544902    0.04894449    0.00000662    0.32149713
    0.03256702    0.00000493    0.20544902    0.04894361    0.00000745    0.32149713
    0.03256637    0.00000540    0.20544902    0.04894263    0.00000817    0.32149713
    0.03256566    0.00000579    0.20544902    0.04894157    0.00000875    0.32149713
    0.03256492    0.00000609    0.20544902    0.04894045    0.00000920    0.32149713
    0.03256414    0.00000629    0.20544902    0.04893928    0.00000950    0.32149713
    0.03256334    0.00000639    0.20544902    0.04893808    0.00000965    0.32149713
    0.03256253    0.00000639    0.20544902    0.04893687    0.00000965    0.32149713
    0.03256173    0.00000629    0.20544902    0.04893567    0.00000950    0.32149713
    0.03256096    0.00000609    0.20544902    0.04893450    0.00000920    0.32149713
    0.03256021    0.00000579    0.20544902    0.04893337    0.00000875    0.32149713
    0.03255950    0.00000540    0.20544902    0.04893231    0.00000817    0.32149713
    0.03255885    0.00000493    0.20544902    0.04893134    0.00000745    0.32149713
    0.03255826    0.00000438    0.20544902    0.04893046    0.00000662    0.32149713
    0.03255775    0.00000376    0.20544902    0.04892968    0.00000569    0.32149713
    0.03255732    0.00000308    0.20544902    0.04892904    0.00000466    0.32149713
    0.03255698    0.00000235    0.20544902    0.04892852    0.00000356    0.32149713
    0.03255673    0.00000159    0.20544902    0.04892815    0.00000241    0.32149713
    0.03255658    0.00000080    0.20544902    0.04892792    0.00000121    0.32149713
    0.03255653   -0.00000001    0.20544902    0.04892785    0.00000000    0.32149713
    0.03255658   -0.00000081    0.20544902    0.04892792   -0.00000121    0.32149713
    0.03255673   -0.00000160    0.20544902    0.04892815   -0.00000240    0.32149713
    0.03255698   -0.00000236    0.20544902    0.04892852   -0.00000356    0.32149713
    0.03255732   -0.00000309    0.20544902    0.04892904   -0.00000466    0.32149713
    0.03255775   -0.00000377    0.20544902    0.04892968   -0.00000568    0.32149713
    0.03255826   -0.00000439    0.20544902    0.04893046   -0.00000662    0.32149713
    0.03255885   -0.00000494    0.20544902    0.04893134   -0.00000745    0.32149713
    0.03255950   -0.00000541    0.20544902    0.04893231   -0.00000816    0.32149713
    0.03256021   -0.00000580    0.20544902    0.04893337   -0.00000875    0.32149713
    0.03256096   -0.00000610    0.20544902    0.04893450   -0.00000920    0.32149713
    0.03256173   -0.00000630    0.20544902    0.04893567   -0.00000950    0.32149713
    0.03256253   -0.00000640    0.20544902    0.04893687   -0.00000965    0.32149713
    0.03256334   -0.00000640    0.20544902    0.04893808   -0.00000965    0.32149713
    0.03256414   -0.00000630    0.20544902    0.04893928   -0.00000950    0.32149713
    0.03256492   -0.00000610    0.20544902    0.04894045   -0.00000920    0.32149713
    0.03256566   -0.00000580    0.20544902    0.04894157   -0.00000875    0.32149713
    0.03256637   -0.00000541    0.20544902    0.04894263   -0.00000816    0.32149713
    0.03256702   -0.00000494    0.20544902    0.04894361   -0.00000745    0.32149713
    0.03256761   -0.00000439    0.20544902    0.04894449   -0.00000662    0.32149713
    0.03256812   -0.00000377    0.20544902    0.04894526   -0.00000568    0.32149713
    0.03256855   -0.00000309    0.20544902    0.04894591   -0.00000466    0.32149713
    0.03256889   -0.00000236    0.20544902    0.04894643   -0.00000356    0.32149713
    0.03256914   -0.00000160    0.20544902    0.04894680   -0.00000240    0.32149713
    0.03256929   -0.00000081    0.20544902    0.04894703   -0.00000121    0.32149713
    0.03257572   -0.00000001    0.20544963    0.04895669    0.00000000    0.32149810
    0.03257562    0.00000160    0.20544963    0.04895654    0.00000242    0.32149810
    0.03257532    0.00000317    0.20544963    0.04895609    0.00000480    0.32149810
    0.03257483    0.00000470    0.20544963    0.04895534    0.00000711    0.32149810
    0.03257414    0.00000616    0.20544963    0.04895432    0.00000930    0.32149810
    0.03257328    0.00000751    0.20544963    0.04895302    0.00001135    0.32149810
    0.03257226    0.00000875    0.20544963    0.04895148    0.00001322    0.32149810
    0.03257109    0.00000985    0.20544963    0.04894972    0.00001488    0.32149810
    0.03256979    0.00001079    0.20544963    0.04894777    0.00001630    0.32149810
    0.03256838    0.00001157    0.20544963    0.04894566    0.00001747    0.32149810
    0.03256689    0.00001216    0.20544963    0.04894341    0.00001836    0.32149810
    0.03256533    0.00001256    0.20544963    0.04894108    0.00001896    0.32149810
    0.03256374    0.00001276    0.20544963    0.04893868    0.00001927    0.32149810
    0.03256213    0.00001276    0.20544963    0.04893627    0.00001927    0.32149810
    0.03256054    0.00001256    0.20544963    0.04893387    0.00001896    0.32149810
    0.03255898    0.00001216    0.20544963    0.04893154    0.00001836    0.32149810
    0.03255749    0.00001157    0.20544963    0.04892929    0.00001747    0.32149810
    0.03255608    0.00001079    0.20544963    0.04892718    0.00001630    0.32149810
    0.03255478    0.00000985    0.20544963    0.04892522    0.00001488    0.32149810
    0.03255361    0.00000875    0.20544963    0.04892346    0.00001322    0.32149810
    0.03255259    0.00000751    0.20544963    0.04892193    0.00001135    0.32149810
    0.03255173    0.00000616    0.20544963    0.04892063    0.00000930    0.32149810
    0.03255105    0.00000470    0.20544963    0.04891961    0.00000711    0.32149810
    0.03255055    0.00000317    0.20544963    0.04891886    0.00000480    0.32149810
    0.03255025    0.00000160    0.20544963    0.04891841    0.00000242    0.32149810
    0.03255015   -0.00000001    0.20544963    0.04891826    0.00000000    0.32149810
    0.03255025   -0.00000161    0.20544963    0.04891841   -0.00000242    0.32149810
    0.03255055   -0.00000319    0.20544963    0.04891886   -0.00000480    0.32149810
    0.03255105   -0.00000471    0.20544963    0.04891961   -0.00000710    0.32149810
    0.03255173   -0.00000617    0.20544963    0.04892063   -0.00000930    0.32149810
    0.03255259   -0.00000752    0.20544963    0.04892193   -0.00001134    0.32149810
    0.03255361   -0.00000876    0.20544963    0.04892346   -0.00001321    0.32149810
    0.03255478   -0.00000986    0.20544963    0.04892522   -0.00001487    0.32149810
    0.03255608   -0.00001080    0.20544963    0.04892718   -0.00001629    0.32149810
    0.03255749   -0.00001158    0.20544963    0.04892929   -0.00001746    0.32149810
    0.03255898   -0.00001217    0.20544963    0.04893154   -0.00001836    0.32149810
    0.03256054   -0.00001257    0.20544963    0.04893387   -0.00001896    0.32149810
    0.03256213   -0.00001277    0.20544963    0.04893627   -0.00001926    0.32149810
    0.03256374   -0.00001277    0.20544963    0.04893868   -0.00001926    0.32149810
    0.03256533   -0.00001257    0.20544963    0.04894108   -0.00001896    0.32149810
    0.03256689   -0.00001217    0.20544963    0.04894341   -0.00001836    0.32149810
    0.03256838   -0.00001158    0.20544963    0.04894566   -0.00001746    0.32149810
    0.03256979   -0.00001080    0.20544963    0.04894777   -0.00001629    0.32149810
    0.03257109   -0.00000986    0.20544963    0.04894972   -0.00001487    0.32149810
    0.03257226   -0.00000876    0.20544963    0.04895148   -0.00001321    0.32149810
    0.03257328   -0.00000752    0.20544963    0.04895302   -0.00001134    0.32149810
    0.03257414   -0.00000617    0.20544963    0.04895432   -0.00000930    0.32149810
    0.03257483   -0.00000471    0.20544963    0.04895534   -0.00000710    0.32149810
    0.03257532   -0.00000319    0.20544963    0.04895609   -0.00000480    0.32149810
    0.03257562   -0.00000161    0.20544963    0.04895654   -0.00000242    0.32149810
    0.03258205   -0.00000001    0.20545066    0.04896620    0.00000000    0.32149970
    0.03258190    0.00000239    0.20545066    0.04896598    0.00000362    0.32149970
    0.03258145    0.00000475    0.20545066    0.04896530    0.00000718    0.32149970
    0.03258071    0.00000703    0.20545066    0.04896419    0.00001062    0.32149970
    0.03257969    0.00000920    0.20545066    0.04896265    0.00001390    0.32149970
    0.03257840    0.00001123    0.20545066    0.04896072    0.00001696    0.32149970
    0.03257687    0.00001308    0.20545066    0.04895842    0.00001975    0.32149970
    0.03257512    0.00001472    0.20545066    0.04895579    0.00002224    0.32149970
    0.03257318    0.00001613    0.20545066    0.04895287    0.00002437    0.32149970
    0.03257107    0.00001729    0.20545066    0.04894971    0.00002611    0.32149970
    0.03256884    0.00001817    0.20545066    0.04894635    0.00002744    0.32149970
    0.03256652    0.00001877    0.20545066    0.04894286    0.00002835    0.32149970
    0.03256414    0.00001907    0.20545066    0.04893928    0.00002880    0.32149970
    0.03256174    0.00001907    0.20545066    0.04893567    0.00002880    0.32149970
    0.03255935    0.00001877    0.20545066    0.04893209    0.00002835    0.32149970
    0.03255703    0.00001817    0.20545066    0.04892860    0.00002744    0.32149970
    0.03255480    0.00001729    0.20545066    0.04892524    0.00002611    0.32149970
    0.03255269    0.00001613    0.20545066    0.04892208    0.00002437    0.32149970
    0.03255075    0.00001472    0.20545066    0.04891916    0.00002224    0.32149970
    0.03254900    0.00001308    0.20545066    0.04891653    0.00001975    0.32149970
    0.03254747    0.00001123    0.20545066    0.04891423    0.00001696    0.32149970
    0.03254618    0.00000920    0.20545066    0.04891230    0.00001390    0.32149970
    0.03254516    0.00000703    0.20545066    0.04891076    0.00001062    0.32149970
    0.03254442    0.00000475    0.20545066    0.04890965    0.00000718    0.32149970
    0.03254397    0.00000239    0.20545066    0.04890897    0.00000362    0.32149970
    0.03254382   -0.00000001    0.20545066    0.04890875    0.00000000    0.32149970
    0.03254397   -0.00000240    0.20545066    0.04890897   -0.00000361    0.32149970
    0.03254442   -0.00000476    0.20545066    0.04890965   -0.00000717    0.32149970
    0.03254516   -0.00000704    0.20545066    0.04891076   -0.00001062    0.32149970
    0.03254618   -0.00000921    0.20545066    0.04891230   -0.00001390    0.32149970
    0.03254747   -0.00001124    0.20545066    0.04891423   -0.00001696    0.32149970
    0.03254900   -0.00001309    0.20545066    0.04891653   -0.00001975    0.32149970
    0.03255075   -0.00001473    0.20545066    0.04891916   -0.00002223    0.32149970
    0.03255269   -0.00001615    0.20545066    0.04892208   -0.00002436    0.32149970
    0.03255480   -0.00001730    0.20545066    0.04892524   -0.00002611    0.32149970
    0.03255703   -0.00001819    0.20545066    0.04892860   -0.00002744    0.32149970
    0.03255935   -0.00001878    0.20545066    0.04893209   -0.00002834    0.32149970
    0.03256174   -0.00001908    0.20545066    0.04893567   -0.00002879    0.32149970
    0.03256414   -0.00001908    0.20545066    0.04893928   -0.00002879    0.32149970
    0.03256652   -0.00001878    0.20545066    0.04894286   -0.00002834    0.32149970
    0.03256884   -0.00001819    0.20545066    0.04894635   -0.00002744    0.32149970
    0.03257107   -0.00001730    0.20545066    0.04894971   -0.00002611    0.32149970
    0.03257318   -0.00001615    0.20545066    0.04895287   -0.00002436    0.32149970
    0.03257512   -0.00001473    0.20545066    0.04895579   -0.00002223    0.32149970
    0.03257687   -0.00001309    0.20545066    0.04895842   -0.00001975    0.32149970
    0.03257840   -0.00001124    0.20545066    0.04896072   -0.00001696    0.32149970
    0.03257969   -0.00000921    0.20545066    0.04896265   -0.00001390    0.32149970
    0.03258071   -0.00000704    0.20545066    0.04896419   -0.00001062    0.32149970
    0.03258145   -0.00000476    0.20545066    0.04896530   -0.00000717    0.32149970
    0.03258190   -0.00000240    0.20545066    0.04896598   -0.00000361    0.32149970
    0.03258830   -0.00000001    0.20545208    0.04897559    0.00000000    0.32150193
    0.03258810    0.00000317    0.20545208    0.04897529    0.00000480    0.32150193
    0.03258750    0.00000630    0.20545208    0.04897440    0.00000952    0.32150193
    0.03258652    0.00000933    0.20545208    0.04897292    0.00001410    0.32150193
    0.03258516    0.00001221    0.20545208    0.04897088    0.00001845    0.32150193
    0.03258346    0.00001490    0.20545208    0.04896831    0.00002251    0.32150193
    0.03258143    0.00001736    0.20545208    0.04896526    0.00002621    0.32150193
    0.03257910    0.00001954    0.20545208    0.04896177    0.00002950    0.32150193
    0.03257653    0.00002141    0.20545208    0.04895790    0.00003233    0.32150193
    0.03257374    0.00002295    0.20545208    0.04895371    0.00003465    0.32150193
    0.03257077    0.00002412    0.20545208    0.04894925    0.00003642    0.32150193
    0.03256769    0.00002491    0.20545208    0.04894462    0.00003761    0.32150193
    0.03256453    0.00002531    0.20545208    0.04893987    0.00003822    0.32150193
    0.03256134    0.00002531    0.20545208    0.04893508    0.00003822    0.32150193
    0.03255818    0.00002491    0.20545208    0.04893033    0.00003761    0.32150193
    0.03255510    0.00002412    0.20545208    0.04892569    0.00003642    0.32150193
    0.03255214    0.00002295    0.20545208    0.04892124    0.00003465    0.32150193
    0.03254934    0.00002141    0.20545208    0.04891705    0.00003233    0.32150193
    0.03254677    0.00001954    0.20545208    0.04891318    0.00002950    0.32150193
    0.03254444    0.00001736    0.20545208    0.04890969    0.00002621    0.32150193
    0.03254241    0.00001490    0.20545208    0.04890663    0.00002251    0.32150193
    0.03254071    0.00001221    0.20545208    0.04890407    0.00001845    0.32150193
    0.03253935    0.00000933    0.20545208    0.04890203    0.00001410    0.32150193
    0.03253837    0.00000630    0.20545208    0.04890055    0.00000952    0.32150193
    0.03253777    0.00000317    0.20545208    0.04889965    0.00000480    0.32150193
    0.03253757   -0.00000001    0.20545208    0.04889935    0.00000000    0.32150193
    0.03253777   -0.00000318    0.20545208    0.04889965   -0.00000480    0.32150193
    0.03253837   -0.00000631    0.20545208    0.04890055   -0.00000952    0.32150193
    0.03253935   -0.00000934    0.20545208    0.04890203   -0.00001409    0.32150193
    0.03254071   -0.00001223    0.20545208    0.04890407   -0.00001844    0.32150193
    0.03254241   -0.00001491    0.20545208    0.04890663   -0.00002250    0.32150193
    0.03254444   -0.00001737    0.20545208    0.04890969   -0.00002621    0.32150193
    0.03254677   -0.00001955    0.20545208    0.04891318   -0.00002950    0.32150193
    0.03254934   -0.00002142    0.20545208    0.04891705   -0.00003232    0.32150193
    0.03255214   -0.00002296    0.20545208    0.04892124   -0.00003464    0.32150193
    0.03255510   -0.00002413    0.20545208    0.04892569   -0.00003641    0.32150193
    0.03255818   -0.00002492    0.20545208    0.04893033   -0.00003761    0.32150193
    0.03256134   -0.00002532    0.20545208    0.04893508   -0.00003821    0.32150193
    0.03256453   -0.00002532    0.20545208    0.04893987   -0.00003821    0.32150193
    0.03256769   -0.00002492    0.20545208    0.04894462   -0.00003761    0.32150193
    0.03257077   -0.00002413    0.20545208    0.04894925   -0.00003641    0.32150193
    0.03257374   -0.00002296    0.20545208    0.04895371   -0.00003464    0.32150193
    0.03257653   -0.00002142    0.20545208    0.04895790   -0.00003232    0.32150193
    0.03257910   -0.00001955    0.20545208    0.04896177   -0.00002950    0.32150193
    0.03258143   -0.00001737    0.20545208    0.04896526   -0.00002621    0.32150193
    0.03258346   -0.00001491    0.20545208    0.04896831   -0.00002250    0.32150193
    0.03258516   -0.00001223    0.20545208    0.04897088   -0.00001844    0.32150193
    0.03258652   -0.00000934    0.20545208    0.04897292   -0.00001409    0.32150193
    0.03258750   -0.00000631    0.20545208    0.04897440   -0.00000952    0.32150193
    0.03258810   -0.00000318    0.20545208    0.04897529   -0.00000480    0.32150193
    0.03259445   -0.00000001    0.20545391    0.04898483    0.00000000    0.32150478
    0.03259420    0.00000394    0.20545391    0.04898446    0.00000596    0.32150478
    0.03259346    0.00000783    0.20545391    0.04898334    0.00001183    0.32150478
    0.03259223    0.00001159    0.20545391    0.04898151    0.00001751    0.32150478
    0.03259055    0.00001518    0.20545391    0.04897897    0.00002292    0.32150478
    0.03258843    0.00001852    0.20545391    0.04897579    0.00002796    0.32150478
    0.03258591    0.00002157    0.20545391    0.04897200    0.00003256    0.32150478
    0.03258302    0.00002427    0.20545391    0.04896766    0.00003665    0.32150478
    0.03257982    0.00002660    0.20545391    0.04896285    0.00004016    0.32150478
    0.03257635    0.00002851    0.20545391    0.04895764    0.00004304    0.32150478
    0.03257267    0.00002996    0.20545391    0.04895211    0.00004524    0.32150478
    0.03256884    0.00003095    0.20545391    0.04894635    0.00004672    0.32150478
    0.03256491    0.00003144    0.20545391    0.04894045    0.00004747    0.32150478
    0.03256096    0.00003144    0.20545391    0.04893450    0.00004747    0.32150478
    0.03255703    0.00003095    0.20545391    0.04892860    0.00004672    0.32150478
    0.03255320    0.00002996    0.20545391    0.04892284    0.00004524    0.32150478
    0.03254952    0.00002851    0.20545391    0.04891731    0.00004304    0.32150478
    0.03254605    0.00002660    0.20545391    0.04891210    0.00004016    0.32150478
    0.03254285    0.00002427    0.20545391    0.04890729    0.00003665    0.32150478
    0.03253997    0.00002157    0.20545391    0.04890295    0.00003256    0.32150478
    0.03253744    0.00001852    0.20545391    0.04889916    0.00002796    0.32150478
    0.03253532    0.00001518    0.20545391    0.04889598    0.00002292    0.32150478
    0.03253364    0.00001159    0.20545391    0.04889344    0.00001751    0.32150478
    0.03253241    0.00000783    0.20545391    0.04889161    0.00001183    0.32150478
    0.03253167    0.00000394    0.20545391    0.04889049    0.00000596    0.32150478
    0.03253142   -0.00000001    0.20545391    0.04889012    0.00000000    0.32150478
    0.03253167   -0.00000395    0.20545391    0.04889049   -0.00000596    0.32150478
    0.03253241   -0.00000784    0.20545391    0.04889161   -0.00001183    0.32150478
    0.03253364   -0.00001161    0.20545391    0.04889344   -0.00001751    0.32150478
    0.03253532   -0.00001519    0.20545391    0.04889598   -0.00002291    0.32150478
    0.03253744   -0.00001853    0.20545391    0.04889916   -0.00002795    0.32150478
    0.03253997   -0.00002158    0.20545391    0.04890295   -0.00003256    0.32150478
    0.03254285   -0.00002428    0.20545391    0.04890729   -0.00003665    0.32150478
    0.03254605   -0.00002661    0.20545391    0.04891210   -0.00004016    0.32150478
    0.03254952   -0.00002852    0.20545391    0.04891731   -0.00004303    0.32150478
    0.03255320   -0.00002997    0.20545391    0.04892284   -0.00004523    0.32150478
    0.03255703   -0.00003096    0.20545391    0.04892860   -0.00004672    0.32150478
    0.03256096   -0.00003145    0.20545391    0.04893450   -0.00004747    0.32150478
    0.03256491   -0.00003145    0.20545391    0.04894045   -0.00004747    0.32150478
    0.03256884   -0.00003096    0.20545391    0.04894635   -0.00004672    0.32150478
    0.03257267   -0.00002997    0.20545391    0.04895211   -0.00004523    0.32150478
    0.03257635   -0.00002852    0.20545391    0.04895764   -0.00004303    0.32150478
    0.03257982   -0.00002661    0.20545391    0.04896285   -0.00004016    0.32150478
    0.03258302   -0.00002428    0.20545391    0.04896766   -0.00003665    0.32150478
    0.03258591   -0.00002158    0.20545391    0.04897200   -0.00003256    0.32150478
    0.03258843   -0.00001853    0.20545391    0.04897579   -0.00002795    0.32150478
    0.03259055   -0.00001519    0.20545391    0.04897897   -0.00002291    0.32150478
    0.03259223   -0.00001161    0.20545391    0.04898151   -0.00001751    0.32150478
    0.03259346   -0.00000784    0.20545391    0.04898334   -0.00001183    0.32150478
    0.03259420   -0.00000395    0.20545391    0.04898446   -0.00000596    0.32150478
    0.03260046   -0.00000001    0.20545612    0.04899387    0.00000000    0.32150825
    0.03260017    0.00000470    0.20545612    0.04899343    0.00000710    0.32150825
    0.03259928    0.00000933    0.20545612    0.04899210    0.00001409    0.32150825
    0.03259783    0.00001381    0.20545612    0.04898991    0.00002086    0.32150825
    0.03259582    0.00001807    0.20545612    0.04898690    0.00002729    0.32150825
    0.03259330    0.00002205    0.20545612    0.04898310    0.00003330    0.32150825
    0.03259029    0.00002568    0.20545612    0.04897859    0.00003878    0.32150825
    0.03258686    0.00002891    0.20545612    0.04897342    0.00004365    0.32150825
    0.03258304    0.00003168    0.20545612    0.04896769    0.00004783    0.32150825
    0.03257891    0.00003395    0.20545612    0.04896149    0.00005126    0.32150825
    0.03257453    0.00003568    0.20545612    0.04895490    0.00005388    0.32150825
    0.03256997    0.00003686    0.20545612    0.04894804    0.00005564    0.32150825
    0.03256529    0.00003745    0.20545612    0.04894102    0.00005654    0.32150825
    0.03256058    0.00003745    0.20545612    0.04893393    0.00005654    0.32150825
    0.03255590    0.00003686    0.20545612    0.04892691    0.00005564    0.32150825
    0.03255134    0.00003568    0.20545612    0.04892005    0.00005388    0.32150825
    0.03254696    0.00003395    0.20545612    0.04891346    0.00005126    0.32150825
    0.03254283    0.00003168    0.20545612    0.04890726    0.00004783    0.32150825
    0.03253902    0.00002891    0.20545612    0.04890153    0.00004365    0.32150825
    0.03253558    0.00002568    0.20545612    0.04889636    0.00003878    0.32150825
    0.03253258    0.00002205    0.20545612    0.04889185    0.00003330    0.32150825
    0.03253005    0.00001807    0.20545612    0.04888805    0.00002729    0.32150825
    0.03252804    0.00001381    0.20545612    0.04888504    0.00002086    0.32150825
    0.03252659    0.00000933    0.20545612    0.04888285    0.00001409    0.32150825
    0.03252570    0.00000470    0.20545612    0.04888152    0.00000710    0.32150825
    0.03252541   -0.00000001    0.20545612    0.04888108    0.00000000    0.32150825
    0.03252570   -0.00000471    0.20545612    0.04888152   -0.00000710    0.32150825
    0.03252659   -0.00000934    0.20545612    0.04888285   -0.00001408    0.32150825
    0.03252804   -0.00001382    0.20545612    0.04888504   -0.00002085    0.32150825
    0.03253005   -0.00001808    0.20545612    0.04888805   -0.00002729    0.32150825
    0.03253258   -0.00002206    0.20545612    0.04889185   -0.00003329    0.32150825
    0.03253558   -0.00002569    0.20545612    0.04889636   -0.00003877    0.32150825
    0.03253902   -0.00002892    0.20545612    0.04890153   -0.00004364    0.32150825
    0.03254283   -0.00003169    0.20545612    0.04890726   -0.00004782    0.32150825
    0.03254696   -0.00003396    0.20545612    0.04891346   -0.00005125    0.32150825
    0.03255134   -0.00003570    0.20545612    0.04892005   -0.00005387    0.32150825
    0.03255590   -0.00003687    0.20545612    0.04892691   -0.00005564    0.32150825
    0.03256058   -0.00003746    0.20545612    0.04893393   -0.00005653    0.32150825
    0.03256529   -0.00003746    0.20545612    0.04894102   -0.00005653    0.32150825
    0.03256997   -0.00003687    0.20545612    0.04894804   -0.00005564    0.32150825
    0.03257453   -0.00003570    0.20545612    0.04895490   -0.00005387    0.32150825
    0.03257891   -0.00003396    0.20545612    0.04896149   -0.00005125    0.32150825
    0.03258304   -0.00003169    0.20545612    0.04896769   -0.00004782    0.32150825
    0.03258686   -0.00002892    0.20545612    0.04897342   -0.00004364    0.32150825
    0.03259029   -0.00002569    0.20545612    0.04897859   -0.00003877    0.32150825
    0.03259330   -0.00002206    0.20545612    0.04898310   -0.00003329    0.32150825
    0.03259582   -0.00001808    0.20545612    0.04898690   -0.00002729    0.32150825
    0.03259783   -0.00001382    0.20545612    0.04898991   -0.00002085    0.32150825
    0.03259928   -0.00000934    0.20545612    0.04899210   -0.00001408    0.32150825
    0.03260017   -0.00000471    0.20545612    0.04899343   -0.00000710    0.32150825
    0.03260632   -0.00000001    0.20545872    0.04900268    0.00000000    0.32151231
    0.03260598    0.00000543    0.20545872    0.04900217    0.00000821    0.32151231
    0.03260496    0.00001078    0.20545872    0.04900063    0.00001629    0.32151231
    0.03260328    0.00001597    0.20545872    0.04899810    0.00002411    0.32151231
    0.03260096    0.00002090    0.20545872    0.04899462    0.00003155    0.32151231
    0.03259804    0.00002550    0.20545872    0.04899023    0.00003850    0.32151231
    0.03259456    0.00002970    0.20545872    0.04898501    0.00004484    0.32151231
    0.03259059    0.00003343    0.20545872    0.04897904    0.00005047    0.32151231
    0.03258618    0.00003663    0.20545872    0.04897241    0.00005530    0.32151231
    0.03258141    0.00003925    0.20545872    0.04896524    0.00005926    0.32151231
    0.03257634    0.00004126    0.20545872    0.04895762    0.00006229    0.32151231
    0.03257107    0.00004261    0.20545872    0.04894969    0.00006434    0.32151231
    0.03256566    0.00004330    0.20545872    0.04894157    0.00006537    0.32151231
    0.03256021    0.00004330    0.20545872    0.04893338    0.00006537    0.32151231
    0.03255481    0.00004261    0.20545872    0.04892526    0.00006434    0.32151231
    0.03254953    0.00004126    0.20545872    0.04891732    0.00006229    0.32151231
    0.03254446    0.00003925    0.20545872    0.04890971    0.00005926    0.32151231
    0.03253969    0.00003663    0.20545872    0.04890253    0.00005530    0.32151231
    0.03253528    0.00003343    0.20545872    0.04889591    0.00005047    0.32151231
    0.03253131    0.00002970    0.20545872    0.04888994    0.00004484    0.32151231
    0.03252783    0.00002550    0.20545872    0.04888472    0.00003850    0.32151231
    0.03252491    0.00002090    0.20545872    0.04888033    0.00003155    0.32151231
    0.03252259    0.00001597    0.20545872    0.04887685    0.00002411    0.32151231
    0.03252091    0.00001078    0.20545872    0.04887432    0.00001629    0.32151231
    0.03251989    0.00000543    0.20545872    0.04887278    0.00000821    0.32151231
    0.03251955   -0.00000001    0.20545872    0.04887227    0.00000000    0.32151231
    0.03251989   -0.00000544    0.20545872    0.04887278   -0.00000821    0.32151231
    0.03252091   -0.00001080    0.20545872    0.04887432   -0.00001628    0.32151231
    0.03252259   -0.00001598    0.20545872    0.04887685   -0.00002411    0.32151231
    0.03252491   -0.00002091    0.20545872    0.04888033   -0.00003155    0.32151231
    0.03252783   -0.00002551    0.20545872    0.04888472   -0.00003849    0.32151231
    0.03253131   -0.00002971    0.20545872    0.04888994   -0.00004483    0.32151231
    0.03253528   -0.00003344    0.20545872    0.04889591   -0.00005046    0.32151231
    0.03253969   -0.00003664    0.20545872    0.04890253   -0.00005529    0.32151231
    0.03254446   -0.00003926    0.20545872    0.04890971   -0.00005926    0.32151231
    0.03254953   -0.00004127    0.20545872    0.04891732   -0.00006228    0.32151231
    0.03255481   -0.00004263    0.20545872    0.04892526   -0.00006433    0.32151231
    0.03256021   -0.00004331    0.20545872    0.04893338   -0.00006536    0.32151231
    0.03256566   -0.00004331    0.20545872    0.04894157   -0.00006536    0.32151231
    0.03257107   -0.00004263    0.20545872    0.04894969   -0.00006433    0.32151231
    0.03257634   -0.00004127    0.20545872    0.04895762   -0.00006228    0.32151231
    0.03258141   -0.00003926    0.20545872    0.04896524   -0.00005926    0.32151231
    0.03258618   -0.00003664    0.20545872    0.04897241   -0.00005529    0.32151231
    0.03259059   -0.00003344    0.20545872    0.04897904   -0.00005046    0.32151231
    0.03259456   -0.00002971    0.20545872    0.04898501   -0.00004483    0.32151231
    0.03259804   -0.00002551    0.20545872    0.04899023   -0.00003849    0.32151231
    0.03260096   -0.00002091    0.20545872    0.04899462   -0.00003155    0.32151231
    0.03260328   -0.00001598    0.20545872    0.04899810   -0.00002411    0.32151231
    0.03260496   -0.00001080    0.20545872    0.04900063   -0.00001628    0.32151231
    0.03260598   -0.00000544    0.20545872    0.04900217   -0.00000821    0.32151231
    0.03261201   -0.00000001    0.20546168    0.04901122    0.00000000    0.32151695
    0.03261162    0.00000615    0.20546168    0.04901064    0.00000929    0.32151695
    0.03261047    0.00001220    0.20546168    0.04900891    0.00001842    0.32151695
    0.03260856    0.00001806    0.20546168    0.04900604    0.00002727    0.32151695
    0.03260594    0.00002364    0.20546168    0.04900210    0.00003569    0.32151695
    0.03260264    0.00002884    0.20546168    0.04899714    0.00004354    0.32151695
    0.03259871    0.00003359    0.20546168    0.04899123    0.00005071    0.32151695
    0.03259422    0.00003781    0.20546168    0.04898448    0.00005708    0.32151695
    0.03258923    0.00004143    0.20546168    0.04897699    0.00006254    0.32151695
    0.03258383    0.00004440    0.20546168    0.04896887    0.00006702    0.32151695
    0.03257810    0.00004666    0.20546168    0.04896026    0.00007045    0.32151695
    0.03257213    0.00004820    0.20546168    0.04895129    0.00007276    0.32151695
    0.03256602    0.00004897    0.20546168    0.04894210    0.00007393    0.32151695
    0.03255985    0.00004897    0.20546168    0.04893284    0.00007393    0.32151695
    0.03255374    0.00004820    0.20546168    0.04892366    0.00007276    0.32151695
    0.03254777    0.00004666    0.20546168    0.04891468    0.00007045    0.32151695
    0.03254204    0.00004440    0.20546168    0.04890607    0.00006702    0.32151695
    0.03253664    0.00004143    0.20546168    0.04889796    0.00006254    0.32151695
    0.03253166    0.00003781    0.20546168    0.04889047    0.00005708    0.32151695
    0.03252716    0.00003359    0.20546168    0.04888371    0.00005071    0.32151695
    0.03252324    0.00002884    0.20546168    0.04887781    0.00004354    0.32151695
    0.03251993    0.00002364    0.20546168    0.04887285    0.00003569    0.32151695
    0.03251731    0.00001806    0.20546168    0.04886891    0.00002727    0.32151695
    0.03251541    0.00001220    0.20546168    0.04886604    0.00001842    0.32151695
    0.03251425    0.00000615    0.20546168    0.04886431    0.00000929    0.32151695
    0.03251386   -0.00000001    0.20546168    0.04886373    0.00000000    0.32151695
    0.03251425   -0.00000616    0.20546168    0.04886431   -0.00000928    0.32151695
    0.03251541   -0.00001221    0.20546168    0.04886604   -0.00001842    0.32151695
    0.03251731   -0.00001807    0.20546168    0.04886891   -0.00002726    0.32151695
    0.03251993   -0.00002365    0.20546168    0.04887285   -0.00003568    0.32151695
    0.03252324   -0.00002885    0.20546168    0.04887781   -0.00004354    0.32151695
    0.03252716   -0.00003360    0.20546168    0.04888371   -0.00005070    0.32151695
    0.03253166   -0.00003782    0.20546168    0.04889047   -0.00005707    0.32151695
    0.03253664   -0.00004144    0.20546168    0.04889796   -0.00006254    0.32151695
    0.03254204   -0.00004441    0.20546168    0.04890607   -0.00006702    0.32151695
    0.03254777   -0.00004668    0.20546168    0.04891468   -0.00007044    0.32151695
    0.03255374   -0.00004821    0.20546168    0.04892366   -0.00007276    0.32151695
    0.03255985   -0.00004898    0.20546168    0.04893284   -0.00007392    0.32151695
    0.03256602   -0.00004898    0.20546168    0.04894210   -0.00007392    0.32151695
    0.03257213   -0.00004821    0.20546168    0.04895129   -0.00007276    0.32151695
    0.03257810   -0.00004668    0.20546168    0.04896026   -0.00007044    0.32151695
    0.03258383   -0.00004441    0.20546168    0.04896887   -0.00006702    0.32151695
    0.03258923   -0.00004144    0.20546168    0.04897699   -0.00006254    0.32151695
    0.03259422   -0.00003782    0.20546168    0.04898448   -0.00005707    0.32151695
    0.03259871   -0.00003360    0.20546168    0.04899123   -0.00005070    0.32151695
    0.03260264   -0.00002885    0.20546168    0.04899714   -0.00004354    0.32151695
    0.03260594   -0.00002365    0.20546168    0.04900210   -0.00003568    0.32151695
    0.03260856   -0.00001807    0.20546168    0.04900604   -0.00002726    0.32151695
    0.03261047   -0.00001221    0.20546168    0.04900891   -0.00001842    0.32151695
    0.03261162   -0.00000616    0.20546168    0.04901064   -0.00000928    0.32151695
    0.03261749   -0.00000001    0.20546500    0.04901946    0.00000000    0.32152215
    0.03261706    0.00000683    0.20546500    0.04901881    0.00001032    0.32152215
    0.03261578    0.00001356    0.20546500    0.04901688    0.00002048    0.32152215
    0.03261366    0.00002008    0.20546500    0.04901370    0.00003032    0.32152215
    0.03261074    0.00002628    0.20546500    0.04900932    0.00003967    0.32152215
    0.03260707    0.00003206    0.20546500    0.04900380    0.00004840    0.32152215
    0.03260270    0.00003734    0.20546500    0.04899724    0.00005637    0.32152215
    0.03259771    0.00004203    0.20546500    0.04898973    0.00006345    0.32152215
    0.03259217    0.00004606    0.20546500    0.04898140    0.00006953    0.32152215
    0.03258616    0.00004936    0.20546500    0.04897238    0.00007451    0.32152215
    0.03257979    0.00005188    0.20546500    0.04896281    0.00007832    0.32152215
    0.03257316    0.00005358    0.20546500    0.04895284    0.00008089    0.32152215
    0.03256636    0.00005444    0.20546500    0.04894262    0.00008219    0.32152215
    0.03255951    0.00005444    0.20546500    0.04893233    0.00008219    0.32152215
    0.03255271    0.00005358    0.20546500    0.04892211    0.00008089    0.32152215
    0.03254608    0.00005188    0.20546500    0.04891214    0.00007832    0.32152215
    0.03253971    0.00004936    0.20546500    0.04890257    0.00007451    0.32152215
    0.03253370    0.00004606    0.20546500    0.04889354    0.00006953    0.32152215
    0.03252816    0.00004203    0.20546500    0.04888521    0.00006345    0.32152215
    0.03252317    0.00003734    0.20546500    0.04887771    0.00005637    0.32152215
    0.03251880    0.00003206    0.20546500    0.04887115    0.00004840    0.32152215
    0.03251513    0.00002628    0.20546500    0.04886563    0.00003967    0.32152215
    0.03251221    0.00002008    0.20546500    0.04886125    0.00003032    0.32152215
    0.03251010    0.00001356    0.20546500    0.04885806    0.00002048    0.32152215
    0.03250881    0.00000683    0.20546500    0.04885613    0.00001032    0.32152215
    0.03250838   -0.00000001    0.20546500    0.04885549    0.00000000    0.32152215
    0.03250881   -0.00000684    0.20546500    0.04885613   -0.00001032    0.32152215
    0.03251010   -0.00001357    0.20546500    0.04885806   -0.00002048    0.32152215
    0.03251221   -0.00002009    0.20546500    0.04886125   -0.00003031    0.32152215
    0.03251513   -0.00002629    0.20546500    0.04886563   -0.00003967    0.32152215
    0.03251880   -0.00003207    0.20546500    0.04887115   -0.00004840    0.32152215
    0.03252317   -0.00003735    0.20546500    0.04887771   -0.00005637    0.32152215
    0.03252816   -0.00004204    0.20546500    0.04888521   -0.00006345    0.32152215
    0.03253370   -0.00004607    0.20546500    0.04889354   -0.00006952    0.32152215
    0.03253971   -0.00004937    0.20546500    0.04890257   -0.00007451    0.32152215
    0.03254608   -0.00005189    0.20546500    0.04891214   -0.00007831    0.32152215
    0.03255271   -0.00005359    0.20546500    0.04892211   -0.00008088    0.32152215
    0.03255951   -0.00005445    0.20546500    0.04893233   -0.00008218    0.32152215
    0.03256636   -0.00005445    0.20546500    0.04894262   -0.00008218    0.32152215
    0.03257316   -0.00005359    0.20546500    0.04895284   -0.00008088    0.32152215
    0.03257979   -0.00005189    0.20546500    0.04896281   -0.00007831    0.32152215
    0.03258616   -0.00004937    0.20546500    0.04897238   -0.00007451    0.32152215
    0.03259217   -0.00004607    0.20546500    0.04898140   -0.00006952    0.32152215
    0.03259771   -0.00004204    0.20546500    0.04898973   -0.00006345    0.32152215
    0.03260270   -0.00003735    0.20546500    0.04899724   -0.00005637    0.32152215
    0.03260707   -0.00003207    0.20546500    0.04900380   -0.00004840    0.32152215
    0.03261074   -0.00002629    0.20546500    0.04900932   -0.00003967    0.32152215
    0.03261366   -0.00002009    0.20546500    0.04901370   -0.00003031    0.32152215
    0.03261578   -0.00001357    0.20546500    0.04901688   -0.00002048    0.32152215
    0.03261706   -0.00000684    0.20546500    0.04901881   -0.00001032    0.32152215
    0.03262275   -0.00000001    0.20546867    0.04902736    0.00000000    0.32152789
    0.03262227    0.00000749    0.20546867    0.04902665    0.00001132    0.32152789
    0.03262087    0.00001487    0.20546867    0.04902454    0.00002245    0.32152789
    0.03261855    0.00002201    0.20546867    0.04902105    0.00003324    0.32152789
    0.03261535    0.00002881    0.20546867    0.04901624    0.00004350    0.32152789
    0.03261132    0.00003515    0.20546867    0.04901019    0.00005307    0.32152789
    0.03260654    0.00004094    0.20546867    0.04900300    0.00006180    0.32152789
    0.03260106    0.00004608    0.20546867    0.04899477    0.00006957    0.32152789
    0.03259498    0.00005049    0.20546867    0.04898564    0.00007623    0.32152789
    0.03258840    0.00005411    0.20546867    0.04897575    0.00008169    0.32152789
    0.03258142    0.00005688    0.20546867    0.04896525    0.00008587    0.32152789
    0.03257414    0.00005875    0.20546867    0.04895432    0.00008869    0.32152789
    0.03256669    0.00005969    0.20546867    0.04894312    0.00009011    0.32152789
    0.03255918    0.00005969    0.20546867    0.04893183    0.00009011    0.32152789
    0.03255173    0.00005875    0.20546867    0.04892063    0.00008869    0.32152789
    0.03254445    0.00005688    0.20546867    0.04890970    0.00008587    0.32152789
    0.03253747    0.00005411    0.20546867    0.04889920    0.00008169    0.32152789
    0.03253089    0.00005049    0.20546867    0.04888931    0.00007623    0.32152789
    0.03252481    0.00004608    0.20546867    0.04888018    0.00006957    0.32152789
    0.03251934    0.00004094    0.20546867    0.04887195    0.00006180    0.32152789
    0.03251455    0.00003515    0.20546867    0.04886475    0.00005307    0.32152789
    0.03251052    0.00002881    0.20546867    0.04885871    0.00004350    0.32152789
    0.03250732    0.00002201    0.20546867    0.04885390    0.00003324    0.32152789
    0.03250500    0.00001487    0.20546867    0.04885041    0.00002245    0.32152789
    0.03250360    0.00000749    0.20546867    0.04884830    0.00001132    0.32152789
    0.03250312   -0.00000001    0.20546867    0.04884759    0.00000000    0.32152789
    0.03250360   -0.00000750    0.20546867    0.04884830   -0.00001131    0.32152789
    0.03250500   -0.00001488    0.20546867    0.04885041   -0.00002245    0.32152789
    0.03250732   -0.00002202    0.20546867    0.04885390   -0.00003323    0.32152789
    0.03251052   -0.00002882    0.20546867    0.04885871   -0.00004349    0.32152789
    0.03251455   -0.00003516    0.20546867    0.04886475   -0.00005306    0.32152789
    0.03251934   -0.00004095    0.20546867    0.04887195   -0.00006180    0.32152789
    0.03252481   -0.00004609    0.20546867    0.04888018   -0.00006956    0.32152789
    0.03253089   -0.00005051    0.20546867    0.04888931   -0.00007622    0.32152789
    0.03253747   -0.00005412    0.20546867    0.04889920   -0.00008169    0.32152789
    0.03254445   -0.00005689    0.20546867    0.04890970   -0.00008586    0.32152789
    0.03255173   -0.00005876    0.20546867    0.04892063   -0.00008868    0.32152789
    0.03255918   -0.00005970    0.20546867    0.04893183   -0.00009010    0.32152789
    0.03256669   -0.00005970    0.20546867    0.04894312   -0.00009010    0.32152789
    0.03257414   -0.00005876    0.20546867    0.04895432   -0.00008868    0.32152789
    0.03258142   -0.00005689    0.20546867    0.04896525   -0.00008586    0.32152789
    0.03258840   -0.00005412    0.20546867    0.04897575   -0.00008169    0.32152789
    0.03259498   -0.00005051    0.20546867    0.04898564   -0.00007622    0.32152789
    0.03260106   -0.00004609    0.20546867    0.04899477   -0.00006956    0.32152789
    0.03260654   -0.00004095    0.20546867    0.04900300   -0.00006180    0.32152789
    0.03261132   -0.00003516    0.20546867    0.04901019   -0.00005306    0.32152789
    0.03261535   -0.00002882    0.20546867    0.04901624   -0.00004349    0.32152789
    0.03261855   -0.00002202    0.20546867    0.04902105   -0.00003323    0.32152789
    0.03262087   -0.00001488    0.20546867    0.04902454   -0.00002245    0.32152789
    0.03262227   -0.00000750    0.20546867    0.04902665   -0.00001131    0.32152789
    0.03262776   -0.00000001    0.20547267    0.04903489    0.00000000    0.32153414
    0.03262725    0.00000812    0.20547267    0.04903413    0.00001227    0.32153414
    0.03262572    0.00001612    0.20547267    0.04903183    0.00002434    0.32153414
    0.03262321    0.00002386    0.20547267    0.04902805    0.00003602    0.32153414
    0.03261974    0.00003122    0.20547267    0.04902284    0.00004714    0.32153414
    0.03261538    0.00003810    0.20547267    0.04901629    0.00005752    0.32153414
    0.03261019    0.00004437    0.20547267    0.04900849    0.00006698    0.32153414
    0.03260426    0.00004994    0.20547267    0.04899957    0.00007540    0.32153414
    0.03259767    0.00005473    0.20547267    0.04898967    0.00008262    0.32153414
    0.03259054    0.00005865    0.20547267    0.04897895    0.00008854    0.32153414
    0.03258297    0.00006164    0.20547267    0.04896758    0.00009306    0.32153414
    0.03257508    0.00006367    0.20547267    0.04895573    0.00009612    0.32153414
    0.03256701    0.00006469    0.20547267    0.04894359    0.00009766    0.32153414
    0.03255887    0.00006469    0.20547267    0.04893136    0.00009766    0.32153414
    0.03255079    0.00006367    0.20547267    0.04891922    0.00009612    0.32153414
    0.03254290    0.00006164    0.20547267    0.04890737    0.00009306    0.32153414
    0.03253534    0.00005865    0.20547267    0.04889600    0.00008854    0.32153414
    0.03252820    0.00005473    0.20547267    0.04888527    0.00008262    0.32153414
    0.03252162    0.00004994    0.20547267    0.04887538    0.00007540    0.32153414
    0.03251568    0.00004437    0.20547267    0.04886646    0.00006698    0.32153414
    0.03251049    0.00003810    0.20547267    0.04885866    0.00005752    0.32153414
    0.03250613    0.00003122    0.20547267    0.04885210    0.00004714    0.32153414
    0.03250266    0.00002386    0.20547267    0.04884690    0.00003602    0.32153414
    0.03250015    0.00001612    0.20547267    0.04884312    0.00002434    0.32153414
    0.03249862    0.00000812    0.20547267    0.04884082    0.00001227    0.32153414
    0.03249811   -0.00000001    0.20547267    0.04884005    0.00000000    0.32153414
    0.03249862   -0.00000813    0.20547267    0.04884082   -0.00001226    0.32153414
    0.03250015   -0.00001613    0.20547267    0.04884312   -0.00002433    0.32153414
    0.03250266   -0.00002387    0.20547267    0.04884690   -0.00003602    0.32153414
    0.03250613   -0.00003123    0.20547267    0.04885210   -0.00004714    0.32153414
    0.03251049   -0.00003811    0.20547267    0.04885866   -0.00005751    0.32153414
    0.03251568   -0.00004438    0.20547267    0.04886646   -0.00006698    0.32153414
    0.03252162   -0.00004995    0.20547267    0.04887538   -0.00007539    0.32153414
    0.03252820   -0.00005474    0.20547267    0.04888527   -0.00008261    0.32153414
    0.03253534   -0.00005866    0.20547267    0.04889600   -0.00008853    0.32153414
    0.03254290   -0.00006166    0.20547267    0.04890737   -0.00009306    0.32153414
    0.03255079   -0.00006368    0.20547267    0.04891922   -0.00009611    0.32153414
    0.03255887   -0.00006470    0.20547267    0.04893136   -0.00009765    0.32153414
    0.03256701   -0.00006470    0.20547267    0.04894359   -0.00009765    0.32153414
    0.03257508   -0.00006368    0.20547267    0.04895573   -0.00009611    0.32153414
    0.03258297   -0.00006166    0.20547267    0.04896758   -0.00009306    0.32153414
    0.03259054   -0.00005866    0.20547267    0.04897895   -0.00008853    0.32153414
    0.03259767   -0.00005474    0.20547267    0.04898967   -0.00008261    0.32153414
    0.03260426   -0.00004995    0.20547267    0.04899957   -0.00007539    0.32153414
    0.03261019   -0.00004438    0.20547267    0.04900849   -0.00006698    0.32153414
    0.03261538   -0.00003811    0.20547267    0.04901629   -0.00005751    0.32153414
    0.03261974   -0.00003123    0.20547267    0.04902284   -0.00004714    0.32153414
    0.03262321   -0.00002387    0.20547267    0.04902805   -0.00003602    0.32153414
    0.03262572   -0.00001613    0.20547267    0.04903183   -0.00002433    0.32153414
    0.03262725   -0.00000813    0.20547267    0.04903413   -0.00001226    0.32153414
    0.03263250   -0.00000001    0.20547698    0.04904203    0.00000000    0.32154089
    0.03263196    0.00000871    0.20547698    0.04904120    0.00001316    0.32154089
    0.03263032    0.00001730    0.20547698    0.04903874    0.00002612    0.32154089
    0.03262762    0.00002560    0.20547698    0.04903468    0.00003866    0.32154089
    0.03262390    0.00003351    0.20547698    0.04902909    0.00005059    0.32154089
    0.03261922    0.00004089    0.20547698    0.04902206    0.00006173    0.32154089
    0.03261365    0.00004762    0.20547698    0.04901369    0.00007189    0.32154089
    0.03260728    0.00005360    0.20547698    0.04900412    0.00008091    0.32154089
    0.03260021    0.00005873    0.20547698    0.04899350    0.00008867    0.32154089
    0.03259256    0.00006294    0.20547698    0.04898199    0.00009502    0.32154089
    0.03258443    0.00006616    0.20547698    0.04896978    0.00009987    0.32154089
    0.03257597    0.00006833    0.20547698    0.04895707    0.00010315    0.32154089
    0.03256730    0.00006943    0.20547698    0.04894404    0.00010481    0.32154089
    0.03255857    0.00006943    0.20547698    0.04893091    0.00010481    0.32154089
    0.03254990    0.00006833    0.20547698    0.04891788    0.00010315    0.32154089
    0.03254144    0.00006616    0.20547698    0.04890517    0.00009987    0.32154089
    0.03253331    0.00006294    0.20547698    0.04889296    0.00009502    0.32154089
    0.03252566    0.00005873    0.20547698    0.04888145    0.00008867    0.32154089
    0.03251859    0.00005360    0.20547698    0.04887083    0.00008091    0.32154089
    0.03251222    0.00004762    0.20547698    0.04886126    0.00007189    0.32154089
    0.03250665    0.00004089    0.20547698    0.04885289    0.00006173    0.32154089
    0.03250197    0.00003351    0.20547698    0.04884586    0.00005059    0.32154089
    0.03249825    0.00002560    0.20547698    0.04884027    0.00003866    0.32154089
    0.03249555    0.00001730    0.20547698    0.04883621    0.00002612    0.32154089
    0.03249392    0.00000871    0.20547698    0.04883375    0.00001316    0.32154089
    0.03249337   -0.00000001    0.20547698    0.04883292    0.00000000    0.32154089
    0.03249392   -0.00000872    0.20547698    0.04883375   -0.00001316    0.32154089
    0.03249555   -0.00001731    0.20547698    0.04883621   -0.00002611    0.32154089
    0.03249825   -0.00002562    0.20547698    0.04884027   -0.00003865    0.32154089
    0.03250197   -0.00003352    0.20547698    0.04884586   -0.00005059    0.32154089
    0.03250665   -0.00004090    0.20547698    0.04885289   -0.00006172    0.32154089
    0.03251222   -0.00004763    0.20547698    0.04886126   -0.00007188    0.32154089
    0.03251859   -0.00005361    0.20547698    0.04887083   -0.00008091    0.32154089
    0.03252566   -0.00005874    0.20547698    0.04888145   -0.00008866    0.32154089
    0.03253331   -0.00006295    0.20547698    0.04889296   -0.00009501    0.32154089
    0.03254144   -0.00006617    0.20547698    0.04890517   -0.00009987    0.32154089
    0.03254990   -0.00006834    0.20547698    0.04891788   -0.00010315    0.32154089
    0.03255857   -0.00006944    0.20547698    0.04893091   -0.00010480    0.32154089
    0.03256730   -0.00006944    0.20547698    0.04894404   -0.00010480    0.32154089
    0.03257597   -0.00006834    0.20547698    0.04895707   -0.00010315    0.32154089
    0.03258443   -0.00006617    0.20547698    0.04896978   -0.00009987    0.32154089
    0.03259256   -0.00006295    0.20547698    0.04898199   -0.00009501    0.32154089
    0.03260021   -0.00005874    0.20547698    0.04899350   -0.00008866    0.32154089
    0.03260728   -0.00005361    0.20547698    0.04900412   -0.00008091    0.32154089
    0.03261365   -0.00004763    0.20547698    0.04901369   -0.00007188    0.32154089
    0.03261922   -0.00004090    0.20547698    0.04902206   -0.00006172    0.32154089
    0.03262390   -0.00003352    0.20547698    0.04902909   -0.00005059    0.32154089
    0.03262762   -0.00002562    0.20547698    0.04903468   -0.00003865    0.32154089
    0.03263032   -0.00001731    0.20547698    0.04903874   -0.00002611    0.32154089
    0.03263196   -0.00000872    0.20547698    0.04904120   -0.00001316    0.32154089
    0.03263696   -0.00000001    0.20548158    0.04904873    0.00000000    0.32154809
    0.03263638    0.00000927    0.20548158    0.04904785    0.00001401    0.32154809
    0.03263464    0.00001840    0.20548158    0.04904523    0.00002779    0.32154809
    0.03263176    0.00002725    0.20548158    0.04904091    0.00004114    0.32154809
    0.03262781    0.00003566    0.20548158    0.04903497    0.00005383    0.32154809
    0.03262283    0.00004351    0.20548158    0.04902748    0.00006568    0.32154809
    0.03261690    0.00005067    0.20548158    0.04901857    0.00007649    0.32154809
    0.03261012    0.00005703    0.20548158    0.04900839    0.00008610    0.32154809
    0.03260260    0.00006250    0.20548158    0.04899709    0.00009435    0.32154809
    0.03259446    0.00006698    0.20548158    0.04898484    0.00010111    0.32154809
    0.03258581    0.00007040    0.20548158    0.04897185    0.00010628    0.32154809
    0.03257681    0.00007271    0.20548158    0.04895832    0.00010976    0.32154809
    0.03256758    0.00007388    0.20548158    0.04894446    0.00011152    0.32154809
    0.03255829    0.00007388    0.20548158    0.04893049    0.00011152    0.32154809
    0.03254906    0.00007271    0.20548158    0.04891663    0.00010976    0.32154809
    0.03254006    0.00007040    0.20548158    0.04890310    0.00010628    0.32154809
    0.03253142    0.00006698    0.20548158    0.04889010    0.00010111    0.32154809
    0.03252327    0.00006250    0.20548158    0.04887786    0.00009435    0.32154809
    0.03251575    0.00005703    0.20548158    0.04886656    0.00008610    0.32154809
    0.03250897    0.00005067    0.20548158    0.04885637    0.00007649    0.32154809
    0.03250305    0.00004351    0.20548158    0.04884747    0.00006568    0.32154809
    0.03249806    0.00003566    0.20548158    0.04883998    0.00005383    0.32154809
    0.03249411    0.00002725    0.20548158    0.04883403    0.00004114    0.32154809
    0.03249123    0.00001840    0.20548158    0.04882972    0.00002779    0.32154809
    0.03248949    0.00000927    0.20548158    0.04882710    0.00001401    0.32154809
    0.03248891   -0.00000001    0.20548158    0.04882622    0.00000000    0.32154809
    0.03248949   -0.00000928    0.20548158    0.04882710   -0.00001400    0.32154809
    0.03249123   -0.00001842    0.20548158    0.04882972   -0.00002779    0.32154809
    0.03249411   -0.00002726    0.20548158    0.04883403   -0.00004113    0.32154809
    0.03249806   -0.00003567    0.20548158    0.04883998   -0.00005383    0.32154809
    0.03250305   -0.00004352    0.20548158    0.04884747   -0.00006568    0.32154809
    0.03250897   -0.00005068    0.20548158    0.04885637   -0.00007649    0.32154809
    0.03251575   -0.00005704    0.20548158    0.04886656   -0.00008610    0.32154809
    0.03252327   -0.00006251    0.20548158    0.04887786   -0.00009434    0.32154809
    0.03253142   -0.00006699    0.20548158    0.04889010   -0.00010110    0.32154809
    0.03254006   -0.00007041    0.20548158    0.04890310   -0.00010627    0.32154809
    0.03254906   -0.00007272    0.20548158    0.04891663   -0.00010976    0.32154809
    0.03255829   -0.00007389    0.20548158    0.04893049   -0.00011152    0.32154809
    0.03256758   -0.00007389    0.20548158    0.04894446   -0.00011152    0.32154809
    0.03257681   -0.00007272    0.20548158    0.04895832   -0.00010976    0.32154809
    0.03258581   -0.00007041    0.20548158    0.04897185   -0.00010627    0.32154809
    0.03259446   -0.00006699    0.20548158    0.04898484   -0.00010110    0.32154809
    0.03260260   -0.00006251    0.20548158    0.04899709   -0.00009434    0.32154809
    0.03261012   -0.00005704    0.20548158    0.04900839   -0.00008610    0.32154809
    0.03261690   -0.00005068    0.20548158    0.04901857   -0.00007649    0.32154809
    0.03262283   -0.00004352    0.20548158    0.04902748   -0.00006568    0.32154809
    0.03262781   -0.00003567    0.20548158    0.04903497   -0.00005383    0.32154809
    0.03263176   -0.00002726    0.20548158    0.04904091   -0.00004113    0.32154809
    0.03263464   -0.00001842    0.20548158    0.04904523   -0.00002779    0.32154809
    0.03263638   -0.00000928    0.20548158    0.04904785   -0.00001400    0.32154809
    0.03264112   -0.00000001    0.20548646    0.04905497    0.00000000    0.32155573
    0.03264050    0.00000979    0.20548646    0.04905405    0.00001479    0.32155573
    0.03263866    0.00001944    0.20548646    0.04905128    0.00002935    0.32155573
    0.03263563    0.00002878    0.20548646    0.04904672    0.00004345    0.32155573
    0.03263145    0.00003766    0.20548646    0.04904044    0.00005686    0.32155573
    0.03262619    0.00004595    0.20548646    0.04903253    0.00006937    0.32155573
    0.03261993    0.00005351    0.20548646    0.04902313    0.00008079    0.32155573
    0.03261277    0.00006024    0.20548646    0.04901237    0.00009093    0.32155573
    0.03260483    0.00006601    0.20548646    0.04900043    0.00009965    0.32155573
    0.03259622    0.00007074    0.20548646    0.04898750    0.00010678    0.32155573
    0.03258710    0.00007435    0.20548646    0.04897378    0.00011224    0.32155573
    0.03257759    0.00007679    0.20548646    0.04895949    0.00011593    0.32155573
    0.03256784    0.00007802    0.20548646    0.04894485    0.00011778    0.32155573
    0.03255803    0.00007802    0.20548646    0.04893010    0.00011778    0.32155573
    0.03254829    0.00007679    0.20548646    0.04891546    0.00011593    0.32155573
    0.03253878    0.00007435    0.20548646    0.04890117    0.00011224    0.32155573
    0.03252965    0.00007074    0.20548646    0.04888745    0.00010678    0.32155573
    0.03252104    0.00006601    0.20548646    0.04887452    0.00009965    0.32155573
    0.03251310    0.00006024    0.20548646    0.04886258    0.00009093    0.32155573
    0.03250594    0.00005351    0.20548646    0.04885182    0.00008079    0.32155573
    0.03249968    0.00004595    0.20548646    0.04884242    0.00006937    0.32155573
    0.03249442    0.00003766    0.20548646    0.04883451    0.00005686    0.32155573
    0.03249024    0.00002878    0.20548646    0.04882823    0.00004345    0.32155573
    0.03248721    0.00001944    0.20548646    0.04882367    0.00002935    0.32155573
    0.03248537    0.00000979    0.20548646    0.04882090    0.00001479    0.32155573
    0.03248475   -0.00000001    0.20548646    0.04881998    0.00000000    0.32155573
    0.03248537   -0.00000980    0.20548646    0.04882090   -0.00001479    0.32155573
    0.03248721   -0.00001945    0.20548646    0.04882367   -0.00002935    0.32155573
    0.03249024   -0.00002879    0.20548646    0.04882823   -0.00004344    0.32155573
    0.03249442   -0.00003767    0.20548646    0.04883451   -0.00005685    0.32155573
    0.03249968   -0.00004596    0.20548646    0.04884242   -0.00006936    0.32155573
    0.03250594   -0.00005353    0.20548646    0.04885182   -0.00008078    0.32155573
    0.03251310   -0.00006025    0.20548646    0.04886258   -0.00009093    0.32155573
    0.03252104   -0.00006602    0.20548646    0.04887452   -0.00009964    0.32155573
    0.03252965   -0.00007075    0.20548646    0.04888745   -0.00010678    0.32155573
    0.03253878   -0.00007436    0.20548646    0.04890117   -0.00011224    0.32155573
    0.03254829   -0.00007680    0.20548646    0.04891546   -0.00011592    0.32155573
    0.03255803   -0.00007803    0.20548646    0.04893010   -0.00011778    0.32155573
    0.03256784   -0.00007803    0.20548646    0.04894485   -0.00011778    0.32155573
    0.03257759   -0.00007680    0.20548646    0.04895949   -0.00011592    0.32155573
    0.03258710   -0.00007436    0.20548646    0.04897378   -0.00011224    0.32155573
    0.03259622   -0.00007075    0.20548646    0.04898750   -0.00010678    0.32155573
    0.03260483   -0.00006602    0.20548646    0.04900043   -0.00009964    0.32155573
    0.03261277   -0.00006025    0.20548646    0.04901237   -0.00009093    0.32155573
    0.03261993   -0.00005353    0.20548646    0.04902313   -0.00008078    0.32155573
    0.03262619   -0.00004596    0.20548646    0.04903253   -0.00006936    0.32155573
    0.03263145   -0.00003767    0.20548646    0.04904044   -0.00005685    0.32155573
    0.03263563   -0.00002879    0.20548646    0.04904672   -0.00004344    0.32155573
    0.03263866   -0.00001945    0.20548646    0.04905128   -0.00002935    0.32155573
    0.03264050   -0.00000980    0.20548646    0.04905405   -0.00001479    0.32155573
    0.03264495   -0.00000001    0.20549160    0.04906073    0.00000000    0.32156377
    0.03264431    0.00001027    0.20549160    0.04905976    0.00001552    0.32156377
    0.03264238    0.00002039    0.20549160    0.04905686    0.00003079    0.32156377
    0.03263919    0.00003019    0.20549160    0.04905208    0.00004558    0.32156377
    0.03263481    0.00003951    0.20549160    0.04904549    0.00005964    0.32156377
    0.03262929    0.00004820    0.20549160    0.04903719    0.00007277    0.32156377
    0.03262272    0.00005614    0.20549160    0.04902733    0.00008475    0.32156377
    0.03261522    0.00006319    0.20549160    0.04901604    0.00009539    0.32156377
    0.03260688    0.00006924    0.20549160    0.04900352    0.00010453    0.32156377
    0.03259786    0.00007421    0.20549160    0.04898996    0.00011202    0.32156377
    0.03258828    0.00007800    0.20549160    0.04897556    0.00011774    0.32156377
    0.03257830    0.00008056    0.20549160    0.04896057    0.00012161    0.32156377
    0.03256809    0.00008185    0.20549160    0.04894521    0.00012356    0.32156377
    0.03255779    0.00008185    0.20549160    0.04892973    0.00012356    0.32156377
    0.03254757    0.00008056    0.20549160    0.04891438    0.00012161    0.32156377
    0.03253759    0.00007800    0.20549160    0.04889938    0.00011774    0.32156377
    0.03252801    0.00007421    0.20549160    0.04888499    0.00011202    0.32156377
    0.03251899    0.00006924    0.20549160    0.04887143    0.00010453    0.32156377
    0.03251066    0.00006319    0.20549160    0.04885891    0.00009539    0.32156377
    0.03250315    0.00005614    0.20549160    0.04884762    0.00008475    0.32156377
    0.03249658    0.00004820    0.20549160    0.04883775    0.00007277    0.32156377
    0.03249106    0.00003951    0.20549160    0.04882946    0.00005964    0.32156377
    0.03248668    0.00003019    0.20549160    0.04882287    0.00004558    0.32156377
    0.03248350    0.00002039    0.20549160    0.04881809    0.00003079    0.32156377
    0.03248157    0.00001027    0.20549160    0.04881519    0.00001552    0.32156377
    0.03248092   -0.00000001    0.20549160    0.04881421    0.00000000    0.32156377
    0.03248157   -0.00001028    0.20549160    0.04881519   -0.00001551    0.32156377
    0.03248350   -0.00002040    0.20549160    0.04881809   -0.00003079    0.32156377
    0.03248668   -0.00003020    0.20549160    0.04882287   -0.00004557    0.32156377
    0.03249106   -0.00003952    0.20549160    0.04882946   -0.00005964    0.32156377
    0.03249658   -0.00004821    0.20549160    0.04883775   -0.00007277    0.32156377
    0.03250315   -0.00005615    0.20549160    0.04884762   -0.00008475    0.32156377
    0.03251066   -0.00006320    0.20549160    0.04885891   -0.00009539    0.32156377
    0.03251899   -0.00006925    0.20549160    0.04887143   -0.00010453    0.32156377
    0.03252801   -0.00007422    0.20549160    0.04888499   -0.00011202    0.32156377
    0.03253759   -0.00007801    0.20549160    0.04889938   -0.00011774    0.32156377
    0.03254757   -0.00008057    0.20549160    0.04891438   -0.00012161    0.32156377
    0.03255779   -0.00008186    0.20549160    0.04892973   -0.00012355    0.32156377
    0.03256809   -0.00008186    0.20549160    0.04894521   -0.00012355    0.32156377
    0.03257830   -0.00008057    0.20549160    0.04896057   -0.00012161    0.32156377
    0.03258828   -0.00007801    0.20549160    0.04897556   -0.00011774    0.32156377
    0.03259786   -0.00007422    0.20549160    0.04898996   -0.00011202    0.32156377
    0.03260688   -0.00006925    0.20549160    0.04900352   -0.00010453    0.32156377
    0.03261522   -0.00006320    0.20549160    0.04901604   -0.00009539    0.32156377
    0.03262272   -0.00005615    0.20549160    0.04902733   -0.00008475    0.32156377
    0.03262929   -0.00004821    0.20549160    0.04903719   -0.00007277    0.32156377
    0.03263481   -0.00003952    0.20549160    0.04904549   -0.00005964    0.32156377
    0.03263919   -0.00003020    0.20549160    0.04905208   -0.00004557    0.32156377
    0.03264238   -0.00002040    0.20549160    0.04905686   -0.00003079    0.32156377
    0.03264431   -0.00001028    0.20549160    0.04905976   -0.00001551    0.32156377
    0.03264845   -0.00000001    0.20549697    0.04906599    0.00000000    0.32157218
    0.03264778    0.00001071    0.20549697    0.04906498    0.00001618    0.32157218
    0.03264576    0.00002126    0.20549697    0.04906195    0.00003210    0.32157218
    0.03264244    0.00003147    0.20549697    0.04905697    0.00004752    0.32157218
    0.03263787    0.00004119    0.20549697    0.04905009    0.00006219    0.32157218
    0.03263212    0.00005026    0.20549697    0.04904145    0.00007587    0.32157218
    0.03262527    0.00005853    0.20549697    0.04903116    0.00008836    0.32157218
    0.03261744    0.00006588    0.20549697    0.04901939    0.00009946    0.32157218
    0.03260876    0.00007220    0.20549697    0.04900634    0.00010899    0.32157218
    0.03259935    0.00007737    0.20549697    0.04899219    0.00011680    0.32157218
    0.03258936    0.00008132    0.20549697    0.04897719    0.00012276    0.32157218
    0.03257896    0.00008399    0.20549697    0.04896156    0.00012680    0.32157218
    0.03256830    0.00008534    0.20549697    0.04894554    0.00012883    0.32157218
    0.03255757    0.00008534    0.20549697    0.04892940    0.00012883    0.32157218
    0.03254691    0.00008399    0.20549697    0.04891339    0.00012680    0.32157218
    0.03253651    0.00008132    0.20549697    0.04889776    0.00012276    0.32157218
    0.03252653    0.00007737    0.20549697    0.04888275    0.00011680    0.32157218
    0.03251711    0.00007220    0.20549697    0.04886861    0.00010899    0.32157218
    0.03250843    0.00006588    0.20549697    0.04885556    0.00009946    0.32157218
    0.03250060    0.00005853    0.20549697    0.04884379    0.00008836    0.32157218
    0.03249375    0.00005026    0.20549697    0.04883350    0.00007587    0.32157218
    0.03248800    0.00004119    0.20549697    0.04882486    0.00006219    0.32157218
    0.03248343    0.00003147    0.20549697    0.04881798    0.00004752    0.32157218
    0.03248011    0.00002126    0.20549697    0.04881300    0.00003210    0.32157218
    0.03247810    0.00001071    0.20549697    0.04880997    0.00001618    0.32157218
    0.03247742   -0.00000001    0.20549697    0.04880896    0.00000000    0.32157218
    0.03247810   -0.00001072    0.20549697    0.04880997   -0.00001618    0.32157218
    0.03248011   -0.00002127    0.20549697    0.04881300   -0.00003210    0.32157218
    0.03248343   -0.00003149    0.20549697    0.04881798   -0.00004751    0.32157218
    0.03248800   -0.00004120    0.20549697    0.04882486   -0.00006218    0.32157218
    0.03249375   -0.00005027    0.20549697    0.04883350   -0.00007587    0.32157218
    0.03250060   -0.00005854    0.20549697    0.04884379   -0.00008836    0.32157218
    0.03250843   -0.00006590    0.20549697    0.04885556   -0.00009945    0.32157218
    0.03251711   -0.00007221    0.20549697    0.04886861   -0.00010898    0.32157218
    0.03252653   -0.00007738    0.20549697    0.04888275   -0.00011679    0.32157218
    0.03253651   -0.00008133    0.20549697    0.04889776   -0.00012276    0.32157218
    0.03254691   -0.00008400    0.20549697    0.04891339   -0.00012679    0.32157218
    0.03255757   -0.00008535    0.20549697    0.04892940   -0.00012882    0.32157218
    0.03256830   -0.00008535    0.20549697    0.04894554   -0.00012882    0.32157218
    0.03257896   -0.00008400    0.20549697    0.04896156   -0.00012679    0.32157218
    0.03258936   -0.00008133    0.20549697    0.04897719   -0.00012276    0.32157218
    0.03259935   -0.00007738    0.20549697    0.04899219   -0.00011679    0.32157218
    0.03260876   -0.00007221    0.20549697    0.04900634   -0.00010898    0.32157218
    0.03261744   -0.00006590    0.20549697    0.04901939   -0.00009945    0.32157218
    0.03262527   -0.00005854    0.20549697    0.04903116   -0.00008836    0.32157218
    0.03263212   -0.00005027    0.20549697    0.04904145   -0.00007587    0.32157218
    0.03263787   -0.00004120    0.20549697    0.04905009   -0.00006218    0.32157218
    0.03264244   -0.00003149    0.20549697    0.04905697   -0.00004751    0.32157218
    0.03264576   -0.00002127    0.20549697    0.04906195   -0.00003210    0.32157218
    0.03264778   -0.00001072    0.20549697    0.04906498   -0.00001618    0.32157218
    0.03265160   -0.00000001    0.20550256    0.04907072    0.00000000    0.32158092
    0.03265090    0.00001111    0.20550256    0.04906967    0.00001678    0.32158092
    0.03264881    0.00002204    0.20550256    0.04906653    0.00003328    0.32158092
    0.03264537    0.00003263    0.20550256    0.04906136    0.00004927    0.32158092
    0.03264063    0.00004271    0.20550256    0.04905424    0.00006447    0.32158092
    0.03263466    0.00005211    0.20550256    0.04904527    0.00007866    0.32158092
    0.03262757    0.00006069    0.20550256    0.04903460    0.00009161    0.32158092
    0.03261945    0.00006831    0.20550256    0.04902241    0.00010312    0.32158092
    0.03261044    0.00007485    0.20550256    0.04900887    0.00011300    0.32158092
    0.03260069    0.00008022    0.20550256    0.04899421    0.00012109    0.32158092
    0.03259033    0.00008432    0.20550256    0.04897865    0.00012728    0.32158092
    0.03257955    0.00008708    0.20550256    0.04896244    0.00013146    0.32158092
    0.03256850    0.00008848    0.20550256    0.04894584    0.00013357    0.32158092
    0.03255737    0.00008848    0.20550256    0.04892911    0.00013357    0.32158092
    0.03254632    0.00008708    0.20550256    0.04891251    0.00013146    0.32158092
    0.03253554    0.00008432    0.20550256    0.04889630    0.00012728    0.32158092
    0.03252519    0.00008022    0.20550256    0.04888074    0.00012109    0.32158092
    0.03251543    0.00007485    0.20550256    0.04886608    0.00011300    0.32158092
    0.03250642    0.00006831    0.20550256    0.04885254    0.00010312    0.32158092
    0.03249831    0.00006069    0.20550256    0.04884034    0.00009161    0.32158092
    0.03249121    0.00005211    0.20550256    0.04882968    0.00007866    0.32158092
    0.03248524    0.00004271    0.20550256    0.04882071    0.00006447    0.32158092
    0.03248050    0.00003263    0.20550256    0.04881359    0.00004927    0.32158092
    0.03247706    0.00002204    0.20550256    0.04880842    0.00003328    0.32158092
    0.03247497    0.00001111    0.20550256    0.04880528    0.00001678    0.32158092
    0.03247428   -0.00000001    0.20550256    0.04880423    0.00000000    0.32158092
    0.03247497   -0.00001112    0.20550256    0.04880528   -0.00001677    0.32158092
    0.03247706   -0.00002205    0.20550256    0.04880842   -0.00003328    0.32158092
    0.03248050   -0.00003264    0.20550256    0.04881359   -0.00004926    0.32158092
    0.03248524   -0.00004272    0.20550256    0.04882071   -0.00006447    0.32158092
    0.03249121   -0.00005212    0.20550256    0.04882968   -0.00007866    0.32158092
    0.03249831   -0.00006070    0.20550256    0.04884034   -0.00009161    0.32158092
    0.03250642   -0.00006832    0.20550256    0.04885254   -0.00010311    0.32158092
    0.03251543   -0.00007486    0.20550256    0.04886608   -0.00011299    0.32158092
    0.03252519   -0.00008023    0.20550256    0.04888074   -0.00012109    0.32158092
    0.03253554   -0.00008433    0.20550256    0.04889630   -0.00012728    0.32158092
    0.03254632   -0.00008709    0.20550256    0.04891251   -0.00013145    0.32158092
    0.03255737   -0.00008849    0.20550256    0.04892911   -0.00013356    0.32158092
    0.03256850   -0.00008849    0.20550256    0.04894584   -0.00013356    0.32158092
    0.03257955   -0.00008709    0.20550256    0.04896244   -0.00013145    0.32158092
    0.03259033   -0.00008433    0.20550256    0.04897865   -0.00012728    0.32158092
    0.03260069   -0.00008023    0.20550256    0.04899421   -0.00012109    0.32158092
    0.03261044   -0.00007486    0.20550256    0.04900887   -0.00011299    0.32158092
    0.03261945   -0.00006832    0.20550256    0.04902241   -0.00010311    0.32158092
    0.03262757   -0.00006070    0.20550256    0.04903460   -0.00009161    0.32158092
    0.03263466   -0.00005212    0.20550256    0.04904527   -0.00007866    0.32158092
    0.03264063   -0.00004272    0.20550256    0.04905424   -0.00006447    0.32158092
    0.03264537   -0.00003264    0.20550256    0.04906136   -0.00004926    0.32158092
    0.03264881   -0.00002205    0.20550256    0.04906653   -0.00003328    0.32158092
    0.03265090   -0.00001112    0.20550256    0.04906967   -0.00001677    0.32158092
    0.03265438   -0.00000001    0.20550833    0.04907490    0.00000000    0.32158996
    0.03265366    0.00001146    0.20550833    0.04907381    0.00001730    0.32158996
    0.03265150    0.00002274    0.20550833    0.04907058    0.00003433    0.32158996
    0.03264796    0.00003366    0.20550833    0.04906525    0.00005081    0.32158996
    0.03264307    0.00004405    0.20550833    0.04905790    0.00006650    0.32158996
    0.03263691    0.00005374    0.20550833    0.04904865    0.00008113    0.32158996
    0.03262959    0.00006259    0.20550833    0.04903765    0.00009449    0.32158996
    0.03262122    0.00007045    0.20550833    0.04902507    0.00010635    0.32158996
    0.03261193    0.00007720    0.20550833    0.04901111    0.00011654    0.32158996
    0.03260187    0.00008273    0.20550833    0.04899599    0.00012489    0.32158996
    0.03259119    0.00008696    0.20550833    0.04897994    0.00013127    0.32158996
    0.03258007    0.00008982    0.20550833    0.04896322    0.00013558    0.32158996
    0.03256868    0.00009126    0.20550833    0.04894610    0.00013776    0.32158996
    0.03255719    0.00009126    0.20550833    0.04892885    0.00013776    0.32158996
    0.03254580    0.00008982    0.20550833    0.04891172    0.00013558    0.32158996
    0.03253468    0.00008696    0.20550833    0.04889501    0.00013127    0.32158996
    0.03252400    0.00008273    0.20550833    0.04887896    0.00012489    0.32158996
    0.03251394    0.00007720    0.20550833    0.04886384    0.00011654    0.32158996
    0.03250465    0.00007045    0.20550833    0.04884988    0.00010635    0.32158996
    0.03249628    0.00006259    0.20550833    0.04883730    0.00009449    0.32158996
    0.03248896    0.00005374    0.20550833    0.04882630    0.00008113    0.32158996
    0.03248280    0.00004405    0.20550833    0.04881705    0.00006650    0.32158996
    0.03247792    0.00003366    0.20550833    0.04880970    0.00005081    0.32158996
    0.03247437    0.00002274    0.20550833    0.04880437    0.00003433    0.32158996
    0.03247222    0.00001146    0.20550833    0.04880113    0.00001730    0.32158996
    0.03247149   -0.00000001    0.20550833    0.04880005    0.00000000    0.32158996
    0.03247222   -0.00001147    0.20550833    0.04880113   -0.00001730    0.32158996
    0.03247437   -0.00002275    0.20550833    0.04880437   -0.00003432    0.32158996
    0.03247792   -0.00003367    0.20550833    0.04880970   -0.00005081    0.32158996
    0.03248280   -0.00004406    0.20550833    0.04881705   -0.00006649    0.32158996
    0.03248896   -0.00005375    0.20550833    0.04882630   -0.00008113    0.32158996
    0.03249628   -0.00006260    0.20550833    0.04883730   -0.00009448    0.32158996
    0.03250465   -0.00007046    0.20550833    0.04884988   -0.00010635    0.32158996
    0.03251394   -0.00007721    0.20550833    0.04886384   -0.00011654    0.32158996
    0.03252400   -0.00008274    0.20550833    0.04887896   -0.00012489    0.32158996
    0.03253468   -0.00008697    0.20550833    0.04889501   -0.00013127    0.32158996
    0.03254580   -0.00008983    0.20550833    0.04891172   -0.00013558    0.32158996
    0.03255719   -0.00009127    0.20550833    0.04892885   -0.00013775    0.32158996
    0.03256868   -0.00009127    0.20550833    0.04894610   -0.00013775    0.32158996
    0.03258007   -0.00008983    0.20550833    0.04896322   -0.00013558    0.32158996
    0.03259119   -0.00008697    0.20550833    0.04897994   -0.00013127    0.32158996
    0.03260187   -0.00008274    0.20550833    0.04899599   -0.00012489    0.32158996
    0.03261193   -0.00007721    0.20550833    0.04901111   -0.00011654    0.32158996
    0.03262122   -0.00007046    0.20550833    0.04902507   -0.00010635    0.32158996
    0.03262959   -0.00006260    0.20550833    0.04903765   -0.00009448    0.32158996
    0.03263691   -0.00005375    0.20550833    0.04904865   -0.00008113    0.32158996
    0.03264307   -0.00004406    0.20550833    0.04905790   -0.00006649    0.32158996
    0.03264796   -0.00003367    0.20550833    0.04906525   -0.00005081    0.32158996
    0.03265150   -0.00002275    0.20550833    0.04907058   -0.00003432    0.32158996
    0.03265366   -0.00001147    0.20550833    0.04907381   -0.00001730    0.32158996
    0.03265678   -0.00000001    0.20551428    0.04907851    0.00000000    0.32159925
    0.03265604    0.00001176    0.20551428    0.04907740    0.00001776    0.32159925
    0.03265383    0.00002333    0.20551428    0.04907408    0.00003523    0.32159925
    0.03265019    0.00003454    0.20551428    0.04906861    0.00005215    0.32159925
    0.03264517    0.00004521    0.20551428    0.04906107    0.00006825    0.32159925
    0.03263886    0.00005516    0.20551428    0.04905158    0.00008327    0.32159925
    0.03263135    0.00006424    0.20551428    0.04904029    0.00009697    0.32159925
    0.03262276    0.00007230    0.20551428    0.04902738    0.00010915    0.32159925
    0.03261322    0.00007923    0.20551428    0.04901305    0.00011961    0.32159925
    0.03260289    0.00008491    0.20551428    0.04899753    0.00012818    0.32159925
    0.03259194    0.00008925    0.20551428    0.04898106    0.00013473    0.32159925
    0.03258052    0.00009218    0.20551428    0.04896390    0.00013915    0.32159925
    0.03256883    0.00009366    0.20551428    0.04894633    0.00014138    0.32159925
    0.03255704    0.00009366    0.20551428    0.04892862    0.00014138    0.32159925
    0.03254535    0.00009218    0.20551428    0.04891105    0.00013915    0.32159925
    0.03253394    0.00008925    0.20551428    0.04889389    0.00013473    0.32159925
    0.03252298    0.00008491    0.20551428    0.04887742    0.00012818    0.32159925
    0.03251265    0.00007923    0.20551428    0.04886190    0.00011961    0.32159925
    0.03250312    0.00007230    0.20551428    0.04884757    0.00010915    0.32159925
    0.03249452    0.00006424    0.20551428    0.04883466    0.00009697    0.32159925
    0.03248701    0.00005516    0.20551428    0.04882337    0.00008327    0.32159925
    0.03248070    0.00004521    0.20551428    0.04881388    0.00006825    0.32159925
    0.03247568    0.00003454    0.20551428    0.04880634    0.00005215    0.32159925
    0.03247204    0.00002333    0.20551428    0.04880087    0.00003523    0.32159925
    0.03246983    0.00001176    0.20551428    0.04879755    0.00001776    0.32159925
    0.03246909   -0.00000001    0.20551428    0.04879644    0.00000000    0.32159925
    0.03246983   -0.00001177    0.20551428    0.04879755   -0.00001775    0.32159925
    0.03247204   -0.00002334    0.20551428    0.04880087   -0.00003523    0.32159925
    0.03247568   -0.00003455    0.20551428    0.04880634   -0.00005214    0.32159925
    0.03248070   -0.00004522    0.20551428    0.04881388   -0.00006824    0.32159925
    0.03248701   -0.00005517    0.20551428    0.04882337   -0.00008326    0.32159925
    0.03249452   -0.00006425    0.20551428    0.04883466   -0.00009697    0.32159925
    0.03250312   -0.00007232    0.20551428    0.04884757   -0.00010915    0.32159925
    0.03251265   -0.00007924    0.20551428    0.04886190   -0.00011960    0.32159925
    0.03252298   -0.00008492    0.20551428    0.04887742   -0.00012817    0.32159925
    0.03253394   -0.00008926    0.20551428    0.04889389   -0.00013472    0.32159925
    0.03254535   -0.00009219    0.20551428    0.04891105   -0.00013915    0.32159925
    0.03255704   -0.00009367    0.20551428    0.04892862   -0.00014138    0.32159925
    0.03256883   -0.00009367    0.20551428    0.04894633   -0.00014138    0.32159925
    0.03258052   -0.00009219    0.20551428    0.04896390   -0.00013915    0.32159925
    0.03259194   -0.00008926    0.20551428    0.04898106   -0.00013472    0.32159925
    0.03260289   -0.00008492    0.20551428    0.04899753   -0.00012817    0.32159925
    0.03261322   -0.00007924    0.20551428    0.04901305   -0.00011960    0.32159925
    0.03262276   -0.00007232    0.20551428    0.04902738   -0.00010915    0.32159925
    0.03263135   -0.00006425    0.20551428    0.04904029   -0.00009697    0.32159925
    0.03263886   -0.00005517    0.20551428    0.04905158   -0.00008326    0.32159925
    0.03264517   -0.00004522    0.20551428    0.04906107   -0.00006824    0.32159925
    0.03265019   -0.00003455    0.20551428    0.04906861   -0.00005214    0.32159925
    0.03265383   -0.00002334    0.20551428    0.04907408   -0.00003523    0.32159925
    0.03265604   -0.00001177    0.20551428    0.04907740   -0.00001775    0.32159925
    0.03265880   -0.00000001    0.20552036    0.04908155    0.00000000    0.32160877
    0.03265805    0.00001201    0.20552036    0.04908041    0.00001814    0.32160877
    0.03265579    0.00002384    0.20552036    0.04907702    0.00003599    0.32160877
    0.03265207    0.00003529    0.20552036    0.04907143    0.00005327    0.32160877
    0.03264694    0.00004618    0.20552036    0.04906373    0.00006972    0.32160877
    0.03264049    0.00005634    0.20552036    0.04905403    0.00008506    0.32160877
    0.03263282    0.00006562    0.20552036    0.04904250    0.00009906    0.32160877
    0.03262404    0.00007386    0.20552036    0.04902931    0.00011150    0.32160877
    0.03261430    0.00008094    0.20552036    0.04901467    0.00012218    0.32160877
    0.03260375    0.00008674    0.20552036    0.04899882    0.00013094    0.32160877
    0.03259256    0.00009117    0.20552036    0.04898200    0.00013763    0.32160877
    0.03258090    0.00009416    0.20552036    0.04896447    0.00014215    0.32160877
    0.03256896    0.00009567    0.20552036    0.04894652    0.00014442    0.32160877
    0.03255692    0.00009567    0.20552036    0.04892843    0.00014442    0.32160877
    0.03254497    0.00009416    0.20552036    0.04891048    0.00014215    0.32160877
    0.03253331    0.00009117    0.20552036    0.04889295    0.00013763    0.32160877
    0.03252212    0.00008674    0.20552036    0.04887613    0.00013094    0.32160877
    0.03251157    0.00008094    0.20552036    0.04886028    0.00012218    0.32160877
    0.03250183    0.00007386    0.20552036    0.04884564    0.00011150    0.32160877
    0.03249305    0.00006562    0.20552036    0.04883245    0.00009906    0.32160877
    0.03248538    0.00005634    0.20552036    0.04882092    0.00008506    0.32160877
    0.03247893    0.00004618    0.20552036    0.04881122    0.00006972    0.32160877
    0.03247380    0.00003529    0.20552036    0.04880352    0.00005327    0.32160877
    0.03247008    0.00002384    0.20552036    0.04879793    0.00003599    0.32160877
    0.03246782    0.00001201    0.20552036    0.04879454    0.00001814    0.32160877
    0.03246707   -0.00000001    0.20552036    0.04879340    0.00000000    0.32160877
    0.03246782   -0.00001202    0.20552036    0.04879454   -0.00001813    0.32160877
    0.03247008   -0.00002385    0.20552036    0.04879793   -0.00003598    0.32160877
    0.03247380   -0.00003530    0.20552036    0.04880352   -0.00005327    0.32160877
    0.03247893   -0.00004619    0.20552036    0.04881122   -0.00006971    0.32160877
    0.03248538   -0.00005635    0.20552036    0.04882092   -0.00008505    0.32160877
    0.03249305   -0.00006563    0.20552036    0.04883245   -0.00009906    0.32160877
    0.03250183   -0.00007387    0.20552036    0.04884564   -0.00011150    0.32160877
    0.03251157   -0.00008095    0.20552036    0.04886028   -0.00012218    0.32160877
    0.03252212   -0.00008675    0.20552036    0.04887613   -0.00013093    0.32160877
    0.03253331   -0.00009118    0.20552036    0.04889295   -0.00013762    0.32160877
    0.03254497   -0.00009417    0.20552036    0.04891048   -0.00014214    0.32160877
    0.03255692   -0.00009568    0.20552036    0.04892843   -0.00014442    0.32160877
    0.03256896   -0.00009568    0.20552036    0.04894652   -0.00014442    0.32160877
    0.03258090   -0.00009417    0.20552036    0.04896447   -0.00014214    0.32160877
    0.03259256   -0.00009118    0.20552036    0.04898200   -0.00013762    0.32160877
    0.03260375   -0.00008675    0.20552036    0.04899882   -0.00013093    0.32160877
    0.03261430   -0.00008095    0.20552036    0.04901467   -0.00012218    0.32160877
    0.03262404   -0.00007387    0.20552036    0.04902931   -0.00011150    0.32160877
    0.03263282   -0.00006563    0.20552036    0.04904250   -0.00009906    0.32160877
    0.03264049   -0.00005635    0.20552036    0.04905403   -0.00008505    0.32160877
    0.03264694   -0.00004619    0.20552036    0.04906373   -0.00006971    0.32160877
    0.03265207   -0.00003530    0.20552036    0.04907143   -0.00005327    0.32160877
    0.03265579   -0.00002385    0.20552036    0.04907702   -0.00003598    0.32160877
    0.03265805   -0.00001202    0.20552036    0.04908041   -0.00001813    0.32160877
    0.03266043   -0.00000001    0.20552656    0.04908399    0.00000000    0.32161848
    0.03265966    0.00001221    0.20552656    0.04908284    0.00001845    0.32161848
    0.03265737    0.00002424    0.20552656    0.04907939    0.00003660    0.32161848
    0.03265358    0.00003588    0.20552656    0.04907370    0.00005418    0.32161848
    0.03264837    0.00004696    0.20552656    0.04906587    0.00007090    0.32161848
    0.03264181    0.00005730    0.20552656    0.04905601    0.00008650    0.32161848
    0.03263400    0.00006673    0.20552656    0.04904428    0.00010074    0.32161848
    0.03262508    0.00007511    0.20552656    0.04903087    0.00011339    0.32161848
    0.03261517    0.00008231    0.20552656    0.04901598    0.00012425    0.32161848
    0.03260445    0.00008821    0.20552656    0.04899986    0.00013316    0.32161848
    0.03259306    0.00009272    0.20552656    0.04898275    0.00013996    0.32161848
    0.03258120    0.00009576    0.20552656    0.04896493    0.00014456    0.32161848
    0.03256906    0.00009730    0.20552656    0.04894667    0.00014687    0.32161848
    0.03255681    0.00009730    0.20552656    0.04892827    0.00014687    0.32161848
    0.03254467    0.00009576    0.20552656    0.04891002    0.00014456    0.32161848
    0.03253281    0.00009272    0.20552656    0.04889220    0.00013996    0.32161848
    0.03252143    0.00008821    0.20552656    0.04887509    0.00013316    0.32161848
    0.03251070    0.00008231    0.20552656    0.04885897    0.00012425    0.32161848
    0.03250079    0.00007511    0.20552656    0.04884408    0.00011339    0.32161848
    0.03249187    0.00006673    0.20552656    0.04883067    0.00010074    0.32161848
    0.03248406    0.00005730    0.20552656    0.04881894    0.00008650    0.32161848
    0.03247750    0.00004696    0.20552656    0.04880908    0.00007090    0.32161848
    0.03247229    0.00003588    0.20552656    0.04880125    0.00005418    0.32161848
    0.03246851    0.00002424    0.20552656    0.04879556    0.00003660    0.32161848
    0.03246621    0.00001221    0.20552656    0.04879211    0.00001845    0.32161848
    0.03246544   -0.00000001    0.20552656    0.04879096    0.00000000    0.32161848
    0.03246621   -0.00001222    0.20552656    0.04879211   -0.00001844    0.32161848
    0.03246851   -0.00002425    0.20552656    0.04879556   -0.00003659    0.32161848
    0.03247229   -0.00003589    0.20552656    0.04880125   -0.00005417    0.32161848
    0.03247750   -0.00004697    0.20552656    0.04880908   -0.00007089    0.32161848
    0.03248406   -0.00005731    0.20552656    0.04881894   -0.00008650    0.32161848
    0.03249187   -0.00006674    0.20552656    0.04883067   -0.00010074    0.32161848
    0.03250079   -0.00007512    0.20552656    0.04884408   -0.00011339    0.32161848
    0.03251070   -0.00008232    0.20552656    0.04885897   -0.00012425    0.32161848
    0.03252143   -0.00008822    0.20552656    0.04887509   -0.00013315    0.32161848
    0.03253281   -0.00009273    0.20552656    0.04889220   -0.00013996    0.32161848
    0.03254467   -0.00009577    0.20552656    0.04891002   -0.00014455    0.32161848
    0.03255681   -0.00009731    0.20552656    0.04892827   -0.00014687    0.32161848
    0.03256906   -0.00009731    0.20552656    0.04894667   -0.00014687    0.32161848
    0.03258120   -0.00009577    0.20552656    0.04896493   -0.00014455    0.32161848
    0.03259306   -0.00009273    0.20552656    0.04898275   -0.00013996    0.32161848
    0.03260445   -0.00008822    0.20552656    0.04899986   -0.00013315    0.32161848
    0.03261517   -0.00008232    0.20552656    0.04901598   -0.00012425    0.32161848
    0.03262508   -0.00007512    0.20552656    0.04903087   -0.00011339    0.32161848
    0.03263400   -0.00006674    0.20552656    0.04904428   -0.00010074    0.32161848
    0.03264181   -0.00005731    0.20552656    0.04905601   -0.00008650    0.32161848
    0.03264837   -0.00004697    0.20552656    0.04906587   -0.00007089    0.32161848
    0.03265358   -0.00003589    0.20552656    0.04907370   -0.00005417    0.32161848
    0.03265737   -0.00002425    0.20552656    0.04907939   -0.00003659    0.32161848
    0.03265966   -0.00001222    0.20552656    0.04908284   -0.00001844    0.32161848
    0.03266165   -0.00000001    0.20553285    0.04908583    0.00000000    0.32162832
    0.03266088    0.00001237    0.20553285    0.04908466    0.00001868    0.32162832
    0.03265855    0.00002454    0.20553285    0.04908117    0.00003706    0.32162832
    0.03265472    0.00003634    0.20553285    0.04907542    0.00005486    0.32162832
    0.03264944    0.00004755    0.20553285    0.04906748    0.00007179    0.32162832
    0.03264280    0.00005802    0.20553285    0.04905750    0.00008759    0.32162832
    0.03263490    0.00006757    0.20553285    0.04904562    0.00010201    0.32162832
    0.03262586    0.00007606    0.20553285    0.04903204    0.00011482    0.32162832
    0.03261583    0.00008335    0.20553285    0.04901697    0.00012582    0.32162832
    0.03260497    0.00008932    0.20553285    0.04900064    0.00013483    0.32162832
    0.03259344    0.00009388    0.20553285    0.04898332    0.00014172    0.32162832
    0.03258143    0.00009696    0.20553285    0.04896527    0.00014637    0.32162832
    0.03256913    0.00009852    0.20553285    0.04894679    0.00014872    0.32162832
    0.03255674    0.00009852    0.20553285    0.04892816    0.00014872    0.32162832
    0.03254444    0.00009696    0.20553285    0.04890967    0.00014637    0.32162832
    0.03253243    0.00009388    0.20553285    0.04889163    0.00014172    0.32162832
    0.03252090    0.00008932    0.20553285    0.04887431    0.00013483    0.32162832
    0.03251004    0.00008335    0.20553285    0.04885798    0.00012582    0.32162832
    0.03250001    0.00007606    0.20553285    0.04884291    0.00011482    0.32162832
    0.03249097    0.00006757    0.20553285    0.04882932    0.00010201    0.32162832
    0.03248307    0.00005802    0.20553285    0.04881745    0.00008759    0.32162832
    0.03247643    0.00004755    0.20553285    0.04880747    0.00007179    0.32162832
    0.03247115    0.00003634    0.20553285    0.04879953    0.00005486    0.32162832
    0.03246732    0.00002454    0.20553285    0.04879378    0.00003706    0.32162832
    0.03246500    0.00001237    0.20553285    0.04879028    0.00001868    0.32162832
    0.03246422   -0.00000001    0.20553285    0.04878911    0.00000000    0.32162832
    0.03246500   -0.00001238    0.20553285    0.04879028   -0.00001867    0.32162832
    0.03246732   -0.00002456    0.20553285    0.04879378   -0.00003705    0.32162832
    0.03247115   -0.00003635    0.20553285    0.04879953   -0.00005485    0.32162832
    0.03247643   -0.00004756    0.20553285    0.04880747   -0.00007178    0.32162832
    0.03248307   -0.00005803    0.20553285    0.04881745   -0.00008758    0.32162832
    0.03249097   -0.00006758    0.20553285    0.04882932   -0.00010200    0.32162832
    0.03250001   -0.00007607    0.20553285    0.04884291   -0.00011481    0.32162832
    0.03251004   -0.00008336    0.20553285    0.04885798   -0.00012581    0.32162832
    0.03252090   -0.00008933    0.20553285    0.04887431   -0.00013483    0.32162832
    0.03253243   -0.00009389    0.20553285    0.04889163   -0.00014171    0.32162832
    0.03254444   -0.00009697    0.20553285    0.04890967   -0.00014637    0.32162832
    0.03255674   -0.00009853    0.20553285    0.04892816   -0.00014871    0.32162832
    0.03256913   -0.00009853    0.20553285    0.04894679   -0.00014871    0.32162832
    0.03258143   -0.00009697    0.20553285    0.04896527   -0.00014637    0.32162832
    0.03259344   -0.00009389    0.20553285    0.04898332   -0.00014171    0.32162832
    0.03260497   -0.00008933    0.20553285    0.04900064   -0.00013483    0.32162832
    0.03261583   -0.00008336    0.20553285    0.04901697   -0.00012581    0.32162832
    0.03262586   -0.00007607    0.20553285    0.04903204   -0.00011481    0.32162832
    0.03263490   -0.00006758    0.20553285    0.04904562   -0.00010200    0.32162832
    0.03264280   -0.00005803    0.20553285    0.04905750   -0.00008758    0.32162832
    0.03264944   -0.00004756    0.20553285    0.04906748   -0.00007178    0.32162832
    0.03265472   -0.00003635    0.20553285    0.04907542   -0.00005485    0.32162832
    0.03265855   -0.00002456    0.20553285    0.04908117   -0.00003705    0.32162832
    0.03266088   -0.00001238    0.20553285    0.04908466   -0.00001867    0.32162832
    0.03266247   -0.00000001    0.20553921    0.04908707    0.00000000    0.32163827
    0.03266169    0.00001247    0.20553921    0.04908589    0.00001883    0.32163827
    0.03265935    0.00002475    0.20553921    0.04908237    0.00003737    0.32163827
    0.03265548    0.00003664    0.20553921    0.04907656    0.00005531    0.32163827
    0.03265016    0.00004795    0.20553921    0.04906856    0.00007239    0.32163827
    0.03264346    0.00005850    0.20553921    0.04905850    0.00008832    0.32163827
    0.03263550    0.00006813    0.20553921    0.04904652    0.00010285    0.32163827
    0.03262638    0.00007669    0.20553921    0.04903283    0.00011577    0.32163827
    0.03261627    0.00008404    0.20553921    0.04901763    0.00012686    0.32163827
    0.03260532    0.00009006    0.20553921    0.04900117    0.00013595    0.32163827
    0.03259369    0.00009466    0.20553921    0.04898370    0.00014290    0.32163827
    0.03258159    0.00009777    0.20553921    0.04896550    0.00014759    0.32163827
    0.03256919    0.00009934    0.20553921    0.04894687    0.00014995    0.32163827
    0.03255669    0.00009934    0.20553921    0.04892808    0.00014995    0.32163827
    0.03254428    0.00009777    0.20553921    0.04890944    0.00014759    0.32163827
    0.03253218    0.00009466    0.20553921    0.04889125    0.00014290    0.32163827
    0.03252055    0.00009006    0.20553921    0.04887378    0.00013595    0.32163827
    0.03250960    0.00008404    0.20553921    0.04885732    0.00012686    0.32163827
    0.03249949    0.00007669    0.20553921    0.04884212    0.00011577    0.32163827
    0.03249038    0.00006813    0.20553921    0.04882843    0.00010285    0.32163827
    0.03248241    0.00005850    0.20553921    0.04881645    0.00008832    0.32163827
    0.03247571    0.00004795    0.20553921    0.04880639    0.00007239    0.32163827
    0.03247039    0.00003664    0.20553921    0.04879839    0.00005531    0.32163827
    0.03246652    0.00002475    0.20553921    0.04879258    0.00003737    0.32163827
    0.03246418    0.00001247    0.20553921    0.04878906    0.00001883    0.32163827
    0.03246340   -0.00000001    0.20553921    0.04878788    0.00000000    0.32163827
    0.03246418   -0.00001248    0.20553921    0.04878906   -0.00001883    0.32163827
    0.03246652   -0.00002476    0.20553921    0.04879258   -0.00003736    0.32163827
    0.03247039   -0.00003665    0.20553921    0.04879839   -0.00005531    0.32163827
    0.03247571   -0.00004796    0.20553921    0.04880639   -0.00007238    0.32163827
    0.03248241   -0.00005851    0.20553921    0.04881645   -0.00008831    0.32163827
    0.03249038   -0.00006814    0.20553921    0.04882843   -0.00010285    0.32163827
    0.03249949   -0.00007670    0.20553921    0.04884212   -0.00011577    0.32163827
    0.03250960   -0.00008405    0.20553921    0.04885732   -0.00012686    0.32163827
    0.03252055   -0.00009007    0.20553921    0.04887378   -0.00013595    0.32163827
    0.03253218   -0.00009467    0.20553921    0.04889125   -0.00014289    0.32163827
    0.03254428   -0.00009778    0.20553921    0.04890944   -0.00014758    0.32163827
    0.03255669   -0.00009935    0.20553921    0.04892808   -0.00014995    0.32163827
    0.03256919   -0.00009935    0.20553921    0.04894687   -0.00014995    0.32163827
    0.03258159   -0.00009778    0.20553921    0.04896550   -0.00014758    0.32163827
    0.03259369   -0.00009467    0.20553921    0.04898370   -0.00014289    0.32163827
    0.03260532   -0.00009007    0.20553921    0.04900117   -0.00013595    0.32163827
    0.03261627   -0.00008405    0.20553921    0.04901763   -0.00012686    0.32163827
    0.03262638   -0.00007670    0.20553921    0.04903283   -0.00011577    0.32163827
    0.03263550   -0.00006814    0.20553921    0.04904652   -0.00010285    0.32163827
    0.03264346   -0.00005851    0.20553921    0.04905850   -0.00008831    0.32163827
    0.03265016   -0.00004796    0.20553921    0.04906856   -0.00007238    0.32163827
    0.03265548   -0.00003665    0.20553921    0.04907656   -0.00005531    0.32163827
    0.03265935   -0.00002476    0.20553921    0.04908237   -0.00003736    0.32163827
    0.03266169   -0.00001248    0.20553921    0.04908589   -0.00001883    0.32163827
    0.03266288   -0.00000001    0.20554561    0.04908768    0.00000000    0.32164828
    0.03266210    0.00001252    0.20554561    0.04908650    0.00001891    0.32164828
    0.03265974    0.00002485    0.20554561    0.04908296    0.00003752    0.32164828
    0.03265587    0.00003679    0.20554561    0.04907713    0.00005554    0.32164828
    0.03265052    0.00004815    0.20554561    0.04906910    0.00007268    0.32164828
    0.03264380    0.00005874    0.20554561    0.04905900    0.00008868    0.32164828
    0.03263579    0.00006841    0.20554561    0.04904697    0.00010328    0.32164828
    0.03262665    0.00007701    0.20554561    0.04903322    0.00011625    0.32164828
    0.03261649    0.00008438    0.20554561    0.04901796    0.00012738    0.32164828
    0.03260549    0.00009043    0.20554561    0.04900143    0.00013651    0.32164828
    0.03259382    0.00009505    0.20554561    0.04898389    0.00014349    0.32164828
    0.03258166    0.00009817    0.20554561    0.04896562    0.00014820    0.32164828
    0.03256921    0.00009975    0.20554561    0.04894691    0.00015057    0.32164828
    0.03255666    0.00009975    0.20554561    0.04892804    0.00015057    0.32164828
    0.03254421    0.00009817    0.20554561    0.04890933    0.00014820    0.32164828
    0.03253205    0.00009505    0.20554561    0.04889106    0.00014349    0.32164828
    0.03252038    0.00009043    0.20554561    0.04887352    0.00013651    0.32164828
    0.03250938    0.00008438    0.20554561    0.04885699    0.00012738    0.32164828
    0.03249923    0.00007701    0.20554561    0.04884173    0.00011625    0.32164828
    0.03249008    0.00006841    0.20554561    0.04882798    0.00010328    0.32164828
    0.03248208    0.00005874    0.20554561    0.04881595    0.00008868    0.32164828
    0.03247535    0.00004815    0.20554561    0.04880585    0.00007268    0.32164828
    0.03247001    0.00003679    0.20554561    0.04879781    0.00005554    0.32164828
    0.03246613    0.00002485    0.20554561    0.04879198    0.00003752    0.32164828
    0.03246378    0.00001252    0.20554561    0.04878845    0.00001891    0.32164828
    0.03246299   -0.00000001    0.20554561    0.04878727    0.00000000    0.32164828
    0.03246378   -0.00001253    0.20554561    0.04878845   -0.00001891    0.32164828
    0.03246613   -0.00002486    0.20554561    0.04879198   -0.00003752    0.32164828
    0.03247001   -0.00003680    0.20554561    0.04879781   -0.00005554    0.32164828
    0.03247535   -0.00004816    0.20554561    0.04880585   -0.00007268    0.32164828
    0.03248208   -0.00005875    0.20554561    0.04881595   -0.00008868    0.32164828
    0.03249008   -0.00006842    0.20554561    0.04882798   -0.00010327    0.32164828
    0.03249923   -0.00007702    0.20554561    0.04884173   -0.00011624    0.32164828
    0.03250938   -0.00008439    0.20554561    0.04885699   -0.00012738    0.32164828
    0.03252038   -0.00009044    0.20554561    0.04887352   -0.00013651    0.32164828
    0.03253205   -0.00009506    0.20554561    0.04889106   -0.00014348    0.32164828
    0.03254421   -0.00009818    0.20554561    0.04890933   -0.00014819    0.32164828
    0.03255666   -0.00009976    0.20554561    0.04892804   -0.00015057    0.32164828
    0.03256921   -0.00009976    0.20554561    0.04894691   -0.00015057    0.32164828
    0.03258166   -0.00009818    0.20554561    0.04896562   -0.00014819    0.32164828
    0.03259382   -0.00009506    0.20554561    0.04898389   -0.00014348    0.32164828
    0.03260549   -0.00009044    0.20554561    0.04900143   -0.00013651    0.32164828
    0.03261649   -0.00008439    0.20554561    0.04901796   -0.00012738    0.32164828
    0.03262665   -0.00007702    0.20554561    0.04903322   -0.00011624    0.32164828
    0.03263579   -0.00006842    0.20554561    0.04904697   -0.00010327    0.32164828
    0.03264380   -0.00005875    0.20554561    0.04905900   -0.00008868    0.32164828
    0.03265052   -0.00004816    0.20554561    0.04906910   -0.00007268    0.32164828
    0.03265587   -0.00003680    0.20554561    0.04907713   -0.00005554    0.32164828
    0.03265974   -0.00002486    0.20554561    0.04908296   -0.00003752    0.32164828
    0.03266210   -0.00001253    0.20554561    0.04908650   -0.00001891    0.32164828
    0.03266288   -0.00000001    0.20555202    0.04908768    0.00000000    0.32165831
    0.03266210    0.00001252    0.20555202    0.04908650    0.00001891    0.32165831
    0.03265974    0.00002485    0.20555202    0.04908296    0.00003752    0.32165831
    0.03265587    0.00003679    0.20555202    0.04907713    0.00005554    0.32165831
    0.03265052    0.00004815    0.20555202    0.04906910    0.00007268    0.32165831
    0.03264380    0.00005874    0.20555202    0.04905900    0.00008868    0.32165831
    0.03263579    0.00006841    0.20555202    0.04904697    0.00010328    0.32165831
    0.03262665    0.00007701    0.20555202    0.04903322    0.00011625    0.32165831
    0.03261649    0.00008438    0.20555202    0.04901796    0.00012738    0.32165831
    0.03260549    0.00009043    0.20555202    0.04900143    0.00013651    0.32165831
    0.03259382    0.00009505    0.20555202    0.04898389    0.00014349    0.32165831
    0.03258166    0.00009817    0.20555202    0.04896562    0.00014820    0.32165831
    0.03256921    0.00009975    0.20555202    0.04894691    0.00015057    0.32165831
    0.03255666    0.00009975    0.20555202    0.04892804    0.00015057    0.32165831
    0.03254421    0.00009817    0.20555202    0.04890933    0.00014820    0.32165831
    0.03253205    0.00009505    0.20555202    0.04889106    0.00014349    0.32165831
    0.03252038    0.00009043    0.20555202    0.04887352    0.00013651    0.32165831
    0.03250938    0.00008438    0.20555202    0.04885699    0.00012738    0.32165831
    0.03249923    0.00007701    0.20555202    0.04884173    0.00011625    0.32165831
    0.03249008    0.00006841    0.20555202    0.04882798    0.00010328    0.32165831
    0.03248208    0.00005874    0.20555202    0.04881595    0.00008868    0.32165831
    0.03247535    0.00004815    0.20555202    0.04880585    0.00007268    0.32165831
    0.03247001    0.00003679    0.20555202    0.04879781    0.00005554    0.32165831
    0.03246613    0.00002485    0.20555202    0.04879198    0.00003752    0.32165831
    0.03246378    0.00001252    0.20555202    0.04878845    0.00001891    0.32165831
    0.03246299   -0.00000001    0.20555202    0.04878727    0.00000000    0.32165831
    0.03246378   -0.00001253    0.20555202    0.04878845   -0.00001891    0.32165831
    0.03246613   -0.00002486    0.20555202    0.04879198   -0.00003752    0.32165831
    0.03247001   -0.00003680    0.20555202    0.04879781   -0.00005554    0.32165831
    0.03247535   -0.00004816    0.20555202    0.04880585   -0.00007268    0.32165831
    0.03248208   -0.00005875    0.20555202    0.04881595   -0.00008868    0.32165831
    0.03249008   -0.00006842    0.20555202    0.04882798   -0.00010327    0.32165831
    0.03249923   -0.00007702    0.20555202    0.04884173   -0.00011624    0.32165831
    0.03250938   -0.00008439    0.20555202    0.04885699   -0.00012738    0.32165831
    0.03252038   -0.00009044    0.20555202    0.04887352   -0.00013651    0.32165831
    0.03253205   -0.00009506    0.20555202    0.04889106   -0.00014348    0.32165831
    0.03254421   -0.00009818    0.20555202    0.04890933   -0.00014819    0.32165831
    0.03255666   -0.00009976    0.20555202    0.04892804   -0.00015057    0.32165831
    0.03256921   -0.00009976    0.20555202    0.04894691   -0.00015057    0.32165831
    0.03258166   -0.00009818    0.20555202    0.04896562   -0.00014819    0.32165831
    0.03259382   -0.00009506    0.20555202    0.04898389   -0.00014348    0.32165831
    0.03260549   -0.00009044    0.20555202    0.04900143   -0.00013651    0.32165831
    0.03261649   -0.00008439    0.20555202    0.04901796   -0.00012738    0.32165831
    0.03262665   -0.00007702    0.20555202    0.04903322   -0.00011624    0.32165831
    0.03263579   -0.00006842    0.20555202    0.04904697   -0.00010327    0.32165831
    0.03264380   -0.00005875    0.20555202    0.04905900   -0.00008868    0.32165831
    0.03265052   -0.00004816    0.20555202    0.04906910   -0.00007268    0.32165831
    0.03265587   -0.00003680    0.20555202    0.04907713   -0.00005554    0.32165831
    0.03265974   -0.00002486    0.20555202    0.04908296   -0.00003752    0.32165831
    0.03266210   -0.00001253    0.20555202    0.04908650   -0.00001891    0.32165831
    0.03266247   -0.00000001    0.20555841    0.04908707    0.00000000    0.32166832
    0.03266169    0.00001247    0.20555841    0.04908589    0.00001883    0.32166832
    0.03265935    0.00002475    0.20555841    0.04908237    0.00003737    0.32166832
    0.03265548    0.00003664    0.20555841    0.04907656    0.00005531    0.32166832
    0.03265016    0.00004795    0.20555841    0.04906856    0.00007239    0.32166832
    0.03264346    0.00005850    0.20555841    0.04905850    0.00008832    0.32166832
    0.03263550    0.00006813    0.20555841    0.04904652    0.00010285    0.32166832
    0.03262638    0.00007669    0.20555841    0.04903283    0.00011577    0.32166832
    0.03261627    0.00008404    0.20555841    0.04901763    0.00012686    0.32166832
    0.03260532    0.00009006    0.20555841    0.04900117    0.00013595    0.32166832
    0.03259369    0.00009466    0.20555841    0.04898370    0.00014290    0.32166832
    0.03258159    0.00009777    0.20555841    0.04896550    0.00014759    0.32166832
    0.03256919    0.00009934    0.20555841    0.04894687    0.00014995    0.32166832
    0.03255669    0.00009934    0.20555841    0.04892808    0.00014995    0.32166832
    0.03254428    0.00009777    0.20555841    0.04890944    0.00014759    0.32166832
    0.03253218    0.00009466    0.20555841    0.04889125    0.00014290    0.32166832
    0.03252055    0.00009006    0.20555841    0.04887378    0.00013595    0.32166832
    0.03250960    0.00008404    0.20555841    0.04885732    0.00012686    0.32166832
    0.03249949    0.00007669    0.20555841    0.04884212    0.00011577    0.32166832
    0.03249038    0.00006813    0.20555841    0.04882843    0.00010285    0.32166832
    0.03248241    0.00005850    0.20555841    0.04881645    0.00008832    0.32166832
    0.03247571    0.00004795    0.20555841    0.04880639    0.00007239    0.32166832
    0.03247039    0.00003664    0.20555841    0.04879839    0.00005531    0.32166832
    0.03246652    0.00002475    0.20555841    0.04879258    0.00003737    0.32166832
    0.03246418    0.00001247    0.20555841    0.04878906    0.00001883    0.32166832
    0.03246340   -0.00000001    0.20555841    0.04878788    0.00000000    0.32166832
    0.03246418   -0.00001248    0.20555841    0.04878906   -0.00001883    0.32166832
    0.03246652   -0.00002476    0.20555841    0.04879258   -0.00003736    0.32166832
    0.03247039   -0.00003665    0.20555841    0.04879839   -0.00005531    0.32166832
    0.03247571   -0.00004796    0.20555841    0.04880639   -0.00007238    0.32166832
    0.03248241   -0.00005851    0.20555841    0.04881645   -0.00008831    0.32166832
    0.03249038   -0.00006814    0.20555841    0.04882843   -0.00010285    0.32166832
    0.03249949   -0.00007670    0.20555841    0.04884212   -0.00011577    0.32166832
    0.03250960   -0.00008405    0.20555841    0.04885732   -0.00012686    0.32166832
    0.03252055   -0.00009007    0.20555841    0.04887378   -0.00013595    0.32166832
    0.03253218   -0.00009467    0.20555841    0.04889125   -0.00014289    0.32166832
    0.03254428   -0.00009778    0.20555841    0.04890944   -0.00014758    0.32166832
    0.03255669   -0.00009935    0.20555841    0.04892808   -0.00014995    0.32166832
    0.03256919   -0.00009935    0.20555841    0.04894687   -0.00014995    0.32166832
    0.03258159   -0.00009778    0.20555841    0.04896550   -0.00014758    0.32166832
    0.03259369   -0.00009467    0.20555841    0.04898370   -0.00014289    0.32166832
    0.03260532   -0.00009007    0.20555841    0.04900117   -0.00013595    0.32166832
    0.03261627   -0.00008405    0.20555841    0.04901763   -0.00012686    0.32166832
    0.03262638   -0.00007670    0.20555841    0.04903283   -0.00011577    0.32166832
    0.03263550   -0.00006814    0.20555841    0.04904652   -0.00010285    0.32166832
    0.03264346   -0.00005851    0.20555841    0.04905850   -0.00008831    0.32166832
    0.03265016   -0.00004796    0.20555841    0.04906856   -0.00007238    0.32166832
    0.03265548   -0.00003665    0.20555841    0.04907656   -0.00005531    0.32166832
    0.03265935   -0.00002476    0.20555841    0.04908237   -0.00003736    0.32166832
    0.03266169   -0.00001248    0.20555841    0.04908589   -0.00001883    0.32166832
    0.03266165   -0.00000001    0.20556477    0.04908583    0.00000000    0.32167827
    0.03266088    0.00001237    0.20556477    0.04908466    0.00001868    0.32167827
    0.03265855    0.00002454    0.20556477    0.04908117    0.00003706    0.32167827
    0.03265472    0.00003634    0.20556477    0.04907542    0.00005486    0.32167827
    0.03264944    0.00004755    0.20556477    0.04906748    0.00007179    0.32167827
    0.03264280    0.00005802    0.20556477    0.04905750    0.00008759    0.32167827
    0.03263490    0.00006757    0.20556477    0.04904562    0.00010201    0.32167827
    0.03262586    0.00007606    0.20556477    0.04903204    0.00011482    0.32167827
    0.03261583    0.00008335    0.20556477    0.04901697    0.00012582    0.32167827
    0.03260497    0.00008932    0.20556477    0.04900064    0.00013483    0.32167827
    0.03259344    0.00009388    0.20556477    0.04898332    0.00014172    0.32167827
    0.03258143    0.00009696    0.20556477    0.04896527    0.00014637    0.32167827
    0.03256913    0.00009852    0.20556477    0.04894679    0.00014872    0.32167827
    0.03255674    0.00009852    0.20556477    0.04892816    0.00014872    0.32167827
    0.03254444    0.00009696    0.20556477    0.04890967    0.00014637    0.32167827
    0.03253243    0.00009388    0.20556477    0.04889163    0.00014172    0.32167827
    0.03252090    0.00008932    0.20556477    0.04887431    0.00013483    0.32167827
    0.03251004    0.00008335    0.20556477    0.04885798    0.00012582    0.32167827
    0.03250001    0.00007606    0.20556477    0.04884291    0.00011482    0.32167827
    0.03249097    0.00006757    0.20556477    0.04882932    0.00010201    0.32167827
    0.03248307    0.00005802    0.20556477    0.04881745    0.00008759    0.32167827
    0.03247643    0.00004755    0.20556477    0.04880747    0.00007179    0.32167827
    0.03247115    0.00003634    0.20556477    0.04879953    0.00005486    0.32167827
    0.03246732    0.00002454    0.20556477    0.04879378    0.00003706    0.32167827
    0.03246500    0.00001237    0.20556477    0.04879028    0.00001868    0.32167827
    0.03246422   -0.00000001    0.20556477    0.04878911    0.00000000    0.32167827
    0.03246500   -0.00001238    0.20556477    0.04879028   -0.00001867    0.32167827
    0.03246732   -0.00002456    0.20556477    0.04879378   -0.00003705    0.32167827
    0.03247115   -0.00003635    0.20556477    0.04879953   -0.00005485    0.32167827
    0.03247643   -0.00004756    0.20556477    0.04880747   -0.00007178    0.32167827
    0.03248307   -0.00005803    0.20556477    0.04881745   -0.00008758    0.32167827
    0.03249097   -0.00006758    0.20556477    0.04882932   -0.00010200    0.32167827
    0.03250001   -0.00007607    0.20556477    0.04884291   -0.00011481    0.32167827
    0.03251004   -0.00008336    0.20556477    0.04885798   -0.00012581    0.32167827
    0.03252090   -0.00008933    0.20556477    0.04887431   -0.00013483    0.32167827
    0.03253243   -0.00009389    0.20556477    0.04889163   -0.00014171    0.32167827
    0.03254444   -0.00009697    0.20556477    0.04890967   -0.00014637    0.32167827
    0.03255674   -0.00009853    0.20556477    0.04892816   -0.00014871    0.32167827
    0.03256913   -0.00009853    0.20556477    0.04894679   -0.00014871    0.32167827
    0.03258143   -0.00009697    0.20556477    0.04896527   -0.00014637    0.32167827
    0.03259344   -0.00009389    0.20556477    0.04898332   -0.00014171    0.32167827
    0.03260497   -0.00008933    0.20556477    0.04900064   -0.00013483    0.32167827
    0.03261583   -0.00008336    0.20556477    0.04901697   -0.00012581    0.32167827
    0.03262586   -0.00007607    0.20556477    0.04903204   -0.00011481    0.32167827
    0.03263490   -0.00006758    0.20556477    0.04904562   -0.00010200    0.32167827
    0.03264280   -0.00005803    0.20556477    0.04905750   -0.00008758    0.32167827
    0.03264944   -0.00004756    0.20556477    0.04906748   -0.00007178    0.32167827
    0.03265472   -0.00003635    0.20556477    0.04907542   -0.00005485    0.32167827
    0.03265855   -0.00002456    0.20556477    0.04908117   -0.00003705    0.32167827
    0.03266088   -0.00001238    0.20556477    0.04908466   -0.00001867    0.32167827
    0.03266043   -0.00000001    0.20557106    0.04908399    0.00000000    0.32168812
    0.03265966    0.00001221    0.20557106    0.04908284    0.00001845    0.32168812
    0.03265737    0.00002424    0.20557106    0.04907939    0.00003660    0.32168812
    0.03265358    0.00003588    0.20557106    0.04907370    0.00005418    0.32168812
    0.03264837    0.00004696    0.20557106    0.04906587    0.00007090    0.32168812
    0.03264181    0.00005730    0.20557106    0.04905601    0.00008650    0.32168812
    0.03263400    0.00006673    0.20557106    0.04904428    0.00010074    0.32168812
    0.03262508    0.00007511    0.20557106    0.04903087    0.00011339    0.32168812
    0.03261517    0.00008231    0.20557106    0.04901598    0.00012425    0.32168812
    0.03260445    0.00008821    0.20557106    0.04899986    0.00013316    0.32168812
    0.03259306    0.00009272    0.20557106    0.04898275    0.00013996    0.32168812
    0.03258120    0.00009576    0.20557106    0.04896493    0.00014456    0.32168812
    0.03256906    0.00009730    0.20557106    0.04894667    0.00014687    0.32168812
    0.03255681    0.00009730    0.20557106    0.04892827    0.00014687    0.32168812
    0.03254467    0.00009576    0.20557106    0.04891002    0.00014456    0.32168812
    0.03253281    0.00009272    0.20557106    0.04889220    0.00013996    0.32168812
    0.03252143    0.00008821    0.20557106    0.04887509    0.00013316    0.32168812
    0.03251070    0.00008231    0.20557106    0.04885897    0.00012425    0.32168812
    0.03250079    0.00007511    0.20557106    0.04884408    0.00011339    0.32168812
    0.03249187    0.00006673    0.20557106    0.04883067    0.00010074    0.32168812
    0.03248406    0.00005730    0.20557106    0.04881894    0.00008650    0.32168812
    0.03247750    0.00004696    0.20557106    0.04880908    0.00007090    0.32168812
    0.03247229    0.00003588    0.20557106    0.04880125    0.00005418    0.32168812
    0.03246851    0.00002424    0.20557106    0.04879556    0.00003660    0.32168812
    0.03246621    0.00001221    0.20557106    0.04879211    0.00001845    0.32168812
    0.03246544   -0.00000001    0.20557106    0.04879096    0.00000000    0.32168812
    0.03246621   -0.00001222    0.20557106    0.04879211   -0.00001844    0.32168812
    0.03246851   -0.00002425    0.20557106    0.04879556   -0.00003659    0.32168812
    0.03247229   -0.00003589    0.20557106    0.04880125   -0.00005417    0.32168812
    0.03247750   -0.00004697    0.20557106    0.04880908   -0.00007089    0.32168812
    0.03248406   -0.00005731    0.20557106    0.04881894   -0.00008650    0.32168812
    0.03249187   -0.00006674    0.20557106    0.04883067   -0.00010074    0.32168812
    0.03250079   -0.00007512    0.20557106    0.04884408   -0.00011339    0.32168812
    0.03251070   -0.00008232    0.20557106    0.04885897   -0.00012425    0.32168812
    0.03252143   -0.00008822    0.20557106    0.04887509   -0.00013315    0.32168812
    0.03253281   -0.00009273    0.20557106    0.04889220   -0.00013996    0.32168812
    0.03254467   -0.00009577    0.20557106    0.04891002   -0.00014455    0.32168812
    0.03255681   -0.00009731    0.20557106    0.04892827   -0.00014687    0.32168812
    0.03256906   -0.00009731    0.20557106    0.04894667   -0.00014687    0.32168812
    0.03258120   -0.00009577    0.20557106    0.04896493   -0.00014455    0.32168812
    0.03259306   -0.00009273    0.20557106    0.04898275   -0.00013996    0.32168812
    0.03260445   -0.00008822    0.20557106    0.04899986   -0.00013315    0.32168812
    0.03261517   -0.00008232    0.20557106    0.04901598   -0.00012425    0.32168812
    0.03262508   -0.00007512    0.20557106    0.04903087   -0.00011339    0.32168812
    0.03263400   -0.00006674    0.20557106    0.04904428   -0.00010074    0.32168812
    0.03264181   -0.00005731    0.20557106    0.04905601   -0.00008650    0.32168812
    0.03264837   -0.00004697    0.20557106    0.04906587   -0.00007089    0.32168812
    0.03265358   -0.00003589    0.20557106    0.04907370   -0.00005417    0.32168812
    0.03265737   -0.00002425    0.20557106    0.04907939   -0.00003659    0.32168812
    0.03265966   -0.00001222    0.20557106    0.04908284   -0.00001844    0.32168812
    0.03265880   -0.00000001    0.20557726    0.04908155    0.00000000    0.32169782
    0.03265805    0.00001201    0.20557726    0.04908041    0.00001814    0.32169782
    0.03265579    0.00002384    0.20557726    0.04907702    0.00003599    0.32169782
    0.03265207    0.00003529    0.20557726    0.04907143    0.00005327    0.32169782
    0.03264694    0.00004618    0.20557726    0.04906373    0.00006972    0.32169782
    0.03264049    0.00005634    0.20557726    0.04905403    0.00008506    0.32169782
    0.03263282    0.00006562    0.20557726    0.04904250    0.00009906    0.32169782
    0.03262404    0.00007386    0.20557726    0.04902931    0.00011150    0.32169782
    0.03261430    0.00008094    0.20557726    0.04901467    0.00012218    0.32169782
    0.03260375    0.00008674    0.20557726    0.04899882    0.00013094    0.32169782
    0.03259256    0.00009117    0.20557726    0.04898200    0.00013763    0.32169782
    0.03258090    0.00009416    0.20557726    0.04896447    0.00014215    0.32169782
    0.03256896    0.00009567    0.20557726    0.04894652    0.00014442    0.32169782
    0.03255692    0.00009567    0.20557726    0.04892843    0.00014442    0.32169782
    0.03254497    0.00009416    0.20557726    0.04891048    0.00014215    0.32169782
    0.03253331    0.00009117    0.20557726    0.04889295    0.00013763    0.32169782
    0.03252212    0.00008674    0.20557726    0.04887613    0.00013094    0.32169782
    0.03251157    0.00008094    0.20557726    0.04886028    0.00012218    0.32169782
    0.03250183    0.00007386    0.20557726    0.04884564    0.00011150    0.32169782
    0.03249305    0.00006562    0.20557726    0.04883245    0.00009906    0.32169782
    0.03248538    0.00005634    0.20557726    0.04882092    0.00008506    0.32169782
    0.03247893    0.00004618    0.20557726    0.04881122    0.00006972    0.32169782
    0.03247380    0.00003529    0.20557726    0.04880352    0.00005327    0.32169782
    0.03247008    0.00002384    0.20557726    0.04879793    0.00003599    0.32169782
    0.03246782    0.00001201    0.20557726    0.04879454    0.00001814    0.32169782
    0.03246707   -0.00000001    0.20557726    0.04879340    0.00000000    0.32169782
    0.03246782   -0.00001202    0.20557726    0.04879454   -0.00001813    0.32169782
    0.03247008   -0.00002385    0.20557726    0.04879793   -0.00003598    0.32169782
    0.03247380   -0.00003530    0.20557726    0.04880352   -0.00005327    0.32169782
    0.03247893   -0.00004619    0.20557726    0.04881122   -0.00006971    0.32169782
    0.03248538   -0.00005635    0.20557726    0.04882092   -0.00008505    0.32169782
    0.03249305   -0.00006563    0.20557726    0.04883245   -0.00009906    0.32169782
    0.03250183   -0.00007387    0.20557726    0.04884564   -0.00011150    0.32169782
    0.03251157   -0.00008095    0.20557726    0.04886028   -0.00012218    0.32169782
    0.03252212   -0.00008675    0.20557726    0.04887613   -0.00013093    0.32169782
    0.03253331   -0.00009118    0.20557726    0.04889295   -0.00013762    0.32169782
    0.03254497   -0.00009417    0.20557726    0.04891048   -0.00014214    0.32169782
    0.03255692   -0.00009568    0.20557726    0.04892843   -0.00014442    0.32169782
    0.03256896   -0.00009568    0.20557726    0.04894652   -0.00014442    0.32169782
    0.03258090   -0.00009417    0.20557726    0.04896447   -0.00014214    0.32169782
    0.03259256   -0.00009118    0.20557726    0.04898200   -0.00013762    0.32169782
    0.03260375   -0.00008675    0.20557726    0.04899882   -0.00013093    0.32169782
    0.03261430   -0.00008095    0.20557726    0.04901467   -0.00012218    0.32169782
    0.03262404   -0.00007387    0.20557726    0.04902931   -0.00011150    0.32169782
    0.03263282   -0.00006563    0.20557726    0.04904250   -0.00009906    0.32169782
    0.03264049   -0.00005635    0.20557726    0.04905403   -0.00008505    0.32169782
    0.03264694   -0.00004619    0.20557726    0.04906373   -0.00006971    0.32169782
    0.03265207   -0.00003530    0.20557726    0.04907143   -0.00005327    0.32169782
    0.03265579   -0.00002385    0.20557726    0.04907702   -0.00003598    0.32169782
    0.03265805   -0.00001202    0.20557726    0.04908041   -0.00001813    0.32169782
    0.03265678   -0.00000001    0.20558335    0.04907851    0.00000000    0.32170734
    0.03265604    0.00001176    0.20558335    0.04907740    0.00001776    0.32170734
    0.03265383    0.00002333    0.20558335    0.04907408    0.00003523    0.32170734
    0.03265019    0.00003454    0.20558335    0.04906861    0.00005215    0.32170734
    0.03264517    0.00004521    0.20558335    0.04906107    0.00006825    0.32170734
    0.03263886    0.00005516    0.20558335    0.04905158    0.00008327    0.32170734
    0.03263135    0.00006424    0.20558335    0.04904029    0.00009697    0.32170734
    0.03262276    0.00007230    0.20558335    0.04902738    0.00010915    0.32170734
    0.03261322    0.00007923    0.20558335    0.04901305    0.00011961    0.32170734
    0.03260289    0.00008491    0.20558335    0.04899753    0.00012818    0.32170734
    0.03259194    0.00008925    0.20558335    0.04898106    0.00013473    0.32170734
    0.03258052    0.00009218    0.20558335    0.04896390    0.00013915    0.32170734
    0.03256883    0.00009366    0.20558335    0.04894633    0.00014138    0.32170734
    0.03255704    0.00009366    0.20558335    0.04892862    0.00014138    0.32170734
    0.03254535    0.00009218    0.20558335    0.04891105    0.00013915    0.32170734
    0.03253394    0.00008925    0.20558335    0.04889389    0.00013473    0.32170734
    0.03252298    0.00008491    0.20558335    0.04887742    0.00012818    0.32170734
    0.03251265    0.00007923    0.20558335    0.04886190    0.00011961    0.32170734
    0.03250312    0.00007230    0.20558335    0.04884757    0.00010915    0.32170734
    0.03249452    0.00006424    0.20558335    0.04883466    0.00009697    0.32170734
    0.03248701    0.00005516    0.20558335    0.04882337    0.00008327    0.32170734
    0.03248070    0.00004521    0.20558335    0.04881388    0.00006825    0.32170734
    0.03247568    0.00003454    0.20558335    0.04880634    0.00005215    0.32170734
    0.03247204    0.00002333    0.20558335    0.04880087    0.00003523    0.32170734
    0.03246983    0.00001176    0.20558335    0.04879755    0.00001776    0.32170734
    0.03246909   -0.00000001    0.20558335    0.04879644    0.00000000    0.32170734
    0.03246983   -0.00001177    0.20558335    0.04879755   -0.00001775    0.32170734
    0.03247204   -0.00002334    0.20558335    0.04880087   -0.00003523    0.32170734
    0.03247568   -0.00003455    0.20558335    0.04880634   -0.00005214    0.32170734
    0.03248070   -0.00004522    0.20558335    0.04881388   -0.00006824    0.32170734
    0.03248701   -0.00005517    0.20558335    0.04882337   -0.00008326    0.32170734
    0.03249452   -0.00006425    0.20558335    0.04883466   -0.00009697    0.32170734
    0.03250312   -0.00007232    0.20558335    0.04884757   -0.00010915    0.32170734
    0.03251265   -0.00007924    0.20558335    0.04886190   -0.00011960    0.32170734
    0.03252298   -0.00008492    0.20558335    0.04887742   -0.00012817    0.32170734
    0.03253394   -0.00008926    0.20558335    0.04889389   -0.00013472    0.32170734
    0.03254535   -0.00009219    0.20558335    0.04891105   -0.00013915    0.32170734
    0.03255704   -0.00009367    0.20558335    0.04892862   -0.00014138    0.32170734
    0.03256883   -0.00009367    0.20558335    0.04894633   -0.00014138    0.32170734
    0.03258052   -0.00009219    0.20558335    0.04896390   -0.00013915    0.32170734
    0.03259194   -0.00008926    0.20558335    0.04898106   -0.00013472    0.32170734
    0.03260289   -0.00008492    0.20558335    0.04899753   -0.00012817    0.32170734
    0.03261322   -0.00007924    0.20558335    0.04901305   -0.00011960    0.32170734
    0.03262276   -0.00007232    0.20558335    0.04902738   -0.00010915    0.32170734
    0.03263135   -0.00006425    0.20558335    0.04904029   -0.00009697    0.32170734
    0.03263886   -0.00005517    0.20558335    0.04905158   -0.00008326    0.32170734
    0.03264517   -0.00004522    0.20558335    0.04906107   -0.00006824    0.32170734
    0.03265019   -0.00003455    0.20558335    0.04906861   -0.00005214    0.32170734
    0.03265383   -0.00002334    0.20558335    0.04907408   -0.00003523    0.32170734
    0.03265604   -0.00001177    0.20558335    0.04907740   -0.00001775    0.32170734
    0.03265438   -0.00000001    0.20558929    0.04907490    0.00000000    0.32171664
    0.03265366    0.00001146    0.20558929    0.04907381    0.00001730    0.32171664
    0.03265150    0.00002274    0.20558929    0.04907058    0.00003433    0.32171664
    0.03264796    0.00003366    0.20558929    0.04906525    0.00005081    0.32171664
    0.03264307    0.00004405    0.20558929    0.04905790    0.00006650    0.32171664
    0.03263691    0.00005374    0.20558929    0.04904865    0.00008113    0.32171664
    0.03262959    0.00006259    0.20558929    0.04903765    0.00009449    0.32171664
    0.03262122    0.00007045    0.20558929    0.04902507    0.00010635    0.32171664
    0.03261193    0.00007720    0.20558929    0.04901111    0.00011654    0.32171664
    0.03260187    0.00008273    0.20558929    0.04899599    0.00012489    0.32171664
    0.03259119    0.00008696    0.20558929    0.04897994    0.00013127    0.32171664
    0.03258007    0.00008982    0.20558929    0.04896322    0.00013558    0.32171664
    0.03256868    0.00009126    0.20558929    0.04894610    0.00013776    0.32171664
    0.03255719    0.00009126    0.20558929    0.04892885    0.00013776    0.32171664
    0.03254580    0.00008982    0.20558929    0.04891172    0.00013558    0.32171664
    0.03253468    0.00008696    0.20558929    0.04889501    0.00013127    0.32171664
    0.03252400    0.00008273    0.20558929    0.04887896    0.00012489    0.32171664
    0.03251394    0.00007720    0.20558929    0.04886384    0.00011654    0.32171664
    0.03250465    0.00007045    0.20558929    0.04884988    0.00010635    0.32171664
    0.03249628    0.00006259    0.20558929    0.04883730    0.00009449    0.32171664
    0.03248896    0.00005374    0.20558929    0.04882630    0.00008113    0.32171664
    0.03248280    0.00004405    0.20558929    0.04881705    0.00006650    0.32171664
    0.03247792    0.00003366    0.20558929    0.04880970    0.00005081    0.32171664
    0.03247437    0.00002274    0.20558929    0.04880437    0.00003433    0.32171664
    0.03247222    0.00001146    0.20558929    0.04880113    0.00001730    0.32171664
    0.03247149   -0.00000001    0.20558929    0.04880005    0.00000000    0.32171664
    0.03247222   -0.00001147    0.20558929    0.04880113   -0.00001730    0.32171664
    0.03247437   -0.00002275    0.20558929    0.04880437   -0.00003432    0.32171664
    0.03247792   -0.00003367    0.20558929    0.04880970   -0.00005081    0.32171664
    0.03248280   -0.00004406    0.20558929    0.04881705   -0.00006649    0.32171664
    0.03248896   -0.00005375    0.20558929    0.04882630   -0.00008113    0.32171664
    0.03249628   -0.00006260    0.20558929    0.04883730   -0.00009448    0.32171664
    0.03250465   -0.00007046    0.20558929    0.04884988   -0.00010635    0.32171664
    0.03251394   -0.00007721    0.20558929    0.04886384   -0.00011654    0.32171664
    0.03252400   -0.00008274    0.20558929    0.04887896   -0.00012489    0.32171664
    0.03253468   -0.00008697    0.20558929    0.04889501   -0.00013127    0.32171664
    0.03254580   -0.00008983    0.20558929    0.04891172   -0.00013558    0.32171664
    0.03255719   -0.00009127    0.20558929    0.04892885   -0.00013775    0.32171664
    0.03256868   -0.00009127    0.20558929    0.04894610   -0.00013775    0.32171664
    0.03258007   -0.00008983    0.20558929    0.04896322   -0.00013558    0.32171664
    0.03259119   -0.00008697    0.20558929    0.04897994   -0.00013127    0.32171664
    0.03260187   -0.00008274    0.20558929    0.04899599   -0.00012489    0.32171664
    0.03261193   -0.00007721    0.20558929    0.04901111   -0.00011654    0.32171664
    0.03262122   -0.00007046    0.20558929    0.04902507   -0.00010635    0.32171664
    0.03262959   -0.00006260    0.20558929    0.04903765   -0.00009448    0.32171664
    0.03263691   -0.00005375    0.20558929    0.04904865   -0.00008113    0.32171664
    0.03264307   -0.00004406    0.20558929    0.04905790   -0.00006649    0.32171664
    0.03264796   -0.00003367    0.20558929    0.04906525   -0.00005081    0.32171664
    0.03265150   -0.00002275    0.20558929    0.04907058   -0.00003432    0.32171664
    0.03265366   -0.00001147    0.20558929    0.04907381   -0.00001730    0.32171664
    0.03265160   -0.00000001    0.20559507    0.04907072    0.00000000    0.32172568
    0.03265090    0.00001111    0.20559507    0.04906967    0.00001678    0.32172568
    0.03264881    0.00002204    0.20559507    0.04906653    0.00003328    0.32172568
    0.03264537    0.00003263    0.20559507    0.04906136    0.00004927    0.32172568
    0.03264063    0.00004271    0.20559507    0.04905424    0.00006447    0.32172568
    0.03263466    0.00005211    0.20559507    0.04904527    0.00007866    0.32172568
    0.03262757    0.00006069    0.20559507    0.04903460    0.00009161    0.32172568
    0.03261945    0.00006831    0.20559507    0.04902241    0.00010312    0.32172568
    0.03261044    0.00007485    0.20559507    0.04900887    0.00011300    0.32172568
    0.03260069    0.00008022    0.20559507    0.04899421    0.00012109    0.32172568
    0.03259033    0.00008432    0.20559507    0.04897865    0.00012728    0.32172568
    0.03257955    0.00008708    0.20559507    0.04896244    0.00013146    0.32172568
    0.03256850    0.00008848    0.20559507    0.04894584    0.00013357    0.32172568
    0.03255737    0.00008848    0.20559507    0.04892911    0.00013357    0.32172568
    0.03254632    0.00008708    0.20559507    0.04891251    0.00013146    0.32172568
    0.03253554    0.00008432    0.20559507    0.04889630    0.00012728    0.32172568
    0.03252519    0.00008022    0.20559507    0.04888074    0.00012109    0.32172568
    0.03251543    0.00007485    0.20559507    0.04886608    0.00011300    0.32172568
    0.03250642    0.00006831    0.20559507    0.04885254    0.00010312    0.32172568
    0.03249831    0.00006069    0.20559507    0.04884034    0.00009161    0.32172568
    0.03249121    0.00005211    0.20559507    0.04882968    0.00007866    0.32172568
    0.03248524    0.00004271    0.20559507    0.04882071    0.00006447    0.32172568
    0.03248050    0.00003263    0.20559507    0.04881359    0.00004927    0.32172568
    0.03247706    0.00002204    0.20559507    0.04880842    0.00003328    0.32172568
    0.03247497    0.00001111    0.20559507    0.04880528    0.00001678    0.32172568
    0.03247428   -0.00000001    0.20559507    0.04880423    0.00000000    0.32172568
    0.03247497   -0.00001112    0.20559507    0.04880528   -0.00001677    0.32172568
    0.03247706   -0.00002205    0.20559507    0.04880842   -0.00003328    0.32172568
    0.03248050   -0.00003264    0.20559507    0.04881359   -0.00004926    0.32172568
    0.03248524   -0.00004272    0.20559507    0.04882071   -0.00006447    0.32172568
    0.03249121   -0.00005212    0.20559507    0.04882968   -0.00007866    0.32172568
    0.03249831   -0.00006070    0.20559507    0.04884034   -0.00009161    0.32172568
    0.03250642   -0.00006832    0.20559507    0.04885254   -0.00010311    0.32172568
    0.03251543   -0.00007486    0.20559507    0.04886608   -0.00011299    0.32172568
    0.03252519   -0.00008023    0.20559507    0.04888074   -0.00012109    0.32172568
    0.03253554   -0.00008433    0.20559507    0.04889630   -0.00012728    0.32172568
    0.03254632   -0.00008709    0.20559507    0.04891251   -0.00013145    0.32172568
    0.03255737   -0.00008849    0.20559507    0.04892911   -0.00013356    0.32172568
    0.03256850   -0.00008849    0.20559507    0.04894584   -0.00013356    0.32172568
    0.03257955   -0.00008709    0.20559507    0.04896244   -0.00013145    0.32172568
    0.03259033   -0.00008433    0.20559507    0.04897865   -0.00012728    0.32172568
    0.03260069   -0.00008023    0.20559507    0.04899421   -0.00012109    0.32172568
    0.03261044   -0.00007486    0.20559507    0.04900887   -0.00011299    0.32172568
    0.03261945   -0.00006832    0.20559507    0.04902241   -0.00010311    0.32172568
    0.03262757   -0.00006070    0.20559507    0.04903460   -0.00009161    0.32172568
    0.03263466   -0.00005212    0.20559507    0.04904527   -0.00007866    0.32172568
    0.03264063   -0.00004272    0.20559507    0.04905424   -0.00006447    0.32172568
    0.03264537   -0.00003264    0.20559507    0.04906136   -0.00004926    0.32172568
    0.03264881   -0.00002205    0.20559507    0.04906653   -0.00003328    0.32172568
    0.03265090   -0.00001112    0.20559507    0.04906967   -0.00001677    0.32172568
    0.03264845   -0.00000001    0.20560065    0.04906599    0.00000000    0.32173442
    0.03264778    0.00001071    0.20560065    0.04906498    0.00001618    0.32173442
    0.03264576    0.00002126    0.20560065    0.04906195    0.00003210    0.32173442
    0.03264244    0.00003147    0.20560065    0.04905697    0.00004752    0.32173442
    0.03263787    0.00004119    0.20560065    0.04905009    0.00006219    0.32173442
    0.03263212    0.00005026    0.20560065    0.04904145    0.00007587    0.32173442
    0.03262527    0.00005853    0.20560065    0.04903116    0.00008836    0.32173442
    0.03261744    0.00006588    0.20560065    0.04901939    0.00009946    0.32173442
    0.03260876    0.00007220    0.20560065    0.04900634    0.00010899    0.32173442
    0.03259935    0.00007737    0.20560065    0.04899219    0.00011680    0.32173442
    0.03258936    0.00008132    0.20560065    0.04897719    0.00012276    0.32173442
    0.03257896    0.00008399    0.20560065    0.04896156    0.00012680    0.32173442
    0.03256830    0.00008534    0.20560065    0.04894554    0.00012883    0.32173442
    0.03255757    0.00008534    0.20560065    0.04892940    0.00012883    0.32173442
    0.03254691    0.00008399    0.20560065    0.04891339    0.00012680    0.32173442
    0.03253651    0.00008132    0.20560065    0.04889776    0.00012276    0.32173442
    0.03252653    0.00007737    0.20560065    0.04888275    0.00011680    0.32173442
    0.03251711    0.00007220    0.20560065    0.04886861    0.00010899    0.32173442
    0.03250843    0.00006588    0.20560065    0.04885556    0.00009946    0.32173442
    0.03250060    0.00005853    0.20560065    0.04884379    0.00008836    0.32173442
    0.03249375    0.00005026    0.20560065    0.04883350    0.00007587    0.32173442
    0.03248800    0.00004119    0.20560065    0.04882486    0.00006219    0.32173442
    0.03248343    0.00003147    0.20560065    0.04881798    0.00004752    0.32173442
    0.03248011    0.00002126    0.20560065    0.04881300    0.00003210    0.32173442
    0.03247810    0.00001071    0.20560065    0.04880997    0.00001618    0.32173442
    0.03247742   -0.00000001    0.20560065    0.04880896    0.00000000    0.32173442
    0.03247810   -0.00001072    0.20560065    0.04880997   -0.00001618    0.32173442
    0.03248011   -0.00002127    0.20560065    0.04881300   -0.00003210    0.32173442
    0.03248343   -0.00003149    0.20560065    0.04881798   -0.00004751    0.32173442
    0.03248800   -0.00004120    0.20560065    0.04882486   -0.00006218    0.32173442
    0.03249375   -0.00005027    0.20560065    0.04883350   -0.00007587    0.32173442
    0.03250060   -0.00005854    0.20560065    0.04884379   -0.00008836    0.32173442
    0.03250843   -0.00006590    0.20560065    0.04885556   -0.00009945    0.32173442
    0.03251711   -0.00007221    0.20560065    0.04886861   -0.00010898    0.32173442
    0.03252653   -0.00007738    0.20560065    0.04888275   -0.00011679    0.32173442
    0.03253651   -0.00008133    0.20560065    0.04889776   -0.00012276    0.32173442
    0.03254691   -0.00008400    0.20560065    0.04891339   -0.00012679    0.32173442
    0.03255757   -0.00008535    0.20560065    0.04892940   -0.00012882    0.32173442
    0.03256830   -0.00008535    0.20560065    0.04894554   -0.00012882    0.32173442
    0.03257896   -0.00008400    0.20560065    0.04896156   -0.00012679    0.32173442
    0.03258936   -0.00008133    0.20560065    0.04897719   -0.00012276    0.32173442
    0.03259935   -0.00007738    0.20560065    0.04899219   -0.00011679    0.32173442
    0.03260876   -0.00007221    0.20560065    0.04900634   -0.00010898    0.32173442
    0.03261744   -0.00006590    0.20560065    0.04901939   -0.00009945    0.32173442
    0.03262527   -0.00005854    0.20560065    0.04903116   -0.00008836    0.32173442
    0.03263212   -0.00005027    0.20560065    0.04904145   -0.00007587    0.32173442
    0.03263787   -0.00004120    0.20560065    0.04905009   -0.00006218    0.32173442
    0.03264244   -0.00003149    0.20560065    0.04905697   -0.00004751    0.32173442
    0.03264576   -0.00002127    0.20560065    0.04906195   -0.00003210    0.32173442
    0.03264778   -0.00001072    0.20560065    0.04906498   -0.00001618    0.32173442
    0.03264495   -0.00000001    0.20560602    0.04906073    0.00000000    0.32174283
    0.03264431    0.00001027    0.20560602    0.04905976    0.00001552    0.32174283
    0.03264238    0.00002039    0.20560602    0.04905686    0.00003079    0.32174283
    0.03263919    0.00003019    0.20560602    0.04905208    0.00004558    0.32174283
    0.03263481    0.00003951    0.20560602    0.04904549    0.00005964    0.32174283
    0.03262929    0.00004820    0.20560602    0.04903719    0.00007277    0.32174283
    0.03262272    0.00005614    0.20560602    0.04902733    0.00008475    0.32174283
    0.03261522    0.00006319    0.20560602    0.04901604    0.00009539    0.32174283
    0.03260688    0.00006924    0.20560602    0.04900352    0.00010453    0.32174283
    0.03259786    0.00007421    0.20560602    0.04898996    0.00011202    0.32174283
    0.03258828    0.00007800    0.20560602    0.04897556    0.00011774    0.32174283
    0.03257830    0.00008056    0.20560602    0.04896057    0.00012161    0.32174283
    0.03256809    0.00008185    0.20560602    0.04894521    0.00012356    0.32174283
    0.03255779    0.00008185    0.20560602    0.04892973    0.00012356    0.32174283
    0.03254757    0.00008056    0.20560602    0.04891438    0.00012161    0.32174283
    0.03253759    0.00007800    0.20560602    0.04889938    0.00011774    0.32174283
    0.03252801    0.00007421    0.20560602    0.04888499    0.00011202    0.32174283
    0.03251899    0.00006924    0.20560602    0.04887143    0.00010453    0.32174283
    0.03251066    0.00006319    0.20560602    0.04885891    0.00009539    0.32174283
    0.03250315    0.00005614    0.20560602    0.04884762    0.00008475    0.32174283
    0.03249658    0.00004820    0.20560602    0.04883775    0.00007277    0.32174283
    0.03249106    0.00003951    0.20560602    0.04882946    0.00005964    0.32174283
    0.03248668    0.00003019    0.20560602    0.04882287    0.00004558    0.32174283
    0.03248350    0.00002039    0.20560602    0.04881809    0.00003079    0.32174283
    0.03248157    0.00001027    0.20560602    0.04881519    0.00001552    0.32174283
    0.03248092   -0.00000001    0.20560602    0.04881421    0.00000000    0.32174283
    0.03248157   -0.00001028    0.20560602    0.04881519   -0.00001551    0.32174283
    0.03248350   -0.00002040    0.20560602    0.04881809   -0.00003079    0.32174283
    0.03248668   -0.00003020    0.20560602    0.04882287   -0.00004557    0.32174283
    0.03249106   -0.00003952    0.20560602    0.04882946   -0.00005964    0.32174283
    0.03249658   -0.00004821    0.20560602    0.04883775   -0.00007277    0.32174283
    0.03250315   -0.00005615    0.20560602    0.04884762   -0.00008474    0.32174283
    0.03251066   -0.00006320    0.20560602    0.04885891   -0.00009539    0.32174283
    0.03251899   -0.00006925    0.20560602    0.04887143   -0.00010453    0.32174283
    0.03252801   -0.00007422    0.20560602    0.04888499   -0.00011202    0.32174283
    0.03253759   -0.00007801    0.20560602    0.04889938   -0.00011774    0.32174283
    0.03254757   -0.00008057    0.20560602    0.04891438   -0.00012161    0.32174283
    0.03255779   -0.00008186    0.20560602    0.04892973   -0.00012355    0.32174283
    0.03256809   -0.00008186    0.20560602    0.04894521   -0.00012355    0.32174283
    0.03257830   -0.00008057    0.20560602    0.04896057   -0.00012161    0.32174283
    0.03258828   -0.00007801    0.20560602    0.04897556   -0.00011774    0.32174283
    0.03259786   -0.00007422    0.20560602    0.04898996   -0.00011202    0.32174283
    0.03260688   -0.00006925    0.20560602    0.04900352   -0.00010453    0.32174283
    0.03261522   -0.00006320    0.20560602    0.04901604   -0.00009539    0.32174283
    0.03262272   -0.00005615    0.20560602    0.04902733   -0.00008474    0.32174283
    0.03262929   -0.00004821    0.20560602    0.04903719   -0.00007277    0.32174283
    0.03263481   -0.00003952    0.20560602    0.04904549   -0.00005964    0.32174283
    0.03263919   -0.00003020    0.20560602    0.04905208   -0.00004557    0.32174283
    0.03264238   -0.00002040    0.20560602    0.04905686   -0.00003079    0.32174283
    0.03264431   -0.00001028    0.20560602    0.04905976   -0.00001551    0.32174283
    0.03264112   -0.00000001    0.20561116    0.04905497    0.00000000    0.32175086
    0.03264050    0.00000979    0.20561116    0.04905405    0.00001479    0.32175086
    0.03263866    0.00001944    0.20561116    0.04905128    0.00002935    0.32175086
    0.03263563    0.00002878    0.20561116    0.04904672    0.00004345    0.32175086
    0.03263145    0.00003766    0.20561116    0.04904044    0.00005686    0.32175086
    0.03262619    0.00004595    0.20561116    0.04903253    0.00006937    0.32175086
    0.03261993    0.00005351    0.20561116    0.04902313    0.00008079    0.32175086
    0.03261277    0.00006024    0.20561116    0.04901237    0.00009093    0.32175086
    0.03260483    0.00006601    0.20561116    0.04900043    0.00009965    0.32175086
    0.03259622    0.00007074    0.20561116    0.04898750    0.00010678    0.32175086
    0.03258710    0.00007435    0.20561116    0.04897378    0.00011224    0.32175086
    0.03257759    0.00007679    0.20561116    0.04895949    0.00011593    0.32175086
    0.03256784    0.00007802    0.20561116    0.04894485    0.00011778    0.32175086
    0.03255803    0.00007802    0.20561116    0.04893010    0.00011778    0.32175086
    0.03254829    0.00007679    0.20561116    0.04891546    0.00011593    0.32175086
    0.03253878    0.00007435    0.20561116    0.04890117    0.00011224    0.32175086
    0.03252965    0.00007074    0.20561116    0.04888745    0.00010678    0.32175086
    0.03252104    0.00006601    0.20561116    0.04887452    0.00009965    0.32175086
    0.03251310    0.00006024    0.20561116    0.04886258    0.00009093    0.32175086
    0.03250594    0.00005351    0.20561116    0.04885182    0.00008079    0.32175086
    0.03249968    0.00004595    0.20561116    0.04884242    0.00006937    0.32175086
    0.03249442    0.00003766    0.20561116    0.04883451    0.00005686    0.32175086
    0.03249024    0.00002878    0.20561116    0.04882823    0.00004345    0.32175086
    0.03248721    0.00001944    0.20561116    0.04882367    0.00002935    0.32175086
    0.03248537    0.00000979    0.20561116    0.04882090    0.00001479    0.32175086
    0.03248475   -0.00000001    0.20561116    0.04881998    0.00000000    0.32175086
    0.03248537   -0.00000980    0.20561116    0.04882090   -0.00001479    0.32175086
    0.03248721   -0.00001945    0.20561116    0.04882367   -0.00002935    0.32175086
    0.03249024   -0.00002879    0.20561116    0.04882823   -0.00004344    0.32175086
    0.03249442   -0.00003767    0.20561116    0.04883451   -0.00005685    0.32175086
    0.03249968   -0.00004596    0.20561116    0.04884242   -0.00006936    0.32175086
    0.03250594   -0.00005353    0.20561116    0.04885182   -0.00008078    0.32175086
    0.03251310   -0.00006025    0.20561116    0.04886258   -0.00009093    0.32175086
    0.03252104   -0.00006602    0.20561116    0.04887452   -0.00009964    0.32175086
    0.03252965   -0.00007075    0.20561116    0.04888745   -0.00010678    0.32175086
    0.03253878   -0.00007436    0.20561116    0.04890117   -0.00011224    0.32175086
    0.03254829   -0.00007680    0.20561116    0.04891546   -0.00011592    0.32175086
    0.03255803   -0.00007803    0.20561116    0.04893010   -0.00011778    0.32175086
    0.03256784   -0.00007803    0.20561116    0.04894485   -0.00011778    0.32175086
    0.03257759   -0.00007680    0.20561116    0.04895949   -0.00011592    0.32175086
    0.03258710   -0.00007436    0.20561116    0.04897378   -0.00011224    0.32175086
    0.03259622   -0.00007075    0.20561116    0.04898750   -0.00010678    0.32175086
    0.03260483   -0.00006602    0.20561116    0.04900043   -0.00009964    0.32175086
    0.03261277   -0.00006025    0.20561116    0.04901237   -0.00009093    0.32175086
    0.03261993   -0.00005353    0.20561116    0.04902313   -0.00008078    0.32175086
    0.03262619   -0.00004596    0.20561116    0.04903253   -0.00006936    0.32175086
    0.03263145   -0.00003767    0.20561116    0.04904044   -0.00005685    0.32175086
    0.03263563   -0.00002879    0.20561116    0.04904672   -0.00004344    0.32175086
    0.03263866   -0.00001945    0.20561116    0.04905128   -0.00002935    0.32175086
    0.03264050   -0.00000980    0.20561116    0.04905405   -0.00001479    0.32175086
    0.03263696   -0.00000001    0.20561604    0.04904873    0.00000000    0.32175850
    0.03263638    0.00000927    0.20561604    0.04904785    0.00001401    0.32175850
    0.03263464    0.00001840    0.20561604    0.04904523    0.00002779    0.32175850
    0.03263176    0.00002725    0.20561604    0.04904091    0.00004114    0.32175850
    0.03262781    0.00003566    0.20561604    0.04903497    0.00005383    0.32175850
    0.03262283    0.00004351    0.20561604    0.04902748    0.00006568    0.32175850
    0.03261690    0.00005067    0.20561604    0.04901857    0.00007649    0.32175850
    0.03261012    0.00005703    0.20561604    0.04900839    0.00008610    0.32175850
    0.03260260    0.00006250    0.20561604    0.04899709    0.00009435    0.32175850
    0.03259446    0.00006698    0.20561604    0.04898484    0.00010111    0.32175850
    0.03258581    0.00007040    0.20561604    0.04897185    0.00010628    0.32175850
    0.03257681    0.00007271    0.20561604    0.04895832    0.00010976    0.32175850
    0.03256758    0.00007388    0.20561604    0.04894446    0.00011152    0.32175850
    0.03255829    0.00007388    0.20561604    0.04893049    0.00011152    0.32175850
    0.03254906    0.00007271    0.20561604    0.04891663    0.00010976    0.32175850
    0.03254006    0.00007040    0.20561604    0.04890310    0.00010628    0.32175850
    0.03253142    0.00006698    0.20561604    0.04889010    0.00010111    0.32175850
    0.03252327    0.00006250    0.20561604    0.04887786    0.00009435    0.32175850
    0.03251575    0.00005703    0.20561604    0.04886656    0.00008610    0.32175850
    0.03250897    0.00005067    0.20561604    0.04885637    0.00007649    0.32175850
    0.03250305    0.00004351    0.20561604    0.04884747    0.00006568    0.32175850
    0.03249806    0.00003566    0.20561604    0.04883998    0.00005383    0.32175850
    0.03249411    0.00002725    0.20561604    0.04883403    0.00004114    0.32175850
    0.03249123    0.00001840    0.20561604    0.04882972    0.00002779    0.32175850
    0.03248949    0.00000927    0.20561604    0.04882710    0.00001401    0.32175850
    0.03248891   -0.00000001    0.20561604    0.04882622    0.00000000    0.32175850
    0.03248949   -0.00000928    0.20561604    0.04882710   -0.00001400    0.32175850
    0.03249123   -0.00001842    0.20561604    0.04882972   -0.00002779    0.32175850
    0.03249411   -0.00002726    0.20561604    0.04883403   -0.00004113    0.32175850
    0.03249806   -0.00003567    0.20561604    0.04883998   -0.00005383    0.32175850
    0.03250305   -0.00004352    0.20561604    0.04884747   -0.00006568    0.32175850
    0.03250897   -0.00005068    0.20561604    0.04885637   -0.00007649    0.32175850
    0.03251575   -0.00005704    0.20561604    0.04886656   -0.00008610    0.32175850
    0.03252327   -0.00006251    0.20561604    0.04887786   -0.00009434    0.32175850
    0.03253142   -0.00006699    0.20561604    0.04889010   -0.00010110    0.32175850
    0.03254006   -0.00007041    0.20561604    0.04890310   -0.00010627    0.32175850
    0.03254906   -0.00007272    0.20561604    0.04891663   -0.00010976    0.32175850
    0.03255829   -0.00007389    0.20561604    0.04893049   -0.00011152    0.32175850
    0.03256758   -0.00007389    0.20561604    0.04894446   -0.00011152    0.32175850
    0.03257681   -0.00007272    0.20561604    0.04895832   -0.00010976    0.32175850
    0.03258581   -0.00007041    0.20561604    0.04897185   -0.00010627    0.32175850
    0.03259446   -0.00006699    0.20561604    0.04898484   -0.00010110    0.32175850
    0.03260260   -0.00006251    0.20561604    0.04899709   -0.00009434    0.32175850
    0.03261012   -0.00005704    0.20561604    0.04900839   -0.00008610    0.32175850
    0.03261690   -0.00005068    0.20561604    0.04901857   -0.00007649    0.32175850
    0.03262283   -0.00004352    0.20561604    0.04902748   -0.00006568    0.32175850
    0.03262781   -0.00003567    0.20561604    0.04903497   -0.00005383    0.32175850
    0.03263176   -0.00002726    0.20561604    0.04904091   -0.00004113    0.32175850
    0.03263464   -0.00001842    0.20561604    0.04904523   -0.00002779    0.32175850
    0.03263638   -0.00000928    0.20561604    0.04904785   -0.00001400    0.32175850
    0.03263250   -0.00000001    0.20562065    0.04904203    0.00000000    0.32176571
    0.03263196    0.00000871    0.20562065    0.04904120    0.00001316    0.32176571
    0.03263032    0.00001730    0.20562065    0.04903874    0.00002612    0.32176571
    0.03262762    0.00002560    0.20562065    0.04903468    0.00003866    0.32176571
    0.03262390    0.00003351    0.20562065    0.04902909    0.00005059    0.32176571
    0.03261922    0.00004089    0.20562065    0.04902206    0.00006173    0.32176571
    0.03261365    0.00004762    0.20562065    0.04901369    0.00007189    0.32176571
    0.03260728    0.00005360    0.20562065    0.04900412    0.00008091    0.32176571
    0.03260021    0.00005873    0.20562065    0.04899350    0.00008867    0.32176571
    0.03259256    0.00006294    0.20562065    0.04898199    0.00009502    0.32176571
    0.03258443    0.00006616    0.20562065    0.04896978    0.00009987    0.32176571
    0.03257597    0.00006833    0.20562065    0.04895707    0.00010315    0.32176571
    0.03256730    0.00006943    0.20562065    0.04894404    0.00010481    0.32176571
    0.03255857    0.00006943    0.20562065    0.04893091    0.00010481    0.32176571
    0.03254990    0.00006833    0.20562065    0.04891788    0.00010315    0.32176571
    0.03254144    0.00006616    0.20562065    0.04890517    0.00009987    0.32176571
    0.03253331    0.00006294    0.20562065    0.04889296    0.00009502    0.32176571
    0.03252566    0.00005873    0.20562065    0.04888145    0.00008867    0.32176571
    0.03251859    0.00005360    0.20562065    0.04887083    0.00008091    0.32176571
    0.03251222    0.00004762    0.20562065    0.04886126    0.00007189    0.32176571
    0.03250665    0.00004089    0.20562065    0.04885289    0.00006173    0.32176571
    0.03250197    0.00003351    0.20562065    0.04884586    0.00005059    0.32176571
    0.03249825    0.00002560    0.20562065    0.04884027    0.00003866    0.32176571
    0.03249555    0.00001730    0.20562065    0.04883621    0.00002612    0.32176571
    0.03249392    0.00000871    0.20562065    0.04883375    0.00001316    0.32176571
    0.03249337   -0.00000001    0.20562065    0.04883292    0.00000000    0.32176571
    0.03249392   -0.00000872    0.20562065    0.04883375   -0.00001316    0.32176571
    0.03249555   -0.00001731    0.20562065    0.04883621   -0.00002611    0.32176571
    0.03249825   -0.00002562    0.20562065    0.04884027   -0.00003865    0.32176571
    0.03250197   -0.00003352    0.20562065    0.04884586   -0.00005059    0.32176571
    0.03250665   -0.00004090    0.20562065    0.04885289   -0.00006172    0.32176571
    0.03251222   -0.00004763    0.20562065    0.04886126   -0.00007188    0.32176571
    0.03251859   -0.00005361    0.20562065    0.04887083   -0.00008091    0.32176571
    0.03252566   -0.00005874    0.20562065    0.04888145   -0.00008866    0.32176571
    0.03253331   -0.00006295    0.20562065    0.04889296   -0.00009501    0.32176571
    0.03254144   -0.00006617    0.20562065    0.04890517   -0.00009987    0.32176571
    0.03254990   -0.00006834    0.20562065    0.04891788   -0.00010315    0.32176571
    0.03255857   -0.00006944    0.20562065    0.04893091   -0.00010480    0.32176571
    0.03256730   -0.00006944    0.20562065    0.04894404   -0.00010480    0.32176571
    0.03257597   -0.00006834    0.20562065    0.04895707   -0.00010315    0.32176571
    0.03258443   -0.00006617    0.20562065    0.04896978   -0.00009987    0.32176571
    0.03259256   -0.00006295    0.20562065    0.04898199   -0.00009501    0.32176571
    0.03260021   -0.00005874    0.20562065    0.04899350   -0.00008866    0.32176571
    0.03260728   -0.00005361    0.20562065    0.04900412   -0.00008091    0.32176571
    0.03261365   -0.00004763    0.20562065    0.04901369   -0.00007188    0.32176571
    0.03261922   -0.00004090    0.20562065    0.04902206   -0.00006172    0.32176571
    0.03262390   -0.00003352    0.20562065    0.04902909   -0.00005059    0.32176571
    0.03262762   -0.00002562    0.20562065    0.04903468   -0.00003865    0.32176571
    0.03263032   -0.00001731    0.20562065    0.04903874   -0.00002611    0.32176571
    0.03263196   -0.00000872    0.20562065    0.04904120   -0.00001316    0.32176571
    0.03262776   -0.00000001    0.20562496    0.04903489    0.00000000    0.32177245
    0.03262725    0.00000812    0.20562496    0.04903413    0.00001227    0.32177245
    0.03262572    0.00001612    0.20562496    0.04903183    0.00002434    0.32177245
    0.03262321    0.00002386    0.20562496    0.04902805    0.00003602    0.32177245
    0.03261974    0.00003122    0.20562496    0.04902284    0.00004714    0.32177245
    0.03261538    0.00003810    0.20562496    0.04901629    0.00005752    0.32177245
    0.03261019    0.00004437    0.20562496    0.04900849    0.00006698    0.32177245
    0.03260426    0.00004994    0.20562496    0.04899957    0.00007540    0.32177245
    0.03259767    0.00005473    0.20562496    0.04898967    0.00008262    0.32177245
    0.03259054    0.00005865    0.20562496    0.04897895    0.00008854    0.32177245
    0.03258297    0.00006164    0.20562496    0.04896758    0.00009306    0.32177245
    0.03257508    0.00006367    0.20562496    0.04895573    0.00009612    0.32177245
    0.03256701    0.00006469    0.20562496    0.04894359    0.00009766    0.32177245
    0.03255887    0.00006469    0.20562496    0.04893136    0.00009766    0.32177245
    0.03255079    0.00006367    0.20562496    0.04891922    0.00009612    0.32177245
    0.03254290    0.00006164    0.20562496    0.04890737    0.00009306    0.32177245
    0.03253534    0.00005865    0.20562496    0.04889600    0.00008854    0.32177245
    0.03252820    0.00005473    0.20562496    0.04888527    0.00008262    0.32177245
    0.03252162    0.00004994    0.20562496    0.04887538    0.00007540    0.32177245
    0.03251568    0.00004437    0.20562496    0.04886646    0.00006698    0.32177245
    0.03251049    0.00003810    0.20562496    0.04885866    0.00005752    0.32177245
    0.03250613    0.00003122    0.20562496    0.04885210    0.00004714    0.32177245
    0.03250266    0.00002386    0.20562496    0.04884690    0.00003602    0.32177245
    0.03250015    0.00001612    0.20562496    0.04884312    0.00002434    0.32177245
    0.03249862    0.00000812    0.20562496    0.04884082    0.00001227    0.32177245
    0.03249811   -0.00000001    0.20562496    0.04884005    0.00000000    0.32177245
    0.03249862   -0.00000813    0.20562496    0.04884082   -0.00001226    0.32177245
    0.03250015   -0.00001613    0.20562496    0.04884312   -0.00002433    0.32177245
    0.03250266   -0.00002387    0.20562496    0.04884690   -0.00003602    0.32177245
    0.03250613   -0.00003123    0.20562496    0.04885210   -0.00004714    0.32177245
    0.03251049   -0.00003811    0.20562496    0.04885866   -0.00005751    0.32177245
    0.03251568   -0.00004438    0.20562496    0.04886646   -0.00006698    0.32177245
    0.03252162   -0.00004995    0.20562496    0.04887538   -0.00007539    0.32177245
    0.03252820   -0.00005474    0.20562496    0.04888527   -0.00008261    0.32177245
    0.03253534   -0.00005866    0.20562496    0.04889600   -0.00008853    0.32177245
    0.03254290   -0.00006166    0.20562496    0.04890737   -0.00009306    0.32177245
    0.03255079   -0.00006368    0.20562496    0.04891922   -0.00009611    0.32177245
    0.03255887   -0.00006470    0.20562496    0.04893136   -0.00009765    0.32177245
    0.03256701   -0.00006470    0.20562496    0.04894359   -0.00009765    0.32177245
    0.03257508   -0.00006368    0.20562496    0.04895573   -0.00009611    0.32177245
    0.03258297   -0.00006166    0.20562496    0.04896758   -0.00009306    0.32177245
    0.03259054   -0.00005866    0.20562496    0.04897895   -0.00008853    0.32177245
    0.03259767   -0.00005474    0.20562496    0.04898967   -0.00008261    0.32177245
    0.03260426   -0.00004995    0.20562496    0.04899957   -0.00007539    0.32177245
    0.03261019   -0.00004438    0.20562496    0.04900849   -0.00006698    0.32177245
    0.03261538   -0.00003811    0.20562496    0.04901629   -0.00005751    0.32177245
    0.03261974   -0.00003123    0.20562496    0.04902284   -0.00004714    0.32177245
    0.03262321   -0.00002387    0.20562496    0.04902805   -0.00003602    0.32177245
    0.03262572   -0.00001613    0.20562496    0.04903183   -0.00002433    0.32177245
    0.03262725   -0.00000813    0.20562496    0.04903413   -0.00001226    0.32177245
    0.03262275   -0.00000001    0.20562895    0.04902736    0.00000000    0.32177871
    0.03262227    0.00000749    0.20562895    0.04902665    0.00001132    0.32177871
    0.03262087    0.00001487    0.20562895    0.04902454    0.00002245    0.32177871
    0.03261855    0.00002201    0.20562895    0.04902105    0.00003324    0.32177871
    0.03261535    0.00002881    0.20562895    0.04901624    0.00004350    0.32177871
    0.03261132    0.00003515    0.20562895    0.04901019    0.00005307    0.32177871
    0.03260654    0.00004094    0.20562895    0.04900300    0.00006180    0.32177871
    0.03260106    0.00004608    0.20562895    0.04899477    0.00006957    0.32177871
    0.03259498    0.00005049    0.20562895    0.04898564    0.00007623    0.32177871
    0.03258840    0.00005411    0.20562895    0.04897575    0.00008169    0.32177871
    0.03258142    0.00005688    0.20562895    0.04896525    0.00008587    0.32177871
    0.03257414    0.00005875    0.20562895    0.04895432    0.00008869    0.32177871
    0.03256669    0.00005969    0.20562895    0.04894312    0.00009011    0.32177871
    0.03255918    0.00005969    0.20562895    0.04893183    0.00009011    0.32177871
    0.03255173    0.00005875    0.20562895    0.04892063    0.00008869    0.32177871
    0.03254445    0.00005688    0.20562895    0.04890970    0.00008587    0.32177871
    0.03253747    0.00005411    0.20562895    0.04889920    0.00008169    0.32177871
    0.03253089    0.00005049    0.20562895    0.04888931    0.00007623    0.32177871
    0.03252481    0.00004608    0.20562895    0.04888018    0.00006957    0.32177871
    0.03251934    0.00004094    0.20562895    0.04887195    0.00006180    0.32177871
    0.03251455    0.00003515    0.20562895    0.04886475    0.00005307    0.32177871
    0.03251052    0.00002881    0.20562895    0.04885871    0.00004350    0.32177871
    0.03250732    0.00002201    0.20562895    0.04885390    0.00003324    0.32177871
    0.03250500    0.00001487    0.20562895    0.04885041    0.00002245    0.32177871
    0.03250360    0.00000749    0.20562895    0.04884830    0.00001132    0.32177871
    0.03250312   -0.00000001    0.20562895    0.04884759    0.00000000    0.32177871
    0.03250360   -0.00000750    0.20562895    0.04884830   -0.00001131    0.32177871
    0.03250500   -0.00001488    0.20562895    0.04885041   -0.00002245    0.32177871
    0.03250732   -0.00002202    0.20562895    0.04885390   -0.00003323    0.32177871
    0.03251052   -0.00002882    0.20562895    0.04885871   -0.00004349    0.32177871
    0.03251455   -0.00003516    0.20562895    0.04886475   -0.00005306    0.32177871
    0.03251934   -0.00004095    0.20562895    0.04887195   -0.00006180    0.32177871
    0.03252481   -0.00004609    0.20562895    0.04888018   -0.00006956    0.32177871
    0.03253089   -0.00005051    0.20562895    0.04888931   -0.00007622    0.32177871
    0.03253747   -0.00005412    0.20562895    0.04889920   -0.00008169    0.32177871
    0.03254445   -0.00005689    0.20562895    0.04890970   -0.00008586    0.32177871
    0.03255173   -0.00005876    0.20562895    0.04892063   -0.00008868    0.32177871
    0.03255918   -0.00005970    0.20562895    0.04893183   -0.00009010    0.32177871
    0.03256669   -0.00005970    0.20562895    0.04894312   -0.00009010    0.32177871
    0.03257414   -0.00005876    0.20562895    0.04895432   -0.00008868    0.32177871
    0.03258142   -0.00005689    0.20562895    0.04896525   -0.00008586    0.32177871
    0.03258840   -0.00005412    0.20562895    0.04897575   -0.00008169    0.32177871
    0.03259498   -0.00005051    0.20562895    0.04898564   -0.00007622    0.32177871
    0.03260106   -0.00004609    0.20562895    0.04899477   -0.00006956    0.32177871
    0.03260654   -0.00004095    0.20562895    0.04900300   -0.00006180    0.32177871
    0.03261132   -0.00003516    0.20562895    0.04901019   -0.00005306    0.32177871
    0.03261535   -0.00002882    0.20562895    0.04901624   -0.00004349    0.32177871
    0.03261855   -0.00002202    0.20562895    0.04902105   -0.00003323    0.32177871
    0.03262087   -0.00001488    0.20562895    0.04902454   -0.00002245    0.32177871
    0.03262227   -0.00000750    0.20562895    0.04902665   -0.00001131    0.32177871
    0.03261749   -0.00000001    0.20563262    0.04901946    0.00000000    0.32178445
    0.03261706    0.00000683    0.20563262    0.04901881    0.00001032    0.32178445
    0.03261578    0.00001356    0.20563262    0.04901688    0.00002048    0.32178445
    0.03261366    0.00002008    0.20563262    0.04901370    0.00003032    0.32178445
    0.03261074    0.00002628    0.20563262    0.04900932    0.00003967    0.32178445
    0.03260707    0.00003206    0.20563262    0.04900380    0.00004840    0.32178445
    0.03260270    0.00003734    0.20563262    0.04899724    0.00005637    0.32178445
    0.03259771    0.00004203    0.20563262    0.04898973    0.00006345    0.32178445
    0.03259217    0.00004606    0.20563262    0.04898140    0.00006953    0.32178445
    0.03258616    0.00004936    0.20563262    0.04897238    0.00007451    0.32178445
    0.03257979    0.00005188    0.20563262    0.04896281    0.00007832    0.32178445
    0.03257316    0.00005358    0.20563262    0.04895284    0.00008089    0.32178445
    0.03256636    0.00005444    0.20563262    0.04894262    0.00008219    0.32178445
    0.03255951    0.00005444    0.20563262    0.04893233    0.00008219    0.32178445
    0.03255271    0.00005358    0.20563262    0.04892211    0.00008089    0.32178445
    0.03254608    0.00005188    0.20563262    0.04891214    0.00007832    0.32178445
    0.03253971    0.00004936    0.20563262    0.04890257    0.00007451    0.32178445
    0.03253370    0.00004606    0.20563262    0.04889354    0.00006953    0.32178445
    0.03252816    0.00004203    0.20563262    0.04888521    0.00006345    0.32178445
    0.03252317    0.00003734    0.20563262    0.04887771    0.00005637    0.32178445
    0.03251880    0.00003206    0.20563262    0.04887115    0.00004840    0.32178445
    0.03251513    0.00002628    0.20563262    0.04886563    0.00003967    0.32178445
    0.03251221    0.00002008    0.20563262    0.04886125    0.00003032    0.32178445
    0.03251010    0.00001356    0.20563262    0.04885806    0.00002048    0.32178445
    0.03250881    0.00000683    0.20563262    0.04885613    0.00001032    0.32178445
    0.03250838   -0.00000001    0.20563262    0.04885549    0.00000000    0.32178445
    0.03250881   -0.00000684    0.20563262    0.04885613   -0.00001032    0.32178445
    0.03251010   -0.00001357    0.20563262    0.04885806   -0.00002048    0.32178445
    0.03251221   -0.00002009    0.20563262    0.04886125   -0.00003031    0.32178445
    0.03251513   -0.00002629    0.20563262    0.04886563   -0.00003967    0.32178445
    0.03251880   -0.00003207    0.20563262    0.04887115   -0.00004840    0.32178445
    0.03252317   -0.00003735    0.20563262    0.04887771   -0.00005637    0.32178445
    0.03252816   -0.00004204    0.20563262    0.04888521   -0.00006345    0.32178445
    0.03253370   -0.00004607    0.20563262    0.04889354   -0.00006952    0.32178445
    0.03253971   -0.00004937    0.20563262    0.04890257   -0.00007451    0.32178445
    0.03254608   -0.00005189    0.20563262    0.04891214   -0.00007831    0.32178445
    0.03255271   -0.00005359    0.20563262    0.04892211   -0.00008088    0.32178445
    0.03255951   -0.00005445    0.20563262    0.04893233   -0.00008218    0.32178445
    0.03256636   -0.00005445    0.20563262    0.04894262   -0.00008218    0.32178445
    0.03257316   -0.00005359    0.20563262    0.04895284   -0.00008088    0.32178445
    0.03257979   -0.00005189    0.20563262    0.04896281   -0.00007831    0.32178445
    0.03258616   -0.00004937    0.20563262    0.04897238   -0.00007451    0.32178445
    0.03259217   -0.00004607    0.20563262    0.04898140   -0.00006952    0.32178445
    0.03259771   -0.00004204    0.20563262    0.04898973   -0.00006345    0.32178445
    0.03260270   -0.00003735    0.20563262    0.04899724   -0.00005637    0.32178445
    0.03260707   -0.00003207    0.20563262    0.04900380   -0.00004840    0.32178445
    0.03261074   -0.00002629    0.20563262    0.04900932   -0.00003967    0.32178445
    0.03261366   -0.00002009    0.20563262    0.04901370   -0.00003031    0.32178445
    0.03261578   -0.00001357    0.20563262    0.04901688   -0.00002048    0.32178445
    0.03261706   -0.00000684    0.20563262    0.04901881   -0.00001032    0.32178445
    0.03261201   -0.00000001    0.20563594    0.04901122    0.00000000    0.32178965
    0.03261162    0.00000615    0.20563594    0.04901064    0.00000929    0.32178965
    0.03261047    0.00001220    0.20563594    0.04900891    0.00001842    0.32178965
    0.03260856    0.00001806    0.20563594    0.04900604    0.00002727    0.32178965
    0.03260594    0.00002364    0.20563594    0.04900210    0.00003569    0.32178965
    0.03260264    0.00002884    0.20563594    0.04899714    0.00004354    0.32178965
    0.03259871    0.00003359    0.20563594    0.04899123    0.00005071    0.32178965
    0.03259422    0.00003781    0.20563594    0.04898448    0.00005708    0.32178965
    0.03258923    0.00004143    0.20563594    0.04897699    0.00006254    0.32178965
    0.03258383    0.00004440    0.20563594    0.04896887    0.00006702    0.32178965
    0.03257810    0.00004666    0.20563594    0.04896026    0.00007045    0.32178965
    0.03257213    0.00004820    0.20563594    0.04895129    0.00007276    0.32178965
    0.03256602    0.00004897    0.20563594    0.04894210    0.00007393    0.32178965
    0.03255985    0.00004897    0.20563594    0.04893284    0.00007393    0.32178965
    0.03255374    0.00004820    0.20563594    0.04892366    0.00007276    0.32178965
    0.03254777    0.00004666    0.20563594    0.04891468    0.00007045    0.32178965
    0.03254204    0.00004440    0.20563594    0.04890607    0.00006702    0.32178965
    0.03253664    0.00004143    0.20563594    0.04889796    0.00006254    0.32178965
    0.03253166    0.00003781    0.20563594    0.04889047    0.00005708    0.32178965
    0.03252716    0.00003359    0.20563594    0.04888371    0.00005071    0.32178965
    0.03252324    0.00002884    0.20563594    0.04887781    0.00004354    0.32178965
    0.03251993    0.00002364    0.20563594    0.04887285    0.00003569    0.32178965
    0.03251731    0.00001806    0.20563594    0.04886891    0.00002727    0.32178965
    0.03251541    0.00001220    0.20563594    0.04886604    0.00001842    0.32178965
    0.03251425    0.00000615    0.20563594    0.04886431    0.00000929    0.32178965
    0.03251386   -0.00000001    0.20563594    0.04886373    0.00000000    0.32178965
    0.03251425   -0.00000616    0.20563594    0.04886431   -0.00000928    0.32178965
    0.03251541   -0.00001221    0.20563594    0.04886604   -0.00001842    0.32178965
    0.03251731   -0.00001807    0.20563594    0.04886891   -0.00002726    0.32178965
    0.03251993   -0.00002365    0.20563594    0.04887285   -0.00003568    0.32178965
    0.03252324   -0.00002885    0.20563594    0.04887781   -0.00004354    0.32178965
    0.03252716   -0.00003360    0.20563594    0.04888371   -0.00005070    0.32178965
    0.03253166   -0.00003782    0.20563594    0.04889047   -0.00005707    0.32178965
    0.03253664   -0.00004144    0.20563594    0.04889796   -0.00006254    0.32178965
    0.03254204   -0.00004441    0.20563594    0.04890607   -0.00006702    0.32178965
    0.03254777   -0.00004668    0.20563594    0.04891468   -0.00007044    0.32178965
    0.03255374   -0.00004821    0.20563594    0.04892366   -0.00007276    0.32178965
    0.03255985   -0.00004898    0.20563594    0.04893284   -0.00007392    0.32178965
    0.03256602   -0.00004898    0.20563594    0.04894210   -0.00007392    0.32178965
    0.03257213   -0.00004821    0.20563594    0.04895129   -0.00007276    0.32178965
    0.03257810   -0.00004668    0.20563594    0.04896026   -0.00007044    0.32178965
    0.03258383   -0.00004441    0.20563594    0.04896887   -0.00006702    0.32178965
    0.03258923   -0.00004144    0.20563594    0.04897699   -0.00006254    0.32178965
    0.03259422   -0.00003782    0.20563594    0.04898448   -0.00005707    0.32178965
    0.03259871   -0.00003360    0.20563594    0.04899123   -0.00005070    0.32178965
    0.03260264   -0.00002885    0.20563594    0.04899714   -0.00004354    0.32178965
    0.03260594   -0.00002365    0.20563594    0.04900210   -0.00003568    0.32178965
    0.03260856   -0.00001807    0.20563594    0.04900604   -0.00002726    0.32178965
    0.03261047   -0.00001221    0.20563594    0.04900891   -0.00001842    0.32178965
    0.03261162   -0.00000616    0.20563594    0.04901064   -0.00000928    0.32178965
    0.03260632   -0.00000001    0.20563891    0.04900268    0.00000000    0.32179429
    0.03260598    0.00000543    0.20563891    0.04900217    0.00000821    0.32179429
    0.03260496    0.00001078    0.20563891    0.04900063    0.00001629    0.32179429
    0.03260328    0.00001597    0.20563891    0.04899810    0.00002411    0.32179429
    0.03260096    0.00002090    0.20563891    0.04899462    0.00003155    0.32179429
    0.03259804    0.00002550    0.20563891    0.04899023    0.00003850    0.32179429
    0.03259456    0.00002970    0.20563891    0.04898501    0.00004484    0.32179429
    0.03259059    0.00003343    0.20563891    0.04897904    0.00005047    0.32179429
    0.03258618    0.00003663    0.20563891    0.04897241    0.00005530    0.32179429
    0.03258141    0.00003925    0.20563891    0.04896524    0.00005926    0.32179429
    0.03257634    0.00004126    0.20563891    0.04895762    0.00006229    0.32179429
    0.03257107    0.00004261    0.20563891    0.04894969    0.00006434    0.32179429
    0.03256566    0.00004330    0.20563891    0.04894157    0.00006537    0.32179429
    0.03256021    0.00004330    0.20563891    0.04893338    0.00006537    0.32179429
    0.03255481    0.00004261    0.20563891    0.04892526    0.00006434    0.32179429
    0.03254953    0.00004126    0.20563891    0.04891732    0.00006229    0.32179429
    0.03254446    0.00003925    0.20563891    0.04890971    0.00005926    0.32179429
    0.03253969    0.00003663    0.20563891    0.04890253    0.00005530    0.32179429
    0.03253528    0.00003343    0.20563891    0.04889591    0.00005047    0.32179429
    0.03253131    0.00002970    0.20563891    0.04888994    0.00004484    0.32179429
    0.03252783    0.00002550    0.20563891    0.04888472    0.00003850    0.32179429
    0.03252491    0.00002090    0.20563891    0.04888033    0.00003155    0.32179429
    0.03252259    0.00001597    0.20563891    0.04887685    0.00002411    0.32179429
    0.03252091    0.00001078    0.20563891    0.04887432    0.00001629    0.32179429
    0.03251989    0.00000543    0.20563891    0.04887278    0.00000821    0.32179429
    0.03251955   -0.00000001    0.20563891    0.04887227    0.00000000    0.32179429
    0.03251989   -0.00000544    0.20563891    0.04887278   -0.00000821    0.32179429
    0.03252091   -0.00001080    0.20563891    0.04887432   -0.00001628    0.32179429
    0.03252259   -0.00001598    0.20563891    0.04887685   -0.00002411    0.32179429
    0.03252491   -0.00002091    0.20563891    0.04888033   -0.00003155    0.32179429
    0.03252783   -0.00002551    0.20563891    0.04888472   -0.00003849    0.32179429
    0.03253131   -0.00002971    0.20563891    0.04888994   -0.00004483    0.32179429
    0.03253528   -0.00003344    0.20563891    0.04889591   -0.00005046    0.32179429
    0.03253969   -0.00003664    0.20563891    0.04890253   -0.00005529    0.32179429
    0.03254446   -0.00003926    0.20563891    0.04890971   -0.00005926    0.32179429
    0.03254953   -0.00004127    0.20563891    0.04891732   -0.00006228    0.32179429
    0.03255481   -0.00004263    0.20563891    0.04892526   -0.00006433    0.32179429
    0.03256021   -0.00004331    0.20563891    0.04893338   -0.00006536    0.32179429
    0.03256566   -0.00004331    0.20563891    0.04894157   -0.00006536    0.32179429
    0.03257107   -0.00004263    0.20563891    0.04894969   -0.00006433    0.32179429
    0.03257634   -0.00004127    0.20563891    0.04895762   -0.00006228    0.32179429
    0.03258141   -0.00003926    0.20563891    0.04896524   -0.00005926    0.32179429
    0.03258618   -0.00003664    0.20563891    0.04897241   -0.00005529    0.32179429
    0.03259059   -0.00003344    0.20563891    0.04897904   -0.00005046    0.32179429
    0.03259456   -0.00002971    0.20563891    0.04898501   -0.00004483    0.32179429
    0.03259804   -0.00002551    0.20563891    0.04899023   -0.00003849    0.32179429
    0.03260096   -0.00002091    0.20563891    0.04899462   -0.00003155    0.32179429
    0.03260328   -0.00001598    0.20563891    0.04899810   -0.00002411    0.32179429
    0.03260496   -0.00001080    0.20563891    0.04900063   -0.00001628    0.32179429
    0.03260598   -0.00000544    0.20563891    0.04900217   -0.00000821    0.32179429
    0.03260046   -0.00000001    0.20564150    0.04899387    0.00000000    0.32179835
    0.03260017    0.00000470    0.20564150    0.04899343    0.00000710    0.32179835
    0.03259928    0.00000933    0.20564150    0.04899210    0.00001409    0.32179835
    0.03259783    0.00001381    0.20564150    0.04898991    0.00002086    0.32179835
    0.03259582    0.00001807    0.20564150    0.04898690    0.00002729    0.32179835
    0.03259330    0.00002205    0.20564150    0.04898310    0.00003330    0.32179835
    0.03259029    0.00002568    0.20564150    0.04897859    0.00003878    0.32179835
    0.03258686    0.00002891    0.20564150    0.04897342    0.00004365    0.32179835
    0.03258304    0.00003168    0.20564150    0.04896769    0.00004783    0.32179835
    0.03257891    0.00003395    0.20564150    0.04896149    0.00005126    0.32179835
    0.03257453    0.00003568    0.20564150    0.04895490    0.00005388    0.32179835
    0.03256997    0.00003686    0.20564150    0.04894804    0.00005564    0.32179835
    0.03256529    0.00003745    0.20564150    0.04894102    0.00005654    0.32179835
    0.03256058    0.00003745    0.20564150    0.04893393    0.00005654    0.32179835
    0.03255590    0.00003686    0.20564150    0.04892691    0.00005564    0.32179835
    0.03255134    0.00003568    0.20564150    0.04892005    0.00005388    0.32179835
    0.03254696    0.00003395    0.20564150    0.04891346    0.00005126    0.32179835
    0.03254283    0.00003168    0.20564150    0.04890726    0.00004783    0.32179835
    0.03253902    0.00002891    0.20564150    0.04890153    0.00004365    0.32179835
    0.03253558    0.00002568    0.20564150    0.04889636    0.00003878    0.32179835
    0.03253258    0.00002205    0.20564150    0.04889185    0.00003330    0.32179835
    0.03253005    0.00001807    0.20564150    0.04888805    0.00002729    0.32179835
    0.03252804    0.00001381    0.20564150    0.04888504    0.00002086    0.32179835
    0.03252659    0.00000933    0.20564150    0.04888285    0.00001409    0.32179835
    0.03252570    0.00000470    0.20564150    0.04888152    0.00000710    0.32179835
    0.03252541   -0.00000001    0.20564150    0.04888108    0.00000000    0.32179835
    0.03252570   -0.00000471    0.20564150    0.04888152   -0.00000710    0.32179835
    0.03252659   -0.00000934    0.20564150    0.04888285   -0.00001408    0.32179835
    0.03252804   -0.00001382    0.20564150    0.04888504   -0.00002085    0.32179835
    0.03253005   -0.00001808    0.20564150    0.04888805   -0.00002729    0.32179835
    0.03253258   -0.00002206    0.20564150    0.04889185   -0.00003329    0.32179835
    0.03253558   -0.00002569    0.20564150    0.04889636   -0.00003877    0.32179835
    0.03253902   -0.00002892    0.20564150    0.04890153   -0.00004364    0.32179835
    0.03254283   -0.00003169    0.20564150    0.04890726   -0.00004782    0.32179835
    0.03254696   -0.00003396    0.20564150    0.04891346   -0.00005125    0.32179835
    0.03255134   -0.00003570    0.20564150    0.04892005   -0.00005387    0.32179835
    0.03255590   -0.00003687    0.20564150    0.04892691   -0.00005564    0.32179835
    0.03256058   -0.00003746    0.20564150    0.04893393   -0.00005653    0.32179835
    0.03256529   -0.00003746    0.20564150    0.04894102   -0.00005653    0.32179835
    0.03256997   -0.00003687    0.20564150    0.04894804   -0.00005564    0.32179835
    0.03257453   -0.00003570    0.20564150    0.04895490   -0.00005387    0.32179835
    0.03257891   -0.00003396    0.20564150    0.04896149   -0.00005125    0.32179835
    0.03258304   -0.00003169    0.20564150    0.04896769   -0.00004782    0.32179835
    0.03258686   -0.00002892    0.20564150    0.04897342   -0.00004364    0.32179835
    0.03259029   -0.00002569    0.20564150    0.04897859   -0.00003877    0.32179835
    0.03259330   -0.00002206    0.20564150    0.04898310   -0.00003329    0.32179835
    0.03259582   -0.00001808    0.20564150    0.04898690   -0.00002729    0.32179835
    0.03259783   -0.00001382    0.20564150    0.04898991   -0.00002085    0.32179835
    0.03259928   -0.00000934    0.20564150    0.04899210   -0.00001408    0.32179835
    0.03260017   -0.00000471    0.20564150    0.04899343   -0.00000710    0.32179835
    0.03259445   -0.00000001    0.20564372    0.04898483    0.00000000    0.32180181
    0.03259420    0.00000394    0.20564372    0.04898446    0.00000596    0.32180181
    0.03259346    0.00000783    0.20564372    0.04898334    0.00001183    0.32180181
    0.03259223    0.00001159    0.20564372    0.04898151    0.00001751    0.32180181
    0.03259055    0.00001518    0.20564372    0.04897897    0.00002292    0.32180181
    0.03258843    0.00001852    0.20564372    0.04897579    0.00002796    0.32180181
    0.03258591    0.00002157    0.20564372    0.04897200    0.00003256    0.32180181
    0.03258302    0.00002427    0.20564372    0.04896766    0.00003665    0.32180181
    0.03257982    0.00002660    0.20564372    0.04896285    0.00004016    0.32180181
    0.03257635    0.00002851    0.20564372    0.04895764    0.00004304    0.32180181
    0.03257267    0.00002996    0.20564372    0.04895211    0.00004524    0.32180181
    0.03256884    0.00003095    0.20564372    0.04894635    0.00004672    0.32180181
    0.03256491    0.00003144    0.20564372    0.04894045    0.00004747    0.32180181
    0.03256096    0.00003144    0.20564372    0.04893450    0.00004747    0.32180181
    0.03255703    0.00003095    0.20564372    0.04892860    0.00004672    0.32180181
    0.03255320    0.00002996    0.20564372    0.04892284    0.00004524    0.32180181
    0.03254952    0.00002851    0.20564372    0.04891731    0.00004304    0.32180181
    0.03254605    0.00002660    0.20564372    0.04891210    0.00004016    0.32180181
    0.03254285    0.00002427    0.20564372    0.04890729    0.00003665    0.32180181
    0.03253997    0.00002157    0.20564372    0.04890295    0.00003256    0.32180181
    0.03253744    0.00001852    0.20564372    0.04889916    0.00002796    0.32180181
    0.03253532    0.00001518    0.20564372    0.04889598    0.00002292    0.32180181
    0.03253364    0.00001159    0.20564372    0.04889344    0.00001751    0.32180181
    0.03253241    0.00000783    0.20564372    0.04889161    0.00001183    0.32180181
    0.03253167    0.00000394    0.20564372    0.04889049    0.00000596    0.32180181
    0.03253142   -0.00000001    0.20564372    0.04889012    0.00000000    0.32180181
    0.03253167   -0.00000395    0.20564372    0.04889049   -0.00000596    0.32180181
    0.03253241   -0.00000784    0.20564372    0.04889161   -0.00001183    0.32180181
    0.03253364   -0.00001161    0.20564372    0.04889344   -0.00001751    0.32180181
    0.03253532   -0.00001519    0.20564372    0.04889598   -0.00002291    0.32180181
    0.03253744   -0.00001853    0.20564372    0.04889916   -0.00002795    0.32180181
    0.03253997   -0.00002158    0.20564372    0.04890295   -0.00003256    0.32180181
    0.03254285   -0.00002428    0.20564372    0.04890729   -0.00003665    0.32180181
    0.03254605   -0.00002661    0.20564372    0.04891210   -0.00004016    0.32180181
    0.03254952   -0.00002852    0.20564372    0.04891731   -0.00004303    0.32180181
    0.03255320   -0.00002997    0.20564372    0.04892284   -0.00004523    0.32180181
    0.03255703   -0.00003096    0.20564372    0.04892860   -0.00004672    0.32180181
    0.03256096   -0.00003145    0.20564372    0.04893450   -0.00004747    0.32180181
    0.03256491   -0.00003145    0.20564372    0.04894045   -0.00004747    0.32180181
    0.03256884   -0.00003096    0.20564372    0.04894635   -0.00004672    0.32180181
    0.03257267   -0.00002997    0.20564372    0.04895211   -0.00004523    0.32180181
    0.03257635   -0.00002852    0.20564372    0.04895764   -0.00004303    0.32180181
    0.03257982   -0.00002661    0.20564372    0.04896285   -0.00004016    0.32180181
    0.03258302   -0.00002428    0.20564372    0.04896766   -0.00003665    0.32180181
    0.03258591   -0.00002158    0.20564372    0.04897200   -0.00003256    0.32180181
    0.03258843   -0.00001853    0.20564372    0.04897579   -0.00002795    0.32180181
    0.03259055   -0.00001519    0.20564372    0.04897897   -0.00002291    0.32180181
    0.03259223   -0.00001161    0.20564372    0.04898151   -0.00001751    0.32180181
    0.03259346   -0.00000784    0.20564372    0.04898334   -0.00001183    0.32180181
    0.03259420   -0.00000395    0.20564372    0.04898446   -0.00000596    0.32180181
    0.03258830   -0.00000001    0.20564554    0.04897559    0.00000000    0.32180467
    0.03258810    0.00000317    0.20564554    0.04897529    0.00000480    0.32180467
    0.03258750    0.00000630    0.20564554    0.04897440    0.00000952    0.32180467
    0.03258652    0.00000933    0.20564554    0.04897292    0.00001410    0.32180467
    0.03258516    0.00001221    0.20564554    0.04897088    0.00001845    0.32180467
    0.03258346    0.00001490    0.20564554    0.04896831    0.00002251    0.32180467
    0.03258143    0.00001736    0.20564554    0.04896526    0.00002621    0.32180467
    0.03257910    0.00001954    0.20564554    0.04896177    0.00002950    0.32180467
    0.03257653    0.00002141    0.20564554    0.04895790    0.00003233    0.32180467
    0.03257374    0.00002295    0.20564554    0.04895371    0.00003465    0.32180467
    0.03257077    0.00002412    0.20564554    0.04894925    0.00003642    0.32180467
    0.03256769    0.00002491    0.20564554    0.04894462    0.00003761    0.32180467
    0.03256453    0.00002531    0.20564554    0.04893987    0.00003822    0.32180467
    0.03256134    0.00002531    0.20564554    0.04893508    0.00003822    0.32180467
    0.03255818    0.00002491    0.20564554    0.04893033    0.00003761    0.32180467
    0.03255510    0.00002412    0.20564554    0.04892569    0.00003642    0.32180467
    0.03255214    0.00002295    0.20564554    0.04892124    0.00003465    0.32180467
    0.03254934    0.00002141    0.20564554    0.04891705    0.00003233    0.32180467
    0.03254677    0.00001954    0.20564554    0.04891318    0.00002950    0.32180467
    0.03254444    0.00001736    0.20564554    0.04890969    0.00002621    0.32180467
    0.03254241    0.00001490    0.20564554    0.04890663    0.00002251    0.32180467
    0.03254071    0.00001221    0.20564554    0.04890407    0.00001845    0.32180467
    0.03253935    0.00000933    0.20564554    0.04890203    0.00001410    0.32180467
    0.03253837    0.00000630    0.20564554    0.04890055    0.00000952    0.32180467
    0.03253777    0.00000317    0.20564554    0.04889965    0.00000480    0.32180467
    0.03253757   -0.00000001    0.20564554    0.04889935    0.00000000    0.32180467
    0.03253777   -0.00000318    0.20564554    0.04889965   -0.00000480    0.32180467
    0.03253837   -0.00000631    0.20564554    0.04890055   -0.00000952    0.32180467
    0.03253935   -0.00000934    0.20564554    0.04890203   -0.00001409    0.32180467
    0.03254071   -0.00001223    0.20564554    0.04890407   -0.00001844    0.32180467
    0.03254241   -0.00001491    0.20564554    0.04890663   -0.00002250    0.32180467
    0.03254444   -0.00001737    0.20564554    0.04890969   -0.00002621    0.32180467
    0.03254677   -0.00001955    0.20564554    0.04891318   -0.00002950    0.32180467
    0.03254934   -0.00002142    0.20564554    0.04891705   -0.00003232    0.32180467
    0.03255214   -0.00002296    0.20564554    0.04892124   -0.00003464    0.32180467
    0.03255510   -0.00002413    0.20564554    0.04892569   -0.00003641    0.32180467
    0.03255818   -0.00002492    0.20564554    0.04893033   -0.00003761    0.32180467
    0.03256134   -0.00002532    0.20564554    0.04893508   -0.00003821    0.32180467
    0.03256453   -0.00002532    0.20564554    0.04893987   -0.00003821    0.32180467
    0.03256769   -0.00002492    0.20564554    0.04894462   -0.00003761    0.32180467
    0.03257077   -0.00002413    0.20564554    0.04894925   -0.00003641    0.32180467
    0.03257374   -0.00002296    0.20564554    0.04895371   -0.00003464    0.32180467
    0.03257653   -0.00002142    0.20564554    0.04895790   -0.00003232    0.32180467
    0.03257910   -0.00001955    0.20564554    0.04896177   -0.00002950    0.32180467
    0.03258143   -0.00001737    0.20564554    0.04896526   -0.00002621    0.32180467
    0.03258346   -0.00001491    0.20564554    0.04896831   -0.00002250    0.32180467
    0.03258516   -0.00001223    0.20564554    0.04897088   -0.00001844    0.32180467
    0.03258652   -0.00000934    0.20564554    0.04897292   -0.00001409    0.32180467
    0.03258750   -0.00000631    0.20564554    0.04897440   -0.00000952    0.32180467
    0.03258810   -0.00000318    0.20564554    0.04897529   -0.00000480    0.32180467
    0.03258205   -0.00000001    0.20564697    0.04896620    0.00000000    0.32180690
    0.03258190    0.00000239    0.20564697    0.04896598    0.00000362    0.32180690
    0.03258145    0.00000475    0.20564697    0.04896530    0.00000718    0.32180690
    0.03258071    0.00000703    0.20564697    0.04896419    0.00001062    0.32180690
    0.03257969    0.00000920    0.20564697    0.04896265    0.00001390    0.32180690
    0.03257840    0.00001123    0.20564697    0.04896072    0.00001696    0.32180690
    0.03257687    0.00001308    0.20564697    0.04895842    0.00001975    0.32180690
    0.03257512    0.00001472    0.20564697    0.04895579    0.00002224    0.32180690
    0.03257318    0.00001613    0.20564697    0.04895287    0.00002437    0.32180690
    0.03257107    0.00001729    0.20564697    0.04894971    0.00002611    0.32180690
    0.03256884    0.00001817    0.20564697    0.04894635    0.00002744    0.32180690
    0.03256652    0.00001877    0.20564697    0.04894286    0.00002835    0.32180690
    0.03256414    0.00001907    0.20564697    0.04893928    0.00002880    0.32180690
    0.03256174    0.00001907    0.20564697    0.04893567    0.00002880    0.32180690
    0.03255935    0.00001877    0.20564697    0.04893209    0.00002835    0.32180690
    0.03255703    0.00001817    0.20564697    0.04892860    0.00002744    0.32180690
    0.03255480    0.00001729    0.20564697    0.04892524    0.00002611    0.32180690
    0.03255269    0.00001613    0.20564697    0.04892208    0.00002437    0.32180690
    0.03255075    0.00001472    0.20564697    0.04891916    0.00002224    0.32180690
    0.03254900    0.00001308    0.20564697    0.04891653    0.00001975    0.32180690
    0.03254747    0.00001123    0.20564697    0.04891423    0.00001696    0.32180690
    0.03254618    0.00000920    0.20564697    0.04891230    0.00001390    0.32180690
    0.03254516    0.00000703    0.20564697    0.04891076    0.00001062    0.32180690
    0.03254442    0.00000475    0.20564697    0.04890965    0.00000718    0.32180690
    0.03254397    0.00000239    0.20564697    0.04890897    0.00000362    0.32180690
    0.03254382   -0.00000001    0.20564697    0.04890875    0.00000000    0.32180690
    0.03254397   -0.00000240    0.20564697    0.04890897   -0.00000361    0.32180690
    0.03254442   -0.00000476    0.20564697    0.04890965   -0.00000717    0.32180690
    0.03254516   -0.00000704    0.20564697    0.04891076   -0.00001062    0.32180690
    0.03254618   -0.00000921    0.20564697    0.04891230   -0.00001390    0.32180690
    0.03254747   -0.00001124    0.20564697    0.04891423   -0.00001696    0.32180690
    0.03254900   -0.00001309    0.20564697    0.04891653   -0.00001975    0.32180690
    0.03255075   -0.00001473    0.20564697    0.04891916   -0.00002223    0.32180690
    0.03255269   -0.00001615    0.20564697    0.04892208   -0.00002436    0.32180690
    0.03255480   -0.00001730    0.20564697    0.04892524   -0.00002611    0.32180690
    0.03255703   -0.00001819    0.20564697    0.04892860   -0.00002744    0.32180690
    0.03255935   -0.00001878    0.20564697    0.04893209   -0.00002834    0.32180690
    0.03256174   -0.00001908    0.20564697    0.04893567   -0.00002879    0.32180690
    0.03256414   -0.00001908    0.20564697    0.04893928   -0.00002879    0.32180690
    0.03256652   -0.00001878    0.20564697    0.04894286   -0.00002834    0.32180690
    0.03256884   -0.00001819    0.20564697    0.04894635   -0.00002744    0.32180690
    0.03257107   -0.00001730    0.20564697    0.04894971   -0.00002611    0.32180690
    0.03257318   -0.00001615    0.20564697    0.04895287   -0.00002436    0.32180690
    0.03257512   -0.00001473    0.20564697    0.04895579   -0.00002223    0.32180690
    0.03257687   -0.00001309    0.20564697    0.04895842   -0.00001975    0.32180690
    0.03257840   -0.00001124    0.20564697    0.04896072   -0.00001696    0.32180690
    0.03257969   -0.00000921    0.20564697    0.04896265   -0.00001390    0.32180690
    0.03258071   -0.00000704    0.20564697    0.04896419   -0.00001062    0.32180690
    0.03258145   -0.00000476    0.20564697    0.04896530   -0.00000717    0.32180690
    0.03258190   -0.00000240    0.20564697    0.04896598   -0.00000361    0.32180690
    0.03257572   -0.00000001    0.20564799    0.04895669    0.00000000    0.32180850
    0.03257562    0.00000160    0.20564799    0.04895654    0.00000242    0.32180850
    0.03257532    0.00000317    0.20564799    0.04895609    0.00000480    0.32180850
    0.03257483    0.00000470    0.20564799    0.04895534    0.00000711    0.32180850
    0.03257414    0.00000616    0.20564799    0.04895432    0.00000930    0.32180850
    0.03257328    0.00000751    0.20564799    0.04895302    0.00001135    0.32180850
    0.03257226    0.00000875    0.20564799    0.04895148    0.00001322    0.32180850
    0.03257109    0.00000985    0.20564799    0.04894972    0.00001488    0.32180850
    0.03256979    0.00001079    0.20564799    0.04894777    0.00001630    0.32180850
    0.03256838    0.00001157    0.20564799    0.04894566    0.00001747    0.32180850
    0.03256689    0.00001216    0.20564799    0.04894341    0.00001836    0.32180850
    0.03256533    0.00001256    0.20564799    0.04894108    0.00001896    0.32180850
    0.03256374    0.00001276    0.20564799    0.04893868    0.00001927    0.32180850
    0.03256213    0.00001276    0.20564799    0.04893627    0.00001927    0.32180850
    0.03256054    0.00001256    0.20564799    0.04893387    0.00001896    0.32180850
    0.03255898    0.00001216    0.20564799    0.04893154    0.00001836    0.32180850
    0.03255749    0.00001157    0.20564799    0.04892929    0.00001747    0.32180850
    0.03255608    0.00001079    0.20564799    0.04892718    0.00001630    0.32180850
    0.03255478    0.00000985    0.20564799    0.04892522    0.00001488    0.32180850
    0.03255361    0.00000875    0.20564799    0.04892346    0.00001322    0.32180850
    0.03255259    0.00000751    0.20564799    0.04892193    0.00001135    0.32180850
    0.03255173    0.00000616    0.20564799    0.04892063    0.00000930    0.32180850
    0.03255105    0.00000470    0.20564799    0.04891961    0.00000711    0.32180850
    0.03255055    0.00000317    0.20564799    0.04891886    0.00000480    0.32180850
    0.03255025    0.00000160    0.20564799    0.04891841    0.00000242    0.32180850
    0.03255015   -0.00000001    0.20564799    0.04891826    0.00000000    0.32180850
    0.03255025   -0.00000161    0.20564799    0.04891841   -0.00000242    0.32180850
    0.03255055   -0.00000319    0.20564799    0.04891886   -0.00000480    0.32180850
    0.03255105   -0.00000471    0.20564799    0.04891961   -0.00000710    0.32180850
    0.03255173   -0.00000617    0.20564799    0.04892063   -0.00000930    0.32180850
    0.03255259   -0.00000752    0.20564799    0.04892193   -0.00001134    0.32180850
    0.03255361   -0.00000876    0.20564799    0.04892346   -0.00001321    0.32180850
    0.03255478   -0.00000986    0.20564799    0.04892522   -0.00001487    0.32180850
    0.03255608   -0.00001080    0.20564799    0.04892718   -0.00001629    0.32180850
    0.03255749   -0.00001158    0.20564799    0.04892929   -0.00001746    0.32180850
    0.03255898   -0.00001217    0.20564799    0.04893154   -0.00001836    0.32180850
    0.03256054   -0.00001257    0.20564799    0.04893387   -0.00001896    0.32180850
    0.03256213   -0.00001277    0.20564799    0.04893627   -0.00001926    0.32180850
    0.03256374   -0.00001277    0.20564799    0.04893868   -0.00001926    0.32180850
    0.03256533   -0.00001257    0.20564799    0.04894108   -0.00001896    0.32180850
    0.03256689   -0.00001217    0.20564799    0.04894341   -0.00001836    0.32180850
    0.03256838   -0.00001158    0.20564799    0.04894566   -0.00001746    0.32180850
    0.03256979   -0.00001080    0.20564799    0.04894777   -0.00001629    0.32180850
    0.03257109   -0.00000986    0.20564799    0.04894972   -0.00001487    0.32180850
    0.03257226   -0.00000876    0.20564799    0.04895148   -0.00001321    0.32180850
    0.03257328   -0.00000752    0.20564799    0.04895302   -0.00001134    0.32180850
    0.03257414   -0.00000617    0.20564799    0.04895432   -0.00000930    0.32180850
    0.03257483   -0.00000471    0.20564799    0.04895534   -0.00000710    0.32180850
    0.03257532   -0.00000319    0.20564799    0.04895609   -0.00000480    0.32180850
    0.03257562   -0.00000161    0.20564799    0.04895654   -0.00000242    0.32180850
    0.03256934   -0.00000001    0.20564861    0.04894710    0.00000000    0.32180946
    0.03256929    0.00000080    0.20564861    0.04894703    0.00000121    0.32180946
    0.03256914    0.00000159    0.20564861    0.04894680    0.00000241    0.32180946
    0.03256889    0.00000235    0.20564861    0.04894643    0.00000356    0.32180946
    0.03256855    0.00000308    0.20564861    0.04894591    0.00000466    0.32180946
    0.03256812    0.00000376    0.20564861    0.04894526    0.00000569    0.32180946
    0.03256761    0.00000438    0.20564861    0.04894449    0.00000662    0.32180946
    0.03256702    0.00000493    0.20564861    0.04894361    0.00000745    0.32180946
    0.03256637    0.00000540    0.20564861    0.04894263    0.00000817    0.32180946
    0.03256566    0.00000579    0.20564861    0.04894157    0.00000875    0.32180946
    0.03256492    0.00000609    0.20564861    0.04894045    0.00000920    0.32180946
    0.03256414    0.00000629    0.20564861    0.04893928    0.00000950    0.32180946
    0.03256334    0.00000639    0.20564861    0.04893808    0.00000965    0.32180946
    0.03256253    0.00000639    0.20564861    0.04893687    0.00000965    0.32180946
    0.03256173    0.00000629    0.20564861    0.04893567    0.00000950    0.32180946
    0.03256096    0.00000609    0.20564861    0.04893450    0.00000920    0.32180946
    0.03256021    0.00000579    0.20564861    0.04893337    0.00000875    0.32180946
    0.03255950    0.00000540    0.20564861    0.04893231    0.00000817    0.32180946
    0.03255885    0.00000493    0.20564861    0.04893134    0.00000745    0.32180946
    0.03255826    0.00000438    0.20564861    0.04893046    0.00000662    0.32180946
    0.03255775    0.00000376    0.20564861    0.04892968    0.00000569    0.32180946
    0.03255732    0.00000308    0.20564861    0.04892904    0.00000466    0.32180946
    0.03255698    0.00000235    0.20564861    0.04892852    0.00000356    0.32180946
    0.03255673    0.00000159    0.20564861    0.04892815    0.00000241    0.32180946
    0.03255658    0.00000080    0.20564861    0.04892792    0.00000121    0.32180946
    0.03255653   -0.00000001    0.20564861    0.04892785    0.00000000    0.32180946
    0.03255658   -0.00000081    0.20564861    0.04892792   -0.00000121    0.32180946
    0.03255673   -0.00000160    0.20564861    0.04892815   -0.00000240    0.32180946
    0.03255698   -0.00000236    0.20564861    0.04892852   -0.00000356    0.32180946
    0.03255732   -0.00000309    0.20564861    0.04892904   -0.00000466    0.32180946
    0.03255775   -0.00000377    0.20564861    0.04892968   -0.00000568    0.32180946
    0.03255826   -0.00000439    0.20564861    0.04893046   -0.00000662    0.32180946
    0.03255885   -0.00000494    0.20564861    0.04893134   -0.00000745    0.32180946
    0.03255950   -0.00000541    0.20564861    0.04893231   -0.00000816    0.32180946
    0.03256021   -0.00000580    0.20564861    0.04893337   -0.00000875    0.32180946
    0.03256096   -0.00000610    0.20564861    0.04893450   -0.00000920    0.32180946
    0.03256173   -0.00000630    0.20564861    0.04893567   -0.00000950    0.32180946
    0.03256253   -0.00000640    0.20564861    0.04893687   -0.00000965    0.32180946
    0.03256334   -0.00000640    0.20564861    0.04893808   -0.00000965    0.32180946
    0.03256414   -0.00000630    0.20564861    0.04893928   -0.00000950    0.32180946
    0.03256492   -0.00000610    0.20564861    0.04894045   -0.00000920    0.32180946
    0.03256566   -0.00000580    0.20564861    0.04894157   -0.00000875    0.32180946
    0.03256637   -0.00000541    0.20564861    0.04894263   -0.00000816    0.32180946
    0.03256702   -0.00000494    0.20564861    0.04894361   -0.00000745    0.32180946
    0.03256761   -0.00000439    0.20564861    0.04894449   -0.00000662    0.32180946
    0.03256812   -0.00000377    0.20564861    0.04894526   -0.00000568    0.32180946
    0.03256855   -0.00000309    0.20564861    0.04894591   -0.00000466    0.32180946
    0.03256889   -0.00000236    0.20564861    0.04894643   -0.00000356    0.32180946
    0.03256914   -0.00000160    0.20564861    0.04894680   -0.00000240    0.32180946
    0.03256929   -0.00000081    0.20564861    0.04894703   -0.00000121    0.32180946
    0.03256358   -0.00000001    0.20564881    0.04893844    0.00000000    0.32180978
    0.03256357    0.00000008    0.20564881    0.04893843    0.00000012    0.32180978
    0.03256356    0.00000015    0.20564881    0.04893841    0.00000024    0.32180978
    0.03256353    0.00000023    0.20564881    0.04893837    0.00000036    0.32180978
    0.03256350    0.00000030    0.20564881    0.04893832    0.00000047    0.32180978
    0.03256345    0.00000037    0.20564881    0.04893825    0.00000057    0.32180978
    0.03256340    0.00000043    0.20564881    0.04893818    0.00000067    0.32180978
    0.03256334    0.00000049    0.20564881    0.04893809    0.00000075    0.32180978
    0.03256328    0.00000054    0.20564881    0.04893799    0.00000082    0.32180978
    0.03256321    0.00000057    0.20564881    0.04893788    0.00000088    0.32180978
    0.03256313    0.00000060    0.20564881    0.04893777    0.00000092    0.32180978
    0.03256306    0.00000062    0.20564881    0.04893765    0.00000095    0.32180978
    0.03256298    0.00000063    0.20564881    0.04893753    0.00000097    0.32180978
    0.03256290    0.00000063    0.20564881    0.04893741    0.00000097    0.32180978
    0.03256282    0.00000062    0.20564881    0.04893729    0.00000095    0.32180978
    0.03256274    0.00000060    0.20564881    0.04893718    0.00000092    0.32180978
    0.03256266    0.00000057    0.20564881    0.04893706    0.00000088    0.32180978
    0.03256259    0.00000054    0.20564881    0.04893696    0.00000082    0.32180978
    0.03256253    0.00000049    0.20564881    0.04893686    0.00000075    0.32180978
    0.03256247    0.00000043    0.20564881    0.04893677    0.00000067    0.32180978
    0.03256242    0.00000037    0.20564881    0.04893669    0.00000057    0.32180978
    0.03256237    0.00000030    0.20564881    0.04893663    0.00000047    0.32180978
    0.03256234    0.00000023    0.20564881    0.04893658    0.00000036    0.32180978
    0.03256231    0.00000015    0.20564881    0.04893654    0.00000024    0.32180978
    0.03256230    0.00000008    0.20564881    0.04893652    0.00000012    0.32180978
    0.03256229   -0.00000001    0.20564881    0.04893651    0.00000000    0.32180978
    0.03256230   -0.00000009    0.20564881    0.04893652   -0.00000012    0.32180978
    0.03256231   -0.00000016    0.20564881    0.04893654   -0.00000024    0.32180978
    0.03256234   -0.00000024    0.20564881    0.04893658   -0.00000035    0.32180978
    0.03256237   -0.00000031    0.20564881    0.04893663   -0.00000046    0.32180978
    0.03256242   -0.00000038    0.20564881    0.04893669   -0.00000057    0.32180978
    0.03256247   -0.00000044    0.20564881    0.04893677   -0.00000066    0.32180978
    0.03256253   -0.00000050    0.20564881    0.04893686   -0.00000074    0.32180978
    0.03256259   -0.00000055    0.20564881    0.04893696   -0.00000081    0.32180978
    0.03256266   -0.00000059    0.20564881    0.04893706   -0.00000087    0.32180978
    0.03256274   -0.00000062    0.20564881    0.04893718   -0.00000092    0.32180978
    0.03256282   -0.00000064    0.20564881    0.04893729   -0.00000095    0.32180978
    0.03256290   -0.00000065    0.20564881    0.04893741   -0.00000096    0.32180978
    0.03256298   -0.00000065    0.20564881    0.04893753   -0.00000096    0.32180978
    0.03256306   -0.00000064    0.20564881    0.04893765   -0.00000095    0.32180978
    0.03256313   -0.00000062    0.20564881    0.04893777   -0.00000092    0.32180978
    0.03256321   -0.00000059    0.20564881    0.04893788   -0.00000087    0.32180978
    0.03256328   -0.00000055    0.20564881    0.04893799   -0.00000081    0.32180978
    0.03256334   -0.00000050    0.20564881    0.04893809   -0.00000074    0.32180978
    0.03256340   -0.00000044    0.20564881    0.04893818   -0.00000066    0.32180978
    0.03256345   -0.00000038    0.20564881    0.04893825   -0.00000057    0.32180978
    0.03256350   -0.00000031    0.20564881    0.04893832   -0.00000046    0.32180978
    0.03256353   -0.00000024    0.20564881    0.04893837   -0.00000035    0.32180978
    0.03256356   -0.00000016    0.20564881    0.04893841   -0.00000024    0.32180978
    0.03256357   -0.00000009    0.20564881    0.04893843   -0.00000012    0.32180978
