    0.04279541   -0.00000004    0.08317500    0.06377272   -0.00000005    0.12926259
    0.04279540    0.00000004    0.08317500    0.06377271    0.00000007    0.12926259
    0.04279539    0.00000012    0.08317500    0.06377269    0.00000019    0.12926259
    0.04279536    0.00000020    0.08317500    0.06377265    0.00000030    0.12926259
    0.04279533    0.00000027    0.08317500    0.06377260    0.00000041    0.12926259
    0.04279528    0.00000034    0.08317500    0.06377254    0.00000052    0.12926259
    0.04279523    0.00000040    0.08317500    0.06377246    0.00000061    0.12926259
    0.04279517    0.00000046    0.08317500    0.06377237    0.00000069    0.12926259
    0.04279511    0.00000051    0.08317500    0.06377227    0.00000077    0.12926259
    0.04279504    0.00000054    0.08317500    0.06377217    0.00000083    0.12926259
    0.04279496    0.00000057    0.08317500    0.06377206    0.00000087    0.12926259
    0.04279489    0.00000059    0.08317500    0.06377194    0.00000090    0.12926259
    0.04279481    0.00000060    0.08317500    0.06377182    0.00000092    0.12926259
    0.04279473    0.00000060    0.08317500    0.06377170    0.00000092    0.12926259
    0.04279465    0.00000059    0.08317500    0.06377158    0.00000090    0.12926259
    0.04279457    0.00000057    0.08317500    0.06377147    0.00000087    0.12926259
    0.04279449    0.00000054    0.08317500    0.06377136    0.00000083    0.12926259
    0.04279442    0.00000051    0.08317500    0.06377125    0.00000077    0.12926259
    0.04279436    0.00000046    0.08317500    0.06377115    0.00000069    0.12926259
    0.04279430    0.00000040    0.08317500    0.06377107    0.00000061    0.12926259
    0.04279425    0.00000034    0.08317500    0.06377099    0.00000052    0.12926259
    0.04279420    0.00000027    0.08317500    0.06377093    0.00000041    0.12926259
    0.04279417    0.00000020    0.08317500    0.06377087    0.00000030    0.12926259
    0.04279414    0.00000012    0.08317500    0.06377084    0.00000019    0.12926259
    0.04279413    0.00000004    0.08317500    0.06377081    0.00000007    0.12926259
    0.04279412   -0.00000004    0.08317500    0.06377081   -0.00000005    0.12926259
    0.04279413   -0.00000012    0.08317500    0.06377081   -0.00000018    0.12926259
    0.04279414   -0.00000020    0.08317500    0.06377084   -0.00000030    0.12926259
    0.04279417   -0.00000027    0.08317500    0.06377087   -0.00000041    0.12926259
    0.04279420   -0.00000034    0.08317500    0.06377093   -0.00000052    0.12926259
    0.04279425   -0.00000041    0.08317500    0.06377099   -0.00000063    0.12926259
    0.04279430   -0.00000048    0.08317500    0.06377107   -0.00000072    0.12926259
    0.04279436   -0.00000053    0.08317500    0.06377115   -0.00000080    0.12926259
    0.04279442   -0.00000058    0.08317500    0.06377125   -0.00000088    0.12926259
    0.04279449   -0.00000062    0.08317500    0.06377136   -0.00000093    0.12926259
    0.04279457   -0.00000065    0.08317500    0.06377147   -0.00000098    0.12926259
    0.04279465   -0.00000067    0.08317500    0.06377158   -0.00000101    0.12926259
    0.04279473   -0.00000068    0.08317500    0.06377170   -0.00000103    0.12926259
    0.04279481   -0.00000068    0.08317500    0.06377182   -0.00000103    0.12926259
    0.04279489   -0.00000067    0.08317500    0.06377194   -0.00000101    0.12926259
    0.04279496   -0.00000065    0.08317500    0.06377206   -0.00000098    0.12926259
    0.04279504   -0.00000062    0.08317500    0.06377217   -0.00000093    0.12926259
    0.04279511   -0.00000058    0.08317500    0.06377227   -0.00000088    0.12926259
    0.04279517   -0.00000053    0.08317500    0.06377237   -0.00000080    0.12926259
    0.04279523   -0.00000048    0.08317500    0.06377246   -0.00000072    0.12926259
    0.04279528   -0.00000041    0.08317500    0.06377254   -0.00000063    0.12926259
    0.04279533   -0.00000034    0.08317500    0.06377260   -0.00000052    0.12926259
    0.04279536   -0.00000027    0.08317500    0.06377265   -0.00000041    0.12926259
    0.04279539   -0.00000020    0.08317500    0.06377269   -0.00000030    0.12926259
    0.04279540   -0.00000012    0.08317500    0.06377271   -0.00000018    0.12926259
    0.04280117   -0.00000004    0.08317520    0.06378131   -0.00000005    0.12926291
    0.04280112    0.00000077    0.08317520    0.06378124    0.00000116    0.12926291
    0.04280097    0.00000156    0.08317520    0.06378101    0.00000236    0.12926291
    0.04280072    0.00000232    0.08317520    0.06378064    0.00000352    0.12926291
    0.04280038    0.00000305    0.08317520    0.06378013    0.00000463    0.12926291
    0.04279995    0.00000373    0.08317520    0.06377949    0.00000566    0.12926291
    0.04279944    0.00000435    0.08317520    0.06377872    0.00000660    0.12926291
    0.04279885    0.00000490    0.08317520    0.06377785    0.00000744    0.12926291
    0.04279820    0.00000537    0.08317520    0.06377688    0.00000815    0.12926291
    0.04279749    0.00000576    0.08317520    0.06377583    0.00000874    0.12926291
    0.04279675    0.00000606    0.08317520    0.06377471    0.00000919    0.12926291
    0.04279597    0.00000626    0.08317520    0.06377355    0.00000949    0.12926291
    0.04279517    0.00000636    0.08317520    0.06377236    0.00000965    0.12926291
    0.04279436    0.00000636    0.08317520    0.06377116    0.00000965    0.12926291
    0.04279357    0.00000626    0.08317520    0.06376997    0.00000949    0.12926291
    0.04279279    0.00000606    0.08317520    0.06376881    0.00000919    0.12926291
    0.04279204    0.00000576    0.08317520    0.06376770    0.00000874    0.12926291
    0.04279133    0.00000537    0.08317520    0.06376665    0.00000815    0.12926291
    0.04279068    0.00000490    0.08317520    0.06376568    0.00000744    0.12926291
    0.04279010    0.00000435    0.08317520    0.06376480    0.00000660    0.12926291
    0.04278958    0.00000373    0.08317520    0.06376404    0.00000566    0.12926291
    0.04278915    0.00000305    0.08317520    0.06376340    0.00000463    0.12926291
    0.04278881    0.00000232    0.08317520    0.06376289    0.00000352    0.12926291
    0.04278856    0.00000156    0.08317520    0.06376252    0.00000236    0.12926291
    0.04278841    0.00000077    0.08317520    0.06376229    0.00000116    0.12926291
    0.04278836   -0.00000004    0.08317520    0.06376222   -0.00000005    0.12926291
    0.04278841   -0.00000084    0.08317520    0.06376229   -0.00000127    0.12926291
    0.04278856   -0.00000163    0.08317520    0.06376252   -0.00000247    0.12926291
    0.04278881   -0.00000239    0.08317520    0.06376289   -0.00000363    0.12926291
    0.04278915   -0.00000312    0.08317520    0.06376340   -0.00000474    0.12926291
    0.04278958   -0.00000380    0.08317520    0.06376404   -0.00000577    0.12926291
    0.04279010   -0.00000442    0.08317520    0.06376480   -0.00000671    0.12926291
    0.04279068   -0.00000497    0.08317520    0.06376568   -0.00000754    0.12926291
    0.04279133   -0.00000545    0.08317520    0.06376665   -0.00000826    0.12926291
    0.04279204   -0.00000583    0.08317520    0.06376770   -0.00000885    0.12926291
    0.04279279   -0.00000613    0.08317520    0.06376881   -0.00000930    0.12926291
    0.04279357   -0.00000633    0.08317520    0.06376997   -0.00000960    0.12926291
    0.04279436   -0.00000643    0.08317520    0.06377116   -0.00000976    0.12926291
    0.04279517   -0.00000643    0.08317520    0.06377236   -0.00000976    0.12926291
    0.04279597   -0.00000633    0.08317520    0.06377355   -0.00000960    0.12926291
    0.04279675   -0.00000613    0.08317520    0.06377471   -0.00000930    0.12926291
    0.04279749   -0.00000583    0.08317520    0.06377583   -0.00000885    0.12926291
    0.04279820   -0.00000545    0.08317520    0.06377688   -0.00000826    0.12926291
    0.04279885   -0.00000497    0.08317520    0.06377785   -0.00000754    0.12926291
    0.04279944   -0.00000442    0.08317520    0.06377872   -0.00000671    0.12926291
    0.04279995   -0.00000380    0.08317520    0.06377949   -0.00000577    0.12926291
    0.04280038   -0.00000312    0.08317520    0.06378013   -0.00000474    0.12926291
    0.04280072   -0.00000239    0.08317520    0.06378064   -0.00000363    0.12926291
    0.04280097   -0.00000163    0.08317520    0.06378101   -0.00000247    0.12926291
    0.04280112   -0.00000084    0.08317520    0.06378124   -0.00000127    0.12926291
    0.04280755   -0.00000004    0.08317582    0.06379082   -0.00000005    0.12926386
    0.04280745    0.00000157    0.08317582    0.06379067    0.00000238    0.12926386
    0.04280715    0.00000314    0.08317582    0.06379022    0.00000477    0.12926386
    0.04280666    0.00000467    0.08317582    0.06378948    0.00000709    0.12926386
    0.04280597    0.00000612    0.08317582    0.06378846    0.00000929    0.12926386
    0.04280511    0.00000748    0.08317582    0.06378718    0.00001135    0.12926386
    0.04280409    0.00000872    0.08317582    0.06378565    0.00001323    0.12926386
    0.04280292    0.00000982    0.08317582    0.06378391    0.00001489    0.12926386
    0.04280162    0.00001076    0.08317582    0.06378197    0.00001633    0.12926386
    0.04280021    0.00001153    0.08317582    0.06377988    0.00001750    0.12926386
    0.04279872    0.00001213    0.08317582    0.06377765    0.00001840    0.12926386
    0.04279716    0.00001253    0.08317582    0.06377533    0.00001900    0.12926386
    0.04279557    0.00001273    0.08317582    0.06377296    0.00001931    0.12926386
    0.04279396    0.00001273    0.08317582    0.06377057    0.00001931    0.12926386
    0.04279237    0.00001253    0.08317582    0.06376819    0.00001900    0.12926386
    0.04279081    0.00001213    0.08317582    0.06376587    0.00001840    0.12926386
    0.04278932    0.00001153    0.08317582    0.06376365    0.00001750    0.12926386
    0.04278791    0.00001076    0.08317582    0.06376155    0.00001633    0.12926386
    0.04278661    0.00000982    0.08317582    0.06375962    0.00001489    0.12926386
    0.04278544    0.00000872    0.08317582    0.06375787    0.00001323    0.12926386
    0.04278442    0.00000748    0.08317582    0.06375635    0.00001135    0.12926386
    0.04278356    0.00000612    0.08317582    0.06375506    0.00000929    0.12926386
    0.04278288    0.00000467    0.08317582    0.06375405    0.00000709    0.12926386
    0.04278238    0.00000314    0.08317582    0.06375331    0.00000477    0.12926386
    0.04278208    0.00000157    0.08317582    0.06375286    0.00000238    0.12926386
    0.04278198   -0.00000004    0.08317582    0.06375271   -0.00000005    0.12926386
    0.04278208   -0.00000164    0.08317582    0.06375286   -0.00000249    0.12926386
    0.04278238   -0.00000322    0.08317582    0.06375331   -0.00000488    0.12926386
    0.04278288   -0.00000474    0.08317582    0.06375405   -0.00000720    0.12926386
    0.04278356   -0.00000620    0.08317582    0.06375506   -0.00000940    0.12926386
    0.04278442   -0.00000755    0.08317582    0.06375635   -0.00001146    0.12926386
    0.04278544   -0.00000879    0.08317582    0.06375787   -0.00001334    0.12926386
    0.04278661   -0.00000989    0.08317582    0.06375962   -0.00001500    0.12926386
    0.04278791   -0.00001083    0.08317582    0.06376155   -0.00001644    0.12926386
    0.04278932   -0.00001161    0.08317582    0.06376365   -0.00001761    0.12926386
    0.04279081   -0.00001220    0.08317582    0.06376587   -0.00001851    0.12926386
    0.04279237   -0.00001260    0.08317582    0.06376819   -0.00001911    0.12926386
    0.04279396   -0.00001280    0.08317582    0.06377057   -0.00001942    0.12926386
    0.04279557   -0.00001280    0.08317582    0.06377296   -0.00001942    0.12926386
    0.04279716   -0.00001260    0.08317582    0.06377533   -0.00001911    0.12926386
    0.04279872   -0.00001220    0.08317582    0.06377765   -0.00001851    0.12926386
    0.04280021   -0.00001161    0.08317582    0.06377988   -0.00001761    0.12926386
    0.04280162   -0.00001083    0.08317582    0.06378197   -0.00001644    0.12926386
    0.04280292   -0.00000989    0.08317582    0.06378391   -0.00001500    0.12926386
    0.04280409   -0.00000879    0.08317582    0.06378565   -0.00001334    0.12926386
    0.04280511   -0.00000755    0.08317582    0.06378718   -0.00001146    0.12926386
    0.04280597   -0.00000620    0.08317582    0.06378846   -0.00000940    0.12926386
    0.04280666   -0.00000474    0.08317582    0.06378948   -0.00000720    0.12926386
    0.04280715   -0.00000322    0.08317582    0.06379022   -0.00000488    0.12926386
    0.04280745   -0.00000164    0.08317582    0.06379067   -0.00000249    0.12926386
    0.04281388   -0.00000004    0.08317684    0.06380025   -0.00000005    0.12926545
    0.04281373    0.00000236    0.08317684    0.06380002    0.00000358    0.12926545
    0.04281328    0.00000472    0.08317684    0.06379935    0.00000716    0.12926545
    0.04281254    0.00000700    0.08317684    0.06379825    0.00001062    0.12926545
    0.04281152    0.00000917    0.08317684    0.06379673    0.00001392    0.12926545
    0.04281023    0.00001120    0.08317684    0.06379481    0.00001699    0.12926545
    0.04280870    0.00001305    0.08317684    0.06379253    0.00001980    0.12926545
    0.04280695    0.00001469    0.08317684    0.06378992    0.00002229    0.12926545
    0.04280501    0.00001610    0.08317684    0.06378703    0.00002443    0.12926545
    0.04280290    0.00001726    0.08317684    0.06378389    0.00002619    0.12926545
    0.04280067    0.00001814    0.08317684    0.06378057    0.00002753    0.12926545
    0.04279835    0.00001874    0.08317684    0.06377710    0.00002843    0.12926545
    0.04279597    0.00001904    0.08317684    0.06377355    0.00002889    0.12926545
    0.04279357    0.00001904    0.08317684    0.06376997    0.00002889    0.12926545
    0.04279118    0.00001874    0.08317684    0.06376643    0.00002843    0.12926545
    0.04278886    0.00001814    0.08317684    0.06376296    0.00002753    0.12926545
    0.04278663    0.00001726    0.08317684    0.06375963    0.00002619    0.12926545
    0.04278452    0.00001610    0.08317684    0.06375650    0.00002443    0.12926545
    0.04278258    0.00001469    0.08317684    0.06375361    0.00002229    0.12926545
    0.04278083    0.00001305    0.08317684    0.06375100    0.00001980    0.12926545
    0.04277930    0.00001120    0.08317684    0.06374872    0.00001699    0.12926545
    0.04277801    0.00000917    0.08317684    0.06374680    0.00001392    0.12926545
    0.04277699    0.00000700    0.08317684    0.06374528    0.00001062    0.12926545
    0.04277625    0.00000472    0.08317684    0.06374417    0.00000716    0.12926545
    0.04277580    0.00000236    0.08317684    0.06374350    0.00000358    0.12926545
    0.04277565   -0.00000004    0.08317684    0.06374328   -0.00000005    0.12926545
    0.04277580   -0.00000243    0.08317684    0.06374350   -0.00000369    0.12926545
    0.04277625   -0.00000479    0.08317684    0.06374417   -0.00000727    0.12926545
    0.04277699   -0.00000707    0.08317684    0.06374528   -0.00001073    0.12926545
    0.04277801   -0.00000925    0.08317684    0.06374680   -0.00001403    0.12926545
    0.04277930   -0.00001127    0.08317684    0.06374872   -0.00001710    0.12926545
    0.04278083   -0.00001312    0.08317684    0.06375100   -0.00001991    0.12926545
    0.04278258   -0.00001477    0.08317684    0.06375361   -0.00002240    0.12926545
    0.04278452   -0.00001618    0.08317684    0.06375650   -0.00002454    0.12926545
    0.04278663   -0.00001733    0.08317684    0.06375963   -0.00002630    0.12926545
    0.04278886   -0.00001822    0.08317684    0.06376296   -0.00002764    0.12926545
    0.04279118   -0.00001881    0.08317684    0.06376643   -0.00002854    0.12926545
    0.04279357   -0.00001911    0.08317684    0.06376997   -0.00002900    0.12926545
    0.04279597   -0.00001911    0.08317684    0.06377355   -0.00002900    0.12926545
    0.04279835   -0.00001881    0.08317684    0.06377710   -0.00002854    0.12926545
    0.04280067   -0.00001822    0.08317684    0.06378057   -0.00002764    0.12926545
    0.04280290   -0.00001733    0.08317684    0.06378389   -0.00002630    0.12926545
    0.04280501   -0.00001618    0.08317684    0.06378703   -0.00002454    0.12926545
    0.04280695   -0.00001477    0.08317684    0.06378992   -0.00002240    0.12926545
    0.04280870   -0.00001312    0.08317684    0.06379253   -0.00001991    0.12926545
    0.04281023   -0.00001127    0.08317684    0.06379481   -0.00001710    0.12926545
    0.04281152   -0.00000925    0.08317684    0.06379673   -0.00001403    0.12926545
    0.04281254   -0.00000707    0.08317684    0.06379825   -0.00001073    0.12926545
    0.04281328   -0.00000479    0.08317684    0.06379935   -0.00000727    0.12926545
    0.04281373   -0.00000243    0.08317684    0.06380002   -0.00000369    0.12926545
    0.04282013   -0.00000004    0.08317827    0.06380956   -0.00000005    0.12926767
    0.04281993    0.00000314    0.08317827    0.06380926    0.00000477    0.12926767
    0.04281933    0.00000627    0.08317827    0.06380837    0.00000952    0.12926767
    0.04281835    0.00000930    0.08317827    0.06380691    0.00001411    0.12926767
    0.04281699    0.00001218    0.08317827    0.06380489    0.00001849    0.12926767
    0.04281529    0.00001487    0.08317827    0.06380234    0.00002257    0.12926767
    0.04281326    0.00001733    0.08317827    0.06379932    0.00002629    0.12926767
    0.04281093    0.00001951    0.08317827    0.06379586    0.00002960    0.12926767
    0.04280836    0.00002138    0.08317827    0.06379202    0.00003244    0.12926767
    0.04280557    0.00002292    0.08317827    0.06378786    0.00003477    0.12926767
    0.04280260    0.00002409    0.08317827    0.06378344    0.00003655    0.12926767
    0.04279952    0.00002488    0.08317827    0.06377885    0.00003775    0.12926767
    0.04279636    0.00002528    0.08317827    0.06377414    0.00003835    0.12926767
    0.04279317    0.00002528    0.08317827    0.06376939    0.00003835    0.12926767
    0.04279001    0.00002488    0.08317827    0.06376468    0.00003775    0.12926767
    0.04278693    0.00002409    0.08317827    0.06376008    0.00003655    0.12926767
    0.04278397    0.00002292    0.08317827    0.06375567    0.00003477    0.12926767
    0.04278117    0.00002138    0.08317827    0.06375151    0.00003244    0.12926767
    0.04277860    0.00001951    0.08317827    0.06374767    0.00002960    0.12926767
    0.04277628    0.00001733    0.08317827    0.06374421    0.00002629    0.12926767
    0.04277424    0.00001487    0.08317827    0.06374118    0.00002257    0.12926767
    0.04277254    0.00001218    0.08317827    0.06373864    0.00001849    0.12926767
    0.04277118    0.00000930    0.08317827    0.06373662    0.00001411    0.12926767
    0.04277020    0.00000627    0.08317827    0.06373515    0.00000952    0.12926767
    0.04276960    0.00000314    0.08317827    0.06373426    0.00000477    0.12926767
    0.04276940   -0.00000004    0.08317827    0.06373396   -0.00000005    0.12926767
    0.04276960   -0.00000322    0.08317827    0.06373426   -0.00000488    0.12926767
    0.04277020   -0.00000634    0.08317827    0.06373515   -0.00000963    0.12926767
    0.04277118   -0.00000937    0.08317827    0.06373662   -0.00001422    0.12926767
    0.04277254   -0.00001226    0.08317827    0.06373864   -0.00001859    0.12926767
    0.04277424   -0.00001495    0.08317827    0.06374118   -0.00002268    0.12926767
    0.04277628   -0.00001740    0.08317827    0.06374421   -0.00002640    0.12926767
    0.04277860   -0.00001958    0.08317827    0.06374767   -0.00002971    0.12926767
    0.04278117   -0.00002145    0.08317827    0.06375151   -0.00003255    0.12926767
    0.04278397   -0.00002299    0.08317827    0.06375567   -0.00003488    0.12926767
    0.04278693   -0.00002416    0.08317827    0.06376008   -0.00003666    0.12926767
    0.04279001   -0.00002495    0.08317827    0.06376468   -0.00003786    0.12926767
    0.04279317   -0.00002535    0.08317827    0.06376939   -0.00003846    0.12926767
    0.04279636   -0.00002535    0.08317827    0.06377414   -0.00003846    0.12926767
    0.04279952   -0.00002495    0.08317827    0.06377885   -0.00003786    0.12926767
    0.04280260   -0.00002416    0.08317827    0.06378344   -0.00003666    0.12926767
    0.04280557   -0.00002299    0.08317827    0.06378786   -0.00003488    0.12926767
    0.04280836   -0.00002145    0.08317827    0.06379202   -0.00003255    0.12926767
    0.04281093   -0.00001958    0.08317827    0.06379586   -0.00002971    0.12926767
    0.04281326   -0.00001740    0.08317827    0.06379932   -0.00002640    0.12926767
    0.04281529   -0.00001495    0.08317827    0.06380234   -0.00002268    0.12926767
    0.04281699   -0.00001226    0.08317827    0.06380489   -0.00001859    0.12926767
    0.04281835   -0.00000937    0.08317827    0.06380691   -0.00001422    0.12926767
    0.04281933   -0.00000634    0.08317827    0.06380837   -0.00000963    0.12926767
    0.04281993   -0.00000322    0.08317827    0.06380926   -0.00000488    0.12926767
    0.04282628   -0.00000004    0.08318009    0.06381872   -0.00000005    0.12927050
    0.04282603    0.00000391    0.08318009    0.06381835    0.00000594    0.12927050
    0.04282529    0.00000780    0.08318009    0.06381724    0.00001183    0.12927050
    0.04282406    0.00001156    0.08318009    0.06381542    0.00001754    0.12927050
    0.04282238    0.00001514    0.08318009    0.06381291    0.00002298    0.12927050
    0.04282026    0.00001849    0.08318009    0.06380975    0.00002805    0.12927050
    0.04281774    0.00002153    0.08318009    0.06380599    0.00003267    0.12927050
    0.04281485    0.00002424    0.08318009    0.06380169    0.00003678    0.12927050
    0.04281165    0.00002657    0.08318009    0.06379692    0.00004031    0.12927050
    0.04280818    0.00002848    0.08318009    0.06379176    0.00004320    0.12927050
    0.04280450    0.00002993    0.08318009    0.06378627    0.00004541    0.12927050
    0.04280067    0.00003092    0.08318009    0.06378056    0.00004691    0.12927050
    0.04279674    0.00003141    0.08318009    0.06377471    0.00004766    0.12927050
    0.04279279    0.00003141    0.08318009    0.06376881    0.00004766    0.12927050
    0.04278886    0.00003092    0.08318009    0.06376296    0.00004691    0.12927050
    0.04278503    0.00002993    0.08318009    0.06375725    0.00004541    0.12927050
    0.04278135    0.00002848    0.08318009    0.06375177    0.00004320    0.12927050
    0.04277788    0.00002657    0.08318009    0.06374660    0.00004031    0.12927050
    0.04277468    0.00002424    0.08318009    0.06374183    0.00003678    0.12927050
    0.04277180    0.00002153    0.08318009    0.06373753    0.00003267    0.12927050
    0.04276927    0.00001849    0.08318009    0.06373377    0.00002805    0.12927050
    0.04276715    0.00001514    0.08318009    0.06373061    0.00002298    0.12927050
    0.04276547    0.00001156    0.08318009    0.06372810    0.00001754    0.12927050
    0.04276424    0.00000780    0.08318009    0.06372628    0.00001183    0.12927050
    0.04276350    0.00000391    0.08318009    0.06372518    0.00000594    0.12927050
    0.04276325   -0.00000004    0.08318009    0.06372481   -0.00000005    0.12927050
    0.04276350   -0.00000399    0.08318009    0.06372518   -0.00000605    0.12927050
    0.04276424   -0.00000787    0.08318009    0.06372628   -0.00001194    0.12927050
    0.04276547   -0.00001164    0.08318009    0.06372810   -0.00001765    0.12927050
    0.04276715   -0.00001522    0.08318009    0.06373061   -0.00002309    0.12927050
    0.04276927   -0.00001856    0.08318009    0.06373377   -0.00002816    0.12927050
    0.04277180   -0.00002161    0.08318009    0.06373753   -0.00003278    0.12927050
    0.04277468   -0.00002432    0.08318009    0.06374183   -0.00003689    0.12927050
    0.04277788   -0.00002664    0.08318009    0.06374660   -0.00004042    0.12927050
    0.04278135   -0.00002855    0.08318009    0.06375177   -0.00004331    0.12927050
    0.04278503   -0.00003000    0.08318009    0.06375725   -0.00004552    0.12927050
    0.04278886   -0.00003099    0.08318009    0.06376296   -0.00004702    0.12927050
    0.04279279   -0.00003148    0.08318009    0.06376881   -0.00004777    0.12927050
    0.04279674   -0.00003148    0.08318009    0.06377471   -0.00004777    0.12927050
    0.04280067   -0.00003099    0.08318009    0.06378056   -0.00004702    0.12927050
    0.04280450   -0.00003000    0.08318009    0.06378627   -0.00004552    0.12927050
    0.04280818   -0.00002855    0.08318009    0.06379176   -0.00004331    0.12927050
    0.04281165   -0.00002664    0.08318009    0.06379692   -0.00004042    0.12927050
    0.04281485   -0.00002432    0.08318009    0.06380169   -0.00003689    0.12927050
    0.04281774   -0.00002161    0.08318009    0.06380599   -0.00003278    0.12927050
    0.04282026   -0.00001856    0.08318009    0.06380975   -0.00002816    0.12927050
    0.04282238   -0.00001522    0.08318009    0.06381291   -0.00002309    0.12927050
    0.04282406   -0.00001164    0.08318009    0.06381542   -0.00001765    0.12927050
    0.04282529   -0.00000787    0.08318009    0.06381724   -0.00001194    0.12927050
    0.04282603   -0.00000399    0.08318009    0.06381835   -0.00000605    0.12927050
    0.04283229   -0.00000004    0.08318231    0.06382768   -0.00000005    0.12927394
    0.04283200    0.00000467    0.08318231    0.06382724    0.00000708    0.12927394
    0.04283111    0.00000930    0.08318231    0.06382593    0.00001410    0.12927394
    0.04282966    0.00001378    0.08318231    0.06382376    0.00002090    0.12927394
    0.04282765    0.00001804    0.08318231    0.06382077    0.00002737    0.12927394
    0.04282513    0.00002202    0.08318231    0.06381700    0.00003341    0.12927394
    0.04282212    0.00002565    0.08318231    0.06381253    0.00003892    0.12927394
    0.04281869    0.00002888    0.08318231    0.06380741    0.00004381    0.12927394
    0.04281487    0.00003165    0.08318231    0.06380173    0.00004802    0.12927394
    0.04281074    0.00003392    0.08318231    0.06379557    0.00005146    0.12927394
    0.04280636    0.00003565    0.08318231    0.06378904    0.00005409    0.12927394
    0.04280180    0.00003683    0.08318231    0.06378224    0.00005587    0.12927394
    0.04279712    0.00003742    0.08318231    0.06377527    0.00005677    0.12927394
    0.04279241    0.00003742    0.08318231    0.06376825    0.00005677    0.12927394
    0.04278773    0.00003683    0.08318231    0.06376128    0.00005587    0.12927394
    0.04278317    0.00003565    0.08318231    0.06375448    0.00005409    0.12927394
    0.04277879    0.00003392    0.08318231    0.06374795    0.00005146    0.12927394
    0.04277466    0.00003165    0.08318231    0.06374180    0.00004802    0.12927394
    0.04277085    0.00002888    0.08318231    0.06373612    0.00004381    0.12927394
    0.04276741    0.00002565    0.08318231    0.06373100    0.00003892    0.12927394
    0.04276441    0.00002202    0.08318231    0.06372652    0.00003341    0.12927394
    0.04276188    0.00001804    0.08318231    0.06372276    0.00002737    0.12927394
    0.04275987    0.00001378    0.08318231    0.06371977    0.00002090    0.12927394
    0.04275842    0.00000930    0.08318231    0.06371760    0.00001410    0.12927394
    0.04275753    0.00000467    0.08318231    0.06371628    0.00000708    0.12927394
    0.04275724   -0.00000004    0.08318231    0.06371584   -0.00000005    0.12927394
    0.04275753   -0.00000474    0.08318231    0.06371628   -0.00000719    0.12927394
    0.04275842   -0.00000937    0.08318231    0.06371760   -0.00001421    0.12927394
    0.04275987   -0.00001385    0.08318231    0.06371977   -0.00002101    0.12927394
    0.04276188   -0.00001811    0.08318231    0.06372276   -0.00002748    0.12927394
    0.04276441   -0.00002209    0.08318231    0.06372652   -0.00003352    0.12927394
    0.04276741   -0.00002572    0.08318231    0.06373100   -0.00003903    0.12927394
    0.04277085   -0.00002895    0.08318231    0.06373612   -0.00004392    0.12927394
    0.04277466   -0.00003172    0.08318231    0.06374180   -0.00004813    0.12927394
    0.04277879   -0.00003399    0.08318231    0.06374795   -0.00005157    0.12927394
    0.04278317   -0.00003573    0.08318231    0.06375448   -0.00005420    0.12927394
    0.04278773   -0.00003690    0.08318231    0.06376128   -0.00005598    0.12927394
    0.04279241   -0.00003749    0.08318231    0.06376825   -0.00005688    0.12927394
    0.04279712   -0.00003749    0.08318231    0.06377527   -0.00005688    0.12927394
    0.04280180   -0.00003690    0.08318231    0.06378224   -0.00005598    0.12927394
    0.04280636   -0.00003573    0.08318231    0.06378904   -0.00005420    0.12927394
    0.04281074   -0.00003399    0.08318231    0.06379557   -0.00005157    0.12927394
    0.04281487   -0.00003172    0.08318231    0.06380173   -0.00004813    0.12927394
    0.04281869   -0.00002895    0.08318231    0.06380741   -0.00004392    0.12927394
    0.04282212   -0.00002572    0.08318231    0.06381253   -0.00003903    0.12927394
    0.04282513   -0.00002209    0.08318231    0.06381700   -0.00003352    0.12927394
    0.04282765   -0.00001811    0.08318231    0.06382077   -0.00002748    0.12927394
    0.04282966   -0.00001385    0.08318231    0.06382376   -0.00002101    0.12927394
    0.04283111   -0.00000937    0.08318231    0.06382593   -0.00001421    0.12927394
    0.04283200   -0.00000474    0.08318231    0.06382724   -0.00000719    0.12927394
    0.04283815   -0.00000004    0.08318490    0.06383642   -0.00000005    0.12927798
    0.04283781    0.00000540    0.08318490    0.06383591    0.00000820    0.12927798
    0.04283679    0.00001075    0.08318490    0.06383439    0.00001632    0.12927798
    0.04283511    0.00001594    0.08318490    0.06383188    0.00002418    0.12927798
    0.04283279    0.00002087    0.08318490    0.06382842    0.00003166    0.12927798
    0.04282987    0.00002547    0.08318490    0.06382407    0.00003864    0.12927798
    0.04282639    0.00002967    0.08318490    0.06381890    0.00004501    0.12927798
    0.04282242    0.00003340    0.08318490    0.06381298    0.00005067    0.12927798
    0.04281801    0.00003660    0.08318490    0.06380641    0.00005553    0.12927798
    0.04281324    0.00003922    0.08318490    0.06379929    0.00005951    0.12927798
    0.04280817    0.00004123    0.08318490    0.06379174    0.00006255    0.12927798
    0.04280290    0.00004258    0.08318490    0.06378388    0.00006461    0.12927798
    0.04279749    0.00004327    0.08318490    0.06377582    0.00006564    0.12927798
    0.04279204    0.00004327    0.08318490    0.06376770    0.00006564    0.12927798
    0.04278664    0.00004258    0.08318490    0.06375965    0.00006461    0.12927798
    0.04278136    0.00004123    0.08318490    0.06375178    0.00006255    0.12927798
    0.04277629    0.00003922    0.08318490    0.06374423    0.00005951    0.12927798
    0.04277152    0.00003660    0.08318490    0.06373712    0.00005553    0.12927798
    0.04276711    0.00003340    0.08318490    0.06373055    0.00005067    0.12927798
    0.04276314    0.00002967    0.08318490    0.06372463    0.00004501    0.12927798
    0.04275966    0.00002547    0.08318490    0.06371945    0.00003864    0.12927798
    0.04275674    0.00002087    0.08318490    0.06371510    0.00003166    0.12927798
    0.04275442    0.00001594    0.08318490    0.06371165    0.00002418    0.12927798
    0.04275274    0.00001075    0.08318490    0.06370914    0.00001632    0.12927798
    0.04275172    0.00000540    0.08318490    0.06370762    0.00000820    0.12927798
    0.04275138   -0.00000004    0.08318490    0.06370711   -0.00000005    0.12927798
    0.04275172   -0.00000547    0.08318490    0.06370762   -0.00000831    0.12927798
    0.04275274   -0.00001083    0.08318490    0.06370914   -0.00001643    0.12927798
    0.04275442   -0.00001601    0.08318490    0.06371165   -0.00002429    0.12927798
    0.04275674   -0.00002094    0.08318490    0.06371510   -0.00003177    0.12927798
    0.04275966   -0.00002554    0.08318490    0.06371945   -0.00003875    0.12927798
    0.04276314   -0.00002974    0.08318490    0.06372463   -0.00004512    0.12927798
    0.04276711   -0.00003347    0.08318490    0.06373055   -0.00005078    0.12927798
    0.04277152   -0.00003667    0.08318490    0.06373712   -0.00005564    0.12927798
    0.04277629   -0.00003930    0.08318490    0.06374423   -0.00005962    0.12927798
    0.04278136   -0.00004130    0.08318490    0.06375178   -0.00006266    0.12927798
    0.04278664   -0.00004266    0.08318490    0.06375965   -0.00006472    0.12927798
    0.04279204   -0.00004334    0.08318490    0.06376770   -0.00006575    0.12927798
    0.04279749   -0.00004334    0.08318490    0.06377582   -0.00006575    0.12927798
    0.04280290   -0.00004266    0.08318490    0.06378388   -0.00006472    0.12927798
    0.04280817   -0.00004130    0.08318490    0.06379174   -0.00006266    0.12927798
    0.04281324   -0.00003930    0.08318490    0.06379929   -0.00005962    0.12927798
    0.04281801   -0.00003667    0.08318490    0.06380641   -0.00005564    0.12927798
    0.04282242   -0.00003347    0.08318490    0.06381298   -0.00005078    0.12927798
    0.04282639   -0.00002974    0.08318490    0.06381890   -0.00004512    0.12927798
    0.04282987   -0.00002554    0.08318490    0.06382407   -0.00003875    0.12927798
    0.04283279   -0.00002094    0.08318490    0.06382842   -0.00003177    0.12927798
    0.04283511   -0.00001601    0.08318490    0.06383188   -0.00002429    0.12927798
    0.04283679   -0.00001083    0.08318490    0.06383439   -0.00001643    0.12927798
    0.04283781   -0.00000547    0.08318490    0.06383591   -0.00000831    0.12927798
    0.04284384   -0.00000004    0.08318787    0.06384489   -0.00000005    0.12928259
    0.04284345    0.00000611    0.08318787    0.06384431    0.00000928    0.12928259
    0.04284230    0.00001217    0.08318787    0.06384259    0.00001846    0.12928259
    0.04284039    0.00001803    0.08318787    0.06383975    0.00002735    0.12928259
    0.04283777    0.00002360    0.08318787    0.06383584    0.00003581    0.12928259
    0.04283447    0.00002881    0.08318787    0.06383092    0.00004371    0.12928259
    0.04283054    0.00003356    0.08318787    0.06382507    0.00005091    0.12928259
    0.04282605    0.00003777    0.08318787    0.06381837    0.00005731    0.12928259
    0.04282106    0.00004140    0.08318787    0.06381095    0.00006281    0.12928259
    0.04281566    0.00004437    0.08318787    0.06380290    0.00006731    0.12928259
    0.04280993    0.00004663    0.08318787    0.06379436    0.00007075    0.12928259
    0.04280396    0.00004817    0.08318787    0.06378547    0.00007308    0.12928259
    0.04279785    0.00004894    0.08318787    0.06377635    0.00007425    0.12928259
    0.04279168    0.00004894    0.08318787    0.06376717    0.00007425    0.12928259
    0.04278557    0.00004817    0.08318787    0.06375806    0.00007308    0.12928259
    0.04277960    0.00004663    0.08318787    0.06374917    0.00007075    0.12928259
    0.04277387    0.00004437    0.08318787    0.06374063    0.00006731    0.12928259
    0.04276847    0.00004140    0.08318787    0.06373258    0.00006281    0.12928259
    0.04276349    0.00003777    0.08318787    0.06372515    0.00005731    0.12928259
    0.04275899    0.00003356    0.08318787    0.06371846    0.00005091    0.12928259
    0.04275507    0.00002881    0.08318787    0.06371260    0.00004371    0.12928259
    0.04275176    0.00002360    0.08318787    0.06370768    0.00003581    0.12928259
    0.04274914    0.00001803    0.08318787    0.06370377    0.00002735    0.12928259
    0.04274724    0.00001217    0.08318787    0.06370093    0.00001846    0.12928259
    0.04274608    0.00000611    0.08318787    0.06369921    0.00000928    0.12928259
    0.04274569   -0.00000004    0.08318787    0.06369864   -0.00000005    0.12928259
    0.04274608   -0.00000619    0.08318787    0.06369921   -0.00000939    0.12928259
    0.04274724   -0.00001224    0.08318787    0.06370093   -0.00001857    0.12928259
    0.04274914   -0.00001810    0.08318787    0.06370377   -0.00002746    0.12928259
    0.04275176   -0.00002368    0.08318787    0.06370768   -0.00003592    0.12928259
    0.04275507   -0.00002888    0.08318787    0.06371260   -0.00004382    0.12928259
    0.04275899   -0.00003363    0.08318787    0.06371846   -0.00005102    0.12928259
    0.04276349   -0.00003785    0.08318787    0.06372515   -0.00005742    0.12928259
    0.04276847   -0.00004147    0.08318787    0.06373258   -0.00006292    0.12928259
    0.04277387   -0.00004444    0.08318787    0.06374063   -0.00006742    0.12928259
    0.04277960   -0.00004671    0.08318787    0.06374917   -0.00007086    0.12928259
    0.04278557   -0.00004824    0.08318787    0.06375806   -0.00007319    0.12928259
    0.04279168   -0.00004901    0.08318787    0.06376717   -0.00007436    0.12928259
    0.04279785   -0.00004901    0.08318787    0.06377635   -0.00007436    0.12928259
    0.04280396   -0.00004824    0.08318787    0.06378547   -0.00007319    0.12928259
    0.04280993   -0.00004671    0.08318787    0.06379436   -0.00007086    0.12928259
    0.04281566   -0.00004444    0.08318787    0.06380290   -0.00006742    0.12928259
    0.04282106   -0.00004147    0.08318787    0.06381095   -0.00006292    0.12928259
    0.04282605   -0.00003785    0.08318787    0.06381837   -0.00005742    0.12928259
    0.04283054   -0.00003363    0.08318787    0.06382507   -0.00005102    0.12928259
    0.04283447   -0.00002888    0.08318787    0.06383092   -0.00004382    0.12928259
    0.04283777   -0.00002368    0.08318787    0.06383584   -0.00003592    0.12928259
    0.04284039   -0.00001810    0.08318787    0.06383975   -0.00002746    0.12928259
    0.04284230   -0.00001224    0.08318787    0.06384259   -0.00001857    0.12928259
    0.04284345   -0.00000619    0.08318787    0.06384431   -0.00000939    0.12928259
    0.04284932   -0.00000004    0.08319119    0.06385306   -0.00000005    0.12928775
    0.04284889    0.00000680    0.08319119    0.06385242    0.00001032    0.12928775
    0.04284761    0.00001353    0.08319119    0.06385050    0.00002053    0.12928775
    0.04284549    0.00002005    0.08319119    0.06384735    0.00003041    0.12928775
    0.04284257    0.00002625    0.08319119    0.06384300    0.00003982    0.12928775
    0.04283890    0.00003203    0.08319119    0.06383753    0.00004860    0.12928775
    0.04283453    0.00003731    0.08319119    0.06383102    0.00005660    0.12928775
    0.04282954    0.00004200    0.08319119    0.06382358    0.00006372    0.12928775
    0.04282400    0.00004602    0.08319119    0.06381532    0.00006983    0.12928775
    0.04281799    0.00004933    0.08319119    0.06380638    0.00007484    0.12928775
    0.04281162    0.00005185    0.08319119    0.06379688    0.00007866    0.12928775
    0.04280499    0.00005355    0.08319119    0.06378700    0.00008125    0.12928775
    0.04279819    0.00005441    0.08319119    0.06377687    0.00008255    0.12928775
    0.04279134    0.00005441    0.08319119    0.06376666    0.00008255    0.12928775
    0.04278454    0.00005355    0.08319119    0.06375653    0.00008125    0.12928775
    0.04277791    0.00005185    0.08319119    0.06374664    0.00007866    0.12928775
    0.04277154    0.00004933    0.08319119    0.06373715    0.00007484    0.12928775
    0.04276553    0.00004602    0.08319119    0.06372820    0.00006983    0.12928775
    0.04275999    0.00004200    0.08319119    0.06371994    0.00006372    0.12928775
    0.04275500    0.00003731    0.08319119    0.06371250    0.00005660    0.12928775
    0.04275063    0.00003203    0.08319119    0.06370599    0.00004860    0.12928775
    0.04274696    0.00002625    0.08319119    0.06370052    0.00003982    0.12928775
    0.04274404    0.00002005    0.08319119    0.06369618    0.00003041    0.12928775
    0.04274193    0.00001353    0.08319119    0.06369302    0.00002053    0.12928775
    0.04274064    0.00000680    0.08319119    0.06369111    0.00001032    0.12928775
    0.04274021   -0.00000004    0.08319119    0.06369047   -0.00000005    0.12928775
    0.04274064   -0.00000687    0.08319119    0.06369111   -0.00001043    0.12928775
    0.04274193   -0.00001360    0.08319119    0.06369302   -0.00002064    0.12928775
    0.04274404   -0.00002012    0.08319119    0.06369618   -0.00003052    0.12928775
    0.04274696   -0.00002632    0.08319119    0.06370052   -0.00003993    0.12928775
    0.04275063   -0.00003210    0.08319119    0.06370599   -0.00004871    0.12928775
    0.04275500   -0.00003738    0.08319119    0.06371250   -0.00005671    0.12928775
    0.04275999   -0.00004207    0.08319119    0.06371994   -0.00006383    0.12928775
    0.04276553   -0.00004610    0.08319119    0.06372820   -0.00006994    0.12928775
    0.04277154   -0.00004940    0.08319119    0.06373715   -0.00007495    0.12928775
    0.04277791   -0.00005192    0.08319119    0.06374664   -0.00007877    0.12928775
    0.04278454   -0.00005362    0.08319119    0.06375653   -0.00008136    0.12928775
    0.04279134   -0.00005448    0.08319119    0.06376666   -0.00008266    0.12928775
    0.04279819   -0.00005448    0.08319119    0.06377687   -0.00008266    0.12928775
    0.04280499   -0.00005362    0.08319119    0.06378700   -0.00008136    0.12928775
    0.04281162   -0.00005192    0.08319119    0.06379688   -0.00007877    0.12928775
    0.04281799   -0.00004940    0.08319119    0.06380638   -0.00007495    0.12928775
    0.04282400   -0.00004610    0.08319119    0.06381532   -0.00006994    0.12928775
    0.04282954   -0.00004207    0.08319119    0.06382358   -0.00006383    0.12928775
    0.04283453   -0.00003738    0.08319119    0.06383102   -0.00005671    0.12928775
    0.04283890   -0.00003210    0.08319119    0.06383753   -0.00004871    0.12928775
    0.04284257   -0.00002632    0.08319119    0.06384300   -0.00003993    0.12928775
    0.04284549   -0.00002012    0.08319119    0.06384735   -0.00003052    0.12928775
    0.04284761   -0.00001360    0.08319119    0.06385050   -0.00002064    0.12928775
    0.04284889   -0.00000687    0.08319119    0.06385242   -0.00001043    0.12928775
    0.04285458   -0.00000004    0.08319486    0.06386089   -0.00000005    0.12929345
    0.04285411    0.00000746    0.08319486    0.06386019    0.00001132    0.12929345
    0.04285270    0.00001484    0.08319486    0.06385809    0.00002251    0.12929345
    0.04285038    0.00002198    0.08319486    0.06385463    0.00003335    0.12929345
    0.04284718    0.00002878    0.08319486    0.06384987    0.00004366    0.12929345
    0.04284315    0.00003512    0.08319486    0.06384387    0.00005328    0.12929345
    0.04283837    0.00004091    0.08319486    0.06383674    0.00006206    0.12929345
    0.04283289    0.00004605    0.08319486    0.06382858    0.00006987    0.12929345
    0.04282681    0.00005046    0.08319486    0.06381952    0.00007656    0.12929345
    0.04282023    0.00005408    0.08319486    0.06380971    0.00008205    0.12929345
    0.04281325    0.00005685    0.08319486    0.06379931    0.00008625    0.12929345
    0.04280597    0.00005872    0.08319486    0.06378846    0.00008908    0.12929345
    0.04279852    0.00005966    0.08319486    0.06377736    0.00009051    0.12929345
    0.04279101    0.00005966    0.08319486    0.06376617    0.00009051    0.12929345
    0.04278356    0.00005872    0.08319486    0.06375506    0.00008908    0.12929345
    0.04277628    0.00005685    0.08319486    0.06374422    0.00008625    0.12929345
    0.04276930    0.00005408    0.08319486    0.06373381    0.00008205    0.12929345
    0.04276272    0.00005046    0.08319486    0.06372401    0.00007656    0.12929345
    0.04275664    0.00004605    0.08319486    0.06371495    0.00006987    0.12929345
    0.04275117    0.00004091    0.08319486    0.06370679    0.00006206    0.12929345
    0.04274638    0.00003512    0.08319486    0.06369966    0.00005328    0.12929345
    0.04274235    0.00002878    0.08319486    0.06369366    0.00004366    0.12929345
    0.04273915    0.00002198    0.08319486    0.06368889    0.00003335    0.12929345
    0.04273683    0.00001484    0.08319486    0.06368543    0.00002251    0.12929345
    0.04273543    0.00000746    0.08319486    0.06368334    0.00001132    0.12929345
    0.04273495   -0.00000004    0.08319486    0.06368263   -0.00000005    0.12929345
    0.04273543   -0.00000753    0.08319486    0.06368334   -0.00001143    0.12929345
    0.04273683   -0.00001491    0.08319486    0.06368543   -0.00002262    0.12929345
    0.04273915   -0.00002205    0.08319486    0.06368889   -0.00003346    0.12929345
    0.04274235   -0.00002885    0.08319486    0.06369366   -0.00004377    0.12929345
    0.04274638   -0.00003519    0.08319486    0.06369966   -0.00005339    0.12929345
    0.04275117   -0.00004098    0.08319486    0.06370679   -0.00006217    0.12929345
    0.04275664   -0.00004612    0.08319486    0.06371495   -0.00006998    0.12929345
    0.04276272   -0.00005054    0.08319486    0.06372401   -0.00007667    0.12929345
    0.04276930   -0.00005415    0.08319486    0.06373381   -0.00008216    0.12929345
    0.04277628   -0.00005692    0.08319486    0.06374422   -0.00008636    0.12929345
    0.04278356   -0.00005879    0.08319486    0.06375506   -0.00008919    0.12929345
    0.04279101   -0.00005973    0.08319486    0.06376617   -0.00009062    0.12929345
    0.04279852   -0.00005973    0.08319486    0.06377736   -0.00009062    0.12929345
    0.04280597   -0.00005879    0.08319486    0.06378846   -0.00008919    0.12929345
    0.04281325   -0.00005692    0.08319486    0.06379931   -0.00008636    0.12929345
    0.04282023   -0.00005415    0.08319486    0.06380971   -0.00008216    0.12929345
    0.04282681   -0.00005054    0.08319486    0.06381952   -0.00007667    0.12929345
    0.04283289   -0.00004612    0.08319486    0.06382858   -0.00006998    0.12929345
    0.04283837   -0.00004098    0.08319486    0.06383674   -0.00006217    0.12929345
    0.04284315   -0.00003519    0.08319486    0.06384387   -0.00005339    0.12929345
    0.04284718   -0.00002885    0.08319486    0.06384987   -0.00004377    0.12929345
    0.04285038   -0.00002205    0.08319486    0.06385463   -0.00003346    0.12929345
    0.04285270   -0.00001491    0.08319486    0.06385809   -0.00002262    0.12929345
    0.04285411   -0.00000753    0.08319486    0.06386019   -0.00001143    0.12929345
    0.04285959   -0.00000004    0.08319885    0.06386836   -0.00000005    0.12929966
    0.04285908    0.00000809    0.08319885    0.06386760    0.00001227    0.12929966
    0.04285755    0.00001608    0.08319885    0.06386533    0.00002440    0.12929966
    0.04285504    0.00002383    0.08319885    0.06386158    0.00003615    0.12929966
    0.04285157    0.00003119    0.08319885    0.06385641    0.00004733    0.12929966
    0.04284721    0.00003807    0.08319885    0.06384991    0.00005775    0.12929966
    0.04284202    0.00004434    0.08319885    0.06384218    0.00006727    0.12929966
    0.04283609    0.00004991    0.08319885    0.06383334    0.00007572    0.12929966
    0.04282950    0.00005470    0.08319885    0.06382352    0.00008298    0.12929966
    0.04282237    0.00005862    0.08319885    0.06381289    0.00008893    0.12929966
    0.04281480    0.00006161    0.08319885    0.06380161    0.00009348    0.12929966
    0.04280691    0.00006364    0.08319885    0.06378986    0.00009655    0.12929966
    0.04279884    0.00006466    0.08319885    0.06377783    0.00009810    0.12929966
    0.04279070    0.00006466    0.08319885    0.06376570    0.00009810    0.12929966
    0.04278262    0.00006364    0.08319885    0.06375366    0.00009655    0.12929966
    0.04277473    0.00006161    0.08319885    0.06374191    0.00009348    0.12929966
    0.04276717    0.00005862    0.08319885    0.06373063    0.00008893    0.12929966
    0.04276003    0.00005470    0.08319885    0.06372000    0.00008298    0.12929966
    0.04275345    0.00004991    0.08319885    0.06371019    0.00007572    0.12929966
    0.04274751    0.00004434    0.08319885    0.06370135    0.00006727    0.12929966
    0.04274232    0.00003807    0.08319885    0.06369361    0.00005775    0.12929966
    0.04273796    0.00003119    0.08319885    0.06368711    0.00004733    0.12929966
    0.04273449    0.00002383    0.08319885    0.06368195    0.00003615    0.12929966
    0.04273198    0.00001608    0.08319885    0.06367820    0.00002440    0.12929966
    0.04273045    0.00000809    0.08319885    0.06367593    0.00001227    0.12929966
    0.04272994   -0.00000004    0.08319885    0.06367517   -0.00000005    0.12929966
    0.04273045   -0.00000816    0.08319885    0.06367593   -0.00001238    0.12929966
    0.04273198   -0.00001616    0.08319885    0.06367820   -0.00002451    0.12929966
    0.04273449   -0.00002390    0.08319885    0.06368195   -0.00003626    0.12929966
    0.04273796   -0.00003126    0.08319885    0.06368711   -0.00004744    0.12929966
    0.04274232   -0.00003814    0.08319885    0.06369361   -0.00005786    0.12929966
    0.04274751   -0.00004441    0.08319885    0.06370135   -0.00006738    0.12929966
    0.04275345   -0.00004998    0.08319885    0.06371019   -0.00007583    0.12929966
    0.04276003   -0.00005477    0.08319885    0.06372000   -0.00008309    0.12929966
    0.04276717   -0.00005869    0.08319885    0.06373063   -0.00008904    0.12929966
    0.04277473   -0.00006169    0.08319885    0.06374191   -0.00009359    0.12929966
    0.04278262   -0.00006371    0.08319885    0.06375366   -0.00009666    0.12929966
    0.04279070   -0.00006473    0.08319885    0.06376570   -0.00009821    0.12929966
    0.04279884   -0.00006473    0.08319885    0.06377783   -0.00009821    0.12929966
    0.04280691   -0.00006371    0.08319885    0.06378986   -0.00009666    0.12929966
    0.04281480   -0.00006169    0.08319885    0.06380161   -0.00009359    0.12929966
    0.04282237   -0.00005869    0.08319885    0.06381289   -0.00008904    0.12929966
    0.04282950   -0.00005477    0.08319885    0.06382352   -0.00008309    0.12929966
    0.04283609   -0.00004998    0.08319885    0.06383334   -0.00007583    0.12929966
    0.04284202   -0.00004441    0.08319885    0.06384218   -0.00006738    0.12929966
    0.04284721   -0.00003814    0.08319885    0.06384991   -0.00005786    0.12929966
    0.04285157   -0.00003126    0.08319885    0.06385641   -0.00004744    0.12929966
    0.04285504   -0.00002390    0.08319885    0.06386158   -0.00003626    0.12929966
    0.04285755   -0.00001616    0.08319885    0.06386533   -0.00002451    0.12929966
    0.04285908   -0.00000816    0.08319885    0.06386760   -0.00001238    0.12929966
    0.04286433   -0.00000004    0.08320316    0.06387543   -0.00000005    0.12930636
    0.04286379    0.00000868    0.08320316    0.06387461    0.00001317    0.12930636
    0.04286215    0.00001726    0.08320316    0.06387217    0.00002619    0.12930636
    0.04285945    0.00002557    0.08320316    0.06386815    0.00003880    0.12930636
    0.04285573    0.00003348    0.08320316    0.06386261    0.00005079    0.12930636
    0.04285105    0.00004086    0.08320316    0.06385563    0.00006199    0.12930636
    0.04284548    0.00004759    0.08320316    0.06384733    0.00007220    0.12930636
    0.04283911    0.00005357    0.08320316    0.06383784    0.00008127    0.12930636
    0.04283204    0.00005870    0.08320316    0.06382731    0.00008906    0.12930636
    0.04282439    0.00006291    0.08320316    0.06381590    0.00009545    0.12930636
    0.04281626    0.00006613    0.08320316    0.06380380    0.00010033    0.12930636
    0.04280780    0.00006830    0.08320316    0.06379119    0.00010362    0.12930636
    0.04279913    0.00006939    0.08320316    0.06377827    0.00010529    0.12930636
    0.04279040    0.00006939    0.08320316    0.06376525    0.00010529    0.12930636
    0.04278173    0.00006830    0.08320316    0.06375234    0.00010362    0.12930636
    0.04277327    0.00006613    0.08320316    0.06373973    0.00010033    0.12930636
    0.04276514    0.00006291    0.08320316    0.06372762    0.00009545    0.12930636
    0.04275749    0.00005870    0.08320316    0.06371621    0.00008906    0.12930636
    0.04275042    0.00005357    0.08320316    0.06370568    0.00008127    0.12930636
    0.04274405    0.00004759    0.08320316    0.06369619    0.00007220    0.12930636
    0.04273848    0.00004086    0.08320316    0.06368789    0.00006199    0.12930636
    0.04273380    0.00003348    0.08320316    0.06368092    0.00005079    0.12930636
    0.04273008    0.00002557    0.08320316    0.06367537    0.00003880    0.12930636
    0.04272738    0.00001726    0.08320316    0.06367135    0.00002619    0.12930636
    0.04272575    0.00000868    0.08320316    0.06366891    0.00001317    0.12930636
    0.04272520   -0.00000004    0.08320316    0.06366809   -0.00000005    0.12930636
    0.04272575   -0.00000876    0.08320316    0.06366891   -0.00001328    0.12930636
    0.04272738   -0.00001734    0.08320316    0.06367135   -0.00002630    0.12930636
    0.04273008   -0.00002565    0.08320316    0.06367537   -0.00003891    0.12930636
    0.04273380   -0.00003355    0.08320316    0.06368092   -0.00005090    0.12930636
    0.04273848   -0.00004093    0.08320316    0.06368789   -0.00006210    0.12930636
    0.04274405   -0.00004766    0.08320316    0.06369619   -0.00007231    0.12930636
    0.04275042   -0.00005364    0.08320316    0.06370568   -0.00008138    0.12930636
    0.04275749   -0.00005877    0.08320316    0.06371621   -0.00008917    0.12930636
    0.04276514   -0.00006298    0.08320316    0.06372762   -0.00009556    0.12930636
    0.04277327   -0.00006620    0.08320316    0.06373973   -0.00010044    0.12930636
    0.04278173   -0.00006837    0.08320316    0.06375234   -0.00010373    0.12930636
    0.04279040   -0.00006947    0.08320316    0.06376525   -0.00010540    0.12930636
    0.04279913   -0.00006947    0.08320316    0.06377827   -0.00010540    0.12930636
    0.04280780   -0.00006837    0.08320316    0.06379119   -0.00010373    0.12930636
    0.04281626   -0.00006620    0.08320316    0.06380380   -0.00010044    0.12930636
    0.04282439   -0.00006298    0.08320316    0.06381590   -0.00009556    0.12930636
    0.04283204   -0.00005877    0.08320316    0.06382731   -0.00008917    0.12930636
    0.04283911   -0.00005364    0.08320316    0.06383784   -0.00008138    0.12930636
    0.04284548   -0.00004766    0.08320316    0.06384733   -0.00007231    0.12930636
    0.04285105   -0.00004093    0.08320316    0.06385563   -0.00006210    0.12930636
    0.04285573   -0.00003355    0.08320316    0.06386261   -0.00005090    0.12930636
    0.04285945   -0.00002565    0.08320316    0.06386815   -0.00003891    0.12930636
    0.04286215   -0.00001734    0.08320316    0.06387217   -0.00002630    0.12930636
    0.04286379   -0.00000876    0.08320316    0.06387461   -0.00001328    0.12930636
    0.04286879   -0.00000004    0.08320777    0.06388208   -0.00000005    0.12931351
    0.04286821    0.00000924    0.08320777    0.06388121    0.00001402    0.12931351
    0.04286647    0.00001837    0.08320777    0.06387861    0.00002788    0.12931351
    0.04286359    0.00002722    0.08320777    0.06387433    0.00004129    0.12931351
    0.04285964    0.00003563    0.08320777    0.06386843    0.00005405    0.12931351
    0.04285466    0.00004348    0.08320777    0.06386101    0.00006596    0.12931351
    0.04284873    0.00005064    0.08320777    0.06385218    0.00007683    0.12931351
    0.04284195    0.00005700    0.08320777    0.06384208    0.00008649    0.12931351
    0.04283443    0.00006247    0.08320777    0.06383087    0.00009478    0.12931351
    0.04282629    0.00006695    0.08320777    0.06381873    0.00010157    0.12931351
    0.04281764    0.00007037    0.08320777    0.06380585    0.00010676    0.12931351
    0.04280864    0.00007268    0.08320777    0.06379243    0.00011027    0.12931351
    0.04279941    0.00007385    0.08320777    0.06377869    0.00011204    0.12931351
    0.04279012    0.00007385    0.08320777    0.06376484    0.00011204    0.12931351
    0.04278089    0.00007268    0.08320777    0.06375109    0.00011027    0.12931351
    0.04277189    0.00007037    0.08320777    0.06373767    0.00010676    0.12931351
    0.04276325    0.00006695    0.08320777    0.06372479    0.00010157    0.12931351
    0.04275510    0.00006247    0.08320777    0.06371265    0.00009478    0.12931351
    0.04274758    0.00005700    0.08320777    0.06370145    0.00008649    0.12931351
    0.04274080    0.00005064    0.08320777    0.06369135    0.00007683    0.12931351
    0.04273488    0.00004348    0.08320777    0.06368252    0.00006596    0.12931351
    0.04272989    0.00003563    0.08320777    0.06367509    0.00005405    0.12931351
    0.04272594    0.00002722    0.08320777    0.06366919    0.00004129    0.12931351
    0.04272306    0.00001837    0.08320777    0.06366491    0.00002788    0.12931351
    0.04272132    0.00000924    0.08320777    0.06366232    0.00001402    0.12931351
    0.04272074   -0.00000004    0.08320777    0.06366145   -0.00000005    0.12931351
    0.04272132   -0.00000931    0.08320777    0.06366232   -0.00001413    0.12931351
    0.04272306   -0.00001845    0.08320777    0.06366491   -0.00002799    0.12931351
    0.04272594   -0.00002729    0.08320777    0.06366919   -0.00004140    0.12931351
    0.04272989   -0.00003570    0.08320777    0.06367509   -0.00005416    0.12931351
    0.04273488   -0.00004355    0.08320777    0.06368252   -0.00006607    0.12931351
    0.04274080   -0.00005071    0.08320777    0.06369135   -0.00007694    0.12931351
    0.04274758   -0.00005708    0.08320777    0.06370145   -0.00008660    0.12931351
    0.04275510   -0.00006254    0.08320777    0.06371265   -0.00009489    0.12931351
    0.04276325   -0.00006702    0.08320777    0.06372479   -0.00010168    0.12931351
    0.04277189   -0.00007044    0.08320777    0.06373767   -0.00010687    0.12931351
    0.04278089   -0.00007275    0.08320777    0.06375109   -0.00011038    0.12931351
    0.04279012   -0.00007392    0.08320777    0.06376484   -0.00011215    0.12931351
    0.04279941   -0.00007392    0.08320777    0.06377869   -0.00011215    0.12931351
    0.04280864   -0.00007275    0.08320777    0.06379243   -0.00011038    0.12931351
    0.04281764   -0.00007044    0.08320777    0.06380585   -0.00010687    0.12931351
    0.04282629   -0.00006702    0.08320777    0.06381873   -0.00010168    0.12931351
    0.04283443   -0.00006254    0.08320777    0.06383087   -0.00009489    0.12931351
    0.04284195   -0.00005708    0.08320777    0.06384208   -0.00008660    0.12931351
    0.04284873   -0.00005071    0.08320777    0.06385218   -0.00007694    0.12931351
    0.04285466   -0.00004355    0.08320777    0.06386101   -0.00006607    0.12931351
    0.04285964   -0.00003570    0.08320777    0.06386843   -0.00005416    0.12931351
    0.04286359   -0.00002729    0.08320777    0.06387433   -0.00004140    0.12931351
    0.04286647   -0.00001845    0.08320777    0.06387861   -0.00002799    0.12931351
    0.04286821   -0.00000931    0.08320777    0.06388121   -0.00001413    0.12931351
    0.04287295   -0.00000004    0.08321265    0.06388827   -0.00000005    0.12932110
    0.04287233    0.00000976    0.08321265    0.06388735    0.00001481    0.12932110
    0.04287049    0.00001941    0.08321265    0.06388461    0.00002944    0.12932110
    0.04286746    0.00002875    0.08321265    0.06388009    0.00004361    0.12932110
    0.04286328    0.00003763    0.08321265    0.06387386    0.00005709    0.12932110
    0.04285802    0.00004592    0.08321265    0.06386602    0.00006967    0.12932110
    0.04285176    0.00005348    0.08321265    0.06385669    0.00008115    0.12932110
    0.04284460    0.00006021    0.08321265    0.06384603    0.00009134    0.12932110
    0.04283666    0.00006598    0.08321265    0.06383419    0.00010010    0.12932110
    0.04282805    0.00007071    0.08321265    0.06382137    0.00010728    0.12932110
    0.04281893    0.00007432    0.08321265    0.06380777    0.00011276    0.12932110
    0.04280942    0.00007676    0.08321265    0.06379359    0.00011646    0.12932110
    0.04279967    0.00007799    0.08321265    0.06377908    0.00011833    0.12932110
    0.04278986    0.00007799    0.08321265    0.06376445    0.00011833    0.12932110
    0.04278012    0.00007676    0.08321265    0.06374993    0.00011646    0.12932110
    0.04277061    0.00007432    0.08321265    0.06373576    0.00011276    0.12932110
    0.04276148    0.00007071    0.08321265    0.06372216    0.00010728    0.12932110
    0.04275287    0.00006598    0.08321265    0.06370934    0.00010010    0.12932110
    0.04274493    0.00006021    0.08321265    0.06369750    0.00009134    0.12932110
    0.04273777    0.00005348    0.08321265    0.06368683    0.00008115    0.12932110
    0.04273151    0.00004592    0.08321265    0.06367751    0.00006967    0.12932110
    0.04272625    0.00003763    0.08321265    0.06366967    0.00005709    0.12932110
    0.04272207    0.00002875    0.08321265    0.06366344    0.00004361    0.12932110
    0.04271904    0.00001941    0.08321265    0.06365892    0.00002944    0.12932110
    0.04271720    0.00000976    0.08321265    0.06365617    0.00001481    0.12932110
    0.04271658   -0.00000004    0.08321265    0.06365526   -0.00000005    0.12932110
    0.04271720   -0.00000984    0.08321265    0.06365617   -0.00001492    0.12932110
    0.04271904   -0.00001948    0.08321265    0.06365892   -0.00002955    0.12932110
    0.04272207   -0.00002882    0.08321265    0.06366344   -0.00004372    0.12932110
    0.04272625   -0.00003770    0.08321265    0.06366967   -0.00005720    0.12932110
    0.04273151   -0.00004599    0.08321265    0.06367751   -0.00006978    0.12932110
    0.04273777   -0.00005356    0.08321265    0.06368683   -0.00008126    0.12932110
    0.04274493   -0.00006028    0.08321265    0.06369750   -0.00009145    0.12932110
    0.04275287   -0.00006605    0.08321265    0.06370934   -0.00010021    0.12932110
    0.04276148   -0.00007078    0.08321265    0.06372216   -0.00010739    0.12932110
    0.04277061   -0.00007439    0.08321265    0.06373576   -0.00011287    0.12932110
    0.04278012   -0.00007683    0.08321265    0.06374993   -0.00011657    0.12932110
    0.04278986   -0.00007806    0.08321265    0.06376445   -0.00011844    0.12932110
    0.04279967   -0.00007806    0.08321265    0.06377908   -0.00011844    0.12932110
    0.04280942   -0.00007683    0.08321265    0.06379359   -0.00011657    0.12932110
    0.04281893   -0.00007439    0.08321265    0.06380777   -0.00011287    0.12932110
    0.04282805   -0.00007078    0.08321265    0.06382137   -0.00010739    0.12932110
    0.04283666   -0.00006605    0.08321265    0.06383419   -0.00010021    0.12932110
    0.04284460   -0.00006028    0.08321265    0.06384603   -0.00009145    0.12932110
    0.04285176   -0.00005356    0.08321265    0.06385669   -0.00008126    0.12932110
    0.04285802   -0.00004599    0.08321265    0.06386602   -0.00006978    0.12932110
    0.04286328   -0.00003770    0.08321265    0.06387386   -0.00005720    0.12932110
    0.04286746   -0.00002882    0.08321265    0.06388009   -0.00004372    0.12932110
    0.04287049   -0.00001948    0.08321265    0.06388461   -0.00002955    0.12932110
    0.04287233   -0.00000984    0.08321265    0.06388735   -0.00001492    0.12932110
    0.04287678   -0.00000004    0.08321779    0.06389398   -0.00000005    0.12932908
    0.04287614    0.00001024    0.08321779    0.06389302    0.00001554    0.12932908
    0.04287421    0.00002036    0.08321779    0.06389014    0.00003089    0.12932908
    0.04287102    0.00003016    0.08321779    0.06388540    0.00004575    0.12932908
    0.04286664    0.00003948    0.08321779    0.06387887    0.00005989    0.12932908
    0.04286112    0.00004817    0.08321779    0.06387064    0.00007309    0.12932908
    0.04285455    0.00005611    0.08321779    0.06386086    0.00008513    0.12932908
    0.04284705    0.00006316    0.08321779    0.06384967    0.00009583    0.12932908
    0.04283871    0.00006921    0.08321779    0.06383725    0.00010501    0.12932908
    0.04282969    0.00007418    0.08321779    0.06382380    0.00011254    0.12932908
    0.04282011    0.00007797    0.08321779    0.06380953    0.00011829    0.12932908
    0.04281013    0.00008053    0.08321779    0.06379466    0.00012218    0.12932908
    0.04279992    0.00008182    0.08321779    0.06377944    0.00012414    0.12932908
    0.04278962    0.00008182    0.08321779    0.06376409    0.00012414    0.12932908
    0.04277940    0.00008053    0.08321779    0.06374886    0.00012218    0.12932908
    0.04276942    0.00007797    0.08321779    0.06373399    0.00011829    0.12932908
    0.04275984    0.00007418    0.08321779    0.06371972    0.00011254    0.12932908
    0.04275082    0.00006921    0.08321779    0.06370627    0.00010501    0.12932908
    0.04274249    0.00006316    0.08321779    0.06369386    0.00009583    0.12932908
    0.04273498    0.00005611    0.08321779    0.06368267    0.00008513    0.12932908
    0.04272841    0.00004817    0.08321779    0.06367288    0.00007309    0.12932908
    0.04272289    0.00003948    0.08321779    0.06366466    0.00005989    0.12932908
    0.04271851    0.00003016    0.08321779    0.06365813    0.00004575    0.12932908
    0.04271533    0.00002036    0.08321779    0.06365338    0.00003089    0.12932908
    0.04271340    0.00001024    0.08321779    0.06365051    0.00001554    0.12932908
    0.04271275   -0.00000004    0.08321779    0.06364954   -0.00000005    0.12932908
    0.04271340   -0.00001032    0.08321779    0.06365051   -0.00001565    0.12932908
    0.04271533   -0.00002043    0.08321779    0.06365338   -0.00003100    0.12932908
    0.04271851   -0.00003023    0.08321779    0.06365813   -0.00004586    0.12932908
    0.04272289   -0.00003955    0.08321779    0.06366466   -0.00006000    0.12932908
    0.04272841   -0.00004824    0.08321779    0.06367288   -0.00007320    0.12932908
    0.04273498   -0.00005618    0.08321779    0.06368267   -0.00008524    0.12932908
    0.04274249   -0.00006323    0.08321779    0.06369386   -0.00009594    0.12932908
    0.04275082   -0.00006929    0.08321779    0.06370627   -0.00010512    0.12932908
    0.04275984   -0.00007425    0.08321779    0.06371972   -0.00011265    0.12932908
    0.04276942   -0.00007804    0.08321779    0.06373399   -0.00011840    0.12932908
    0.04277940   -0.00008060    0.08321779    0.06374886   -0.00012229    0.12932908
    0.04278962   -0.00008189    0.08321779    0.06376409   -0.00012425    0.12932908
    0.04279992   -0.00008189    0.08321779    0.06377944   -0.00012425    0.12932908
    0.04281013   -0.00008060    0.08321779    0.06379466   -0.00012229    0.12932908
    0.04282011   -0.00007804    0.08321779    0.06380953   -0.00011840    0.12932908
    0.04282969   -0.00007425    0.08321779    0.06382380   -0.00011265    0.12932908
    0.04283871   -0.00006929    0.08321779    0.06383725   -0.00010512    0.12932908
    0.04284705   -0.00006323    0.08321779    0.06384967   -0.00009594    0.12932908
    0.04285455   -0.00005618    0.08321779    0.06386086   -0.00008524    0.12932908
    0.04286112   -0.00004824    0.08321779    0.06387064   -0.00007320    0.12932908
    0.04286664   -0.00003955    0.08321779    0.06387887   -0.00006000    0.12932908
    0.04287102   -0.00003023    0.08321779    0.06388540   -0.00004586    0.12932908
    0.04287421   -0.00002043    0.08321779    0.06389014   -0.00003100    0.12932908
    0.04287614   -0.00001032    0.08321779    0.06389302   -0.00001565    0.12932908
    0.04288028   -0.00000004    0.08322316    0.06389919   -0.00000005    0.12933743
    0.04287961    0.00001068    0.08322316    0.06389819    0.00001621    0.12933743
    0.04287759    0.00002123    0.08322316    0.06389519    0.00003221    0.12933743
    0.04287427    0.00003144    0.08322316    0.06389025    0.00004771    0.12933743
    0.04286970    0.00004116    0.08322316    0.06388343    0.00006245    0.12933743
    0.04286395    0.00005023    0.08322316    0.06387486    0.00007621    0.12933743
    0.04285710    0.00005850    0.08322316    0.06386466    0.00008876    0.12933743
    0.04284927    0.00006585    0.08322316    0.06385299    0.00009991    0.12933743
    0.04284059    0.00007217    0.08322316    0.06384004    0.00010949    0.12933743
    0.04283118    0.00007734    0.08322316    0.06382602    0.00011734    0.12933743
    0.04282119    0.00008129    0.08322316    0.06381114    0.00012334    0.12933743
    0.04281079    0.00008396    0.08322316    0.06379564    0.00012739    0.12933743
    0.04280014    0.00008531    0.08322316    0.06377976    0.00012943    0.12933743
    0.04278940    0.00008531    0.08322316    0.06376376    0.00012943    0.12933743
    0.04277874    0.00008396    0.08322316    0.06374788    0.00012739    0.12933743
    0.04276834    0.00008129    0.08322316    0.06373238    0.00012334    0.12933743
    0.04275836    0.00007734    0.08322316    0.06371751    0.00011734    0.12933743
    0.04274894    0.00007217    0.08322316    0.06370348    0.00010949    0.12933743
    0.04274026    0.00006585    0.08322316    0.06369053    0.00009991    0.12933743
    0.04273243    0.00005850    0.08322316    0.06367887    0.00008876    0.12933743
    0.04272558    0.00005023    0.08322316    0.06366867    0.00007621    0.12933743
    0.04271983    0.00004116    0.08322316    0.06366009    0.00006245    0.12933743
    0.04271526    0.00003144    0.08322316    0.06365328    0.00004771    0.12933743
    0.04271194    0.00002123    0.08322316    0.06364833    0.00003221    0.12933743
    0.04270993    0.00001068    0.08322316    0.06364534    0.00001621    0.12933743
    0.04270925   -0.00000004    0.08322316    0.06364433   -0.00000005    0.12933743
    0.04270993   -0.00001075    0.08322316    0.06364534   -0.00001632    0.12933743
    0.04271194   -0.00002130    0.08322316    0.06364833   -0.00003232    0.12933743
    0.04271526   -0.00003152    0.08322316    0.06365328   -0.00004782    0.12933743
    0.04271983   -0.00004123    0.08322316    0.06366009   -0.00006256    0.12933743
    0.04272558   -0.00005030    0.08322316    0.06366867   -0.00007632    0.12933743
    0.04273243   -0.00005857    0.08322316    0.06367887   -0.00008887    0.12933743
    0.04274026   -0.00006593    0.08322316    0.06369053   -0.00010002    0.12933743
    0.04274894   -0.00007224    0.08322316    0.06370348   -0.00010960    0.12933743
    0.04275836   -0.00007741    0.08322316    0.06371751   -0.00011745    0.12933743
    0.04276834   -0.00008137    0.08322316    0.06373238   -0.00012345    0.12933743
    0.04277874   -0.00008404    0.08322316    0.06374788   -0.00012750    0.12933743
    0.04278940   -0.00008538    0.08322316    0.06376376   -0.00012954    0.12933743
    0.04280014   -0.00008538    0.08322316    0.06377976   -0.00012954    0.12933743
    0.04281079   -0.00008404    0.08322316    0.06379564   -0.00012750    0.12933743
    0.04282119   -0.00008137    0.08322316    0.06381114   -0.00012345    0.12933743
    0.04283118   -0.00007741    0.08322316    0.06382602   -0.00011745    0.12933743
    0.04284059   -0.00007224    0.08322316    0.06384004   -0.00010960    0.12933743
    0.04284927   -0.00006593    0.08322316    0.06385299   -0.00010002    0.12933743
    0.04285710   -0.00005857    0.08322316    0.06386466   -0.00008887    0.12933743
    0.04286395   -0.00005030    0.08322316    0.06387486   -0.00007632    0.12933743
    0.04286970   -0.00004123    0.08322316    0.06388343   -0.00006256    0.12933743
    0.04287427   -0.00003152    0.08322316    0.06389025   -0.00004782    0.12933743
    0.04287759   -0.00002130    0.08322316    0.06389519   -0.00003232    0.12933743
    0.04287961   -0.00001075    0.08322316    0.06389819   -0.00001632    0.12933743
    0.04288343   -0.00000004    0.08322874    0.06390388   -0.00000005    0.12934611
    0.04288273    0.00001108    0.08322874    0.06390284    0.00001680    0.12934611
    0.04288064    0.00002201    0.08322874    0.06389973    0.00003340    0.12934611
    0.04287720    0.00003260    0.08322874    0.06389460    0.00004946    0.12934611
    0.04287246    0.00004268    0.08322874    0.06388754    0.00006475    0.12934611
    0.04286649    0.00005208    0.08322874    0.06387865    0.00007901    0.12934611
    0.04285940    0.00006066    0.08322874    0.06386807    0.00009203    0.12934611
    0.04285128    0.00006828    0.08322874    0.06385598    0.00010359    0.12934611
    0.04284227    0.00007482    0.08322874    0.06384256    0.00011352    0.12934611
    0.04283252    0.00008019    0.08322874    0.06382802    0.00012166    0.12934611
    0.04282216    0.00008428    0.08322874    0.06381259    0.00012788    0.12934611
    0.04281138    0.00008705    0.08322874    0.06379652    0.00013208    0.12934611
    0.04280033    0.00008845    0.08322874    0.06378006    0.00013420    0.12934611
    0.04278920    0.00008845    0.08322874    0.06376347    0.00013420    0.12934611
    0.04277815    0.00008705    0.08322874    0.06374701    0.00013208    0.12934611
    0.04276737    0.00008428    0.08322874    0.06373094    0.00012788    0.12934611
    0.04275702    0.00008019    0.08322874    0.06371551    0.00012166    0.12934611
    0.04274726    0.00007482    0.08322874    0.06370097    0.00011352    0.12934611
    0.04273825    0.00006828    0.08322874    0.06368755    0.00010359    0.12934611
    0.04273014    0.00006066    0.08322874    0.06367545    0.00009203    0.12934611
    0.04272304    0.00005208    0.08322874    0.06366488    0.00007901    0.12934611
    0.04271707    0.00004268    0.08322874    0.06365599    0.00006475    0.12934611
    0.04271233    0.00003260    0.08322874    0.06364892    0.00004946    0.12934611
    0.04270889    0.00002201    0.08322874    0.06364379    0.00003340    0.12934611
    0.04270680    0.00001108    0.08322874    0.06364069    0.00001680    0.12934611
    0.04270611   -0.00000004    0.08322874    0.06363964   -0.00000005    0.12934611
    0.04270680   -0.00001115    0.08322874    0.06364069   -0.00001691    0.12934611
    0.04270889   -0.00002208    0.08322874    0.06364379   -0.00003351    0.12934611
    0.04271233   -0.00003267    0.08322874    0.06364892   -0.00004957    0.12934611
    0.04271707   -0.00004275    0.08322874    0.06365599   -0.00006486    0.12934611
    0.04272304   -0.00005215    0.08322874    0.06366488   -0.00007912    0.12934611
    0.04273014   -0.00006073    0.08322874    0.06367545   -0.00009214    0.12934611
    0.04273825   -0.00006835    0.08322874    0.06368755   -0.00010370    0.12934611
    0.04274726   -0.00007489    0.08322874    0.06370097   -0.00011363    0.12934611
    0.04275702   -0.00008026    0.08322874    0.06371551   -0.00012177    0.12934611
    0.04276737   -0.00008436    0.08322874    0.06373094   -0.00012799    0.12934611
    0.04277815   -0.00008713    0.08322874    0.06374701   -0.00013219    0.12934611
    0.04278920   -0.00008852    0.08322874    0.06376347   -0.00013430    0.12934611
    0.04280033   -0.00008852    0.08322874    0.06378006   -0.00013430    0.12934611
    0.04281138   -0.00008713    0.08322874    0.06379652   -0.00013219    0.12934611
    0.04282216   -0.00008436    0.08322874    0.06381259   -0.00012799    0.12934611
    0.04283252   -0.00008026    0.08322874    0.06382802   -0.00012177    0.12934611
    0.04284227   -0.00007489    0.08322874    0.06384256   -0.00011363    0.12934611
    0.04285128   -0.00006835    0.08322874    0.06385598   -0.00010370    0.12934611
    0.04285940   -0.00006073    0.08322874    0.06386807   -0.00009214    0.12934611
    0.04286649   -0.00005215    0.08322874    0.06387865   -0.00007912    0.12934611
    0.04287246   -0.00004275    0.08322874    0.06388754   -0.00006486    0.12934611
    0.04287720   -0.00003267    0.08322874    0.06389460   -0.00004957    0.12934611
    0.04288064   -0.00002208    0.08322874    0.06389973   -0.00003351    0.12934611
    0.04288273   -0.00001115    0.08322874    0.06390284   -0.00001691    0.12934611
    0.04288621   -0.00000004    0.08323452    0.06390803   -0.00000005    0.12935509
    0.04288549    0.00001142    0.08323452    0.06390695    0.00001733    0.12935509
    0.04288333    0.00002270    0.08323452    0.06390375    0.00003445    0.12935509
    0.04287979    0.00003363    0.08323452    0.06389846    0.00005102    0.12935509
    0.04287490    0.00004402    0.08323452    0.06389117    0.00006678    0.12935509
    0.04286874    0.00005371    0.08323452    0.06388200    0.00008149    0.12935509
    0.04286142    0.00006256    0.08323452    0.06387109    0.00009492    0.12935509
    0.04285305    0.00007042    0.08323452    0.06385862    0.00010684    0.12935509
    0.04284376    0.00007717    0.08323452    0.06384478    0.00011708    0.12935509
    0.04283370    0.00008270    0.08323452    0.06382978    0.00012548    0.12935509
    0.04282302    0.00008693    0.08323452    0.06381387    0.00013189    0.12935509
    0.04281190    0.00008979    0.08323452    0.06379730    0.00013622    0.12935509
    0.04280051    0.00009122    0.08323452    0.06378032    0.00013841    0.12935509
    0.04278902    0.00009122    0.08323452    0.06376321    0.00013841    0.12935509
    0.04277763    0.00008979    0.08323452    0.06374623    0.00013622    0.12935509
    0.04276651    0.00008693    0.08323452    0.06372966    0.00013189    0.12935509
    0.04275583    0.00008270    0.08323452    0.06371374    0.00012548    0.12935509
    0.04274577    0.00007717    0.08323452    0.06369875    0.00011708    0.12935509
    0.04273648    0.00007042    0.08323452    0.06368491    0.00010684    0.12935509
    0.04272811    0.00006256    0.08323452    0.06367243    0.00009492    0.12935509
    0.04272079    0.00005371    0.08323452    0.06366152    0.00008149    0.12935509
    0.04271464    0.00004402    0.08323452    0.06365235    0.00006678    0.12935509
    0.04270975    0.00003363    0.08323452    0.06364507    0.00005102    0.12935509
    0.04270620    0.00002270    0.08323452    0.06363978    0.00003445    0.12935509
    0.04270405    0.00001142    0.08323452    0.06363657    0.00001733    0.12935509
    0.04270332   -0.00000004    0.08323452    0.06363550   -0.00000005    0.12935509
    0.04270405   -0.00001150    0.08323452    0.06363657   -0.00001744    0.12935509
    0.04270620   -0.00002278    0.08323452    0.06363978   -0.00003456    0.12935509
    0.04270975   -0.00003370    0.08323452    0.06364507   -0.00005113    0.12935509
    0.04271464   -0.00004409    0.08323452    0.06365235   -0.00006689    0.12935509
    0.04272079   -0.00005378    0.08323452    0.06366152   -0.00008160    0.12935509
    0.04272811   -0.00006263    0.08323452    0.06367243   -0.00009503    0.12935509
    0.04273648   -0.00007049    0.08323452    0.06368491   -0.00010695    0.12935509
    0.04274577   -0.00007724    0.08323452    0.06369875   -0.00011719    0.12935509
    0.04275583   -0.00008277    0.08323452    0.06371374   -0.00012559    0.12935509
    0.04276651   -0.00008700    0.08323452    0.06372966   -0.00013200    0.12935509
    0.04277763   -0.00008986    0.08323452    0.06374623   -0.00013633    0.12935509
    0.04278902   -0.00009130    0.08323452    0.06376321   -0.00013852    0.12935509
    0.04280051   -0.00009130    0.08323452    0.06378032   -0.00013852    0.12935509
    0.04281190   -0.00008986    0.08323452    0.06379730   -0.00013633    0.12935509
    0.04282302   -0.00008700    0.08323452    0.06381387   -0.00013200    0.12935509
    0.04283370   -0.00008277    0.08323452    0.06382978   -0.00012559    0.12935509
    0.04284376   -0.00007724    0.08323452    0.06384478   -0.00011719    0.12935509
    0.04285305   -0.00007049    0.08323452    0.06385862   -0.00010695    0.12935509
    0.04286142   -0.00006263    0.08323452    0.06387109   -0.00009503    0.12935509
    0.04286874   -0.00005378    0.08323452    0.06388200   -0.00008160    0.12935509
    0.04287490   -0.00004409    0.08323452    0.06389117   -0.00006689    0.12935509
    0.04287979   -0.00003370    0.08323452    0.06389846   -0.00005113    0.12935509
    0.04288333   -0.00002278    0.08323452    0.06390375   -0.00003456    0.12935509
    0.04288549   -0.00001150    0.08323452    0.06390695   -0.00001744    0.12935509
    0.04288861   -0.00000004    0.08324046    0.06391161   -0.00000005    0.12936432
    0.04288787    0.00001173    0.08324046    0.06391051    0.00001779    0.12936432
    0.04288566    0.00002330    0.08324046    0.06390722    0.00003535    0.12936432
    0.04288202    0.00003451    0.08324046    0.06390179    0.00005236    0.12936432
    0.04287700    0.00004517    0.08324046    0.06389431    0.00006854    0.12936432
    0.04287069    0.00005513    0.08324046    0.06388490    0.00008364    0.12936432
    0.04286318    0.00006421    0.08324046    0.06387371    0.00009741    0.12936432
    0.04285459    0.00007227    0.08324046    0.06386091    0.00010965    0.12936432
    0.04284505    0.00007920    0.08324046    0.06384670    0.00012016    0.12936432
    0.04283472    0.00008488    0.08324046    0.06383131    0.00012878    0.12936432
    0.04282377    0.00008922    0.08324046    0.06381498    0.00013536    0.12936432
    0.04281235    0.00009215    0.08324046    0.06379797    0.00013981    0.12936432
    0.04280066    0.00009363    0.08324046    0.06378054    0.00014205    0.12936432
    0.04278887    0.00009363    0.08324046    0.06376298    0.00014205    0.12936432
    0.04277718    0.00009215    0.08324046    0.06374556    0.00013981    0.12936432
    0.04276577    0.00008922    0.08324046    0.06372855    0.00013536    0.12936432
    0.04275481    0.00008488    0.08324046    0.06371222    0.00012878    0.12936432
    0.04274448    0.00007920    0.08324046    0.06369683    0.00012016    0.12936432
    0.04273495    0.00007227    0.08324046    0.06368262    0.00010965    0.12936432
    0.04272635    0.00006421    0.08324046    0.06366982    0.00009741    0.12936432
    0.04271884    0.00005513    0.08324046    0.06365862    0.00008364    0.12936432
    0.04271253    0.00004517    0.08324046    0.06364921    0.00006854    0.12936432
    0.04270751    0.00003451    0.08324046    0.06364174    0.00005236    0.12936432
    0.04270387    0.00002330    0.08324046    0.06363631    0.00003535    0.12936432
    0.04270166    0.00001173    0.08324046    0.06363302    0.00001779    0.12936432
    0.04270092   -0.00000004    0.08324046    0.06363191   -0.00000005    0.12936432
    0.04270166   -0.00001180    0.08324046    0.06363302   -0.00001790    0.12936432
    0.04270387   -0.00002337    0.08324046    0.06363631   -0.00003546    0.12936432
    0.04270751   -0.00003458    0.08324046    0.06364174   -0.00005247    0.12936432
    0.04271253   -0.00004525    0.08324046    0.06364921   -0.00006865    0.12936432
    0.04271884   -0.00005520    0.08324046    0.06365862   -0.00008375    0.12936432
    0.04272635   -0.00006428    0.08324046    0.06366982   -0.00009752    0.12936432
    0.04273495   -0.00007235    0.08324046    0.06368262   -0.00010976    0.12936432
    0.04274448   -0.00007927    0.08324046    0.06369683   -0.00012027    0.12936432
    0.04275481   -0.00008495    0.08324046    0.06371222   -0.00012889    0.12936432
    0.04276577   -0.00008929    0.08324046    0.06372855   -0.00013547    0.12936432
    0.04277718   -0.00009222    0.08324046    0.06374556   -0.00013992    0.12936432
    0.04278887   -0.00009370    0.08324046    0.06376298   -0.00014216    0.12936432
    0.04280066   -0.00009370    0.08324046    0.06378054   -0.00014216    0.12936432
    0.04281235   -0.00009222    0.08324046    0.06379797   -0.00013992    0.12936432
    0.04282377   -0.00008929    0.08324046    0.06381498   -0.00013547    0.12936432
    0.04283472   -0.00008495    0.08324046    0.06383131   -0.00012889    0.12936432
    0.04284505   -0.00007927    0.08324046    0.06384670   -0.00012027    0.12936432
    0.04285459   -0.00007235    0.08324046    0.06386091   -0.00010976    0.12936432
    0.04286318   -0.00006428    0.08324046    0.06387371   -0.00009752    0.12936432
    0.04287069   -0.00005520    0.08324046    0.06388490   -0.00008375    0.12936432
    0.04287700   -0.00004525    0.08324046    0.06389431   -0.00006865    0.12936432
    0.04288202   -0.00003458    0.08324046    0.06390179   -0.00005247    0.12936432
    0.04288566   -0.00002337    0.08324046    0.06390722   -0.00003546    0.12936432
    0.04288787   -0.00001180    0.08324046    0.06391051   -0.00001790    0.12936432
    0.04289063   -0.00000004    0.08324654    0.06391462   -0.00000005    0.12937378
    0.04288988    0.00001198    0.08324654    0.06391349    0.00001817    0.12937378
    0.04288762    0.00002380    0.08324654    0.06391013    0.00003612    0.12937378
    0.04288390    0.00003525    0.08324654    0.06390459    0.00005349    0.12937378
    0.04287877    0.00004615    0.08324654    0.06389695    0.00007002    0.12937378
    0.04287232    0.00005631    0.08324654    0.06388734    0.00008544    0.12937378
    0.04286465    0.00006559    0.08324654    0.06387590    0.00009951    0.12937378
    0.04285587    0.00007383    0.08324654    0.06386282    0.00011202    0.12937378
    0.04284613    0.00008091    0.08324654    0.06384831    0.00012275    0.12937378
    0.04283558    0.00008671    0.08324654    0.06383259    0.00013155    0.12937378
    0.04282439    0.00009114    0.08324654    0.06381591    0.00013828    0.12937378
    0.04281273    0.00009413    0.08324654    0.06379853    0.00014282    0.12937378
    0.04280079    0.00009564    0.08324654    0.06378073    0.00014511    0.12937378
    0.04278875    0.00009564    0.08324654    0.06376279    0.00014511    0.12937378
    0.04277680    0.00009413    0.08324654    0.06374499    0.00014282    0.12937378
    0.04276514    0.00009114    0.08324654    0.06372762    0.00013828    0.12937378
    0.04275395    0.00008671    0.08324654    0.06371094    0.00013155    0.12937378
    0.04274340    0.00008091    0.08324654    0.06369522    0.00012275    0.12937378
    0.04273366    0.00007383    0.08324654    0.06368070    0.00011202    0.12937378
    0.04272488    0.00006559    0.08324654    0.06366762    0.00009951    0.12937378
    0.04271721    0.00005631    0.08324654    0.06365619    0.00008544    0.12937378
    0.04271076    0.00004615    0.08324654    0.06364657    0.00007002    0.12937378
    0.04270563    0.00003525    0.08324654    0.06363894    0.00005349    0.12937378
    0.04270191    0.00002380    0.08324654    0.06363339    0.00003612    0.12937378
    0.04269965    0.00001198    0.08324654    0.06363003    0.00001817    0.12937378
    0.04269890   -0.00000004    0.08324654    0.06362890   -0.00000005    0.12937378
    0.04269965   -0.00001205    0.08324654    0.06363003   -0.00001828    0.12937378
    0.04270191   -0.00002388    0.08324654    0.06363339   -0.00003623    0.12937378
    0.04270563   -0.00003533    0.08324654    0.06363894   -0.00005360    0.12937378
    0.04271076   -0.00004622    0.08324654    0.06364657   -0.00007013    0.12937378
    0.04271721   -0.00005639    0.08324654    0.06365619   -0.00008555    0.12937378
    0.04272488   -0.00006566    0.08324654    0.06366762   -0.00009962    0.12937378
    0.04273366   -0.00007390    0.08324654    0.06368070   -0.00011213    0.12937378
    0.04274340   -0.00008098    0.08324654    0.06369522   -0.00012286    0.12937378
    0.04275395   -0.00008678    0.08324654    0.06371094   -0.00013166    0.12937378
    0.04276514   -0.00009121    0.08324654    0.06372762   -0.00013839    0.12937378
    0.04277680   -0.00009420    0.08324654    0.06374499   -0.00014293    0.12937378
    0.04278875   -0.00009571    0.08324654    0.06376279   -0.00014522    0.12937378
    0.04280079   -0.00009571    0.08324654    0.06378073   -0.00014522    0.12937378
    0.04281273   -0.00009420    0.08324654    0.06379853   -0.00014293    0.12937378
    0.04282439   -0.00009121    0.08324654    0.06381591   -0.00013839    0.12937378
    0.04283558   -0.00008678    0.08324654    0.06383259   -0.00013166    0.12937378
    0.04284613   -0.00008098    0.08324654    0.06384831   -0.00012286    0.12937378
    0.04285587   -0.00007390    0.08324654    0.06386282   -0.00011213    0.12937378
    0.04286465   -0.00006566    0.08324654    0.06387590   -0.00009962    0.12937378
    0.04287232   -0.00005639    0.08324654    0.06388734   -0.00008555    0.12937378
    0.04287877   -0.00004622    0.08324654    0.06389695   -0.00007013    0.12937378
    0.04288390   -0.00003533    0.08324654    0.06390459   -0.00005360    0.12937378
    0.04288762   -0.00002388    0.08324654    0.06391013   -0.00003623    0.12937378
    0.04288988   -0.00001205    0.08324654    0.06391349   -0.00001828    0.12937378
    0.04289226   -0.00000004    0.08325275    0.06391704   -0.00000005    0.12938342
    0.04289149    0.00001218    0.08325275    0.06391590    0.00001848    0.12938342
    0.04288920    0.00002421    0.08325275    0.06391248    0.00003673    0.12938342
    0.04288541    0.00003585    0.08325275    0.06390684    0.00005440    0.12938342
    0.04288020    0.00004693    0.08325275    0.06389907    0.00007120    0.12938342
    0.04287364    0.00005727    0.08325275    0.06388930    0.00008689    0.12938342
    0.04286583    0.00006670    0.08325275    0.06387767    0.00010120    0.12938342
    0.04285691    0.00007508    0.08325275    0.06386437    0.00011392    0.12938342
    0.04284700    0.00008228    0.08325275    0.06384961    0.00012484    0.12938342
    0.04283628    0.00008818    0.08325275    0.06383362    0.00013378    0.12938342
    0.04282489    0.00009269    0.08325275    0.06381666    0.00014062    0.12938342
    0.04281303    0.00009573    0.08325275    0.06379899    0.00014524    0.12938342
    0.04280089    0.00009726    0.08325275    0.06378089    0.00014757    0.12938342
    0.04278864    0.00009726    0.08325275    0.06376264    0.00014757    0.12938342
    0.04277650    0.00009573    0.08325275    0.06374454    0.00014524    0.12938342
    0.04276464    0.00009269    0.08325275    0.06372687    0.00014062    0.12938342
    0.04275326    0.00008818    0.08325275    0.06370990    0.00013378    0.12938342
    0.04274253    0.00008228    0.08325275    0.06369392    0.00012484    0.12938342
    0.04273262    0.00007508    0.08325275    0.06367916    0.00011392    0.12938342
    0.04272370    0.00006670    0.08325275    0.06366586    0.00010120    0.12938342
    0.04271589    0.00005727    0.08325275    0.06365423    0.00008689    0.12938342
    0.04270933    0.00004693    0.08325275    0.06364445    0.00007120    0.12938342
    0.04270412    0.00003585    0.08325275    0.06363668    0.00005440    0.12938342
    0.04270034    0.00002421    0.08325275    0.06363105    0.00003673    0.12938342
    0.04269804    0.00001218    0.08325275    0.06362763    0.00001848    0.12938342
    0.04269727   -0.00000004    0.08325275    0.06362648   -0.00000005    0.12938342
    0.04269804   -0.00001226    0.08325275    0.06362763   -0.00001859    0.12938342
    0.04270034   -0.00002428    0.08325275    0.06363105   -0.00003684    0.12938342
    0.04270412   -0.00003593    0.08325275    0.06363668   -0.00005451    0.12938342
    0.04270933   -0.00004700    0.08325275    0.06364445   -0.00007131    0.12938342
    0.04271589   -0.00005734    0.08325275    0.06365423   -0.00008700    0.12938342
    0.04272370   -0.00006677    0.08325275    0.06366586   -0.00010131    0.12938342
    0.04273262   -0.00007516    0.08325275    0.06367916   -0.00011403    0.12938342
    0.04274253   -0.00008235    0.08325275    0.06369392   -0.00012494    0.12938342
    0.04275326   -0.00008825    0.08325275    0.06370990   -0.00013389    0.12938342
    0.04276464   -0.00009276    0.08325275    0.06372687   -0.00014073    0.12938342
    0.04277650   -0.00009580    0.08325275    0.06374454   -0.00014535    0.12938342
    0.04278864   -0.00009734    0.08325275    0.06376264   -0.00014768    0.12938342
    0.04280089   -0.00009734    0.08325275    0.06378089   -0.00014768    0.12938342
    0.04281303   -0.00009580    0.08325275    0.06379899   -0.00014535    0.12938342
    0.04282489   -0.00009276    0.08325275    0.06381666   -0.00014073    0.12938342
    0.04283628   -0.00008825    0.08325275    0.06383362   -0.00013389    0.12938342
    0.04284700   -0.00008235    0.08325275    0.06384961   -0.00012494    0.12938342
    0.04285691   -0.00007516    0.08325275    0.06386437   -0.00011403    0.12938342
    0.04286583   -0.00006677    0.08325275    0.06387767   -0.00010131    0.12938342
    0.04287364   -0.00005734    0.08325275    0.06388930   -0.00008700    0.12938342
    0.04288020   -0.00004700    0.08325275    0.06389907   -0.00007131    0.12938342
    0.04288541   -0.00003593    0.08325275    0.06390684   -0.00005451    0.12938342
    0.04288920   -0.00002428    0.08325275    0.06391248   -0.00003684    0.12938342
    0.04289149   -0.00001226    0.08325275    0.06391590   -0.00001859    0.12938342
    0.04289348   -0.00000004    0.08325904    0.06391887   -0.00000005    0.12939319
    0.04289271    0.00001234    0.08325904    0.06391771    0.00001872    0.12939319
    0.04289038    0.00002451    0.08325904    0.06391425    0.00003719    0.12939319
    0.04288655    0.00003630    0.08325904    0.06390854    0.00005508    0.12939319
    0.04288127    0.00004752    0.08325904    0.06390067    0.00007210    0.12939319
    0.04287463    0.00005799    0.08325904    0.06389078    0.00008798    0.12939319
    0.04286673    0.00006754    0.08325904    0.06387900    0.00010247    0.12939319
    0.04285769    0.00007603    0.08325904    0.06386553    0.00011535    0.12939319
    0.04284766    0.00008331    0.08325904    0.06385059    0.00012640    0.12939319
    0.04283680    0.00008929    0.08325904    0.06383440    0.00013547    0.12939319
    0.04282527    0.00009385    0.08325904    0.06381722    0.00014239    0.12939319
    0.04281326    0.00009693    0.08325904    0.06379933    0.00014707    0.12939319
    0.04280096    0.00009849    0.08325904    0.06378100    0.00014943    0.12939319
    0.04278857    0.00009849    0.08325904    0.06376253    0.00014943    0.12939319
    0.04277627    0.00009693    0.08325904    0.06374420    0.00014707    0.12939319
    0.04276426    0.00009385    0.08325904    0.06372630    0.00014239    0.12939319
    0.04275273    0.00008929    0.08325904    0.06370913    0.00013547    0.12939319
    0.04274187    0.00008331    0.08325904    0.06369294    0.00012640    0.12939319
    0.04273184    0.00007603    0.08325904    0.06367799    0.00011535    0.12939319
    0.04272280    0.00006754    0.08325904    0.06366453    0.00010247    0.12939319
    0.04271490    0.00005799    0.08325904    0.06365275    0.00008798    0.12939319
    0.04270826    0.00004752    0.08325904    0.06364285    0.00007210    0.12939319
    0.04270298    0.00003630    0.08325904    0.06363499    0.00005508    0.12939319
    0.04269915    0.00002451    0.08325904    0.06362928    0.00003719    0.12939319
    0.04269683    0.00001234    0.08325904    0.06362582    0.00001872    0.12939319
    0.04269605   -0.00000004    0.08325904    0.06362466   -0.00000005    0.12939319
    0.04269683   -0.00001241    0.08325904    0.06362582   -0.00001883    0.12939319
    0.04269915   -0.00002459    0.08325904    0.06362928   -0.00003730    0.12939319
    0.04270298   -0.00003638    0.08325904    0.06363499   -0.00005519    0.12939319
    0.04270826   -0.00004759    0.08325904    0.06364285   -0.00007221    0.12939319
    0.04271490   -0.00005806    0.08325904    0.06365275   -0.00008809    0.12939319
    0.04272280   -0.00006761    0.08325904    0.06366453   -0.00010258    0.12939319
    0.04273184   -0.00007610    0.08325904    0.06367799   -0.00011546    0.12939319
    0.04274187   -0.00008339    0.08325904    0.06369294   -0.00012651    0.12939319
    0.04275273   -0.00008936    0.08325904    0.06370913   -0.00013558    0.12939319
    0.04276426   -0.00009392    0.08325904    0.06372630   -0.00014250    0.12939319
    0.04277627   -0.00009701    0.08325904    0.06374420   -0.00014718    0.12939319
    0.04278857   -0.00009856    0.08325904    0.06376253   -0.00014953    0.12939319
    0.04280096   -0.00009856    0.08325904    0.06378100   -0.00014953    0.12939319
    0.04281326   -0.00009701    0.08325904    0.06379933   -0.00014718    0.12939319
    0.04282527   -0.00009392    0.08325904    0.06381722   -0.00014250    0.12939319
    0.04283680   -0.00008936    0.08325904    0.06383440   -0.00013558    0.12939319
    0.04284766   -0.00008339    0.08325904    0.06385059   -0.00012651    0.12939319
    0.04285769   -0.00007610    0.08325904    0.06386553   -0.00011546    0.12939319
    0.04286673   -0.00006761    0.08325904    0.06387900   -0.00010258    0.12939319
    0.04287463   -0.00005806    0.08325904    0.06389078   -0.00008809    0.12939319
    0.04288127   -0.00004759    0.08325904    0.06390067   -0.00007221    0.12939319
    0.04288655   -0.00003638    0.08325904    0.06390854   -0.00005519    0.12939319
    0.04289038   -0.00002459    0.08325904    0.06391425   -0.00003730    0.12939319
    0.04289271   -0.00001241    0.08325904    0.06391771   -0.00001883    0.12939319
    0.04289430   -0.00000004    0.08326540    0.06392009   -0.00000005    0.12940307
    0.04289352    0.00001244    0.08326540    0.06391892    0.00001887    0.12940307
    0.04289118    0.00002472    0.08326540    0.06391543    0.00003750    0.12940307
    0.04288731    0.00003661    0.08326540    0.06390968    0.00005554    0.12940307
    0.04288199    0.00004792    0.08326540    0.06390174    0.00007270    0.12940307
    0.04287529    0.00005847    0.08326540    0.06389176    0.00008871    0.12940307
    0.04286733    0.00006810    0.08326540    0.06387989    0.00010333    0.12940307
    0.04285821    0.00007666    0.08326540    0.06386631    0.00011631    0.12940307
    0.04284810    0.00008401    0.08326540    0.06385124    0.00012746    0.12940307
    0.04283715    0.00009003    0.08326540    0.06383492    0.00013659    0.12940307
    0.04282552    0.00009463    0.08326540    0.06381760    0.00014357    0.12940307
    0.04281342    0.00009774    0.08326540    0.06379956    0.00014829    0.12940307
    0.04280102    0.00009931    0.08326540    0.06378108    0.00015067    0.12940307
    0.04278852    0.00009931    0.08326540    0.06376245    0.00015067    0.12940307
    0.04277611    0.00009774    0.08326540    0.06374397    0.00014829    0.12940307
    0.04276401    0.00009463    0.08326540    0.06372593    0.00014357    0.12940307
    0.04275238    0.00009003    0.08326540    0.06370861    0.00013659    0.12940307
    0.04274143    0.00008401    0.08326540    0.06369228    0.00012746    0.12940307
    0.04273132    0.00007666    0.08326540    0.06367721    0.00011631    0.12940307
    0.04272221    0.00006810    0.08326540    0.06366364    0.00010333    0.12940307
    0.04271424    0.00005847    0.08326540    0.06365176    0.00008871    0.12940307
    0.04270754    0.00004792    0.08326540    0.06364178    0.00007270    0.12940307
    0.04270222    0.00003661    0.08326540    0.06363385    0.00005554    0.12940307
    0.04269835    0.00002472    0.08326540    0.06362809    0.00003750    0.12940307
    0.04269601    0.00001244    0.08326540    0.06362460    0.00001887    0.12940307
    0.04269523   -0.00000004    0.08326540    0.06362343   -0.00000005    0.12940307
    0.04269601   -0.00001251    0.08326540    0.06362460   -0.00001898    0.12940307
    0.04269835   -0.00002479    0.08326540    0.06362809   -0.00003761    0.12940307
    0.04270222   -0.00003668    0.08326540    0.06363385   -0.00005565    0.12940307
    0.04270754   -0.00004799    0.08326540    0.06364178   -0.00007281    0.12940307
    0.04271424   -0.00005854    0.08326540    0.06365176   -0.00008882    0.12940307
    0.04272221   -0.00006817    0.08326540    0.06366364   -0.00010343    0.12940307
    0.04273132   -0.00007673    0.08326540    0.06367721   -0.00011642    0.12940307
    0.04274143   -0.00008408    0.08326540    0.06369228   -0.00012756    0.12940307
    0.04275238   -0.00009010    0.08326540    0.06370861   -0.00013670    0.12940307
    0.04276401   -0.00009470    0.08326540    0.06372593   -0.00014368    0.12940307
    0.04277611   -0.00009781    0.08326540    0.06374397   -0.00014840    0.12940307
    0.04278852   -0.00009938    0.08326540    0.06376245   -0.00015078    0.12940307
    0.04280102   -0.00009938    0.08326540    0.06378108   -0.00015078    0.12940307
    0.04281342   -0.00009781    0.08326540    0.06379956   -0.00014840    0.12940307
    0.04282552   -0.00009470    0.08326540    0.06381760   -0.00014368    0.12940307
    0.04283715   -0.00009010    0.08326540    0.06383492   -0.00013670    0.12940307
    0.04284810   -0.00008408    0.08326540    0.06385124   -0.00012756    0.12940307
    0.04285821   -0.00007673    0.08326540    0.06386631   -0.00011642    0.12940307
    0.04286733   -0.00006817    0.08326540    0.06387989   -0.00010343    0.12940307
    0.04287529   -0.00005854    0.08326540    0.06389176   -0.00008882    0.12940307
    0.04288199   -0.00004799    0.08326540    0.06390174   -0.00007281    0.12940307
    0.04288731   -0.00003668    0.08326540    0.06390968   -0.00005565    0.12940307
    0.04289118   -0.00002479    0.08326540    0.06391543   -0.00003761    0.12940307
    0.04289352   -0.00001251    0.08326540    0.06391892   -0.00001898    0.12940307
    0.04289471   -0.00000004    0.08327179    0.06392070   -0.00000005    0.12941302
    0.04289393    0.00001249    0.08327179    0.06391953    0.00001895    0.12941302
    0.04289157    0.00002482    0.08327179    0.06391602    0.00003766    0.12941302
    0.04288770    0.00003676    0.08327179    0.06391024    0.00005577    0.12941302
    0.04288235    0.00004811    0.08327179    0.06390228    0.00007300    0.12941302
    0.04287563    0.00005871    0.08327179    0.06389226    0.00008908    0.12941302
    0.04286763    0.00006838    0.08327179    0.06388034    0.00010375    0.12941302
    0.04285848    0.00007698    0.08327179    0.06386670    0.00011679    0.12941302
    0.04284832    0.00008435    0.08327179    0.06385157    0.00012798    0.12941302
    0.04283732    0.00009040    0.08327179    0.06383518    0.00013716    0.12941302
    0.04282565    0.00009502    0.08327179    0.06381779    0.00014417    0.12941302
    0.04281349    0.00009814    0.08327179    0.06379967    0.00014890    0.12941302
    0.04280104    0.00009972    0.08327179    0.06378111    0.00015129    0.12941302
    0.04278849    0.00009972    0.08327179    0.06376241    0.00015129    0.12941302
    0.04277604    0.00009814    0.08327179    0.06374385    0.00014890    0.12941302
    0.04276388    0.00009502    0.08327179    0.06372574    0.00014417    0.12941302
    0.04275221    0.00009040    0.08327179    0.06370835    0.00013716    0.12941302
    0.04274121    0.00008435    0.08327179    0.06369196    0.00012798    0.12941302
    0.04273106    0.00007698    0.08327179    0.06367682    0.00011679    0.12941302
    0.04272191    0.00006838    0.08327179    0.06366319    0.00010375    0.12941302
    0.04271391    0.00005871    0.08327179    0.06365127    0.00008908    0.12941302
    0.04270718    0.00004811    0.08327179    0.06364124    0.00007300    0.12941302
    0.04270184    0.00003676    0.08327179    0.06363328    0.00005577    0.12941302
    0.04269796    0.00002482    0.08327179    0.06362750    0.00003766    0.12941302
    0.04269561    0.00001249    0.08327179    0.06362400    0.00001895    0.12941302
    0.04269482   -0.00000004    0.08327179    0.06362282   -0.00000005    0.12941302
    0.04269561   -0.00001256    0.08327179    0.06362400   -0.00001906    0.12941302
    0.04269796   -0.00002489    0.08327179    0.06362750   -0.00003777    0.12941302
    0.04270184   -0.00003683    0.08327179    0.06363328   -0.00005588    0.12941302
    0.04270718   -0.00004819    0.08327179    0.06364124   -0.00007311    0.12941302
    0.04271391   -0.00005878    0.08327179    0.06365127   -0.00008919    0.12941302
    0.04272191   -0.00006846    0.08327179    0.06366319   -0.00010386    0.12941302
    0.04273106   -0.00007705    0.08327179    0.06367682   -0.00011690    0.12941302
    0.04274121   -0.00008443    0.08327179    0.06369196   -0.00012809    0.12941302
    0.04275221   -0.00009047    0.08327179    0.06370835   -0.00013727    0.12941302
    0.04276388   -0.00009509    0.08327179    0.06372574   -0.00014428    0.12941302
    0.04277604   -0.00009821    0.08327179    0.06374385   -0.00014901    0.12941302
    0.04278849   -0.00009979    0.08327179    0.06376241   -0.00015140    0.12941302
    0.04280104   -0.00009979    0.08327179    0.06378111   -0.00015140    0.12941302
    0.04281349   -0.00009821    0.08327179    0.06379967   -0.00014901    0.12941302
    0.04282565   -0.00009509    0.08327179    0.06381779   -0.00014428    0.12941302
    0.04283732   -0.00009047    0.08327179    0.06383518   -0.00013727    0.12941302
    0.04284832   -0.00008443    0.08327179    0.06385157   -0.00012809    0.12941302
    0.04285848   -0.00007705    0.08327179    0.06386670   -0.00011690    0.12941302
    0.04286763   -0.00006846    0.08327179    0.06388034   -0.00010386    0.12941302
    0.04287563   -0.00005878    0.08327179    0.06389226   -0.00008919    0.12941302
    0.04288235   -0.00004819    0.08327179    0.06390228   -0.00007311    0.12941302
    0.04288770   -0.00003683    0.08327179    0.06391024   -0.00005588    0.12941302
    0.04289157   -0.00002489    0.08327179    0.06391602   -0.00003777    0.12941302
    0.04289393   -0.00001256    0.08327179    0.06391953   -0.00001906    0.12941302
    0.04289471   -0.00000004    0.08327820    0.06392070   -0.00000005    0.12942298
    0.04289393    0.00001249    0.08327820    0.06391953    0.00001895    0.12942298
    0.04289157    0.00002482    0.08327820    0.06391602    0.00003766    0.12942298
    0.04288770    0.00003676    0.08327820    0.06391024    0.00005577    0.12942298
    0.04288235    0.00004811    0.08327820    0.06390228    0.00007300    0.12942298
    0.04287563    0.00005871    0.08327820    0.06389226    0.00008908    0.12942298
    0.04286763    0.00006838    0.08327820    0.06388034    0.00010375    0.12942298
    0.04285848    0.00007698    0.08327820    0.06386670    0.00011679    0.12942298
    0.04284832    0.00008435    0.08327820    0.06385157    0.00012798    0.12942298
    0.04283732    0.00009040    0.08327820    0.06383518    0.00013716    0.12942298
    0.04282565    0.00009502    0.08327820    0.06381779    0.00014417    0.12942298
    0.04281349    0.00009814    0.08327820    0.06379967    0.00014890    0.12942298
    0.04280104    0.00009972    0.08327820    0.06378111    0.00015129    0.12942298
    0.04278849    0.00009972    0.08327820    0.06376241    0.00015129    0.12942298
    0.04277604    0.00009814    0.08327820    0.06374385    0.00014890    0.12942298
    0.04276388    0.00009502    0.08327820    0.06372574    0.00014417    0.12942298
    0.04275221    0.00009040    0.08327820    0.06370835    0.00013716    0.12942298
    0.04274121    0.00008435    0.08327820    0.06369196    0.00012798    0.12942298
    0.04273106    0.00007698    0.08327820    0.06367682    0.00011679    0.12942298
    0.04272191    0.00006838    0.08327820    0.06366319    0.00010375    0.12942298
    0.04271391    0.00005871    0.08327820    0.06365127    0.00008908    0.12942298
    0.04270718    0.00004811    0.08327820    0.06364124    0.00007300    0.12942298
    0.04270184    0.00003676    0.08327820    0.06363328    0.00005577    0.12942298
    0.04269796    0.00002482    0.08327820    0.06362750    0.00003766    0.12942298
    0.04269561    0.00001249    0.08327820    0.06362400    0.00001895    0.12942298
    0.04269482   -0.00000004    0.08327820    0.06362282   -0.00000005    0.12942298
    0.04269561   -0.00001256    0.08327820    0.06362400   -0.00001906    0.12942298
    0.04269796   -0.00002489    0.08327820    0.06362750   -0.00003777    0.12942298
    0.04270184   -0.00003683    0.08327820    0.06363328   -0.00005588    0.12942298
    0.04270718   -0.00004819    0.08327820    0.06364124   -0.00007311    0.12942298
    0.04271391   -0.00005878    0.08327820    0.06365127   -0.00008919    0.12942298
    0.04272191   -0.00006846    0.08327820    0.06366319   -0.00010386    0.12942298
    0.04273106   -0.00007705    0.08327820    0.06367682   -0.00011690    0.12942298
    0.04274121   -0.00008443    0.08327820    0.06369196   -0.00012809    0.12942298
    0.04275221   -0.00009047    0.08327820    0.06370835   -0.00013727    0.12942298
    0.04276388   -0.00009509    0.08327820    0.06372574   -0.00014428    0.12942298
    0.04277604   -0.00009821    0.08327820    0.06374385   -0.00014901    0.12942298
    0.04278849   -0.00009979    0.08327820    0.06376241   -0.00015140    0.12942298
    0.04280104   -0.00009979    0.08327820    0.06378111   -0.00015140    0.12942298
    0.04281349   -0.00009821    0.08327820    0.06379967   -0.00014901    0.12942298
    0.04282565   -0.00009509    0.08327820    0.06381779   -0.00014428    0.12942298
    0.04283732   -0.00009047    0.08327820    0.06383518   -0.00013727    0.12942298
    0.04284832   -0.00008443    0.08327820    0.06385157   -0.00012809    0.12942298
    0.04285848   -0.00007705    0.08327820    0.06386670   -0.00011690    0.12942298
    0.04286763   -0.00006846    0.08327820    0.06388034   -0.00010386    0.12942298
    0.04287563   -0.00005878    0.08327820    0.06389226   -0.00008919    0.12942298
    0.04288235   -0.00004819    0.08327820    0.06390228   -0.00007311    0.12942298
    0.04288770   -0.00003683    0.08327820    0.06391024   -0.00005588    0.12942298
    0.04289157   -0.00002489    0.08327820    0.06391602   -0.00003777    0.12942298
    0.04289393   -0.00001256    0.08327820    0.06391953   -0.00001906    0.12942298
    0.04289430   -0.00000004    0.08328460    0.06392009   -0.00000005    0.12943292
    0.04289352    0.00001244    0.08328460    0.06391892    0.00001887    0.12943292
    0.04289118    0.00002472    0.08328460    0.06391543    0.00003750    0.12943292
    0.04288731    0.00003661    0.08328460    0.06390968    0.00005554    0.12943292
    0.04288199    0.00004792    0.08328460    0.06390174    0.00007270    0.12943292
    0.04287529    0.00005847    0.08328460    0.06389176    0.00008871    0.12943292
    0.04286733    0.00006810    0.08328460    0.06387989    0.00010333    0.12943292
    0.04285821    0.00007666    0.08328460    0.06386631    0.00011631    0.12943292
    0.04284810    0.00008401    0.08328460    0.06385124    0.00012746    0.12943292
    0.04283715    0.00009003    0.08328460    0.06383492    0.00013659    0.12943292
    0.04282552    0.00009463    0.08328460    0.06381760    0.00014357    0.12943292
    0.04281342    0.00009774    0.08328460    0.06379956    0.00014829    0.12943292
    0.04280102    0.00009931    0.08328460    0.06378108    0.00015067    0.12943292
    0.04278852    0.00009931    0.08328460    0.06376245    0.00015067    0.12943292
    0.04277611    0.00009774    0.08328460    0.06374397    0.00014829    0.12943292
    0.04276401    0.00009463    0.08328460    0.06372593    0.00014357    0.12943292
    0.04275238    0.00009003    0.08328460    0.06370861    0.00013659    0.12943292
    0.04274143    0.00008401    0.08328460    0.06369228    0.00012746    0.12943292
    0.04273132    0.00007666    0.08328460    0.06367721    0.00011631    0.12943292
    0.04272221    0.00006810    0.08328460    0.06366364    0.00010333    0.12943292
    0.04271424    0.00005847    0.08328460    0.06365176    0.00008871    0.12943292
    0.04270754    0.00004792    0.08328460    0.06364178    0.00007270    0.12943292
    0.04270222    0.00003661    0.08328460    0.06363385    0.00005554    0.12943292
    0.04269835    0.00002472    0.08328460    0.06362809    0.00003750    0.12943292
    0.04269601    0.00001244    0.08328460    0.06362460    0.00001887    0.12943292
    0.04269523   -0.00000004    0.08328460    0.06362343   -0.00000005    0.12943292
    0.04269601   -0.00001251    0.08328460    0.06362460   -0.00001898    0.12943292
    0.04269835   -0.00002479    0.08328460    0.06362809   -0.00003761    0.12943292
    0.04270222   -0.00003668    0.08328460    0.06363385   -0.00005565    0.12943292
    0.04270754   -0.00004799    0.08328460    0.06364178   -0.00007281    0.12943292
    0.04271424   -0.00005854    0.08328460    0.06365176   -0.00008882    0.12943292
    0.04272221   -0.00006817    0.08328460    0.06366364   -0.00010343    0.12943292
    0.04273132   -0.00007673    0.08328460    0.06367721   -0.00011642    0.12943292
    0.04274143   -0.00008408    0.08328460    0.06369228   -0.00012756    0.12943292
    0.04275238   -0.00009010    0.08328460    0.06370861   -0.00013670    0.12943292
    0.04276401   -0.00009470    0.08328460    0.06372593   -0.00014368    0.12943292
    0.04277611   -0.00009781    0.08328460    0.06374397   -0.00014840    0.12943292
    0.04278852   -0.00009938    0.08328460    0.06376245   -0.00015078    0.12943292
    0.04280102   -0.00009938    0.08328460    0.06378108   -0.00015078    0.12943292
    0.04281342   -0.00009781    0.08328460    0.06379956   -0.00014840    0.12943292
    0.04282552   -0.00009470    0.08328460    0.06381760   -0.00014368    0.12943292
    0.04283715   -0.00009010    0.08328460    0.06383492   -0.00013670    0.12943292
    0.04284810   -0.00008408    0.08328460    0.06385124   -0.00012756    0.12943292
    0.04285821   -0.00007673    0.08328460    0.06386631   -0.00011642    0.12943292
    0.04286733   -0.00006817    0.08328460    0.06387989   -0.00010343    0.12943292
    0.04287529   -0.00005854    0.08328460    0.06389176   -0.00008882    0.12943292
    0.04288199   -0.00004799    0.08328460    0.06390174   -0.00007281    0.12943292
    0.04288731   -0.00003668    0.08328460    0.06390968   -0.00005565    0.12943292
    0.04289118   -0.00002479    0.08328460    0.06391543   -0.00003761    0.12943292
    0.04289352   -0.00001251    0.08328460    0.06391892   -0.00001898    0.12943292
    0.04289348   -0.00000004    0.08329096    0.06391887   -0.00000005    0.12944280
    0.04289271    0.00001234    0.08329096    0.06391771    0.00001872    0.12944280
    0.04289038    0.00002451    0.08329096    0.06391425    0.00003719    0.12944280
    0.04288655    0.00003630    0.08329096    0.06390854    0.00005508    0.12944280
    0.04288127    0.00004752    0.08329096    0.06390067    0.00007210    0.12944280
    0.04287463    0.00005799    0.08329096    0.06389078    0.00008798    0.12944280
    0.04286673    0.00006754    0.08329096    0.06387900    0.00010247    0.12944280
    0.04285769    0.00007603    0.08329096    0.06386553    0.00011535    0.12944280
    0.04284766    0.00008331    0.08329096    0.06385059    0.00012640    0.12944280
    0.04283680    0.00008929    0.08329096    0.06383440    0.00013547    0.12944280
    0.04282527    0.00009385    0.08329096    0.06381722    0.00014239    0.12944280
    0.04281326    0.00009693    0.08329096    0.06379933    0.00014707    0.12944280
    0.04280096    0.00009849    0.08329096    0.06378100    0.00014943    0.12944280
    0.04278857    0.00009849    0.08329096    0.06376253    0.00014943    0.12944280
    0.04277627    0.00009693    0.08329096    0.06374420    0.00014707    0.12944280
    0.04276426    0.00009385    0.08329096    0.06372630    0.00014239    0.12944280
    0.04275273    0.00008929    0.08329096    0.06370913    0.00013547    0.12944280
    0.04274187    0.00008331    0.08329096    0.06369294    0.00012640    0.12944280
    0.04273184    0.00007603    0.08329096    0.06367799    0.00011535    0.12944280
    0.04272280    0.00006754    0.08329096    0.06366453    0.00010247    0.12944280
    0.04271490    0.00005799    0.08329096    0.06365275    0.00008798    0.12944280
    0.04270826    0.00004752    0.08329096    0.06364285    0.00007210    0.12944280
    0.04270298    0.00003630    0.08329096    0.06363499    0.00005508    0.12944280
    0.04269915    0.00002451    0.08329096    0.06362928    0.00003719    0.12944280
    0.04269683    0.00001234    0.08329096    0.06362582    0.00001872    0.12944280
    0.04269605   -0.00000004    0.08329096    0.06362466   -0.00000005    0.12944280
    0.04269683   -0.00001241    0.08329096    0.06362582   -0.00001883    0.12944280
    0.04269915   -0.00002459    0.08329096    0.06362928   -0.00003730    0.12944280
    0.04270298   -0.00003638    0.08329096    0.06363499   -0.00005519    0.12944280
    0.04270826   -0.00004759    0.08329096    0.06364285   -0.00007221    0.12944280
    0.04271490   -0.00005806    0.08329096    0.06365275   -0.00008809    0.12944280
    0.04272280   -0.00006761    0.08329096    0.06366453   -0.00010258    0.12944280
    0.04273184   -0.00007610    0.08329096    0.06367799   -0.00011546    0.12944280
    0.04274187   -0.00008339    0.08329096    0.06369294   -0.00012651    0.12944280
    0.04275273   -0.00008936    0.08329096    0.06370913   -0.00013558    0.12944280
    0.04276426   -0.00009392    0.08329096    0.06372630   -0.00014250    0.12944280
    0.04277627   -0.00009701    0.08329096    0.06374420   -0.00014718    0.12944280
    0.04278857   -0.00009856    0.08329096    0.06376253   -0.00014953    0.12944280
    0.04280096   -0.00009856    0.08329096    0.06378100   -0.00014953    0.12944280
    0.04281326   -0.00009701    0.08329096    0.06379933   -0.00014718    0.12944280
    0.04282527   -0.00009392    0.08329096    0.06381722   -0.00014250    0.12944280
    0.04283680   -0.00008936    0.08329096    0.06383440   -0.00013558    0.12944280
    0.04284766   -0.00008339    0.08329096    0.06385059   -0.00012651    0.12944280
    0.04285769   -0.00007610    0.08329096    0.06386553   -0.00011546    0.12944280
    0.04286673   -0.00006761    0.08329096    0.06387900   -0.00010258    0.12944280
    0.04287463   -0.00005806    0.08329096    0.06389078   -0.00008809    0.12944280
    0.04288127   -0.00004759    0.08329096    0.06390067   -0.00007221    0.12944280
    0.04288655   -0.00003638    0.08329096    0.06390854   -0.00005519    0.12944280
    0.04289038   -0.00002459    0.08329096    0.06391425   -0.00003730    0.12944280
    0.04289271   -0.00001241    0.08329096    0.06391771   -0.00001883    0.12944280
    0.04289226   -0.00000004    0.08329725    0.06391704   -0.00000005    0.12945258
    0.04289149    0.00001218    0.08329725    0.06391590    0.00001848    0.12945258
    0.04288920    0.00002421    0.08329725    0.06391248    0.00003673    0.12945258
    0.04288541    0.00003585    0.08329725    0.06390684    0.00005440    0.12945258
    0.04288020    0.00004693    0.08329725    0.06389907    0.00007120    0.12945258
    0.04287364    0.00005727    0.08329725    0.06388930    0.00008689    0.12945258
    0.04286583    0.00006670    0.08329725    0.06387767    0.00010120    0.12945258
    0.04285691    0.00007508    0.08329725    0.06386437    0.00011392    0.12945258
    0.04284700    0.00008228    0.08329725    0.06384961    0.00012484    0.12945258
    0.04283628    0.00008818    0.08329725    0.06383362    0.00013378    0.12945258
    0.04282489    0.00009269    0.08329725    0.06381666    0.00014062    0.12945258
    0.04281303    0.00009573    0.08329725    0.06379899    0.00014524    0.12945258
    0.04280089    0.00009726    0.08329725    0.06378089    0.00014757    0.12945258
    0.04278864    0.00009726    0.08329725    0.06376264    0.00014757    0.12945258
    0.04277650    0.00009573    0.08329725    0.06374454    0.00014524    0.12945258
    0.04276464    0.00009269    0.08329725    0.06372687    0.00014062    0.12945258
    0.04275326    0.00008818    0.08329725    0.06370990    0.00013378    0.12945258
    0.04274253    0.00008228    0.08329725    0.06369392    0.00012484    0.12945258
    0.04273262    0.00007508    0.08329725    0.06367916    0.00011392    0.12945258
    0.04272370    0.00006670    0.08329725    0.06366586    0.00010120    0.12945258
    0.04271589    0.00005727    0.08329725    0.06365423    0.00008689    0.12945258
    0.04270933    0.00004693    0.08329725    0.06364445    0.00007120    0.12945258
    0.04270412    0.00003585    0.08329725    0.06363668    0.00005440    0.12945258
    0.04270034    0.00002421    0.08329725    0.06363105    0.00003673    0.12945258
    0.04269804    0.00001218    0.08329725    0.06362763    0.00001848    0.12945258
    0.04269727   -0.00000004    0.08329725    0.06362648   -0.00000005    0.12945258
    0.04269804   -0.00001226    0.08329725    0.06362763   -0.00001859    0.12945258
    0.04270034   -0.00002428    0.08329725    0.06363105   -0.00003684    0.12945258
    0.04270412   -0.00003593    0.08329725    0.06363668   -0.00005451    0.12945258
    0.04270933   -0.00004700    0.08329725    0.06364445   -0.00007131    0.12945258
    0.04271589   -0.00005734    0.08329725    0.06365423   -0.00008700    0.12945258
    0.04272370   -0.00006677    0.08329725    0.06366586   -0.00010131    0.12945258
    0.04273262   -0.00007516    0.08329725    0.06367916   -0.00011403    0.12945258
    0.04274253   -0.00008235    0.08329725    0.06369392   -0.00012494    0.12945258
    0.04275326   -0.00008825    0.08329725    0.06370990   -0.00013389    0.12945258
    0.04276464   -0.00009276    0.08329725    0.06372687   -0.00014073    0.12945258
    0.04277650   -0.00009580    0.08329725    0.06374454   -0.00014535    0.12945258
    0.04278864   -0.00009734    0.08329725    0.06376264   -0.00014768    0.12945258
    0.04280089   -0.00009734    0.08329725    0.06378089   -0.00014768    0.12945258
    0.04281303   -0.00009580    0.08329725    0.06379899   -0.00014535    0.12945258
    0.04282489   -0.00009276    0.08329725    0.06381666   -0.00014073    0.12945258
    0.04283628   -0.00008825    0.08329725    0.06383362   -0.00013389    0.12945258
    0.04284700   -0.00008235    0.08329725    0.06384961   -0.00012494    0.12945258
    0.04285691   -0.00007516    0.08329725    0.06386437   -0.00011403    0.12945258
    0.04286583   -0.00006677    0.08329725    0.06387767   -0.00010131    0.12945258
    0.04287364   -0.00005734    0.08329725    0.06388930   -0.00008700    0.12945258
    0.04288020   -0.00004700    0.08329725    0.06389907   -0.00007131    0.12945258
    0.04288541   -0.00003593    0.08329725    0.06390684   -0.00005451    0.12945258
    0.04288920   -0.00002428    0.08329725    0.06391248   -0.00003684    0.12945258
    0.04289149   -0.00001226    0.08329725    0.06391590   -0.00001859    0.12945258
    0.04289063   -0.00000004    0.08330345    0.06391462   -0.00000005    0.12946222
    0.04288988    0.00001198    0.08330345    0.06391349    0.00001817    0.12946222
    0.04288762    0.00002380    0.08330345    0.06391013    0.00003612    0.12946222
    0.04288390    0.00003525    0.08330345    0.06390459    0.00005349    0.12946222
    0.04287877    0.00004615    0.08330345    0.06389695    0.00007002    0.12946222
    0.04287232    0.00005631    0.08330345    0.06388734    0.00008544    0.12946222
    0.04286465    0.00006559    0.08330345    0.06387590    0.00009951    0.12946222
    0.04285587    0.00007383    0.08330345    0.06386282    0.00011202    0.12946222
    0.04284613    0.00008091    0.08330345    0.06384831    0.00012275    0.12946222
    0.04283558    0.00008671    0.08330345    0.06383259    0.00013155    0.12946222
    0.04282439    0.00009114    0.08330345    0.06381591    0.00013828    0.12946222
    0.04281273    0.00009413    0.08330345    0.06379853    0.00014282    0.12946222
    0.04280079    0.00009564    0.08330345    0.06378073    0.00014511    0.12946222
    0.04278875    0.00009564    0.08330345    0.06376279    0.00014511    0.12946222
    0.04277680    0.00009413    0.08330345    0.06374499    0.00014282    0.12946222
    0.04276514    0.00009114    0.08330345    0.06372762    0.00013828    0.12946222
    0.04275395    0.00008671    0.08330345    0.06371094    0.00013155    0.12946222
    0.04274340    0.00008091    0.08330345    0.06369522    0.00012275    0.12946222
    0.04273366    0.00007383    0.08330345    0.06368070    0.00011202    0.12946222
    0.04272488    0.00006559    0.08330345    0.06366762    0.00009951    0.12946222
    0.04271721    0.00005631    0.08330345    0.06365619    0.00008544    0.12946222
    0.04271076    0.00004615    0.08330345    0.06364657    0.00007002    0.12946222
    0.04270563    0.00003525    0.08330345    0.06363894    0.00005349    0.12946222
    0.04270191    0.00002380    0.08330345    0.06363339    0.00003612    0.12946222
    0.04269965    0.00001198    0.08330345    0.06363003    0.00001817    0.12946222
    0.04269890   -0.00000004    0.08330345    0.06362890   -0.00000005    0.12946222
    0.04269965   -0.00001205    0.08330345    0.06363003   -0.00001828    0.12946222
    0.04270191   -0.00002388    0.08330345    0.06363339   -0.00003623    0.12946222
    0.04270563   -0.00003533    0.08330345    0.06363894   -0.00005360    0.12946222
    0.04271076   -0.00004622    0.08330345    0.06364657   -0.00007013    0.12946222
    0.04271721   -0.00005639    0.08330345    0.06365619   -0.00008555    0.12946222
    0.04272488   -0.00006566    0.08330345    0.06366762   -0.00009962    0.12946222
    0.04273366   -0.00007390    0.08330345    0.06368070   -0.00011213    0.12946222
    0.04274340   -0.00008098    0.08330345    0.06369522   -0.00012286    0.12946222
    0.04275395   -0.00008678    0.08330345    0.06371094   -0.00013166    0.12946222
    0.04276514   -0.00009121    0.08330345    0.06372762   -0.00013839    0.12946222
    0.04277680   -0.00009420    0.08330345    0.06374499   -0.00014293    0.12946222
    0.04278875   -0.00009571    0.08330345    0.06376279   -0.00014522    0.12946222
    0.04280079   -0.00009571    0.08330345    0.06378073   -0.00014522    0.12946222
    0.04281273   -0.00009420    0.08330345    0.06379853   -0.00014293    0.12946222
    0.04282439   -0.00009121    0.08330345    0.06381591   -0.00013839    0.12946222
    0.04283558   -0.00008678    0.08330345    0.06383259   -0.00013166    0.12946222
    0.04284613   -0.00008098    0.08330345    0.06384831   -0.00012286    0.12946222
    0.04285587   -0.00007390    0.08330345    0.06386282   -0.00011213    0.12946222
    0.04286465   -0.00006566    0.08330345    0.06387590   -0.00009962    0.12946222
    0.04287232   -0.00005639    0.08330345    0.06388734   -0.00008555    0.12946222
    0.04287877   -0.00004622    0.08330345    0.06389695   -0.00007013    0.12946222
    0.04288390   -0.00003533    0.08330345    0.06390459   -0.00005360    0.12946222
    0.04288762   -0.00002388    0.08330345    0.06391013   -0.00003623    0.12946222
    0.04288988   -0.00001205    0.08330345    0.06391349   -0.00001828    0.12946222
    0.04288861   -0.00000004    0.08330953    0.06391161   -0.00000005    0.12947167
    0.04288787    0.00001173    0.08330953    0.06391051    0.00001779    0.12947167
    0.04288566    0.00002330    0.08330953    0.06390722    0.00003535    0.12947167
    0.04288202    0.00003451    0.08330953    0.06390179    0.00005236    0.12947167
    0.04287700    0.00004517    0.08330953    0.06389431    0.00006854    0.12947167
    0.04287069    0.00005513    0.08330953    0.06388490    0.00008364    0.12947167
    0.04286318    0.00006421    0.08330953    0.06387371    0.00009741    0.12947167
    0.04285459    0.00007227    0.08330953    0.06386091    0.00010965    0.12947167
    0.04284505    0.00007920    0.08330953    0.06384670    0.00012016    0.12947167
    0.04283472    0.00008488    0.08330953    0.06383131    0.00012878    0.12947167
    0.04282377    0.00008922    0.08330953    0.06381498    0.00013536    0.12947167
    0.04281235    0.00009215    0.08330953    0.06379797    0.00013981    0.12947167
    0.04280066    0.00009363    0.08330953    0.06378054    0.00014205    0.12947167
    0.04278887    0.00009363    0.08330953    0.06376298    0.00014205    0.12947167
    0.04277718    0.00009215    0.08330953    0.06374556    0.00013981    0.12947167
    0.04276577    0.00008922    0.08330953    0.06372855    0.00013536    0.12947167
    0.04275481    0.00008488    0.08330953    0.06371222    0.00012878    0.12947167
    0.04274448    0.00007920    0.08330953    0.06369683    0.00012016    0.12947167
    0.04273495    0.00007227    0.08330953    0.06368262    0.00010965    0.12947167
    0.04272635    0.00006421    0.08330953    0.06366982    0.00009741    0.12947167
    0.04271884    0.00005513    0.08330953    0.06365862    0.00008364    0.12947167
    0.04271253    0.00004517    0.08330953    0.06364921    0.00006854    0.12947167
    0.04270751    0.00003451    0.08330953    0.06364174    0.00005236    0.12947167
    0.04270387    0.00002330    0.08330953    0.06363631    0.00003535    0.12947167
    0.04270166    0.00001173    0.08330953    0.06363302    0.00001779    0.12947167
    0.04270092   -0.00000004    0.08330953    0.06363191   -0.00000005    0.12947167
    0.04270166   -0.00001180    0.08330953    0.06363302   -0.00001790    0.12947167
    0.04270387   -0.00002337    0.08330953    0.06363631   -0.00003546    0.12947167
    0.04270751   -0.00003458    0.08330953    0.06364174   -0.00005247    0.12947167
    0.04271253   -0.00004525    0.08330953    0.06364921   -0.00006865    0.12947167
    0.04271884   -0.00005520    0.08330953    0.06365862   -0.00008375    0.12947167
    0.04272635   -0.00006428    0.08330953    0.06366982   -0.00009752    0.12947167
    0.04273495   -0.00007235    0.08330953    0.06368262   -0.00010976    0.12947167
    0.04274448   -0.00007927    0.08330953    0.06369683   -0.00012027    0.12947167
    0.04275481   -0.00008495    0.08330953    0.06371222   -0.00012889    0.12947167
    0.04276577   -0.00008929    0.08330953    0.06372855   -0.00013547    0.12947167
    0.04277718   -0.00009222    0.08330953    0.06374556   -0.00013992    0.12947167
    0.04278887   -0.00009370    0.08330953    0.06376298   -0.00014216    0.12947167
    0.04280066   -0.00009370    0.08330953    0.06378054   -0.00014216    0.12947167
    0.04281235   -0.00009222    0.08330953    0.06379797   -0.00013992    0.12947167
    0.04282377   -0.00008929    0.08330953    0.06381498   -0.00013547    0.12947167
    0.04283472   -0.00008495    0.08330953    0.06383131   -0.00012889    0.12947167
    0.04284505   -0.00007927    0.08330953    0.06384670   -0.00012027    0.12947167
    0.04285459   -0.00007235    0.08330953    0.06386091   -0.00010976    0.12947167
    0.04286318   -0.00006428    0.08330953    0.06387371   -0.00009752    0.12947167
    0.04287069   -0.00005520    0.08330953    0.06388490   -0.00008375    0.12947167
    0.04287700   -0.00004525    0.08330953    0.06389431   -0.00006865    0.12947167
    0.04288202   -0.00003458    0.08330953    0.06390179   -0.00005247    0.12947167
    0.04288566   -0.00002337    0.08330953    0.06390722   -0.00003546    0.12947167
    0.04288787   -0.00001180    0.08330953    0.06391051   -0.00001790    0.12947167
    0.04288621   -0.00000004    0.08331548    0.06390803   -0.00000005    0.12948090
    0.04288549    0.00001142    0.08331548    0.06390695    0.00001733    0.12948090
    0.04288333    0.00002270    0.08331548    0.06390375    0.00003445    0.12948090
    0.04287979    0.00003363    0.08331548    0.06389846    0.00005102    0.12948090
    0.04287490    0.00004402    0.08331548    0.06389117    0.00006678    0.12948090
    0.04286874    0.00005371    0.08331548    0.06388200    0.00008149    0.12948090
    0.04286142    0.00006256    0.08331548    0.06387109    0.00009492    0.12948090
    0.04285305    0.00007042    0.08331548    0.06385862    0.00010684    0.12948090
    0.04284376    0.00007717    0.08331548    0.06384478    0.00011708    0.12948090
    0.04283370    0.00008270    0.08331548    0.06382978    0.00012548    0.12948090
    0.04282302    0.00008693    0.08331548    0.06381387    0.00013189    0.12948090
    0.04281190    0.00008979    0.08331548    0.06379730    0.00013622    0.12948090
    0.04280051    0.00009122    0.08331548    0.06378032    0.00013841    0.12948090
    0.04278902    0.00009122    0.08331548    0.06376321    0.00013841    0.12948090
    0.04277763    0.00008979    0.08331548    0.06374623    0.00013622    0.12948090
    0.04276651    0.00008693    0.08331548    0.06372966    0.00013189    0.12948090
    0.04275583    0.00008270    0.08331548    0.06371374    0.00012548    0.12948090
    0.04274577    0.00007717    0.08331548    0.06369875    0.00011708    0.12948090
    0.04273648    0.00007042    0.08331548    0.06368491    0.00010684    0.12948090
    0.04272811    0.00006256    0.08331548    0.06367243    0.00009492    0.12948090
    0.04272079    0.00005371    0.08331548    0.06366152    0.00008149    0.12948090
    0.04271464    0.00004402    0.08331548    0.06365235    0.00006678    0.12948090
    0.04270975    0.00003363    0.08331548    0.06364507    0.00005102    0.12948090
    0.04270620    0.00002270    0.08331548    0.06363978    0.00003445    0.12948090
    0.04270405    0.00001142    0.08331548    0.06363657    0.00001733    0.12948090
    0.04270332   -0.00000004    0.08331548    0.06363550   -0.00000005    0.12948090
    0.04270405   -0.00001150    0.08331548    0.06363657   -0.00001744    0.12948090
    0.04270620   -0.00002278    0.08331548    0.06363978   -0.00003456    0.12948090
    0.04270975   -0.00003370    0.08331548    0.06364507   -0.00005113    0.12948090
    0.04271464   -0.00004409    0.08331548    0.06365235   -0.00006689    0.12948090
    0.04272079   -0.00005378    0.08331548    0.06366152   -0.00008160    0.12948090
    0.04272811   -0.00006263    0.08331548    0.06367243   -0.00009503    0.12948090
    0.04273648   -0.00007049    0.08331548    0.06368491   -0.00010695    0.12948090
    0.04274577   -0.00007724    0.08331548    0.06369875   -0.00011719    0.12948090
    0.04275583   -0.00008277    0.08331548    0.06371374   -0.00012559    0.12948090
    0.04276651   -0.00008700    0.08331548    0.06372966   -0.00013200    0.12948090
    0.04277763   -0.00008986    0.08331548    0.06374623   -0.00013633    0.12948090
    0.04278902   -0.00009130    0.08331548    0.06376321   -0.00013852    0.12948090
    0.04280051   -0.00009130    0.08331548    0.06378032   -0.00013852    0.12948090
    0.04281190   -0.00008986    0.08331548    0.06379730   -0.00013633    0.12948090
    0.04282302   -0.00008700    0.08331548    0.06381387   -0.00013200    0.12948090
    0.04283370   -0.00008277    0.08331548    0.06382978   -0.00012559    0.12948090
    0.04284376   -0.00007724    0.08331548    0.06384478   -0.00011719    0.12948090
    0.04285305   -0.00007049    0.08331548    0.06385862   -0.00010695    0.12948090
    0.04286142   -0.00006263    0.08331548    0.06387109   -0.00009503    0.12948090
    0.04286874   -0.00005378    0.08331548    0.06388200   -0.00008160    0.12948090
    0.04287490   -0.00004409    0.08331548    0.06389117   -0.00006689    0.12948090
    0.04287979   -0.00003370    0.08331548    0.06389846   -0.00005113    0.12948090
    0.04288333   -0.00002278    0.08331548    0.06390375   -0.00003456    0.12948090
    0.04288549   -0.00001150    0.08331548    0.06390695   -0.00001744    0.12948090
    0.04288343   -0.00000004    0.08332125    0.06390388   -0.00000005    0.12948988
    0.04288273    0.00001108    0.08332125    0.06390284    0.00001680    0.12948988
    0.04288064    0.00002201    0.08332125    0.06389973    0.00003340    0.12948988
    0.04287720    0.00003260    0.08332125    0.06389460    0.00004946    0.12948988
    0.04287246    0.00004268    0.08332125    0.06388754    0.00006475    0.12948988
    0.04286649    0.00005208    0.08332125    0.06387865    0.00007901    0.12948988
    0.04285940    0.00006066    0.08332125    0.06386807    0.00009203    0.12948988
    0.04285128    0.00006828    0.08332125    0.06385598    0.00010359    0.12948988
    0.04284227    0.00007482    0.08332125    0.06384256    0.00011352    0.12948988
    0.04283252    0.00008019    0.08332125    0.06382802    0.00012166    0.12948988
    0.04282216    0.00008428    0.08332125    0.06381259    0.00012788    0.12948988
    0.04281138    0.00008705    0.08332125    0.06379652    0.00013208    0.12948988
    0.04280033    0.00008845    0.08332125    0.06378006    0.00013420    0.12948988
    0.04278920    0.00008845    0.08332125    0.06376347    0.00013420    0.12948988
    0.04277815    0.00008705    0.08332125    0.06374701    0.00013208    0.12948988
    0.04276737    0.00008428    0.08332125    0.06373094    0.00012788    0.12948988
    0.04275702    0.00008019    0.08332125    0.06371551    0.00012166    0.12948988
    0.04274726    0.00007482    0.08332125    0.06370097    0.00011352    0.12948988
    0.04273825    0.00006828    0.08332125    0.06368755    0.00010359    0.12948988
    0.04273014    0.00006066    0.08332125    0.06367545    0.00009203    0.12948988
    0.04272304    0.00005208    0.08332125    0.06366488    0.00007901    0.12948988
    0.04271707    0.00004268    0.08332125    0.06365599    0.00006475    0.12948988
    0.04271233    0.00003260    0.08332125    0.06364892    0.00004946    0.12948988
    0.04270889    0.00002201    0.08332125    0.06364379    0.00003340    0.12948988
    0.04270680    0.00001108    0.08332125    0.06364069    0.00001680    0.12948988
    0.04270611   -0.00000004    0.08332125    0.06363964   -0.00000005    0.12948988
    0.04270680   -0.00001115    0.08332125    0.06364069   -0.00001691    0.12948988
    0.04270889   -0.00002208    0.08332125    0.06364379   -0.00003351    0.12948988
    0.04271233   -0.00003267    0.08332125    0.06364892   -0.00004957    0.12948988
    0.04271707   -0.00004275    0.08332125    0.06365599   -0.00006486    0.12948988
    0.04272304   -0.00005215    0.08332125    0.06366488   -0.00007912    0.12948988
    0.04273014   -0.00006073    0.08332125    0.06367545   -0.00009214    0.12948988
    0.04273825   -0.00006835    0.08332125    0.06368755   -0.00010370    0.12948988
    0.04274726   -0.00007489    0.08332125    0.06370097   -0.00011363    0.12948988
    0.04275702   -0.00008026    0.08332125    0.06371551   -0.00012177    0.12948988
    0.04276737   -0.00008436    0.08332125    0.06373094   -0.00012799    0.12948988
    0.04277815   -0.00008713    0.08332125    0.06374701   -0.00013219    0.12948988
    0.04278920   -0.00008852    0.08332125    0.06376347   -0.00013430    0.12948988
    0.04280033   -0.00008852    0.08332125    0.06378006   -0.00013430    0.12948988
    0.04281138   -0.00008713    0.08332125    0.06379652   -0.00013219    0.12948988
    0.04282216   -0.00008436    0.08332125    0.06381259   -0.00012799    0.12948988
    0.04283252   -0.00008026    0.08332125    0.06382802   -0.00012177    0.12948988
    0.04284227   -0.00007489    0.08332125    0.06384256   -0.00011363    0.12948988
    0.04285128   -0.00006835    0.08332125    0.06385598   -0.00010370    0.12948988
    0.04285940   -0.00006073    0.08332125    0.06386807   -0.00009214    0.12948988
    0.04286649   -0.00005215    0.08332125    0.06387865   -0.00007912    0.12948988
    0.04287246   -0.00004275    0.08332125    0.06388754   -0.00006486    0.12948988
    0.04287720   -0.00003267    0.08332125    0.06389460   -0.00004957    0.12948988
    0.04288064   -0.00002208    0.08332125    0.06389973   -0.00003351    0.12948988
    0.04288273   -0.00001115    0.08332125    0.06390284   -0.00001691    0.12948988
    0.04288028   -0.00000004    0.08332684    0.06389919   -0.00000005    0.12949856
    0.04287961    0.00001068    0.08332684    0.06389819    0.00001621    0.12949856
    0.04287759    0.00002123    0.08332684    0.06389519    0.00003221    0.12949856
    0.04287427    0.00003144    0.08332684    0.06389025    0.00004771    0.12949856
    0.04286970    0.00004116    0.08332684    0.06388343    0.00006245    0.12949856
    0.04286395    0.00005023    0.08332684    0.06387486    0.00007621    0.12949856
    0.04285710    0.00005850    0.08332684    0.06386466    0.00008876    0.12949856
    0.04284927    0.00006585    0.08332684    0.06385299    0.00009991    0.12949856
    0.04284059    0.00007217    0.08332684    0.06384004    0.00010949    0.12949856
    0.04283118    0.00007734    0.08332684    0.06382602    0.00011734    0.12949856
    0.04282119    0.00008129    0.08332684    0.06381114    0.00012334    0.12949856
    0.04281079    0.00008396    0.08332684    0.06379564    0.00012739    0.12949856
    0.04280014    0.00008531    0.08332684    0.06377976    0.00012943    0.12949856
    0.04278940    0.00008531    0.08332684    0.06376376    0.00012943    0.12949856
    0.04277874    0.00008396    0.08332684    0.06374788    0.00012739    0.12949856
    0.04276834    0.00008129    0.08332684    0.06373238    0.00012334    0.12949856
    0.04275836    0.00007734    0.08332684    0.06371751    0.00011734    0.12949856
    0.04274894    0.00007217    0.08332684    0.06370348    0.00010949    0.12949856
    0.04274026    0.00006585    0.08332684    0.06369053    0.00009991    0.12949856
    0.04273243    0.00005850    0.08332684    0.06367887    0.00008876    0.12949856
    0.04272558    0.00005023    0.08332684    0.06366867    0.00007621    0.12949856
    0.04271983    0.00004116    0.08332684    0.06366009    0.00006245    0.12949856
    0.04271526    0.00003144    0.08332684    0.06365328    0.00004771    0.12949856
    0.04271194    0.00002123    0.08332684    0.06364833    0.00003221    0.12949856
    0.04270993    0.00001068    0.08332684    0.06364534    0.00001621    0.12949856
    0.04270925   -0.00000004    0.08332684    0.06364433   -0.00000005    0.12949856
    0.04270993   -0.00001075    0.08332684    0.06364534   -0.00001632    0.12949856
    0.04271194   -0.00002130    0.08332684    0.06364833   -0.00003232    0.12949856
    0.04271526   -0.00003152    0.08332684    0.06365328   -0.00004782    0.12949856
    0.04271983   -0.00004123    0.08332684    0.06366009   -0.00006256    0.12949856
    0.04272558   -0.00005030    0.08332684    0.06366867   -0.00007632    0.12949856
    0.04273243   -0.00005857    0.08332684    0.06367887   -0.00008887    0.12949856
    0.04274026   -0.00006593    0.08332684    0.06369053   -0.00010002    0.12949856
    0.04274894   -0.00007224    0.08332684    0.06370348   -0.00010960    0.12949856
    0.04275836   -0.00007741    0.08332684    0.06371751   -0.00011745    0.12949856
    0.04276834   -0.00008137    0.08332684    0.06373238   -0.00012345    0.12949856
    0.04277874   -0.00008404    0.08332684    0.06374788   -0.00012750    0.12949856
    0.04278940   -0.00008538    0.08332684    0.06376376   -0.00012954    0.12949856
    0.04280014   -0.00008538    0.08332684    0.06377976   -0.00012954    0.12949856
    0.04281079   -0.00008404    0.08332684    0.06379564   -0.00012750    0.12949856
    0.04282119   -0.00008137    0.08332684    0.06381114   -0.00012345    0.12949856
    0.04283118   -0.00007741    0.08332684    0.06382602   -0.00011745    0.12949856
    0.04284059   -0.00007224    0.08332684    0.06384004   -0.00010960    0.12949856
    0.04284927   -0.00006593    0.08332684    0.06385299   -0.00010002    0.12949856
    0.04285710   -0.00005857    0.08332684    0.06386466   -0.00008887    0.12949856
    0.04286395   -0.00005030    0.08332684    0.06387486   -0.00007632    0.12949856
    0.04286970   -0.00004123    0.08332684    0.06388343   -0.00006256    0.12949856
    0.04287427   -0.00003152    0.08332684    0.06389025   -0.00004782    0.12949856
    0.04287759   -0.00002130    0.08332684    0.06389519   -0.00003232    0.12949856
    0.04287961   -0.00001075    0.08332684    0.06389819   -0.00001632    0.12949856
    0.04287678   -0.00000004    0.08333221    0.06389398   -0.00000005    0.12950691
    0.04287614    0.00001024    0.08333221    0.06389302    0.00001554    0.12950691
    0.04287421    0.00002036    0.08333221    0.06389014    0.00003089    0.12950691
    0.04287102    0.00003016    0.08333221    0.06388540    0.00004575    0.12950691
    0.04286664    0.00003948    0.08333221    0.06387887    0.00005989    0.12950691
    0.04286112    0.00004817    0.08333221    0.06387064    0.00007309    0.12950691
    0.04285455    0.00005611    0.08333221    0.06386086    0.00008513    0.12950691
    0.04284705    0.00006316    0.08333221    0.06384967    0.00009583    0.12950691
    0.04283871    0.00006921    0.08333221    0.06383725    0.00010501    0.12950691
    0.04282969    0.00007418    0.08333221    0.06382380    0.00011254    0.12950691
    0.04282011    0.00007797    0.08333221    0.06380953    0.00011829    0.12950691
    0.04281013    0.00008053    0.08333221    0.06379466    0.00012218    0.12950691
    0.04279992    0.00008182    0.08333221    0.06377944    0.00012414    0.12950691
    0.04278962    0.00008182    0.08333221    0.06376409    0.00012414    0.12950691
    0.04277940    0.00008053    0.08333221    0.06374886    0.00012218    0.12950691
    0.04276942    0.00007797    0.08333221    0.06373399    0.00011829    0.12950691
    0.04275984    0.00007418    0.08333221    0.06371972    0.00011254    0.12950691
    0.04275082    0.00006921    0.08333221    0.06370627    0.00010501    0.12950691
    0.04274249    0.00006316    0.08333221    0.06369386    0.00009583    0.12950691
    0.04273498    0.00005611    0.08333221    0.06368267    0.00008513    0.12950691
    0.04272841    0.00004817    0.08333221    0.06367288    0.00007309    0.12950691
    0.04272289    0.00003948    0.08333221    0.06366466    0.00005989    0.12950691
    0.04271851    0.00003016    0.08333221    0.06365813    0.00004575    0.12950691
    0.04271533    0.00002036    0.08333221    0.06365338    0.00003089    0.12950691
    0.04271340    0.00001024    0.08333221    0.06365051    0.00001554    0.12950691
    0.04271275   -0.00000004    0.08333221    0.06364954   -0.00000005    0.12950691
    0.04271340   -0.00001032    0.08333221    0.06365051   -0.00001565    0.12950691
    0.04271533   -0.00002043    0.08333221    0.06365338   -0.00003100    0.12950691
    0.04271851   -0.00003023    0.08333221    0.06365813   -0.00004586    0.12950691
    0.04272289   -0.00003955    0.08333221    0.06366466   -0.00006000    0.12950691
    0.04272841   -0.00004824    0.08333221    0.06367288   -0.00007320    0.12950691
    0.04273498   -0.00005618    0.08333221    0.06368267   -0.00008524    0.12950691
    0.04274249   -0.00006323    0.08333221    0.06369386   -0.00009594    0.12950691
    0.04275082   -0.00006929    0.08333221    0.06370627   -0.00010512    0.12950691
    0.04275984   -0.00007425    0.08333221    0.06371972   -0.00011265    0.12950691
    0.04276942   -0.00007804    0.08333221    0.06373399   -0.00011840    0.12950691
    0.04277940   -0.00008060    0.08333221    0.06374886   -0.00012229    0.12950691
    0.04278962   -0.00008189    0.08333221    0.06376409   -0.00012425    0.12950691
    0.04279992   -0.00008189    0.08333221    0.06377944   -0.00012425    0.12950691
    0.04281013   -0.00008060    0.08333221    0.06379466   -0.00012229    0.12950691
    0.04282011   -0.00007804    0.08333221    0.06380953   -0.00011840    0.12950691
    0.04282969   -0.00007425    0.08333221    0.06382380   -0.00011265    0.12950691
    0.04283871   -0.00006929    0.08333221    0.06383725   -0.00010512    0.12950691
    0.04284705   -0.00006323    0.08333221    0.06384967   -0.00009594    0.12950691
    0.04285455   -0.00005618    0.08333221    0.06386086   -0.00008524    0.12950691
    0.04286112   -0.00004824    0.08333221    0.06387064   -0.00007320    0.12950691
    0.04286664   -0.00003955    0.08333221    0.06387887   -0.00006000    0.12950691
    0.04287102   -0.00003023    0.08333221    0.06388540   -0.00004586    0.12950691
    0.04287421   -0.00002043    0.08333221    0.06389014   -0.00003100    0.12950691
    0.04287614   -0.00001032    0.08333221    0.06389302   -0.00001565    0.12950691
    0.04287295   -0.00000004    0.08333735    0.06388827   -0.00000005    0.12951489
    0.04287233    0.00000976    0.08333735    0.06388735    0.00001481    0.12951489
    0.04287049    0.00001941    0.08333735    0.06388461    0.00002944    0.12951489
    0.04286746    0.00002875    0.08333735    0.06388009    0.00004361    0.12951489
    0.04286328    0.00003763    0.08333735    0.06387386    0.00005709    0.12951489
    0.04285802    0.00004592    0.08333735    0.06386602    0.00006967    0.12951489
    0.04285176    0.00005348    0.08333735    0.06385669    0.00008115    0.12951489
    0.04284460    0.00006021    0.08333735    0.06384603    0.00009134    0.12951489
    0.04283666    0.00006598    0.08333735    0.06383419    0.00010010    0.12951489
    0.04282805    0.00007071    0.08333735    0.06382137    0.00010728    0.12951489
    0.04281893    0.00007432    0.08333735    0.06380777    0.00011276    0.12951489
    0.04280942    0.00007676    0.08333735    0.06379359    0.00011646    0.12951489
    0.04279967    0.00007799    0.08333735    0.06377908    0.00011833    0.12951489
    0.04278986    0.00007799    0.08333735    0.06376445    0.00011833    0.12951489
    0.04278012    0.00007676    0.08333735    0.06374993    0.00011646    0.12951489
    0.04277061    0.00007432    0.08333735    0.06373576    0.00011276    0.12951489
    0.04276148    0.00007071    0.08333735    0.06372216    0.00010728    0.12951489
    0.04275287    0.00006598    0.08333735    0.06370934    0.00010010    0.12951489
    0.04274493    0.00006021    0.08333735    0.06369750    0.00009134    0.12951489
    0.04273777    0.00005348    0.08333735    0.06368683    0.00008115    0.12951489
    0.04273151    0.00004592    0.08333735    0.06367751    0.00006967    0.12951489
    0.04272625    0.00003763    0.08333735    0.06366967    0.00005709    0.12951489
    0.04272207    0.00002875    0.08333735    0.06366344    0.00004361    0.12951489
    0.04271904    0.00001941    0.08333735    0.06365892    0.00002944    0.12951489
    0.04271720    0.00000976    0.08333735    0.06365617    0.00001481    0.12951489
    0.04271658   -0.00000004    0.08333735    0.06365526   -0.00000005    0.12951489
    0.04271720   -0.00000984    0.08333735    0.06365617   -0.00001492    0.12951489
    0.04271904   -0.00001948    0.08333735    0.06365892   -0.00002955    0.12951489
    0.04272207   -0.00002882    0.08333735    0.06366344   -0.00004372    0.12951489
    0.04272625   -0.00003770    0.08333735    0.06366967   -0.00005720    0.12951489
    0.04273151   -0.00004599    0.08333735    0.06367751   -0.00006978    0.12951489
    0.04273777   -0.00005356    0.08333735    0.06368683   -0.00008126    0.12951489
    0.04274493   -0.00006028    0.08333735    0.06369750   -0.00009145    0.12951489
    0.04275287   -0.00006605    0.08333735    0.06370934   -0.00010021    0.12951489
    0.04276148   -0.00007078    0.08333735    0.06372216   -0.00010739    0.12951489
    0.04277061   -0.00007439    0.08333735    0.06373576   -0.00011287    0.12951489
    0.04278012   -0.00007683    0.08333735    0.06374993   -0.00011657    0.12951489
    0.04278986   -0.00007806    0.08333735    0.06376445   -0.00011844    0.12951489
    0.04279967   -0.00007806    0.08333735    0.06377908   -0.00011844    0.12951489
    0.04280942   -0.00007683    0.08333735    0.06379359   -0.00011657    0.12951489
    0.04281893   -0.00007439    0.08333735    0.06380777   -0.00011287    0.12951489
    0.04282805   -0.00007078    0.08333735    0.06382137   -0.00010739    0.12951489
    0.04283666   -0.00006605    0.08333735    0.06383419   -0.00010021    0.12951489
    0.04284460   -0.00006028    0.08333735    0.06384603   -0.00009145    0.12951489
    0.04285176   -0.00005356    0.08333735    0.06385669   -0.00008126    0.12951489
    0.04285802   -0.00004599    0.08333735    0.06386602   -0.00006978    0.12951489
    0.04286328   -0.00003770    0.08333735    0.06387386   -0.00005720    0.12951489
    0.04286746   -0.00002882    0.08333735    0.06388009   -0.00004372    0.12951489
    0.04287049   -0.00001948    0.08333735    0.06388461   -0.00002955    0.12951489
    0.04287233   -0.00000984    0.08333735    0.06388735   -0.00001492    0.12951489
    0.04286879   -0.00000004    0.08334223    0.06388208   -0.00000005    0.12952248
    0.04286821    0.00000924    0.08334223    0.06388121    0.00001402    0.12952248
    0.04286647    0.00001837    0.08334223    0.06387861    0.00002788    0.12952248
    0.04286359    0.00002722    0.08334223    0.06387433    0.00004129    0.12952248
    0.04285964    0.00003563    0.08334223    0.06386843    0.00005405    0.12952248
    0.04285466    0.00004348    0.08334223    0.06386101    0.00006596    0.12952248
    0.04284873    0.00005064    0.08334223    0.06385218    0.00007683    0.12952248
    0.04284195    0.00005700    0.08334223    0.06384208    0.00008649    0.12952248
    0.04283443    0.00006247    0.08334223    0.06383087    0.00009478    0.12952248
    0.04282629    0.00006695    0.08334223    0.06381873    0.00010157    0.12952248
    0.04281764    0.00007037    0.08334223    0.06380585    0.00010676    0.12952248
    0.04280864    0.00007268    0.08334223    0.06379243    0.00011027    0.12952248
    0.04279941    0.00007385    0.08334223    0.06377869    0.00011204    0.12952248
    0.04279012    0.00007385    0.08334223    0.06376484    0.00011204    0.12952248
    0.04278089    0.00007268    0.08334223    0.06375109    0.00011027    0.12952248
    0.04277189    0.00007037    0.08334223    0.06373767    0.00010676    0.12952248
    0.04276325    0.00006695    0.08334223    0.06372479    0.00010157    0.12952248
    0.04275510    0.00006247    0.08334223    0.06371265    0.00009478    0.12952248
    0.04274758    0.00005700    0.08334223    0.06370145    0.00008649    0.12952248
    0.04274080    0.00005064    0.08334223    0.06369135    0.00007683    0.12952248
    0.04273488    0.00004348    0.08334223    0.06368252    0.00006596    0.12952248
    0.04272989    0.00003563    0.08334223    0.06367509    0.00005405    0.12952248
    0.04272594    0.00002722    0.08334223    0.06366919    0.00004129    0.12952248
    0.04272306    0.00001837    0.08334223    0.06366491    0.00002788    0.12952248
    0.04272132    0.00000924    0.08334223    0.06366232    0.00001402    0.12952248
    0.04272074   -0.00000004    0.08334223    0.06366145   -0.00000005    0.12952248
    0.04272132   -0.00000931    0.08334223    0.06366232   -0.00001413    0.12952248
    0.04272306   -0.00001845    0.08334223    0.06366491   -0.00002799    0.12952248
    0.04272594   -0.00002729    0.08334223    0.06366919   -0.00004140    0.12952248
    0.04272989   -0.00003570    0.08334223    0.06367509   -0.00005416    0.12952248
    0.04273488   -0.00004355    0.08334223    0.06368252   -0.00006607    0.12952248
    0.04274080   -0.00005071    0.08334223    0.06369135   -0.00007694    0.12952248
    0.04274758   -0.00005708    0.08334223    0.06370145   -0.00008660    0.12952248
    0.04275510   -0.00006254    0.08334223    0.06371265   -0.00009489    0.12952248
    0.04276325   -0.00006702    0.08334223    0.06372479   -0.00010168    0.12952248
    0.04277189   -0.00007044    0.08334223    0.06373767   -0.00010687    0.12952248
    0.04278089   -0.00007275    0.08334223    0.06375109   -0.00011038    0.12952248
    0.04279012   -0.00007392    0.08334223    0.06376484   -0.00011215    0.12952248
    0.04279941   -0.00007392    0.08334223    0.06377869   -0.00011215    0.12952248
    0.04280864   -0.00007275    0.08334223    0.06379243   -0.00011038    0.12952248
    0.04281764   -0.00007044    0.08334223    0.06380585   -0.00010687    0.12952248
    0.04282629   -0.00006702    0.08334223    0.06381873   -0.00010168    0.12952248
    0.04283443   -0.00006254    0.08334223    0.06383087   -0.00009489    0.12952248
    0.04284195   -0.00005708    0.08334223    0.06384208   -0.00008660    0.12952248
    0.04284873   -0.00005071    0.08334223    0.06385218   -0.00007694    0.12952248
    0.04285466   -0.00004355    0.08334223    0.06386101   -0.00006607    0.12952248
    0.04285964   -0.00003570    0.08334223    0.06386843   -0.00005416    0.12952248
    0.04286359   -0.00002729    0.08334223    0.06387433   -0.00004140    0.12952248
    0.04286647   -0.00001845    0.08334223    0.06387861   -0.00002799    0.12952248
    0.04286821   -0.00000931    0.08334223    0.06388121   -0.00001413    0.12952248
    0.04286433   -0.00000004    0.08334683    0.06387543   -0.00000005    0.12952964
    0.04286379    0.00000868    0.08334683    0.06387461    0.00001317    0.12952964
    0.04286215    0.00001726    0.08334683    0.06387217    0.00002619    0.12952964
    0.04285945    0.00002557    0.08334683    0.06386815    0.00003880    0.12952964
    0.04285573    0.00003348    0.08334683    0.06386261    0.00005079    0.12952964
    0.04285105    0.00004086    0.08334683    0.06385563    0.00006199    0.12952964
    0.04284548    0.00004759    0.08334683    0.06384733    0.00007220    0.12952964
    0.04283911    0.00005357    0.08334683    0.06383784    0.00008127    0.12952964
    0.04283204    0.00005870    0.08334683    0.06382731    0.00008906    0.12952964
    0.04282439    0.00006291    0.08334683    0.06381590    0.00009545    0.12952964
    0.04281626    0.00006613    0.08334683    0.06380380    0.00010033    0.12952964
    0.04280780    0.00006830    0.08334683    0.06379119    0.00010362    0.12952964
    0.04279913    0.00006939    0.08334683    0.06377827    0.00010529    0.12952964
    0.04279040    0.00006939    0.08334683    0.06376525    0.00010529    0.12952964
    0.04278173    0.00006830    0.08334683    0.06375234    0.00010362    0.12952964
    0.04277327    0.00006613    0.08334683    0.06373973    0.00010033    0.12952964
    0.04276514    0.00006291    0.08334683    0.06372762    0.00009545    0.12952964
    0.04275749    0.00005870    0.08334683    0.06371621    0.00008906    0.12952964
    0.04275042    0.00005357    0.08334683    0.06370568    0.00008127    0.12952964
    0.04274405    0.00004759    0.08334683    0.06369619    0.00007220    0.12952964
    0.04273848    0.00004086    0.08334683    0.06368789    0.00006199    0.12952964
    0.04273380    0.00003348    0.08334683    0.06368092    0.00005079    0.12952964
    0.04273008    0.00002557    0.08334683    0.06367537    0.00003880    0.12952964
    0.04272738    0.00001726    0.08334683    0.06367135    0.00002619    0.12952964
    0.04272575    0.00000868    0.08334683    0.06366891    0.00001317    0.12952964
    0.04272520   -0.00000004    0.08334683    0.06366809   -0.00000005    0.12952964
    0.04272575   -0.00000876    0.08334683    0.06366891   -0.00001328    0.12952964
    0.04272738   -0.00001734    0.08334683    0.06367135   -0.00002630    0.12952964
    0.04273008   -0.00002565    0.08334683    0.06367537   -0.00003891    0.12952964
    0.04273380   -0.00003355    0.08334683    0.06368092   -0.00005090    0.12952964
    0.04273848   -0.00004093    0.08334683    0.06368789   -0.00006210    0.12952964
    0.04274405   -0.00004766    0.08334683    0.06369619   -0.00007231    0.12952964
    0.04275042   -0.00005364    0.08334683    0.06370568   -0.00008138    0.12952964
    0.04275749   -0.00005877    0.08334683    0.06371621   -0.00008917    0.12952964
    0.04276514   -0.00006298    0.08334683    0.06372762   -0.00009556    0.12952964
    0.04277327   -0.00006620    0.08334683    0.06373973   -0.00010044    0.12952964
    0.04278173   -0.00006837    0.08334683    0.06375234   -0.00010373    0.12952964
    0.04279040   -0.00006947    0.08334683    0.06376525   -0.00010540    0.12952964
    0.04279913   -0.00006947    0.08334683    0.06377827   -0.00010540    0.12952964
    0.04280780   -0.00006837    0.08334683    0.06379119   -0.00010373    0.12952964
    0.04281626   -0.00006620    0.08334683    0.06380380   -0.00010044    0.12952964
    0.04282439   -0.00006298    0.08334683    0.06381590   -0.00009556    0.12952964
    0.04283204   -0.00005877    0.08334683    0.06382731   -0.00008917    0.12952964
    0.04283911   -0.00005364    0.08334683    0.06383784   -0.00008138    0.12952964
    0.04284548   -0.00004766    0.08334683    0.06384733   -0.00007231    0.12952964
    0.04285105   -0.00004093    0.08334683    0.06385563   -0.00006210    0.12952964
    0.04285573   -0.00003355    0.08334683    0.06386261   -0.00005090    0.12952964
    0.04285945   -0.00002565    0.08334683    0.06386815   -0.00003891    0.12952964
    0.04286215   -0.00001734    0.08334683    0.06387217   -0.00002630    0.12952964
    0.04286379   -0.00000876    0.08334683    0.06387461   -0.00001328    0.12952964
    0.04285959   -0.00000004    0.08335114    0.06386836   -0.00000005    0.12953633
    0.04285908    0.00000809    0.08335114    0.06386760    0.00001227    0.12953633
    0.04285755    0.00001608    0.08335114    0.06386533    0.00002440    0.12953633
    0.04285504    0.00002383    0.08335114    0.06386158    0.00003615    0.12953633
    0.04285157    0.00003119    0.08335114    0.06385641    0.00004733    0.12953633
    0.04284721    0.00003807    0.08335114    0.06384991    0.00005775    0.12953633
    0.04284202    0.00004434    0.08335114    0.06384218    0.00006727    0.12953633
    0.04283609    0.00004991    0.08335114    0.06383334    0.00007572    0.12953633
    0.04282950    0.00005470    0.08335114    0.06382352    0.00008298    0.12953633
    0.04282237    0.00005862    0.08335114    0.06381289    0.00008893    0.12953633
    0.04281480    0.00006161    0.08335114    0.06380161    0.00009348    0.12953633
    0.04280691    0.00006364    0.08335114    0.06378986    0.00009655    0.12953633
    0.04279884    0.00006466    0.08335114    0.06377783    0.00009810    0.12953633
    0.04279070    0.00006466    0.08335114    0.06376570    0.00009810    0.12953633
    0.04278262    0.00006364    0.08335114    0.06375366    0.00009655    0.12953633
    0.04277473    0.00006161    0.08335114    0.06374191    0.00009348    0.12953633
    0.04276717    0.00005862    0.08335114    0.06373063    0.00008893    0.12953633
    0.04276003    0.00005470    0.08335114    0.06372000    0.00008298    0.12953633
    0.04275345    0.00004991    0.08335114    0.06371019    0.00007572    0.12953633
    0.04274751    0.00004434    0.08335114    0.06370135    0.00006727    0.12953633
    0.04274232    0.00003807    0.08335114    0.06369361    0.00005775    0.12953633
    0.04273796    0.00003119    0.08335114    0.06368711    0.00004733    0.12953633
    0.04273449    0.00002383    0.08335114    0.06368195    0.00003615    0.12953633
    0.04273198    0.00001608    0.08335114    0.06367820    0.00002440    0.12953633
    0.04273045    0.00000809    0.08335114    0.06367593    0.00001227    0.12953633
    0.04272994   -0.00000004    0.08335114    0.06367517   -0.00000005    0.12953633
    0.04273045   -0.00000816    0.08335114    0.06367593   -0.00001238    0.12953633
    0.04273198   -0.00001616    0.08335114    0.06367820   -0.00002451    0.12953633
    0.04273449   -0.00002390    0.08335114    0.06368195   -0.00003626    0.12953633
    0.04273796   -0.00003126    0.08335114    0.06368711   -0.00004744    0.12953633
    0.04274232   -0.00003814    0.08335114    0.06369361   -0.00005786    0.12953633
    0.04274751   -0.00004441    0.08335114    0.06370135   -0.00006738    0.12953633
    0.04275345   -0.00004998    0.08335114    0.06371019   -0.00007583    0.12953633
    0.04276003   -0.00005477    0.08335114    0.06372000   -0.00008309    0.12953633
    0.04276717   -0.00005869    0.08335114    0.06373063   -0.00008904    0.12953633
    0.04277473   -0.00006169    0.08335114    0.06374191   -0.00009359    0.12953633
    0.04278262   -0.00006371    0.08335114    0.06375366   -0.00009666    0.12953633
    0.04279070   -0.00006473    0.08335114    0.06376570   -0.00009821    0.12953633
    0.04279884   -0.00006473    0.08335114    0.06377783   -0.00009821    0.12953633
    0.04280691   -0.00006371    0.08335114    0.06378986   -0.00009666    0.12953633
    0.04281480   -0.00006169    0.08335114    0.06380161   -0.00009359    0.12953633
    0.04282237   -0.00005869    0.08335114    0.06381289   -0.00008904    0.12953633
    0.04282950   -0.00005477    0.08335114    0.06382352   -0.00008309    0.12953633
    0.04283609   -0.00004998    0.08335114    0.06383334   -0.00007583    0.12953633
    0.04284202   -0.00004441    0.08335114    0.06384218   -0.00006738    0.12953633
    0.04284721   -0.00003814    0.08335114    0.06384991   -0.00005786    0.12953633
    0.04285157   -0.00003126    0.08335114    0.06385641   -0.00004744    0.12953633
    0.04285504   -0.00002390    0.08335114    0.06386158   -0.00003626    0.12953633
    0.04285755   -0.00001616    0.08335114    0.06386533   -0.00002451    0.12953633
    0.04285908   -0.00000816    0.08335114    0.06386760   -0.00001238    0.12953633
    0.04285458   -0.00000004    0.08335514    0.06386089   -0.00000005    0.12954255
    0.04285411    0.00000746    0.08335514    0.06386019    0.00001132    0.12954255
    0.04285270    0.00001484    0.08335514    0.06385809    0.00002251    0.12954255
    0.04285038    0.00002198    0.08335514    0.06385463    0.00003335    0.12954255
    0.04284718    0.00002878    0.08335514    0.06384987    0.00004366    0.12954255
    0.04284315    0.00003512    0.08335514    0.06384387    0.00005328    0.12954255
    0.04283837    0.00004091    0.08335514    0.06383674    0.00006206    0.12954255
    0.04283289    0.00004605    0.08335514    0.06382858    0.00006987    0.12954255
    0.04282681    0.00005046    0.08335514    0.06381952    0.00007656    0.12954255
    0.04282023    0.00005408    0.08335514    0.06380971    0.00008205    0.12954255
    0.04281325    0.00005685    0.08335514    0.06379931    0.00008625    0.12954255
    0.04280597    0.00005872    0.08335514    0.06378846    0.00008908    0.12954255
    0.04279852    0.00005966    0.08335514    0.06377736    0.00009051    0.12954255
    0.04279101    0.00005966    0.08335514    0.06376617    0.00009051    0.12954255
    0.04278356    0.00005872    0.08335514    0.06375506    0.00008908    0.12954255
    0.04277628    0.00005685    0.08335514    0.06374422    0.00008625    0.12954255
    0.04276930    0.00005408    0.08335514    0.06373381    0.00008205    0.12954255
    0.04276272    0.00005046    0.08335514    0.06372401    0.00007656    0.12954255
    0.04275664    0.00004605    0.08335514    0.06371495    0.00006987    0.12954255
    0.04275117    0.00004091    0.08335514    0.06370679    0.00006206    0.12954255
    0.04274638    0.00003512    0.08335514    0.06369966    0.00005328    0.12954255
    0.04274235    0.00002878    0.08335514    0.06369366    0.00004366    0.12954255
    0.04273915    0.00002198    0.08335514    0.06368889    0.00003335    0.12954255
    0.04273683    0.00001484    0.08335514    0.06368543    0.00002251    0.12954255
    0.04273543    0.00000746    0.08335514    0.06368334    0.00001132    0.12954255
    0.04273495   -0.00000004    0.08335514    0.06368263   -0.00000005    0.12954255
    0.04273543   -0.00000753    0.08335514    0.06368334   -0.00001143    0.12954255
    0.04273683   -0.00001491    0.08335514    0.06368543   -0.00002262    0.12954255
    0.04273915   -0.00002205    0.08335514    0.06368889   -0.00003346    0.12954255
    0.04274235   -0.00002885    0.08335514    0.06369366   -0.00004377    0.12954255
    0.04274638   -0.00003519    0.08335514    0.06369966   -0.00005339    0.12954255
    0.04275117   -0.00004098    0.08335514    0.06370679   -0.00006217    0.12954255
    0.04275664   -0.00004612    0.08335514    0.06371495   -0.00006998    0.12954255
    0.04276272   -0.00005054    0.08335514    0.06372401   -0.00007667    0.12954255
    0.04276930   -0.00005415    0.08335514    0.06373381   -0.00008216    0.12954255
    0.04277628   -0.00005692    0.08335514    0.06374422   -0.00008636    0.12954255
    0.04278356   -0.00005879    0.08335514    0.06375506   -0.00008919    0.12954255
    0.04279101   -0.00005973    0.08335514    0.06376617   -0.00009062    0.12954255
    0.04279852   -0.00005973    0.08335514    0.06377736   -0.00009062    0.12954255
    0.04280597   -0.00005879    0.08335514    0.06378846   -0.00008919    0.12954255
    0.04281325   -0.00005692    0.08335514    0.06379931   -0.00008636    0.12954255
    0.04282023   -0.00005415    0.08335514    0.06380971   -0.00008216    0.12954255
    0.04282681   -0.00005054    0.08335514    0.06381952   -0.00007667    0.12954255
    0.04283289   -0.00004612    0.08335514    0.06382858   -0.00006998    0.12954255
    0.04283837   -0.00004098    0.08335514    0.06383674   -0.00006217    0.12954255
    0.04284315   -0.00003519    0.08335514    0.06384387   -0.00005339    0.12954255
    0.04284718   -0.00002885    0.08335514    0.06384987   -0.00004377    0.12954255
    0.04285038   -0.00002205    0.08335514    0.06385463   -0.00003346    0.12954255
    0.04285270   -0.00001491    0.08335514    0.06385809   -0.00002262    0.12954255
    0.04285411   -0.00000753    0.08335514    0.06386019   -0.00001143    0.12954255
    0.04284932   -0.00000004    0.08335881    0.06385306   -0.00000005    0.12954824
    0.04284889    0.00000680    0.08335881    0.06385242    0.00001032    0.12954824
    0.04284761    0.00001353    0.08335881    0.06385050    0.00002053    0.12954824
    0.04284549    0.00002005    0.08335881    0.06384735    0.00003041    0.12954824
    0.04284257    0.00002625    0.08335881    0.06384300    0.00003982    0.12954824
    0.04283890    0.00003203    0.08335881    0.06383753    0.00004860    0.12954824
    0.04283453    0.00003731    0.08335881    0.06383102    0.00005660    0.12954824
    0.04282954    0.00004200    0.08335881    0.06382358    0.00006372    0.12954824
    0.04282400    0.00004602    0.08335881    0.06381532    0.00006983    0.12954824
    0.04281799    0.00004933    0.08335881    0.06380638    0.00007484    0.12954824
    0.04281162    0.00005185    0.08335881    0.06379688    0.00007866    0.12954824
    0.04280499    0.00005355    0.08335881    0.06378700    0.00008125    0.12954824
    0.04279819    0.00005441    0.08335881    0.06377687    0.00008255    0.12954824
    0.04279134    0.00005441    0.08335881    0.06376666    0.00008255    0.12954824
    0.04278454    0.00005355    0.08335881    0.06375653    0.00008125    0.12954824
    0.04277791    0.00005185    0.08335881    0.06374664    0.00007866    0.12954824
    0.04277154    0.00004933    0.08335881    0.06373715    0.00007484    0.12954824
    0.04276553    0.00004602    0.08335881    0.06372820    0.00006983    0.12954824
    0.04275999    0.00004200    0.08335881    0.06371994    0.00006372    0.12954824
    0.04275500    0.00003731    0.08335881    0.06371250    0.00005660    0.12954824
    0.04275063    0.00003203    0.08335881    0.06370599    0.00004860    0.12954824
    0.04274696    0.00002625    0.08335881    0.06370052    0.00003982    0.12954824
    0.04274404    0.00002005    0.08335881    0.06369618    0.00003041    0.12954824
    0.04274193    0.00001353    0.08335881    0.06369302    0.00002053    0.12954824
    0.04274064    0.00000680    0.08335881    0.06369111    0.00001032    0.12954824
    0.04274021   -0.00000004    0.08335881    0.06369047   -0.00000005    0.12954824
    0.04274064   -0.00000687    0.08335881    0.06369111   -0.00001043    0.12954824
    0.04274193   -0.00001360    0.08335881    0.06369302   -0.00002064    0.12954824
    0.04274404   -0.00002012    0.08335881    0.06369618   -0.00003052    0.12954824
    0.04274696   -0.00002632    0.08335881    0.06370052   -0.00003993    0.12954824
    0.04275063   -0.00003210    0.08335881    0.06370599   -0.00004871    0.12954824
    0.04275500   -0.00003738    0.08335881    0.06371250   -0.00005671    0.12954824
    0.04275999   -0.00004207    0.08335881    0.06371994   -0.00006383    0.12954824
    0.04276553   -0.00004610    0.08335881    0.06372820   -0.00006994    0.12954824
    0.04277154   -0.00004940    0.08335881    0.06373715   -0.00007495    0.12954824
    0.04277791   -0.00005192    0.08335881    0.06374664   -0.00007877    0.12954824
    0.04278454   -0.00005362    0.08335881    0.06375653   -0.00008136    0.12954824
    0.04279134   -0.00005448    0.08335881    0.06376666   -0.00008266    0.12954824
    0.04279819   -0.00005448    0.08335881    0.06377687   -0.00008266    0.12954824
    0.04280499   -0.00005362    0.08335881    0.06378700   -0.00008136    0.12954824
    0.04281162   -0.00005192    0.08335881    0.06379688   -0.00007877    0.12954824
    0.04281799   -0.00004940    0.08335881    0.06380638   -0.00007495    0.12954824
    0.04282400   -0.00004610    0.08335881    0.06381532   -0.00006994    0.12954824
    0.04282954   -0.00004207    0.08335881    0.06382358   -0.00006383    0.12954824
    0.04283453   -0.00003738    0.08335881    0.06383102   -0.00005671    0.12954824
    0.04283890   -0.00003210    0.08335881    0.06383753   -0.00004871    0.12954824
    0.04284257   -0.00002632    0.08335881    0.06384300   -0.00003993    0.12954824
    0.04284549   -0.00002012    0.08335881    0.06384735   -0.00003052    0.12954824
    0.04284761   -0.00001360    0.08335881    0.06385050   -0.00002064    0.12954824
    0.04284889   -0.00000687    0.08335881    0.06385242   -0.00001043    0.12954824
    0.04284384   -0.00000004    0.08336213    0.06384489   -0.00000005    0.12955341
    0.04284345    0.00000611    0.08336213    0.06384431    0.00000928    0.12955341
    0.04284230    0.00001217    0.08336213    0.06384259    0.00001846    0.12955341
    0.04284039    0.00001803    0.08336213    0.06383975    0.00002735    0.12955341
    0.04283777    0.00002360    0.08336213    0.06383584    0.00003581    0.12955341
    0.04283447    0.00002881    0.08336213    0.06383092    0.00004371    0.12955341
    0.04283054    0.00003356    0.08336213    0.06382507    0.00005091    0.12955341
    0.04282605    0.00003777    0.08336213    0.06381837    0.00005731    0.12955341
    0.04282106    0.00004140    0.08336213    0.06381095    0.00006281    0.12955341
    0.04281566    0.00004437    0.08336213    0.06380290    0.00006731    0.12955341
    0.04280993    0.00004663    0.08336213    0.06379436    0.00007075    0.12955341
    0.04280396    0.00004817    0.08336213    0.06378547    0.00007308    0.12955341
    0.04279785    0.00004894    0.08336213    0.06377635    0.00007425    0.12955341
    0.04279168    0.00004894    0.08336213    0.06376717    0.00007425    0.12955341
    0.04278557    0.00004817    0.08336213    0.06375806    0.00007308    0.12955341
    0.04277960    0.00004663    0.08336213    0.06374917    0.00007075    0.12955341
    0.04277387    0.00004437    0.08336213    0.06374063    0.00006731    0.12955341
    0.04276847    0.00004140    0.08336213    0.06373258    0.00006281    0.12955341
    0.04276349    0.00003777    0.08336213    0.06372515    0.00005731    0.12955341
    0.04275899    0.00003356    0.08336213    0.06371846    0.00005091    0.12955341
    0.04275507    0.00002881    0.08336213    0.06371260    0.00004371    0.12955341
    0.04275176    0.00002360    0.08336213    0.06370768    0.00003581    0.12955341
    0.04274914    0.00001803    0.08336213    0.06370377    0.00002735    0.12955341
    0.04274724    0.00001217    0.08336213    0.06370093    0.00001846    0.12955341
    0.04274608    0.00000611    0.08336213    0.06369921    0.00000928    0.12955341
    0.04274569   -0.00000004    0.08336213    0.06369864   -0.00000005    0.12955341
    0.04274608   -0.00000619    0.08336213    0.06369921   -0.00000939    0.12955341
    0.04274724   -0.00001224    0.08336213    0.06370093   -0.00001857    0.12955341
    0.04274914   -0.00001810    0.08336213    0.06370377   -0.00002746    0.12955341
    0.04275176   -0.00002368    0.08336213    0.06370768   -0.00003592    0.12955341
    0.04275507   -0.00002888    0.08336213    0.06371260   -0.00004382    0.12955341
    0.04275899   -0.00003363    0.08336213    0.06371846   -0.00005102    0.12955341
    0.04276349   -0.00003785    0.08336213    0.06372515   -0.00005742    0.12955341
    0.04276847   -0.00004147    0.08336213    0.06373258   -0.00006292    0.12955341
    0.04277387   -0.00004444    0.08336213    0.06374063   -0.00006742    0.12955341
    0.04277960   -0.00004671    0.08336213    0.06374917   -0.00007086    0.12955341
    0.04278557   -0.00004824    0.08336213    0.06375806   -0.00007319    0.12955341
    0.04279168   -0.00004901    0.08336213    0.06376717   -0.00007436    0.12955341
    0.04279785   -0.00004901    0.08336213    0.06377635   -0.00007436    0.12955341
    0.04280396   -0.00004824    0.08336213    0.06378547   -0.00007319    0.12955341
    0.04280993   -0.00004671    0.08336213    0.06379436   -0.00007086    0.12955341
    0.04281566   -0.00004444    0.08336213    0.06380290   -0.00006742    0.12955341
    0.04282106   -0.00004147    0.08336213    0.06381095   -0.00006292    0.12955341
    0.04282605   -0.00003785    0.08336213    0.06381837   -0.00005742    0.12955341
    0.04283054   -0.00003363    0.08336213    0.06382507   -0.00005102    0.12955341
    0.04283447   -0.00002888    0.08336213    0.06383092   -0.00004382    0.12955341
    0.04283777   -0.00002368    0.08336213    0.06383584   -0.00003592    0.12955341
    0.04284039   -0.00001810    0.08336213    0.06383975   -0.00002746    0.12955341
    0.04284230   -0.00001224    0.08336213    0.06384259   -0.00001857    0.12955341
    0.04284345   -0.00000619    0.08336213    0.06384431   -0.00000939    0.12955341
    0.04283815   -0.00000004    0.08336509    0.06383642   -0.00000005    0.12955802
    0.04283781    0.00000540    0.08336509    0.06383591    0.00000820    0.12955802
    0.04283679    0.00001075    0.08336509    0.06383439    0.00001632    0.12955802
    0.04283511    0.00001594    0.08336509    0.06383188    0.00002418    0.12955802
    0.04283279    0.00002087    0.08336509    0.06382842    0.00003166    0.12955802
    0.04282987    0.00002547    0.08336509    0.06382407    0.00003864    0.12955802
    0.04282639    0.00002967    0.08336509    0.06381890    0.00004501    0.12955802
    0.04282242    0.00003340    0.08336509    0.06381298    0.00005067    0.12955802
    0.04281801    0.00003660    0.08336509    0.06380641    0.00005553    0.12955802
    0.04281324    0.00003922    0.08336509    0.06379929    0.00005951    0.12955802
    0.04280817    0.00004123    0.08336509    0.06379174    0.00006255    0.12955802
    0.04280290    0.00004258    0.08336509    0.06378388    0.00006461    0.12955802
    0.04279749    0.00004327    0.08336509    0.06377582    0.00006564    0.12955802
    0.04279204    0.00004327    0.08336509    0.06376770    0.00006564    0.12955802
    0.04278664    0.00004258    0.08336509    0.06375965    0.00006461    0.12955802
    0.04278136    0.00004123    0.08336509    0.06375178    0.00006255    0.12955802
    0.04277629    0.00003922    0.08336509    0.06374423    0.00005951    0.12955802
    0.04277152    0.00003660    0.08336509    0.06373712    0.00005553    0.12955802
    0.04276711    0.00003340    0.08336509    0.06373055    0.00005067    0.12955802
    0.04276314    0.00002967    0.08336509    0.06372463    0.00004501    0.12955802
    0.04275966    0.00002547    0.08336509    0.06371945    0.00003864    0.12955802
    0.04275674    0.00002087    0.08336509    0.06371510    0.00003166    0.12955802
    0.04275442    0.00001594    0.08336509    0.06371165    0.00002418    0.12955802
    0.04275274    0.00001075    0.08336509    0.06370914    0.00001632    0.12955802
    0.04275172    0.00000540    0.08336509    0.06370762    0.00000820    0.12955802
    0.04275138   -0.00000004    0.08336509    0.06370711   -0.00000005    0.12955802
    0.04275172   -0.00000547    0.08336509    0.06370762   -0.00000831    0.12955802
    0.04275274   -0.00001083    0.08336509    0.06370914   -0.00001643    0.12955802
    0.04275442   -0.00001601    0.08336509    0.06371165   -0.00002429    0.12955802
    0.04275674   -0.00002094    0.08336509    0.06371510   -0.00003177    0.12955802
    0.04275966   -0.00002554    0.08336509    0.06371945   -0.00003875    0.12955802
    0.04276314   -0.00002974    0.08336509    0.06372463   -0.00004512    0.12955802
    0.04276711   -0.00003347    0.08336509    0.06373055   -0.00005078    0.12955802
    0.04277152   -0.00003667    0.08336509    0.06373712   -0.00005564    0.12955802
    0.04277629   -0.00003930    0.08336509    0.06374423   -0.00005962    0.12955802
    0.04278136   -0.00004130    0.08336509    0.06375178   -0.00006266    0.12955802
    0.04278664   -0.00004266    0.08336509    0.06375965   -0.00006472    0.12955802
    0.04279204   -0.00004334    0.08336509    0.06376770   -0.00006575    0.12955802
    0.04279749   -0.00004334    0.08336509    0.06377582   -0.00006575    0.12955802
    0.04280290   -0.00004266    0.08336509    0.06378388   -0.00006472    0.12955802
    0.04280817   -0.00004130    0.08336509    0.06379174   -0.00006266    0.12955802
    0.04281324   -0.00003930    0.08336509    0.06379929   -0.00005962    0.12955802
    0.04281801   -0.00003667    0.08336509    0.06380641   -0.00005564    0.12955802
    0.04282242   -0.00003347    0.08336509    0.06381298   -0.00005078    0.12955802
    0.04282639   -0.00002974    0.08336509    0.06381890   -0.00004512    0.12955802
    0.04282987   -0.00002554    0.08336509    0.06382407   -0.00003875    0.12955802
    0.04283279   -0.00002094    0.08336509    0.06382842   -0.00003177    0.12955802
    0.04283511   -0.00001601    0.08336509    0.06383188   -0.00002429    0.12955802
    0.04283679   -0.00001083    0.08336509    0.06383439   -0.00001643    0.12955802
    0.04283781   -0.00000547    0.08336509    0.06383591   -0.00000831    0.12955802
    0.04283229   -0.00000004    0.08336769    0.06382768   -0.00000005    0.12956205
    0.04283200    0.00000467    0.08336769    0.06382724    0.00000708    0.12956205
    0.04283111    0.00000930    0.08336769    0.06382593    0.00001410    0.12956205
    0.04282966    0.00001378    0.08336769    0.06382376    0.00002090    0.12956205
    0.04282765    0.00001804    0.08336769    0.06382077    0.00002737    0.12956205
    0.04282513    0.00002202    0.08336769    0.06381700    0.00003341    0.12956205
    0.04282212    0.00002565    0.08336769    0.06381253    0.00003892    0.12956205
    0.04281869    0.00002888    0.08336769    0.06380741    0.00004381    0.12956205
    0.04281487    0.00003165    0.08336769    0.06380173    0.00004802    0.12956205
    0.04281074    0.00003392    0.08336769    0.06379557    0.00005146    0.12956205
    0.04280636    0.00003565    0.08336769    0.06378904    0.00005409    0.12956205
    0.04280180    0.00003683    0.08336769    0.06378224    0.00005587    0.12956205
    0.04279712    0.00003742    0.08336769    0.06377527    0.00005677    0.12956205
    0.04279241    0.00003742    0.08336769    0.06376825    0.00005677    0.12956205
    0.04278773    0.00003683    0.08336769    0.06376128    0.00005587    0.12956205
    0.04278317    0.00003565    0.08336769    0.06375448    0.00005409    0.12956205
    0.04277879    0.00003392    0.08336769    0.06374795    0.00005146    0.12956205
    0.04277466    0.00003165    0.08336769    0.06374180    0.00004802    0.12956205
    0.04277085    0.00002888    0.08336769    0.06373612    0.00004381    0.12956205
    0.04276741    0.00002565    0.08336769    0.06373100    0.00003892    0.12956205
    0.04276441    0.00002202    0.08336769    0.06372652    0.00003341    0.12956205
    0.04276188    0.00001804    0.08336769    0.06372276    0.00002737    0.12956205
    0.04275987    0.00001378    0.08336769    0.06371977    0.00002090    0.12956205
    0.04275842    0.00000930    0.08336769    0.06371760    0.00001410    0.12956205
    0.04275753    0.00000467    0.08336769    0.06371628    0.00000708    0.12956205
    0.04275724   -0.00000004    0.08336769    0.06371584   -0.00000005    0.12956205
    0.04275753   -0.00000474    0.08336769    0.06371628   -0.00000719    0.12956205
    0.04275842   -0.00000937    0.08336769    0.06371760   -0.00001421    0.12956205
    0.04275987   -0.00001385    0.08336769    0.06371977   -0.00002101    0.12956205
    0.04276188   -0.00001811    0.08336769    0.06372276   -0.00002748    0.12956205
    0.04276441   -0.00002209    0.08336769    0.06372652   -0.00003352    0.12956205
    0.04276741   -0.00002572    0.08336769    0.06373100   -0.00003903    0.12956205
    0.04277085   -0.00002895    0.08336769    0.06373612   -0.00004392    0.12956205
    0.04277466   -0.00003172    0.08336769    0.06374180   -0.00004813    0.12956205
    0.04277879   -0.00003399    0.08336769    0.06374795   -0.00005157    0.12956205
    0.04278317   -0.00003573    0.08336769    0.06375448   -0.00005420    0.12956205
    0.04278773   -0.00003690    0.08336769    0.06376128   -0.00005598    0.12956205
    0.04279241   -0.00003749    0.08336769    0.06376825   -0.00005688    0.12956205
    0.04279712   -0.00003749    0.08336769    0.06377527   -0.00005688    0.12956205
    0.04280180   -0.00003690    0.08336769    0.06378224   -0.00005598    0.12956205
    0.04280636   -0.00003573    0.08336769    0.06378904   -0.00005420    0.12956205
    0.04281074   -0.00003399    0.08336769    0.06379557   -0.00005157    0.12956205
    0.04281487   -0.00003172    0.08336769    0.06380173   -0.00004813    0.12956205
    0.04281869   -0.00002895    0.08336769    0.06380741   -0.00004392    0.12956205
    0.04282212   -0.00002572    0.08336769    0.06381253   -0.00003903    0.12956205
    0.04282513   -0.00002209    0.08336769    0.06381700   -0.00003352    0.12956205
    0.04282765   -0.00001811    0.08336769    0.06382077   -0.00002748    0.12956205
    0.04282966   -0.00001385    0.08336769    0.06382376   -0.00002101    0.12956205
    0.04283111   -0.00000937    0.08336769    0.06382593   -0.00001421    0.12956205
    0.04283200   -0.00000474    0.08336769    0.06382724   -0.00000719    0.12956205
    0.04282628   -0.00000004    0.08336990    0.06381872   -0.00000005    0.12956549
    0.04282603    0.00000391    0.08336990    0.06381835    0.00000594    0.12956549
    0.04282529    0.00000780    0.08336990    0.06381724    0.00001183    0.12956549
    0.04282406    0.00001156    0.08336990    0.06381542    0.00001754    0.12956549
    0.04282238    0.00001514    0.08336990    0.06381291    0.00002298    0.12956549
    0.04282026    0.00001849    0.08336990    0.06380975    0.00002805    0.12956549
    0.04281774    0.00002153    0.08336990    0.06380599    0.00003267    0.12956549
    0.04281485    0.00002424    0.08336990    0.06380169    0.00003678    0.12956549
    0.04281165    0.00002657    0.08336990    0.06379692    0.00004031    0.12956549
    0.04280818    0.00002848    0.08336990    0.06379176    0.00004320    0.12956549
    0.04280450    0.00002993    0.08336990    0.06378627    0.00004541    0.12956549
    0.04280067    0.00003092    0.08336990    0.06378056    0.00004691    0.12956549
    0.04279674    0.00003141    0.08336990    0.06377471    0.00004766    0.12956549
    0.04279279    0.00003141    0.08336990    0.06376881    0.00004766    0.12956549
    0.04278886    0.00003092    0.08336990    0.06376296    0.00004691    0.12956549
    0.04278503    0.00002993    0.08336990    0.06375725    0.00004541    0.12956549
    0.04278135    0.00002848    0.08336990    0.06375177    0.00004320    0.12956549
    0.04277788    0.00002657    0.08336990    0.06374660    0.00004031    0.12956549
    0.04277468    0.00002424    0.08336990    0.06374183    0.00003678    0.12956549
    0.04277180    0.00002153    0.08336990    0.06373753    0.00003267    0.12956549
    0.04276927    0.00001849    0.08336990    0.06373377    0.00002805    0.12956549
    0.04276715    0.00001514    0.08336990    0.06373061    0.00002298    0.12956549
    0.04276547    0.00001156    0.08336990    0.06372810    0.00001754    0.12956549
    0.04276424    0.00000780    0.08336990    0.06372628    0.00001183    0.12956549
    0.04276350    0.00000391    0.08336990    0.06372518    0.00000594    0.12956549
    0.04276325   -0.00000004    0.08336990    0.06372481   -0.00000005    0.12956549
    0.04276350   -0.00000399    0.08336990    0.06372518   -0.00000605    0.12956549
    0.04276424   -0.00000787    0.08336990    0.06372628   -0.00001194    0.12956549
    0.04276547   -0.00001164    0.08336990    0.06372810   -0.00001765    0.12956549
    0.04276715   -0.00001522    0.08336990    0.06373061   -0.00002309    0.12956549
    0.04276927   -0.00001856    0.08336990    0.06373377   -0.00002816    0.12956549
    0.04277180   -0.00002161    0.08336990    0.06373753   -0.00003278    0.12956549
    0.04277468   -0.00002432    0.08336990    0.06374183   -0.00003689    0.12956549
    0.04277788   -0.00002664    0.08336990    0.06374660   -0.00004042    0.12956549
    0.04278135   -0.00002855    0.08336990    0.06375177   -0.00004331    0.12956549
    0.04278503   -0.00003000    0.08336990    0.06375725   -0.00004552    0.12956549
    0.04278886   -0.00003099    0.08336990    0.06376296   -0.00004702    0.12956549
    0.04279279   -0.00003148    0.08336990    0.06376881   -0.00004777    0.12956549
    0.04279674   -0.00003148    0.08336990    0.06377471   -0.00004777    0.12956549
    0.04280067   -0.00003099    0.08336990    0.06378056   -0.00004702    0.12956549
    0.04280450   -0.00003000    0.08336990    0.06378627   -0.00004552    0.12956549
    0.04280818   -0.00002855    0.08336990    0.06379176   -0.00004331    0.12956549
    0.04281165   -0.00002664    0.08336990    0.06379692   -0.00004042    0.12956549
    0.04281485   -0.00002432    0.08336990    0.06380169   -0.00003689    0.12956549
    0.04281774   -0.00002161    0.08336990    0.06380599   -0.00003278    0.12956549
    0.04282026   -0.00001856    0.08336990    0.06380975   -0.00002816    0.12956549
    0.04282238   -0.00001522    0.08336990    0.06381291   -0.00002309    0.12956549
    0.04282406   -0.00001164    0.08336990    0.06381542   -0.00001765    0.12956549
    0.04282529   -0.00000787    0.08336990    0.06381724   -0.00001194    0.12956549
    0.04282603   -0.00000399    0.08336990    0.06381835   -0.00000605    0.12956549
    0.04282013   -0.00000004    0.08337173    0.06380956   -0.00000005    0.12956832
    0.04281993    0.00000314    0.08337173    0.06380926    0.00000477    0.12956832
    0.04281933    0.00000627    0.08337173    0.06380837    0.00000952    0.12956832
    0.04281835    0.00000930    0.08337173    0.06380691    0.00001411    0.12956832
    0.04281699    0.00001218    0.08337173    0.06380489    0.00001849    0.12956832
    0.04281529    0.00001487    0.08337173    0.06380234    0.00002257    0.12956832
    0.04281326    0.00001733    0.08337173    0.06379932    0.00002629    0.12956832
    0.04281093    0.00001951    0.08337173    0.06379586    0.00002960    0.12956832
    0.04280836    0.00002138    0.08337173    0.06379202    0.00003244    0.12956832
    0.04280557    0.00002292    0.08337173    0.06378786    0.00003477    0.12956832
    0.04280260    0.00002409    0.08337173    0.06378344    0.00003655    0.12956832
    0.04279952    0.00002488    0.08337173    0.06377885    0.00003775    0.12956832
    0.04279636    0.00002528    0.08337173    0.06377414    0.00003835    0.12956832
    0.04279317    0.00002528    0.08337173    0.06376939    0.00003835    0.12956832
    0.04279001    0.00002488    0.08337173    0.06376468    0.00003775    0.12956832
    0.04278693    0.00002409    0.08337173    0.06376008    0.00003655    0.12956832
    0.04278397    0.00002292    0.08337173    0.06375567    0.00003477    0.12956832
    0.04278117    0.00002138    0.08337173    0.06375151    0.00003244    0.12956832
    0.04277860    0.00001951    0.08337173    0.06374767    0.00002960    0.12956832
    0.04277628    0.00001733    0.08337173    0.06374421    0.00002629    0.12956832
    0.04277424    0.00001487    0.08337173    0.06374118    0.00002257    0.12956832
    0.04277254    0.00001218    0.08337173    0.06373864    0.00001849    0.12956832
    0.04277118    0.00000930    0.08337173    0.06373662    0.00001411    0.12956832
    0.04277020    0.00000627    0.08337173    0.06373515    0.00000952    0.12956832
    0.04276960    0.00000314    0.08337173    0.06373426    0.00000477    0.12956832
    0.04276940   -0.00000004    0.08337173    0.06373396   -0.00000005    0.12956832
    0.04276960   -0.00000322    0.08337173    0.06373426   -0.00000488    0.12956832
    0.04277020   -0.00000634    0.08337173    0.06373515   -0.00000963    0.12956832
    0.04277118   -0.00000937    0.08337173    0.06373662   -0.00001422    0.12956832
    0.04277254   -0.00001226    0.08337173    0.06373864   -0.00001859    0.12956832
    0.04277424   -0.00001495    0.08337173    0.06374118   -0.00002268    0.12956832
    0.04277628   -0.00001740    0.08337173    0.06374421   -0.00002640    0.12956832
    0.04277860   -0.00001958    0.08337173    0.06374767   -0.00002971    0.12956832
    0.04278117   -0.00002145    0.08337173    0.06375151   -0.00003255    0.12956832
    0.04278397   -0.00002299    0.08337173    0.06375567   -0.00003488    0.12956832
    0.04278693   -0.00002416    0.08337173    0.06376008   -0.00003666    0.12956832
    0.04279001   -0.00002495    0.08337173    0.06376468   -0.00003786    0.12956832
    0.04279317   -0.00002535    0.08337173    0.06376939   -0.00003846    0.12956832
    0.04279636   -0.00002535    0.08337173    0.06377414   -0.00003846    0.12956832
    0.04279952   -0.00002495    0.08337173    0.06377885   -0.00003786    0.12956832
    0.04280260   -0.00002416    0.08337173    0.06378344   -0.00003666    0.12956832
    0.04280557   -0.00002299    0.08337173    0.06378786   -0.00003488    0.12956832
    0.04280836   -0.00002145    0.08337173    0.06379202   -0.00003255    0.12956832
    0.04281093   -0.00001958    0.08337173    0.06379586   -0.00002971    0.12956832
    0.04281326   -0.00001740    0.08337173    0.06379932   -0.00002640    0.12956832
    0.04281529   -0.00001495    0.08337173    0.06380234   -0.00002268    0.12956832
    0.04281699   -0.00001226    0.08337173    0.06380489   -0.00001859    0.12956832
    0.04281835   -0.00000937    0.08337173    0.06380691   -0.00001422    0.12956832
    0.04281933   -0.00000634    0.08337173    0.06380837   -0.00000963    0.12956832
    0.04281993   -0.00000322    0.08337173    0.06380926   -0.00000488    0.12956832
    0.04281388   -0.00000004    0.08337315    0.06380025   -0.00000005    0.12957054
    0.04281373    0.00000236    0.08337315    0.06380002    0.00000358    0.12957054
    0.04281328    0.00000472    0.08337315    0.06379935    0.00000716    0.12957054
    0.04281254    0.00000700    0.08337315    0.06379825    0.00001062    0.12957054
    0.04281152    0.00000917    0.08337315    0.06379673    0.00001392    0.12957054
    0.04281023    0.00001120    0.08337315    0.06379481    0.00001699    0.12957054
    0.04280870    0.00001305    0.08337315    0.06379253    0.00001980    0.12957054
    0.04280695    0.00001469    0.08337315    0.06378992    0.00002229    0.12957054
    0.04280501    0.00001610    0.08337315    0.06378703    0.00002443    0.12957054
    0.04280290    0.00001726    0.08337315    0.06378389    0.00002619    0.12957054
    0.04280067    0.00001814    0.08337315    0.06378057    0.00002753    0.12957054
    0.04279835    0.00001874    0.08337315    0.06377710    0.00002843    0.12957054
    0.04279597    0.00001904    0.08337315    0.06377355    0.00002889    0.12957054
    0.04279357    0.00001904    0.08337315    0.06376997    0.00002889    0.12957054
    0.04279118    0.00001874    0.08337315    0.06376643    0.00002843    0.12957054
    0.04278886    0.00001814    0.08337315    0.06376296    0.00002753    0.12957054
    0.04278663    0.00001726    0.08337315    0.06375963    0.00002619    0.12957054
    0.04278452    0.00001610    0.08337315    0.06375650    0.00002443    0.12957054
    0.04278258    0.00001469    0.08337315    0.06375361    0.00002229    0.12957054
    0.04278083    0.00001305    0.08337315    0.06375100    0.00001980    0.12957054
    0.04277930    0.00001120    0.08337315    0.06374872    0.00001699    0.12957054
    0.04277801    0.00000917    0.08337315    0.06374680    0.00001392    0.12957054
    0.04277699    0.00000700    0.08337315    0.06374528    0.00001062    0.12957054
    0.04277625    0.00000472    0.08337315    0.06374417    0.00000716    0.12957054
    0.04277580    0.00000236    0.08337315    0.06374350    0.00000358    0.12957054
    0.04277565   -0.00000004    0.08337315    0.06374328   -0.00000005    0.12957054
    0.04277580   -0.00000243    0.08337315    0.06374350   -0.00000369    0.12957054
    0.04277625   -0.00000479    0.08337315    0.06374417   -0.00000727    0.12957054
    0.04277699   -0.00000707    0.08337315    0.06374528   -0.00001073    0.12957054
    0.04277801   -0.00000925    0.08337315    0.06374680   -0.00001403    0.12957054
    0.04277930   -0.00001127    0.08337315    0.06374872   -0.00001710    0.12957054
    0.04278083   -0.00001312    0.08337315    0.06375100   -0.00001991    0.12957054
    0.04278258   -0.00001477    0.08337315    0.06375361   -0.00002240    0.12957054
    0.04278452   -0.00001618    0.08337315    0.06375650   -0.00002454    0.12957054
    0.04278663   -0.00001733    0.08337315    0.06375963   -0.00002630    0.12957054
    0.04278886   -0.00001822    0.08337315    0.06376296   -0.00002764    0.12957054
    0.04279118   -0.00001881    0.08337315    0.06376643   -0.00002854    0.12957054
    0.04279357   -0.00001911    0.08337315    0.06376997   -0.00002900    0.12957054
    0.04279597   -0.00001911    0.08337315    0.06377355   -0.00002900    0.12957054
    0.04279835   -0.00001881    0.08337315    0.06377710   -0.00002854    0.12957054
    0.04280067   -0.00001822    0.08337315    0.06378057   -0.00002764    0.12957054
    0.04280290   -0.00001733    0.08337315    0.06378389   -0.00002630    0.12957054
    0.04280501   -0.00001618    0.08337315    0.06378703   -0.00002454    0.12957054
    0.04280695   -0.00001477    0.08337315    0.06378992   -0.00002240    0.12957054
    0.04280870   -0.00001312    0.08337315    0.06379253   -0.00001991    0.12957054
    0.04281023   -0.00001127    0.08337315    0.06379481   -0.00001710    0.12957054
    0.04281152   -0.00000925    0.08337315    0.06379673   -0.00001403    0.12957054
    0.04281254   -0.00000707    0.08337315    0.06379825   -0.00001073    0.12957054
    0.04281328   -0.00000479    0.08337315    0.06379935   -0.00000727    0.12957054
    0.04281373   -0.00000243    0.08337315    0.06380002   -0.00000369    0.12957054
    0.04280755   -0.00000004    0.08337418    0.06379082   -0.00000005    0.12957213
    0.04280745    0.00000157    0.08337418    0.06379067    0.00000238    0.12957213
    0.04280715    0.00000314    0.08337418    0.06379022    0.00000477    0.12957213
    0.04280666    0.00000467    0.08337418    0.06378948    0.00000709    0.12957213
    0.04280597    0.00000612    0.08337418    0.06378846    0.00000929    0.12957213
    0.04280511    0.00000748    0.08337418    0.06378718    0.00001135    0.12957213
    0.04280409    0.00000872    0.08337418    0.06378565    0.00001323    0.12957213
    0.04280292    0.00000982    0.08337418    0.06378391    0.00001489    0.12957213
    0.04280162    0.00001076    0.08337418    0.06378197    0.00001633    0.12957213
    0.04280021    0.00001153    0.08337418    0.06377988    0.00001750    0.12957213
    0.04279872    0.00001213    0.08337418    0.06377765    0.00001840    0.12957213
    0.04279716    0.00001253    0.08337418    0.06377533    0.00001900    0.12957213
    0.04279557    0.00001273    0.08337418    0.06377296    0.00001931    0.12957213
    0.04279396    0.00001273    0.08337418    0.06377057    0.00001931    0.12957213
    0.04279237    0.00001253    0.08337418    0.06376819    0.00001900    0.12957213
    0.04279081    0.00001213    0.08337418    0.06376587    0.00001840    0.12957213
    0.04278932    0.00001153    0.08337418    0.06376365    0.00001750    0.12957213
    0.04278791    0.00001076    0.08337418    0.06376155    0.00001633    0.12957213
    0.04278661    0.00000982    0.08337418    0.06375962    0.00001489    0.12957213
    0.04278544    0.00000872    0.08337418    0.06375787    0.00001323    0.12957213
    0.04278442    0.00000748    0.08337418    0.06375635    0.00001135    0.12957213
    0.04278356    0.00000612    0.08337418    0.06375506    0.00000929    0.12957213
    0.04278288    0.00000467    0.08337418    0.06375405    0.00000709    0.12957213
    0.04278238    0.00000314    0.08337418    0.06375331    0.00000477    0.12957213
    0.04278208    0.00000157    0.08337418    0.06375286    0.00000238    0.12957213
    0.04278198   -0.00000004    0.08337418    0.06375271   -0.00000005    0.12957213
    0.04278208   -0.00000164    0.08337418    0.06375286   -0.00000249    0.12957213
    0.04278238   -0.00000322    0.08337418    0.06375331   -0.00000488    0.12957213
    0.04278288   -0.00000474    0.08337418    0.06375405   -0.00000720    0.12957213
    0.04278356   -0.00000620    0.08337418    0.06375506   -0.00000940    0.12957213
    0.04278442   -0.00000755    0.08337418    0.06375635   -0.00001146    0.12957213
    0.04278544   -0.00000879    0.08337418    0.06375787   -0.00001334    0.12957213
    0.04278661   -0.00000989    0.08337418    0.06375962   -0.00001500    0.12957213
    0.04278791   -0.00001083    0.08337418    0.06376155   -0.00001644    0.12957213
    0.04278932   -0.00001161    0.08337418    0.06376365   -0.00001761    0.12957213
    0.04279081   -0.00001220    0.08337418    0.06376587   -0.00001851    0.12957213
    0.04279237   -0.00001260    0.08337418    0.06376819   -0.00001911    0.12957213
    0.04279396   -0.00001280    0.08337418    0.06377057   -0.00001942    0.12957213
    0.04279557   -0.00001280    0.08337418    0.06377296   -0.00001942    0.12957213
    0.04279716   -0.00001260    0.08337418    0.06377533   -0.00001911    0.12957213
    0.04279872   -0.00001220    0.08337418    0.06377765   -0.00001851    0.12957213
    0.04280021   -0.00001161    0.08337418    0.06377988   -0.00001761    0.12957213
    0.04280162   -0.00001083    0.08337418    0.06378197   -0.00001644    0.12957213
    0.04280292   -0.00000989    0.08337418    0.06378391   -0.00001500    0.12957213
    0.04280409   -0.00000879    0.08337418    0.06378565   -0.00001334    0.12957213
    0.04280511   -0.00000755    0.08337418    0.06378718   -0.00001146    0.12957213
    0.04280597   -0.00000620    0.08337418    0.06378846   -0.00000940    0.12957213
    0.04280666   -0.00000474    0.08337418    0.06378948   -0.00000720    0.12957213
    0.04280715   -0.00000322    0.08337418    0.06379022   -0.00000488    0.12957213
    0.04280745   -0.00000164    0.08337418    0.06379067   -0.00000249    0.12957213
    0.04280117   -0.00000004    0.08337479    0.06378131   -0.00000005    0.12957309
    0.04280112    0.00000077    0.08337479    0.06378124    0.00000116    0.12957309
    0.04280097    0.00000156    0.08337479    0.06378101    0.00000236    0.12957309
    0.04280072    0.00000232    0.08337479    0.06378064    0.00000352    0.12957309
    0.04280038    0.00000305    0.08337479    0.06378013    0.00000463    0.12957309
    0.04279995    0.00000373    0.08337479    0.06377949    0.00000566    0.12957309
    0.04279944    0.00000435    0.08337479    0.06377872    0.00000660    0.12957309
    0.04279885    0.00000490    0.08337479    0.06377785    0.00000744    0.12957309
    0.04279820    0.00000537    0.08337479    0.06377688    0.00000815    0.12957309
    0.04279749    0.00000576    0.08337479    0.06377583    0.00000874    0.12957309
    0.04279675    0.00000606    0.08337479    0.06377471    0.00000919    0.12957309
    0.04279597    0.00000626    0.08337479    0.06377355    0.00000949    0.12957309
    0.04279517    0.00000636    0.08337479    0.06377236    0.00000965    0.12957309
    0.04279436    0.00000636    0.08337479    0.06377116    0.00000965    0.12957309
    0.04279357    0.00000626    0.08337479    0.06376997    0.00000949    0.12957309
    0.04279279    0.00000606    0.08337479    0.06376881    0.00000919    0.12957309
    0.04279204    0.00000576    0.08337479    0.06376770    0.00000874    0.12957309
    0.04279133    0.00000537    0.08337479    0.06376665    0.00000815    0.12957309
    0.04279068    0.00000490    0.08337479    0.06376568    0.00000744    0.12957309
    0.04279010    0.00000435    0.08337479    0.06376480    0.00000660    0.12957309
    0.04278958    0.00000373    0.08337479    0.06376404    0.00000566    0.12957309
    0.04278915    0.00000305    0.08337479    0.06376340    0.00000463    0.12957309
    0.04278881    0.00000232    0.08337479    0.06376289    0.00000352    0.12957309
    0.04278856    0.00000156    0.08337479    0.06376252    0.00000236    0.12957309
    0.04278841    0.00000077    0.08337479    0.06376229    0.00000116    0.12957309
    0.04278836   -0.00000004    0.08337479    0.06376222   -0.00000005    0.12957309
    0.04278841   -0.00000084    0.08337479    0.06376229   -0.00000127    0.12957309
    0.04278856   -0.00000163    0.08337479    0.06376252   -0.00000247    0.12957309
    0.04278881   -0.00000239    0.08337479    0.06376289   -0.00000363    0.12957309
    0.04278915   -0.00000312    0.08337479    0.06376340   -0.00000474    0.12957309
    0.04278958   -0.00000380    0.08337479    0.06376404   -0.00000577    0.12957309
    0.04279010   -0.00000442    0.08337479    0.06376480   -0.00000671    0.12957309
    0.04279068   -0.00000497    0.08337479    0.06376568   -0.00000754    0.12957309
    0.04279133   -0.00000545    0.08337479    0.06376665   -0.00000826    0.12957309
    0.04279204   -0.00000583    0.08337479    0.06376770   -0.00000885    0.12957309
    0.04279279   -0.00000613    0.08337479    0.06376881   -0.00000930    0.12957309
    0.04279357   -0.00000633    0.08337479    0.06376997   -0.00000960    0.12957309
    0.04279436   -0.00000643    0.08337479    0.06377116   -0.00000976    0.12957309
    0.04279517   -0.00000643    0.08337479    0.06377236   -0.00000976    0.12957309
    0.04279597   -0.00000633    0.08337479    0.06377355   -0.00000960    0.12957309
    0.04279675   -0.00000613    0.08337479    0.06377471   -0.00000930    0.12957309
    0.04279749   -0.00000583    0.08337479    0.06377583   -0.00000885    0.12957309
    0.04279820   -0.00000545    0.08337479    0.06377688   -0.00000826    0.12957309
    0.04279885   -0.00000497    0.08337479    0.06377785   -0.00000754    0.12957309
    0.04279944   -0.00000442    0.08337479    0.06377872   -0.00000671    0.12957309
    0.04279995   -0.00000380    0.08337479    0.06377949   -0.00000577    0.12957309
    0.04280038   -0.00000312    0.08337479    0.06378013   -0.00000474    0.12957309
    0.04280072   -0.00000239    0.08337479    0.06378064   -0.00000363    0.12957309
    0.04280097   -0.00000163    0.08337479    0.06378101   -0.00000247    0.12957309
    0.04280112   -0.00000084    0.08337479    0.06378124   -0.00000127    0.12957309
    0.04279541   -0.00000004    0.08337500    0.06377272   -0.00000005    0.12957340
    0.04279540    0.00000004    0.08337500    0.06377271    0.00000007    0.12957340
    0.04279539    0.00000012    0.08337500    0.06377269    0.00000019    0.12957340
    0.04279536    0.00000020    0.08337500    0.06377265    0.00000030    0.12957340
    0.04279533    0.00000027    0.08337500    0.06377260    0.00000041    0.12957340
    0.04279528    0.00000034    0.08337500    0.06377254    0.00000052    0.12957340
    0.04279523    0.00000040    0.08337500    0.06377246    0.00000061    0.12957340
    0.04279517    0.00000046    0.08337500    0.06377237    0.00000069    0.12957340
    0.04279511    0.00000051    0.08337500    0.06377227    0.00000077    0.12957340
    0.04279504    0.00000054    0.08337500    0.06377217    0.00000083    0.12957340
    0.04279496    0.00000057    0.08337500    0.06377206    0.00000087    0.12957340
    0.04279489    0.00000059    0.08337500    0.06377194    0.00000090    0.12957340
    0.04279481    0.00000060    0.08337500    0.06377182    0.00000092    0.12957340
    0.04279473    0.00000060    0.08337500    0.06377170    0.00000092    0.12957340
    0.04279465    0.00000059    0.08337500    0.06377158    0.00000090    0.12957340
    0.04279457    0.00000057    0.08337500    0.06377147    0.00000087    0.12957340
    0.04279449    0.00000054    0.08337500    0.06377136    0.00000083    0.12957340
    0.04279442    0.00000051    0.08337500    0.06377125    0.00000077    0.12957340
    0.04279436    0.00000046    0.08337500    0.06377115    0.00000069    0.12957340
    0.04279430    0.00000040    0.08337500    0.06377107    0.00000061    0.12957340
    0.04279425    0.00000034    0.08337500    0.06377099    0.00000052    0.12957340
    0.04279420    0.00000027    0.08337500    0.06377093    0.00000041    0.12957340
    0.04279417    0.00000020    0.08337500    0.06377087    0.00000030    0.12957340
    0.04279414    0.00000012    0.08337500    0.06377084    0.00000019    0.12957340
    0.04279413    0.00000004    0.08337500    0.06377081    0.00000007    0.12957340
    0.04279412   -0.00000004    0.08337500    0.06377081   -0.00000005    0.12957340
    0.04279413   -0.00000012    0.08337500    0.06377081   -0.00000018    0.12957340
    0.04279414   -0.00000020    0.08337500    0.06377084   -0.00000030    0.12957340
    0.04279417   -0.00000027    0.08337500    0.06377087   -0.00000041    0.12957340
    0.04279420   -0.00000034    0.08337500    0.06377093   -0.00000052    0.12957340
    0.04279425   -0.00000041    0.08337500    0.06377099   -0.00000063    0.12957340
    0.04279430   -0.00000048    0.08337500    0.06377107   -0.00000072    0.12957340
    0.04279436   -0.00000053    0.08337500    0.06377115   -0.00000080    0.12957340
    0.04279442   -0.00000058    0.08337500    0.06377125   -0.00000088    0.12957340
    0.04279449   -0.00000062    0.08337500    0.06377136   -0.00000093    0.12957340
    0.04279457   -0.00000065    0.08337500    0.06377147   -0.00000098    0.12957340
    0.04279465   -0.00000067    0.08337500    0.06377158   -0.00000101    0.12957340
    0.04279473   -0.00000068    0.08337500    0.06377170   -0.00000103    0.12957340
    0.04279481   -0.00000068    0.08337500    0.06377182   -0.00000103    0.12957340
    0.04279489   -0.00000067    0.08337500    0.06377194   -0.00000101    0.12957340
    0.04279496   -0.00000065    0.08337500    0.06377206   -0.00000098    0.12957340
    0.04279504   -0.00000062    0.08337500    0.06377217   -0.00000093    0.12957340
    0.04279511   -0.00000058    0.08337500    0.06377227   -0.00000088    0.12957340
    0.04279517   -0.00000053    0.08337500    0.06377237   -0.00000080    0.12957340
    0.04279523   -0.00000048    0.08337500    0.06377246   -0.00000072    0.12957340
    0.04279528   -0.00000041    0.08337500    0.06377254   -0.00000063    0.12957340
    0.04279533   -0.00000034    0.08337500    0.06377260   -0.00000052    0.12957340
    0.04279536   -0.00000027    0.08337500    0.06377265   -0.00000041    0.12957340
    0.04279539   -0.00000020    0.08337500    0.06377269   -0.00000030    0.12957340
    0.04279540   -0.00000012    0.08337500    0.06377271   -0.00000018    0.12957340
